total_time_seconds,expression,mse,old_mse,evaluations,dataset,fold,num_observations,num_features,population_size,operator_set,template_depth,iteration,seed,mse_val,var_y_val
3600.0054343268275,'(4.228208065033 + (292.653320312500 * ((exp((((-1.082131981850) * x0) / (13.344596862793 * x2))) * (sin((2.224128723145 * x5)) + (0.288521409035 * x5))) * ((sin(((-0.488331258297) * x5)) - (0.147029548883 * x5)) / (((-0.749750316143) * x3) - (13.090426445007 * x2))))))',7.010542348075368,7.010542392730713,270428673,9,12,384,7,128,paper,4,0,3269070126,2.819607116087605,61.78745562130178
3600.0057682842016,'((-0.750729203224) + (2723.241699218750 * (((0.116486519575 * x5) + sin(((-0.364545851946) * x5))) / ((3.017229557037 * x2) + ((((((0.017491333187 * x4) / ((0.659883558750 * x6) ^ 2)) ^ 2) * (1.070492863655 * x0)) * sqrt(exp(cos((0.998698592186 * x0))))) - (((-2.759909152985) * x5) - (0.157218128443 * x3)))))))',6.714247710315749,6.71424674987793,298126321,9,18,384,7,128,paper,4,0,1934392872,6.1715991574046125,40.97751479289941
3600.005735322833,'(3.344216585159 + (15734.315429687500 * ((((((cos(((-2.282577514648) * x5)) - cos(((-0.361519783735) * x4))) / ((-0.349094599485) * x2)) - (0.014644501731 * x5)) ^ 2) + ((((-1.172851324081) * x0) / (7.996901035309 * x2)) + cos(log((exp(0.385262131691) - cos(((-0.297878026962) * x5))))))) / ((5.699393749237 * x2) - ((-0.300392955542) * x3)))))',6.540723118162535,6.5407233238220215,211146205,9,11,384,7,128,paper,4,0,3160032368,5.316698348580081,37.648639053254435
3600.005620546639,'(1.417533516884 + (2.895149707794 * ((((log((0.297475039959 * x2)) / (-0.296669811010)) - (cos(exp(cos(((-0.628559231758) * x5)))) + ((-0.568249702454) * x5))) ^ 2) / (((-0.467155516148) * (cos(sin((sin((2.320779561996 * x1)) - (2.073337078094 * x1)))) * ((-0.117055825889) * x3))) - (((-0.634072542191) * x5) + (2.611508369446 * x6))))))',6.627722472321434,6.627719879150391,241392941,9,17,384,7,128,paper,4,0,3606691181,5.742352227785972,53.85514792899409
3600.0058619119227,'(156.263916015625 + ((-155.871917724609) * (((0.031398408115 * x5) ^ ((0.114378705621 * x4) - (((-0.110436163843) * x5) + sin((((exp(((1.756481647491 * x6) ^ 2)) + (0.133682638407 * x4)) + (0.114378705621 * x4)) / (-1.598284482956)))))) ^ ((((-0.212191149592) * x5) + cos((((-0.819218397141) * x5) ^ 2))) / (0.318309873343 * x3)))))',7.605234767433221,6.961862087249756,114634322,9,19,384,7,128,paper,4,0,2148995112,3.1093198853820563,35.17100591715976
3600.0059569031,'((-15.292240142822) + (5.253611564636 * ((0.373258650303 * x5) - log(((((0.631068468094 * x3) ^ (0.037473976612 * x5)) / ((0.037473976612 * x5) - sin(cos((0.421536922455 * x5))))) / exp(cos(log(sqrt((sqrt(((0.045867070556 * x0) / (0.373472869396 * x6))) * ((0.634026229382 * x2) - (0.373258650303 * x5))))))))))))',7.12423827080432,7.124240398406982,168907086,9,13,384,7,128,paper,4,0,3081541439,9.214346238292393,39.60248520710059
3600.005229100585,'(7.042554855347 + ((-1.809776782990) * (((((-0.493379861116) * x5) + sqrt((((0.127451181412 * x2) * ((-0.173589587212) * x2)) / ((-3.417912721634) * x6)))) * ((((-0.432382613420) * x5) + (cos((0.587454438210 * x5)) - cos(((-1.425766229630) * x5)))) ^ 2)) / (exp((exp(cos(exp((1.075669288635 * x1)))) ^ 2)) + (1.357200145721 * x3)))))',6.600970982373467,6.600967884063721,266935716,9,9,384,7,128,paper,4,0,2261209995,8.488931178682563,57.220828402366855
3600.006022192538,'(16.423036575317 + (0.001951676793 * ((((-23.397058486938) * x3) - (((((-7.428348541260) * x6) + ((-1.575578451157) * x5)) ^ 2) * ((-0.074392199516) * x5))) / (((sin(((-0.652730524540) * x5)) - ((-1.233491778374) * x2)) + ((-1.151499390602) * x2)) - ((-1.151499390602) * x6)))))',7.02701337781959,7.02700662612915,314961989,9,16,384,7,128,paper,4,0,550243861,8.244897952057583,59.17313609467456
3600.006653446704,'(14.785535812378 + ((-0.016321664676) * (((3.141592741013 * x0) + ((6.069175720215 * x3) - ((0.659352362156 * x5) ^ 2.617647171021))) / ((sqrt((0.990327417850 * x0)) - (exp(((sin((0.291108459234 * x3)) / ((-0.073302447796) * x4)) - sin((1.951874136925 * x5)))) * sin(((-0.610221683979) * x5)))) - ((-0.102932259440) * x2)))))',6.211303307035231,6.211297512054443,148274827,9,21,384,7,128,paper,4,0,784044718,,67.99668639053255
3600.006942451,'((-6.028540134430) + ((-1.983193278313) * (((((-0.318440765142) * x5) / ((0.138669520617 * x2) ^ (((-3.002803087234) * x5) / (0.418803960085 * x3)))) + ((((16.876960754395 * x3) ^ ((0.346156179905 * x1) ^ ((-0.907316505909) * x0))) + sin((0.356804370880 * x5))) ^ 2)) / log(((0.142227724195 * x2) - cos(((-2.280064105988) * x5)))))))',6.617112607073395,6.617112636566162,91214138,9,14,384,7,128,paper,4,0,3376120482,8.084179373308503,52.635621301775146
3600.0066724158823,'(4.488566875458 + (5302.728027343750 * (sqrt(exp(exp(cos(sin(exp((sin(((-0.163340792060) * x5)) - 0.213647723198))))))) / ((2.476006507874 * x2) - ((((-1.135849356651) * x0) - (((-0.858696103096) * x6) / (((exp(((-0.460631906986) * log((0.156843557954 * x2)))) / ((-0.425261497498) * x1)) / cos((0.710888624191 * x5))) ^ 2))) - (0.156843557954 * x3))))))',6.308770660005607,6.308773040771484,216913190,9,15,384,7,128,paper,4,0,2204291346,21.512207109288745,65.60082840236686
3600.0062056072056,'((-1.082550764084) + ((-0.436879038811) * log((((log(((0.707356035709 * x3) / (8.503414154053 * x5))) / 4.075262069702) ^ 2) ^ (sin((0.566268503666 * x5)) - (sqrt((0.644086360931 * x2)) + ((-0.382556319237) * x5)))))))',7.3290182367399614,7.104541778564453,186093432,9,10,384,7,128,paper,4,0,4190266092,15.790818659881648,81.26520710059171
3600.006351042539,'((-31.328632354736) + (3.020610332489 * (((((0.006826657336 * x3) / (((0.116435281932 * x2) - sin((2.926060438156 * x5))) - ((1.336367487907 * x6) - sin(((7.790069580078 * x1) + ((2.135264396667 * x2) ^ 2)))))) + (0.655178904533 * x5)) + ((cos(((-0.542921423912) * x5)) + (cos((0.011703330092 * x3)) ^ 2)) ^ 2)) / log((0.006826657336 * x3)))))',5.970879734671599,5.970823764801025,227909971,9,0,384,7,128,paper,4,0,3324115916,8.619051259365708,44.4359693877551
3600.006584621966,'((-4.009582519531) + (0.129390791059 * sqrt(((((((0.320729672909 * x1) ^ ((-0.661174595356) * x5)) + ((0.206745222211 * x4) + ((-0.812068879604) * x5))) ^ 2) ^ 2) / (((0.087377965450 * x3) + ((sqrt((0.585743308067 * x0)) + (cos(((-1.384124040604) * x5)) - cos((0.545951008797 * x5)))) ^ 2)) + ((-4.295539855957) * x4))))))',6.7839530457490165,6.7839531898498535,189538814,9,20,384,7,128,paper,4,0,1592565386,5.00609122684166,57.465917159763315
3600.0057380497456,'(2.265770196915 + (1196.412231445312 * ((((cos(sin((0.711412310600 * x5))) - ((-0.779342830181) * x0)) * (1.315949201584 / (0.867559492588 * x0))) ^ (0.226995974779 * x5)) / ((0.270162940025 * x3) + (((1.568607687950 * x5) - (((-0.440770328045) * x0) - (1.871604561806 * x2))) + exp((log((0.032611355186 * x1)) ^ 2)))))))',7.21853991655032,7.218545436859131,183409846,9,26,384,7,128,paper,4,0,3533734220,,53.533017751479285
3600.006905350834,'(2.956855297089 + ((-57.356613159180) * ((((sqrt(exp(sin((2.223891496658 * x5)))) - sin(((-0.486752748489) * x5))) + (0.292809039354 * x5)) ^ 2) / (((((1.910150885582 * x0) + ((((-7.256389617920) * x0) / (2.718281745911 * x6)) - (36.251819610596 * x6))) - (36.527954101562 * x6)) - (0.353606522083 * x3)) - (4.200048923492 * x2)))))',6.457328920863681,6.457328796386719,258331817,9,25,384,7,128,paper,4,0,1728356533,7.697430889363229,45.5971597633136
3600.0057309120893,'(1.129543304443 + (15.207739830017 * ((((((-1.043315052986) * x5) ^ 2) * sqrt(sqrt((sqrt((0.707106769085 ^ ((-0.012550748885) * x2))) ^ ((0.693147182465 * x6) * cos(((-1.420694231987) * x5))))))) + (exp(((0.596344709396 * x4) ^ (0.009282827377 * x5))) * (0.693147182465 * x6))) * (((0.009282827377 * x5) ^ ((0.021422998980 * x5) ^ 2)) / ((2.302585124969 * x5) + (0.584830820560 * x3))))))',6.729296151780088,6.729297161102295,93901583,9,8,384,7,128,paper,4,0,404488628,,102.83325443786981
3600.0053383708,'(1.943684935570 + (2359.052490234375 * (cos(log((3.144943237305 - cos(sqrt((1.290760517120 * x5)))))) / ((0.007292027585 * x3) - cos((1.422683358192 * x5))))))',7.780930840882906,7.780924320220947,381448832,9,1,384,7,128,paper,4,0,2811363264,4.774619848739815,43.733112244897946
3600.005362290889,'(0.086987778544 + (7.548962593079 * sqrt((((sqrt(exp(log((((4.925910472870 * x1) / (0.707106769085 * x6)) - ((-2.899654626846) * x6))))) + ((-0.229946553707) * x5)) * ((sin(((-0.527638077736) * x5)) - ((-0.212978646159) * x5)) ^ 2)) / (((0.236899435520 * x3) / (((0.444285035133 * x5) / ((-0.471889883280) * x2)) - cos(sqrt(((0.320998907089 * x1) ^ ((-4.082506656647) * x0)))))) - ((-0.418807715178) * x2))))))',6.679945771813363,6.679944515228272,164372466,9,6,384,7,128,paper,4,0,2995172877,7.036546735955356,60.70882653061225
3600.006137788296,'(7.688433647156 + ((-0.036377169192) * (((53.471782684326 * x3) - (((((2.179819345474 * x3) * ((-2.250679016113) * x4)) / ((-2.554222345352) * x6)) + (((0.921421945095 * x3) ^ 2) / 58.942932128906)) - (((0.870479643345 * x5) - (sin(((-0.654118776321) * x5)) + cos((((-0.115674570203) * x5) * ((-1.803990960121) * x5))))) ^ 3.152106761932))) / (((-0.271668523550) * x3) - (4.868007183075 * x2)))))',6.8069921932011,6.806983947753906,153758782,9,28,384,7,128,paper,4,0,1904449481,1.7652228709097098,39.72082840236687
3600.005986291915,'(5.507245540619 + ((-1.814953446388) * (((((log(cos(((0.832332670689 * x1) ^ 2))) ^ 2) + (0.611369490623 * x5)) / cos((sin((1.082265138626 * x5)) / 2.428892135620))) * (((-0.370702058077) * x5) + sin(((-0.091656155884) * x3)))) / (((((-0.740087568760) * x3) - (3.162373781204 * x2)) + sqrt(exp((0.470278501511 * x4)))) / (((-0.195319250226) * x5) + sin((0.610600054264 * x5)))))))',6.318075339578763,6.318075656890869,186578935,9,5,384,7,128,paper,4,0,369133708,9.426186882017447,41.03678571428571
3600.0063134990637,'(4.328177928925 + ((-192.224731445312) * ((((0.138203278184 * x5) + exp(cos((0.548866569996 * x5)))) ^ ((sqrt(exp((cos(((-1.327203750610) * x1)) / (0.486552149057 * x5)))) ^ 2) ^ 2)) / ((((-6.794974327087) * x2) - (0.707106769085 * x3)) / (sin((2.305518627167 * x5)) + (0.273025631905 * x5))))))',6.153292364541424,6.153295993804932,348443293,9,7,384,7,128,paper,4,0,865305066,,50.27836734693877
3600.007067270577,'(81.316352844238 + ((-78.302536010742) * ((70.466842651367 * x4) ^ (cos(cos((((-0.072045482695) * x5) * ((((0.059566292912 * x1) ^ (cos((1.422552943230 * x1)) / (0.059566292912 * x1))) + sqrt((2.837140083313 * x0))) ^ cos((0.051907800138 * x5)))))) / ((-0.006203053519) * x3)))))',6.90382439682907,6.903823852539063,134721958,9,27,384,7,128,paper,4,0,2342600226,16.28157601430704,129.35147928994084
3600.00643279776,'(1.557326912880 + (644.354919433594 * (((cos(((-0.467120647430) * x5)) - ((exp(cos((0.092238329351 * x5))) ^ 2) / exp(((((-0.076462194324) * x2) * ((-0.076462194324) * x2)) / (0.172397136688 * x0))))) + (0.161139801145 * x5)) / ((0.067807167768 * x3) + (((1.638082623482 * x2) + cos((0.092238329351 * x3))) + ((((-2.712820768356) * x6) + ((-0.284313052893) * x4)) * sin((4.101317882538 * x5))))))))',6.454533934583552,6.454534530639648,199331065,9,4,384,7,128,paper,4,0,3687649985,3.8621709109609568,47.259591836734685
3600.0073436126117,'(9.726373672485 + ((-0.005210618488) * (((((((-11.964140892029) * x6) - (0.745325803757 * x0)) + ((-0.107647158206) * x3)) + (((-0.464235633612) * x5) ^ 2)) / (exp(((2.244566917419 * x2) / ((-0.107647158206) * x3))) / ((((-0.496001452208) * x6) / ((0.350397586823 * x2) ^ (sin(((-0.649126112461) * x5)) + (cos((1.025413274765 * x1)) ^ 2)))) + ((-0.637255907059) * x5)))) / (cos(((-2.328196525574) * x5)) + (0.352704644203 * x2)))))',6.273124838853228,6.27312707901001,156593677,9,22,384,7,128,paper,4,0,3980425317,11.047751366694058,37.42946745562131
3600.0071268305182,'(13.431978225708 + (0.001419400563 * (((0.040401622653 * x3) + ((-2.406871318817) * x5)) * ((log((((5.754988193512 * x2) - exp(((log((8.964544296265 * x6)) * cos((cos((((-0.466160774231) * x0) ^ 2)) ^ 2))) + log(exp(exp(cos((0.628604114056 * x5)))))))) ^ 2)) ^ 2) + ((-3.312943696976) * x5)))))',6.270796776898375,6.270948886871338,202964267,9,29,384,7,128,paper,4,0,1934709049,14.110259032039616,50.51928994082839
3600.0072161257267,'((-9.728694915771) + (437.915649414062 * (((0.510412812233 * x5) * sin((exp(((cos((0.510412812233 * x5)) / (0.344114303589 * x2)) / sin((log(cos(sin((1.417260527611 * x5)))) - (((-0.046720921993) * x4) + 1.297900676727))))) / (((9.804789543152 * x3) ^ 0.591425120831) + (0.825736880302 * x2))))) - ((sin(((-1.279486060143) * x6)) / ((-0.178127884865) * x2)) ^ 2))))',6.327734201941312,6.327732563018799,135702464,9,23,384,7,128,paper,4,0,3356806661,9.210777028032265,61.70863905325443
3600.00669779256,'(0.808805644512 + (19.986598968506 * exp(sin(log(((4.732285022736 * x3) * sin(((cos(sqrt((1.081181883812 * x5))) ^ 2) * sqrt(sqrt(((sqrt((0.292441785336 * (2.182861566544 * x4))) - (-2.455528259277)) ^ 2)))))))))))',7.465974571600253,7.46597146987915,384552954,9,24,384,7,128,paper,4,0,2765379632,3.024394642969396,48.59005917159763
3600.0067341551185,'((-23923.835937500000) + (23925.238281250000 * (cos((0.013706468046 * x5)) ^ ((((-0.008850844577) * x5) - exp(((sqrt(((0.068392962217 * x4) ^ cos((1.432569265366 * x6)))) ^ (0.127719134092 * x4)) * (((-0.010492603295) * x5) - cos(cos((0.670143902302 * x5))))))) / ((((sin(((-0.933249592781) * x0)) * (0.552275657654 * x6)) - (0.109538532794 * x5)) ^ 2) + ((0.206522464752 * x3) + (0.224343404174 * x0)))))))',6.359391104082011,6.35924768447876,101501084,9,2,384,7,128,paper,4,0,1884968544,6.573161974554866,65.46061224489797
3600.0062871985137,'((-8.260986328125) + ((-3.261700391769) * (((0.006682605948 * x3) / exp(exp(exp(cos((((-0.042349196970) * x5) - (((-0.042349196970) * x6) / cos((0.256784498692 * x5))))))))) - ((sin((1.576625704765 * x1)) + (0.192160755396 * x5)) + sin(sqrt(((log((0.401671886444 * x2)) + cos(((0.006682605948 * x3) / (0.046322360635 * x5)))) ^ 2)))))))',6.865320196162597,6.865320205688477,203203368,9,3,384,7,128,paper,4,0,1859786275,9.319500834274455,95.62836734693876
3600.004549924284,'((-825.652893066406) + (112.832633972168 * (((log((0.069980159402 * x3)) + ((0.180850416422 * x5) * 0.434378117323)) / log(log((0.153842210770 * x5)))) / log((log((0.069980159402 * x3)) + ((sin(((-1.400484800339) * x5)) / ((-1.440824151039) * x5)) * (0.793352186680 * x6)))))))',7.567632107214937,7.567607879638672,198206025,9,0,384,7,128,paper,6,0,3324115916,7.100563058148208,44.4359693877551
3600.0046914070845,'(1.583431839943 + (0.107521846890 * ((log((1650.359008789062 * x5)) / log((((11.941410064697 * x5) / (0.181890770793 * x3)) + log(sqrt((((0.043101627380 * x3) ^ (cos(sin((((-1.621113777161) * x6) + (-2.222054481506)))) ^ 1.293707847595)) * ((0.041654501110 * x2) + sin((1645.624633789062 * x5))))))))) ^ (sqrt((1.882012963295 * x5)) / sqrt(sqrt((0.181890770793 * x3)))))))',6.781953457241042,6.782171726226807,106569295,9,2,384,7,128,paper,6,0,1884968544,8.353267121953307,65.46061224489797
3600.004557788372,'((-8.997118949890) + (20.156139373779 * ((((((-2.245814561844) * x2) / sin(((-0.084100246429) * x1))) ^ 0.306487470865) / (0.179549470544 * x0)) ^ (((1.529068827629 * x5) - sqrt((2.208434104919 * x3))) / ((-0.713901638985) * x0)))))',7.875136833445999,7.875133991241455,127491488,9,9,384,7,128,paper,6,0,2261209995,7.065345057239313,57.220828402366855
3600.0045683272183,'(319.659149169922 + (314.178192138672 * cos((sin(((0.008814035915 * x5) ^ cos(sqrt(((((cos((0.215937554836 * x5)) ^ 2) ^ 2) ^ (((((-0.178917795420) * x6) + log((2.367513895035 * x6))) - (0.008814035915 * x5)) * (((1.231393933296 * x4) / (0.008814035915 * x0)) ^ cos(((-0.218168467283) * x4))))) + log((3.299370527267 * x2))))))) * sqrt(log((1.204130291939 * x3)))))))',6.251266705367716,6.251247406005859,136922512,9,4,384,7,128,paper,6,0,3687649985,5.2706961932766125,47.259591836734685
3600.004410505295,'(10.593512535095 + (0.000127372012 * (((cos((0.056000839919 * x4)) ^ ((-0.005165502429) * x5)) * ((((0.707106769085 * x3) * (sin(((-0.654501318932) * x5)) + (0.047229409218 * x2))) ^ (-0.214852407575)) * ((((cos((0.043542221189 * x2)) + (0.093751169741 * x5)) ^ 2) + ((-2.299049377441) * x5)) + ((-4.555651187897) * x6)))) * ((((0.093751169741 * x3) + ((-8.468194007874) * x5)) + (8.311598777771 * x4)) * (sin(((-8.468194007874) * x5)) - ((-0.218096405268) * x5))))))',6.563188679335809,6.563190460205078,86462851,9,12,384,7,128,paper,6,0,3269070126,3.5577061653060174,61.78745562130178
3600.00535710156,'((-8.394116401672) + (21.586284637451 * (exp(sqrt((0.114232137799 * x5))) / ((((((0.707106769085 * x1) ^ cos(((-0.484364271164) * x1))) ^ (4.598752021790 * x1)) - exp(sin(exp(cos(((-0.377733141184) * x5)))))) + sin(exp(sin((((0.114232137799 * x5) / (0.265851080418 * x6)) - (3.141021728516 * x5)))))) + (sqrt((0.039037387818 * x3)) + sqrt((0.093371175230 * x0)))))))',6.515060879449817,6.515060901641846,106754782,9,8,384,7,128,paper,6,0,404488628,6.869585265158639,102.83325443786981
3600.004008084536,'((-9.526852607727) + (0.005314650945 * ((((1.470489859581 * x4) / cos((0.373595505953 * x5))) / exp(cos((1.217075824738 * x0)))) - (((((-127.917907714844) * x5) - (145.996414184570 * x6)) - ((-1.169232249260) * x3)) - ((0.448496401310 * x0) / log((cos(((sin(((-0.316651135683) * x1)) / 0.250547081232) + 0.239688962698)) ^ 2)))))))',7.3824232801989025,7.382421016693115,182013112,9,15,384,7,128,paper,6,0,2204291346,29.079517132111338,65.60082840236686
3600.0052886232734,'((-4.971872329712) + ((-15.121747970581) * ((cos((((-1.318391561508) * x5) ^ 2)) - ((cos((sin(((-0.184509381652) * x5)) / (0.065588235855 * x5))) * (0.067249730229 * x5)) ^ 2)) / ((sqrt((0.318309873343 * x2)) + ((-1.680768847466) - (0.243080273271 * x6))) + (sqrt((0.054985560477 * x3)) + ((cos(log(((0.447744905949 * x0) ^ 2))) ^ 2) - (sqrt(sqrt(((0.067249730229 * x5) / cos((sin((2.258154153824 * x2)) ^ 2))))) ^ 2)))))))',6.058054971609607,6.057887554168701,156683694,9,10,384,7,128,paper,6,0,4190266092,12.483877024203137,81.26520710059171
3600.005140274763,'(12.741319656372 + ((-0.000000353862) * (((cos((4.817356109619 * x5)) - ((-5.776513576508) + (0.202170580626 * x5))) * (((cos((0.304536759853 * x4)) / (log(0.462509602308) + (0.693147182465 * x6))) + (0.802540481091 * x5)) * ((0.069368243217 * x3) - (4.530260562897 * x5)))) * ((((0.069368243217 * x3) - (5.623840808868 * x5)) - ((11.574238777161 * x4) - (0.786556303501 * x2))) - ((((exp(cos(((6.283185482025 * x5) / (-5.701477050781)))) ^ 2) * ((((cos((5.646641731262 * x0)) + 0.128392294049) - cos((1.036662220955 * x6))) * sin((((((-0.025451557711) * x5) - ((-0.346380054951) * x2)) / 0.684589326382) * (((-0.755111038685) * x4) ^ 2)))) / 0.128392294049)) - (7.121186733246 * x1)) * cos((2.000430107117 * x5)))))))',5.557285303431018,5.557262420654297,125129022,9,16,384,7,128,paper,6,0,550243861,6.423756361149045,59.17313609467456
3600.004505634308,'(10.408163070679 + (82.867118835449 * exp(((((log(cos(((0.318309873343 * x1) ^ ((-0.789171755314) * x6)))) / (((0.215272679925 * x6) / (cos(((-0.704884111881) * x2)) + ((6.028422355652 * x6) + ((-0.528183877468) * x4)))) ^ 2)) - (2.600760698318 * x2)) - ((-0.618582725525) * ((-0.525713801384) * x3))) / (((0.427461892366 * x5) - 7.350030422211) ^ 2)))))',7.164836527909795,7.164835453033447,183923371,9,5,384,7,128,paper,6,0,369133708,11.695819183399598,41.03678571428571
3600.0047719180584,'(12.851188659668 + (0.000002907279 * (((((0.473526686430 * x3) - (9.272351264954 * x2)) ^ (cos(cos((6.500215530396 * x5))) ^ (1.053658962250 * x2))) - (((0.146204039454 * x3) - (4.050660133362 * x5)) - ((8.056526184082 * x5) - (0.865631043911 * x2)))) * ((((0.146204039454 * x3) - (4.050660133362 * x5)) - ((9.204869270325 * x5) - (1.219340562820 * x2))) * (cos((4.691535949707 * x3)) - ((8.206491470337 * x5) - (7.986074447632 * x5)))))))',,6.701644420623779,73025906,9,6,384,7,128,paper,6,0,2995172877,7.649781786014268,60.70882653061225
3600.0051327757537,'(61.190773010254 + ((-48.734504699707) * (((sqrt((0.234248235822 * x3)) / (((-0.081951797009) * x5) ^ 2)) ^ (((sqrt(exp((cos(sin(sin((cos(((-0.892548561096) * x5)) + ((-0.229789555073) * x5))))) * sin(exp(sin(((0.873095870018 * x2) / ((-0.259099841118) * x0)))))))) - 0.769659519196) / (0.632001399994 * x2)) * (((-0.081951797009) * x5) ^ 2))) ^ 2)))',6.481427666894284,6.481426239013672,130014401,9,14,384,7,128,paper,6,0,3376120482,9.154193664395091,52.635621301775146
3600.005022354424,'((-1861.903198242188) + (1865.962768554688 * (((0.063498646021 * x5) * ((0.099129922688 * x5) / (sin(((-0.569077670574) * x5)) - ((-0.235013738275) * x5)))) ^ ((sin((2.223646879196 * x5)) - ((-0.289681762457) * x5)) / ((1.248407125473 * x0) + ((3.913791418076 * x2) + (0.353619694710 * x3)))))))',6.966908367770564,6.966875076293945,147918913,9,1,384,7,128,paper,6,0,2811363264,3.802101929622269,43.733112244897946
3600.004519227892,'((-43.149562835693) + (6.222627639771 * (((((2.466182470322 * x5) + ((-3.351077556610) * x5)) * ((sin(((-1.359623670578) * x5)) * (3.475545406342 * x6)) + ((-3.349027872086) * x5))) + (((7.722907543182 * x4) * ((-0.921034395695) * x2)) + ((107.513252258301 * x2) + (107.475051879883 * x2)))) / ((((8.813030242920 * x4) / (1.825932145119 * x6)) + ((0.750387191772 * x4) * ((-0.921034395695) * x2))) + ((0.220768377185 * x3) + ((10.078500747681 * x5) + (22.298940658569 * x2)))))))',6.974564775756978,6.97456169128418,157425555,9,11,384,7,128,paper,6,0,3160032368,3.3413131771906888,37.648639053254435
3600.0054407939315,'(5.283296585083 + (1.631076097488 * (((1.056656837463 * x5) / ((7.458140850067 * x3) / ((0.693147182465 * x5) ^ 2))) - (((((((sqrt(sin(((sin(sin((0.048886775970 * x5))) ^ 2) ^ ((exp(((1.056656837463 * x5) / (0.537433743477 * x0))) ^ ((1.507048606873 * x0) * log(0.627580344677))) ^ ((exp(((((-0.619680106640) / ((-0.028504153714) * x4)) ^ 2) * (((-0.625502407551) * x6) + ((0.537433743477 * x0) / ((-1.000559568405) * x6))))) ^ 2) ^ 2))))) * ((-0.028504153714) * x4)) / ((0.989095628262 * x6) + ((-0.350237339735) * x1))) - (0.627580344677 / ((-0.028504153714) * x4))) - sqrt(log((0.537433743477 * x0)))) ^ 2) * sin(((-0.565069496632) * x5))) + ((((-0.378380626440) * x6) * sin((1.358182072639 * x5))) - sin(((-2.550848245621) * x1)))))))',6.133191691661949,6.0091986656188965,157152855,9,3,384,7,128,paper,6,0,1859786275,6.102549943167895,95.62836734693876
3600.0056219287217,'(12.359291076660 + (0.000014308000 * ((((((-0.012656964362) * x3) + (0.882475018501 * x5)) + exp((exp(sin(((0.441458433867 * x6) - sin(((3.602849483490 * x2) ^ 2))))) * cos((0.709988236427 * x5))))) * ((((-0.012656964362) * x3) + (2.520836830139 * x5)) + (((-0.012673805468) * x3) / (0.649152040482 * x6)))) * ((((2.976861953735 * x0) + ((-256.939666748047) * x6)) / (1.354779243469 * x4)) + ((((-1.035944581032) * x2) + ((-5.286637306213) * x6)) + (3.896861314774 * x5))))))',5.5834235935510605,5.582672595977783,138450401,9,7,384,7,128,paper,6,0,865305066,,50.27836734693877
3600.0056299455464,'(14.625372886658 + ((-0.246639341116) * (((sqrt((1.506920337677 * x3)) - (5.188297748566 * x6)) - (((0.071833252907 * x4) / (((sin(0.431699931622) - sqrt((0.549923181534 * x1))) ^ 2) + cos((0.278312921524 * x4)))) + (0.431699931622 * (2.287589311600 * x5)))) / ((((14.826803207397 * x6) - ((-0.364294826984) * x5)) + ((sin((0.533538579941 * x5)) * (((0.280404686928 * x4) * cos(sin((((0.549923181534 * x1) * (1.411762714386 * x4)) + ((-0.654982864857) * x5))))) ^ 2)) - ((-0.717662513256) * x2))) / ((((((-0.452560633421) * x5) + cos((((-0.193336948752) * x5) + ((-0.335151851177) * x3)))) + cos((0.363227188587 * x5))) - ((-0.654982864857) * x5)) * (sin((4.099237918854 * x5)) - ((-0.185409933329) * x5)))))))',5.333756934917093,5.333759307861328,105635639,9,17,384,7,128,paper,6,0,3606691181,4.707147432191577,53.85514792899409
3600.005030997097,'(11.652634620667 + (0.000000537500 * ((((((-1.219479918480) * x5) ^ 2) + ((4.646577358246 * x2) / (-0.261422514915))) ^ 2) ^ (sin(((-2.745171308517) * 1.701009631157)) ^ (((-0.002558678389) * x3) ^ 2)))))',8.02496963320261,8.024969100952148,129339388,9,13,384,7,128,paper,6,0,3081541439,9.620399169849666,39.60248520710059
3600.005518849939,'(1.200632095337 + (42.739295959473 * (((((0.376011461020 * x5) - (((0.808780252934 * x5) + (42.383018493652 - (0.060161478817 * x3))) / (sin(((-1.256780147552) * x6)) ^ 2))) / ((1.212029099464 * x5) - (2.409727096558 * x2))) - (((1.595390200615 * x5) ^ 2) / (0.456280142069 * x3))) / (((3.141592741013 / cos((1.005413413048 / ((cos(0.693147182465) ^ 2) ^ exp((sin(((-0.447516977787) * x5)) / (1.212029099464 * x5))))))) - cos((2.165108203888 * x5))) - ((((3.141592741013 * x1) / (((-0.423546284437) / (-0.019824616611)) - (0.434294492006 * x4))) ^ (((-1.256780147552) * x6) / ((-0.423546284437) ^ 2))) / (2.753602743149 * x3))))))',5.890437286347463,5.890440464019775,113104152,9,18,384,7,128,paper,6,0,1934392872,5.520483125567629,40.97751479289941
3600.005214169621,'((-3040.754638671875) + (10097.733398437500 * ((((sin(((-1.061965703964) * x1)) - ((-0.591567456722) * x5)) - ((-0.353052198887) * x3)) - cos((log(((sin((1.948429107666 * x2)) / (-0.332138597965)) - ((-0.658199489117) * x4))) - ((-0.397084087133) * x5)))) / (((sqrt((0.482371121645 * x2)) - ((-1.169771194458) * x3)) + cos(((-2.241700410843) * x5))) + ((((-0.829083204269) * x1) - ((-1.109767556190) * x5)) - ((-0.591567456722) * x5))))))',6.7137616960539255,6.713584899902344,157657420,9,19,384,7,128,paper,6,0,2148995112,2.0394014186179747,35.17100591715976
3600.0051529295743,'((-41.235984802246) + (51.088283538818 * ((((sqrt(exp((((-0.641606926918) * x0) + (0.474727421999 * x2)))) - ((-0.003197479760) * x0)) + exp(((log((cos(((-0.294928729534) * x5)) ^ 2)) / (0.046481560916 * x2)) + ((-0.005674332380) * x5)))) ^ ((-0.005185157061) * x4)) / (log((((-0.003365938785) * x5) - (-0.683533728123))) + log(log((0.063311316073 * x3)))))))',6.5206269844662055,6.5206298828125,104094866,9,25,384,7,128,paper,6,0,1728356533,6.17431878392857,45.5971597633136
3600.0045972019434,'(1.898763895035 + ((-12199.479492187500) * (exp(((-0.173637121916) * cos(((-0.345143735409) * x5)))) / ((((((0.791551649570 * x5) - ((cos(cos(((-4.158055305481) * x3))) + (-0.601384639740)) / cos(log((1.385284662247 * x5))))) * cos(sin((((-1.109445810318) * x5) * cos(((-0.426774501801) * x4)))))) + ((6.453434467316 * x6) / sin((5.308075904846 * x1)))) + (((sin((((0.791551649570 * x5) - (0.693147182465 * x3)) ^ 2)) + (0.082282550633 * x2)) / (-0.103974558413)) - (cos((0.238122537732 * x0)) / cos(((-4.158055305481) * x2))))) + ((((-0.123474389315) * x3) + ((-1.483097672462) * x5)) + (((-7.317822456360) * x6) + ((-0.493055701256) * x0)))))))',4.718749815863216,4.711144924163818,128602449,9,21,384,7,128,paper,6,0,784044718,,67.99668639053255
3600.005638666451,'(4.055690765381 + (0.008681153879 * (((((3.491829872131 * x0) / (0.284969836473 * x2)) - (2.290680646896 * x5)) * ((1.414213538170 * x5) * ((2.387687206268 * x5) / ((-0.591730296612) * x3)))) + ((2.542300701141 * x4) * (((6.966680526733 * x5) / (0.977328717709 * x2)) * (((cos((((4.925599098206 * x5) - ((sqrt(log((2.542300701141 * x0))) ^ 1.137339711189) + sin(exp(cos(((-2.454626560211) * x5)))))) ^ 2)) ^ 2) ^ 2) + sqrt(exp(sin(((-0.608640730381) * x5))))))))))',6.564669339941093,6.573734283447266,66012170,9,20,384,7,128,paper,6,0,1592565386,6.312937775864911,57.465917159763315
3600.0051763504744,'(123.458480834961 + ((-128.726730346680) * (log(((((-1.127691745758) * x5) + ((-1.516481041908) * x4)) + ((10.083789825439 ^ 2) + (0.023104328662 * x3)))) / log((((2.477913141251 * x5) + ((-5.033840656281) * x4)) + (0.024297244847 * x3))))))',8.262688254319311,8.262687683105469,263398711,9,26,384,7,128,paper,6,0,3533734220,5.476619943344948,53.533017751479285
3600.004329048097,'(7.151328086853 + (0.002750920597 * (((((0.683198750019 * x5) ^ 2) + ((3.714611053467 * x4) ^ 2)) * (((9.534051895142 * x2) + ((1.030874490738 * x3) - ((1.744146704674 * x5) ^ 2))) / ((-1.858597517014) * x4))) / (((0.376508355141 * x2) + (((0.413088887930 * x3) - sqrt(((1.414213538170 * x6) * ((0.818183720112 * x0) * (1.516551852226 * x0))))) - (0.249440521002 * x3))) + (((1.516551852226 * x0) + log((((((exp((sin((0.693147182465 * x2)) / (0.369838714600 * x3))) ^ (-1.592844486237)) + sin(sqrt((((0.683198750019 * x5) - (0.693147182465 * (-0.550426423550))) ^ 2)))) ^ 2) ^ 2) ^ 2))) + ((3.311252355576 * x6) ^ 2))))))',6.414065392875243,6.4227728843688965,101350567,9,23,384,7,128,paper,6,0,3356806661,10.306822766374422,61.70863905325443
3600.0055209435523,'(24.519849777222 + (0.027448099107 * ((((((-4.909403800964) * x5) / sin((cos((sin(log(((((-0.500471174717) * x6) / (0.763984620571 * x3)) * (((-0.851145207882) * x2) + ((-0.246241867542) * x5))))) ^ 2)) ^ 2))) + (((-8.740432739258) * x5) + (20.969293594360 * x6))) + (((0.763984620571 * x3) / (2.335974931717 * x2)) * (0.433995008469 * x5))) - (((((-2.745921850204) * x5) / (4.048668861389 * x3)) * ((-2.745921850204) * x5)) * (sqrt((sqrt(sin(cos(sqrt(((4.363029479980 * x3) ^ ((sin(((-0.236004516482) * x5)) ^ 2) / (0.266335904598 * x2))))))) * sqrt(1.546023249626))) * ((-2.752161502838) * x5))))))',7.060826844863932,7.060826778411865,125402418,9,24,384,7,128,paper,6,0,2765379632,,48.59005917159763
3600.0054089166224,'((-2.058452844620) + (12974996.000000000000 * (((((-39.339340209961) * x4) / (0.143193349242 * x3)) - ((((-9.034394264221) * x4) / (0.853493869305 * x2)) - log(((5.833116054535 * x2) + (((((-25.296030044556) * x4) - ((2.199991703033 * x0) - (0.533551037312 * x3))) - (cos((2.202241182327 * x5)) * ((-10.029298782349) * x4))) - (0.143193349242 * x3)))))) * ((1550.155761718750 * x3) ^ sin(log((1.694154024124 * x5)))))))',6.562469567365717,6.562473297119141,130308621,9,27,384,7,128,paper,6,0,2342600226,,129.35147928994084
3600.005030274391,'(13.215354919434 + (0.012427894399 * (((sqrt((0.433916091919 * x3)) - ((0.590195298195 * x5) - cos((0.670557141304 * x5)))) - ((cos((1.435686588287 * x2)) - (sin(((-1.786673665047) * x2)) / ((-0.012446438894) * x2))) - ((-0.974119007587) * x6))) * ((0.434294492006 * x2) - ((1.476418733597 * x5) - exp((exp((cos(((-0.070452652872) * x2)) - ((-0.001502834260) * x2))) * cos((2.409385442734 * x5)))))))))',6.116443428599438,6.116443634033203,175190757,9,29,384,7,128,paper,6,0,1934709049,10.637303367270725,50.51928994082839
3600.00527016446,'(94.143600463867 + (83.925506591797 * sin(log((((0.929141044617 * x3) / (sin(((-1.363638997078) * x5)) + (cos((log(sqrt((exp((exp(sin(((1.448915123940 * x5) ^ 2))) ^ 2)) ^ cos(sin(((-1.188755869865) * x5)))))) ^ (1.957119226456 ^ 2))) + (((-0.903932511806) * x5) - ((-0.060388065875) * x2))))) / (((-0.076659344137) * x3) + ((-1.769277334213) * x5)))))))',7.289886279715248,7.2911696434021,151892464,9,28,384,7,128,paper,6,0,1904449481,3.109339083428135,39.72082840236687
3600.005256991833,'((-91.543045043945) + (9.614894866943 * (((((2.302585124969 * x2) + ((cos(sqrt((sin(log(sqrt(sin((((1.386787772179 / ((exp(((-0.001949109137) * x3)) - cos(cos((-0.768380224705)))) * (0.583102583885 * x1))) ^ 2) ^ (1.772453904152 + 2.198144435883)))))) ^ 2))) * ((-2.704450845718) * x5)) + (6.275217056274 * x6))) + ((0.318309873343 * x3) + (2.302585124969 * x2))) + (((-0.269867748022) * x5) ^ 2)) / (exp(sin(((-0.484651625156) * x5))) + (((0.434294492006 * x2) + (0.032878328115 * x3)) + sin(((-1.361995697021) * x5)))))))',6.405960192103076,6.405958652496338,174226687,9,22,384,7,128,paper,6,0,3980425317,10.064637194166117,37.42946745562131
3600.005042608828,'((-0.704825282097) + (89137.578125000000 * ((exp(((1.251189827919 * x5) / ((exp(exp(exp((((0.060095727444 * x4) / ((((-0.018004179001) * x5) ^ 2) + ((-1.211515426636) * x6))) / (3.752629518509 * x2))))) ^ 2) / ((-0.018004179001) * x5)))) ^ ((-0.018004179001) * x5)) / ((((log((15.796723365784 * x2)) ^ 2) ^ 2) - ((9.428643226624 * x2) ^ cos((0.709258317947 * x5)))) + (1.992961764336 * x3)))))',6.42686778631353,6.426869869232178,101077136,9,0,384,7,256,paper,4,0,3324115916,7.942235672649418,44.4359693877551
3600.0049197226763,'(12.556716918945 + ((-0.014168159105) * (((((((sin((2.225135803223 * x5)) - (((0.131264537573 * x6) ^ cos((0.145061314106 * x4))) - cos(((-1.339919328690) * x5)))) - sin((0.607347905636 * x5))) + (1.167316317558 * x5)) ^ 2) + ((-1.481371998787) * x3)) * ((sin(((-1.645142078400) * x4)) - ((-1.033902168274) * x4)) - ((-0.606387019157) * x5))) / ((((-1.141996860504) * x5) - (6.477558135986 * x1)) + ((-1.534680604935) * x2)))))',6.231346050407254,6.231346130371094,161601412,9,3,384,7,256,paper,4,0,1859786275,4.007514622203863,95.62836734693876
3600.005226474256,'(5.360682964325 + (0.322804391384 * (((cos((cos(((-0.823269069195) * x0)) + ((-2.364731311798) * x3))) - ((((-0.362377673388) * x5) + log((cos((((-0.412541359663) * x4) / (0.663646996021 * x5))) + cos((0.669890642166 * x5))))) - (0.547710597515 * x6))) / ((0.599501609802 * x2) + (0.081035353243 * x3))) * (((0.297754108906 * x5) + sin(((-2.552668094635) * x1))) ^ 2))))',6.170520621963829,6.170535564422607,196475860,9,2,384,7,256,paper,4,0,1884968544,5.2542968324007875,65.46061224489797
3600.006052158773,'(2.823987483978 + ((-108.975547790527) * (exp(((0.042990602553 * x5) + (cos((1.379927396774 * x5)) * ((-0.025854155421) * x6)))) / (((sin((1.314357995987 * x6)) ^ 2) ^ (exp(cos(sin((cos((sqrt((sin(cos((0.744641184807 * x5))) - ((-2.030580520630) * x2))) ^ 2)) ^ 2)))) + (((0.284372568130 * x4) ^ 2) / ((-0.395509272814) * x4)))) + ((-0.052545659244) * x3)))))',6.543709896662095,6.543716430664063,158462200,9,1,384,7,256,paper,4,0,2811363264,4.59170996186353,43.733112244897946
3600.004366375506,'(3.895374059677 + (2259.083007812500 * ((((-0.100638881326) * x5) - sin(((-0.365499675274) * x5))) / ((((-2.570484399796) * x2) + (((0.132672801614 * x3) - ((-0.508180618286) * x0)) * (-1.414866328239))) / sqrt(sqrt((cos(sin((((2.556835651398 * x3) ^ 2) ^ cos(((-2.304312705994) * x2))))) ^ sin(((-2.306630849838) * x5)))))))))',6.644068765992993,6.501115322113037,127192833,9,6,384,7,256,paper,4,0,2995172877,6.914895180712306,60.70882653061225
3600.0048575364053,'((-0.494405061007) + (2198.362060546875 * ((exp(sin((0.408959060907 * x5))) - ((-0.108693167567) * x5)) / (((4.789717674255 * x4) - (((((0.511642575264 * x4) - (1.425314545631 / cos(((0.899757206440 * x6) + 0.588311076164)))) ^ 2) - (((1.723407626152 * x2) - ((-0.573689699173) * x0)) - exp(exp(sin(((-0.291041225195) * x3)))))) - (2.470143318176 * x5))) - ((-0.162649065256) * x3)))))',6.50561657685279,6.505617141723633,248832742,9,4,384,7,256,paper,4,0,3687649985,3.636733527901896,47.259591836734685
3600.005671545863,'(15.899978637695 + ((-0.012816819362) * (((3.753928661346 * x3) - ((((-1.686009645462) * x5) + ((4.618906021118 ^ sin((2.347853183746 * x5))) + (4.673028945923 / (((-1.189998388290) * x6) ^ 2)))) ^ 2)) / (sin((0.610933959484 * x5)) + sqrt(exp((cos(exp((1.203946828842 * x1))) + log((1.376237273216 * x2)))))))))',6.00632825467017,6.006336212158203,266840886,9,10,384,7,256,paper,4,0,4190266092,10.517063783021886,81.26520710059171
3600.005468055606,'((-4.114154815674) + ((-4210.770996093750) * ((cos(sqrt(exp((1.017466664314 * x5)))) + exp((0.036287587136 * x5))) / (((-7.812483310699) * x5) - (((0.435304611921 * x3) + sqrt(((0.668630778790 * x6) ^ (((0.037893582135 * x0) * cos(((-6.913452625275) * x1))) + ((-1.125636219978) * x4))))) - ((-5.832502841949) * x2))))))',8.990619956260227,6.277587890625,293356670,9,13,384,7,256,paper,4,0,3081541439,9.72748505306278,39.60248520710059
3600.0051685087383,'((-1.788290977478) + (35.500057220459 * (((((1.702863216400 * x6) ^ cos((1.339368820190 * x5))) + (0.488479971886 * x5)) / ((0.217151492834 * x3) + ((log(((((0.270880222321 * x0) - ((-0.712247729301) * x2)) ^ 2) ^ 2)) ^ 2.093272209167) - ((-0.933536112309) * x2)))) * ((0.277481853962 * x5) + cos(((-0.546143949032) * x5))))))',6.631213524927952,6.631211757659912,128493308,9,9,384,7,256,paper,4,0,2261209995,5.042460105201167,57.220828402366855
3600.004806347192,'(11.251519203186 + (0.763390123844 * ((((1.292982101440 * x5) ^ 2) + (((2.802681922913 * x3) / ((-1.881781816483) * x6)) - (34.056606292725 * x4))) * (((0.224902346730 * x5) - cos((4.691410541534 * x3))) / ((1.414213538170 * x3) - ((6.589516162872 * x2) * ((cos(((-49.634796142578) * x5)) - (sin(((0.318309873343 * x6) * (0.214490413666 * x4))) + (sin((1.102146983147 * x5)) ^ 2))) - (1.854104995728 * x6))))))))',6.161911642884982,6.161891937255859,261192937,9,11,384,7,256,paper,4,0,3160032368,4.358364836634542,37.648639053254435
3600.005478974432,'(7.597404479980 + (106.301422119141 * ((sin((0.489666342735 * x5)) + (0.109932191670 * x5)) / (cos(cos(((-0.654958784580) * x1))) * (((((1.160180926323 * x6) + sqrt((0.282786130905 * x3))) + (cos(((-0.197023317218) * x4)) * ((-0.186624318361) * x4))) ^ 2) / (((0.158322528005 * x5) + ((0.407691210508 * x1) + (1.626987457275 * x6))) - (0.039405200630 * x2)))))))',5.955550197523716,5.955550670623779,246139278,9,15,384,7,256,paper,4,0,2204291346,19.553781347966336,65.60082840236686
3600.00510757044,'(7.949301719666 + ((-1.928646802902) * ((((sin((((1.494444847107 + sin(((-0.643084883690) * x2))) + log((1.559227228165 * x6))) ^ (cos(((-1.100436687469) * x5)) * 1.294716238976))) - sqrt(((((-0.288075387478) * x5) ^ 2) - (1.145736932755 * x2)))) ^ 2) / ((-0.015893116593) * x3)) - cos(((-0.464897215366) * x5)))))',6.683346396225887,6.683346271514893,210480758,9,12,384,7,256,paper,4,0,3269070126,2.612550462929671,61.78745562130178
3600.004873625934,'(2.821782588959 + (4.154190063477 * (((((0.320148825645 * x5) + (0.361752629280 * x6)) + (sin((sin(((0.756323218346 * x3) ^ 2)) - (((-1.012961626053) * x6) ^ 2))) + sin((4.327857494354 * x2)))) * ((sin((0.487155735493 * x5)) * ((0.956191122532 * x4) + (sin((3.012785673141 * x2)) / cos((2.179790258408 * x5))))) + (2.983003139496 * x5))) / ((2.827861309052 * x2) + (0.318309873343 * x3)))))',5.803734327426443,5.77629280090332,172699983,9,8,384,7,256,paper,4,0,404488628,,102.83325443786981
3600.006039295345,'(8.915399551392 + (0.000000387134 * sqrt((((((((cos(sin(((-0.204387784004) * x5))) ^ ((((-0.839456558228) * x6) * sin(((-0.691939234734) * x5))) ^ 2)) * ((0.233420908451 * x2) ^ 1.245281338692)) + (((-5.577388763428) * x5) + ((0.874672889709 * x6) ^ ((-1.195138096809) * x4)))) ^ 2) ^ 2) / ((0.171520382166 * x3) - ((-44.447109222412) * x6))) ^ 2))))',6.167029422662697,6.167030334472656,135454074,9,16,384,7,256,paper,4,0,550243861,4.249358595689758,59.17313609467456
3600.005819004029,'(5.127322673798 + (0.033934980631 * ((((sin((1.487762093544 * x5)) + ((-0.397328674793) * x5)) * (((-0.318143606186) * x5) - (cos((0.224307566881 * x4)) - sin((((((-0.975067794323) * x6) - ((-0.398713499308) * x5)) ^ 2) / exp(((sqrt((1.943536043167 / (0.287032246590 * x1))) + cos(((-0.167435571551) * x4))) / ((-3.276570320129) * x0)))))))) ^ 2) / ((0.287823289633 * x3) - ((-0.966864466667) * x0)))))',6.529558971386368,6.529576778411865,194732305,9,5,384,7,256,paper,4,0,369133708,7.106711970955436,41.03678571428571
3600.004565142095,'(874.738037109375 + ((-869.092773437500) * (((log(exp(((0.134331792593 * x5) - (0.514887392521 * x4)))) + (exp(((-0.443978935480) + (0.064368396997 * x4))) ^ 2)) ^ (cos((0.631779491901 * x5)) - ((-0.158805787563) * x5))) ^ (((cos((((-0.523345112801) * x0) / (0.061688352376 * x2))) + (sin((((-1.509799242020) * x5) ^ 2)) + ((-0.320555925369) * x5))) + (0.052479051054 * x2)) / (7.032888889313 * x3)))))',6.593662749870917,6.593613147735596,94995183,9,19,384,7,256,paper,4,0,2148995112,2.754560761048822,35.17100591715976
3600.005989693105,'((-2.597378969193) + ((-3476.843505859375) * (exp((0.036877896637 * x5)) / (((((-0.542369008064) * x3) - (3.949301242828 * x2)) + ((((2.159264802933 * x5) / ((-0.380246251822) * x6)) - ((-0.246637478471) * x3)) ^ sin((((-0.700057268143) * x5) ^ 2)))) - (((log(((0.517370223999 * x6) ^ (2.435196876526 * x4))) / (((0.621281683445 * x1) ^ 2) - (0.036877896637 * x5))) ^ 2) - ((-5.092014312744) * x5))))))',5.966708820646868,5.966760635375977,155064444,9,14,384,7,256,paper,4,0,3376120482,9.343144758863023,52.635621301775146
3600.004505518824,'(823.844482421875 + ((-818.968322753906) * ((0.028024103492 * x5) ^ (((cos((0.549317359924 * x5)) - ((-0.140428930521) * x5)) + cos((((-3.364284753799) * x1) / ((-0.039501216263) * x6)))) / (((-0.992627322674) * x2) - (0.097746238112 * x3))))))',6.859759106318847,6.859762191772461,188506052,9,20,384,7,256,paper,4,0,1592565386,6.450080841679758,57.465917159763315
3600.0055232681334,'(4.062797069550 + (0.307599425316 * (((((0.324240475893 * x5) ^ 2) - (0.364222884178 * x0)) + (((0.897103548050 * x1) / (0.026735870168 - cos((0.509583175182 * x1)))) + (16.308221817017 * x6))) * (((0.026735870168 ^ sin((0.689901351929 * x5))) + (2.997880220413 * x5)) / ((0.564730107784 * x3) + ((3.614986181259 * x5) + (3.964911937714 * x2)))))))',6.423251019736957,6.423250675201416,147857525,9,23,384,7,256,paper,4,0,3356806661,8.41976544878914,61.70863905325443
3600.005982283503,'(1.856248021126 + ((-4.859151840210) * (((((-0.396047681570) * x5) - (sin((0.566803455353 * x5)) - cos((1.414213538170 * x6)))) ^ 2) / (sqrt((((((-5.271411418915) * x2) - (((sin(((-7.141829967499) * x2)) * (0.131143108010 * x5)) ^ 2) - ((-0.473152428865) * x3))) - (0.707106769085 * x5)) ^ 2)) / (((0.096787311137 * x4) ^ cos((2.161762475967 * x5))) - ((2.718281745911 * x5) ^ 0.434294492006))))))',6.036489213075149,6.036485195159912,116763922,9,7,384,7,256,paper,4,0,865305066,,50.27836734693877
3600.006207242608,'(4.992774486542 + ((-2219.339599609375) * (((1.556059122086 * x5) ^ (0.017607247457 * x5)) / ((cos((((0.017607247457 * x4) ^ (exp((0.850648760796 * x6)) + (0.017974255607 * x4))) * log((((((0.038275066763 * x1) * (0.183546274900 * x3)) + (0.038275066763 * x0)) - (0.710516989231 * x2)) ^ 2)))) - (0.017607247457 * x5)) * (((5.265601158142 * x5) + (0.183546274900 * x3)) * ((1.151483058929 * x2) + (1.563176631927 * x5)))))))',6.928251481478655,6.928253173828125,106269074,9,17,384,7,256,paper,4,0,3606691181,12.544473242033376,53.85514792899409
3600.0056278929114,'(3.324736356735 + ((-1053.723876953125) * (((cos((0.016771465540 * x5)) ^ cos((0.300345122814 * x5))) + ((-0.174926489592) * x5)) / (((1.574278593063 * x2) - ((0.562635064125 * x0) / (exp((cos(2.423937559128) / (((1.414213538170 * x6) / (-0.540113151073)) + log((2.667020320892 * x2))))) - (3.172055244446 * x6)))) + (0.158621281385 * x3)))))',6.7092711070261375,6.709270477294922,149461337,9,26,384,7,256,paper,4,0,3533734220,,53.533017751479285
3600.0056469962,'(2.605187177658 + ((-376.033111572266) * ((exp(exp(sqrt(sqrt(exp(((sin(((-3.077539443970) * x5)) ^ 2) ^ log(((((exp((1.931398987770 * x6)) - (0.275468736887 * x4)) ^ 2) ^ cos((1.419823646545 * x5))) + (0.314473092556 * x4))))))))) - ((1.273037672043 * x5) - cos((1.767167210579 * x2)))) / ((3.100364208221 * x2) + (0.325254142284 * x3)))))',6.613992416948277,6.613986968994141,198010596,9,18,384,7,256,paper,4,0,1934392872,7.143492350213799,40.97751479289941
3600.0056711249053,'(3.680719614029 + (59.139827728271 * ((((0.118289984763 * x5) - sin(((-0.264860749245) * x4))) / ((((-0.816329300404) * x2) - (0.499755918980 * x0)) - ((exp(sqrt(sqrt(((0.318309873343 * x1) ^ ((-0.452941656113) * x2))))) - ((cos((5.182364940643 * x5)) ^ 2) - sqrt((0.052608598024 * x3)))) ^ 2))) * (cos(((-0.507775485516) * x5)) - (0.164717376232 * x5)))))',5.806539680071264,5.80653715133667,152352332,9,21,384,7,256,paper,4,0,784044718,,67.99668639053255
3600.0045477710664,'(94.537734985352 + ((-93.701026916504) * exp((((((((-0.476111233234) * x4) ^ 2) / exp(((sin((exp(0.627297580242) - (0.345619887114 * x5))) + sqrt((exp(((sin((1.140056610107 * x1)) / (1.211986303329 * x6)) / cos(sin(((1.405708789825 * x0) ^ 2))))) ^ 2))) ^ 2))) * ((-0.332907348871) * x1)) - (((-0.223874852061) * x5) ^ 2)) / (0.417444646358 * x3)))))',6.703699636141067,6.704089641571045,200030221,9,24,384,7,256,paper,4,0,2765379632,2.5817121412942012,48.59005917159763
3600.0056584365666,'(6.935374259949 + (100.023994445801 * (log((sqrt(((log((2.016622543335 * x5)) ^ 2) + cos((1.408457159996 * x1)))) / sqrt((((sqrt((0.041598387063 * x3)) - cos(((-0.221118167043) * x5))) + sin((0.118715293705 * x4))) - (cos(exp((1.582121372223 * x1))) * ((exp(((-0.160748228431) * x6)) ^ sin((1.319574594498 * x5))) ^ 2)))))) ^ 2)))',6.3025817570632965,6.301414489746094,161479699,9,29,384,7,256,paper,4,0,1934709049,7.471054207344755,50.51928994082839
3600.005453761667,'(44.739799499512 + ((-39.104927062988) * (((0.158482983708 * x5) / ((exp(sqrt(cos((sin((4.284406185150 * x1)) / log((((-2.272385358810) * x1) / ((-0.407950252295) * x0))))))) ^ 2) + (sin(log(((((-6.053889274597) * x6) + (0.441100776196 * x2)) * (0.486270099878 * x4)))) * exp(cos((0.467937052250 * x5)))))) ^ ((4.444151878357 * x5) / ((-0.150239676237) * x3)))))',6.150519471195412,6.150520324707031,138240369,9,27,384,7,256,paper,4,0,2342600226,,129.35147928994084
3600.005673598498,'(5.012512207031 + ((-0.043842904270) * (((((sqrt(exp(((0.097382828593 * x4) ^ 2))) / cos((1.478261113167 * x5))) / sin(((-4.043853282928) * x5))) + ((-10.038118362427) * x5)) + ((0.234706073999 * x4) / sin((1.112109065056 * x5)))) / ((((-0.422941446304) * x3) + ((cos((0.967982292175 * x4)) ^ 2) ^ sin((0.693147182465 * x5)))) / (((-9.674080848694) * x5) + (1.221347689629 * x2))))))',6.0513040092602495,6.051308155059815,133375751,9,25,384,7,256,paper,4,0,1728356533,9.441152344630517,45.5971597633136
3600.005646146834,'(10.113069534302 + (76.920944213867 * exp((((log(((sin(exp((0.858489155769 * x5))) ^ 2) ^ 2)) - (sqrt(sqrt((exp(((3.953793048859 * x6) ^ cos(((3.243563175201 * x5) ^ 2)))) + ((0.693147182465 * x6) ^ ((-1.356940984726) * x4))))) - ((-0.253274142742) * x2))) + (((-1.356940984726) * x3) / (0.881879210472 * x5))) / (((-0.093211300671) * x5) ^ 2)))))',8.10918691535236,6.718053340911865,246118055,9,28,384,7,256,paper,4,0,1904449481,4.6993448472644115,39.72082840236687
3600.005747802556,'((-42269.457031250000) + (42273.148437500000 * ((cos(((-0.866930305958) + 0.693147182465)) / cos(exp(((0.318309873343 * x1) * ((-0.835114181042) * x1))))) ^ (((sin(((-0.407389640808) * x5)) * ((-0.362465381622) * x4)) + (0.603609740734 * x5)) / (((-1.708621025085) * x0) + (((((0.434294492006 * x4) ^ 2) * sin((2.302585124969 * x5))) - (2.915174007416 * x2)) + ((-0.342838227749) * x3)))))))',6.177041353471172,6.176394939422607,143752995,9,22,384,7,256,paper,4,0,3980425317,10.44982037193421,37.42946745562131
3600.0050690732896,'(7.712353706360 + ((-1.623711466789) * (sin((0.034302487969 * ((0.054511968046 * x3) + ((-1.788607239723) * x5)))) + (sqrt((((0.054511968046 * x3) + (0.543647170067 * x2)) + (sqrt(cos(sin(log((sin(log((0.770291090012 * x4))) / ((((((-2.464806079865) * x6) / ((-3.805902242661) * x3)) ^ exp(((-2.575029850006) * x6))) ^ 2) * (1.346199631691 * x3))))))) * ((-1.761267066002) * x5)))) + (((-0.258840173483) * x5) + cos((0.506959915161 * x5)))))))',6.4688913244143365,6.468892574310303,214752079,9,0,384,7,256,paper,6,0,3324115916,7.531411711659923,44.4359693877551
3600.00515768677,'((-14.095328330994) + ((-2.855535030365) * (((((3.856265544891 * x0) / (2.276464939117 * x6)) + ((0.707106769085 * x3) + ((-1.742871999741) * x2))) ^ (-0.339350402355)) * ((((((cos(((21.600355148315 * x5) * (-0.302632629871))) ^ 2) + exp((((((-0.150210320950) * x6) * sin((22.784746170044 * x5))) * (1.743403911591 * x6)) - (0.943122148514 * x6)))) * ((2.527670383453 * x6) - ((-0.890112400055) * x4))) - (2.079284667969 * x5)) - ((10.303555488586 * x5) / (0.279902607203 * x2))) - cos(((2.276464939117 * x0) - exp((2.900876760483 * x6))))))))',6.461368371257744,6.461361408233643,98003875,9,1,384,7,256,paper,6,0,2811363264,4.8653144744496855,43.733112244897946
3600.004466816783,'(207.320632934570 + (14.570567131042 * (sin((((0.524720013142 * x5) - (((exp(((3.936262130737 * x6) * ((-1.605944037437) * x6))) * ((-0.418417125940) * x4)) * (1.027906537056 * x5)) ^ 2)) ^ 0.430222034454)) * (cos(((1.027906537056 * x5) / (1.415396094322 * x2))) + log((57.011497497559 * x3))))))',7.60174015368133,7.601737976074219,140631598,9,4,384,7,256,paper,6,0,3687649985,4.0097609417105735,47.259591836734685
3600.0050561390817,'((-14.313910484314) + ((-73.125434875488) * (sqrt(((((-0.281897813082) * x5) - ((-0.149956882000) * x3)) - sin(((-0.445155769587) * x5)))) - sqrt(((((log((((-0.030774200335) * x5) * ((-0.030774200335) * x4))) + (((-0.118912711740) * x6) * cos(((-1.217709064484) * x5)))) / ((0.754437565804 * x6) - 1.246062278748)) - (0.021640341729 * x2)) - ((-0.150493428111) * x3))))))',6.432693762321687,6.432662963867188,158771105,9,2,384,7,256,paper,6,0,1884968544,10.166984920504564,65.46061224489797
3600.0049123354256,'((-13.046756744385) + (3.915837287903 * ((((((3.221551656723 * x4) / ((4.531082153320 * x6) ^ 2)) + sqrt((0.186553046107 * x2))) + sin(log((((3.310420274734 * x4) - ((-2.325939893723) * x2)) ^ sin(((-0.272215962410) * x5)))))) - (((0.426858395338 * x5) - sin((exp((log((1.159664750099 * x6)) + (sin((2.872120857239 * x4)) ^ 2))) ^ cos((1.264754056931 * x5))))) - (1.109692335129 * x6))) / log(((1.028038144112 * x5) / ((0.434294492006 * x3) - (10.051275253296 * x4)))))))',6.285232639649536,6.28523063659668,101293096,9,5,384,7,256,paper,6,0,369133708,6.120529756277768,41.03678571428571
3600.004923455417,'((-8.759367942810) + (38.560527801514 * (((((-15.867592811584) + (0.761918008327 * x5)) + cos((1.343516588211 * x5))) + (cos((0.543489515781 * x5)) + ((-10.890295028687) + (((((0.761918008327 * x5) * cos(((-1.308148622513) * x1))) / 0.549096882343) / (0.273839592934 * x0)) - (cos(((0.303272485733 * x4) + (0.171859800816 * x5))) - (exp(((-0.450620472431) * x6)) / (-0.405833810568))))))) / sqrt((((3.509450912476 * x2) - ((-0.380168408155) * x3)) - (exp(cos((2.283242940903 * x5))) * (2.717108726501 * x4)))))))',5.740326855907167,5.740326404571533,142548420,9,6,384,7,256,paper,6,0,2995172877,7.125231053419997,60.70882653061225
3600.005853880197,'(5.227256774902 + (4037.978515625000 * (((((-6.617493629456) * x2) + ((5.700482368469 * x0) + (3.918230056763 * x0))) ^ (((0.556859612465 * x2) + (0.556859612465 * x2)) ^ sin((-2.790169000626)))) / ((((89.865699768066 * x0) - (39.207046508789 * x2)) * (((-14.213317871094) * x2) + (1.219599366188 * x3))) ^ (((-3.431082010269) + (0.201677173376 * x5)) ^ sin((-2.766035795212)))))))',7.546919626763184,7.546922206878662,66937159,9,9,384,7,256,paper,6,0,2261209995,8.328772550105201,57.220828402366855
3600.006124842912,'(7.013025283813 + ((-18.230617523193) * ((log(log((0.434294492006 * x5))) - (sqrt((2.417708158493 * x5)) / log((4.922838211060 * x3)))) / ((log((0.931963920593 * x2)) + cos((0.526305675507 + cos((log(sin(((1.330064892769 * x3) ^ (-1.770165324211)))) - (exp((((-1.062121748924) * x6) ^ 2)) ^ (sin((1.266422986984 * x5)) - sin(((-0.640444099903) * x5))))))))) / ((0.693147182465 * x5) / exp(sin(sqrt(sin((sin((4.532248497009 * x1)) ^ 2))))))))))',6.58928909650342,6.17204475402832,117473477,9,3,384,7,256,paper,6,0,1859786275,8.865204328839251,95.62836734693876
3600.005414076149,'((-518.778869628906) + (153.974456787109 * (((((0.635774552822 * x5) - ((-0.163288325071) * x3)) + cos((0.544859051704 * x5))) + sin(sin((1.363563418388 * x5)))) / ((((-0.167794644833) * x3) * (-0.284930020571)) + (sin(cos((sin((1.123616576195 * x1)) + (2.200294256210 * x1)))) + log((158.429580688477 * x2)))))))',6.71763891893972,6.717611789703369,184837997,9,13,384,7,256,paper,6,0,3081541439,6.04831886189279,39.60248520710059
3600.006294768304,'((-1.799139618874) + (2729.312011718750 * (((0.414416998625 * x5) + (sin((5.041223049164 * x5)) + sin((4.018726348877 * x5)))) / ((4.713617324829 * x2) + ((exp(exp((exp(sin((((3.109359979630 - sin((0.319541335106 * x5))) ^ 2) / (2.313674688339 * x5)))) ^ 2))) ^ 2) + ((((14.240738868713 * x3) ^ (sin(cos((4.084391593933 * x1))) ^ 2)) + (3.157320737839 * x0)) + (0.592863440514 * x3)))))))',6.296501514595768,6.296502590179443,145583353,9,8,384,7,256,paper,6,0,404488628,,102.83325443786981
3600.0061448663478,'(23.277214050293 + ((-0.000959171739) * (((((15.657030105591 * x5) - ((-7.598834514618) * x2)) - ((-0.514148414135) * x3)) - ((((-0.768314778805) * x5) ^ 2) - ((((0.850565075874 * x4) / ((((-1.771593689919) * x6) - log(0.260120213032)) * ((2.299951553345 * x2) / ((3.983291625977 * x5) + ((-235.243804931641) * x6))))) ^ 2) - ((sin((((1.772453904152 * x1) - (24.837516784668 * x6)) + (-1.251970052719))) * (31.684219360352 * x6)) / (0.062912508845 * x1))))) / ((((1.772453904152 * x2) - (5.047698020935 * x4)) + ((0.062912508845 * x3) - ((-101.753929138184) * x6))) / ((((-0.768314778805) * x5) ^ 2) + (((25.476249694824 * x6) / sin((3.965833663940 * x5))) - ((-77.181526184082) * x4)))))))',5.769386383834585,5.769386291503906,112888731,9,7,384,7,256,paper,6,0,865305066,,50.27836734693877
3600.0046971663837,'(58.809726715088 + (6.108852386475 * (cos(((0.215886607766 * x5) + (sin(((cos(sqrt((0.189917683601 * x2))) ^ 2) / ((cos(sin(exp(exp(((0.228010654449 * x6) * (0.735381186008 * x6)))))) * sqrt(sqrt(exp(((cos((1.007447361946 * x2)) ^ 2) ^ sin((0.935130894184 * x6))))))) ^ 2))) ^ 2))) - sqrt((cos((2.163294792175 * x5)) - ((-0.010009635240) * x3))))))',6.758469566036767,6.758467197418213,220327902,9,10,384,7,256,paper,6,0,4190266092,17.650253785145964,81.26520710059171
3600.005026925355,'(9.699124336243 + (0.011229037307 * (((((0.974845349789 * x5) + ((16.049396514893 * x6) - (((cos((2.410225152969 * x5)) ^ 2) + (1.709462642670 * x6)) ^ 2))) - (((-85.948753356934) + (0.034496404231 * x3)) / (2.302585124969 * x6))) ^ 3.498661041260) ^ ((((4.151786804199 * x5) + ((-0.408198684454) * x2)) ^ 0.353150188923) * (log((631.921081542969 * x3)) ^ (-1.038274526596))))))',6.9598395161649975,6.959834575653076,69076599,9,12,384,7,256,paper,6,0,3269070126,2.9146158742457904,61.78745562130178
3600.0062821619213,'(4.483852386475 + ((-1.369477629662) * (((cos((1.380988121033 * x5)) - (0.258422076702 * x5)) / (((0.722064197063 * x3) - (((((cos(((-1.163377523422) * x2)) ^ 2) * cos((1.429785490036 * x2))) * (0.434294492006 * x6)) / (2.698679924011 / ((0.178023412824 * x1) * (2.318363428116 ^ (0.416971266270 * x4))))) - (5.437819480896 * x2))) - ((((8.935808181763 * x4) + (3.516066074371 * x2)) ^ (sqrt((0.377731561661 * x6)) ^ (((-1.012860655785) - ((-0.261258780956) * x1)) + ((cos(((0.585934162140 * x5) * cos(((4.950573921204 * x2) * exp(cos(sin(exp(((((exp((((0.416971266270 * x4) / (1.414213538170 * x5)) ^ 2.318363428116)) * (0.518308937550 + ((-0.828616201878) * x6))) ^ 2) ^ 2) + ((-0.506785869598) * x1)))))))))) / (sin((0.178023412824 * x1)) + cos((0.722064197063 * x5)))) / (1.347725868225 * x5))))) - (4.281356811523 * x5)))) * ((cos((0.585934162140 * x5)) - (0.543597757816 * x5)) ^ 2))))',5.572284128982761,5.546248912811279,64775456,9,11,384,7,256,paper,6,0,3160032368,5.751350185577603,37.648639053254435
3600.0066566057503,'(71.372589111328 + ((-70.853637695312) * sin(((((1.527027487755 * x3) + (27.571575164795 * x4)) / ((0.434294492006 * x5) * (((0.626357853413 * x5) ^ 2) * 0.123058095574))) ^ (((0.626357853413 * x5) / (2.272150516510 * x2)) ^ sin(sin(sin(sin(cos((((((0.031824767590 * x1) + cos(exp(exp(((-1.048067808151) * x6))))) / cos(sin((1.517535924911 * x5)))) + cos((0.626357853413 * x5))) * cos(sqrt(sin((((cos((((((0.760033726692 / ((0.134078279138 * x1) ^ 2)) / ((-0.149874180555) * x4)) * sin((2.025516033173 * x4))) ^ 2) ^ 2)) * log(sin((0.031824767590 * x5)))) + ((-0.149874180555) * x4)) + (-1.810247421265))))))))))))))))',5.839308995357565,5.83930778503418,71048284,9,14,384,7,256,paper,6,0,3376120482,6.5007117344702205,52.635621301775146
3600.0058962777257,'((-15.372032165527) + (3.463398218155 * ((exp(sin((1.357985496521 * x5))) - (sin((0.522895872593 * x5)) - (0.528262734413 * x5))) / sqrt(((((((1.772453904152 * x6) * exp((0.314742535353 * x4))) + exp(sqrt(((3.135209321976 * x4) ^ cos((0.154880642891 * x3)))))) / ((-1.607066154480) * x4)) + (0.255320698023 * x3)) / ((0.715452611446 * x5) - (0.318309873343 * x4)))))))',6.713728549723027,6.713730335235596,208649123,9,19,384,7,256,paper,6,0,2148995112,2.5250690527558275,35.17100591715976
3600.00589158386,'(3.527948617935 + (0.170581996441 * ((((0.318309873343 * x2) ^ 2) + ((((-0.240963727236) * x2) + (1.804555177689 * x5)) ^ 2)) / ((((1.136246800423 * x3) + (4.486214160919 * x0)) + ((((((0.159946620464 * x5) - cos((1.704524874687 - (1.713157773018 * x1)))) - sin(((1.705792427063 * x5) * (2.718281745911 * x5)))) ^ 1.362740755081) ^ 2) + (5.793250560760 * x5))) / ((exp(cos((0.630951702595 * x5))) ^ 2) + (0.526821613312 * x5))))))',5.969101282467446,5.969183444976807,124657346,9,15,384,7,256,paper,6,0,2204291346,19.28873494588739,65.60082840236686
3600.005047958344,'(4.673360347748 + (0.200714603066 * (exp(exp(cos((0.628432273865 * x5)))) + ((((cos(((-2.359479904175) * x2)) / (((0.646013438702 * x6) ^ ((-0.149729371071) * x2)) - 0.266297817230)) ^ 2) + ((4.140391826630 * x5) - (0.541583359241 * x2))) * (((0.345704346895 * x5) + ((sin((1.423065781593 * x2)) * ((-0.530882358551) * x6)) + exp(cos(((1.442695021629 * x5) * (0.223589912057 * x2)))))) * (((0.345704346895 * x5) - cos(((-4.344761371613) * x2))) / (0.815738022327 * x3)))))))',5.705162624642807,5.705156803131104,114509946,9,20,384,7,256,paper,6,0,1592565386,10.853133587886678,57.465917159763315
3600.00562768057,'(31.229799270630 + (18.337930679321 * cos(log((exp(log(((log((((1.932477474213 * x0) + (((((0.032149232924 * x5) / (1.024756789207 - (0.318309873343 * x1))) + (1.916536688805 * x6)) / exp(cos((0.642025053501 * x5)))) ^ 2)) * (1.285897016525 * x2))) * log(((0.032149232924 * x5) ^ sin((0.032149232924 * x5))))) ^ 2))) * (21.796552658081 * x3))))))',6.650200552608021,6.650199890136719,154090731,9,21,384,7,256,paper,6,0,784044718,,67.99668639053255
3600.006093878299,'((-4.926529884338) + (0.001335714129 * ((((5.253518104553 * x5) / ((11.197862625122 * x2) ^ 0.072722122073)) ^ ((1.804416418076 + 1.794103026390) / ((23.855588912964 * x3) ^ 0.061703443527))) - (((2.930770874023 * x6) * (((cos(cos((33.540504455566 * x3))) ^ 1.804416418076) ^ 10.673830032349) ^ (-0.242066323757))) / cos(((-1.736439704895) + (0.434294492006 * x5)))))))',6.52813641530313,6.528957366943359,54462077,9,17,384,7,256,paper,6,0,3606691181,4.3060568191766855,53.85514792899409
3600.005357868969,'((-14.740639686584) + (17.260929107666 * ((exp(((0.076001353562 * x4) ^ (cos((7.623802185059 * x6)) / (-0.721081018448)))) + (cos(((-0.379199385643) * x5)) + (0.396252900362 * x5))) / (log(((0.331554323435 * x3) / ((0.253365397453 * x5) - sin(((-1.359899401665) * x5))))) ^ 2))))',6.591269379397841,6.591270446777344,162300046,9,23,384,7,256,paper,6,0,3356806661,7.625348507124477,61.70863905325443
3600.0047789998357,'(82.538528442383 + ((-79.098350524902) * ((cos((((-0.008057981730) * x5) / (0.900770604610 * x2))) - ((((-0.008057981730) * x5) / ((-0.633306026459) * x3)) / (exp(sin((log((0.867253780365 * x1)) ^ (-0.325461566448)))) ^ (sqrt(sqrt(((27.330614089966 * x6) ^ ((-0.008057981730) * x5)))) / exp(log(cos(cos((((2.669987678528 * x1) * (1.414213538170 * x1)) * (-1.114860415459)))))))))) ^ (((-0.455815821886) * x5) ^ 2))))',7.283280838767798,7.2817301750183105,79605907,9,22,384,7,256,paper,6,0,3980425317,11.107383389971286,37.42946745562131
3600.006305690855,'(3.478519201279 + (1.861424088478 * (((((0.275475353003 * x5) * ((-0.112480610609) * x5)) + (sin((1.443764328957 * x5)) * ((-4.804630279541) * x6))) / (((0.202351227403 * x3) / ((exp((0.009037303738 * x3)) ^ 0.126261800528) ^ (((((-4.024497985840) * x6) + (0.434294492006 * x4)) / ((-5.701416969299) * x6)) / (((-4.966637611389) * x6) ^ 2)))) / (sin(((-0.525282561779) * x5)) - ((-0.257363408804) * x5)))) / ((((0.758611381054 * x3) / ((-2.952470541000) * x2)) / ((-0.605265378952) * x5)) + (-0.744059503078)))))',6.459310162690426,6.459309101104736,115914927,9,18,384,7,256,paper,6,0,1934392872,6.560477947186637,40.97751479289941
3600.006735485047,'(93.434768676758 + ((-92.306442260742) * (exp(((0.628225386143 * x5) + (((-0.623376548290) * x3) / ((-3.340292453766) * x2)))) ^ ((log((cos((((exp(((-2.105221271515) * x1)) / (0.084806278348 * x1)) - 0.084446035326) - (6.283185482025 * x3))) ^ 2)) ^ 2) / (((((-2.155994653702) * x0) + (((cos((0.628225386143 * x5)) + exp((sin(((0.318309873343 * x6) ^ (-0.997915863991))) / ((exp(((-1.405023574829) * x2)) ^ (cos(((-0.824088573456) * x3)) / cos((1.332793712616 * x3)))) + (0.089308127761 * x2))))) ^ log((1.333042979240 * x3))) + ((-0.816752851009) * x3))) / (9.219133377075 * x5)) / (4.767856597900 * x5))))))',5.995329699320011,5.767969608306885,83232615,9,16,384,7,256,paper,6,0,550243861,8.080257317328806,59.17313609467456
3600.006001997739,'((-2.567405223846) + (1.353156566620 * (((((1.191360235214 * x5) - (((-0.505892932415) * x4) / cos(((-0.899947166443) * x6)))) / ((-0.371721744537) * x2)) - (((-0.399432480335) * x5) - cos((1.423735857010 * x5)))) / ((((0.318309873343 * x3) - ((-5.816649913788) * x2)) / (cos((0.628290235996 * x5)) + (0.397408396006 * x5))) / log(((((((-7.066551208496) * x2) * (1.414213538170 * x2)) * (1.054339647293 * x2)) ^ 2) - (((0.318309873343 * x3) + (2.718281745911 / ((2.302585124969 * x3) ^ ((-0.515085816383) - 2.771371364594)))) - exp((0.397408396006 * x5)))))))))',6.577226174927983,6.577226161956787,107723714,9,24,384,7,256,paper,6,0,2765379632,,48.59005917159763
3600.0065851807594,'(8.981062889099 + (1.923469781876 * (((((0.166954070330 * x5) + cos((1.423886179924 * x5))) * ((12.934613227844 * x6) + ((0.286299556494 * x3) + (((sqrt((0.166954070330 * x5)) / (exp(cos(((-1.925882101059) * x3))) ^ 1.860188126564)) - (0.166954070330 * x5)) / cos((((((-0.185258433223) * x1) - ((-0.167579948902) + ((-1.875633597374) * x1))) * ((1.423886179924 * x5) / exp(((-0.185258433223) * x1)))) * ((1.294240951538 * (1.096278309822 ^ 2)) / (((-2.651373147964) ^ 2) ^ 2)))))))) / ((19.013570785522 * x5) + ((15.740518569946 * x4) + ((-2.137345790863) * x3)))) * ((((0.707106769085 * x5) * (1.506678938866 * x5)) / (((-6.252190113068) * x2) + ((-0.165495634079) * x3))) + (((18.407510757446 * x2) + ((-1.316641449928) * x3)) / ((6.771914958954 * x5) + ((-0.419492274523) * x3)))))))',5.919983298643732,5.920004367828369,136457179,9,29,384,7,256,paper,6,0,1934709049,12.251754049185688,50.51928994082839
3600.0046277605,'(263.684906005859 + ((-12.622514724731) * log(((((-0.908053874969) * x2) * ((((0.881358981133 * x3) - ((-1.314585089684) * x0)) + ((-8.680119514465) * x5)) * exp(exp((((-0.628081679344) * x5) / ((((((-0.060526620597) * x2) - ((-5.726084709167) - ((-0.582785725594) * x5))) - (-5.726084709167)) + cos(cos(((-7.427530288696) * x5)))) - (-7.583009719849))))))) * (((-0.060526620597) * x2) - ((((-0.569885253906) * x6) * cos(((-0.628081679344) * x5))) - (-2.733703613281)))))))',6.865922322597562,6.865915298461914,178536950,9,28,384,7,256,paper,6,0,1904449481,3.89184107648083,39.72082840236687
3600.0061229988933,'(1.380969166756 + (20.298763275146 * (((((sin((0.404486685991 * x4)) - (0.258572280407 * x5)) - (1.903999924660 * x6)) * (exp((cos((((-3.480467081070) * x5) / 0.844760537148)) + (0.236748218536 * x6))) + ((-0.473409205675) * x5))) * ((0.258572280407 * x6) + (exp((cos((0.507478237152 * x5)) * cos(1.763252019882))) + (sin(log((0.258572280407 * x5))) ^ ((sin((((3.495660781860 * x2) / ((((-0.296463668346) * x0) + 3.393488883972) ^ 2)) ^ 2)) ^ 2) ^ 2))))) / (((((-2.027231216431) * x4) + (48.012947082520 * x6)) * (sin(exp(((((-1.887098550797) * x4) / (0.417768239975 * x5)) ^ 2))) + (0.873214781284 * x6))) + (((4.017801284790 * x2) + (51.455528259277 * x6)) + (0.413924396038 * x3))))))',5.733419009264601,5.733420848846436,81421271,9,26,384,7,256,paper,6,0,3533734220,,53.533017751479285
3600.0065544992685,'(2.377231359482 + ((-73.612396240234) * (((((-0.955870270729) * x6) + (12.674190521240 + (log((1.190268635750 * x6)) + ((cos(sin(exp(sin(sin((((-8.207699775696) * x2) / ((-0.955870270729) * x6))))))) ^ (0.057520881295 * x2)) ^ 2)))) - (cos((1.978836774826 * x5)) ^ 2)) / (((((-0.549788832664) * x3) + ((-7.645675659180) * x2)) / (exp(cos((0.419857382774 * x5))) - ((1.157710313797 * x5) + (cos((sqrt(((((1.190268635750 * x6) * cos((1.496647357941 * x2))) ^ 2) ^ ((-0.047297965735) * x5))) + (1.334380507469 * x5))) - (0.898502409458 * x5))))) / (((0.057520881295 * x2) ^ ((-0.256657421589) * x6)) + ((-0.047297965735) * x5))))))',5.889191341328939,5.723256587982178,87486660,9,25,384,7,256,paper,6,0,1728356533,8.4096187370389,45.5971597633136
3600.006131529808,'(10.962373733521 + (60.334583282471 * (((((-0.960225760937) * x2) / (((cos(((6.648400783539 * x6) ^ sin((exp(((0.928459703922 * x1) ^ 0.568487584591)) / 2.337065935135)))) + exp((((-0.093615666032) * 4.966609001160) * cos(cos((1.736484050751 * x5)))))) ^ 2) + sin(((0.437914997339 * x5) ^ exp(2.564608573914))))) ^ 2) ^ (((((-1.893696308136) * x3) - (14.336658477783 * x5)) / (2.312559604645 * x5)) / ((0.171034932137 * x5) ^ 2)))))',10.327400603017177,5.9217071533203125,74443974,9,27,384,7,256,paper,6,0,2342600226,,129.35147928994084
3600.005726974457,'(2.110912084579 + (1931.761230468750 * ((exp(((((-0.037292983383) * x5) ^ 2) ^ 0.425791531801)) + (sin((0.035581886768 * x5)) ^ sin((((-0.564885139465) * x5) - ((sin(((-0.756517291069) * x5)) ^ 2) ^ 2))))) / ((3.080038070679 * x2) + (0.318237304688 * x3)))))',6.806505031970694,6.806504726409912,129790737,9,0,384,7,512,paper,4,0,3324115916,8.679891748934066,44.4359693877551
3600.0060722008348,'((-0.766204833984) + (0.855319499969 * (((sqrt(((log((1.000290870667 * x6)) / (1.423514127731 * x5)) / (sin(((-0.627531468868) * x5)) ^ 2))) + sqrt(((((2.297982215881 * x0) * ((0.999440312386 * x6) * cos(((-0.627601623535) * x5)))) + (((-1.049773812294) * x5) ^ 2)) / (0.425286978483 * x5)))) * ((3.745379686356 * x2) + (((-0.627601623535) * x5) ^ 2))) / ((0.318309873343 * x3) + (5.011013984680 * x2)))))',6.7753177274132765,6.775318145751953,187481652,9,2,384,7,512,paper,4,0,1884968544,7.335356494118714,65.46061224489797
3600.005534373224,'(3.307913541794 + (1528.482666015625 * (((sin(sin(sqrt(log((6.513577938080 * x2))))) * (cos(cos(log(cos((cos(((1.686121582985 * x5) ^ (cos((2.330604076385 * x5)) ^ 2))) ^ 2))))) / ((1.555970430374 * x5) + (0.181628927588 * x3)))) * exp((cos(((-0.921499133110) * x3)) / ((-0.335568368435) * x2)))) * (0.917908132076 ^ ((-0.503983020782) * x5)))))',6.579508026878965,6.579453945159912,102123501,9,4,384,7,512,paper,4,0,3687649985,7.663128014704121,47.259591836734685
3600.0064655914903,'(5.500075817108 + (15.451784133911 * ((((((1.146668195724 * x1) * (1.387607812881 * x6)) * 0.053495839238) - ((sin((0.529178559780 * x5)) - (sin(((-2.525558948517) * x1)) + (0.284315824509 * x5))) - ((cos(exp((0.462549597025 * x6))) * sin((3.271008729935 * x2))) + cos(sin((4.677505970001 * x0)))))) ^ 2.299190521240) / ((3.878518104553 * x2) + (0.307436555624 * x3)))))',6.172224538636883,6.172227382659912,130907070,9,3,384,7,512,paper,4,0,1859786275,9.981150339415214,95.62836734693876
3600.007148809731,'((-0.354588061571) + (905.769714355469 * (exp((0.036082450300 * x5)) / ((((sqrt((cos((1.418778300285 * x5)) + (0.225228324533 * x4))) - cos(((2.323981523514 * x1) - ((0.036082450300 * x5) * sqrt((0.439200073481 * x4)))))) * sqrt(((1.041428208351 * x5) ^ ((-0.301403760910) * x4)))) ^ (sin(((-0.020850714296) * x5)) + (0.032581891865 * x4))) + (0.176144123077 * x3)))))',6.953408252893606,6.953410625457764,130120437,9,5,384,7,512,paper,4,0,369133708,11.566593727257612,41.03678571428571
3600.006234358996,'((-4.041746616364) + (0.534389913082 * ((sin(((-0.892826676369) * x1)) + sqrt((log(((cos(cos(((-1.123398780823) * x5))) / (((-0.318768173456) * x2) ^ 2)) * ((7.106518268585 * x6) * exp((exp(sin(((-0.528398752213) * x5))) + (sin((1.702806591988 * x1)) - ((-0.318768173456) * x5))))))) ^ 2))) ^ ((0.000052182353 * x3) ^ (-0.130289286375)))))',6.575819599946229,6.575820446014404,114288273,9,1,384,7,512,paper,4,0,2811363264,3.488007301569352,43.733112244897946
3600.006018511951,'(2.537118673325 + (7.395463466644 * ((((((0.017873346806 * x5) ^ sin(((-0.529140710831) * x5))) ^ (0.250061273575 * x4)) + ((exp(sqrt(exp((sin(((0.250061273575 * x4) - (((-1.202927827835) * x1) - (0.698346912861 * x1)))) ^ 2)))) - ((-0.508791387081) * x5)) - cos(exp((0.674711167812 * x5))))) ^ 2) / ((0.192422375083 * x3) - ((-1.817923665047) * x2)))))',6.8939337670998375,5.870713710784912,113681873,9,7,384,7,512,paper,4,0,865305066,,50.27836734693877
3600.006721194833,'(1.757389545441 + ((-2401.749023437500) * (((sin(((-0.407573372126) * x5)) / cos(((-0.057923257351) * x4))) - (0.222449883819 * x5)) / (((exp(((1.528344273567 * x6) / (0.057544015348 * x4))) * cos((((-1.206075310707) * x1) ^ 2))) + (0.546571075916 * x3)) + (4.096495628357 * x2)))))',6.584985058861182,6.584985733032227,283819363,9,8,384,7,512,paper,4,0,404488628,,102.83325443786981
3600.00629908219,'(1.650649428368 + (21942.193359375000 * ((((-0.210718423128) * x5) - cos(exp(sin((((-0.429270207882) * x5) ^ 2))))) / (((7.529376506805 * x2) - ((-0.920169770718) * x3)) / log(sin(sin(((1.357648134232 * x4) * sin((0.854127526283 ^ ((((-0.210718423128) * x5) - (0.541168987751 * x4)) / (-1.400867581367))))))))))))',6.743312574283298,6.743293762207031,139896618,9,6,384,7,512,paper,4,0,2995172877,7.525446802592168,60.70882653061225
3600.0054019130766,'(7.500525951385 + (118.232795715332 * ((((cos(((-0.550220549107) * x5)) * ((-1.237083315849) * x4)) - ((-0.779107689857) * x2)) * (0.434294492006 * x2)) ^ (exp(exp(((0.622336328030 * x2) ^ (((-1.413744449615) * x5) / (0.213496237993 * x3))))) / ((-0.259442120790) * x5)))))',6.621492407109639,6.6214919090271,135129428,9,10,384,7,512,paper,4,0,4190266092,13.731811692446229,81.26520710059171
3600.0073780715466,'(3.773453474045 + (1.185192108154 * ((((-2.246603012085) * x5) * (((-0.082876600325) * x5) - sin((1.619933009148 * x1)))) * (((sin(((-0.922365248203) * x1)) + (0.176449716091 * x5)) / cos(((exp((cos((0.318887293339 * x5)) - (sin((0.435771316290 * x5)) ^ 2))) + cos((0.197666838765 * x4))) * sin(cos((0.181431725621 * x5)))))) / ((1.344462752342 * x2) + (0.303731739521 * x3))))))',5.9709105569611785,5.970909595489502,162945034,9,9,384,7,512,paper,4,0,2261209995,4.772553071386782,57.220828402366855
3600.007339078933,'((-1.261456847191) + (0.058202255517 * ((((((-0.446567595005) * x2) + (0.030032578856 * x3)) + (7.614564418793 * x5)) ^ 2) / ((cos(((sin((5.408770084381 * x5)) - (0.434294492006 * x5)) + (sin((0.090865001082 * x3)) ^ 2))) / (log((((1.434197068214 * x2) - (0.030032578856 * x3)) + sqrt((((0.278974652290 * x6) ^ 2) ^ (-2.448920011520))))) / (0.097987622023 * x3))) + (0.330127090216 * x3)))))',6.748140374728346,6.748141765594482,162224093,9,11,384,7,512,paper,4,0,3160032368,3.1839859459502002,37.648639053254435
3600.007245659828,'(5.542923927307 + (105.117584228516 * ((sin((0.446921706200 * x5)) - (((sin(sin(log(((exp(exp(((-0.221377357841) * x1))) ^ 2) + (1.195845127106 * x6))))) ^ 2) * (0.203843161464 * x5)) + ((sin(((4.224436283112 * x5) - ((-0.354843616486) * x1))) ^ 2) / ((-0.221377357841) * x1)))) * (((0.282016336918 * x5) - ((-0.337343245745) * x1)) / (((-4.456600189209) * x2) - (0.321451663971 * x3))))))',6.395074883785909,6.395076274871826,173199455,9,14,384,7,512,paper,4,0,3376120482,7.759427122806068,52.635621301775146
3600.0069020949304,'(19.000011444092 + ((-19.026203155518) * cos((exp(((((-0.273042470217) * (sqrt((0.865361988544 * x2)) + (((-0.365704625845) * x5) - (exp((sin(((-0.690741896629) * x5)) ^ 2)) + cos(((-0.626943647861) * x5)))))) * ((-0.690741896629) * x5)) / (5.755561828613 * x3))) ^ ((-0.401495903730) * x5)))))',7.1757037390618175,7.175699710845947,175203947,9,12,384,7,512,paper,4,0,3269070126,2.348132443822685,61.78745562130178
3600.006915625185,'(1.765798211098 + (1590199.375000000000 * ((((-0.095258489251) - ((-0.095516771078) / sin(sin(cos(log(cos(sin(((-0.135513782501) * x5))))))))) / ((3.204416275024 * x5) + (0.130375251174 * x3))) / log((sqrt((1.718781709671 * x0)) * sqrt(((cos((2.244988679886 * x5)) + (0.074880152941 * x2)) ^ 2)))))))',6.446685213045896,6.446683883666992,218296419,9,13,384,7,512,paper,4,0,3081541439,10.71070488160752,39.60248520710059
3600.0054949596524,'(3.635443925858 + (46.121265411377 * sin(((exp(sqrt((0.421064198017 * x5))) - (0.358878880739 * x2)) / ((0.216464400291 * x3) - exp(((sqrt((cos((cos((6.282582283020 * x2)) * sin((sqrt((0.758429467678 * x1)) - cos(cos((1.444765806198 * x2))))))) ^ cos(((0.270556271076 * x4) * ((-0.267413079739) * x4))))) - sin(((-0.648376345634) * x5))) ^ 2)))))))',6.181823841554458,6.181826114654541,219957436,9,16,384,7,512,paper,4,0,550243861,5.689777818166666,59.17313609467456
3600.007277533412,'(1.588703751564 + (428.389953613281 * ((sin(((-1.359952092171) * x5)) - (exp(sqrt((((1.016528010368 * x6) ^ (((0.186644881964 * x4) / (1.552428841591 * x6)) ^ 2)) + (cos((1.346068382263 * x1)) - ((-0.519080817699) * x5))))) * 0.029496736825)) / (((-0.788522243500) * x5) + ((-0.107759788632) * x3)))))',6.074855099444451,6.074853420257568,194575940,9,15,384,7,512,paper,4,0,2204291346,21.26423552353473,65.60082840236686
3600.007178518921,'(5.115592956543 + (0.000000000625 * (((351.759124755859 * x5) ^ (((exp(((-0.541782796383) * x4)) - (-1.784663915634)) ^ 2) + ((1.266279697418 * x2) / ((((((-0.385117202997) * x6) + cos((349.699035644531 * x5))) * (((((-0.102811671793) * x4) - (0.179002031684 * x2)) / log((0.036272708327 * x4))) ^ 2)) + (2.114434480667 * x3)) - (81.323875427246 * x0))))) / ((13.029770851135 * x0) + (0.615085124969 * x3)))))',7.060593941144039,7.060638427734375,152092006,9,19,384,7,512,paper,4,0,2148995112,5.1152243096141445,35.17100591715976
3600.006937228143,'(2.125918149948 + ((-436.329589843750) * ((((((cos((1.322105169296 * x1)) * 3.578303337097) + cos((2.201010704041 * x5))) * (0.434294492006 * x6)) - ((-0.237709939480) * x5)) * (((-0.094647087157) * x5) + (cos(((-0.254114568233) * x5)) ^ 2))) / ((28.258470535278 * x6) + (((2.942669868469 * x5) + (sin(((-0.450247824192) * x4)) * ((-1.486477494240) * x5))) + ((5.741010189056 * x2) - ((-0.634353578091) * x3)))))))',5.957095225147316,5.957094669342041,188424287,9,22,384,7,512,paper,4,0,3980425317,9.480458427912763,37.42946745562131
3600.00694507733,'(4.997850418091 + (50.826679229736 * (((((0.387360483408 * x5) - exp(cos(sqrt(((cos((0.700738310814 * x1)) / (((0.707870960236 * x1) ^ cos(((-0.419521510601) * x5))) ^ 2)) ^ 2))))) ^ 2) - (((1.576926469803 * x0) / (exp(((-0.248869538307) * x6)) ^ ((-0.086622714996) * x5))) + (3.648469924927 * x4))) / ((0.434294492006 * x3) + (6.727613449097 * x2)))))',6.574433729703799,6.574432373046875,197526053,9,18,384,7,512,paper,4,0,1934392872,4.922455892734,40.97751479289941
3600.006723441184,'(5.527262687683 + ((-12.857954978943) * (((0.171279057860 * x5) - ((sqrt((0.977121651173 * x4)) * sqrt((sin(((-0.653469383717) * x1)) ^ 2))) + cos((0.507427990437 * x5)))) / (((((8.904401779175 * x6) - (log(((cos(((-1.999463915825) * x5)) ^ 2) / ((((-1.119395971298) * x2) - ((-1.035938739777) * x0)) ^ 2))) ^ 2)) - (3.571883201599 * x2)) + ((-0.160616174340) * x3)) / (1.414213538170 * x5)))))',6.027266117562867,6.027263164520264,185056500,9,21,384,7,512,paper,4,0,784044718,,67.99668639053255
3600.00703785941,'(37.328441619873 + ((-36.149162292480) * exp((log(sin((log(sqrt((((0.303272515535 * x4) ^ (0.432920128107 * x4)) ^ ((0.676370382309 * x1) ^ ((-0.205312982202) * x0))))) ^ 2))) / (((log(((0.308423846960 * x3) ^ 2)) ^ 2) + (((0.432920128107 * x1) / (0.711901366711 * x6)) ^ 1.442695021629)) - (1.961384177208 * x5))))))',211.6986433161388,7.369865417480469,184682872,9,17,384,7,512,paper,4,0,3606691181,152.8145700839562,53.85514792899409
3600.00680455938,'(3.659784078598 + (121.607215881348 * ((((-0.324571341276) * x5) - sin((4.018794059753 * x5))) * ((4.011559963226 * x5) / ((sqrt((0.576766669750 * x2)) - (-11.514451026917)) / (exp((((cos((0.509211242199 * x5)) / (exp(sin(((-0.289376437664) * x4))) / (0.028668329120 * x5))) / (-11.933171272278)) + ((4.011559963226 * x5) / ((-0.703073143959) * x3)))) / (((-0.703073143959) * x3) - (1.191171050072 * x0))))))))',6.132259538605773,6.132258892059326,188921559,9,25,384,7,512,paper,4,0,1728356533,8.222563532617311,45.5971597633136
3600.0068221464758,'(13.712091445923 + (2.438604831696 * ((((-1.249900221825) * x5) + sqrt((1.929262161255 * x3))) / log(((exp((exp(sin((sin(((-0.996337950230) * x1)) - log(exp((cos(cos((0.316282510757 * x5))) / (cos(sin((2.053080558777 * x3))) - (-0.250292390585)))))))) + (0.034727063030 * x5))) / (6.101694107056 * x2)) ^ 2)))))',6.789806311195417,6.789773464202881,207796876,9,20,384,7,512,paper,4,0,1592565386,6.631746914110779,57.465917159763315
3600.0058721601963,'(3.758160591125 + ((-0.000815460342) * ((((log((0.747223258018 * x1)) ^ (sqrt(((0.588591814041 * x6) / (0.765216886997 * x1))) ^ 2)) * ((28.892213821411 * x5) ^ cos((0.025880536065 * x1)))) * ((78.705535888672 * x5) + (((1.334504127502 * x5) ^ 2) / (exp(((7.432368755341 * x1) / ((-3.254822969437) * x2))) ^ sin((((-1.824660778046) * x5) ^ 2)))))) / (((-3.582783460617) * x2) + ((-0.395797729492) * x3)))))',6.469336332104423,6.4695000648498535,87874878,9,26,384,7,512,paper,4,0,3533734220,,53.533017751479285
3600.007500141859,'(3.376558065414 + (33.845512390137 * ((((0.331570565701 * x5) - log(exp(cos(((-0.508598327637) * x5))))) ^ 2) / ((1.230766534805 * x2) - ((((-0.831452131271) * x0) + (((sin(((0.331570565701 * x5) ^ ((-0.080138564110) * x4))) ^ (sin((2.321141481400 * x2)) / (3.056297779083 / sin((0.780704915524 * x6))))) ^ 2) ^ (0.331570565701 * x1))) + ((-0.310600787401) * x3))))))',6.497302954089524,6.497303009033203,148430014,9,23,384,7,512,paper,4,0,3356806661,7.483903230954155,61.70863905325443
3600.006978366524,'((-2134.726318359375) + (2538.828369140625 * sin(exp(((((cos(cos((0.088924407959 * x5))) ^ 2) + sqrt(cos(sin(cos((((-0.303305327892) * x5) ^ 2)))))) / (((-2.972453355789) * x2) - (((0.148330643773 * x5) ^ 2) - ((-0.413403987885) * x3)))) * ((cos((1.424608826637 * x6)) * exp(sin(((-4.279650688171) * x2)))) - (0.237520113587 * x5)))))))',6.559520074228023,6.559501647949219,207484867,9,24,384,7,512,paper,4,0,2765379632,,48.59005917159763
3600.006810773164,'(2.434286355972 + (28.744644165039 * (((((-0.208183497190) * x5) - cos(((0.479349970818 * x5) * (1.022145628929 * x5)))) - (0.143802613020 * x6)) / (((((0.548744142056 * x0) - (0.479349970818 * x5)) ^ ((exp((sqrt(((3.173215150833 * x3) / (6.970311164856 * x0))) + (((-4.680766582489) * x2) / (0.046775620431 * x3)))) ^ 2) / ((-4.554341316223) * x4))) / (((-0.208183497190) * x5) / (3.157835006714 * x3))) / (0.318309873343 * x5)))))',6.072572118460253,6.072561740875244,129743859,9,27,384,7,512,paper,4,0,2342600226,,129.35147928994084
3600.006339792162,'(14.060120582581 + (3.339016914368 * (((2.976934194565 * x3) - ((1.538743257523 * x5) ^ 2)) * (((2.933814048767 - sin(((-1.589649200439) * x1))) / (((-0.069494158030) * x5) + cos(((-0.468478947878) * x5)))) / (((47.436225891113 * x6) + (((-2.415737390518) * x0) / ((-1.097629070282) * x6))) + ((4.418457984924 * x2) - ((-4.651283264160) * x5)))))))',6.6689470055128455,6.668947696685791,219192373,9,28,384,7,512,paper,4,0,1904449481,2.0116972208733097,39.72082840236687
3600.00576627627,'((-0.930958390236) + (0.325355798006 * (((0.848538458347 * x5) * (((sqrt(sqrt(sqrt(exp(((1.854858875275 * x6) * (sin(((-0.692264378071) * x6)) + sin(((-0.650560796261) * x5)))))))) / exp(sin(sin(((1.107108116150 * x1) ^ 2))))) - log(((8.824524879456 * x2) + (0.848538458347 * x3)))) ^ 2)) / (((8.824524879456 * x2) + (0.848538458347 * x3)) / (0.848538458347 * x5)))))',6.874910410990367,6.874908447265625,183278473,9,29,384,7,512,paper,4,0,1934709049,13.91534552002194,50.51928994082839
3600.0062220208347,'(8.791304588318 + (0.387258648872 * (((((-0.936113417149) * (((0.468026846647 * x1) / exp(cos(log((((-1.238463401794) * x6) / ((-0.343173563480) * x4)))))) + sqrt((0.464661598206 * x3)))) + ((0.916043221951 * x5) + sin(((-3.270724296570) * x2)))) / log(((((1.008866786957 * x6) - cos(sqrt((((0.182282820344 * x4) ^ (0.204504564404 * x2)) - (0.204504564404 * x3))))) / cos(((-4.889735698700) * x5))) - ((-3.206658601761) * x2)))) ^ 2)))',6.215773365910944,6.21653413772583,299741664,9,0,384,7,512,paper,6,0,3324115916,8.945202475245848,44.4359693877551
3600.005919888616,'((-6.705810546875) + (0.912306547165 * (((((0.318309873343 * x2) + (0.532317161560 * x5)) / sqrt(((((exp(cos((((-0.889661729336) * x1) / (-0.391014039516)))) / sin(sin(sqrt(log((((-0.569864571095) * x5) ^ 2)))))) / (((0.434294492006 * x1) / (0.729210019112 * x2)) * 0.391909241676)) / cos(sin((1.104336857796 * x5)))) + (0.693147182465 * x3)))) / (cos(sin(((0.557609558105 * x5) ^ ((2.580752849579 * x5) / (0.693147182465 * x3))))) / ((0.464278668165 * x5) + log((((((2.034461736679 * x6) * (0.434294492006 * x1)) * (-0.391014039516)) / (-0.411740362644)) ^ 2))))) / sqrt(((0.114375799894 * x2) + sin(((-0.569864571095) * x5)))))))',6.093669122855765,6.093669414520264,109934453,9,2,384,7,512,paper,6,0,1884968544,10.285953974481293,65.46061224489797
3600.0049977190797,'(8.355131149292 + (1.209908246994 * (((sqrt((0.231870129704 * x3)) + ((0.241988956928 * x2) * (-0.320718526840))) + (sin(((-2.186107635498) * x5)) + sin(((-0.692420065403) * x5)))) ^ ((((1.623604059219 * x5) + (5.632191658020 * x6)) ^ 0.142795786262) - (sqrt((0.231870129704 * x3)) / (0.291974753141 * x5))))))',6.910371585646548,6.910372257232666,94521058,9,1,384,7,512,paper,6,0,2811363264,4.599675569586233,43.733112244897946
3600.0068752989173,'(125.637298583984 + (18.007616043091 * (((sqrt((1.541692376137 - (((sqrt(cos((sin((log((0.393340915442 * x3)) / (-0.596972644329))) - sqrt(exp((sin(cos(((8.138458251953 + ((44.989654541016 * x6) * (0.845400154591 * x5))) / log(1.126144289970)))) ^ 2)))))) * cos(sin((cos(((-0.768853485584) * x1)) + exp((0.435735762119 * x1)))))) ^ 0.777501106262) ^ 2))) - log(((44.383296966553 * x6) + (0.351217716932 * x3)))) - (sin((0.325635015965 * x5)) / ((-0.050926767290) * x2))) - ((sqrt((18.428047180176 * x6)) - sin(((-2.223697662354) * x5))) / ((-0.231719061732) * x2)))))',5.810180308727141,5.809942722320557,119511905,9,3,384,7,512,paper,6,0,1859786275,4.892819254108196,95.62836734693876
3600.0054826512933,'(12.048001289368 + (0.161390900612 * ((((-1.436010122299) * x3) / (((9.285605430603 * x2) ^ 2) - ((0.707106769085 * x3) ^ 2))) ^ (((1.682718873024 * x3) - ((1.418660879135 * x5) ^ 2)) / ((1.375218629837 * x5) ^ 2)))))',7.92242504103861,7.922417163848877,167960421,9,5,384,7,512,paper,6,0,369133708,10.78193001239757,41.03678571428571
3600.0072373002768,'(746.440002441406 + (381.672088623047 * (sin((((2.296227931976 * x5) + (1.547495722771 * x6)) ^ 0.303646385670)) - log(log(log((((((0.952785968781 * x2) - exp(log(exp((sin((((((4.536006927490 * x0) / (1.264812707901 * x6)) + ((-1.287199974060) * (-0.990551531315))) ^ (cos((1.065467000008 * x5)) - ((-1.378114938736) - 0.580327451229))) - ((-1.668717503548) * x1))) * 2.108290910721))))) - (0.318309873343 * x5)) - cos((3.000107765198 * x0))) / ((0.038476258516 * x2) / (((7.649586200714 * x0) + (2.806010961533 * x3)) + (sqrt(((exp(((1.103499174118 ^ cos((5.878553867340 * x0))) / (0.023867815733 * x1))) ^ (cos((0.692331790924 * x5)) + 0.303646385670)) + ((0.780059218407 * x2) ^ (((0.127092644572 * x5) + ((-1.668717503548) * x1)) + (-1.287199974060))))) + ((-20.355747222900) * x2)))))))))))',6.069155603295542,5.8604736328125,79858772,9,4,384,7,512,paper,6,0,3687649985,3.4240101511885714,47.259591836734685
3600.006338633597,'((-2046.300537109375) + ((-3547.755371093750) * (((((2.790667533875 * x5) - ((-0.667517542839) * x3)) - cos(((cos((0.693147182465 * x2)) + (0.806314945221 * x1)) - (log(log(((0.135200127959 * x4) ^ exp((exp(((-1.066082477570) * x1)) / ((-0.140253409743) * (-0.140253409743))))))) ^ 2)))) - (exp(cos(((2.790667533875 * x5) * (0.564808905125 * x5)))) - cos(((-1.336698532104) * x5)))) / ((((0.135200127959 * x4) ^ 2) - ((4.346510410309 * x5) - ((-1.156508207321) * x3))) - (cos(((-0.179231598973) * x5)) * ((0.164799362421 * x4) ^ 2))))))',6.07969673695986,6.079681396484375,170234959,9,7,384,7,512,paper,6,0,865305066,,50.27836734693877
3600.007399685681,'((-0.323921710253) + ((-34.757225036621) * (((cos((0.424323230982 * x5)) - (cos((sin(((-0.429721683264) * x4)) + ((0.444028615952 * x3) / (1.724208474159 * x0)))) + (0.166690915823 * x5))) / log((0.572938919067 * x2))) / ((cos(((-4.041444301605) * x5)) + ((0.291392415762 * x3) / (2.041162967682 * (sin(((2.302585124969 * x6) - ((-0.422701716423) * x4))) + (0.318309873343 * x5))))) ^ cos(cos(((0.424323230982 * x5) / (1.835247516632 * x0))))))))',5.6946325585848045,5.694632053375244,188404909,9,6,384,7,512,paper,6,0,2995172877,6.331372829862268,60.70882653061225
3600.006795324385,'(4.199227333069 + (5.361757755280 * (((sin(((-0.522993266582) * x5)) + (sin(((-1.941844463348) * x5)) + (0.492518126965 * x5))) ^ 2) / (((1.414213538170 * x3) + (((27.991096496582 * x0) * (exp(((-1.178463101387) * x6)) ^ 2)) + (17.481353759766 * x2))) / (sin(((-1.570803999901) * x5)) + ((0.185998186469 * x5) + (sin((4.661006927490 * x0)) ^ 2)))))))',6.160979083141027,6.160982608795166,187436379,9,9,384,7,512,paper,6,0,2261209995,8.102432682600263,57.220828402366855
3600.0060313344,'((-10.213605880737) + (20.567913055420 * exp((sin((log((2.302585124969 * x3)) / ((-1.070823669434) + ((((((-1.042645573616) * x2) / (((-0.780750930309) * x2) - ((-1.498105764389) * x4))) ^ ((0.023690054193 * x5) - (1.052829980850 / cos(cos((0.295682966709 * x5)))))) - ((-0.307104259729) * x5)) * (-0.020931959152))))) ^ 2))))',6.618127500749428,6.618127346038818,175281689,9,10,384,7,512,paper,6,0,4190266092,15.847396269648545,81.26520710059171
3600.005647867918,'(13.781475067139 + ((-18.058725357056) * (((sqrt((0.159507170320 * x3)) - (0.344650775194 * x5)) - exp(cos(((-0.467246830463) * x5)))) / ((sqrt((1.435482501984 * x2)) - cos(((-3.996779918671) * x5))) - sin(sin((sqrt(log((0.979476630688 * x3))) ^ (1.588494777679 * x6))))))))',6.063560558314157,6.063558101654053,171688552,9,13,384,7,512,paper,6,0,3081541439,7.899659639814999,39.60248520710059
3600.006858982146,'((-13.846280097961) + (0.112302072346 * ((((85.412391662598 * x5) ^ 2) + (((0.595717191696 * x4) ^ 5.578377246857) * ((11.583669662476 * x6) ^ cos((5.812723159790 * x5))))) ^ ((((2.491755723953 * x5) ^ (-0.216321289539)) * log((7.205591201782 * x3))) ^ (((1.151128530502 * x5) ^ (-0.239224240184)) - 1.301374673843)))))',7.087089060704899,7.0870680809021,61535292,9,12,384,7,512,paper,6,0,3269070126,2.2721109360090814,61.78745562130178
3600.0069277100265,'(8.619783401489 + (1.688828349113 * (((((-0.843181550503) * x5) + sqrt((0.352662563324 * x3))) ^ 2) / sqrt((sqrt(((0.277304798365 * x4) ^ (((((sin((0.297182977200 * x1)) * 0.382558077574) / sin((2.389483690262 * x6))) / (-0.174521565437)) + 1.224853038788) / (-0.174521565437)))) + (154.021453857422 * x2))))))',7.164030070565489,7.1640305519104,195229099,9,8,384,7,512,paper,6,0,404488628,,102.83325443786981
3600.0066981725395,'((-1009325.750000000000) + (1009329.562500000000 * ((((0.256241381168 * x4) + (sqrt(sqrt((((5.979109287262 * x6) - (0.256241381168 * x4)) * (6.142489910126 * x6)))) ^ cos(cos((0.690110266209 * x5))))) + cos(((2.696006298065 * x6) - (0.256241381168 * x4)))) ^ (cos(cos((0.089437544346 * x5))) / (23.006580352783 * x3)))))',6.444158095074837,6.404104232788086,105470106,9,14,384,7,512,paper,6,0,3376120482,8.46605646238065,52.635621301775146
3600.008390493691,'(13.296263694763 + (0.000003435211 * ((((6.137442111969 * x5) + ((12.428436279297 * x6) + ((-0.103510379791) * x3))) * ((((0.043748151511 * x5) - sin((0.463427424431 * x4))) + (1.414213538170 * x1)) + sin((10.061217308044 * x1)))) * ((((-4.277082443237) - ((-0.209931030869) * x5)) + sin((2.304297208786 * x5))) * (((2.581376314163 * x5) + ((-0.157984495163) * x0)) + (exp(exp(sqrt(((sin(((cos(sin((1.235916018486 * x5))) - cos((7.092689514160 * x5))) + (5.147727012634 * x5))) ^ 2) + sin((exp(sin((10.134859085083 * x1))) ^ 2)))))) + ((-0.649862170219) * x2)))))))',5.880269606454578,5.880271911621094,104184558,9,11,384,7,512,paper,6,0,3160032368,6.555332079202353,37.648639053254435
3600.006728887558,'((-3.981397628784) + (17.582853317261 * ((((((-0.069454096258) * x5) ^ 2) ^ (((0.288766890764 * x2) ^ 1.870548129082) ^ (-0.050081811845))) + (0.286099612713 * x6)) / ((((0.079548917711 * x3) * 0.158224821091) + (exp(cos(((-0.339162290096) * x5))) ^ 2)) ^ 0.562564373016))))',7.231463221630935,7.231462478637695,77934707,9,17,384,7,512,paper,6,0,3606691181,7.961348675580817,53.85514792899409
3600.0057843513787,'(79.422767639160 + ((-79.899955749512) * (exp(cos((((-0.017415799201) * x4) / (0.658636748791 * x6)))) ^ (exp((0.021118320525 * x5)) / (((0.281956702471 * x3) / ((-1.190454840660) * x5)) + (((-0.050334263593) * x2) + cos(((-0.549546003342) * x5))))))))',6.896666559980399,6.896667003631592,151803926,9,16,384,7,512,paper,6,0,550243861,6.261018825840195,59.17313609467456
3600.007778778672,'((-2.517511606216) + ((-1.470273971558) * ((((exp(((-1.074518442154) * exp((0.205935239792 ^ (2.092897653580 * x6))))) / (0.039516448975 * x3)) * (((-0.118912234902) * x3) + (1.055107593536 * x5))) * ((exp(cos((sqrt((log((0.320210367441 * x5)) / exp(((0.707748115063 - ((-0.119069755077) * x2)) / ((-0.118912234902) * x2))))) ^ 2))) / (0.577876865864 * x3)) * (sin((1.444636702538 * x5)) + (0.340187758207 * x5)))) * (((((-0.050652168691) * x2) + (0.876281678677 * x5)) + cos((2.041919946671 * x5))) ^ 2))))',6.4392312471713575,6.439229488372803,129467022,9,18,384,7,512,paper,6,0,1934392872,5.778277057804967,40.97751479289941
3600.005619391799,'(5.913393020630 + (3.450392723083 * (((sin(((-0.567087769508) * x5)) - (0.205117419362 * x5)) * ((sin((1.404959201813 * x5)) - (0.254793524742 * x5)) * (sin(((-0.534019410610) * x3)) - (0.318309873343 * x5)))) / (((((-2.396908521652) * x5) - ((((-0.000125348568) * x3) ^ 2) / sin(((1.013636946678 * x6) / (0.750443220139 * x3))))) - (4.320464611053 * x2)) - (0.241731896996 * x3)))))',6.517982687714071,6.517993450164795,155935991,9,24,384,7,512,paper,6,0,2765379632,,48.59005917159763
3600.005318082869,'(2.902146577835 + (14.596801757812 * (((((0.130553990602 * x5) / (3.217251300812 * x3)) * (0.130553990602 * x5)) * (1.123824596405 * x5)) + ((((1.148364663124 * x5) / (2.289049625397 * x2)) * (0.123064585030 * x5)) * ((0.358049631119 * cos(log(((1.148364663124 * x5) * sqrt((((0.385610431433 * x2) * ((-1.151038169861) * x6)) / ((-0.511185824871) * x3))))))) ^ 2)))))',7.676270272423957,7.67626953125,187384159,9,20,384,7,512,paper,6,0,1592565386,6.6151786830440695,57.465917159763315
3600.0091173909605,'(7.267173767090 + ((-0.160614117980) * ((((((((-0.075587451458) * x5) + sin(((-0.653328895569) * x5))) ^ 2) - (0.681022584438 * x2)) / (((-1.521553039551) * x4) - ((-0.633093118668) * x5))) - (sin((sqrt((0.965813696384 * x2)) ^ log((0.435471475124 * x1)))) + ((-0.105328395963) * x5))) / (((((-5.705803871155) * x5) - (0.707106769085 * x3)) * ((((((-1.240026831627) * x4) + (0.781192719936 * x2)) + ((-0.100078560412) * x5)) ^ (0.210679098964 ^ 2)) / ((-5.705803871155) * x5))) * (sin((sin(((sin(((-0.075587451458) * x5)) ^ (0.210679098964 ^ 2)) + (sin((2.302585124969 * x5)) * ((sin(((-5.705803871155) * x5)) ^ 2) * ((-0.075587451458) * x6))))) * sin(log((0.644148707390 * x5))))) / ((1.091008901596 * x6) - ((-0.633093118668) * x5)))))))',5.409634606262898,5.409637451171875,74296423,9,15,384,7,512,paper,6,0,2204291346,19.802395951429244,65.60082840236686
3600.0061203874648,'(1.788852572441 + ((-166.499618530273) * ((((((-0.309964060783) * x6) + ((-0.303173780441) * x5)) - sin((((-0.312467366457) * x5) * ((-0.312467366457) * x5)))) * ((cos(sin((0.438201218843 / (((1.589900612831 * x4) ^ cos((0.518220424652 * x4))) * cos((0.347892343998 * x0)))))) - ((-0.036361750215) * x5)) ^ (log((((sin(((-0.649828433990) * x5)) * (-0.006817209534)) + 0.562717080116) + 0.568601429462)) * (0.078803896904 * x5)))) / ((((1.225222468376 * x2) - ((-0.104635268450) * x3)) - (((-0.244915083051) * x0) - (0.481797158718 * x5))) - (sin((3.313791990280 * x2)) / sin((0.078803896904 * x5)))))))',5.381411776412779,5.381261825561523,86374481,9,22,384,7,512,paper,6,0,3980425317,11.593116543996258,37.42946745562131
3600.007850445807,'(9.664502143860 + (0.179639384151 * ((exp(cos(((-0.549605011940) * x5))) + (cos((1.268606185913 * x1)) + sqrt((0.999864757061 * x5)))) / ((((0.250374317169 * x0) + (0.053010746837 * x3)) / ((1.343565940857 * x5) + ((-0.294724553823) * x2))) / (cos((2.285815000534 * x5)) + (((sqrt(((0.999864757061 * x5) - (exp(cos(cos(((2.718281745911 * x5) + ((-0.294724553823) * x2))))) / sqrt((0.037956107408 * x6))))) - ((exp(((0.037956107408 * x6) - (0.401670694351 * x4))) * ((-0.294724553823) * x2)) / sin(((-3.097953319550) * x1)))) + (-1.688687324524)) ^ (sqrt(((0.125403538346 * x4) ^ ((-2.303187608719) * (-0.102487184107)))) + 0.422333121300)))))))',5.610147673189339,5.610149383544922,107401498,9,21,384,7,512,paper,6,0,784044718,,67.99668639053255
3600.0076322853565,'(2.223438739777 + (0.444747924805 * ((((0.262479543686 * x5) - sin(((-0.649609744549) * x5))) / (((3.447266340256 * x5) - ((-1.494361639023) * x2)) + (((-9.003045082092) * x4) - ((-0.425177633762) * x3)))) * ((((((sin((1.275500178337 * x5)) + (0.305406093597 * x1)) ^ 2) * cos((((0.241184800863 ^ 2) ^ (0.316344290972 / ((-0.339672386646) * x6))) + ((((((((-0.339672386646) * x6) + sin((1.414213538170 * x3))) ^ 2) / exp((0.315312057734 * x1))) ^ 2) ^ 2) ^ 2)))) - (0.752616763115 * x5)) - sin((2.308911085129 * x5))) ^ 2))))',6.274312693585979,6.2742791175842285,101781354,9,19,384,7,512,paper,6,0,2148995112,1.9203946841139883,35.17100591715976
3600.006998002529,'(106.646339416504 + ((-21.481958389282) * log(((sqrt((3.175406694412 * x3)) - (1.645156383514 * x5)) + (exp(2.116891145706) ^ 2.066995143890)))))',8.715437879181803,8.715432167053223,213427217,9,23,384,7,512,paper,6,0,3356806661,8.998405566546886,61.70863905325443
3600.006950538605,'(32.043338775635 + (24.870574951172 * sin(cos(log(((sin((3.169881343842 * x5)) ^ 2) * ((14.419099807739 * x2) + (((42.897907257080 * x6) - (0.639471232891 * x3)) / (-0.415995389223)))))))))',7.746383914956833,7.746189117431641,391567929,9,25,384,7,512,paper,6,0,1728356533,7.4154588496332146,45.5971597633136
3600.007786437869,'(7.866180896759 + ((-0.059623118490) * ((((((-0.202592507005) * x6) - sin((4.273489952087 * x3))) / cos((7.716403961182 * x5))) - (((4.940387725830 * x5) ^ 2) / (10.419299125671 * x2))) - ((((0.840925574303 * x5) ^ 2) / ((2.429753303528 * x3) / (4.062151432037 * x5))) - (((2.156599521637 * x3) + (15.238295555115 * x0)) / (1.103225231171 * x2))))))',6.270223929932475,6.270224094390869,180788081,9,26,384,7,512,paper,6,0,3533734220,,53.533017751479285
3600.0079428702597,'(3.663024425507 + (3.692852258682 * ((((0.160700291395 * x5) - sin((4.907685756683 * x5))) - sin((sin((1.382862210274 * x5)) + ((-0.182962790132) * x6)))) / ((((0.218908414245 * x3) - ((-0.364477902651) * x0)) - (((((0.914860129356 ^ ((-1.211667776108) * x4)) / 0.730836212635) - ((1.433580756187 * (6.506454944611 * (cos(((((-0.806295633316) * x0) + ((-0.182962790132) * x6)) - cos(((-0.281755566597) * x0)))) ^ 2))) + 4.055361747742)) ^ 2) - (1.166910171509 * x2))) * (((0.426326632500 * x5) - sin((0.523897886276 * x5))) ^ (-1.655104756355))))))',6.000987753452151,6.000993728637695,89117760,9,29,384,7,512,paper,6,0,1934709049,9.083004373441053,50.51928994082839
3600.007654547692,'(4.158767700195 + ((-0.874006927013) * ((((((-0.237350910902) * x5) ^ 2) * (cos(((2.298545122147 * x0) * sin((0.608710229397 * x4)))) - (sin(((exp(((0.610440611839 * x4) + (0.255905419588 * x4))) - cos((((-0.878601968288) * x2) ^ 2))) * (0.255905419588 * x4))) + (0.286710292101 * x5)))) - ((((sin((0.650312304497 * x5)) / (-0.172299548984)) * (0.247405722737 * x4)) - (0.553283214569 * x4)) ^ 2)) / ((((0.100081771612 * x3) + (0.267010211945 * x0)) + (0.318479478359 * x2)) + (sin((2.389317274094 * x5)) / (-0.126363977790))))))',6.791744600911758,6.203849792480469,146315266,9,28,384,7,512,paper,6,0,1904449481,2.292259377525863,39.72082840236687
3600.0077135637403,'(4.320362091064 + (0.054071191698 * (((((1.387754559517 * x3) / (2.882969617844 * x2)) / (2.628403186798 * x5)) + (((1.454307556152 * x3) / (2.882969617844 * x2)) ^ (-1.200925350189))) * ((((2.124118804932 * x3) * exp((cos(exp(sin(sqrt((cos(((exp(sqrt(0.662469387054)) / exp(((0.966572880745 - ((-0.383899301291) * x1)) / sin(((-0.383899301291) * x1))))) - cos((((2.036620616913 * x3) * (0.055697016418 ^ 2)) / (0.253325283527 * x0))))) ^ 2))))) ^ 2))) ^ (-0.943626224995)) * ((((-11.177229881287) * x4) - (((-33.990016937256) * x6) - sqrt((((1.414901852608 * x5) ^ 1.772453904152) ^ 2)))) ^ 2)))))',14.077485634211875,6.87363862991333,67913208,9,27,384,7,512,paper,6,0,2342600226,,129.35147928994084
3600.007712569088,'(4.265521526337 + (0.000035838650 * ((((-3.282664299011) * x5) ^ 2) / (((2.516817331314 * x0) - (((-4.310686111450) * x5) - (0.707106769085 * x3))) / (((((-3.704092741013) * x5) - ((-0.457476139069) * x2)) / (-0.010821912438)) ^ exp((log((((exp(((-1.606847643852) / (0.205728054047 * x4))) ^ 2) ^ 2) + sqrt(sqrt((exp(((-0.411792010069) * x6)) * (0.696198999882 * x6)))))) ^ 2)))))))',7.259561722610157,7.259557723999023,127260735,9,0,384,7,1024,paper,4,0,3324115916,10.17203922266619,44.4359693877551
3600.007219921797,'(2.710067033768 + (0.057743936777 * (((1.002888441086 * x5) ^ 2) / ((((((-1.752780079842) * x2) + ((-0.281257569790) * x3)) + ((((0.282115161419 * x6) / sin(((-0.590038001537) * x2))) ^ 2) - ((((-1.081081390381) * x6) / (((-0.119892403483) * x1) ^ 2)) * ((-4.158517360687) * x6)))) + ((-0.415585100651) * x0)) / (((-4.306960105896) * x6) + (((-0.710473358631) * x5) - (exp(cos((0.709952056408 * x5))) * (1.827941060066 * x6))))))))',6.416939692808683,6.416932582855225,176924777,9,1,384,7,1024,paper,4,0,2811363264,3.2537057540049146,43.733112244897946
3600.01020308584,'((-6.064033508301) + (58.937072753906 * (((0.118879757822 * x5) - log(((cos(((-0.169534802437) * x5)) ^ (2.597347259521 * x6)) + ((0.607567548752 * x2) * ((0.607567548752 * x2) / ((((12.404453277588 * x0) + (12.511890411377 * x0)) + ((-15.548761367798) * x2)) ^ exp(0.169547498226))))))) / sqrt((((0.096110656857 * x3) + ((-0.678873896599) * x5)) - (cos((1.423858642578 * x5)) + ((-0.805378794670) * x0)))))))',6.786076170157377,6.786076068878174,128757695,9,2,384,7,1024,paper,4,0,1884968544,6.782563846080248,65.46061224489797
3600.008362222463,'(2.539287328720 + (1.469886660576 * (((cos((1.962795138359 * x5)) - ((-0.294546902180) * x5)) * ((sin((1.530244350433 * x5)) + (exp(cos((1.371208071709 * x1))) + (0.248546004295 * x5))) * (cos(((-0.585473060608) * x5)) - (0.265924811363 * x5)))) / (((-0.137044966221) * x3) - (((((-0.370241969824) * x0) / ((-1.295639395714) * x6)) - ((-1.510846853256) * x2)) + (1.318959355354 * x5))))))',6.435177408828284,6.435178279876709,189605699,9,4,384,7,1024,paper,4,0,3687649985,3.635136207637017,47.259591836734685
3600.008276671171,'(2.528723001480 + (0.681509792805 * (((cos(((-1.382127642632) * x5)) - (0.533883750439 * x5)) ^ 2) * ((sin((0.604041039944 * x5)) + ((-0.324737936258) * x5)) / (((-2.682612895966) * x2) - (((0.607096552849 * x5) * ((exp(cos((((1.739887952805 * x5) + ((-0.979203581810) * x2)) + (0.522157728672 * x5)))) + cos((((-3.108639001846) * x2) ^ 2))) + sin((2.488435745239 * x1)))) + (0.379616320133 * x3)))))))',6.181233078177351,6.180488586425781,202414025,9,3,384,7,1024,paper,4,0,1859786275,5.377224480906897,95.62836734693876
3600.0084937773645,'((-1.726079225540) + ((-61.273727416992) * (((0.233996644616 * x5) + ((log(exp((cos(((-0.587836623192) * x5)) - cos(((-0.362086385489) * x6))))) ^ 2) * (0.465585201979 * x6))) * ((sin((3.937556028366 * x5)) + (0.434294492006 * x5)) / (((((-0.362086385489) * x3) - (3.707540035248 * x5)) - ((((0.237873390317 * x5) + ((-1.404202699661) * x4)) ^ 2) * sin((1.405812025070 * x2)))) - (2.347447156906 * x2))))))',5.879459970356784,5.879461288452148,167056030,9,5,384,7,1024,paper,4,0,369133708,6.156555564137709,41.03678571428571
3600.009281527251,'(1.867194890976 + (2.845613718033 * (((((((((0.489463210106 * x5) ^ (cos((0.658283054829 * x1)) ^ 2)) + ((-1.659347295761) * x4)) / ((-0.822148263454) * x6)) + ((-2.251149415970) * x5)) / ((-0.166508018970) * x5)) - ((-0.166515827179) * x5)) ^ 2) * ((sin((0.527180135250 * x5)) + ((-0.195622339845) * x5)) / (((-4.809357166290) * x2) - ((2.604052782059 * x5) - ((-0.212779477239) * x3)))))))',6.749057897803596,6.749058246612549,179429947,9,6,384,7,1024,paper,4,0,2995172877,7.449604419060717,60.70882653061225
3600.0083323679864,'((-1.108586549759) + ((-8.873816490173) * ((((0.073053903878 * x5) - exp(((((0.972469270229 * x6) ^ exp(((-0.246687531471) * x1))) - 0.695858001709) ^ (cos(((-0.095271453261) * x4)) + (((-0.948246657848) * x6) ^ 2))))) * (sin((0.608377933502 * x5)) + (((-0.217074707150) * x5) + ((-0.260288447142) * x4)))) / (((((-0.072300821543) * x3) - (7.286732196808 * x1)) * (-0.289137482643)) ^ 0.821433186531))))',6.694168700310942,6.6941680908203125,86925099,9,8,384,7,1024,paper,4,0,404488628,8.947660199188025,102.83325443786981
3600.008670028299,'(9.284068107605 + (0.127247169614 * ((log(((cos(cos((((-4.331926822662) * x5) ^ 2))) / (0.386266052723 * x2)) / (log((1.650171160698 * x5)) - (2.097962856293 ^ 2)))) * (((((1.650171160698 * x5) ^ 2) - ((-13.312108993530) * x0)) + (150.755523681641 * x5)) + ((-5.167208671570) * x3))) / (((-0.754914462566) * x0) - (3.021913051605 * x2)))))',6.677891199623244,6.672328948974609,188400918,9,9,384,7,1024,paper,4,0,2261209995,5.122227156939709,57.220828402366855
3600.0087073147297,'(3.378243446350 + ((-1.465088725090) * (((sin(((2.152524948120 * x5) - sin((4.564739227295 * x5)))) + (0.440761685371 * x5)) ^ 2) / ((((3.330150365829 * x2) + (0.999212324619 * x0)) - ((-0.375120699406) * x3)) / (((-0.238328278065) * x5) + cos(((-1.381432414055) * x5)))))))',6.600979892127303,6.600980281829834,260461457,9,7,384,7,1024,paper,4,0,865305066,,50.27836734693877
3600.008805952966,'((-40.628582000732) + (0.248309284449 * ((sqrt(((((1.569654583931 * x6) * (9.058003425598 * x4)) ^ cos(((-0.628190577030) * x5))) + (9.055036544800 * x4))) - ((-2.496849298477) * x5)) / cos(cos((log(log((0.576913535595 * x3))) ^ 2))))))',7.262233664062541,7.262226581573486,201572932,9,11,384,7,1024,paper,4,0,3160032368,5.163679565719486,37.648639053254435
3600.010236091912,'(3.630917549133 + ((-0.257859587669) * (((log((102.605690002441 * x6)) + ((0.360376775265 * x5) - sin((2.489066600800 * x1)))) ^ 2) / ((((-0.329586595297) * x3) - (4.860188484192 * x5)) / (((((-1.749409794807) * x4) ^ 2) * ((sin((0.882624745369 * x2)) / ((-0.155211225152) * x2)) ^ 2)) - (((-1.355856537819) * x5) - (((-0.137316435575) * x2) - (sin((0.608685970306 * x5)) / 0.168789476156))))))))',6.0916630641653,6.0916619300842285,178446774,9,10,384,7,1024,paper,4,0,4190266092,13.19401129662281,81.26520710059171
3600.010337788612,'(5.970465183258 + ((-1.769694328308) * ((((((sqrt((cos((((-0.344030857086) * x3) ^ 2)) ^ 2)) / (0.556871831417 * x6)) + ((-0.344607412815) * x5)) + (cos((0.589101433754 * x5)) - sin((log((2.089323043823 * x2)) / sin(exp((0.220629498363 * x1))))))) ^ 2) * (sin((((-0.378153353930) * x5) ^ 2)) + ((-0.200104981661) * x5))) / ((3.088121652603 * x2) - ((-0.278185784817) * x3)))))',6.18425613655448,6.201999664306641,202139412,9,12,384,7,1024,paper,4,0,3269070126,2.404182801532893,61.78745562130178
3600.0070687793195,'(3.815207242966 + (47.839633941650 * (((cos((0.549484908581 * x5)) - ((-0.293235063553) * x5)) ^ 2) / ((((0.259785622358 * x3) - ((-1.168420076370) * x0)) - ((-3.582575559616) * x2)) + log(((exp((((-0.666227102280) * x4) * cos(((-3.999225616455) * x5)))) ^ 2) ^ 2))))))',6.591968992241253,6.591968536376953,249790800,9,13,384,7,1024,paper,4,0,3081541439,10.291725763649474,39.60248520710059
3600.0096036344767,'(4.048440456390 + ((-4.575570106506) * (((cos((1.382371664047 * x5)) + ((-0.499716639519) * x5)) ^ 2) / ((((2.397222757339 * x3) - ((-5.439575195312) * x0)) - ((sqrt(0.732563138008) ^ cos(sin(((0.685461938381 * x1) + (1.414213538170 * x6))))) ^ ((-2.424035072327) * x4))) / (((-0.273981869221) * x5) + sin((0.607382297516 * x5)))))))',6.56764370681431,6.567643642425537,129406230,9,16,384,7,1024,paper,4,0,550243861,6.442836151508269,59.17313609467456
3600.007542889565,'((-9.408648490906) + (1.171522855759 * (((((sin((1.960994720459 * x6)) * ((-0.153949737549) * x3)) + ((-22.115167617798) * x4)) + ((1.237412691116 * x5) ^ 2)) + (39.543594360352 * x2)) / (((6.124572277069 * x5) + ((21.009191513062 * x2) + (0.578304409981 * x3))) / ((0.111778840423 * x5) + exp(((((0.508014798164 * x5) ^ cos((0.111778840423 * x5))) ^ 2) - ((sin(((-2.081256389618) * x5)) ^ 2) ^ 2))))))))',6.666350263747937,6.666348934173584,134588165,9,18,384,7,1024,paper,4,0,1934392872,7.262754503025637,40.97751479289941
3600.010384518653,'(0.961218178272 + ((-33983.062500000000) * ((1.184161067009 ^ (sin((0.325063079596 * x5)) - (sqrt(((exp(exp(sin((0.490235537291 * x3)))) / ((exp((0.106758601964 * x2)) ^ (0.020045837387 * x2)) + ((-2.884150028229) * x2))) + (0.019286915660 * x2))) ^ ((cos(((-0.338167428970) * x4)) - cos(((-4.074443340302) * x5))) + ((-2.131498575211) * x6))))) / (((-0.308355718851) * x3) + ((-5.509534835815) * x2)))))',6.174171403961435,6.174170970916748,101695484,9,14,384,7,1024,paper,4,0,3376120482,8.852987855620235,52.635621301775146
3600.008844997734,'(5.404386520386 + ((-0.151387840509) * (((((-7.643924713135) * x5) - exp((0.205136403441 * x4))) / (1.072570562363 * x3)) * ((((-0.306739956141) * x5) - (cos((0.546333670616 * x5)) + (sin(((((6.933453083038 * x3) ^ (0.008378863335 * x4)) - (exp(sqrt(exp(cos(((-0.051044650376) * x2))))) + ((-2.149426221848) * x1))) ^ sin((0.707106769085 * x5)))) + sin(((-2.557585477829) * x1))))) ^ 2))))',6.338271871824382,6.338271617889404,121678114,9,19,384,7,1024,paper,4,0,2148995112,3.2121883280847734,35.17100591715976
3600.0101504661143,'((-7.863924980164) + (328.509185791016 * (((sin((0.241811886430 * x5)) + (0.508867144585 ^ sin((11.848215103149 * x6)))) + ((sin(exp(((cos(((-3.039106130600) * x1)) / (3.684345245361 * x6)) + cos((0.057843487710 * x4))))) - sqrt(sqrt(((15.692056655884 * x6) - ((-5.409345626831) * x4))))) ^ 2)) / (sqrt((1.392115354538 * x3)) - ((-0.162632942200) * x2)))))',6.40182886438762,6.40182638168335,155262457,9,17,384,7,1024,paper,4,0,3606691181,6.995698333878394,53.85514792899409
3600.0081114135683,'(4.809860229492 + (0.028647568077 * ((((4.101256370544 * x5) + log(sin((((((1.841959357262 * x2) ^ 2) / (6.187348365784 * x5)) ^ ((-0.109990835190) * x5)) ^ 2)))) ^ 2) * (((0.184839785099 * x5) - sin((6.892086982727 * x5))) / (((((-0.209541738033) * x5) ^ 2) + (1.128165602684 * x0)) + (0.316889345646 * x3))))))',7.198385608926544,7.175896167755127,151123739,9,22,384,7,1024,paper,4,0,3980425317,10.043762577972133,37.42946745562131
3600.009430926293,'((-0.008521436714) + (173.383193969727 * (((0.064423128963 * x5) ^ (exp(cos((cos((0.293835639954 * x5)) / (log((0.011296898127 * x6)) - cos((1.085390090942 * x5)))))) ^ (cos(exp(((-1.975371956825) * x6))) ^ 2))) / ((0.819333493710 * x2) + ((exp((0.055942982435 * x5)) + (0.127085313201 * x3)) + (sin((1.785436987877 * x2)) * exp((0.165910229087 * x4))))))))',6.399554337292709,6.399559020996094,111197448,9,20,384,7,1024,paper,4,0,1592565386,5.886228651393737,57.465917159763315
3600.010460343212,'((-2.521074056625) + ((-23.790369033813) * (((((((0.978496015072 * x5) ^ 2) - ((6.208570480347 * x5) * cos((((-0.169842600822) * x5) * (0.985870778561 * x5))))) * ((-0.030562909320) * x5)) * cos(1.445838212967)) - ((((exp(sin((11.682958602905 * x2))) ^ 2) ^ 2) - ((1.340553522110 * x0) - (35.073867797852 * x6))) + (9.036004066467 * x2))) / ((11.929062843323 * x2) - ((-0.354236781597) * x3)))))',6.053239435130965,6.053243160247803,254384012,9,15,384,7,1024,paper,4,0,2204291346,19.52590969218452,65.60082840236686
3600.008570678532,'((-206.968276977539) + (159.640853881836 * (exp(((((cos(cos((0.294705390930 * x5))) + ((-0.057563841343) * x1)) + (0.086283512414 * x6)) / (0.668524861336 * x2)) + 0.859393417835)) + cos(((log(sqrt((1.395523667336 * x3))) ^ 0.861060619354) / sqrt(log((0.056567322463 * x5))))))))',6.902123367807493,6.90210485458374,150518375,9,21,384,7,1024,paper,4,0,784044718,,67.99668639053255
3600.0078779049218,'(1.056607007980 + ((-0.008205502294) * ((((-2.242370605469) * x5) ^ 2) / ((((((-0.089308232069) * x3) - (0.469474464655 * x2)) - (1.101599335670 * x5)) + ((0.604002237320 * x4) / sin((3.814397811890 * x1)))) / (((exp(cos((0.624955058098 * x5))) + (0.423877656460 * x5)) - sin(((-2.063183784485) * x5))) - (((sin((1.446469426155 * x5)) + log((0.118685357273 * x1))) ^ 2) - (0.643583357334 * x6)))))))',6.405255358436136,6.405254364013672,166087408,9,23,384,7,1024,paper,4,0,3356806661,6.6651792963740295,61.70863905325443
3600.0091694891453,'(391.355773925781 + ((-390.685058593750) * sqrt(exp((((log(exp(((cos(((log(sqrt((((0.467289239168 * x2) + (0.174165725708 * x5)) + (3.437258243561 * x6)))) ^ 2) ^ 2)) ^ 2) ^ 2))) * 0.003452130361) / cos((1.826783180237 * x5))) + ((((-0.303586035967) * x5) ^ 2) / ((-1.625757694244) * x3)))))))',6.843040077623871,6.843040466308594,240911657,9,24,384,7,1024,paper,4,0,2765379632,,48.59005917159763
3600.0093766860664,'(15.694286346436 + (0.001258139848 * (((((3.708206176758 * x6) + (1.185043811798 * x5)) ^ 2) + ((-2.168158054352) * x3)) / (((6.623083114624 * x1) - ((5.998420715332 * x6) - ((-1.088193297386) * x2))) / (((cos((((-0.534919619560) * x5) - (-1.880941629410))) * (((-2.715139627457) * x6) - ((-1.557371497154) * x4))) + ((-0.534919619560) * x5)) - (sin((cos(((-4.035475254059) * x1)) - 4.305675506592)) * (1.605584859848 * x2)))))))',6.476389248046844,6.476389408111572,204162986,9,26,384,7,1024,paper,4,0,3533734220,,53.533017751479285
3600.009222049266,'(2.418929100037 + (17.838508605957 * (((sin(((-0.527314484119) * x5)) + (0.362854421139 * x5)) ^ 2) / (sqrt(((((((0.288278907537 * x3) + (1.218053102493 * x0)) / (-2.171061992645)) + ((-1.579693794250) * x2)) ^ 2) - ((0.073492407799 * x5) ^ (0.257075995207 * x4)))) + (3.284092664719 * x4)))))',6.720800784543528,6.720799922943115,171740656,9,27,384,7,1024,paper,4,0,2342600226,,129.35147928994084
3600.0077879801397,'((-20.569362640381) + (58.449260711670 * (((0.384429961443 * x5) - cos((((-1.385555982590) * x5) + cos((0.872109115124 * x5))))) / ((((exp((0.398370295763 * x5)) ^ 0.120681703091) / (1.136691093445 * x2)) + log(((exp(exp(log(sin(sin(exp((((1.445029973984 * x2) / ((-2.185514926910) * x0)) ^ 2))))))) ^ 2) / (1.334261536598 * x3)))) ^ 2))))',6.318741740841053,6.3187408447265625,159427668,9,25,384,7,1024,paper,4,0,1728356533,7.292575220545326,45.5971597633136
3600.0104033127427,'(6.950664997101 + (31.945320129395 * (((((-2.107059478760) * x5) + (0.351984798908 * x2)) / ((-2.220104932785) * x3)) * ((cos((exp(sin(sqrt((0.145988792181 * x2)))) + (0.620212078094 * x5))) - (((-0.183149576187) * x5) + ((-0.327546536922) * x6))) / (((cos(log(((0.086378425360 * x4) ^ sin((1.080603361130 * x5))))) / ((-0.019822562113) * x5)) ^ 2) ^ cos(sin((0.084159940481 * x4))))))))',6.670422906840231,6.670423030853272,104174733,9,28,384,7,1024,paper,4,0,1904449481,2.6114549892713512,39.72082840236687
3600.0088378563523,'(5888.910644531250 + (4124.200195312500 * (((1.010302662849 * x3) + ((-0.109573230147) * x5)) / (sin((0.365821599960 * x5)) + (sin((((((-0.069142632186) * x5) ^ 2) - (0.511038959026 * x4)) / (((0.497680157423 * x3) / ((-0.147002935410) * x6)) / ((0.034734256566 * x1) ^ (-2.807920694351))))) - (0.708093583584 * x3))))))',7.028516539374311,7.028202056884766,235863840,9,29,384,7,1024,paper,4,0,1934709049,12.635668322706408,50.51928994082839
3600.0085796415806,'(12.009265899658 + (0.291346907616 * (((sqrt((0.427609682083 * x3)) - (0.621952652931 * x5)) - exp(cos((0.631241619587 * x5)))) / ((sqrt((2.155812025070 * x2)) / ((1.042784690857 * x5) - ((-3.206065177917) * x6))) * ((sqrt(exp((cos(sqrt((cos(((-2.483471870422) * x1)) ^ 2))) / 0.594185233116))) / cos(log(sqrt(exp(cos((1.042784690857 * x5))))))) / cos(exp(cos(sqrt((((sin((2.155812025070 * x2)) ^ 2) * sin(((-0.190168678761) * x5))) / ((-0.062600433826) * x2)))))))))))',5.921628795500169,5.921627521514893,112429571,9,0,384,7,1024,paper,6,0,3324115916,5.57745432777589,44.4359693877551
3600.006973952055,'(14.110551834106 + ((-0.020118322223) * (((sin(((-1.443728208542) * x5)) - ((0.276289492846 * x5) + (-12.048708915710))) * ((((0.276157617569 * x5) / ((-1.850690126419) * x4)) + (-10.886637687683)) + log((11.480445861816 * x0)))) / (((((-1.010958790779) * x4) / (0.515793085098 * x2)) + 2.216686964035) / (((-1.356621146202) * x5) + sqrt((2.335663318634 * x3)))))))',7.074486808116776,7.074487209320068,183535154,9,1,384,7,1024,paper,6,0,2811363264,4.9258199718338584,43.733112244897946
3600.0070831626654,'(4.639725208282 + ((-1518.035522460938) * (sqrt(cos(sin(((-3.805358409882) * x1)))) / ((cos(cos(((-0.274861067533) * x5))) * ((-0.285136789083) * x2)) - (exp(((-0.038884829730) * x5)) * (0.382774770260 * x3))))))',6.91532155990452,6.915321826934815,260998531,9,3,384,7,1024,paper,6,0,1859786275,7.0461699191573555,95.62836734693876
3600.0090340338647,'(10.839113235474 + (7.782205581665 * (((((exp((((-0.750267446041) * x6) / ((0.748462736607 * x0) - (((-0.529846906662) * x5) - ((-0.885406553745) * x0))))) ^ ((cos((1.487370014191 * x6)) ^ 2) ^ (cos((0.434294492006 * x0)) - cos((0.307916045189 * x4))))) + (0.601669430733 * x5)) - sin(((-4.014884948730) * x5))) - sqrt((0.366259932518 * x3))) / ((((0.287723273039 * x0) + (0.718518733978 * x5)) / ((5.544935703278 * x6) + (0.434294492006 * x5))) - (sin(((-0.529846906662) * x5)) - sqrt((0.492452591658 * x2)))))))',6.223685312224852,6.2236857414245605,114393588,9,2,384,7,1024,paper,6,0,1884968544,5.949574371170736,65.46061224489797
3600.0092596635222,'(2.272092103958 + ((-1.521855354309) * (((((-0.318885624409) * x5) - sin((2.226118564606 * x5))) / (log((2.693089962006 * x2)) / (((-0.339807182550) * x5) - (sin((0.660397350788 * x6)) / 0.033060602844)))) / ((sin((0.570235610008 * x5)) + ((0.942745208740 * x3) / ((-3.002225160599) * x5))) - (sin((0.639113306999 * x6)) / exp((-1.685451626778)))))))',6.587004757673544,6.587005615234375,172616252,9,5,384,7,1024,paper,6,0,369133708,7.23798149721077,41.03678571428571
3600.0081262774765,'(5.953155517578 + (0.611629784107 * (((4.367875576019 / sin((2.046964168549 * x1))) + (((1.166334509850 * x3) / ((-0.496701955795) * x5)) + ((3.372695207596 * x5) + (3.626885414124 * x1)))) / (((sin(1.549986958504) ^ ((5.775968074799 * x6) * (0.060164395720 * x3))) / ((0.406849235296 * x5) - (3.627278327942 * x6))) * (sin((log((sqrt((0.318309873343 * x5)) * cos(sqrt(cos(cos(((0.293261080980 * x5) - ((0.317771196365 * x5) * ((3.372695207596 * x5) + (-0.669326841831)))))))))) ^ 2)) * ((0.060164395720 * x3) + (0.758125126362 * x2)))))))',6.074272757824264,6.074657440185547,96317132,9,7,384,7,1024,paper,6,0,865305066,,50.27836734693877
3600.0083056651056,'(10.781956672668 + (0.036277912557 * (((((-0.898538112640) * x5) + sqrt(((((0.628990709782 * x6) ^ ((-0.588074982166) * x4)) - ((-0.611436545849) * x3)) - ((1.097029328346 * x2) * sin((1.360071778297 * x5)))))) ^ 2) / sqrt(sqrt(((0.118787080050 * x2) - ((1.060804247856 * x4) + (-24.411630630493))))))))',6.497613933556679,6.497613430023193,168574725,9,8,384,7,1024,paper,6,0,404488628,,102.83325443786981
3600.010817240924,'(0.044709611684 + (5.297274112701 * (((sin((0.403212130070 * x5)) - sin(((-1.586486816406) * x1))) + ((((-1.697889566422) * x6) / ((-0.137876152992) * x6)) - sin((((-1.946907281876) * x6) * ((0.394646137953 * x1) ^ (-2.593559026718)))))) / (((((-0.415101587772) * x3) - (8.067967414856 * x5)) / ((sin((4.018966674805 * x5)) - cos((4.979827880859 * x5))) + (0.395112514496 * x5))) / (((0.403212130070 * x5) * (-0.550160884857)) + ((5.440458297729 * x5) / ((-1.315504789352) * x2)))))))',6.0779674744496495,6.077968597412109,130218575,9,6,384,7,1024,paper,6,0,2995172877,6.891447902298848,60.70882653061225
3600.009120617062,'(219.438598632812 + (116.636924743652 * (sin(((0.463765680790 * x5) ^ 0.447405517101)) - sqrt(log(log(((sqrt(sqrt((0.565489292145 * x3))) - (sin((0.332732379436 * x1)) ^ (0.195933267474 * x2))) - cos((sqrt(((((0.335805177689 * x6) * (cos((cos((0.463765680790 * x5)) - (sin(((-0.420340359211) * x5)) ^ 2))) ^ 2)) + 0.447405517101) ^ (-1.173799037933))) / (0.335026562214 * x1))))))))))',7.001543996945896,7.00154447555542,119404248,9,4,384,7,1024,paper,6,0,3687649985,2.924349297672727,47.259591836734685
3600.007823944092,'((-9.991612434387) + (3.799120903015 * ((((((-0.404749453068) * x5) - (((-0.262931823730) * x0) * cos(((-0.587372958660) * x5)))) / ((0.739225029945 * x0) + ((-0.643463909626) * x2))) + ((-0.267566561699) * x5)) / log(((((-0.307869583368) * x5) - ((-0.317800164223) * x4)) / (((-0.588081419468) * x0) + ((-1.215360164642) * x2)))))))',7.225254239416043,7.225253582000732,211959632,9,11,384,7,1024,paper,6,0,3160032368,5.796147641873056,37.648639053254435
3600.0093803480268,'(3.342139244080 + ((-1.095843434334) * (((((0.080934807658 * x5) / 4.216062545776) + sqrt((10.406614303589 * x6))) / ((2.126137018204 * x6) + (((-0.580906152725) * x3) / ((-2.263635396957) * x5)))) * (((sin((0.527359783649 * x5)) - (0.164782419801 * x5)) / sqrt(sqrt((((-0.105845078826) * x2) / ((-16.355968475342) * x5))))) - ((cos((1.100053787231 * x5)) * exp(cos((2.010337352753 * x3)))) ^ 2)))))',5.900072897174765,5.900049686431885,145666320,9,10,384,7,1024,paper,6,0,4190266092,12.176763440547226,81.26520710059171
3600.008556921035,'((-3.916955709457) + ((-26.963769912720) * ((((-0.165277734399) * x5) + cos(((0.279259204865 * x5) - ((-0.148355364799) * x5)))) / (cos((((-1.140869140625) * x1) - (0.055348299444 * x5))) + sqrt((((-1.999498724937) * x4) - ((-0.070849381387) * x3)))))))',7.3101791607920275,7.310178279876709,250133916,9,9,384,7,1024,paper,6,0,2261209995,6.878675034434274,57.220828402366855
3600.010938540101,'(11.073470115662 + (0.004247159697 * (((((7.317779541016 * x2) - (((1.379131078720 * x6) * (2.593781232834 * x4)) + ((-0.840913593769) * x5))) / (0.346134662628 * x5)) ^ ((((-0.717166721821) * x3) / (0.707106769085 * x5)) / (1.173313736916 * x5))) / ((((exp(((((-6.574902057648) * x1) / (0.434294492006 * x0)) + (-0.345082610846))) * ((-0.345082610846) * (-0.345082610846))) + sin((((3.012220144272 * x5) / ((-0.740844964981) * x3)) ^ 2))) / ((0.707106769085 * x5) / exp((((0.315554022789 * x1) / cos(((-0.460932433605) * x1))) / (1.253187537193 * x4))))) / (cos(((-0.628748774529) * x5)) - ((-0.140764251351) * x5))))))',6.463262754840741,6.46326208114624,90318557,9,12,384,7,1024,paper,6,0,3269070126,1.7998410046786542,61.78745562130178
3600.007111366838,'(10.607804298401 + (0.550917863846 * (((((1.671710848808 * x6) - (0.309500724077 * x5)) / log(((0.158090263605 * x5) + ((1.106560111046 * x2) / (1.931844949722 * x6))))) ^ 2) * (sqrt(((-0.859088718891) * ((-0.267421394587) * x5))) - log((0.158707603812 * (0.066864818335 * x3)))))))',7.51556638151743,7.51556396484375,218229498,9,14,384,7,1024,paper,6,0,3376120482,9.551754537913569,52.635621301775146
3600.0095321424305,'(9.861513137817 + (0.049830872566 * ((((1.999896764755 * x3) - ((((1.387038588524 * x5) + ((0.707106769085 * x6) * sin(((0.211228415370 * x6) + (1.436332583427 * x5))))) ^ 2) + (3.308714628220 * x0))) * cos(cos(((-1.161228656769) / (cos(log(((0.514654755592 * x1) + 0.323357701302))) ^ exp(1.501037359238)))))) / ((((-0.676762163639) * x2) - ((sin(((-0.568020522594) * x5)) / (exp((sin((0.448921740055 * x4)) / (1.024635791779 * x6))) - (0.211228415370 * x6))) + sqrt((1.798951745033 * x0)))) - ((-0.625573933125) * x2)))))',5.864827513224924,5.588719844818115,133589507,9,13,384,7,1024,paper,6,0,3081541439,12.459046311099794,39.60248520710059
3600.009948991239,'(1.253091096878 + (1352.365112304688 * (((exp(cos(cos(sqrt(((1.568916797638 * x4) - ((-1.192605495453) * x5)))))) + ((0.316653192043 * x5) + ((-0.392606645823) * x5))) / (((0.231943145394 * x3) - ((-6.174345970154) * x2)) + ((((1.452369689941 * (log((1.344103574753 * x3)) ^ cos(((1.876258373260 * x6) * (5.711975097656 * x2))))) ^ 2) * (sin(6.283185482025) ^ ((((1.876258373260 * x6) ^ ((-1.626503467560) * x1)) ^ 2) ^ cos(((-0.468638986349) * x5))))) - ((-0.719424605370) * x0)))) * ((sin((0.316653192043 * x5)) ^ 2) + ((cos((cos(log(((0.305185705423 * x5) / ((5.871018886566 * x2) / exp(((-1.445910811424) * x1)))))) ^ 2)) ^ (3.638559103012 * x6)) + ((0.292592376471 * x5) + ((-0.392606645823) * x5)))))))',5.39948508346086,5.399487018585205,69885729,9,15,384,7,1024,paper,6,0,2204291346,23.395367947159947,65.60082840236686
3600.00929190591,'(11.925281524658 + (10.584824562073 * ((cos((0.881694376469 / ((-0.171716153622) * x5))) ^ ((((((4.021726608276 * x5) ^ cos(((-0.338565319777) * x5))) + (0.470872133970 * x2)) ^ (0.007908850908 * x5)) / (0.170223772526 * x6)) + ((0.418768674135 * x3) - (2.380453348160 * x4)))) * ((((0.838035941124 * x2) / ((-0.171716153622) * x5)) + sin((1.362392187119 * x5))) + sqrt(((0.270068377256 * x3) - (3.340956211090 * x5)))))))',6.680041871400217,6.679920196533203,79311205,9,16,384,7,1024,paper,6,0,550243861,7.794354161680375,59.17313609467456
3600.007892411202,'(21.530210494995 + ((-0.012920795940) * (((((0.743609070778 * x5) * (0.780099511147 * x5)) - (sin((1.990387558937 * x2)) * (0.712806165218 * x5))) + (((((-62.954570770264) * x6) + (((-56.608757019043) * x6) * cos((1.421566367149 * x5)))) - (1.415930747986 * x2)) - (1.249429583549 * x2))) - ((((0.811083734035 * x5) * (0.811083734035 * x5)) ^ 2) / (((24.696819305420 * x5) - ((-4.936105251312) * x2)) + ((0.651655137539 * x3) - ((-4.936105251312) * x2)))))))',6.699695246718373,6.699696063995361,146251688,9,20,384,7,1024,paper,6,0,1592565386,5.35149666109063,57.465917159763315
3600.0091140829027,'(5.416959285736 + (1.374486923218 * (cos((((-9.104632377625) + (4.359155654907 * x5)) ^ 2)) - (((((((4.475176334381 * x2) / (2.492709159851 * x3)) + (2.558661222458 / (-6.707829475403))) / cos(cos(sin((cos(exp(cos(((-1.113235831261) * x1)))) ^ 2))))) / (0.604973375797 * x3)) * ((cos(((((2.409509897232 * x2) + (2.302585124969 * x5)) * (0.596283555031 * x5)) ^ 2)) - sin((1.954393625259 * x2))) + (0.395629972219 * x5))) * ((sin(((2.220954656601 * x5) + cos((2.492709159851 * x3)))) + (0.514987707138 * x5)) ^ 2)))))',5.989589218410615,5.822032928466797,128691639,9,18,384,7,1024,paper,6,0,1934392872,4.809243394811089,40.97751479289941
3600.00671255216,'(12.172685623169 + ((-0.173646852374) * (((((sin((2.227354764938 * x5)) + cos((4.310577869415 * x2))) + (0.461091220379 * x5)) ^ 2) * sqrt((exp(cos(cos((0.295149087906 * x5)))) / (3.416291475296 * x2)))) * cos((((2.303364515305 * x5) + (6.747423171997 * x6)) / sqrt((2.463546514511 * x3)))))))',6.161186609975577,6.161184787750244,195812002,9,22,384,7,1024,paper,6,0,3980425317,7.567920326969801,37.42946745562131
3600.00952308625,'(5.250466823578 + (4.119140148163 * (((((0.269411206245 * x5) + (0.405062347651 * x6)) + cos((((((0.339576333761 * x6) - (3.139512300491 + ((-0.486135900021) * x0))) + (1.369804143906 * x5)) - ((-0.360954076052) * x5)) * ((1.369804143906 * x5) - sin((((-1.121585965157) * x4) / ((-1.112349152565) * x4))))))) + (sin((0.569390475750 * x5)) + sin((1.369804143906 * x5)))) / ((((6.028634548187 * x2) - ((-1.087317466736) * x3)) / ((0.536141097546 * x5) - ((cos((((-1.162643909454) * x1) ^ 2)) - ((-0.409402430058) * x5)) - log(cos((sin((1.185407757759 * x0)) ^ 2)))))) / (((0.318309873343 * x5) - ((0.339576333761 * x6) / sin((0.433687210083 * x5)))) + ((0.610425829887 * x5) + ((0.327661633492 * x4) ^ cos((1.442695021629 * x2)))))))))',5.600427627218847,5.5998358726501465,77256369,9,19,384,7,1024,paper,6,0,2148995112,2.491094457523464,35.17100591715976
3600.0111497305334,'(17.035366058350 + ((-0.959283411503) * (((exp(sqrt((((0.038755409420 * x5) + (2.630792379379 * x6)) + ((1.315392732620 * x6) ^ cos((((-0.437026858330) * x5) * 3.347479343414)))))) / (1.165040254593 * x6)) - ((0.709802389145 * x5) - sqrt((0.490079224110 * x3)))) / ((((0.038755409420 * x5) - ((-0.076839134097) * x2)) - sin((((1.414213538170 * x3) * ((1.414213538170 ^ (-0.572523832321)) + (0.693147182465 * x5))) / log(sin(1.310728788376))))) * ((3.855269908905 ^ sin(((4.987150192261 ^ ((-0.347381561995) * x1)) - (0.066970206797 * x5)))) / ((0.362878262997 * x5) - ((-0.076839134097) * x2)))))))',6.230166353453048,5.965933322906494,61848987,9,23,384,7,1024,paper,6,0,3356806661,10.264089867378392,61.70863905325443
3600.009411208332,'(8.458960533142 + ((-0.759965538979) * ((((((0.910464346409 * x5) * (cos((3.374428510666 * x5)) * (-0.650491416454))) ^ 2) / ((17.506734848022 * x4) - (11.271492958069 * x2))) + ((((-0.759431958199) * x5) ^ 2) / ((4.101587295532 * x3) / ((-0.912613391876) * x5)))) + (((((-0.280472785234) * x1) / ((-0.488260686398) * x6)) - cos((1.341445326805 * x5))) - cos((4.076354980469 * x5))))))',6.040980157466866,6.040980815887451,172470235,9,27,384,7,1024,paper,6,0,2342600226,,129.35147928994084
3600.0126188509166,'(4.811733722687 + (11.526968955994 * (((((-0.355130225420) * x5) - sin(((-1.322847962379) * x5))) * (sin((0.492256700993 * x5)) - (((-0.174388810992) * x5) - exp(sin((((0.318309873343 * x6) - (((-0.196729332209) + log((((-0.486564844847) * x1) / (-0.245196953416)))) - ((cos((((-1.453720688820) * x2) - (((-0.180513978004) * x6) + ((-0.233324363828) * x5)))) - (cos(((-0.761798679829) * x3)) / log((0.224332034588 - sin((cos(((0.716177344322 * x3) ^ 0.224332034588)) - cos(((-0.180513978004) * x6)))))))) / ((-0.106382884085) * x2)))) ^ 2)))))) / ((((exp(exp(cos(cos((((-0.607774019241) * x5) + (6.613047599792 * x2)))))) * sin((2.302105903625 * x5))) - (0.707106769085 * x2)) + ((-0.065241135657) * x3)) + (sin(((-0.355130225420) * x5)) * (0.094903498888 * x0))))))',5.454019279396859,5.454002380371094,94489815,9,21,384,7,1024,paper,6,0,784044718,,67.99668639053255
3600.0081282667816,'(3.410505533218 + ((-42.262248992920) * (((cos(((-0.591138720512) * x5)) + ((-0.283624112606) * x5)) + (cos((1.766656398773 * x2)) + cos(((-2.163937330246) * x5)))) / ((((1.979680061340 * x2) - ((-0.193531841040) * x3)) * cos(((-0.043745223433) * x5))) / (cos(((-1.380067586899) * x6)) + ((-0.195703789592) * x5))))))',6.442043361442775,6.442044734954834,190876915,9,25,384,7,1024,paper,6,0,1728356533,6.830059815585006,45.5971597633136
3600.0105626545846,'(3.255705356598 + ((-1.740060925484) * ((((0.386817783117 * x5) - ((0.547741353512 * x5) - sin(cos(((5.220091819763 * x5) * (4.248817443848 * x5)))))) * ((((sin((8.278098106384 * x2)) * (4.122797489166 * x5)) / exp(((9.630998611450 * x2) / (1.414213538170 * x5)))) + (0.440680772066 * x5)) * ((36.324367523193 * x6) + (1.692612767220 * x5)))) / (((((-10.287510871887) * x5) + (8.222264289856 * x2)) + ((8.666960716248 * x5) * exp((0.386817783117 * x6)))) + (((1.705424189568 * x3) + (289.420898437500 * x6)) + (((-10.287510871887) * x5) + (8.279773712158 * x2)))))))',6.229263306236162,6.226673603057861,109578647,9,24,384,7,1024,paper,6,0,2765379632,,48.59005917159763
3600.007452789694,'(14.090512275696 + ((-0.004048073664) * (((((0.705032289028 * x5) ^ 2) - (((-1.853070259094) * x5) - ((-0.626438617706) * x3))) + ((155.223114013672 * x6) - ((36.061164855957 * x4) - (155.262939453125 * x6)))) * (((((-0.583870828152) * x5) ^ 2) - (((0.473962068558 * x5) - sin((1.444959402084 * x5))) ^ 2)) / ((((-1.324284672737) * x5) - (41.340114593506 * x6)) - ((2.832967519760 * x2) - (5.247326374054 * x4)))))))',6.832338358366692,6.83233642578125,162139364,9,26,384,7,1024,paper,6,0,3533734220,,53.533017751479285
3600.0095278061926,'((-11.631513595581) + (2.054286479950 * (exp((sqrt(((((exp(sin((0.515019237995 * x6))) * (-0.477930486202)) / ((0.125338435173 * x6) - cos(sqrt((6.319431781769 * x5))))) - sin(((((-0.485344737768) / ((-1.098408699036) * x1)) * 2.550704240799) / cos(1.571774363518)))) ^ 2)) - ((-1.055350542068) / ((-0.379658490419) * x1)))) + ((((1.228180766106 * x5) ^ 2) / sqrt((3.716885805130 * x3))) / log(((-0.477930486202) * ((-8.851217269897) * x2)))))))',6.978225520085913,6.9782233238220215,138855603,9,17,384,7,1024,paper,6,0,3606691181,8.520885337634276,53.85514792899409
3600.011233687401,'((-14.613895416260) + (9.382178306580 * (log(sqrt((0.114291809499 * (1.772453904152 * x3)))) ^ (((sin(((((exp((-0.222902253270)) ^ ((((0.795757174492 * x6) / (-0.222902253270)) * ((0.795757174492 * x6) + 0.318309873343)) + log((sqrt((cos(((0.114291809499 * (3.109592676163 * x3)) + ((-0.634179890156) * x6))) ^ 2)) + (1.923296213150 * x3))))) + cos(((1.185451865196 * x0) / (7.219690322876 * x5)))) + 1.004060864449) ^ 2)) + (0.481818079948 * x5)) + cos(((-0.630186021328) * x5))) / sqrt(((1.840780019760 * x2) - ((-0.263202130795) * x3)))))))',6.413149525282113,6.4120049476623535,91774222,9,28,384,7,1024,paper,6,0,1904449481,2.147328278748511,39.72082840236687
3600.0101248808205,'(1.115737199783 + (0.771674931049 * (exp((0.073826082051 * x5)) / ((log((((0.318309873343 * x0) - (((-1.844031333923) * x2) / (0.029652195051 * x5))) - (0.011761474423 * x3))) / log((0.007207967341 * x3))) * (log((0.018143221736 * x5)) * ((0.007207967341 * x3) + sin(log((((sqrt((0.029652195051 * x5)) ^ ((((-0.093584924936) * x5) + (-2.385318040848)) ^ 2)) * exp(sin(((0.318309873343 * x0) ^ cos((1.921329498291 * x5)))))) * (0.087046712637 * x4))))))))))',6.534251898801319,6.534238338470459,121193799,9,29,384,7,1024,paper,6,0,1934709049,8.073146285009715,50.51928994082839
3600.01122552529,'(3.513131856918 + (0.084775179625 * (((0.587912559509 * x5) / ((((0.072667613626 * x3) - ((-0.729559123516) * x2)) + (0.185985803604 * x0)) + (((0.976392149925 * x4) + ((((6.342256069183 * x2) / ((0.587912559509 * x5) / sin((2.027354955673 * x5)))) / sin((0.770996332169 * x5))) + cos((3.141592741013 * x3)))) * sin((0.612502932549 * x5))))) * (((0.399923145771 * x5) ^ 2) - ((-7.991971015930) * x5)))))',6.5806485269184405,6.580648899078369,182506560,9,0,384,7,2048,paper,4,0,3324115916,8.37294500876242,44.4359693877551
3600.011882055551,'(3.573100328445 + ((-45.571094512939) * (((cos((0.546283125877 * x5)) + (0.268440842628 * x5)) * ((log(((1.484658718109 * x6) ^ log(cos(sin((2.451194047928 * x5)))))) - 5.549578189850) / (((-0.755048751831) * x3) + (((0.429955720901 * x6) / (exp((-0.093353383243)) - (0.304229438305 * x1))) + ((0.326915085316 * x5) ^ (0.074332877994 * x4)))))) * (((-0.172333285213) * x5) + 5.753480434418))))',6.522729835355612,6.522731304168701,107969432,9,1,384,7,2048,paper,4,0,2811363264,4.886638968182518,43.733112244897946
3600.01349407062,'(5.441015243530 + ((-1442.277832031250) * (((((-0.061509024352) * x5) + cos(log(((cos((1.135756850243 * x3)) - ((-0.570402920246) * x5)) / (((-1.402577400208) * x6) + (1.414213538170 * x1)))))) / ((1.128156900406 * x3) - ((2.537875652313 * x5) * ((-0.052638106048) * x2)))) * ((((-0.041243053973) * x5) ^ 2) - sin(sin((((((-0.358652174473) * x5) ^ 2) * (-1.304857850075)) + log((0.761796355247 * x5)))))))))',6.33997562894832,6.339975833892822,226615580,9,2,384,7,2048,paper,4,0,1884968544,6.795457626465866,65.46061224489797
3600.015757050365,'(1.423967599869 + (17.757635116577 * ((((((-0.026718132198) * x5) * ((0.541057467461 * x2) - (0.739827930927 * x5))) + (0.977903306484 * x2)) - (cos((3.242786645889 * x0)) + (0.750812947750 * x5))) / (((0.188603863120 * x3) + (3.485566616058 * x5)) / (sin(((-1.971782922745) * x6)) + (((0.282927304506 * x5) - sin((2.185921192169 * x5))) - sin(((-0.569248259068) * x5))))))))',6.362907122079949,6.362908840179443,234209788,9,3,384,7,2048,paper,4,0,1859786275,4.958004345433571,95.62836734693876
3600.012177903205,'(2.874932289124 + (16.680973052979 * (((exp((((((-0.940833330154) * x2) + ((-6.230750083923) * x1)) / ((-0.737409353256) * x2)) * (cos(sin((1.081210136414 * x5))) ^ ((-0.556044757366) - sin(((-0.669653475285) * x6)))))) - (cos(((-0.547536015511) * x5)) + (0.481805086136 * x5))) ^ 2) / ((0.178722009063 * x3) + (3.433979034424 * x2)))))',6.5896436528113975,6.589643478393555,158525823,9,5,384,7,2048,paper,4,0,369133708,6.498386524246416,41.03678571428571
3600.0155190080404,'(3.733542919159 + (0.862785875797 * ((((-0.404200375080) * x5) ^ 2) * (((log(((log((cos(cos(cos(((-1.519586086273) * x0)))) ^ cos(((-1.224961400032) * x5)))) / (((0.144444659352 * x4) + (0.205148354173 * x1)) + ((-2.033155679703) * x6))) ^ 2)) + (exp(sin(((-0.690409898758) * x5))) * (1.173912763596 * x6))) - ((-0.568671941757) * x5)) / ((3.530647039413 * x2) + (0.515617907047 * x3))))))',6.075973586222766,6.075974941253662,150527839,9,4,384,7,2048,paper,4,0,3687649985,4.949028454854188,47.259591836734685
3600.013381280005,'((-0.040038578212) + (0.147987142205 * (exp((sin(sin(((-0.086547359824) * x4))) + sqrt((1.743816852570 * x5)))) / (((((((0.809090673923 * x5) + (0.135321408510 * x3)) + log(((((-0.846747457981) * x6) ^ 2) ^ ((-0.017904125154) * x3)))) - ((-0.190611258149) * x0)) - (((-0.242787361145) * x6) * (1.534143567085 * x5))) - ((-2.392089605331) * x2)) * sqrt(sin(cos(log((1.721635103226 * x5)))))))))',7.058914805651505,7.054811000823975,124798412,9,6,384,7,2048,paper,4,0,2995172877,8.831743344052871,60.70882653061225
3600.014532636851,'(4.459178924561 + ((-39247.863281250000) * (sin(((exp(((0.492822796106 - (sqrt((0.907636284828 * x6)) + ((-0.045212380588) * x1))) * (0.493786990643 / ((-0.799490988255) * x1)))) ^ 2) ^ 2)) * (cos(sin(sin((0.194404825568 * x5)))) / (((-0.426681935787) * x3) + ((-4.123011112213) * x2))))))',6.538165678875386,6.538166046142578,194984220,9,7,384,7,2048,paper,4,0,865305066,,50.27836734693877
3600.011435557157,'(1.081375360489 + (288.810119628906 * ((((cos(((-0.913880467415) * x5)) / sin(((-1.687973260880) * x5))) - ((-1.406152844429) * x5)) / ((0.479092359543 * x3) + (2.188485383987 * x2))) * (11.787908554077 ^ ((((cos(((-0.221877098083) * x4)) / (((-0.264533996582) * x0) + (0.693147182465 * x4))) + 1.315535783768) - ((0.017935177311 * x5) ^ 1.315535783768)) ^ 2)))))',6.651543595881047,6.651541233062744,126751877,9,9,384,7,2048,paper,4,0,2261209995,5.15509201353757,57.220828402366855
3600.016026034951,'((-0.619712889194) + ((-2.186292648315) * (((((-1.720364928246) * x5) + ((cos(((-0.425693333149) * x5)) * ((1.992722272873 * x6) * (sin(((-1.792927265167) * x5)) - ((-0.227145403624) * x1)))) + (((0.402997106314 / ((0.707106769085 * x6) ^ 2)) - 0.674467027187) * exp((((-1.188454866409) * x6) + (0.229060068727 * x4)))))) ^ 2) / ((((-0.391249746084) * x3) - (2.254709959030 * x2)) - (3.268971920013 * x5)))))',6.1253017785602735,6.125301361083984,178479139,9,8,384,7,2048,paper,4,0,404488628,,102.83325443786981
3600.0141133517027,'((-2.280364274979) + (0.193929985166 * (((((0.769309818745 * x5) + ((0.140862450004 * x4) ^ (sin(((-0.528748810291) * x5)) - cos((1.366997122765 * x6))))) * log((((1.475986957550 * x3) ^ 2) / sqrt(((((-0.528748810291) * x5) * cos(((-1.972952961922) * x2))) + (1.541536211967 * x2)))))) ^ 2) / ((((-2.035475969315) * x6) / cos(((-0.263598680496) * x4))) + (1.984238743782 * x3)))))',5.896974697729697,5.896975040435791,151156345,9,13,384,7,2048,paper,4,0,3081541439,7.358688941927168,39.60248520710059
3600.016253065318,'(0.443923950195 + (3654.162109375000 * ((sin((0.486389577389 * x5)) + (((-0.051174964756) * x5) ^ 2)) / ((5.252821922302 * x2) - ((((-0.512884318829) * x3) - (4.685978412628 * x5)) + (((-0.590789020061) * x0) + (((-0.116812884808) * x0) / ((sin(((0.042970553041 * x4) + ((-0.069513671100) * x5))) + ((-0.554626762867) * x6)) / (((0.161322116852 * x4) + ((-1.081518769264) * x6)) ^ 2)))))))))',6.357341474200702,6.357341766357422,230822812,9,14,384,7,2048,paper,4,0,3376120482,8.091269179849144,52.635621301775146
3600.014912623912,'(2.578168630600 + (3.777675867081 * ((((((0.066645957530 ^ (-1.179602384567)) ^ 2) - (0.961275875568 * x3)) / (((-0.573830306530) * x2) - (((12.996114730835 * x0) ^ (0.713253080845 - (0.030616713688 * x6))) * cos(cos((1.101597070694 * x5)))))) / (0.128408253193 * x2)) - (((((-0.171504661441) * x5) - cos(((-0.630013823509) * x5))) / (2.473571300507 * x3)) * (((-0.630013823509) * x5) ^ 2)))))',6.288397425883616,6.288397312164307,160126661,9,15,384,7,2048,paper,4,0,2204291346,17.42376412701818,65.60082840236686
3600.0124781541526,'(2.504696369171 + ((-0.486337244511) * ((((((-0.837683320045) * x5) - cos(((-0.627446115017) * x5))) - ((-0.612164378166) * x5)) * ((3.282238960266 * x5) + (((-0.286108940840) * x4) / cos(((-4.204617023468) * x5))))) / (((0.576241612434 * x3) / (sin(sin(((((-1.590768694878) * x6) * ((-0.286108940840) * x4)) * (0.318309873343 * x2)))) - ((-0.286108940840) * x5))) - ((-0.286108940840) * x2)))))',6.341902261276225,6.3419036865234375,242211867,9,10,384,7,2048,paper,4,0,4190266092,13.351720238595734,81.26520710059171
3600.015458766371,'(5.841147422791 + (3963.566894531250 * ((((-0.086529582739) * x5) + cos((0.343680381775 * x5))) / (((-0.400885909796) * x3) - ((sin(((((0.664239823818 - (cos((2.157656431198 * x5)) / (((-0.585026383400) * x0) / ((-0.086529582739) * x4)))) ^ 2) + (2.401748657227 * x1)) / ((3.894237279892 * x1) ^ (-0.556912422180)))) ^ 2) * (6.189066886902 * x2))))))',6.808332145200073,6.808338165283203,189922748,9,12,384,7,2048,paper,4,0,3269070126,2.182364043533522,61.78745562130178
3600.0162125974894,'((-47.379638671875) + (32.526962280273 * (((((log(sin(sqrt(exp((cos(((-0.630216300488) * x5)) * ((-0.093090958893) * x4)))))) + exp((cos((10.539813995361 * x3)) + ((-1.475166201591) * x6)))) - ((0.045627195388 * x4) - sin((2.404578685760 * x1)))) ^ 2) + sqrt((0.051258713007 * x3))) ^ ((0.693147182465 * x5) / sqrt((10.849171638489 * x3))))))',6.695738935618465,6.695822238922119,128772240,9,11,384,7,2048,paper,4,0,3160032368,7.32920887965167,37.648639053254435
3600.0164637975395,'(5.237004280090 + (39.061969757080 * (((((-0.162386059761) * x5) - cos(((-1.317313790321) * x1))) ^ 2) * ((((cos((0.550369501114 * x5)) + (0.249818071723 * x4)) - (log(exp(log(cos(sin((((0.192644774914 * x6) - (0.707106769085 * x1)) + (1.709800958633 * x2))))))) / ((sin((0.707106769085 * x5)) ^ 2) ^ 0.393098235130))) - ((-0.450932055712) * x5)) / (4.951847553253 * x3)))))',6.208969401235509,6.208972930908203,129042099,9,16,384,7,2048,paper,4,0,550243861,6.730481251427867,59.17313609467456
3600.016465231776,'(3.146406650543 + ((-99.916473388672) * ((((cos((1.807638525963 ^ (0.693147182465 * x5))) + (sin(((-0.738355755806) * x5)) + ((-0.186470165849) * x5))) + sin(((-0.250113010406) * x4))) / (((0.420325577259 * x3) + (7.397999286652 * x2)) + (1.772453904152 * x0))) * ((sin(((-1.979544162750) * x3)) + (0.411547571421 * x5)) + sin((3.696521043777 * x5))))))',9.490762968859064,6.318492889404297,123425010,9,17,384,7,2048,paper,4,0,3606691181,10.208222392729176,53.85514792899409
3600.0171934366226,'(0.702163398266 + (0.094701305032 * ((((0.497957199812 * x5) + cos((1.338633298874 * x5))) ^ 2) / (((((3.835185766220 * x5) - (19.765991210938 * x4)) * (sin((0.694965898991 * x6)) + (-0.736321985722))) + ((0.578403472900 * x5) + (sqrt(exp((sin(((0.511132299900 * x5) - log(((3.835185766220 * x2) ^ 2)))) - ((-0.931162714958) * x1)))) + (0.078481875360 * x3)))) / (0.594039738178 * x5)))))',6.467911367880706,6.467912197113037,181844570,9,18,384,7,2048,paper,4,0,1934392872,5.330327729605761,40.97751479289941
3600.0151202976704,'(1.763832449913 + (449.667327880859 * (((sin((4.021174907684 * x5)) + (0.312629282475 * x5)) / (((((cos((1.594214081764 * x3)) - sin((1.252103805542 * x3))) - sin(((0.305275112391 * x3) - (((-1.429121494293) * x0) ^ 2)))) + (0.073364056647 * x2)) * (2.370302200317 * x5)) + (1.587873578072 * x3))) * (sin((0.488864839077 * x5)) + (0.148493319750 * x5)))))',6.339022007626368,6.338659763336182,198809888,9,19,384,7,2048,paper,4,0,2148995112,3.938496725401058,35.17100591715976
3600.0122418515384,'(6.182648658752 + (3.235445261002 * ((((0.366742402315 * x5) - sin((0.611104726791 * x5))) ^ 2) / ((0.507290303707 * x2) - ((((0.911390841007 * x0) + (((-0.788919270039) * x3) + ((-3.193381071091) * x5))) + (sqrt(((0.179279983044 * x3) ^ ((0.911390841007 * x6) ^ (-1.810637235641)))) * ((0.383221089840 * x5) + (((-0.838261544704) * x3) / (0.693147182465 * x5))))) / (0.344200998545 * x5))))))',6.943942978525567,6.943943023681641,200966129,9,20,384,7,2048,paper,4,0,1592565386,5.002436284773844,57.465917159763315
3600.01419801265,'(8.692152976990 + (95.680816650391 * (sin(((sqrt((sqrt(exp(sin(((-0.607750177383) * x5)))) * (((4.091349601746 * x6) ^ cos(((0.318309873343 * x2) * (((-0.531262755394) * x1) ^ 2)))) - ((-0.108255110681) * x2)))) / (0.447893768549 * x2)) + 0.322543442249)) ^ ((((5.497146606445 * x3) ^ 0.322543442249) / (0.204711630940 * x5)) ^ 2))))',6.376998417482695,6.376995086669922,94125836,9,21,384,7,2048,paper,4,0,784044718,,67.99668639053255
3600.0127748288214,'(3.695464849472 + (279.309631347656 * (((sin(((-0.528882145882) * x5)) + (0.150620877743 * x5)) * log(exp((cos((4.038178920746 * x5)) + ((-0.282213270664) * x5))))) / ((((-0.798023402691) * x3) - (2.482984304428 * x0)) - (9.943914413452 * x2)))))',6.795139856204334,6.795139312744141,280075395,9,26,384,7,2048,paper,4,0,3533734220,,53.533017751479285
3600.016526989639,'(8.226688385010 + ((-1007.149780273438) * ((((-1.353032946587) * x2) + (10.557929992676 * x5)) / (((((1.596494436264 * x5) + sin((4.019280910492 * x5))) + ((-1.842501759529) * x5)) * ((1.800195932388 * x0) + ((0.500278592110 * x3) - ((-2.446177482605) * x2)))) / cos((sin(sqrt((9.789190292358 * x5))) * sqrt(sqrt(exp(sin(cos(exp(exp(cos(((-2.008232831955) * x1)))))))))))))))',6.5943183989441225,6.594318389892578,192379202,9,22,384,7,2048,paper,4,0,3980425317,10.340435755896014,37.42946745562131
3600.01510995999,'(5.847043514252 + (0.474330067635 * ((((((((-0.467806339264) * x4) - sin((0.606198847294 * x5))) + sin((1.362725019455 * x5))) - (((-0.502911150455) * x5) - exp(exp(log(((0.211739018559 * x6) + (0.089715048671 * x4))))))) ^ 2) + ((-0.809484839439) * x0)) / (((((3.205477237701 * x6) ^ 2) - ((-0.912735462189) * x2)) + (0.253131926060 * x3)) / ((0.318309873343 * x5) - cos(((-1.736911058426) * x3)))))))',6.304511124539341,6.304518222808838,172060060,9,23,384,7,2048,paper,4,0,3356806661,7.26295480085659,61.70863905325443
3600.012472614646,'(0.401285082102 + ((-2.156309127808) * (((cos(((-0.543713986874) * x5)) - ((-0.347933232784) * x5)) * ((sin((exp((2.098495483398 * x1)) + ((-0.701718628407) * x6))) * exp(cos((1.339345574379 * x5)))) - ((-0.194097742438) * x5))) * (sqrt(((((-0.335675299168) * x5) - ((1.414213538170 * x3) / (2.703633069992 * x2))) ^ 2)) / (((3.158871173859 * x2) - (2.818285703659 * x5)) - (0.606485188007 * x3))))))',6.403528556644147,6.169435977935791,158801871,9,25,384,7,2048,paper,4,0,1728356533,8.15605093617671,45.5971597633136
3600.015534628182,'(4.907820701599 + (18.626409530640 * (((((((-0.079921394587) * x5) ^ 2) / (-1.885810136795)) - (sin(((-0.445746332407) * x5)) + ((sin(((-2.577032566071) * x1)) - (sin((0.226437211037 * x6)) ^ sin((0.226437211037 * x4)))) + cos(((1.442695021629 * x5) ^ 2))))) - sin((1.526763916016 * x5))) / ((((-0.699225604534) * x3) - (5.084929943085 * x2)) / ((1.301900148392 * x5) + (1.989413022995 * x4))))))',6.254742544879977,6.254717350006104,140151972,9,24,384,7,2048,paper,4,0,2765379632,,48.59005917159763
3600.0118618682027,'(2.735719203949 + (24.519495010376 * ((((0.318309873343 * x5) ^ 2) - ((-1.853849172592) * x4)) / (((((0.090901508927 * x2) - (0.111155778170 * x5)) ^ 2) - ((-0.146959424019) * x3)) / (sin(log(cos((cos(((((-1.002547621727) * x4) * 0.025350991637) - ((-0.180855035782) * x6))) - 0.025350991637)))) / cos(((((-0.250574916601) * x3) / (9.681813240051 * x2)) - sqrt((1.028984904289 * x5)))))))))',6.329572439746762,6.329570770263672,181915999,9,27,384,7,2048,paper,4,0,2342600226,,129.35147928994084
3600.015729818493,'(2.896230459213 + (8.368668556213 * (((exp(exp((log(1.287294745445) / exp(sin(((-0.490177154541) * x5)))))) + cos((((0.244984194636 * x5) ^ 2) + ((-0.630044460297) * x5)))) + (0.244984194636 * x5)) * (((0.364722132683 * x6) + ((0.244984194636 * x5) + cos((((0.463946700096 * x2) ^ 2) - sin((6.255990505219 * x4)))))) / ((0.448006987572 * x2) + (0.050507247448 * x3))))))',6.390339463059202,6.390345096588135,165131029,9,28,384,7,2048,paper,4,0,1904449481,1.4859800738504843,39.72082840236687
3600.0127397999167,'(3081646.000000000000 + ((-3081644.500000000000) * sqrt(sqrt(cos(sin((((sin(cos(sqrt(cos((cos(((-0.153955072165) * x5)) + (-0.545141279697)))))) / (4.860558032990 * x3)) / log((1.316766738892 * x2))) ^ sqrt(((0.325347274542 * x5) ^ (-0.542156636715))))))))))',7.581507219574274,7.4810471534729,175019291,9,29,384,7,2048,paper,4,0,1934709049,10.93519829217058,50.51928994082839
3600.01350042969,'(7.708623886108 + (2.259150981903 * (((((0.172061607242 * x5) * (0.172061607242 * x5)) - ((1.226958274841 * x2) / ((-0.223556682467) * x4))) - (((1.071467757225 * x2) + (sin((3.272058010101 * x2)) / ((2.539886236191 * x6) ^ ((-0.272886037827) * x1)))) + ((0.326802641153 * x2) / ((-0.185518175364) * x1)))) / (sin(((2.100275516510 * x5) * (4.576562881470 * x5))) + ((1.672811985016 * x3) / ((3.030477762222 * x5) * (((0.861678481102 * x6) ^ (((0.172061607242 * x5) / (5.666333198547 * x6)) ^ (sin(((((1.361212849617 * x1) ^ 2) * (5.439610958099 * x6)) ^ 2)) / 0.159583225846))) ^ ((1.772453904152 / ((-0.254893511534) * x4)) - ((-0.112757764757) * x1)))))))))',5.502154492001864,5.503721714019775,66472619,9,0,384,7,2048,paper,6,0,3324115916,7.8622204037076875,44.4359693877551
3600.014251496643,'((-1.856198430061) + (9.111436843872 * (((sqrt(cos(sin((1.101242423058 * x5)))) + 3.102694988251) - cos(sin((2.887523889542 * x5)))) / (((1.306026935577 * x2) / ((((0.317752718925 * x6) ^ 2) / sin(log((((1.503826498985 * x5) ^ 1.179466366768) * exp(((-0.574493348598) * x4)))))) + (0.242775842547 * x3))) + ((2.278388500214 * x3) / ((1.101423621178 * x5) ^ 1.983394980431))))))',6.689573084967313,6.6895670890808105,157225760,9,1,384,7,2048,paper,6,0,2811363264,4.9731884262257395,43.733112244897946
3600.0134871453047,'(1.428297400475 + (0.117935128510 * (((((-0.200244843960) * x5) + ((sin(((-0.986236155033) * x2)) ^ 2) + log((((-0.098788186908) * x1) / ((-45.101581573486) * x6))))) + cos(((1.860115051270 * x5) + ((-1.189458250999) * x5)))) / (((((-1.968386054039) * x5) + ((-1.180478692055) * x2)) - (((-3.530569553375) * x4) + (0.176109164953 * x3))) / (((log(((((((-1.968386054039) * x5) / ((-0.893186628819) * x2)) + ((-0.605292677879) * x6)) - log((((-7.565956592560) * x6) * ((-1.449306488037) * x6)))) ^ 2)) * cos((1.297834038734 * x5))) + ((-1.058181643486) * x5)) ^ 2)))))',6.399391193825608,6.399393558502197,122003729,9,2,384,7,2048,paper,6,0,1884968544,4.941346099940582,65.46061224489797
3600.009874653071,'(0.619597434998 + (0.015795908868 * ((((((-0.502808809280) * x5) - sin((1.277640938759 * x5))) - sin((2.305516004562 * x5))) / ((((0.016748003662 * x3) ^ 0.692827165127) + (sin((2.826432228088 * x5)) ^ 2)) / (((-1.052067041397) * x5) - (0.695208787918 * x4)))) ^ 1.328981280327)))',7.03735637108812,7.037355422973633,109874261,9,4,384,7,2048,paper,6,0,3687649985,4.7578139973317155,47.259591836734685
3600.020272415132,'((-16.643472671509) + (658.323120117188 * ((sqrt((((sin((1.485438942909 * x5)) * (-19.286323547363)) + (0.150793254375 * x3)) / (log(exp(((cos((0.097722969949 * x6)) * (0.354093432426 * x2)) * 0.200549185276))) + cos((((((((1.356067776680 * x5) ^ (-1.855383276939)) ^ 0.318309873343) ^ 2) - ((-2.392007112503) - exp(((-2.392007112503) + (0.849633693695 * x1))))) ^ 2) - sqrt((((sin(((-0.394229084253) * x3)) ^ 2) ^ 2) ^ (0.727068066597 * x2)))))))) / ((1.877013325691 * x3) - ((2.019421100616 * x5) * ((-0.063719257712) * x5)))) * ((exp((0.022345375270 * x5)) ^ 2) + (((0.302560001612 * x2) / (0.022345375270 * x5)) - sin((2.019421100616 * x5)))))))',6.190090255220452,6.190032482147217,130458750,9,3,384,7,2048,paper,6,0,1859786275,5.596869721402224,95.62836734693876
3600.0126459039748,'(4.895306110382 + ((-699.972534179688) * ((((((-0.140196457505) * x5) - (0.522880733013 * x1)) / sin((-2.340843677521))) + (sin((0.565430283546 * x5)) + sin(((-1.405005455017) * x5)))) / (((3.557984113693 * x0) + ((7.201367855072 * x2) - ((-0.866816639900) * x3))) / ((((-0.139548227191) * x5) - cos((1.318952083588 * x1))) - (-5.751351356506))))))',6.531113750812302,6.5311126708984375,179589011,9,6,384,7,2048,paper,6,0,2995172877,7.3856802315333905,60.70882653061225
3600.017892125994,'(3.387246608734 + ((-2.052062034607) * ((((0.693147182465 * x5) / (((-1.750534296036) * x3) + ((-5.223116874695) * x5))) * (((1.871024847031 * x5) / ((-0.965693056583) * x6)) + ((0.576510310173 * x2) + (((((sin((0.691188931465 * x5)) + ((-0.363958597183) * x5)) ^ 2) + exp((3.553731441498 + sin((2.233563423157 * x5))))) - (22.784235000610 * x6)) - (((4.371024131775 * x6) / sin(((-1.257986187935) * x5))) + (22.684000015259 * x6)))))) - ((((0.375748306513 * x5) ^ 2) + ((-1.240931630135) * x0)) / (2.611986637115 * x2)))))',6.089228375442726,6.08922815322876,141440489,9,7,384,7,2048,paper,6,0,865305066,,50.27836734693877
3600.0136182941496,'(10.030858039856 + (0.269860208035 * (((((-0.773759722710) * x5) + sqrt((0.328140795231 * x3))) ^ 2) / sqrt((((2.170810461044 * x2) - (exp(sin(log((((((0.318309873343 * x3) / ((-1.964120507240) * x6)) + (((-1.597249150276) * x6) * ((1.415111660957 * x1) / (-0.256558269262)))) ^ 2) ^ 2)))) / sqrt((sin(((-0.314436972141) * x5)) ^ 2)))) + (0.667321503162 * x0))))))',6.432757318411947,6.432762622833252,228812067,9,8,384,7,2048,paper,6,0,404488628,,102.83325443786981
3600.011977765709,'(1.115478992462 + (175.064590454102 * (((((0.100527711213 * x5) - cos(sin((4.275232315063 * x1)))) / ((2.282125949860 * x3) ^ ((-0.548894286156) * (-0.548894286156)))) ^ 2) / ((((0.716332256794 * x2) ^ (sin(((-0.013935692608) * x6)) + exp((-0.780879378319)))) + sin((0.611310422421 * x5))) ^ ((-0.611021161079) * (-0.609196186066))))))',7.005329412857666,7.005326747894287,77820002,9,11,384,7,2048,paper,6,0,3160032368,4.0223691505452965,37.648639053254435
3600.017108514905,'((-5.230448722839) + (1.042131423950 * ((((681.250915527344 * x3) / sin(((0.731466233730 ^ cos((3.644496202469 * x6))) + (0.638618052006 * sin((0.608476161957 * x5)))))) / exp(((-0.233173370361) * x5))) ^ (log((((-0.015301930718) * x3) * (-0.920496046543))) / sqrt((((-2.405391693115) * x4) - ((((sin((0.933466255665 * x0)) - cos(((((-0.468932330608) * ((0.707106769085 * x1) / sin(((-1.639091849327) * x3)))) + ((log((653.934082031250 * x3)) * (-2.114050626755)) - (((0.750561237335 * x1) ^ (0.207863360643 * x4)) / cos((0.910516560078 * x0))))) + (0.207863360643 * x4)))) * ((-0.234182685614) * x5)) - (0.750561237335 * x2)) - (0.456228107214 * x3))))))))',6.089479652217676,6.033505916595459,84342543,9,5,384,7,2048,paper,6,0,369133708,6.530376199915106,41.03678571428571
3600.012676227838,'((-2.381330728531) + ((-210.699752807617) * ((((0.620291411877 ^ ((-0.032423228025) * x5)) + (sin((1.409399628639 ^ (0.116593085229 * x4))) ^ sin((0.371831715107 * x5)))) / ((0.155818670988 * x3) + ((1.370648503304 * x2) - ((-1.718056440353) * x5)))) * ((cos((1.363887310028 * x6)) + (((-0.273363262415) * x5) - ((-0.081050813198) * x4))) - sin((sin((exp(cos((((-0.236056208611) * x5) * (0.580031991005 * x2)))) ^ 2)) - ((-0.644249677658) * x5)))))))',6.003731972822138,6.003678798675537,73720976,9,10,384,7,2048,paper,6,0,4190266092,15.470380518016498,81.26520710059171
3600.01289626956,'((-5.216320037842) + ((-59.594474792480) * (((cos(((-0.381218165159) * x5)) - cos(log(((sin((((0.317941963673 * x3) / ((6.410270214081 * x0) * (0.960287213326 * x4))) ^ 2)) / cos(cos((0.981540143490 * x2)))) ^ 2)))) + (sqrt((0.387597262859 * x6)) + (0.222385779023 * x5))) / ((cos(((-0.472925454378) * x5)) - cos((4.118577957153 * x5))) - (sqrt((0.753098487854 * x3)) - ((0.318309873343 * x3) / (1.064995050430 * x2)))))))',5.743523492649032,5.743523120880127,136764595,9,9,384,7,2048,paper,6,0,2261209995,5.989663554754324,57.220828402366855
3600.016942083836,'(5.815827846527 + ((-40.795848846436) * ((((log(exp(sin(((cos((0.465759456158 * x4)) - ((0.241471424699 * x5) * sin((0.237190693617 * x6)))) - ((0.154597133398 * x5) - ((2.967500209808 * x0) + ((-1.242647051811) * x6))))))) - (0.224255070090 * x5)) + cos(sqrt((exp(((0.771758377552 * (1.210551381111 * x5)) + ((-0.291895270348) * x5))) / (cos(exp(((-0.159739241004) * x2))) / 0.771758377552))))) / (((0.434294492006 * x5) ^ 2) - (((-0.948071002960) * x3) - (5.431946277618 * x0)))) * (((cos(((1.210551381111 * x5) ^ 2)) - (0.251330971718 * x5)) ^ 2) / log((0.237014859915 * x2))))))',6.854226826114044,5.871443271636963,112705982,9,13,384,7,2048,paper,6,0,3081541439,12.607688650841094,39.60248520710059
3600.013599306345,'(14.873925209045 + ((-7.422520637512) * (cos(cos(((1.215342283249 * x5) ^ 2))) - (((((exp(cos(sin(((0.253859966993 * x6) + (1.959616661072 * x3))))) - ((log((0.251769155264 * x6)) + cos(((1.463099002838 * x0) / (0.502644658089 * x4)))) / (cos(cos(((0.850859582424 * x2) ^ sin(((-1.347199320793) * x5))))) ^ (0.280261486769 * x1)))) - (0.738009512424 * x5)) ^ 2) / ((1.956956148148 * x3) * (3.328775167465 * x5))) * (((0.471303731203 * x5) ^ 2) - (3.221350193024 * x2))))))',6.395271276867227,6.395664215087891,193316617,9,12,384,7,2048,paper,6,0,3269070126,3.2797016779707913,61.78745562130178
3600.018379535526,'(5.387661933899 + (1.522930979729 * ((((sin(sin(((0.375722646713 * x0) ^ 1.766197323799))) + ((-0.239623606205) * x5)) + (cos((exp(((0.043560110033 * x2) ^ (0.434294492006 - (0.866372764111 * x6)))) / ((0.025356862694 ^ (2.115553379059 - (-0.431379467249))) * ((-0.329862892628) * x5)))) - sin((4.242545604706 * x6)))) / ((((((-1.189526677132) * x3) + ((-2.356963872910) * x2)) + ((-4.818583965302) * x5)) / ((-1.582189083099) * x5)) + cos(((-2.241096735001) * x5)))) * ((((0.043560110033 * x2) + ((-0.330289214849) * x5)) + cos(((-1.297859072685) * x5))) + (cos(((-0.590507984161) * x5)) + cos(((-1.243163466454) * x3)))))))',5.558441136937293,5.558495998382568,63158311,9,16,384,7,2048,paper,6,0,550243861,7.775173809350826,59.17313609467456
3600.0155503340065,'(1.857163429260 + ((-0.521558046341) * ((((cos(((0.695043027401 * x2) + (2.718281745911 * x5))) + (0.257662594318 * x5)) - cos((0.587321519852 * x5))) / ((((-3.411120653152) * x5) - (0.206182315946 * x3)) / ((0.693147182465 * x2) + (0.707106769085 * x5)))) / ((((0.137493863702 * x2) + (sqrt(exp(exp((((exp(sin((1.414213538170 * x2))) * sin(sqrt((2.061458110809 ^ ((-0.127244040370) * x2))))) - ((0.097769670188 * x0) / (3.170189619064 * x2))) * (1.190567612648 * x6))))) ^ 2)) / ((0.097769670188 * x5) + sin((0.846337199211 * x6)))) / (((exp(2.909384012222) + (1.050478696823 * x6)) + (0.097769670188 * x5)) + cos((2.205326557159 * x5)))))))',5.690909489887076,5.690911769866943,115232744,9,14,384,7,2048,paper,6,0,3376120482,7.8807604465720305,52.635621301775146
3600.0131011903286,'(26.061807632446 + ((-2.875609636307) * ((((0.217759206891 * x5) + cos((0.344734251499 * x5))) - (sin(exp(sin((1.442954182625 * x2)))) + log(exp(exp(sqrt((log((0.495188772678 * x5)) - exp(((((-1.492442846298) * x6) ^ 2) ^ ((-1.492442846298) * x6)))))))))) + ((((0.217559814453 * x5) / ((-0.202400296926) * x3)) * sqrt((2.659599781036 * x3))) * ((0.344734251499 * x5) / log((6.164866447449 * x2)))))))',6.937752293245647,6.93774938583374,124810454,9,20,384,7,2048,paper,6,0,1592565386,4.6041888699636715,57.465917159763315
3600.013757828623,'(11.018499374390 + (0.029994376004 * ((((1.414213538170 * x5) - ((0.792535722256 * x3) / (0.681261956692 * x5))) / (log((13.405153274536 * x0)) + ((2.965732097626 * x2) / (0.716384112835 * x5)))) * (((1.414213538170 * x5) - ((0.792535722256 * x3) / (0.681261956692 * x5))) / cos(sqrt(((0.245571807027 * x6) * ((((exp(sin(cos(((-0.709286630154) * x5)))) * ((0.576518654823 * x5) ^ (((1.411416053772 * x1) / (0.716384112835 * x5)) - sin(cos((-1.190890192986)))))) ^ 2) ^ 2) + cos((0.414572507143 * x6))))))))))',6.02576539003046,6.025765895843506,96857664,9,15,384,7,2048,paper,6,0,2204291346,16.69630359444413,65.60082840236686
3600.01551579684,'(4.456715583801 + (0.097238190472 * (((((-0.589175820351) * x5) ^ 2) - (cos(((-0.508420407772) * x5)) * (((-0.711114287376) * x4) ^ 2))) / ((((0.307618796825 * x3) / (2.430106401443 * x5)) + ((0.027551710606 * x5) - (exp((((log((0.547184705734 * x1)) - (((-1.181108951569) * x6) / (1.442695021629 * x4))) * sin((2.221405982971 * x5))) - (cos(cos(((-1.181108951569) * x3))) + cos(((-0.918673813343) * x3))))) * sqrt(((2.463174104691 * x6) / (0.504109680653 * x0)))))) * sqrt(sqrt(((((-1.527325391769) * x1) + (((-0.174390569329) * x2) / ((-0.633078098297) * x1))) - ((0.589912354946 * x1) * ((-0.591303706169) * x1)))))))))',5.9299374631670885,5.929964542388916,119727059,9,17,384,7,2048,paper,6,0,3606691181,3.085986773038327,53.85514792899409
3600.025167193264,'(5.794452190399 + (0.520937681198 * (((exp((cos((1.414213538170 * x1)) / (0.104456514120 * x0))) / (exp((exp(log((((0.636053860188 * x3) + ((6.233932018280 * x0) ^ (sin((2.539645671844 * x4)) - ((-0.866675794125) * x1)))) ^ (((6.887701034546 * x0) ^ ((0.566055536270 * x5) / (0.182184293866 * x3))) / (0.434294492006 * x0))))) * cos(exp(cos(((sqrt((6.428265094757 * x4)) - (2.512678623199 * x5)) * ((1.442695021629 * x4) ^ 2))))))) + (0.182184293866 * x3))) * ((((-0.077026434243) * x2) + (0.339539557695 * x5)) + (sqrt((sqrt(((exp(((-0.669228076935) * x6)) * ((1.353328824043 * x1) * (((-0.754528701305) * x1) * ((-0.754528701305) * x1)))) + ((-0.887989521027) * x1))) / (exp(cos((((-0.669228076935) * x6) ^ 2))) / sqrt((((-3.933306932449) * x5) + (0.182184293866 * x3)))))) + sin((1.279131412506 * x5))))) * ((((0.318309873343 * x5) + ((sin((1.979370594025 * x5)) ^ 2) - cos((0.707106769085 * x1)))) + sin((0.566055536270 * x5))) ^ 2))))',5.27407974954066,5.273346424102783,65831375,9,18,384,7,2048,paper,6,0,1934392872,5.9090886582698925,40.97751479289941
3600.015093293041,'(3.407665729523 + ((-576.215637207031) * (((log((0.231411203742 * x3)) - (0.011336104944 * x2)) / (((0.354658931494 * x6) - (0.091067925096 * x5)) - (cos((0.550565242767 * x5)) / ((-0.028852226213) * x2)))) * (exp((0.047510687262 * x5)) / (exp(((1.530574798584 * x6) - (((cos(((-2.041501760483) * x5)) ^ 2) / (0.138718470931 * x6)) ^ (1.634690999985 * x4)))) - ((-0.330055832863) * x3))))))',6.841082608204431,6.8410820960998535,104192330,9,19,384,7,2048,paper,6,0,2148995112,3.779829597018327,35.17100591715976
3600.0150801576674,'(5.115733623505 + ((-4.130199909210) * ((((2.302585124969 * x5) + ((exp(sin((0.216725021601 * x3))) / (0.707106769085 * x1)) / (cos((-1.452475905418)) + ((0.054321449250 * x2) - 2.720273494720)))) / ((((exp(cos((2.281378030777 * x5))) ^ 2) ^ 2) - (1.109307765961 * x0)) - (0.216725021601 * x3))) / (cos(sin((0.084892086685 * x5))) / (((0.233178511262 * x5) + (sin((1.563717722893 * x1)) * (1.804195404053 * x6))) + sin((1.446997165680 * x5)))))))',5.835062124381352,5.83506441116333,157688849,9,21,384,7,2048,paper,6,0,784044718,,67.99668639053255
3600.0136749483645,'(11.022999763489 + (0.000062484134 * ((((cos((1.429853320122 * x1)) - ((-0.073662012815) * x3)) / ((0.117112405598 * x5) + (0.063336834311 * x2))) / log(((0.117112405598 * x5) + sin(cos((cos(((-0.711901485920) * x5)) - ((-0.111251443624) * x6))))))) ^ ((1.080076217651 * x5) / sqrt((((-0.578074812889) * x2) - ((-0.073662012815) * x3)))))))',6.538763752869559,6.538757801055908,136005234,9,22,384,7,2048,paper,6,0,3980425317,9.682269436665335,37.42946745562131
3600.012191411108,'((-0.400304943323) + ((-1223.152832031250) * ((((((-1.013716101646) * x5) - (-15.005998611450)) * (-0.178134456277)) - cos(((0.778807818890 * x5) * (-0.547626554966)))) / (((((-0.107717148960) * x3) - (1.218508601189 * x2)) - exp((1.188070535660 * x6))) - (log(((((1.414213538170 * x6) / (5.210029602051 * x0)) ^ 2) + (exp(((-0.625980496407) * x4)) ^ 2))) ^ 2)))))',7.078578271824541,7.078577041625977,167724465,9,23,384,7,2048,paper,6,0,3356806661,8.054280062613984,61.70863905325443
3600.0122733972967,'(4.859937667847 + (0.960574448109 * ((((cos((4.038777351379 * x5)) + ((-0.601910531521) * x5)) ^ 2) / ((0.267980068922 * x2) + (((-1.470455408096) * x3) / ((-0.673831105232) * x5)))) + ((cos((1.258151531219 * x5)) - sin(((-0.648757219315) * x5))) - exp(cos((2.232860803604 * x1)))))))',6.507343477773237,6.507344722747803,197116996,9,26,384,7,2048,paper,6,0,3533734220,,53.533017751479285
3600.0162114426494,'((-25.147657394409) + (1.574968814850 * (exp(sin(((5.619885444641 * x5) ^ 2))) - ((sin(((-0.056799411774) * x3)) - ((sin(sin(((sin((((((-0.997319281101) * x0) ^ 2) - (1.998120546341 * x3)) ^ exp((-2.297503232956)))) * cos(((-1.285375714302) * x1))) * log((2.339268922806 * x6))))) / ((0.175321832299 * x4) ^ (-2.080312013626))) - ((-1.032694578171) * x5))) / (log((1.414213538170 * x3)) - log((3.484793901443 * x5)))))))',6.293919503182747,6.295000076293945,133914753,9,24,384,7,2048,paper,6,0,2765379632,3.089359300477071,48.59005917159763
3600.0135694779456,'((-0.811801195145) + (8386.278320312500 * ((((((((((-0.938082158566) * x0) - (5.031824588776 * x4)) / (1.337350606918 * x6)) - ((4.592984676361 * x2) - ((-0.466939628124) * x3))) + ((-6.585319995880) * x5)) ^ 2) ^ (-0.536502242088)) * (sqrt((1.772453904152 * x4)) / log((0.332261741161 * x4)))) * (exp((((-0.015015210956) * x5) ^ 2)) / sin(exp((0.030488936231 * x4)))))))',7.184706943786503,7.184703350067139,134052298,9,27,384,7,2048,paper,6,0,2342600226,,129.35147928994084
3600.017449066043,'(4.834107398987 + (11.160189628601 * ((sin(sin((2.144799232483 * x5))) + (((((0.318309873343 * x1) - ((1.010077595711 * x6) ^ ((0.436984032393 * x5) / ((-0.014817493036) * x2)))) * cos((((0.964486181736 * x5) ^ 2) / ((-1.704600811005) * x5)))) + cos(((((-0.342150866985) * x3) + (0.707106769085 * x0)) / (((1.414213538170 * x6) - (0.318309873343 * x0)) + ((-0.600938141346) * x2))))) + ((0.228811055422 * x5) + ((-0.014817493036) * x2)))) * ((((1.723831534386 * x5) + sin((((-0.342150866985) * x3) / ((-1.029203772545) * x0)))) + (((-0.015894252807) * x2) + ((-1.575931191444) * x5))) * (sqrt((2.144799232483 * x5)) / ((3.183229207993 * x5) - ((-0.342150866985) * x3)))))))',5.83129529087519,5.831294536590576,86407838,9,25,384,7,2048,paper,6,0,1728356533,6.57283828956969,45.5971597633136
3600.0194761678576,'((-0.913164913654) + ((-25.906787872314) * ((((0.197598919272 * x5) - cos((0.423828125000 * x5))) - (cos((1.081866621971 * x5)) ^ 2)) / ((((0.296909779310 * x3) - (log((sin((((-0.370439648628) * x0) ^ 2)) ^ 2)) * ((0.109418056905 * x4) + ((-0.304736763239) * x4)))) - ((1.156576752663 * x5) - ((-0.418044775724) * x3))) / (((((log((0.108762308955 * x4)) / (2.021010398865 - (0.852244079113 * x6))) - (log(sin(exp(cos(((((cos(sin(((-0.840079605579) * x4))) + (0.023244023323 * x5)) + ((-2.114096641541) + (0.340187728405 * x2))) + (-0.462476462126)) - ((-0.068156518042) - cos(((-0.299541085958) * x4)))))))) ^ 2)) ^ 2) + (0.354641079903 * x5)) - cos(((-0.418044775724) * x3)))))))',5.554670135414323,5.5548529624938965,90538850,9,28,384,7,2048,paper,6,0,1904449481,1.85488070160066,39.72082840236687
3600.01509770751,'(178.796325683594 + ((-178.897827148438) * (exp(exp((((exp(log((((0.039753943682 * x6) ^ exp(((-0.076462343335) * x2))) * 0.507526814938))) ^ 2) ^ 2) * (0.311991065741 * x5)))) ^ (((1.180408000946 * x5) / (sqrt(cos(sqrt(((0.339789181948 * x5) / (((-0.250570923090) * x5) - ((-0.684607923031) * x2)))))) + (((-3.353384971619) * x5) / ((-0.677217245102) * x3)))) / ((-1.117624044418) * x3)))))',7.299146356708128,7.2991461753845215,98490625,9,29,384,7,2048,paper,6,0,1934709049,11.342205080946655,50.51928994082839
3600.023263875395,'(15.028050422668 + ((-0.019365044311) * (((sqrt((((((-0.541294693947) * x0) / (0.515221893787 * x6)) + ((-6.334773063660) * x5)) * ((-3.435493946075) * x5))) - ((0.318309873343 * x5) ^ 2)) + ((-1.234335899353) * x2)) * (log(((0.211274757981 * x4) ^ log(((-0.305278003216) * ((3.756294250488 * x4) / ((-0.541294693947) * x2)))))) + ((((-1.555105090141) * x5) ^ 2) / (1.957413196564 * x3))))))',7.450684776794134,7.450683116912842,134559469,9,0,384,7,4096,paper,4,0,3324115916,7.807324800178923,44.4359693877551
3600.021620091051,'(2.851102828979 + ((-0.942344188690) * (sin((0.521117389202 * x5)) - (((((sin((1.444872736931 * x5)) - cos(((10.885236740112 * x2) ^ ((0.693147182465 + ((-0.745158791542) * x6)) ^ 2)))) + (0.415246754885 * x5)) ^ 2) / ((10.371926307678 * x2) + (((0.707106769085 * x3) + exp(((sin((10.885236740112 * x1)) + 1.586778163910) ^ 2))) / 0.534987330437))) * (1.355086207390 * x5)))))',6.67839060052241,6.143164157867432,209074739,9,1,384,7,4096,paper,4,0,2811363264,4.383056699563787,43.733112244897946
3600.02572709322,'((-100897.093750000000) + (100898.000000000000 * sqrt(exp(((sqrt(exp(sin(cos(((cos((cos(((-0.335263580084) * x5)) * log(((((-0.010249853134) * x4) * ((-0.446378022432) * x6)) ^ cos(((-0.185304045677) * x4)))))) ^ 2) ^ 2))))) * ((0.682421326637 * x3) - ((-5.075091362000) * x2))) ^ cos(log((0.420118242502 * x5))))))))',6.629741116077798,6.627213954925537,201101101,9,2,384,7,4096,paper,4,0,1884968544,6.432833994015908,65.46061224489797
3600.02034586668,'((-0.604645788670) + (109.486984252930 * (exp(sqrt((1.094771146774 + (0.372920095921 * x5)))) / (((log((0.117767341435 * x2)) ^ ((1.071454286575 * x6) ^ (-0.129626736045))) * (2.325172424316 * x5)) - (((-0.665659368038) * x0) - (sqrt(((0.281419098377 * x1) ^ ((-0.862463176250) * x5))) + (sqrt((((0.023263253272 * x3) * cos(exp((0.061332046986 * x5)))) + (0.185970038176 * x3))) ^ 2)))))))',6.37252179618545,6.372518062591553,110871279,9,3,384,7,4096,paper,4,0,1859786275,5.262513787871895,95.62836734693876
3600.025588657707,'(7.808732986450 + (26.380388259888 * (((((0.612997889519 * x0) + (((0.092469193041 * x4) / (0.229819655418 * x6)) * (0.020124010742 * x3))) + (11.918411254883 * x5)) - (((cos((7.708756923676 * x5)) + (0.693147182465 * x5)) - ((cos((8.383361816406 * x5)) ^ 2) + (0.661573767662 * x6))) ^ 2)) / (((0.485073238611 * x3) - ((-11.016839027405) * x2)) * cos((sqrt((0.074466429651 * x5)) * 4.009783267975))))))',6.499653120244267,6.499658107757568,176312308,9,6,384,7,4096,paper,4,0,2995172877,8.492189950033916,60.70882653061225
3600.021965380758,'(1.222705602646 + (0.008064970374 * ((log(((2.361113309860 * x2) * ((0.016767846420 * x1) / ((((((((0.016767846420 * x1) ^ 2) * (1.065986156464 * x4)) * (0.318309873343 * x3)) ^ (sin(((-0.689161539078) * x5)) - ((-0.220970943570) * x6))) + (0.297478199005 * x3)) ^ log((0.236236661673 * x5))) / (2.573217391968 * x2))))) / (((-0.152832031250) * x3) + ((-4.842723369598) * x6))) * ((4.222095012665 * x5) ^ 2))))',6.634955592681649,6.63495397567749,120781892,9,4,384,7,4096,paper,4,0,3687649985,6.36970979662568,47.259591836734685
3600.021444696933,'((-4.687013626099) + ((-82.544197082520) * (((((log((sin((1.006569981575 * x0)) - ((-0.193001270294) * x4))) / (0.029467361048 * x6)) - (0.818344891071 * x5)) / ((-2.241438388824) * (cos(((-0.629159867764) * x5)) - (0.029467361048 * x5)))) - ((0.029467361048 * x5) * (0.468175679445 * x5))) * (((11.665524482727 * x2) - ((-0.734970390797) * x3)) ^ sin(sin((-0.866178691387)))))))',6.622607475543876,6.622609615325928,124988925,9,8,384,7,4096,paper,4,0,404488628,,102.83325443786981
3600.021212708205,'(4.949779510498 + (1375.280517578125 * (((sin(((-0.607345461845) * x5)) - (0.287171959877 * x5)) + ((0.085126265883 * x5) ^ 2)) * (((cos(((-1.383982419968) * x5)) / (1.414213538170 * x4)) - sin(log((log((cos(((-2.931537628174) * x0)) - ((-1.776132106781) * x1))) ^ 2)))) / (((-0.341180652380) * x3) + (((-2.057381868362) * x0) - (2.197514057159 * x2)))))))',6.49435779074511,6.494357585906982,175453171,9,5,384,7,4096,paper,4,0,369133708,9.06972770144483,41.03678571428571
3600.026112228632,'(2.714353322983 + (32.267456054688 * ((cos((1.171695232391 * x5)) + ((log((0.113976985216 * x5)) ^ 2) ^ 2)) * (((0.218820452690 * x5) + cos(((-0.713410258293) * x5))) / ((0.354607015848 * x0) + (((0.174896761775 * x3) - sqrt((((0.111578270793 * x5) ^ (0.710673391819 * x4)) ^ 0.247994869947))) - (cos(sin((1.162202596664 * x5))) * ((-1.024714231491) * x5))))))))',6.587356961031419,6.587356090545654,123720062,9,11,384,7,4096,paper,4,0,3160032368,6.4965391257442064,37.648639053254435
3600.028350237757,'(1.104262590408 + (4.675798892975 * ((cos((((3.216887235641 * x2) / ((-0.864568471909) * x3)) + (sqrt(((0.648093402386 * x3) ^ (exp(((-0.896107673645) * x1)) - exp((-0.183857500553))))) - sqrt(2.718281745911)))) / (((-0.186026751995) * x2) + sin(((-0.529556214809) * x5)))) * ((((cos((1.102999806404 * x5)) ^ 2) + cos(((-1.350581765175) * x1))) - ((-0.290912359953) * x5)) ^ 2))))',6.151641192121164,6.151641368865967,144062785,9,10,384,7,4096,paper,4,0,4190266092,11.778035521240453,81.26520710059171
3600.0190243646502,'(7.097857475281 + ((-2248.903564453125) * (((sqrt(((((0.030451059341 * x3) / ((-1.554283738136) * x6)) + ((0.172013431787 * x5) ^ 2)) ^ 1.607293486595)) * ((sin(((0.311526089907 ^ 2) - exp(((-1.645822763443) * x1)))) + (((-0.888056278229) * x6) / (0.187552839518 * x3))) ^ 2)) / ((2.787782907486 * x2) + (0.187552839518 * x3))) * (sin((0.611251056194 * x5)) - (0.172013431787 * x5)))))',6.73945615060163,6.739454746246338,153835062,9,9,384,7,4096,paper,4,0,2261209995,7.484129847582295,57.220828402366855
3600.0197849422693,'(1.043540835381 + (0.647791624069 * (((((cos(((-0.550884425640) * x5)) * (sin(((0.955102920532 * x6) ^ cos((0.929417371750 * x5)))) ^ ((0.047621130943 * x2) + cos((0.817878782749 * x3))))) * exp((0.143426030874 * x4))) - ((-2.047132968903) * x5)) ^ 2) / ((0.207759872079 * x3) + ((((0.353308022022 * x4) * sin((2.423820495605 * x2))) ^ 2) + (1.314006209373 * x2))))))',5.839768563343459,5.839767456054688,125710560,9,7,384,7,4096,paper,4,0,865305066,,50.27836734693877
3600.018416333944,'(3.141806602478 + ((-0.057377655059) * (((((1.414213538170 * x5) * (1.444224953651 * x5)) - (10.828249931335 * x2)) + exp((0.304058372974 * x4))) * ((((0.318309873343 * x1) ^ ((-0.564001619816) * x5)) + ((-0.420092642307) * x5)) / (((0.319148451090 * x3) - ((-1.752769947052) * x5)) - (((0.167470842600 ^ sin((1.317466020584 * x5))) * cos((sin((8.441813468933 * x2)) / (0.373807162046 * x6)))) * (1.489218711853 * x4)))))))',6.522534039094109,6.5225348472595215,103636273,9,12,384,7,4096,paper,4,0,3269070126,3.162279065242063,61.78745562130178
3600.0286253131926,'(1.026867628098 + (1.173127889633 * (sin((1.358418941498 * x5)) - (((0.087758377194 * x5) / (((((((3.384770631790 * x2) - (0.722813844681 * x3)) * (0.260006427765 / ((-1.233337283134) * x0))) / (sin(((-0.691567361355) * x1)) ^ 2)) ^ 2) - ((10.265854835510 * x5) - ((-1.109988451004) * x3))) - (13.772210121155 * x4))) * (((1.358418941498 * x5) + exp((((-0.219062939286) * x2) + (0.564042091370 * x4)))) ^ 2)))))',6.0676487764883005,6.067649364471436,217430620,9,15,384,7,4096,paper,4,0,2204291346,22.230073059857492,65.60082840236686
3600.025856655091,'((-9.955806732178) + (4.885147571564 * (((0.366608560085 * x0) + (((-4.164285659790) * x2) - (((-0.289061874151) * x5) ^ 2))) * (((0.017865981907 * x5) + sqrt(exp(((sin((((-0.029942512512) * x5) - ((((-0.454047113657) * x5) * (-2.437187910080)) ^ 2))) ^ 2) / exp(cos(sin(((-0.959244847298) * x5)))))))) / (((-1.925989747047) * x2) + ((-0.043153319508) * x3))))))',6.467871697677727,6.467628002166748,183681640,9,13,384,7,4096,paper,4,0,3081541439,10.122266357507216,39.60248520710059
3600.0274303480983,'(4.356568813324 + (1822.097534179688 * (sin((log((exp((sin((5.621665000916 * x1)) ^ 2)) + log(((sin(((-1.980610370636) * x3)) / cos((2.024702548981 * x5))) - (((-1.174361467361) * x4) - ((-1.719533443451) * x6)))))) + (cos(sqrt((2.182901620865 * x5))) ^ 2))) / sqrt(((((-2.054331064224) * x2) * ((-0.008170583285) * x3)) + (5.896109104156 * x0))))))',6.210408054309613,6.210412979125977,207574677,9,17,384,7,4096,paper,4,0,3606691181,11.141086462642233,53.85514792899409
3600.024722199887,'(5.005232810974 + (18.976825714111 * (((0.332875490189 * x5) + sin((2.225845336914 * x5))) / (((3.981600761414 * x2) + (0.318309873343 * x3)) / (((2.319682836533 * 2.319682836533) ^ log(((0.548813164234 * x5) + (sin((4.328019142151 * x2)) + (((-0.047838039696) * x1) / ((0.318309873343 * x6) ^ 2)))))) / (sqrt((1.475818634033 * x5)) - cos((0.548813164234 * x5))))))))',6.464523162871413,6.464525699615479,130932522,9,16,384,7,4096,paper,4,0,550243861,7.561413218939445,59.17313609467456
3600.0282718352973,'(16.930179595947 + ((-0.911761224270) * (((0.156318306923 * x3) - (((9.265032768250 - (exp(cos(sqrt((0.397761702538 * x2)))) * (sin((1.591827034950 * x1)) + sin((0.606852591038 * x6))))) - ((0.427658855915 * x5) + log((exp(((0.199657604098 * x6) - cos((0.829428553581 * x5)))) ^ sin((1.357368350029 * x5)))))) ^ 2)) / ((0.308952927589 * x2) + ((-0.052590850741) * x4)))))',5.826539256026975,5.826539516448975,134310640,9,14,384,7,4096,paper,4,0,3376120482,6.410495009389558,52.635621301775146
3600.020543407649,'(2.692828178406 + ((-22538.378906250000) * (sin(((((0.018498454243 * x6) - cos((0.113190852106 * x5))) ^ 2) ^ (cos((0.063724964857 * x5)) + sin((sin(cos(((cos((2.385859966278 * x1)) - ((0.018498454243 * x2) ^ cos((0.166348427534 * x5)))) / ((-0.310356914997) * x4)))) - (0.677369236946 ^ 2)))))) / (((-3.007747650146) * x2) - (0.176073864102 * x3)))))',7.006046171027863,7.006043910980225,124328206,9,18,384,7,4096,paper,4,0,1934392872,6.649540413086928,40.97751479289941
3600.024777382612,'(6.690774917603 + ((-0.001143983915) * ((((0.174725547433 * x5) - sin(((-0.570626854897) * x5))) * (((cos((2.202850341797 * x5)) + (0.510748982430 * x5)) * ((0.000805974007 * x5) - sin(((((0.018223393708 * x3) ^ ((log((1.146126866341 * x4)) / (2.737038373947 * x6)) ^ 2)) - ((-3.820759296417) * x2)) ^ 0.128367230296)))) ^ 2)) * (log((0.018223393708 * x3)) - 5.154985427856))))',6.608773468571804,6.608773708343506,102722264,9,19,384,7,4096,paper,4,0,2148995112,4.258920030938523,35.17100591715976
3600.020544525236,'(3.359841346741 + ((-6644.216796875000) * (((cos(((-4.968411445618) * x1)) + (0.077082343400 * x5)) / (((-1.401378273964) * x2) - ((0.346533596516 * x3) + (((0.775622129440 * x4) / cos((0.842902064323 * x5))) + ((exp((exp((0.005514785182 * x5)) + sin(((0.072998046875 * x4) ^ 2)))) - cos(((-0.097663164139) * x3))) ^ 2))))) * cos(cos(cos(((-0.066111341119) * x5)))))))',6.13214706823679,6.132148265838623,130341128,9,20,384,7,4096,paper,4,0,1592565386,2.5121124768729834,57.465917159763315
3600.0237746685743,'(5.753961563110 + ((-0.180903211236) * ((exp(sin(exp(sin((sqrt(exp(sin((((-0.150724694133) * x4) + ((-0.293224632740) * x1))))) / (1.729158043861 * x6)))))) * ((cos((5.694489955902 * x5)) - (0.434294492006 * x5)) ^ 2)) / (cos(((-4.079323768616) * x5)) + (((5.806941032410 * x2) - ((-0.465261191130) * x3)) / ((-0.840198755264) * x5))))))',6.152218165085326,6.152217864990234,186884560,9,21,384,7,4096,paper,4,0,784044718,,67.99668639053255
3600.025194659829,'(2.893540382385 + (14.090439796448 * (((exp((0.211485579610 * x4)) * sin((0.487785696983 * x5))) + (((-0.290608376265) * x5) ^ 2)) / (((((0.902839481831 * x1) ^ 2) - ((-0.092585332692) * x3)) - (((cos(((1.414213538170 * x3) + (0.197351142764 * x0))) - sqrt(exp((cos((0.430705130100 * x0)) * (0.530488133430 * x6))))) ^ 2) ^ 2)) + (0.751888751984 * x2)))))',6.081519878049595,6.081514835357666,185766355,9,22,384,7,4096,paper,4,0,3980425317,13.360227873954724,37.42946745562131
3600.02757300064,'((-0.519251286983) + (921.707275390625 * (((((1.058597326279 * x1) - (((0.693147182465 * x1) - (0.160382166505 * x5)) + sin((1.065158486366 * x1)))) / sqrt(((0.318309873343 * x3) + (4.649837493896 * x5)))) ^ 2) / log(((sin(((-0.447136163712) * x5)) / (((0.590845584869 * x5) / log((exp(sin((4.485386848450 * x5))) * (4.229835033417 * x6)))) / ((-2.283382177353) * x3))) - ((-7.652240276337) * x2))))))',6.167352227309113,6.167352199554443,177690841,9,23,384,7,4096,paper,4,0,3356806661,9.264915730502041,61.70863905325443
3600.0196704417467,'(9.572551727295 + (0.020991362631 * (((((0.361502140760 * x5) - ((0.040074538440 * x2) - cos((0.547019958496 * x5)))) + cos((2.201820373535 * x5))) ^ 2) * ((sqrt(exp((sin((0.403608679771 * (0.663411676884 * x4))) / 3.044360637665))) * ((2.302585124969 * x5) - (0.192683339119 * x0))) / (exp((sqrt((2.181329965591 * x5)) + ((-2.894137382507) * x1))) - ((-0.039401032031) * x3))))))',6.171912657224922,6.171913146972656,164765099,9,25,384,7,4096,paper,4,0,1728356533,7.357366460072687,45.5971597633136
3600.020018965006,'(6.125422477722 + (57838.726562500000 * (exp((0.042621083558 * x5)) / (log(((((((cos(((-0.409561783075) * x1)) * (8.415785789490 * x2)) / (0.534032166004 * x1)) - ((-1.055572509766) * x5)) ^ 2) * ((8.414205551147 * x2) - (5.143227577209 * x5))) ^ 2)) * (((5.143227577209 * x5) * (sin(((0.817661046982 * x5) * (1.806421637535 * x5))) ^ 2)) - ((-0.997329235077) * x3))))))',6.142974024942176,6.143044948577881,185018823,9,26,384,7,4096,paper,4,0,3533734220,,53.533017751479285
3600.02202161029,'(1.258191943169 + (2.682243824005 * ((((sin(((-0.485937148333) * x5)) - (0.411624342203 * x5)) ^ 2) / ((0.318309873343 * x3) - ((-0.548079013824) * x0))) * log(((16.777341842651 * x2) / log((((2.712506532669 * (8.145794868469 * x2)) ^ cos((0.061715293676 * x6))) / (0.422880232334 * x3))))))))',6.61891305764205,6.618913173675537,229817963,9,27,384,7,4096,paper,4,0,2342600226,,129.35147928994084
3600.02532543242,'(9.276757240295 + ((-47.976299285889) * log(cos(sin((((-0.684544324875) * x5) / ((4.349122524261 * x3) / (((0.184083208442 * x5) + sin((((sqrt(((-1.328158855438) ^ 2)) - ((0.318309873343 * x1) / ((0.111675575376 * x2) + ((-0.760852694511) * x1)))) ^ ((-1.554533243179) * x5)) - (cos(((-0.689980983734) * x5)) ^ 2)))) ^ 2))))))))',7.948760469721237,6.875502109527588,293453806,9,24,384,7,4096,paper,4,0,2765379632,,48.59005917159763
3600.026566706598,'((-1.309362888336) + (26.857629776001 * (((((-0.378159165382) * x5) + cos((2.259924411774 * x1))) ^ 2) / (((0.206171840429 * x3) - (((-1.901140689850) * x5) + ((-4.367186546326) * x4))) + ((1.772453904152 * x2) - (((((0.184053212404 ^ (0.809876263142 * x6)) ^ cos((0.360781162977 * x4))) + (0.982115983963 * x1)) ^ 2) - ((0.440679728985 * x4) / cos(((1.702440977097 * x5) / 0.931749820709)))))))))',6.306368499394054,6.306371688842773,139601599,9,29,384,7,4096,paper,4,0,1934709049,8.745483587153627,50.51928994082839
3600.024012424052,'(2.979935169220 + ((-3222065.500000000000) * ((sin(cos(sqrt(cos(sin((sqrt(sqrt((((-1.006279468536) * x0) / ((-0.147599563003) * x2)))) + (cos((((0.595886349678 * x5) * 0.434294492006) + (3.081573009491 * x1))) + (-0.276423484087)))))))) / (2.447597742081 * x5)) / (((-1.622968912125) * x2) - ((((-1.201464295387) * x3) / ((-0.026944756508) * x5)) - (0.448013097048 * x3))))))',6.994421734447536,6.994419097900391,188337996,9,28,384,7,4096,paper,4,0,1904449481,1.7560980683638001,39.72082840236687
3600.02571934089,'(0.502008914948 + ((-55.473701477051) * (((((sin((2.144665956497 * x5)) + ((((((0.041564162821 * x4) ^ (0.541784584522 * x5)) - ((-1.280184626579) * x6)) + (sin(((-0.688689827919) * x3)) / (cos((1.612544417381 * x1)) * (0.453313648701 * x1)))) + ((-0.183886364102) * x4)) + log((((cos((3.957614421844 * x0)) + ((3.271764516830 * x6) - (0.006917405874 * x3))) + cos((3.243350982666 * x0))) ^ 2)))) + (0.229808002710 * x5)) * log((0.011172659695 * x3))) * (cos(((-0.506839156151) * x5)) - (0.201165616512 * x5))) / ((log((0.255424082279 * x2)) * (0.288508474827 * x3)) + (1.442695021629 * x0)))))',5.712910870804175,5.712915420532227,123423282,9,0,384,7,4096,paper,6,0,3324115916,16.17048128160337,44.4359693877551
3600.018639806658,'(13.927563667297 + (0.091252103448 * ((((((-0.556540131569) * x5) * ((-0.324348062277) * x5)) + ((-0.225709319115) * x3)) * (sin((((-1.606761217117) * x5) / sin(((-0.556540131569) * x5)))) - (((-0.301974326372) * x5) + (0.434801369905 * x5)))) / ((((2.271665573120 * x2) - ((-0.721397459507) * x0)) - ((-1.887969374657) * x5)) / (sin((0.697725117207 * x5)) - (0.149616330862 * x5))))))',6.617318386493184,6.608154296875,161636365,9,1,384,7,4096,paper,6,0,2811363264,4.377840231857512,43.733112244897946
3600.024854183197,'((-15.520922660828) + ((-0.933282196522) * ((((((-2.431227445602) * x5) ^ 2) / ((-0.590497136116) * x3)) + ((-0.263175189495) * x5)) + ((((exp((0.269598484039 * x4)) / (0.759285688400 * x6)) * ((sin((sin(((-2.886837244034) * x5)) / (sqrt((((2.328876256943 * x6) ^ (sin(((-1.906345009804) * x5)) ^ 2)) * sqrt((((0.775411486626 * x6) * sin((1.418395638466 * x2))) ^ 2)))) - ((0.269598484039 * x4) / sin((0.793093681335 * x6)))))) * (1.935637474060 * x6)) ^ 2)) / ((-0.439462840557) * x2)) + sin((((-2.406842470169) * x5) ^ 2))))))',5.780730042411389,5.780581951141357,108266640,9,2,384,7,4096,paper,6,0,1884968544,8.154575434226764,65.46061224489797
3600.0278083644807,'(3.193894147873 + (490.538574218750 * ((((0.242722660303 * (2.213496685028 * x5)) * (0.242835924029 * (0.022345375270 * x5))) - cos(((6.283185482025 * x5) ^ 2))) / ((((0.297256588936 * x3) / (0.022345375270 * x5)) / ((0.009568428621 * x5) + sqrt(sqrt(exp((cos(sin(((0.318309873343 * x3) - ((0.242988079786 - 1.512279510498) + (((-0.612890839577) * x2) ^ 2))))) ^ (0.808250606060 * x2))))))) + ((0.275961071253 * x0) - (((-2.331265687943) * exp(exp(cos((4.050604820251 * x5))))) + ((-0.839625597000) * x2)))))))',6.340130512794501,6.342273712158203,84243584,9,3,384,7,4096,paper,6,0,1859786275,8.365263880150419,95.62836734693876
3600.020596858114,'(2.862226724625 + ((-0.006860397290) * (((((3.279010057449 * x6) + (1.143883466721 * x5)) / (((-4.070661544800) * x2) - (0.450965881348 * x3))) * (((cos(((((1.172086477280 * x2) ^ 2) ^ 2) ^ (1.344929814339 * x6))) * (2.686394214630 * x6)) + (3.007687568665 * x5)) ^ 2)) + (sin((((-0.193466678262) * x1) + (1.412311792374 * x5))) * ((1.442695021629 * x6) * (((-0.274319976568) * x0) + (1.441131472588 * x5)))))))',7.950465721837354,6.825901031494141,114572593,9,4,384,7,4096,paper,6,0,3687649985,5.413508517297467,47.259591836734685
3600.029780749232,'(6.110571861267 + (7.383538722992 * ((((exp((sin(((exp((1.257750630379 * x1)) - ((1.390580534935 * x2) - (0.296337366104 * x1))) * ((((-1.151299715042) ^ 2) / (0.193057253957 * x5)) - cos((0.387559413910 * x6))))) ^ 2)) + (0.135885015130 * x5)) / ((0.318309873343 * x3) - ((-3.336075544357) * x2))) * (cos((4.079147338867 * x5)) + ((0.696123778820 * x6) + (0.244148686528 * x5)))) * ((cos((1.368078947067 * x1)) + (0.144540265203 * x5)) + (cos((0.547783732414 * x5)) + cos((1.272248506546 * x1)))))))',5.473511066713376,5.473367214202881,116438359,9,7,384,7,4096,paper,6,0,865305066,,50.27836734693877
3600.0303448550403,'(5.292706966400 + (1.999899625778 * ((sin(((5.257219314575 * x5) / (0.149169951677 * x3))) * (sin((2.226016521454 * x5)) - (((-0.252291619778) * x5) - exp((((cos(((0.369177728891 * x4) * 0.277473479509)) ^ 2) ^ (exp(cos(((-1.762426853180) * x2))) - 0.259326994419)) - cos(((-1.307205557823) * x6))))))) * ((sin(((-0.529910147190) * x5)) - ((-0.160093709826) * x5)) / sqrt(sqrt((((((0.459938198328 ^ 2) / 0.459938198328) * ((1.149229884148 * x0) + (6.053709983826 * x6))) - ((-2.032960653305) * x2)) * ((0.476966679096 * x3) - (1.772453904152 * x0)))))))))',5.987195256158149,5.987194538116455,130394397,9,5,384,7,4096,paper,6,0,369133708,7.500230451666665,41.03678571428571
3600.023347966373,'(11.354110717773 + (0.016645988449 * (((((-1.348817586899) * x5) + sqrt((1.401314020157 * x3))) ^ 2) / sqrt((sqrt((0.489608883858 * x2)) - sqrt((exp((sin(((-0.651115179062) * x5)) * (-1.319575309753))) * exp(cos(((1.756773948669 * x2) * ((-1.899021863937) * x5)))))))))))',6.167914653213658,6.167710781097412,200375569,9,8,384,7,4096,paper,6,0,404488628,,102.83325443786981
3600.03204818815,'((-14.024103164673) + (2.139532089233 * (((((exp((0.579715311527 * ((sin((0.185846135020 * x4)) - cos((1.424598932266 * x5))) * (0.318309873343 * x6)))) - ((0.053206142038 * x5) + (log(exp(cos(sin((2.001695156097 * x5))))) - (0.334141910076 * x6)))) * cos(sin(log((cos(sin((((-0.697425067425) * x2) / 0.045410953462))) / (((0.196371808648 * x3) + ((0.787557542324 * x4) ^ 2)) * ((1.414213538170 * x6) ^ 2))))))) - cos((0.153147473931 * x4))) + (((-0.137745797634) * x5) - cos((0.207452073693 * x5)))) * (((2.001695156097 * x5) / ((-0.095386870205) * x3)) + ((-4.298997402191) / log((0.902247011662 * x2)))))))',5.581702062114033,5.581679821014404,99655648,9,6,384,7,4096,paper,6,0,2995172877,7.737812755193727,60.70882653061225
3600.0234305746853,'(2.565912961960 + ((-42.863655090332) * ((((-0.140512362123) * x5) + (sin(exp(cos((((-0.457463502884) * x3) - (0.075735680759 * x2))))) + cos((0.506991505623 * x5)))) / (sin(cos((2.245035171509 * x5))) - ((((-0.852084577084) * x3) / (2.259182691574 * x5)) + (cos((((0.991718530655 * x0) / (0.864161968231 * x2)) - cos(((((0.075735680759 * x2) + ((-0.714524865150) * x0)) + (0.081116080284 * x2)) - cos(((-0.863574504852) * x2)))))) - (0.075735680759 * x2)))))))',5.3693815876020805,5.36939001083374,128547012,9,10,384,7,4096,paper,6,0,4190266092,15.217128243145645,81.26520710059171
3600.0275496579707,'(8.766845703125 + ((-0.298122227192) * ((((((-1.778471946716) * x3) / (4.088344097137 * x5)) - (((-1.841962695122) * x6) - (0.577010750771 * x5))) * ((((-1.405515789986) * x3) / (6.283550739288 * x5)) - (sin((7.289260864258 * x0)) - (0.356148809195 * x5)))) / ((((sin((((-0.053402859718) * x5) + ((-0.215764805675) * x4))) - cos((cos((0.859154403210 * x2)) * 1.218818306923))) / sin(((0.707106769085 * x0) ^ (((-0.875074625015) * x0) / (1.339781403542 ^ ((0.654136359692 * x5) - (1.208629131317 * x4))))))) - sqrt((0.999016761780 * x2))) - sin((((cos((0.735426068306 * x5)) * 1.414213538170) + (1.239636301994 * cos((2.830748558044 * x5)))) - (0.657028496265 * x5)))))))',5.614516175999133,5.614512920379639,71923985,9,9,384,7,4096,paper,6,0,2261209995,5.47057239761187,57.220828402366855
3600.033833242953,'(0.667328119278 + ((-0.092904955149) * (((((1.291319608688 * x5) + ((sin((2.259211301804 * x2)) * (0.693147182465 / cos((2.632171392441 * (1.437778234482 * x6))))) ^ 2)) ^ 2) / ((((-0.270579129457) * x3) - (3.079973697662 * x5)) - ((1.104164958000 * x2) + ((-4.553009033203) * x4)))) * ((cos(((-0.627855420113) * x5)) + ((0.318309873343 * x5) + cos((exp(sin(((2.632171392441 / (sin(((((0.950097084045 * x6) + (2.073598861694 * x5)) - ((-0.072337865829) * x6)) * 0.781269788742)) - ((((-2.217688798904) * x4) - (0.318309873343 * x5)) / 3.046973466873))) - (1.708045721054 * x1)))) ^ log((2.305723190308 * x5)))))) + (cos((2.284277200699 * x5)) - cos((1.300093531609 * x5)))))))',5.944362382516943,5.944362640380859,85260327,9,11,384,7,4096,paper,6,0,3160032368,4.015079068961367,37.648639053254435
3600.0238795131445,'(8.394744873047 + (0.618742883205 * (((((2.150073051453 * x5) / 0.763774335384) / 1.475816965103) + ((((-0.275245904922) * x3) + (7.270581245422 * x5)) / ((8.853779792786 * x0) ^ (0.317330449820 * x6)))) / ((((0.275378108025 * x3) + (4.180941581726 * x2)) / (sin((sqrt(((((0.625334918499 + 0.086113385856) * ((-0.275245904922) * x3)) + cos((3.626028537750 * x2))) ^ 2)) + ((2.224551200867 * x5) / 0.693147182465))) + ((-0.188638493419) * x5))) / ((cos(((-0.589835882187) * x5)) - (0.192137718201 * x5)) - sin((2.224551200867 * x5)))))))',5.914891270907916,5.914879322052002,97491610,9,12,384,7,4096,paper,6,0,3269070126,4.588018501733794,61.78745562130178
3600.0218048878014,'(3.826171636581 + (2306.012695312500 * ((((0.595175206661 / 0.102758824825) + cos((0.387666732073 * x5))) / (((2.148429870605 * x2) + (0.132816851139 * x3)) - ((-0.661234855652) * x0))) + ((cos(((-0.739610075951) * x0)) / (0.353198766708 * x2)) / (((1.475329637527 * x2) + (0.113400705159 * x3)) - (1.772038102150 * x0))))))',6.535677625292094,6.535678386688232,189225491,9,17,384,7,4096,paper,6,0,3606691181,8.560225672415319,53.85514792899409
3600.018908031285,'((-56.692016601562) + (90.169563293457 * ((((1.531251788139 * x5) - (((-0.271753311157) * x4) / ((-1.090065002441) * x6))) / log(((1.338478803635 * x5) ^ ((-0.261113584042) * x5)))) * (((4.812421321869 * x5) * (((-0.068968281150) * x5) / (6.498551368713 * x3))) - ((((-0.257546484470) * x5) / ((-3.457717895508) * x2)) + (1.135610818863 ^ ((-0.069790616632) * x5)))))))',42.93320458137942,6.979888439178467,89161305,9,14,384,7,4096,paper,6,0,3376120482,40.53113818670254,52.635621301775146
3600.031035356224,'(1.385053157806 + (1.076431870461 * ((((0.119610838592 * x5) + cos((0.628102421761 * x5))) + (((0.166373118758 * x2) / (0.254673719406 * x3)) ^ (-0.535047531128))) * ((log(cos((cos((0.318309873343 ^ ((-0.535047531128) - (((0.269865274429 * x6) + ((-0.343262642622) * x1)) + ((-0.343262642622) * x1))))) ^ sin(((0.680587887764 * x1) ^ exp(((((-1.294089317322) * x5) - 0.004589170218) / ((-0.516242682934) * x5)))))))) / (((-1.074985980988) * x5) - (0.251688539982 * x3))) * ((cos((41.415031433105 * x6)) - ((-0.516242682934) * x5)) ^ 2)))))',6.513406483067951,6.560272216796875,62304596,9,18,384,7,4096,paper,6,0,1934392872,6.915407638381641,40.97751479289941
3600.023083809763,'(4.829726696014 + ((-0.147956073284) * ((((((0.627083420753 * x0) * cos(((-1.382940292358) * x5))) / ((0.625462293625 * x0) + (((-0.596703946590) * x6) * (0.318309873343 * x5)))) + ((-1.443488001823) * x5)) ^ 2) * ((cos((0.629950821400 * x5)) - (((-0.400442034006) * x6) + ((-0.229243233800) * x5))) / ((((-2.617870330811) * x2) + ((-0.450608313084) * x3)) + (((-1.935609817505) * x0) + (((0.052880447358 * x4) / cos(sqrt((0.629950821400 * x5)))) ^ sqrt((0.600088894367 * x0)))))))))',6.136309323478756,6.136310577392578,104002127,9,16,384,7,4096,paper,6,0,550243861,7.079975406499931,59.17313609467456
3600.026095531881,'(6.749916553497 + (1.966063141823 * (((sin((0.488453865051 * x5)) + (0.081098049879 * x5)) * (((0.054487969726 * x2) - (0.326660960913 * x5)) - sin((2.223829984665 * x5)))) / ((sin((((-0.393589496613) * x4) - ((-0.451915204525) * x5))) - sin(log(exp(sqrt(((((((0.711050868034 * x5) + ((-0.119817972183) * x3)) - (4.629232883453 * x4)) / (-1.918539404869)) * 0.668349087238) ^ sqrt(cos(log((0.429708212614 * x6)))))))))) - (0.005149380770 * x3)))))',5.614918314612797,5.614917755126953,140065094,9,13,384,7,4096,paper,6,0,3081541439,11.057770712373259,39.60248520710059
3600.0228542499244,'((-0.243710443377) + ((-2.318437576294) * (((cos((0.590695083141 * x5)) - ((0.177981898189 * x5) - (-2.370117187500))) / (sqrt((((0.888775348663 * x0) * (((sin(exp(((0.825291275978 * x6) ^ 2))) ^ (sin(((0.318309873343 * x3) * (2.045159101486 * x6))) + (0.242226511240 * x1))) ^ sin((((1.442695021629 - 0.532300472260) * exp((0.282658904791 * x2))) + (0.222820028663 * x5)))) - sqrt((2.045159101486 * x6)))) + (0.289842486382 * x3))) / ((1.393073081970 * x5) - (2.718281745911 * x6)))) / log((((0.599198579788 * x0) + (0.282658904791 * x2)) * (0.040091689676 * x2))))))',7.17881602168805,5.827523708343506,89628281,9,15,384,7,4096,paper,6,0,2204291346,19.992403982114016,65.60082840236686
3600.019155431539,'(1.947328686714 + (1.691463828087 * (cos(((1.771043419838 + ((-0.654931128025) * x5)) * ((1.369966626167 * x5) ^ 0.756234288216))) - ((((1.048934459686 * x5) ^ 1.457097411156) ^ 2) / ((((-32.629116058350) * x5) + ((-1.642341256142) * x3)) * log(((0.113301739097 * x0) - ((-0.307810366154) * x2))))))))',6.9209571864069845,6.920955181121826,104192393,9,20,384,7,4096,paper,6,0,1592565386,3.9828203991700426,57.465917159763315
3600.025093510747,'((-2.509482145309) + ((-156.760208129883) * ((((cos(log(((exp((1.327714920044 * x1)) * ((-1.047513008118) * x6)) ^ 2))) + (0.351183265448 * x5)) + sin((4.096560955048 * x5))) + sin((((-2.887416362762) * x2) ^ 2))) / ((sin(((-0.449093371630) * x5)) * (0.703427255154 * x4)) - (((0.256137073040 * x2) + (0.527741968632 * x5)) - (((-1.365106344223) * x3) / (0.517037510872 * x5)))))))',6.165622987944945,6.166118621826172,147011332,9,19,384,7,4096,paper,6,0,2148995112,2.7561493986403076,35.17100591715976
3600.0211863294244,'(18.858535766602 + (0.106296963990 * (((((0.462950587273 * x5) ^ 2) + (((-8.090930938721) * x4) - (((sin((((-0.458569824696) * x2) ^ 2)) - ((-0.853828907013) * 1.391452074051)) ^ 2) / sin((((-5.026604652405) * x5) ^ 2))))) - (((0.190448611975 * x3) + (2.888487100601 * x2)) + ((3.008867740631 * x3) / (0.687275052071 * x2)))) / (((((-4.621640682220) * x4) + (0.308495521545 * x2)) - (((-0.229793891311) * x0) - (1.310253977776 * x5))) / (((-0.910358726978) * x4) - (((-0.585592389107) * x1) - (0.401476800442 * x5)))))))',6.359101927667062,6.268375396728516,130860755,9,24,384,7,4096,paper,6,0,2765379632,,48.59005917159763
3600.022772487253,'(3.620648145676 + (8941.041015625000 * ((((cos((((0.489456266165 * x3) + (0.872363328934 * x5)) ^ 2)) ^ 2) - ((-0.135961502790) * x5)) / (((0.480592638254 * x3) + ((sin((1.363022804260 * x5)) * ((-1.324890851974) * x2)) - ((-1.876855492592) * x0))) - ((-4.477417469025) * x2))) / exp(sin(((-0.067155726254) * x5))))))',6.611634582092127,6.632684707641602,186903133,9,22,384,7,4096,paper,6,0,3980425317,7.6353948515801555,37.42946745562131
3600.0211100690067,'(1.323098897934 + (0.752805054188 * (((cos((2.245430469513 * x5)) + cos(((-1.294482111931) * x5))) + (cos(((1.875499129295 * x0) * (0.022076869383 * x3))) + (((-1.085938453674) * x5) + (0.748601019382 * x5)))) / ((cos((25.723527908325 * x5)) - (((((-2.339774847031) * x2) + (37.029407501221 * x4)) - ((18.126493453979 * x5) - ((-1.301830291748) * x3))) / (2.925166368484 * x5))) / ((((-0.299627751112) * x5) + cos(((25.358537673950 * x4) - (0.693147182465 * x5)))) + (cos((1.425849318504 * x6)) * (0.119192048907 * x4)))))))',5.713761325881056,5.713688373565674,122042832,9,23,384,7,4096,paper,6,0,3356806661,9.738710001142424,61.70863905325443
3600.034262984991,'(4.575335979462 + (3.859714746475 * ((((((-0.271416068077) * x5) ^ 2) / ((0.434294492006 * x3) - (1.646382570267 * x2))) / ((cos(sqrt(((0.226807728410 * x0) ^ (1.773393750191 / ((-0.495984584093) * x2))))) ^ 2) / (((0.434294492006 ^ ((((-0.000161719858) * x3) * (1.323378801346 * x6)) + exp(sin((1.318517327309 * x5))))) + (0.220396444201 * x5)) - sin(((((cos(exp((0.418444871902 * x5))) / 6.287070274353) - sin(sin((-0.327115684748)))) * ((1.946631193161 * x5) - (0.418444871902 * x5))) / cos(cos((-0.327115684748)))))))) / log((((1.661876082420 * x2) - (1.946631193161 * x5)) - ((0.394737660885 * x5) / ((-0.000161719858) * x3)))))))',7.270728689887242,5.869928359985352,71877538,9,21,384,7,4096,paper,6,0,784044718,,67.99668639053255
3600.0270158983767,'((-3.511501550674) + (1.317149519920 * ((((((log((1.414213538170 * x2)) / sin((-2.834032058716))) - (-7.516730308533)) + ((-0.134405493736) * x5)) - ((0.608940303326 * x3) / (3.561491727829 * x2))) ^ 2) / ((cos(((-2.165152788162) * x5)) + (((0.941214919090 * x0) + (0.781667888165 * x3)) / (1.076542258263 * x5))) - cos(((0.955086112022 * x5) + ((-1.501380443573) * x5)))))))',6.493577640913764,6.493577480316162,194692655,9,27,384,7,4096,paper,6,0,2342600226,,129.35147928994084
3600.027459640056,'(1.923002958298 + ((-76.614433288574) * ((cos(((0.434294492006 * x5) + (-0.580192446709))) - (((0.123976841569 * x5) + (-1.345869064331)) + ((cos((sin((2.185149192810 * x5)) + 0.607015252113)) - ((0.322771251202 * x5) / ((0.434294492006 * x1) ^ (0.123976841569 * x0)))) + (0.228370890021 * x6)))) / (cos(((2.462372541428 * x0) - (1.226519107819 * x1))) - ((((-0.006323201116) * x3) - (0.075615152717 * x2)) - ((0.391044288874 * x0) ^ 0.487192839384))))))',5.954439854847244,5.954437732696533,81413724,9,26,384,7,4096,paper,6,0,3533734220,,53.533017751479285
3600.0344221889973,'((-0.141638696194) + (0.240775510669 * ((sin(((0.669952929020 * x5) ^ 2)) + (sin(((-1.319466233253) * x5)) + (((-0.272812813520) * x5) + (0.669952929020 * x5)))) * ((sin((0.652538299561 * x5)) + (((((0.016417222098 * x2) + ((((0.031116440892 * x2) + sin((0.083461955190 * x2))) / ((0.009220731445 * x5) * (0.025945227593 * x5))) + exp(cos((sin(((log(cos((((0.676131248474 ^ 1.371051192284) ^ exp((0.145095735788 * x1))) + ((0.222855240107 * x5) ^ (-1.459253072739))))) / log(((0.760407924652 ^ 2) + ((exp(exp(log((exp(sin((((-0.111557893455) * x3) + (0.016417222098 * x2)))) / (log(3.524097442627) ^ sqrt(sin((exp((0.307997554541 - ((-0.387099444866) * x1))) / ((0.707106769085 * x4) ^ 2))))))))) / ((-0.272812813520) * x5)) ^ 2)))) ^ sin((0.171522632241 * x2)))) ^ 2))))) + exp(((cos(((-0.674036979675) * x3)) ^ 2) / (0.016417222098 * x2)))) + (0.222855240107 * x5)) - sin((2.004019975662 * x6)))) * (((cos((0.318309873343 * x3)) - ((2.302585124969 * x5) / ((-2.688230991364) * x4))) + (2.302585124969 * x5)) / ((5.222974777222 * x2) + (0.318309873343 * x3)))))))',5.658442962195463,5.6584792137146,116557094,9,25,384,7,4096,paper,6,0,1728356533,7.762908373404421,45.5971597633136
3600.0299422331154,'(2.512268781662 + (3.838054418564 * ((((((-0.115706704557) * x5) ^ 2) - (exp(exp(sin(((log((((0.665444433689 * x5) * exp((0.129010453820 * x5))) ^ sin((1.703833580017 * x4)))) - (3.141592741013 * x6)) ^ 2)))) - (0.892943561077 * x5))) - (log((0.079412087798 * x4)) / (0.934047758579 - (0.891422688961 * x6)))) / (cos((((-0.798542976379) * x5) ^ 2)) + ((((-2.872572660446) * x2) - (0.282132178545 * x3)) / ((cos(((-1.293115973473) * x5)) * (1.027810454369 * x6)) - (0.531112194061 * x5)))))))',6.2655964991469775,6.265627384185791,99842745,9,28,384,7,4096,paper,6,0,1904449481,3.381605581158934,39.72082840236687
3600.025090958923,'(698.896301269531 + ((-695.001037597656) * (((((0.102780513465 * x5) + sin(((((0.353706866503 ^ 2) * (((-0.652029097080) * x1) ^ 2)) ^ (0.104919187725 * x5)) * ((-1.129679918289) * x5)))) + sin((2.141833543777 * x5))) + sin(((0.139418214560 * x5) + (0.359564602375 * x4)))) ^ (((0.102780513465 * x5) + sin((0.405585259199 * x5))) / ((((-0.259008079767) * x0) + ((-1.536479353905) * x2)) + ((-0.137846082449) * x3))))))',6.229734532923682,6.163497924804688,94652439,9,29,384,7,4096,paper,6,0,1934709049,8.853181030306477,50.51928994082839
3600.041550971568,'(2.946630239487 + (2.230045557022 * (((((0.572281181812 * x5) ^ 2) + (((0.040435325354 * x3) ^ sin((0.647548735142 * x5))) / (sin((1.267498970032 * x6)) ^ 2))) - ((((log((0.833371400833 * x5)) / (-0.184705466032)) - ((sin((0.663064897060 * x1)) ^ 2) / (0.032109428197 * x1))) ^ 2) + (3.009469747543 * x4))) / ((0.040435325354 * x3) + (0.323036581278 * x2)))))',6.177752271985525,6.177753448486328,127532532,9,1,384,7,8192,paper,4,0,2811363264,5.208668879915767,43.733112244897946
3600.047618914396,'(5.094532012939 + ((-2.183175325394) * ((((0.434294492006 * x5) - sin(((-0.568527579308) * x5))) ^ 2.556074619293) / (((-0.175471931696) * x3) - (((sqrt(((cos(((-1.084589362144) * x5)) * sin((2.423515558243 * x2))) ^ 2)) * (7.901795864105 * x4)) + ((0.318309873343 * x4) * ((0.999134302139 * x6) ^ ((-1.156634211540) * x3)))) + (3.594852209091 * x2))))))',5.962197408285441,5.962199687957764,144818408,9,0,384,7,8192,paper,4,0,3324115916,6.000049123995191,44.4359693877551
3600.038261909038,'(1.751846075058 + (52170.191406250000 * (((sqrt((0.800413429737 * x4)) - ((cos((((-1.971859455109) + (0.532768964767 * x4)) * (-0.434131711721))) + sin((((-0.062626719475) * x4) / (4.843848705292 * x6)))) ^ 2)) ^ (((-0.392162352800) + cos(sqrt((4.324257373810 * x5)))) ^ 2)) / ((5.913173675537 * x2) + (0.833371400833 * x3)))))',6.798527792249963,6.798526287078857,142564944,9,2,384,7,8192,paper,4,0,1884968544,7.91181251540678,65.46061224489797
3600.033936537802,'(6.843516349792 + ((-45.650585174561) * (((cos((0.422854781151 * x5)) - (0.181993514299 * x5)) / (((cos((2.241196155548 * x5)) * sqrt(((((-0.170859411359) * x3) * log(((cos((4.515615940094 * x5)) + (sqrt((0.151955246925 * x6)) ^ (-0.195505887270))) ^ sin(((-1.016448020935) * x3))))) ^ 2))) - ((-1.682317376137) * x3)) + (3.959277153015 * x0))) * (((-0.299270838499) * x2) + (2.159384965897 * x5)))))',6.056267893771519,6.056252956390381,154854607,9,3,384,7,8192,paper,4,0,1859786275,7.703116054675751,95.62836734693876
3600.0388791412115,'(13.993316650391 + ((-0.033410768956) * ((((0.590147793293 * x5) ^ 2) - (0.434294492006 * x3)) / (((-0.010110910051) * x2) - ((sin(((cos(sin((((-0.360236048698) * x2) - (1.312157869339 * x5)))) - ((-0.122782841325) * x1)) ^ cos((0.590147793293 * x5)))) * sqrt(sqrt((exp(((-0.267217397690) * x1)) * (2.268193721771 * x0))))) + sin((1.019889116287 * x1)))))))',6.023137137069625,6.023139953613281,153226091,9,4,384,7,8192,paper,4,0,3687649985,6.564424859150904,47.259591836734685
3600.037749350071,'(3.990735530853 + (4011.030517578125 * (((((sin((0.693147182465 * x6)) - (0.064390487969 * x1)) + sin((1.582456350327 * x1))) * cos(sin(((-1.182359576225) * x3)))) + sqrt(sqrt((0.897375822067 * x2)))) / (((0.180741310120 * x3) + ((sin((1.404919028282 * x5)) - ((-0.125297471881) * x2)) ^ 2)) / (((0.612780213356 * x4) ^ 2) ^ ((-0.065942794085) * sin(((-0.159727349877) * x5))))))))',6.097836502958657,6.097856044769287,114982528,9,5,384,7,8192,paper,4,0,369133708,13.333244445996908,41.03678571428571
3600.042385712266,'(4.925438404083 + (46140.621093750000 * ((sqrt(cos(cos(((0.058640085161 * x4) - ((-1.502393722534) * x6))))) / ((cos(((-1.383907437325) * x5)) * (0.649390041828 * x2)) + sqrt((((0.644925534725 * x5) - (((-0.046651083976) * x2) * ((((0.693147182465 * x3) - ((-3.469004631042) * x0)) / (0.693147182465 * x5)) / 2.302585124969))) * (2.567384004593 * x3))))) * exp(sin((0.069934189320 * x5))))))',6.359875186318765,6.359876155853272,171892519,9,9,384,7,8192,paper,4,0,2261209995,7.978105193668139,57.220828402366855
3600.0432138070464,'(17.303714752197 + ((-0.334205329418) * ((((0.012491913512 * x5) + sin(exp((((2.523120641708 + ((-0.333087980747) * x1)) ^ 2) ^ 2)))) * ((((-1.810452103615) * x3) + (((-3.503630161285) * x0) + ((1.155775070190 * x5) ^ 2))) + ((((1.314281702042 * x4) ^ 2) * cos((0.549831032753 * x5))) - ((4.152437210083 * x5) * sin((4.057430267334 * x5)))))) / (((-0.804326057434) * x5) + ((-1.685865402222) * x2)))))',6.103811328204247,6.103810787200928,160906359,9,10,384,7,8192,paper,4,0,4190266092,13.028920280465437,81.26520710059171
3600.0514481440187,'((-0.489144206047) + ((-9.945489883423) * (((((-0.490889191628) * x5) - (1.414213538170 * x2)) * ((5.194522857666 * x6) + (((-0.205782935023) * x5) ^ 2))) / ((((((exp((((sin((3.853367090225 * x5)) - 2.122236251831) / (-2.097815036774)) ^ 2)) ^ 2) + (0.213615790009 * x3)) - (0.611178934574 * x2)) - ((-5.186224937439) * x5)) - ((-0.333695352077) * x0)) * ((0.192510128021 * x2) + sin(((-0.490889191628) * x5)))))))',6.498821920458018,6.4988226890563965,177111096,9,6,384,7,8192,paper,4,0,2995172877,6.928157854694773,60.70882653061225
3600.049968637526,'(3.118795633316 + (272.232269287109 * ((((-0.133268073201) * x5) + cos((0.508472919464 * x5))) * ((sin((2.224447250366 * x5)) + (0.284490764141 * x5)) / ((((((-0.058698847890) * x2) * (1.442695021629 * x5)) + ((-3.250352621078) * x0)) + (((-2.307766914368) * x5) - (0.598061800003 * x3))) - exp((cos((2.718281745911 * x0)) + (cos((6.686033248901 * x1)) * (6.720962047577 * x1)))))))))',6.137187980775114,6.1371893882751465,204580680,9,7,384,7,8192,paper,4,0,865305066,,50.27836734693877
3600.051792949438,'((-0.556924819946) + (383.208953857422 * ((0.923571527004 ^ ((-0.411994248629) * x5)) / (((((0.059082336724 * x3) - ((-0.382659733295) * x5)) + (exp(exp(sin(((3.112403154373 * x1) - ((-2.364295005798) * x3))))) * exp(sin(((-0.503059566021) * x3))))) - ((0.230819091201 * x1) / sin(((-0.863323509693) * x5)))) + (((((-0.101016476750) * x4) ^ 2) ^ 2) * cos((1.369979739189 * x6)))))))',5.690567713785081,5.690531253814697,118901462,9,8,384,7,8192,paper,4,0,404488628,12.02289293199698,102.83325443786981
3600.0452086254954,'((-0.552202761173) + ((-0.216811388731) * ((((((-1.592745304108) * x0) + ((0.640135288239 * x5) ^ 2)) - ((-0.103572010994) * x3)) + (6.004978656769 * x2)) / (((((-0.227543309331) * x3) - (3.953092098236 * x2)) / (sqrt((cos(cos(((-0.227543309331) * x5))) ^ (((-0.219587773085) * x6) * (0.354692935944 * x1)))) ^ (sin((0.731633484364 * x5)) ^ 2))) / ((0.467323422432 * x5) + sin((4.331207752228 * x2)))))))',6.472380202701724,6.472381591796875,105885750,9,12,384,7,8192,paper,4,0,3269070126,2.122138112060362,61.78745562130178
3600.037905089557,'(4.256184577942 + (8910.092773437500 * ((cos((cos(((-2.450950622559) * x5)) / ((0.513480722904 * x1) + log(((cos(((-3.886556148529) * x5)) / ((-0.077779829502) * x2)) + 0.489909291267))))) + (((((0.014639086090 * x5) ^ 2) ^ 2) * ((0.281452953815 * x1) ^ cos((((-2.864473104477) * x6) ^ 2)))) ^ (0.014639086090 * x5))) / ((0.318309873343 * x3) + (2.757229566574 * x2)))))',6.797400738892702,6.7974066734313965,109791856,9,11,384,7,8192,paper,4,0,3160032368,5.1989669767499445,37.648639053254435
3600.041276883334,'(2.271649360657 + ((-20.083898544312) * (((3.326863288879 * x5) - (0.318309873343 * x2)) * ((sin((((-2.190079689026) * x5) - ((-0.227536991239) * x6))) - ((-0.352928102016) * x5)) / ((((((-0.127462267876) * x4) ^ 2) * (sin(((-12.117074966431) * x5)) / ((sqrt((((-0.941290736198) * x2) / ((-0.008340870962) * x3))) ^ 2) * sin(((0.318309873343 * x2) / ((-2.677847862244) * x3)))))) + ((-9.425503730774) * x5)) + ((-1.814330458641) * x3))))))',6.367559920032768,6.367559909820557,172149556,9,14,384,7,8192,paper,4,0,3376120482,5.976100310387827,52.635621301775146
3600.0496653690934,'((-6.694845199585) + (84.052665710449 * (sqrt(((((((0.560661196709 * x5) - (0.127823054790 * x0)) - ((2.633470535278 * x4) - ((2.662304162979 * x6) / (cos((0.802683055401 * x5)) / (0.732419550419 * x6))))) / (0.092004187405 * x6)) + exp((0.089614175260 * x5))) - ((-11.467271804810) * x2))) / sqrt(((((2.808207750320 * x5) - ((-0.419902265072) * x3)) * (0.109764635563 * x2)) + (4.500259399414 * x5))))))',6.148211921612727,6.148210525512695,205672580,9,15,384,7,8192,paper,4,0,2204291346,15.995354781441991,65.60082840236686
3600.0499601252377,'(5.432281970978 + ((-0.107174240053) * (((((16.791110992432 * x6) + ((1.391261577606 * x5) ^ cos((0.629184365273 * x5)))) - (1.472659111023 * x2)) + (((-0.353693544865) * x5) ^ 2)) / (((((((-0.788485229015) * x5) * cos(((-0.353693544865) * x4))) - (0.318309873343 * x3)) - (3.802746295929 * x5)) - (((12.222064971924 * x4) ^ cos((1.384355068207 * x1))) * ((-0.698616385460) * x1))) / (3.802746295929 * x5)))))',6.344167271466689,6.344167232513428,110382902,9,16,384,7,8192,paper,4,0,550243861,4.679416557787228,59.17313609467456
3600.0383224003017,'(3.665682792664 + ((-0.250014662743) * ((((cos((cos(((-0.849699676037) * x5)) - ((-0.550878345966) * x5))) + (0.300275176764 * x5)) + (log(sin((((0.316263318062 * x5) / (2.064698934555 * x1)) ^ cos(sqrt((sqrt((1.495278716087 * x3)) - (3.341782808304 * x6))))))) + (0.616024792194 * x6))) ^ 2) * ((((-0.250362634659) * x1) + (0.393961369991 * x5)) / (((-0.573862135410) * x2) + ((-0.053703017533) * x3))))))',6.08543217451976,6.085428714752197,139298274,9,13,384,7,8192,paper,4,0,3081541439,9.360746866962945,39.60248520710059
3600.0428858436644,'(4.706935405731 + (3.942158460617 * ((sin(((-0.445853412151) * x5)) + (0.118981122971 * x5)) / (((0.511879205704 * x5) - ((-0.057930454612) * x3)) / ((((sin((1.121088147163 * x5)) ^ 2) * (0.534121215343 * x4)) + (1.121088147163 * x5)) * (((-0.002879418898) * x2) + (1.470378041267 * (exp(sin(((-2.025192737579) * x6))) ^ (0.003028678708 * x4)))))))))',6.491458703584482,6.491457462310791,160619932,9,18,384,7,8192,paper,4,0,1934392872,6.120902494412631,40.97751479289941
3600.033632427454,'(3.075634717941 + ((-88016.562500000000) * ((sqrt(sqrt(exp(cos((((0.529993712902 * x5) ^ ((-0.606736540794) - (-0.149470627308))) ^ (-1.382211446762)))))) ^ 2) * ((sin((0.098315782845 * x4)) ^ sin((0.529993712902 * x5))) / (((-2.330073595047) * x0) + (((-3.900298595428) * x2) + ((-0.934371888638) * x3)))))))',7.023996745170194,7.02399206161499,107106472,9,19,384,7,8192,paper,4,0,2148995112,2.209418091972323,35.17100591715976
3600.0456226058304,'(3.004916429520 + (188.878814697266 * (exp(((0.031331073493 * x5) + cos(sin(log(sqrt((log((((-0.669742226601) * x6) + (((-0.579629659653) * x1) ^ 2))) / sqrt((0.624140739441 * x6))))))))) / (((cos(((-0.590699315071) * x5)) / 0.063877522945) + ((0.544900059700 * x5) + (0.632330000401 * x2))) + (0.056673273444 * x3)))))',6.68628106415683,6.686280727386475,202817455,9,17,384,7,8192,paper,4,0,3606691181,6.540186101226127,53.85514792899409
3600.0476417914037,'((-0.930719852448) + ((-1194.656005859375) * ((sqrt(exp(((sin((1.358789205551 * x5)) / (exp(cos((sin((0.814115464687 * x0)) - exp(((-0.211503714323) * x4))))) + sin((0.688184618950 * x5)))) * ((0.321349591017 * x6) / 3.346579313278)))) / (((0.262620896101 * x4) ^ (0.034067910165 * x5)) - ((5.727480888367 * x4) + (0.128572866321 * x3)))) * (2.239097356796 ^ (0.034067910165 * x5)))))',6.330526210714667,6.330525875091553,103922705,9,20,384,7,8192,paper,4,0,1592565386,5.973010453671048,57.465917159763315
3600.0452912673354,'(7.720956325531 + ((-1.973385453224) * (exp((sin((log(sqrt((0.831588149071 * x6))) + (1.360348224640 * x1))) ^ 2)) - ((((((-1.318606615067) * x5) / ((-0.320457905531) * x3)) ^ 2) * (((-1.508636593819) * x2) - ((-0.302379071712) * x3))) + exp(sin(((((-0.557191669941) * x5) - (cos(((-0.556645750999) * x2)) + sin(((-0.348502129316) * x5)))) * 0.807624101639)))))))',6.54335954348939,6.543361186981201,164388258,9,23,384,7,8192,paper,4,0,3356806661,6.009029851605048,61.70863905325443
3600.041866634041,'(1.542942643166 + (3864.209960937500 * ((exp((cos(((-0.472422391176) * x5)) / (((cos(((-0.405371993780) * x4)) * (0.387605547905 * x2)) + (0.713792860508 * x2)) / ((0.395244151354 * x0) ^ (cos((3.171105384827 * x5)) ^ 2))))) / cos((log((((-0.431028157473) * x5) ^ 2)) - (cos((2.205314159393 * x5)) / ((-0.012920096517) * x3))))) / ((0.293467700481 * x2) + (0.077109426260 * x3)))))',6.237734772898185,6.237733840942383,152370287,9,22,384,7,8192,paper,4,0,3980425317,8.59443338325175,37.42946745562131
3600.049016676843,'(2.240771770477 + ((-18.647075653076) * ((log((0.045875363052 * x3)) * (cos(sqrt(sin((0.091765552759 * x4)))) * (sin((exp((1.606506347656 * x1)) - cos((cos(sqrt((0.371479511261 * x6))) * ((0.091765552759 * x4) - (-1.218901872635)))))) + (0.091765552759 * x5)))) / (cos(((-0.549346864223) * x5)) + (((10.731964111328 * x2) - ((-1.150112032890) * x3)) / ((-3.148440361023) * x5))))))',6.070647922167075,6.0696120262146,167837716,9,21,384,7,8192,paper,4,0,784044718,,67.99668639053255
3600.0507941432297,'(3.082992792130 + ((-0.025499684736) * (((cos((sin((0.655405223370 * x1)) * ((0.620155513287 * x3) ^ (-0.072078146040)))) * (3.191469907761 * x5)) ^ exp(sin(cos((log((0.115166291595 * x4)) / (5.877741336823 * x6)))))) / (((-0.122154846787) * x3) + ((3.032500743866 ^ ((cos(((-0.275589108467) * x5)) ^ 2) - ((-0.156039148569) * x4))) + (((-5.602294921875) * x4) - ((-6.080333709717) * x1)))))))',6.424435999088407,6.424432754516602,97615781,9,24,384,7,8192,paper,4,0,2765379632,3.107654315963674,48.59005917159763
3600.0402127057314,'(5.212292194366 + (29.519079208374 * (((0.168548062444 * x5) + sin(((-0.443471312523) * x5))) * (((sin(((-1.363254308701) * x5)) - (0.344629079103 * x5)) * sqrt((exp(log(((0.132578879595 * x5) - sin(((-2.224972009659) * x5))))) - (cos((4.013343811035 * x1)) + cos(((-1.328606009483) * x6)))))) / (((-4.648785591125) * x2) + ((-0.488270759583) * x3))))))',6.112155042508241,6.112154483795166,180610890,9,27,384,7,8192,paper,4,0,2342600226,,129.35147928994084
3600.0314783602958,'(5.558751583099 + (111.435508728027 * (((((0.126764088869 * x5) - 3.192383050919) + cos(((-1.316667675972) * x1))) / (((-1.398420810699) * x2) + ((-0.126509800553) * x3))) * (((-0.126509800553) * x5) - ((((cos(((0.530326962471 * x5) ^ 2.718281745911)) ^ 2) + (cos((1.182359337807 * x3)) ^ 2)) - cos((log((0.191500008106 * x6)) - 2.552162647247))) - sin((0.530326962471 * x5)))))))',5.996445455156539,5.995553493499756,136142613,9,26,384,7,8192,paper,4,0,3533734220,,53.533017751479285
3600.050332717597,'(4.082726955414 + (162.009338378906 * (((sqrt((sin((0.274492800236 * x5)) ^ 2)) + ((-0.143745273352) * x5)) ^ 2) / ((((sin((0.930740594864 * x0)) / sin((0.573821783066 * x3))) / sin((0.995226919651 * x0))) + (((sin((0.070813946426 * x4)) * (1.318204998970 * x0)) + (sin((2.226742744446 * x5)) * ((-1.964599967003) * x4))) + (0.164085626602 * x3))) + (2.915891647339 * x2)))))',5.717450922641842,5.717493534088135,205411223,9,25,384,7,8192,paper,4,0,1728356533,8.896627203919927,45.5971597633136
3600.044490199536,'(5.822704315186 + ((-0.302973687649) * (((3.834856033325 * x2) - ((0.609390497208 * x5) ^ 2)) * (((cos((2.124164819717 * x5)) + (0.212923020124 * x5)) - sin((0.609390497208 * x5))) / ((cos(((0.327421933413 * x3) / ((0.207777723670 * x5) + (0.707106769085 * x0)))) + sqrt(((0.176383748651 * x3) + (((4.452471256256 * x5) / ((-0.691500067711) * x0)) ^ 2)))) ^ 2)))))',6.620086144968824,6.620084762573242,197965980,9,28,384,7,8192,paper,4,0,1904449481,2.6661844663063112,39.72082840236687
3600.0358671210706,'((-16.392711639404) + ((-22.646209716797) * (((((0.166696995497 * x3) - (((-1.147364377975) * x2) * (sin((2.718281745911 * x1)) + ((-0.328924566507) * x6)))) - (cos(log(cos(cos((1.164569973946 * x5))))) * (0.166696995497 * x3))) - (((0.408850789070 * x5) ^ 2) + (12.107878684998 * x2))) / ((8.482436180115 * x2) + ((0.166696995497 * x3) - (sin((0.490339398384 * x5)) * ((0.425413042307 * x4) ^ 2)))))))',6.245049013422051,6.245049953460693,156387491,9,29,384,7,8192,paper,4,0,1934709049,11.144104952535676,50.51928994082839
3600.041863270104,'(6.586388111115 + (62.988021850586 * (((((0.557686686516 * x5) / 2.203064918518) - cos(((-0.508999705315) * x5))) ^ 2) / (((((-1.374880313873) * x3) * ((-1.255244493484) * x2)) / (exp(((((-0.509339570999) * x5) - ((-0.747951865196) * x2)) / (-0.433225423098))) + (8.565049171448 * x5))) + (((0.196213826537 * x3) / cos(sin((6.952742099762 * x1)))) + (((-4.227500438690) * x2) + (5.890105247498 * x5)))))))',6.302391340039336,6.302390575408936,150531873,9,0,384,7,8192,paper,6,0,3324115916,6.41663151819317,44.4359693877551
3600.044742450118,'(653.233947753906 + ((-651.212463378906) * (((cos(((-4.080576419830) * x5)) - ((((cos((sin(((-0.172004997730) * x4)) ^ 2)) * sin(exp(((-0.464868456125) - ((-0.363511204720) * x1))))) ^ 2) ^ cos(log((2.829768657684 * x3)))) * sin(((-0.671372056007) * x6)))) - (((-0.363511204720) * x1) - (((-0.284361451864) * x3) / ((-1.823605060577) * x2)))) ^ (((((-0.046547837555) * x5) ^ 2) - cos(((-0.508086860180) * x5))) / ((-0.299842715263) * x3)))))',6.085212440261112,6.08519983291626,84555559,9,1,384,7,8192,paper,6,0,2811363264,5.669549532003056,43.733112244897946
3600.049569994211,'(5.296555042267 + ((-0.139112681150) * (((((0.126319140196 * x5) - sin((sin(0.793053388596) ^ ((-4.485412597656) * x1)))) + (0.137101873755 * x4)) - sin(((0.409494996071 * x5) ^ 2))) * (sin((((2.301916122437 * x6) * ((((1.908917427063 * x6) ^ (1.371624469757 * x6)) * (-0.295900702477)) * cos((0.117205686867 * x4)))) ^ 2)) + (((1.979009032249 * x5) ^ 2) / ((-0.749598324299) * x3))))))',6.154980804360483,6.000821590423584,101373119,9,2,384,7,8192,paper,6,0,1884968544,5.3240394645862015,65.46061224489797
3600.0445084646344,'(0.040238879621 + (4492.900878906250 * ((cos((((-0.200891509652) * x5) / (-0.515701889992))) * ((sin((sqrt((0.459487676620 * x4)) / exp(1.916201472282))) / ((-0.234044730663) * x2)) ^ 2)) + ((exp(((0.881410181522 + ((cos(cos(((-2.040749549866) * x5))) + (0.060605362058 * x1)) / ((-0.159667223692) * x2))) ^ ((1.395377039909 * x6) ^ (0.046192254871 * x6)))) - ((0.035075202584 * x6) ^ (0.046192254871 * x6))) / (((0.066617466509 * x3) + (1.112150549889 * x2)) ^ sin((0.022345375270 * x5)))))))',6.359570691761174,6.3595709800720215,60354769,9,3,384,7,8192,paper,6,0,1859786275,5.100539420838716,95.62836734693876
3600.043391287327,'(2.847565174103 + (1.129275083542 * (((((-4.530521392822) - (0.102504253387 * x5)) - cos(((-0.548376023769) * x5))) * ((((-0.501093149185) * x5) - (0.932420790195 * x6)) / log((1.085874438286 * x2)))) * (((log(exp((sin((2.515762805939 * x1)) + cos((1.897102475166 * x6))))) - (0.302000045776 * x5)) - cos(((-2.205554485321) * x5))) / ((exp(sqrt(((cos((1.437369704247 * x2)) - ((-0.599263370037) * x6)) ^ 2))) - (0.657632052898 * x5)) - (0.032701108605 * x3))))))',6.14488458425176,6.144883632659912,117577260,9,4,384,7,8192,paper,6,0,3687649985,1.9673588358734129,47.259591836734685
3600.039253771305,'(6.117814540863 + (19.881589889526 * ((((((0.547707915306 * x5) - (sin(((-0.422731190920) * x4)) / cos((9.964206695557 * x1)))) / (5.746575355530 * x2)) * (sqrt((((0.165005147457 * x5) ^ 2) - (0.169796392322 * x0))) / ((9.227490425110 * x1) + (0.115609645844 * x3)))) * (((0.192692726851 * x4) - ((-0.284005492926) * x2)) - sin((10.262249946594 * x5)))) * ((0.163107961416 * x5) - cos(((6.875366210938 * x5) ^ 2))))))',5.779846781715983,5.779016971588135,127812366,9,7,384,7,8192,paper,6,0,865305066,,50.27836734693877
3600.058603230864,'(0.444241821766 + ((-23.642642974854) * (((log(((0.355001538992 ^ sin((0.567101955414 * x5))) / (((7.335289001465 * x2) * log(((((41.273056030273 * x5) / (49.335491180420 * x2)) * log((0.712506175041 * x6))) ^ 2))) / ((-0.660226345062) - exp((sin(((-1.444651365280) * x5)) * (0.742179632187 * x6))))))) + (((-0.157680645585) * x5) - (1.153735995293 * x6))) / ((0.608649253845 * x0) + ((0.421790182590 * x3) + (10.763482093811 * x5)))) * ((((0.318309873343 * x5) ^ 2) + ((0.563381731510 * x2) + ((-6.457788944244) * x4))) * (((1.190253138542 * x2) + ((-1.129620671272) * x4)) ^ (-0.377694308758))))))',6.322141915908984,6.3221435546875,65672775,9,6,384,7,8192,paper,6,0,2995172877,8.834458523632751,60.70882653061225
3600.053711380809,'(3.987748146057 + (2.670332670212 * ((exp(sin((1.360604643822 * x5))) - (sin((0.610129117966 * x5)) - (((-0.063714295626) * x5) ^ 2))) / ((((sin(cos((0.016825625673 * x4))) ^ 2) ^ cos(log(log((exp(cos(sqrt((0.196590214968 * x3)))) + log((((0.189314633608 * x2) * exp(sin(((((-1.112004756927) * x1) + (0.016119061038 * x4)) / ((2.718281745911 * x6) - exp(1.014689683914)))))) ^ 2))))))) ^ 2) / ((((-1.112004756927) * x5) + ((-1.406909704208) * x1)) / (((-0.729300975800) * x2) - (0.196590214968 * x3)))))))',5.9500555671716215,5.950055599212647,83621951,9,5,384,7,8192,paper,6,0,369133708,7.513074045301911,41.03678571428571
3600.0499208830297,'((-4.399045467377) + ((-1.348644018173) * (sin((sin((0.674711167812 * x4)) + ((0.452448397875 * x5) + ((-0.011922826990) * x2)))) - ((((((-0.544131278992) / (0.269594103098 * x6)) - cos((4.138761043549 * x1))) + (0.880399107933 * x5)) ^ 2) / (((1.135238885880 * x3) ^ 0.640880882740) + ((log(((0.483046472073 * x2) ^ sin(((-0.711868703365) * x5)))) ^ 2) + (0.279370754957 * x2)))))))',6.380675661011948,6.380674839019775,88456406,9,8,384,7,8192,paper,6,0,404488628,,102.83325443786981
3600.0483520813286,'(16.380094528198 + (0.002248595934 * (((((2.044255971909 * x0) / ((-0.114942483604) * x4)) + ((6.498332977295 * x2) + (0.769240140915 * x3))) - (((0.769240140915 * x5) ^ 2) + ((7.246514797211 * x6) ^ 2))) / (((((-0.082931451499) * x2) + ((-0.128424242139) * x5)) / (((-0.089518368244) * x5) + sin((cos(((2.718281745911 ^ (0.693147182465 * x6)) / ((0.904473304749 * x0) / ((-1.077491879463) * x2)))) / (0.219743952155 * x6))))) / (sin(((-0.650624513626) * x5)) + (((-0.114942483604) * x5) + exp(sin(((exp((1.954593539238 * x6)) + ((-0.049377337098) * x5)) - ((log((0.934495031834 * x1)) / cos(((-0.764048933983) * x0))) * ((-0.565822124481) * x1)))))))))))',5.591728847260754,5.591725826263428,88996925,9,10,384,7,8192,paper,6,0,4190266092,13.274700265528654,81.26520710059171
3600.041044525802,'(6.243238449097 + (0.159847691655 * (((cos(((-1.319064140320) * x6)) / sin(((-1.688214778900) * x5))) + ((((-0.110327474773) * x0) - ((-0.569247364998) * x5)) / (0.012681037188 * x2))) + (((exp(cos((((0.103855773807 * x0) * ((-3.283201456070) * x1)) + (0.851182699203 * x5)))) + (0.203176558018 * x5)) * (sin((4.008124828339 * x0)) + (0.895486950874 * x5))) / ((((-0.224577620625) * x3) / ((-0.590133607388) * x5)) + cos(((-0.590133607388) * x5)))))))',5.784870769006981,5.784902095794678,142688311,9,13,384,7,8192,paper,6,0,3081541439,10.757798161131351,39.60248520710059
3600.054513242096,'(1.205444335938 + ((-1.626876354218) * ((((((-33.501182556152) * x6) - log((((exp((((0.059597492218 * x5) ^ 2) * (-1.395620465279))) * ((((-0.259701520205) * x5) + ((0.468143165112 * x2) / (log((0.578943848610 * x1)) - cos((((-0.259701520205) * x5) * (-1.285544395447)))))) ^ 2)) ^ cos((((1.930027961731 * x5) ^ (0.578943848610 * x1)) + ((-0.567123770714) * x2)))) ^ 2))) - ((0.383030653000 * x5) ^ 2)) / (((2.302585124969 * x3) / (2.054702281952 * x5)) + ((0.200216844678 * x2) - (-7.325924873352)))) + sin((((1.930027961731 * x5) ^ 2) ^ 2)))))',8.283873925713161,6.273265838623047,76577661,9,9,384,7,8192,paper,6,0,2261209995,9.305728538842748,57.220828402366855
3600.0360171943903,'(11.250593185425 + ((-0.000099340745) * (((((1.689554452896 * x5) ^ 2) * ((2.403980970383 * x5) + (4.088461875916 * x6))) + (((1.525475859642 * x0) ^ 2) + (((-4.732212543488) * x3) * (1.711542725563 * x5)))) / (cos(((2.539717912674 * x5) ^ 2)) + ((((-0.014999260195) * x0) + ((-0.055150743574) * x5)) + ((-0.059179883450) * x2))))))',6.7225704398986,6.722623825073242,180029436,9,16,384,7,8192,paper,6,0,550243861,5.528430093724582,59.17313609467456
3600.0514800585806,'((-0.083143919706) + (129.415969848633 * (((sin(((((sqrt((0.564382493496 * x6)) - exp(((cos(1.717957973480) ^ 2) * ((0.640034198761 * x0) ^ sin((0.154903665185 * x3)))))) + exp((-0.688242614269))) ^ 2) + ((((-1.214767575264) ^ 2) + ((-0.388049244881) * x5)) ^ 2))) + (((-0.049541711807) * x5) ^ 2)) / log(((0.208745837212 * x2) + (0.083935506642 * x0)))) / ((sin(((-0.444077670574) * x5)) / (((-1.024720072746) * x2) / (0.815441966057 * x0))) + sqrt((0.185582086444 * x3))))))',6.44298021900478,6.442317962646484,146349647,9,12,384,7,8192,paper,6,0,3269070126,2.6285519004720492,61.78745562130178
3600.0445160232484,'(2.601273298264 + (2.192437887192 * (((((1.141879200935 * x5) - log(((cos(cos((5.203276634216 * x5))) ^ ((-6.201293468475) * x6)) * (sin((1.920177817345 * x0)) ^ 2)))) * ((2.007445573807 * x5) - ((-19.642671585083) * x6))) / (((3.582000970840 * x2) - ((-0.402237474918) * x3)) - ((-94.605552673340) * x6))) - cos((sin(((-102.950508117676) * x6)) * (0.510522603989 * x5))))))',6.5296724235093615,6.529674053192139,123151661,9,11,384,7,8192,paper,6,0,3160032368,5.317986350782784,37.648639053254435
3600.0417975261807,'(4.538475990295 + ((-0.149816751480) * (((sin((0.446289539337 * x5)) / ((0.560216963291 * x2) - (0.313619196415 * x5))) * (((4.067990779877 * x2) - ((-14.461230278015) * x4)) - (4.921748161316 * x5))) - (((((-0.764469683170) * x6) - (exp(cos((3.838706731796 * x4))) + 34.815357208252)) * (2.139055967331 * x5)) / (((4.248188018799 * x2) + (0.271542727947 * x3)) / (((((((-2.554023265839) * x0) / (3.543813228607 * x2)) ^ 2) + sin((4.921748161316 * x5))) - sin((3.011772632599 * x2))) - (0.331220954657 * x5)))))))',5.45267746390228,5.452673435211182,122154274,9,15,384,7,8192,paper,6,0,2204291346,27.02456348938966,65.60082840236686
3600.045269228518,'(14.849843025208 + ((-0.008763428777) * ((((((-1.971739530563) * x3) / (0.318026572466 * x2)) / ((-0.957062184811) - ((-0.678874552250) * x6))) - ((((-1.555431604385) * x5) ^ 2) + ((-3.130485057831) * x3))) / ((((0.047139465809 * x2) ^ 2) + (0.402377456427 * x5)) / (((0.040359698236 * x5) ^ 2) - sin(((-0.651739537716) * x5)))))))',6.752764977233177,6.752764225006104,187354526,9,14,384,7,8192,paper,6,0,3376120482,7.341423908278438,52.635621301775146
3600.0471915602684,'(4.595486640930 + (0.237913325429 * (((sqrt((sqrt(((((0.854540765285 * x2) - (0.112218923867 * x3)) ^ 2) * (1.140472412109 * x6))) + (((0.312554150820 * x5) ^ 2) + ((-1.509477615356) * x4)))) - cos(((-0.589581072330) * x5))) ^ 2) / (log(sqrt(exp(((((0.191389530897 * x2) ^ 0.304364234209) ^ 2.176304101944) + (0.965134859085 * x6))))) + (((0.112218923867 * x3) / (1.596510052681 * x5)) ^ 2)))))',6.824730215717579,6.824733734130859,136909411,9,17,384,7,8192,paper,6,0,3606691181,6.679140498277404,53.85514792899409
3600.0627891644835,'(5.113780498505 + (0.885928392410 * (((((((cos(((0.588653385639 * x5) / (((-0.264445453882) * x5) + (1.040366292000 * x2)))) ^ 2) ^ 2) ^ ((sin((2.245172977448 * x4)) ^ 2) + ((0.462210416794 * x6) ^ (0.024239571765 * x2)))) ^ (sin((sqrt((exp((0.078618481755 * x1)) ^ log((0.658835291862 * x3)))) + 0.090977892280)) / ((0.024239571765 * x0) ^ 2))) / (((6.659777164459 * x4) + (1.957575798035 * x0)) + (0.668937921524 * x3))) * (cos(((-1.422020792961) * x5)) - (((-0.272412061691) * x5) + (0.018199544400 * x2)))) * ((cos((0.586770534515 * x5)) - (0.639881312847 * x5)) ^ 2))))',5.65476565315921,5.654767990112305,71637350,9,18,384,7,8192,paper,6,0,1934392872,4.839034939996738,40.97751479289941
3600.053278479725,'(8.964054107666 + ((-518.202575683594) * (sin((((0.516571998596 * x5) ^ 2) / ((0.434294492006 * x3) + ((3.500784158707 * x2) * cos((0.318309873343 * x6)))))) * (exp((0.045469369739 * x5)) / ((((exp((-0.204833388329)) + ((0.678405702114 * x6) ^ ((-0.007672965527) * x3))) ^ ((-1.183671116829) * x4)) + ((-4.648148536682) * x4)) - ((0.289779394865 * x3) + (exp(((log(((0.693147182465 * x4) + (3.151521205902 * x6))) * exp(cos(((-1.890955924988) * x1)))) + sin(((-2.139956951141) * x5)))) + (0.707106769085 * x0))))))))',6.481261035585288,6.481260776519775,89640876,9,19,384,7,8192,paper,6,0,2148995112,4.737490226242043,35.17100591715976
3600.0469473414123,'(0.546181917191 + (40.392543792725 * ((((((-0.064408652484) * x5) ^ 2) - sin((1.403640985489 * x5))) - ((((0.371687173843 * x4) - 3.524033784866) / (1.807639002800 * x6)) + sin((0.523608922958 * x5)))) / ((((0.149259492755 * x3) / (0.595281183720 * x5)) + sqrt((0.881141126156 * x5))) * log(((((-1.633649706841) * x0) / ((-1.228927373886) * x2)) + (0.089317694306 * x2)))))))',6.714301520535286,6.714301586151123,160706951,9,20,384,7,8192,paper,6,0,1592565386,4.963429807564678,57.465917159763315
3600.0649855583906,'(0.297465234995 + ((-2.348431348801) * (((((0.250082761049 * x5) ^ 1.782128334045) + ((0.558100819588 * x3) / (0.421986699104 * x2))) - (((0.479295015335 * x3) / (0.679507434368 * x0)) ^ sin((0.480803370476 * x3)))) / ((sin(((-1.404903292656) * x5)) - ((0.302427977324 * x0) / (sin(cos(sqrt(((cos(((0.384943813086 * x3) ^ 2)) * (((1.294297575951 * x5) / (-0.367430835962)) / (1.891808629036 * x4))) + (exp((((-0.000876248756) * x6) * ((-0.855678439140) * x3))) - (-5.261534690857)))))) + (sqrt((0.353765070438 * x0)) + cos(((((0.456478685141 * x2) + (0.250082761049 * x5)) - (-5.150943756104)) + (0.384943813086 * x3))))))) - (sin(((-0.483772963285) * x5)) + ((0.318309873343 * x3) / (0.693147182465 * x5)))))))',5.550718950837399,5.556718349456787,63703784,9,22,384,7,8192,paper,6,0,3980425317,6.925019274632864,37.42946745562131
3600.036771599204,'(2.340431690216 + (0.872562348843 * (((sin((0.480725198984 * x5)) - sin((2.104255914688 * x5))) - ((((-0.050134032965) * x3) - ((-0.460527002811) * x0)) / ((2.199189901352 * x2) + ((-1.250088334084) * x5)))) - (((((-0.290755629539) * x5) + (cos(log((cos((1.141960501671 * x1)) ^ 2))) / cos((0.342662364244 * x1)))) - sin(((-1.401504874229) * x5))) * ((((-0.405203014612) * x5) ^ 2) / ((2.099062442780 * x5) + (0.309461355209 * x3)))))))',5.936653760058774,5.936654567718506,130045678,9,25,384,7,8192,paper,6,0,1728356533,8.724601606305704,45.5971597633136
3600.0649445839226,'(0.281301170588 + (57.400321960449 * (((((0.385141789913 * x5) - ((0.680461466312 * x6) ^ (((((0.184779316187 * x4) + (-1.486674189568)) / (-1.022694110870)) + cos(cos(((sin((((-0.179894059896) * x4) * 0.211107045412)) * (2.332083940506 * x5)) / 0.211107045412)))) / (0.406582623720 * x6)))) - cos((4.037101268768 * x5))) / (cos((log(sqrt((exp(cos(((-0.660065829754) * x1))) ^ ((2.771570205688 / cos((0.211107045412 * ((-0.179894059896) * x4)))) ^ 2)))) / ((-0.179894059896) * x4))) + log((1.623846888542 * x2)))) / (cos(((-0.508572757244) * x5)) + (((0.490491181612 * x3) / (2.302585124969 * x5)) + log((6.171003818512 * x5)))))))',5.463240194490616,5.463239192962647,105668786,9,21,384,7,8192,paper,6,0,784044718,,67.99668639053255
3600.0581033565104,'(3.790919542313 + (0.325457215309 * (((((0.434294492006 * x5) - sin(log(((0.277141571045 * x1) - cos(log(cos(cos(((-0.241675347090) * x4))))))))) - sin((0.605945646763 * x5))) ^ 2) / ((cos(((-1.384164452553) * x5)) - cos(((-0.241675347090) * x4))) - (cos((log((sin(((((-0.928838193417) * x4) / (-1.081619620323)) / cos((0.038189306855 * x4)))) ^ 2)) * sin(((2.718281745911 * x5) / log((sqrt(1.237324833870) ^ ((-0.241675347090) * x4))))))) + (((-1.880341172218) * x3) / (3.553187370300 * x5)))))))',6.338090440652226,6.338087558746338,166493318,9,23,384,7,8192,paper,6,0,3356806661,10.248428234969989,61.70863905325443
3600.038932301104,'(12.582155227661 + (1.685239911079 * ((((((-1.180516004562) * x5) ^ 2) + (((-1.408137321472) * x3) - (2.027989625931 * x0))) / (((1.604507684708 * x2) * (0.318309873343 * x5)) - (((-1.141355276108) * x3) - (14.535258293152 * x5)))) * (((0.172389850020 * x5) + sin((1.362892031670 * x5))) + (cos((14.850631713867 * x5)) + sin(((-0.526305198669) * x5)))))))',6.517748501788069,6.517747402191162,163643075,9,26,384,7,8192,paper,6,0,3533734220,,53.533017751479285
3600.0541240274906,'((-1.536261081696) + ((-0.028834629804) * ((((((7.414287567139 * x2) + ((15.109947204590 * x5) + ((-0.871330618858) * x3))) * (10.395152091980 * x6)) - ((4.619064807892 * x5) ^ 2)) / (log((sin(cos(cos(log(((cos(sin(log(((((-0.871330618858) * x3) * (0.587952435017 * x6)) ^ 2)))) ^ 2) * exp(cos(((-0.205589383841) * x4)))))))) ^ 2)) + log((0.100422725081 * x3)))) / ((cos(((-1.382618904114) * x5)) + cos((0.586392998695 * x5))) + (sqrt((0.586392998695 * x5)) + ((0.856753349304 * x3) / (1.339793086052 * x5)))))))',6.197512378821645,6.197510242462158,109910718,9,24,384,7,8192,paper,6,0,2765379632,,48.59005917159763
3600.053296767175,'(4.749587059021 + (0.547824919224 * (((log(exp(cos((1.186138272285 + ((1.186138272285 * ((-0.443995088339) * x5)) + (0.306412905455 * x6)))))) + ((((sin(exp((3.624003648758 * x1))) - (0.434294492006 * x5)) - (((-0.028217323124) * x4) / (0.285920232534 * x6))) - (0.272186398506 * x6)) * sin(cos((sin((((-0.777649402618) * x6) / (2.073654174805 * x1))) * (cos(((-1.212066411972) * x4)) - cos(((-0.061628490686) * x2)))))))) ^ 2) / ((cos((0.365612566471 * x4)) - ((-0.070357106626) * x2)) + (cos((2.161124467850 * x5)) + (((-0.499427258968) * x3) / ((-1.191207289696) * x5)))))))',5.470997297152844,5.460301876068115,98527005,9,27,384,7,8192,paper,6,0,2342600226,,129.35147928994084
3600.058286052197,'((-4.646012783051) + (5894.616699218750 * (((sqrt(sqrt(((((-0.685914695263) * x2) * (log((1.823801755905 * x6)) ^ (0.085776582360 * x4))) / ((-0.863307774067) - (exp(sin(((-4.100568771362) * x5))) ^ 2))))) + sin((0.318309873343 * x5))) + (sqrt((0.085776582360 * x3)) + cos(((-0.390271991491) * x5)))) / (log((1.011812567711 * x2)) * (((2.547658443451 * x3) + ((((-0.390271991491) * x5) / ((-0.274833410978) * x1)) ^ 2)) / ((log((sin((2.017105817795 * x1)) + (0.117595501244 * x5))) - sin((1.765117645264 / (exp((1.918538928032 / (-0.514891088009))) + (sin(((-3.510076522827) * x1)) / exp((0.780089497566 * x4))))))) ^ 2))))))',5.948515644310947,5.948516845703125,105552780,9,29,384,7,8192,paper,6,0,1934709049,9.15310577682297,50.51928994082839
3600.0507000610232,'(1.061753749847 + ((-0.278576791286) * ((((log(exp((((11.188205718994 * x1) - (sqrt(exp((0.143646955490 * x6))) ^ ((9.481052398682 * x1) * cos((0.622173547745 * x5))))) - sin((1.844925403595 * x1))))) + ((0.518806397915 * x5) ^ (0.318309873343 * x6))) - ((0.698507905006 * x3) / (0.128088891506 * x2))) - (((0.419117361307 * x5) ^ 2) - (0.284004300833 * x0))) / ((cos(((-0.694902181625) * x5)) ^ 2) - (((0.538654804230 * x3) - ((-2.816276311874) * x5)) / ((-1.693195343018) * x5))))))',inf,6.797138214111328,93438439,9,28,384,7,8192,paper,6,0,1904449481,1.9094052429166533,39.72082840236687
3600.073422677815,'(4.213170528412 + ((-1254.822753906250) * ((((cos((((cos((1.500234484673 * x0)) * (3.152453660965 * x6)) ^ 2) / ((-0.085603818297) * x2))) - (0.222398132086 * x5)) - sin((1.444540262222 * x5))) / (((0.318309873343 * x3) + (0.684165418148 * x0)) - ((-2.649574995041) * x2))) / cos(sin(cos((0.108604080975 * x5)))))))',6.345216776229173,6.345223903656006,186725163,9,0,384,7,16384,paper,4,0,3324115916,6.207769811359117,44.4359693877551
3600.085003100336,'(2.130974531174 + (566.324768066406 * (((1.074144124985 ^ (0.492855966091 * x5)) - (((-1.737777590752) * x6) * (sqrt(exp(cos(((-0.548064231873) * x5)))) * cos(((2.275178194046 * x5) / (((-0.124813228846) * x3) / ((-0.558101952076) * x6))))))) / ((1.172332286835 * x2) - ((-0.124360844493) * x3)))))',6.897104470557584,6.897103786468506,147843463,9,1,384,7,16384,paper,4,0,2811363264,3.6391076272552416,43.733112244897946
3600.080968271941,'(5.899919509888 + (3.989282369614 * (((((0.600029945374 * x5) - (((cos((1.386354088783 * x5)) - sin(((-3.328930616379) * x0))) - sin((2.223551273346 * x5))) - ((0.013620875776 * x5) ^ ((-0.622258067131) * x5)))) ^ 2) * (((((-0.622258067131) * x5) + (((-0.306591093540) * x1) / (4.107667922974 * x6))) + (0.701964735985 * x5)) + (-3.387412786484))) / ((3.762217760086 * x2) - ((-0.306591093540) * x3)))))',6.327494341275705,6.327489376068115,131459702,9,2,384,7,16384,paper,4,0,1884968544,6.7340088766341415,65.46061224489797
3600.063176073134,'(3.401818513870 + (373.124786376953 * ((0.943846046925 ^ (cos((0.588911890984 * x5)) - (0.548678457737 * x5))) / ((0.049077924341 * x3) + (exp(exp(sin((2.345151185989 * x5)))) - ((((-0.233895912766) * x0) / (2.113051891327 * x6)) - (0.620825052261 * x2)))))))',6.763792783398302,6.763792037963867,163700414,9,3,384,7,16384,paper,4,0,1859786275,4.673738373595589,95.62836734693876
3600.0731045790017,'(7.855706691742 + (0.015443357639 * ((((1.947409391403 * x5) ^ 2) - (exp((1.123569369316 * x1)) / (1.268340229988 + ((-0.026664247736) * x2)))) / (((0.051595184952 * x3) + ((0.617183268070 * x6) / sin((2.239746332169 * x5)))) / ((0.122386887670 * x5) - (sin((((-0.030660951510) * x2) - (2.529771566391 * x1))) - ((-0.030961632729) * x2)))))))',6.321790675522203,6.321787357330322,194735198,9,4,384,7,16384,paper,4,0,3687649985,4.663811087589516,47.259591836734685
3600.063391726464,'(3.273029327393 + (327045664.000000000000 * (((0.005932360888 * x5) ^ (0.159848988056 * x5)) / (((((0.988506138325 * x4) / sin((1.848187923431 * x5))) + ((((2.982608556747 * x6) ^ cos((3.141592741013 * x2))) ^ 2) * sin((2.012057065964 * x4)))) - (((-0.671737432480) * x0) + ((-2.413587808609) * x2))) - ((-0.261990845203) * x3)))))',6.290915102655643,6.290926456451416,116384818,9,7,384,7,16384,paper,4,0,865305066,,50.27836734693877
3600.0988893546164,'(524.651428222656 + (1374.163452148438 * (((0.056557822973 * x3) / (cos((0.590443313122 * x5)) + ((-0.149133890867) * x3))) + ((exp((0.044250134379 * x5)) / ((1.045540928841 * x2) - (((-0.165020480752) * x3) + ((((((0.595146000385 * x4) - (0.964815139771 * x2)) / ((-0.155813977122) * x3)) ^ 2) ^ sin((1.082129120827 * x5))) - (0.402355343103 * x0))))) / (0.044250134379 * x5)))))',6.676120537614551,6.676113605499268,226497102,9,5,384,7,16384,paper,4,0,369133708,7.779049868429106,41.03678571428571
3600.103530317545,'(3.818938493729 + ((-0.202029660344) * (((((0.368608981371 * x5) + cos(((-0.742689371109) * x0))) * (((-1.181896567345) * x5) - ((-3.517719745636) * x1))) * cos((sin(sin(((-0.689748287201) * x1))) - (0.047068271786 * x1)))) / (((1.394790768623 * x3) / (3.583006381989 * x5)) + (cos((cos((0.830387055874 * x5)) - ((-1.385714292526) * x5))) + (0.043190713972 * x2))))))',6.3974522158117,6.397451400756836,150116760,9,6,384,7,16384,paper,4,0,2995172877,10.081621741504183,60.70882653061225
3600.07552979514,'(7.661260604858 + ((-1.137447834015) * ((((0.459740638733 * x5) - cos((2.247087955475 * x5))) ^ 2) / (((0.214102134109 * x3) + (3.861973524094 * x2)) / (cos(exp((exp(sin(log((0.457972317934 * x3)))) + ((-2.847457170486) * x6)))) * (cos((0.590629398823 * x5)) + ((-0.151688843966) * x5)))))))',6.4101923868014765,6.410192012786865,181179785,9,9,384,7,16384,paper,4,0,2261209995,5.970227737997498,57.220828402366855
3600.0678003430367,'(1.939281582832 + (625.839965820312 * ((0.703737080097 ^ ((-0.095069259405) * x5)) / ((0.117347411811 * x3) - (log((exp(cos((2.995949506760 * x2))) ^ ((0.117879167199 * x3) / exp((((-0.188213750720) * x1) - (exp((((2.995949506760 * x2) ^ (-0.330883860588)) / cos(((-0.688823699951) * x5)))) - 6.237801074982)))))) - (0.575757920742 * x2))))))',6.694022455073127,6.694025039672852,96159150,9,8,384,7,16384,paper,4,0,404488628,,102.83325443786981
3600.052237182856,'(1.673786997795 + ((-258.092376708984) * (((sin((0.407522499561 * x5)) * sqrt((((((-1.046115159988) * x4) ^ 2) - (9.430333137512 * x4)) + (sin(((-0.457465499640) * x4)) * (7.460080623627 * x4))))) - ((-0.925113260746) * x5)) / (((-1.722347974777) * x2) + ((-0.242755189538) * x3)))))',6.72050745514166,6.7205071449279785,250348625,9,11,384,7,16384,paper,4,0,3160032368,6.305799166315587,37.648639053254435
3600.0905121937394,'(0.415336012840 + (10599.221679687500 * (((0.019737865776 * x5) ^ (0.026280296966 * x5)) / (((0.404270708561 * x3) / 1.700624704361) - (((((((-0.037597194314) * (0.298492461443 * x0)) + sin((0.828696727753 * x0))) / sin((10.340826034546 * x2))) - (0.404270708561 * x0)) - (1.858192443848 * x5)) - (cos(cos(((1.362728238106 * x5) ^ (0.019737865776 * x5)))) * (2.460294723511 * x2)))))))',6.129596179625324,6.129560947418213,99941357,9,10,384,7,16384,paper,4,0,4190266092,12.204336113862341,81.26520710059171
3600.1097435057163,'(13.041954994202 + (0.000553062186 * ((((((0.707106769085 * x5) ^ 2) ^ 2) - (((0.434294492006 * x3) * (0.665846526623 * x3)) + ((((1.330125570297 * x3) / exp((1.447680711746 * x6))) ^ 2) + ((2.599223375320 * x3) / cos((0.958704531193 * x3)))))) / ((0.066292822361 * x3) + (1.463133811951 * x2))) + (((0.665846526623 * x3) * (2.117744445801 * x6)) ^ cos((0.709732472897 * x5))))))',6.523186764813644,6.523218631744385,131845173,9,12,384,7,16384,paper,4,0,3269070126,2.6873824946162888,61.78745562130178
3600.0731061175466,'(0.275875478983 + ((-971.968505859375) * ((((-0.366533607244) * x5) + ((cos((3.253593206406 * x2)) - sin((2.223485708237 * x5))) + sin(((1.113883972168 * x0) / ((-0.159540519118) * x2))))) * ((((((-0.196640476584) * x3) / ((-1.314820766449) * x2)) ^ ((3.526837348938 * x1) / (2.568071365356 * x2))) ^ cos((0.387822389603 * x5))) / (((0.278732389212 * x3) - ((-1.270097255707) * x5)) + (3.253593206406 * x2))))))',5.982861751195105,5.982860565185547,97800166,9,18,384,7,16384,paper,4,0,1934392872,7.18811138215948,40.97751479289941
3600.097418237477,'(4.768166065216 + ((-4044.045410156250) * (((sin((0.488575667143 * x5)) + (((0.045319039375 * x5) ^ 2) - ((0.694152891636 * x0) / ((0.707106769085 * x2) + ((-0.350080251694) * x4))))) / (((-0.208524569869) * x3) + ((-4.847561359406) * x5))) / log(((0.111119873822 * x2) + sin(sqrt(((sin((0.694152891636 * x0)) - (0.946739315987 * x5)) * ((-5.789846897125) * x5)))))))))',5.923688180716522,5.923686504364014,200791899,9,15,384,7,16384,paper,4,0,2204291346,16.863493767617637,65.60082840236686
3600.093750104308,'(2.986421108246 + (0.009576212615 * (((0.330921590328 * x5) + ((cos(((-0.098316118121) * x5)) ^ 2) ^ (-0.203804641962))) / (sqrt((1.133186340332 ^ sqrt((0.330921590328 * x3)))) / ((((((sqrt(((1.407535910606 * x4) / (0.494821399450 * x2))) ^ 2) * ((-0.098316118121) * x5)) - (0.999397516251 * x5)) * 0.291759818792) + cos((0.239239990711 * x5))) ^ 2)))))',6.885224980051254,6.885225772857666,109098582,9,13,384,7,16384,paper,4,0,3081541439,9.147741908994755,39.60248520710059
3600.071938842535,'(2.621947765350 + (3.633286476135 * (((((((-2.213891744614) * x6) - (2.770508527756 * x5)) + log(((1.544479608536 * x3) ^ sin((0.694601595402 * x5))))) ^ 2) / (2.436275720596 * x3)) * (exp((((-0.018555520102) * x3) / ((-2.181720256805) * x2))) * log(log(((cos(sqrt(exp((cos(0.389138817787) ^ ((-0.535154044628) * x5))))) - ((-0.222375750542) * x5)) * 0.389138817787)))))))',7.935983618960429,6.808326244354248,107061153,9,17,384,7,16384,paper,4,0,3606691181,8.122200031743864,53.85514792899409
3600.08716872707,'(1.910418629646 + ((-9133.114257812500) * ((1.689761519432 ^ sqrt((cos(((-0.218454107642) * x5)) + exp(cos((exp(((sin(((-0.069183841348) * x5)) ^ (((((0.318309873343 * x6) - (-1.503788948059)) - exp(cos(((-1.836091756821) * x3)))) ^ 2) / ((-0.479092627764) * x2))) ^ cos(((-2.161208152771) * x5)))) ^ 2)))))) / (((-1.969780802727) * x2) - (0.201651871204 * x3)))))',6.258243182844152,6.258284091949463,95401184,9,14,384,7,16384,paper,4,0,3376120482,7.5390630787382715,52.635621301775146
3600.0713882744312,'(7.117301940918 + (1.361747860909 * ((((-1.237576603889) * x0) + (((-0.526934504509) * x5) ^ 2)) / (((sin((1.402224302292 * x5)) * (((-0.452138304710) * x2) * (1.311720490456 * x6))) + (((((-0.176876544952) * x4) ^ 2) ^ 2) - (0.695650458336 * x3))) / (sin((0.527718186378 * x5)) - (0.201124519110 * x5))))))',6.818370278166481,6.818370819091797,215677124,9,16,384,7,16384,paper,4,0,550243861,6.737233576918497,59.17313609467456
3600.0947233960032,'(3.389683485031 + (111.924385070801 * ((sin((0.445545971394 * x5)) + ((-0.168006926775) * x5)) * ((((-0.036537647247) * x5) - sin((sin((2.898818016052 - ((log(exp(((-1.770450949669) * x2))) + (2.504937887192 ^ (0.977584481239 * x1))) + 0.698830723763))) / exp(cos((1.303016066551 * x5)))))) / ((0.064334124327 * x3) + (0.303368300200 * x2))))))',27.05314531243893,6.296105861663818,220387089,9,19,384,7,16384,paper,4,0,2148995112,12.069121730155537,35.17100591715976
3600.104321375489,'(2.159742116928 + (45.045425415039 * (((sin((0.487708479166 * x5)) + (0.148530796170 * x5)) / (((-1.242963910103) * x2) - (0.106187120080 * x3))) * ((cos((((0.208551317453 * x5) + (0.733608186245 * x0)) * ((-0.870174884796) / ((-0.093713231385) * x2)))) + ((-0.232986226678) * x5)) + sqrt(((sin(((0.981242060661 * x2) ^ (0.208551317453 * x5))) / ((-0.561274528503) * x6)) ^ 2))))))',6.683877643086497,6.208501815795898,177919794,9,20,384,7,16384,paper,4,0,1592565386,6.258245253979184,57.465917159763315
3600.0697740130126,'(4.765390396118 + ((-1.908082246780) * ((((((-0.651103973389) * x5) / (4.222204208374 * x2)) * ((-0.425395190716) * x3)) + ((1.053944349289 * ((0.270364373922 * x5) - sin(((1.215795636177 * x1) ^ 2)))) ^ 2)) / ((((((-0.042248189449) * x3) * sin(((-0.651103973389) * x5))) - (0.602706432343 * x0)) + ((-0.583869814873) * x3)) / (sin(((-2.186496734619) * x5)) - ((-0.330817461014) * x5))))))',6.567782209767311,6.567781448364258,208287424,9,22,384,7,16384,paper,4,0,3980425317,11.178589827117737,37.42946745562131
3600.077849455178,'(2.227860450745 + ((-13.700855255127) * (((cos(((((-0.054834306240) * x5) * (1.641906976700 * x2)) ^ 2)) + sin((2.305502653122 * x5))) - ((-0.316730052233) * x5)) / (cos((0.550624430180 * x5)) + (((2.056042671204 * x2) - ((-0.251033216715) * x3)) / ((-0.732898116112) * x5))))))',6.4339553819344095,6.416406631469727,202678568,9,21,384,7,16384,paper,4,0,784044718,,67.99668639053255
3600.071284070611,'(3.255839824677 + ((-416.666687011719) * (((((-0.117504492402) * x5) * (0.045823365450 * x5)) + ((0.175772383809 * x5) - exp(sin((0.649831950665 * x5))))) / ((0.892719507217 * x2) - ((((-0.256453812122) * x0) - (cos((0.662447392941 * x2)) / sin(((-0.117504492402) * x5)))) + ((-0.100935019553) * x3))))))',6.351046206768632,6.351047039031982,213395323,9,26,384,7,16384,paper,4,0,3533734220,,53.533017751479285
3600.0897918455303,'(4.861159801483 + (60202.406250000000 * ((((0.816703855991 * x5) + log(exp((log(sqrt(((0.078248299658 * x3) - (0.949958920479 * x2)))) ^ (cos(((1.715931653976 * x6) + ((-0.148622035980) * x1))) + (0.034297347069 * x5)))))) ^ cos(log((exp(sin((0.650021731853 * x5))) + (0.790717065334 * x5))))) / ((0.078248299658 * x3) - ((-0.875485837460) * x2)))))',6.873327485874566,6.873326778411865,151673816,9,23,384,7,16384,paper,4,0,3356806661,7.680997603412343,61.70863905325443
3600.090292084962,'(2.556400299072 + ((-27.677442550659) * (((2.600272655487 * x4) - ((cos((5.776420593262 * x5)) - (0.355642497540 * x5)) ^ 2)) * (sqrt(sqrt(((sin((2.143246889114 * x5)) + sqrt(((-1.986564636230) + ((0.529571115971 * x0) + ((-0.350828617811) * x2))))) / sin((0.072100237012 * (1.467960596085 * x4)))))) / ((4.053282737732 * x0) + (0.313745558262 * x3))))))',6.243049017425219,6.243048191070557,203212262,9,25,384,7,16384,paper,4,0,1728356533,7.473219402787257,45.5971597633136
3600.089490257204,'(9.426324844360 + (4.220195770264 * exp(((((-0.091652348638) * x3) / ((((-0.868385076523) * x5) - (log((((1.608512401581 * x6) ^ sin(((-2.410127878189) + (((-0.408696830273) * x5) ^ 2)))) * ((exp((0.332091748714 * x4)) ^ ((-0.005573421717) * x5)) * exp(cos((1.414213538170 * x6)))))) ^ 2)) * (-2.353584051132))) + (0.035432193428 * x5)))))',6.5686391491932286,6.568634510040283,137067414,9,24,384,7,16384,paper,4,0,2765379632,1.5594099347931316,48.59005917159763
3600.09032092616,'(1.722267866135 + (8171708930326528.000000000000 * ((((0.758929371834 * x5) ^ 7.041781425476) ^ cos(log((0.426573276520 * x5)))) / ((1.772453904152 * x2) + ((((20.432943344116 * x6) - (((16.765672683716 * x6) * sin((11.163605690002 * x5))) + ((-0.189260601997) * x3))) + (18.084951400757 * x6)) / (((-0.490152865648) + (1.041417717934 * x6)) ^ ((0.235768437386 * x4) / (17.191282272339 * x6))))))))',6.28714715823416,6.287143707275391,76531107,9,27,384,7,16384,paper,4,0,2342600226,,129.35147928994084
3600.0695806220174,'(4.459476947784 + ((-59.535648345947) * ((((((-0.221277281642) * x5) + cos(((-0.509190678596) * x5))) ^ 2) + sqrt((sqrt(((((0.995096743107 * x1) * ((0.386960387230 * x6) * (0.312618762255 * x3))) + ((-0.962576925755) * x3)) - (((-2.194307804108) * x2) / (cos((1.233494639397 * x1)) ^ 2)))) ^ 2))) / (((-0.242031946778) * x3) + ((-4.014535427094) * x2)))))',6.723993602869339,6.723989486694336,198779159,9,29,384,7,16384,paper,4,0,1934709049,9.191585027570333,50.51928994082839
3600.088490094989,'(2.891332149506 + ((-2.273679018021) * (((1.746683239937 * x5) ^ 2) * (log(exp(log((3.112550020218 + (0.624009013176 ^ (((cos((((-0.114250972867) * x2) ^ 2)) ^ 2) - sin((0.488852888346 * x5))) + ((0.051143158227 * x1) / (exp(sqrt(cos(sin(((-0.787539362907) * x2))))) + ((-1.406580448151) * x6))))))))) / (((-3.555227518082) * x2) + ((-0.873666703701) * x3))))))',6.310566207613512,6.3105645179748535,127620513,9,28,384,7,16384,paper,4,0,1904449481,2.1765407991173946,39.72082840236687
3600.0889127738774,'(3.265341758728 + ((-12.990932464600) * ((((0.299059301615 * x5) + cos(((-0.467186450958) * x5))) ^ 2) / (((((-0.236956685781) * x0) + ((-0.965188324451) * x5)) - (((-1.439606070518) * x3) / (0.622897922993 * x2))) + ((sqrt((((sin((1.162792682648 * x5)) + (-0.157659724355)) ^ 2) * (0.434294492006 * x3))) + exp(sin(((-1.417633533478) * x2)))) + (((-0.112991571426) * x3) - (exp(exp((cos(((-1.025127887726) * x3)) * cos((0.616795659065 * x2))))) ^ 1.498659729958)))))))',6.11936129849524,6.119340896606445,139653158,9,0,384,7,16384,paper,6,0,3324115916,7.235970864326467,44.4359693877551
3600.12014689669,'(1.527320146561 + ((-62.041309356689) * ((((((-4.798578262329) * x6) + ((-0.217125028372) * x5)) + sin(((-2.225020885468) * x5))) / (((1.369093060493 * x2) - ((-0.151288315654) * x3)) + ((((-0.882619798183) * x5) - (cos((1.436862349510 * x2)) / (((0.267103254795 * x4) ^ (0.056696109474 * x4)) ^ ((-0.786080837250) * x6)))) - ((((((((2.343356609344 * x5) / (0.056696109474 * x4)) + ((-0.632905781269) * x0)) / exp((2.318789243698 * x6))) / (0.056696109474 * x4)) - exp(2.913934230804)) / exp(cos((1.975963592529 * x2)))) - (((-4.100391387939) * x6) ^ 2))))) * (log(((10.237974166870 * x0) - ((-0.743671000004) * x3))) - sin((((-0.051411967725) * x5) ^ 2))))))',5.5904222203435525,5.590421676635742,87069990,9,1,384,7,16384,paper,6,0,2811363264,3.664191966341711,43.733112244897946
3600.0794189348817,'(13.294241905212 + (0.236157387495 * ((exp(cos(((-0.631451129913) * x5))) + sqrt((0.768006324768 * x5))) * ((((0.605581879616 * x5) ^ 2) - (0.434294492006 * x3)) / (((((((0.610074520111 * x0) / cos(((-0.518803775311) * x5))) ^ 2) - (0.510493278503 * ((((-0.641796350479) * x3) + (9.370532035828 * x5)) ^ 2))) / ((7.951439857483 * x3) - (((0.605581879616 * x5) ^ (0.502026796341 ^ ((-0.510982334614) * x6))) * (1.699257969856 * x2)))) + (1.172777056694 * x2)) - ((-0.878187000751) * x5))))))',6.061595237148706,6.06159257888794,111718508,9,2,384,7,16384,paper,6,0,1884968544,8.591319089714096,65.46061224489797
3600.0928185991943,'(1.853083133698 + ((-0.658327698708) * (((sin(((-1.443916559219) * x5)) - (0.693147182465 * x5)) ^ 2) / ((((1.298719167709 * x0) + (((((-3.178418397903) * x4) * sin((2.058817863464 * x5))) - ((((exp(cos((3.981950283051 * x0))) + sin((0.925150573254 * x5))) / (((-3.103350400925) * x4) / ((-2.480878114700) * x2))) / sin(exp(sqrt((((-0.265466094017) * x2) * (-0.394454866648)))))) - ((-22.807790756226) * x6))) + (4.050017833710 * x5))) + ((0.434294492006 * x3) - ((-2.480878114700) * x2))) / (sin((0.434294492006 * x5)) - (0.294965595007 * x5))))))',6.111144484399579,6.11115026473999,141378991,9,3,384,7,16384,paper,6,0,1859786275,8.52952259591932,95.62836734693876
3600.113094460219,'(5.432231426239 + (96.271034240723 * (((((-0.126768901944) * x5) + cos(((-0.508715212345) * x5))) * (((sin(sin(sin(sqrt(((0.509834885597 * x2) - ((2.210060834885 * x4) / ((-0.288348168135) * x6))))))) / (0.433144122362 * x6)) - (0.264612823725 * x5)) + cos((4.038824558258 * x5)))) / ((((0.477804034948 * x2) / (0.376972138882 * x0)) ^ ((2.731544017792 * x2) / (0.266145348549 * x2))) + (((1.008526325226 * x0) + (2.662747383118 * x2)) - ((-0.223706349730) * x3))))))',6.105122092762572,6.105123519897461,95833360,9,4,384,7,16384,paper,6,0,3687649985,2.936332789906327,47.259591836734685
3600.09148003906,'(0.223314732313 + (202.216598510742 * ((cos(((1.442695021629 * x5) ^ 2)) + (sin((1.527056574821 * x5)) - ((0.687672257423 * x5) * (-0.480663657188)))) * ((log((0.276728034019 * x3)) + cos(((-0.217300251126) * x5))) / ((((1.021257877350 * x2) ^ log(exp((((-1.112227559090) * x0) / (((-0.782520830631) * log((sin(sin((sqrt(sin((exp(sin((0.707106769085 * x3))) ^ cos((((-1.112227559090) * x0) - (-0.139408022165)))))) ^ (3.185135126114 * x2)))) ^ 2))) + ((-13.889245033264) - (2.704836130142 * x2))))))) - ((-0.337179929018) * x3)) + ((4.261873722076 * x2) - (9.363543510437 * x6)))))))',66.6754283895601,6.074710845947266,53238491,9,5,384,7,16384,paper,6,0,369133708,15.961431267235469,41.03678571428571
3600.092970628292,'(14.967814445496 + ((-0.001701509231) * ((((((-1.673280835152) * x6) - (0.524801731110 * x5)) * ((0.071567438543 * x0) - (0.693147182465 * x5))) * ((((-0.815058231354) * x3) / ((-0.882339954376) * x5)) + (log((sin((5.659321308136 * x5)) ^ 2)) - (0.658331692219 * x5)))) / (((0.055563692003 * x5) - (((-0.911903977394) * x1) / (cos(exp((2.264363050461 - (0.518098175526 * x1)))) + cos(cos(((2.264363050461 + 1.645649909973) ^ (0.524801731110 * x5))))))) + (exp((0.055013760924 * x5)) / ((0.155933037400 * x0) - (0.828927993774 * x2)))))))',8.590990334380093,6.086424350738525,91110357,9,6,384,7,16384,paper,6,0,2995172877,12.674984154254995,60.70882653061225
3600.081783857197,'(2.309243440628 + (8.906497955322 * (((((0.369540125132 * x5) * 0.738987505436) - (((0.422210037708 * x0) - (((11.555145263672 * x1) ^ cos((2.326326131821 * x5))) / ((-0.320843786001) * x1))) / (0.422210037708 * x2))) - (log((16.935079574585 * x4)) - sin(((-0.525151312351) * x5)))) / ((((-0.119325600564) * x3) + (((-18.593404769897) * x6) + (((0.916713714600 * x6) ^ 2) / sin((11.555145263672 * x1))))) / ((((-0.380764961243) * x3) / (0.408336102962 * x2)) + (((-4.171157836914) * x6) + ((-0.378002524376) * x5)))))))',5.918080924646477,5.918081283569336,95983818,9,10,384,7,16384,paper,6,0,4190266092,11.89447619192747,81.26520710059171
3600.122035175562,'(12.041600227356 + (0.000210198472 * (((sin((1.442695021629 * x5)) - ((-0.153172060847) * x5)) * ((((-0.017755724490) * x3) - ((-1.219875097275) * x5)) + (((-0.922081828117) * x6) * (exp(sin((1.700718879700 * x2))) - (cos((0.624922752380 * x5)) / sin(((-1.733316540718) * x6))))))) * (((((-0.153172060847) * x5) / ((-0.278194189072) * x2)) * ((7.647588253021 * x1) - ((-1.186473369598) * x5))) + ((((-0.017755724490) * x3) - ((-1.543064594269) * x5)) + (log((((cos(sin(((-1.186473369598) * x5))) - (log(1.524983525276) / cos(((-0.876552045345) * x6)))) * log(((((-0.822143018246) * x6) * (0.647974252701 * x0)) / ((-1.462866187096) * x5)))) ^ 2)) / exp((((-0.788326859474) * x5) / (0.594351232052 * x2)))))))))',5.25833986056706,5.258338928222656,89813330,9,7,384,7,16384,paper,6,0,865305066,,50.27836734693877
3600.082965925336,'(4.311849594116 + ((-8.144184112549) * ((cos((((-1.718737602234) * x5) ^ 2)) - ((-0.164129197598) * x5)) * (((((sqrt((1.265763878822 * x6)) + (0.002844291274 * x5)) - sin(0.802494287491)) - ((-0.164129197598) * x5)) ^ 2) / ((((-1.562673211098) * x2) + ((-0.225043147802) * x3)) + ((((-4.172407627106) * x5) * (((6.732641220093 * x6) * exp(((-0.941396713257) * x1))) ^ 2)) + ((-0.902787268162) * x0)))))))',6.441138162856774,6.440971374511719,181574068,9,11,384,7,16384,paper,6,0,3160032368,4.951465534532992,37.648639053254435
3600.1152337752283,'(4.224888801575 + ((-7.845289230347) * ((sin((((-0.103422865272) * x5) * ((-1.211786746979) * x5))) - (2.355472087860 * (log((exp(((cos(((-1.101552963257) * x6)) - ((((-1.839978933334) * x6) * (0.195538192987 * x2)) * (((2.718281745911 * x5) / (0.164340049028 * x1)) / ((1.510824084282 * x0) ^ 2)))) * cos(((-0.026836037636) * x5)))) * sin(sqrt(((sin(((-1.698205590248) * x2)) - (-2.003148555756)) + ((-0.152046471834) * x6)))))) - ((-0.075336970389) * x5)))) / (((((((1.442695021629 * x0) / ((1.414213538170 * x2) / cos(((-1.040753960609) * x2)))) - ((-0.026836037636) * x5)) / cos((((-0.103422865272) * x5) + (0.549836039543 * x5)))) + (0.214362353086 * x3)) - ((-1.184330463409) * x2)) / (((0.164340049028 * x1) - (0.164340049028 * x5)) ^ 2)))))',5.9215179848398405,5.921529293060303,104954543,9,8,384,7,16384,paper,6,0,404488628,,102.83325443786981
3600.0904640741646,'((-2.252958774567) + (11.667556762695 * (((((0.820820569992 * x6) + (0.408730655909 * x5)) + sin((1.364132761955 * x5))) - cos(((2.302585124969 * x5) + exp(cos(cos((((log(cos(sin((0.707106769085 * x3)))) + cos((0.556464791298 * x2))) ^ 2) / (((cos(((-1.030271172523) * x2)) / 0.614243328571) / 0.889315307140) / sin(1.772453904152))))))))) / (cos(((0.491188049316 * x5) + (1.816974043846 * sin(sqrt((cos((0.889315307140 ^ (0.395427078009 * x2))) + cos((0.556464791298 * x2)))))))) + (((0.705871284008 * x3) / (3.141592741013 * x5)) + sqrt((0.467579573393 * x2)))))))',5.879452158585074,5.879444122314453,93487725,9,9,384,7,16384,paper,6,0,2261209995,7.8601531013541255,57.220828402366855
3600.0765224583447,'(3.228841543198 + ((-342.176696777344) * (((cos(((-1.294980764389) * x5)) * exp(((-0.623548448086) * x6))) + (log((0.220690116286 * x3)) - cos(((-0.259376734495) * x5)))) * ((cos((1.379840254784 * x5)) + ((-0.125386223197) * x5)) / (sqrt(sqrt(log(((((3.303718805313 * x2) + ((-0.259376734495) * x5)) - (((cos(((-1.721362948418) * x5)) / 0.018615558743) / ((-0.229998767376) * x2)) - ((-0.259376734495) * x5))) + (((-0.973311364651) * x5) + ((-1.636384606361) * x4)))))) * ((0.198933050036 * x3) + (0.693147182465 * x0)))))))',6.108175785082083,6.108175277709961,140918229,9,13,384,7,16384,paper,6,0,3081541439,13.254083906231285,39.60248520710059
3600.07830535993,'(1.567977190018 + (0.039914816618 * (((((0.657206654549 * x3) * (0.608296155930 * x5)) / ((0.221530035138 * x2) + log((cos((38.258419036865 * x2)) ^ 2)))) + ((log((exp((((cos((5.443134307861 * x1)) + ((-1.841403126717) - sin(((3.578802347183 * x1) + ((-0.066565282643) * x2))))) ^ 2) + (3.135083436966 * x1))) * ((1.776097774506 * x6) - 1.722175478935))) - ((-1.037420749664) * x5)) ^ 2)) / (sin((0.608296155930 * x5)) + (sin((2.184384584427 * x5)) + ((0.922243714333 * x3) / (1.234472632408 * x5)))))))',5.63738368925398,5.63771390914917,122889526,9,16,384,7,16384,paper,6,0,550243861,6.43273560645937,59.17313609467456
3600.087953861803,'(3.381898164749 + (31.021638870239 * (((cos((0.706706821918 * x5)) + (0.403005599976 * x5)) ^ 2) / ((((3.896709442139 * x2) - ((-1.038745522499) * x0)) + (((-4.991926670074) * x3) / ((-0.194295912981) * x5))) + (sqrt(sqrt(((cos(sin(((-3.746324300766) * x0))) ^ ((-0.221004292369) * x5)) + (exp(sin(((-3.304861307144) * x3))) / (((-0.995656192303) + cos((2.793839216232 * x5))) / ((-12.935315132141) * x5)))))) / cos(((-1.226191282272) * x5)))))))',6.5877520209059455,6.58765983581543,108746151,9,18,384,7,16384,paper,6,0,1934392872,5.760917963610595,40.97751479289941
3600.0801751613617,'((-1.084275484085) + ((-1.496697068214) * (sin(((0.409503072500 * x5) ^ 2)) - ((((0.738978624344 * x5) ^ 2) + (((((-0.750769972801) * x4) + ((-0.137321695685) * x0)) * ((-0.716027617455) * x4)) / ((-1.509034276009) * x6))) / (log((0.701195120811 * x2)) * sqrt((0.648414015770 * x3)))))))',6.626675295196747,6.626688480377197,199641537,9,17,384,7,16384,paper,6,0,3606691181,5.41980578690079,53.85514792899409
3600.109865475446,'(1.593738675117 + (2.614264726639 * (((((-0.501893162727) * x5) + (((exp((exp(((-1.031725764275) * x1)) * (0.583133459091 * x5))) + sin(((-1.857192754745) * x1))) * sin(sin(exp((cos(((-0.407294839621) * x5)) - cos((((-0.246532812715) * x2) ^ 2))))))) / (cos(sin(((0.689505219460 * x3) + (1.122581839561 * x6)))) ^ 2))) * (cos(((-0.501285433769) * x5)) - ((2.172883987427 * x6) - ((-0.198125988245) * x5)))) / ((sin((4.136905193329 * x5)) * ((sin((((-0.250459998846) * x2) - (2.302585124969 * x3))) - ((exp(((-0.246532812715) * x2)) * (7.189771652222 * x5)) * (sin((1.753221869469 * x5)) * ((-1.506309390068) * x3)))) + (1.321860790253 * x6))) - ((((-1.506309390068) * x3) / (1.021977186203 * x5)) - ((5.656588077545 * x6) - ((-0.215696275234) * x2)))))))',5.245933792773855,5.245925426483154,114042390,9,14,384,7,16384,paper,6,0,3376120482,8.793696497417322,52.635621301775146
3600.1510922648013,'((-3.090082168579) + ((-693.016113281250) * (sqrt((((2.424808979034 * x6) + (0.806171298027 * x5)) * exp((0.087260350585 * x5)))) / ((((0.042358092964 * x3) + (0.878787279129 * x5)) + ((sin(log((0.434294492006 * x5))) * (((((((cos((sin(((-1.899327039719) * x2)) + (-0.486142128706))) ^ 2) ^ 2) ^ 2) * ((-0.694324731827) * (sin(exp(((((-0.903882563114) * x6) + (0.806171298027 * x5)) + 0.909708678722))) - 0.213422432542))) / ((log((0.467073947191 + ((0.972569584846 - (-0.686887383461)) - sin(((-0.094973020256) * x4))))) - sqrt(sin(exp((sin(((-0.503997027874) * x2)) ^ 2))))) ^ 2)) * 2.718281745911) - (1.401372551918 * x2))) + exp((exp(cos((0.810533106327 * x0))) + (cos(((-1.376458883286) * x1)) / log(sin(cos(sin(((1.644083380699 * x0) / ((-0.651053369045) * x5))))))))))) * (((-0.328711420298) * x5) - sin(((-0.651053369045) * x5)))))))',7.162740513152452,5.541112899780273,85063614,9,12,384,7,16384,paper,6,0,3269070126,3.4755759188433184,61.78745562130178
3600.123626228422,'(11.564840316772 + (0.012201816775 * (((((2.469420671463 * x1) - (0.799105048180 * x5)) * (11.384983062744 * x5)) / (((0.074363142252 * x3) + (2.087328433990 * x2)) / (cos(((2.824736118317 * x5) - ((0.733771443367 * x5) + cos((3.538670539856 * x5))))) - (0.169097498059 * x5)))) - ((((0.074363142252 * x3) / (0.921085417271 * x6)) + ((13.888010025024 * x4) - (1.183151483536 * x2))) + ((0.558784961700 * x0) / ((0.469135493040 * x1) - exp(((exp((0.653153359890 ^ 2)) / (((0.004422544502 * x2) + (0.004422544502 * x2)) + exp(0.673981726170))) ^ 2))))))))',6.003377919591853,6.003378391265869,110367775,9,15,384,7,16384,paper,6,0,2204291346,17.301192105344114,65.60082840236686
3600.063038788736,'(4.115740776062 + ((-185.040161132812) * ((((1.056389570236 ^ (0.702074468136 * x5)) + sin((0.649760186672 * x5))) + sin(sin((1.363439083099 * x5)))) / ((cos((3.033548831940 * x5)) / sin(((-0.611493587494) * x0))) - (((0.042570479214 * x3) - ((-0.373999476433) * x2)) - ((-0.202494591475) * x0))))))',6.510784080662795,6.510798931121826,120820939,9,20,384,7,16384,paper,6,0,1592565386,5.73105179677604,57.465917159763315
3600.108265597373,'(6.246573925018 + (19.546951293945 * (((((cos((1.309627532959 * x1)) * log(((((0.052831444889 * x4) ^ (0.248721897602 * x5)) ^ 2) + (((-0.457022398710) * x5) + (1.196175932884 * x2))))) + (0.278398305178 * x5)) + sin((4.097651958466 * x5))) + (sin(((-0.448842585087) * x5)) * ((0.157166555524 * x4) ^ (0.054844927043 * x4)))) / (cos(((4.097651958466 * x5) * ((-0.017017006874) * x2))) + (((0.293696761131 * x3) + (1.067209482193 * x2)) / ((1.070628046989 * x6) - ((-0.448842585087) * x5)))))))',5.811312441521153,5.811316013336182,91714417,9,19,384,7,16384,paper,6,0,2148995112,2.437892089925787,35.17100591715976
3600.0893156267703,'(2.484928846359 + (1.186787366867 * (((((sin(((0.134119123220 * x0) / (cos((0.817976534367 * x4)) + ((0.648698329926 * x5) / (1.514093995094 * x5))))) - (0.142214223742 * x5)) ^ 2) / ((0.048303805292 * x0) - ((-0.213158875704) * x2))) + (((0.298161149025 * x5) ^ 2) / ((1.773986697197 * x3) / (1.514093995094 * x5)))) + ((sin((0.648698329926 * x5)) + sin((log((1.579675674438 * x6)) ^ 2))) ^ 2))))',5.947308492935822,5.945634365081787,147105486,9,21,384,7,16384,paper,6,0,784044718,,67.99668639053255
3600.103872317821,'(11.270091056824 + ((-0.004295298830) * (((((0.894590139389 * x5) ^ 2.718281745911) + (((-0.077603377402) * x3) * (2.862154483795 * x5))) - (((1.171638369560 * x4) ^ exp(cos(cos((((3.266066074371 * x5) ^ 2) / (1.412951350212 * x2)))))) / sin(((-0.820542693138) * x5)))) / (cos(((0.934199810028 * x5) ^ 2.468655347824)) - (0.065633803606 * ((((0.962081193924 * x2) + (0.326936393976 * x0)) + (0.894590139389 * x5)) - ((-0.022359412163) * x3)))))))',6.401637560897993,6.401815891265869,63950223,9,22,384,7,16384,paper,6,0,3980425317,8.517531386650328,37.42946745562131
3600.0903108157218,'(2.417147636414 + (149.328460693359 * (((cos((26.298839569092 * x6)) - (0.126215696335 * x5)) * (cos((1.379781365395 * x5)) - ((((-0.035111650825) * x5) * 1.443571925163) ^ 2))) / (((32.161018371582 * x1) ^ cos(((-0.667139947414) * x5))) + (((34.535182952881 * x6) + (((-0.438846409321) * x5) * cos((3.283002614975 * x0)))) + ((2.391348361969 * x2) + (0.264551371336 * x3)))))))',6.195639926057949,6.195640563964844,105565666,9,25,384,7,16384,paper,6,0,1728356533,8.150694122417987,45.5971597633136
3600.091237332672,'(2.187817096710 + (0.174032762647 * (((((1.725820183754 * x5) ^ 2) / log((1.965525746346 * x2))) + (((1.354139924049 * x5) ^ 2) / ((0.941932022572 * x3) / ((-2.149741888046) * x5)))) / ((((0.330729275942 * x3) / (0.545663297176 * x5)) + sin((0.606901049614 * x5))) + sin(((1.725820183754 * x5) ^ 2))))))',6.704693855308363,6.705014705657959,172573114,9,26,384,7,16384,paper,6,0,3533734220,,53.533017751479285
3600.138205077499,'((-4.495901584625) + ((-58.345386505127) * (((((0.255115479231 * x5) - sin(log((((0.318309873343 * x0) ^ ((-0.658401191235) * x1)) / (2.302585124969 * x0))))) - cos(((-0.421946406364) * x5))) / (((2.448535919189 * x2) + (7.937467575073 * x5)) + ((0.318309873343 * x3) - (sin(((0.711158216000 * x3) ^ 2)) * (2.817170619965 * x4))))) * ((sin((1.322145223618 * x5)) - sin((0.747220039368 * x0))) - (((0.547831296921 * x5) + (cos(sqrt(((0.007079940755 * x4) - ((-0.860730111599) - (0.050088986754 * x4))))) ^ sin(sin((log((1.414213538170 * exp(sin(((-0.364868462086) * x5))))) - exp((((((-0.894695937634) * x6) - (-1.629700779915)) * log((0.007079940755 * x4))) / ((3.141592741013 * x5) ^ (-0.232532754540))))))))) - cos((2.243360757828 * x5)))))))',5.198939003908223,5.192885875701904,76150684,9,23,384,7,16384,paper,6,0,3356806661,11.269110349854639,61.70863905325443
3600.0922940932214,'(11.232693672180 + (0.017731808126 * ((((((-3.010188102722) * x3) / (1.969139575958 * x6)) - (33.361259460449 * x2)) + ((((-1.703084349632) * x5) - cos(exp((((cos(cos((0.151108101010 * x1))) * sqrt(((0.755630314350 * x4) + (0.755630314350 * x4)))) + sqrt((((-0.957365989685) / 1.211955070496) / (((-0.791302621365) * x4) - (cos((39.201148986816 * x2)) ^ 2))))) + cos((2.815340280533 * x5)))))) ^ 2)) / ((sin((2.103574514389 * x5)) + sin(((-0.484773188829) * x5))) + ((((-0.185499101877) * x3) / ((-0.484773188829) * x5)) + (0.756884872913 * x6))))))',6.3082657452857305,6.308243274688721,144442222,9,27,384,7,16384,paper,6,0,2342600226,,129.35147928994084
3600.138269316405,'(17.154060363770 + (0.565721929073 * (((((1.433712124825 * x0) - (16.877489089966 * x2)) - (2.174628496170 * x3)) + (((0.091076590121 * x5) ^ 2) * ((2.605504751205 * x5) - ((((((cos((0.091076590121 * x5)) ^ ((((-0.395478874445) * sin((cos(sqrt((0.434294492006 * x3))) / (1.020044922829 - ((sqrt((1.193792343140 * x6)) + cos((1.433712124825 * x0))) ^ 2))))) - sin(((16.877489089966 * x2) - exp(sin((0.434294492006 * x3)))))) / ((0.863304138184 * x2) / ((-0.407552272081) * x5)))) ^ 2) ^ 2) - cos((0.574268639088 * x5))) * (((0.434294492006 * x4) / log((1.193792343140 * x6))) ^ (-0.556925415993))) * (((-0.473301231861) * x2) + (sin((1.442695021629 * x5)) / log(0.971285343170))))))) / ((((0.091076590121 * x5) ^ 2) ^ ((1.461259007454 * x2) / (1.414213538170 * x0))) - (((-0.733848810196) * (1.414213538170 * x0)) - (0.978525817394 * x5))))))',5.268906460111217,5.268672466278076,70086490,9,24,384,7,16384,paper,6,0,2765379632,,48.59005917159763
3600.1095588691533,'(3.766954660416 + ((-0.019217405468) * ((((((-2.130093574524) * x5) - ((-0.096564643085) * x2)) ^ 2) / ((((-2.230324268341) * x4) + (0.174903526902 * x3)) - (((-1.126238465309) * x5) - (sin(((-2.616571187973) * x3)) / (((sin((0.044527173042 * x2)) - cos(0.262039542198)) / cos(cos((-0.366591423750)))) + (sin(((-5.557796478271) * x6)) ^ cos(((-0.858047544956) * x4)))))))) * ((cos(((-0.586425304413) * x5)) + sin(((-4.140736579895) * x6))) - (sin((1.362300992012 * x5)) + ((0.307516843081 * x5) - cos(((-4.039847373962) * x5))))))))',6.101649192909282,6.101656436920166,109840093,9,28,384,7,16384,paper,6,0,1904449481,2.1575075872563705,39.72082840236687
3600.1116066612303,'(5.005664825439 + (22.399206161499 * (((sin((1.444910645485 * x5)) + sin((0.493495345116 * x5))) + (sin(((-0.442988872528) * x5)) + (0.249610364437 * x5))) * ((sin(cos((log(((5.230748653412 * x4) - ((0.645446181297 * x2) + ((-0.968033015728) * x0)))) * ((0.281535625458 * x1) ^ 2)))) - ((0.158057823777 * x5) * (-0.896206617355))) / (((0.205563515425 * x3) - ((-1.311371564865) * x2)) / sqrt((sin((((0.477310508490 * x5) * (-0.897310197353)) + (0.469368249178 * x4))) + (0.096223250031 * x5))))))))',5.983778733108369,5.983778476715088,123034193,9,29,384,7,16384,paper,6,0,1934709049,13.553256221215005,50.51928994082839
3600.145257681608,'(1.056955814362 + (455330.062500000000 * (((1.991611838341 * x5) ^ cos(log((0.588807404041 * x5)))) / (((exp((exp(sqrt(cos(sin((5.399267196655 * x2))))) + sin(((0.693147182465 * x5) - sin((3.325449466705 * x5)))))) - (cos((2.994663238525 * x2)) / sin((0.588807404041 * x5)))) + (0.903831124306 * x2)) + (0.107481800020 * x3)))))',6.096993939873535,6.096980571746826,122460351,9,0,384,7,32768,paper,4,0,3324115916,8.648348230934461,44.4359693877551
3600.171351648867,'(0.357734113932 + ((-2801.268554687500) * (((sin(exp((0.228929936886 * x5))) - ((0.056218370795 * x5) ^ 2)) - (exp(cos(cos((((((-0.236554205418) * x5) ^ 2) ^ 2) ^ 2)))) - (sin(((-0.273074716330) * x4)) - ((-0.624977052212) * 7.240732192993)))) / (((2.914185047150 * x5) - (((-0.384724318981) * x3) - (1.107595443726 * x0))) + (3.883723497391 * x2)))))',9.437621612512263,6.582926273345947,159853445,9,2,384,7,32768,paper,4,0,1884968544,4.241093047420839,65.46061224489797
3600.2132625691597,'(3.828126430511 + ((-49.047275543213) * ((sin(((-1.402333736420) * x5)) + (((-0.054729294032) * x5) * ((-0.064178861678) * x5))) * (((0.318309873343 * x5) - sin(((-0.563400864601) * x5))) / ((((-0.961707592010) * x0) - (0.403737336397 * x3)) + ((((((-0.227964550257) * x0) ^ 2) ^ cos(((-0.563400864601) * x0))) + (((-0.963302791119) * x0) + (((-1.714974761009) * x6) * ((-0.561845660210) * x0)))) ^ cos(((-0.270783841610) * x4))))))))',6.60146235869842,6.601460933685303,133332384,9,1,384,7,32768,paper,4,0,2811363264,3.795470185264358,43.733112244897946
3600.2199118211865,'((-0.938323736191) + ((-26.453794479370) * (((((-0.323214799166) * x6) - (0.434294492006 * x5)) ^ 2) / (((((sin((2.718281745911 * x0)) - (-1.243897318840)) ^ 2) * (sin((1.602337002754 * x1)) * (0.671760439873 * x2))) - ((((2.055455923080 * x2) + (3.704290866852 * x5)) + ((0.736295640469 * x0) * cos(((-0.250750780106) * x5)))) - (((-0.312176644802) * x4) / sin((0.470641314983 * x5))))) + ((-0.250187605619) * x3)))))',5.848790462217337,5.848791599273682,154247047,9,3,384,7,32768,paper,4,0,1859786275,8.125292267230025,95.62836734693876
3600.157523382455,'(0.849684834480 + ((-2024.351928710938) * ((1.088473081589 ^ (0.398535132408 * x5)) / (((((-0.179192215204) * x3) + (((-0.923292815685) * x5) - ((-5.031822681427) * x2))) / sin((0.754263281822 * x6))) - ((((((-0.234237954021) * x1) / cos(((-1.394177436829) * x5))) + (0.104701846838 * x3)) + (8.415015220642 * x2)) - ((((1.109053015709 * x6) - 1.088473081589) ^ 2) / sin((1.467572927475 * ((-2.835667133331) * x3)))))))))',6.202964934447668,6.196567058563232,116837563,9,5,384,7,32768,paper,4,0,369133708,7.615712985779631,41.03678571428571
3600.1550805307925,'((-0.610153496265) + (15923.301757812500 * (sin(cos(cos(sin((sqrt(exp((((-0.062482967973) * x2) - (sin(((-1.988191366196) * x2)) - cos(((-2.348000764847) * x2)))))) - ((-0.128716871142) * x5)))))) / ((0.074403017759 * x3) - (((cos(((-2.287812948227) * x5)) - (0.809997260571 * x2)) + ((((-0.165644764900) * x0) / (0.938858509064 * x6)) + ((-1.213557481766) * x5))) - cos(((-1.456318497658) * x5)))))))',6.55390255523189,6.55390214920044,172804436,9,4,384,7,32768,paper,4,0,3687649985,3.5170759796094524,47.259591836734685
3600.1510934084654,'(10.253180503845 + (1.087879896164 * (((((((-1.008170008659) * x5) + sqrt((0.715675711632 * x3))) / log((113.177154541016 * x2))) + ((0.408656626940 * x5) * ((sin(((-1.596226572990) * x1)) + ((((-0.013623797335) * x4) ^ 2) ^ ((1.837144613266 * x6) / (0.673632740974 * x1)))) / ((1.228123545647 * x2) + ((-2.392017602921) * x4))))) ^ 2) + cos(((-1.420004010201) * x5)))))',6.379849964252848,6.379847049713135,158176256,9,7,384,7,32768,paper,4,0,865305066,,50.27836734693877
3600.175708409399,'(2.485160589218 + (7.127444744110 * ((((0.265504390001 * x5) + (((cos((0.630442798138 * x5)) + (0.007082462311 * x5)) * sin((exp((log(((cos(((-1.903690218925) * x3)) - ((-0.717348277569) * x2)) - (cos((1.605979204178 * x2)) / ((-0.101425185800) * x6)))) - ((-1.665972590446) * x6))) / (0.272726744413 * x3)))) ^ 2)) ^ 2.647233963013) / ((0.318309873343 * x3) + (1.605979204178 * x2)))))',5.690097807300778,5.690097808837891,122334225,9,6,384,7,32768,paper,4,0,2995172877,7.533275180696514,60.70882653061225
3600.176960453391,'(15.373761177063 + (0.000703028170 * (((((((-0.653405904770) * x5) ^ 2) ^ 2) - (((1.903160572052 * x3) * (0.182113125920 * x3)) + (((4.080782890320 * x3) + (cos((1.442695021629 * x5)) * (5.755317687988 * x3))) / cos(((1.799044013023 * x3) - (0.576634764671 * x5)))))) / ((1.683129191399 * x2) + (1.062138199806 * x0))) + (sin((1.442909359932 * x5)) * (18.670486450195 * x5)))))',6.982423425777795,6.982097148895264,189979986,9,12,384,7,32768,paper,4,0,3269070126,2.4800601249288685,61.78745562130178
3600.214716285467,'((-0.941307485104) + (12960.541992187500 * ((exp(sin((0.072085611522 * x5))) ^ 0.675366163254) / ((sqrt((((-2.568626165390) * x2) * ((-0.710827231407) * x5))) - ((((-0.062918223441) * x3) / (3.194435119629 * x6)) - exp((((0.799596846104 * x6) / (0.933407008648 * x0)) * ((0.939662158489 * x0) + ((0.251806080341 * x5) / cos(((-1.617697000504) * x5)))))))) - ((-0.062594689429) * x3)))))',6.872391817840692,6.872393131256104,122963619,9,8,384,7,32768,paper,4,0,404488628,,102.83325443786981
3600.179249804467,'(15.193069458008 + (0.054641071707 * ((((sqrt(exp(cos(((-0.629227399826) * x5)))) * (4.170816898346 * x6)) * ((-0.016008675098) * x3)) + ((0.756992518902 * x3) - ((0.702120780945 * x5) ^ 2))) / ((((-0.344873607159) * x5) + ((-0.798096358776) * x2)) / (((exp((sin((4.093694686890 * x5)) + (-1.930483818054))) + (0.035108946264 * x5)) + cos(((-0.264355689287) * x6))) ^ 2)))))',6.177103706428834,6.177102565765381,145508738,9,10,384,7,32768,paper,4,0,4190266092,13.087336865514034,81.26520710059171
3600.2004333920777,'(2.019349575043 + (1186.273193359375 * ((cos(cos(sqrt(exp((((2.049557685852 * x5) - (2.073270559311 * x2)) - (0.782904267311 * x5)))))) / (((-0.349529862404) * (((((-1.054739952087) * x0) / (1.256139397621 * x6)) + ((-0.468274414539) * x3)) + (sin((1.361426353455 * x5)) * (0.958456039429 * x2)))) + sqrt(((2.459129571915 * x5) * (0.994916796684 * x2))))) * (1.083910107613 ^ (0.491959691048 * x5)))))',6.664944761567035,6.664941787719727,105487609,9,9,384,7,32768,paper,4,0,2261209995,7.346116063176061,57.220828402366855
3600.150911934674,'(11.805423736572 + (1.699263572693 * sqrt(((((((0.241806328297 * x3) + (sin((((0.406496971846 - (1.478024005890 * x5)) ^ 2) * (0.132868051529 - (1.010368347168 * x5)))) * ((0.718870282173 * x4) / 0.132868051529))) - (((-0.480916917324) * x5) ^ 2)) / log((0.175921052694 * x0))) ^ 2) / ((33.661228179932 * x2) ^ sin(exp(((0.348966300488 * x1) ^ ((-0.228213980794) * x2)))))))))',6.450195513406608,6.468625545501709,113091691,9,13,384,7,32768,paper,4,0,3081541439,6.854591965480552,39.60248520710059
3600.1596333794296,'(13.954081535339 + (0.000141756376 * (((((0.353056490421 * x5) - ((0.191450804472 * x2) / ((exp((0.919639706612 * x6)) - sin(((-0.213153719902) * x4))) ^ 2))) * log((0.135210484266 * x2))) * ((0.400036633015 * x3) - (((-0.566182971001) * x5) ^ 2))) * (((0.253166496754 * x5) + cos((1.974467515945 * x2))) / (((-0.145824491978) * x2) + sin(((((-1.576746225357) * x5) ^ 2) / 0.100889749825)))))))',6.3723518575864135,6.372211456298828,145227267,9,14,384,7,32768,paper,4,0,3376120482,9.373221537573297,52.635621301775146
3600.127482224256,'(0.107570119202 + (5.885011672974 * (exp((exp(((3.141592741013 * x5) ^ 0.124095685780)) + (cos(((-0.550302147865) * x5)) / (0.181334763765 * x2)))) / (((sqrt((((0.628053009510 * x0) - ((-1.916069984436) * x2)) / 0.124095685780)) ^ 0.657515883446) ^ 2) + (0.065214537084 * x3)))))',7.091004671692086,7.091005325317383,134909621,9,17,384,7,32768,paper,4,0,3606691181,6.518568014787879,53.85514792899409
3600.2300825044517,'(3.167800188065 + ((-437.956329345703) * ((((0.359050899744 * x4) * sin((0.366466730833 * x5))) - (((0.693147182465 * x5) - (log((((cos(((-0.195048362017) * x3)) / (0.410973757505 * x5)) + sin((0.588668763638 * x5))) ^ 2)) + cos((0.065071389079 * x3)))) - ((sin((1.951286792755 * x5)) / sin((2.013580322266 * x1))) ^ 2))) / ((0.359050899744 * x3) + (1.533857703209 * x2)))))',5.759752292058363,5.759439468383789,156610149,9,11,384,7,32768,paper,4,0,3160032368,4.740145152323071,37.648639053254435
3600.1709295921028,'(2.098726987839 + (150910.578125000000 * (cos(sin((0.068312779069 * x5))) / (((((0.588445663452 * x2) + (3.509487152100 * x1)) * log((3.459524154663 * x4))) * ((cos(((-0.591719031334) * x5)) - (cos(((1.234220147133 * x6) + sin((1.605653166771 * x2)))) / log(((sin((0.932475626469 * x1)) + 1.212852597237) ^ 2)))) - ((-0.104804843664) * x5))) + (0.874488174915 * x3)))))',6.431086148263648,6.431089401245117,205704795,9,18,384,7,32768,paper,4,0,1934392872,5.812987324887325,40.97751479289941
3600.2112178877,'((-0.161209180951) + ((-246666.921875000000) * (cos(sin(cos((0.091280311346 * x5)))) / ((((-1.541662573814) * x3) - ((((cos((0.332576841116 * x2)) / cos((0.130423873663 * x5))) ^ 2) / sin((0.628278911114 * x5))) + (((0.423017263412 * x3) + (((3.141592741013 * x6) ^ 2) / (0.008842706680 * x1))) / (0.527824521065 * x6)))) + (((-0.853842318058) * x2) * (0.230988040566 * x5))))))',6.158083579644938,6.15802001953125,138299893,9,16,384,7,32768,paper,4,0,550243861,7.624686046417876,59.17313609467456
3600.207089096308,'((-1.372415542603) + ((-825.692504882812) * (exp((0.033570416272 * x5)) / (((-0.059143155813) * x3) + (((-1.347515463829) * x2) + (((cos(((-0.176282569766) * x4)) / (((-2.140266656876) * x6) / log((((sin(((((-0.842700242996) * x4) ^ 2) / (0.234400779009 * x0))) ^ 2) + (0.013394360431 * x0)) ^ (0.134067565203 * x5))))) * ((-0.833531022072) * x4)) - ((sin((0.609393000603 * x5)) + (0.134067565203 * x5)) ^ 2)))))))',6.077489960730033,6.077490329742432,159060107,9,15,384,7,32768,paper,4,0,2204291346,20.08697604059872,65.60082840236686
3600.18167373538,'(1.384876489639 + ((-2603.858398437500) * ((sqrt(sqrt(sin(cos(log(sqrt(log(sqrt(((0.056181505322 * x5) - sin((0.488118529320 * x5))))))))))) ^ ((-0.565969645977) * x5)) / ((((-0.522460281849) * x0) - (((1.318197607994 * x5) - ((-0.193280979991) * x3)) * exp(((-0.019806645811) * x6)))) - (1.603532433510 * x2)))))',7.369882285157391,7.369884490966797,127174022,9,19,384,7,32768,paper,4,0,2148995112,2.948463174073456,35.17100591715976
3600.187018312514,'(5.315599441528 + (654.308105468750 * ((sin(((-0.609516620636) * x5)) + (sqrt(exp(((((0.978252768517 * x6) ^ exp((((((-0.214561119676) * x4) / ((-1.648816943169) * x6)) + (-1.440397739410)) * (exp(cos(cos((0.174331679940 * x3)))) ^ 2)))) * cos(((-1.299618124962) * x1))) - ((-0.162815913558) * x5)))) ^ 0.434294492006)) / ((0.183399826288 * x3) - ((-0.710897803307) * x2)))))',6.262599230327818,6.262599468231201,98489144,9,20,384,7,32768,paper,4,0,1592565386,5.119506367354284,57.465917159763315
3600.134259175509,'(3.185155391693 + ((-177209.671875000000) * ((sin(((-0.636536121368) + (cos(((-0.345272868872) * x5)) * (((-0.083998113871) * x4) * (0.007939526811 * ((-0.565178155899) * x4)))))) / ((62.841445922852 * x0) ^ (((0.453178554773 * x3) / (0.089839242399 * x5)) / (0.899597346783 * x3)))) / ((0.707106769085 * x3) + (7.302233695984 * x2)))))',6.978722939732357,6.978723049163818,163813568,9,22,384,7,32768,paper,4,0,3980425317,12.578840375840896,37.42946745562131
3600.185300599784,'((-1.903817772865) + ((-20.885658264160) * (((0.298762500286 * x5) - sin(exp(((0.549906075001 * x5) / 1.414213538170)))) / (cos((0.551606118679 * x5)) + (((1.253784179688 * x2) - ((((-2.464986562729) * x5) / cos(sin((3.810958385468 * x1)))) + ((-0.191370412707) * x3))) / ((-0.614855647087) * x5))))))',7.371294655608871,6.276405334472656,222680599,9,21,384,7,32768,paper,4,0,784044718,,67.99668639053255
3600.151183333248,'(531.259582519531 + (524.577331542969 * sin((((((-0.819657862186) * x5) - sin(sin((0.364488512278 * x5)))) / (0.504841268063 * x5)) + sin(sqrt(((2.523963451385 * x5) / (((0.340694755316 * x5) * (0.166801601648 * x2)) + ((0.458669781685 * x3) + (1.772453904152 * x0))))))))))',7.341223775718994,7.341235637664795,227847888,9,23,384,7,32768,paper,4,0,3356806661,7.7331552940200465,61.70863905325443
3600.1575382873416,'(0.743801295757 + ((-176561216.000000000000) * (((0.005837635603 * x5) ^ (((cos((2.020838499069 * x5)) / ((-0.042609155178) * x2)) ^ 2) + (0.165721058846 * x5))) / (((-0.069565713406) * x3) - ((cos((0.594482958317 * x5)) + (0.073950730264 * x2)) * (0.165721058846 * x5))))))',6.900897067828413,6.900899410247803,150596708,9,24,384,7,32768,paper,4,0,2765379632,,48.59005917159763
3600.1713597737253,'(3.260162353516 + (42.218338012695 * (((4.572914123535 * x5) ^ cos(sin((log((0.629185140133 * x5)) - 1.012999773026)))) / ((0.146298810840 * x3) - (((0.694061934948 * x3) * ((cos(((3.920829772949 * x5) ^ 3.141592741013)) / (cos(((-0.201776459813) * x4)) - (sin((1.432888746262 * x4)) ^ 2))) / (2.621167898178 * x4))) - ((0.434294492006 * x0) - ((-1.172150254250) * x2)))))))',9.597125914270606,6.456666469573975,105102223,9,26,384,7,32768,paper,4,0,3533734220,,53.533017751479285
3600.172191210091,'(4.065525531769 + (1479.644653320312 * ((log(sqrt(((log(((0.007610876113 * x0) / (0.785340964794 * x2))) ^ 2) ^ ((-0.068462751806) * x5)))) + cos(((-0.427236884832) * x5))) / (((-2.656119823456) * x2) + ((-0.114076994359) * x3)))))',7.20548099939082,7.205482006072998,199383702,9,25,384,7,32768,paper,4,0,1728356533,6.672539823954724,45.5971597633136
3600.1613217890263,'(4.406743526459 + (1557.951171875000 * (((0.027326807380 * x5) + cos(log((cos(sin((0.172071173787 * x5))) * sqrt((0.722449302673 * x2)))))) / ((0.035159707069 * x3) + ((((0.027326807380 * x3) / exp((3.057825565338 * x6))) ^ 2) + (0.539958655834 * x5))))))',6.7846477306727495,6.784647464752197,217166167,9,27,384,7,32768,paper,4,0,2342600226,,129.35147928994084
3600.186943076551,'(1.545977115631 + (172.274322509766 * (exp((0.035451054573 * x5)) / (((0.256488025188 * x5) - (((0.614126026630 * x5) ^ sin((2.270308494568 * x0))) / (log((log((1.252437472343 * x2)) ^ 2)) + ((-1.446658968925) * x1)))) - (((-0.024613553658) * x3) + ((exp(exp(sin(((0.035451054573 * x5) + (0.614126026630 * x5))))) + ((-0.108058482409) * x0)) - (0.181998699903 * x2)))))))',6.38337861529789,6.383382320404053,153619443,9,28,384,7,32768,paper,4,0,1904449481,1.5801058868306255,39.72082840236687
3600.1715861968696,'((-0.683589160442) + (4732.313964843750 * (((sin((sin(sqrt((1.210167169571 * x4))) + cos((((-1.309636831284) * ((-0.725331485271) / (0.133275568485 * x6))) * (1.353508353233 * x1))))) + sqrt(sqrt((((-1.552634239197) * x0) - ((-0.986586630344) * x3))))) + sin((0.325184226036 * x5))) / ((0.364289104939 * x3) + (2.999465465546 * x2)))))',6.543789920483646,6.543790817260742,184384524,9,29,384,7,32768,paper,4,0,1934709049,8.82932841504837,50.51928994082839
3600.252895757556,'(10.718254089355 + (0.409373790026 * ((((((-1.304379582405) * x5) * ((-1.249772787094) * x5)) - ((1.414213538170 * x3) - ((-0.862042367458) * x0))) - ((((-2.935334920883) * x6) * (5.757176876068 * x1)) / sin((0.823202788830 * x5)))) / ((((0.602123439312 * x2) + ((1.658595442772 * x4) ^ cos((0.129493758082 + sin(((-0.881173312664) * x2)))))) - (((-1.624485373497) * x3) / (0.275749325752 * x5))) - ((((-2.549469232559) * x3) + (7.263539314270 * x0)) / (((-0.727814972401) * x5) + ((((1.006520867348 * x2) ^ sin((cos((-1.607458710670)) + exp(0.129493758082)))) + (exp(((0.212883442640 * (1.023613810539 * x2)) * sin(((-1.680970072746) * x3)))) / ((-0.862042367458) * x0))) ^ (cos((5.823414802551 * x1)) * ((((0.823202788830 * x5) * exp(((-1.680970072746) * x3))) * (log((0.129493758082 * (0.129493758082 ^ (1.023613810539 * x2)))) + sin(((5.823414802551 * x1) ^ 2)))) ^ 2)))))))))',6.467943147772719,5.566581726074219,46124133,9,0,384,7,32768,paper,6,0,3324115916,12.256432167373797,44.4359693877551
3600.1641008369625,'(2.639107704163 + ((-659.320800781250) * ((sin(((-0.486824989319) * x5)) - (sin(((-2.182992696762) * x5)) + ((0.052678816020 * x5) ^ 2))) / ((((2.673729181290 * x6) ^ 2) - ((0.163137808442 * x0) * cos(((-0.524723410606) * (1.413551211357 * x0))))) + (((1.425831317902 * x2) - ((-0.089865006506) * x3)) - (((-0.168850407004) * x3) / (3.858509540558 * x6)))))))',6.329662001589664,6.329660892486572,154644083,9,1,384,7,32768,paper,6,0,2811363264,4.861062665680736,43.733112244897946
3600.170184027404,'((-0.538478493690) + ((-24.220720291138) * (((sin((2.145494937897 * x5)) - (((-0.400946587324) * x5) - sin((0.967753291130 * x0)))) * (sin(((-0.527637958527) * x5)) - (((-0.476534426212) * x5) - ((-0.263049006462) * x5)))) / (((((-1.371519207954) * x5) - (0.109140254557 * x3)) + (sin((0.640908420086 * x0)) / sin((2.290514230728 * x2)))) - (((0.193619787693 * x0) + (0.860089838505 * x2)) + ((0.083968371153 * x6) * ((-0.968600511551) * x0)))))))',6.021505547859742,6.021531581878662,122303796,9,4,384,7,32768,paper,6,0,3687649985,3.7742082924487046,47.259591836734685
3600.2247872799635,'(0.981248438358 + ((-28.226291656494) * (((((-0.148141175508) * x5) - exp(sin((((((-0.705538690090) * x6) * sin((((-0.054647218436) * x3) / ((1.883510351181 * x1) ^ 2)))) + (0.036178261042 * x5)) + ((-0.692493259907) * x1))))) / (((-0.937194466591) * x5) - ((0.733997285366 * x2) - ((-0.054647218436) * x3)))) * (sin((((-3.100489139557) * x5) ^ 2)) - (sin((0.489385485649 * x5)) - ((-0.243315473199) * x5))))))',6.246451386920984,6.246790409088135,153037146,9,2,384,7,32768,paper,6,0,1884968544,8.68066160889074,65.46061224489797
3600.191887449473,'(2.617091655731 + ((-0.700028896332) * (((sin((0.566352069378 * x5)) + sin((2.224338769913 * x5))) + ((0.318309873343 * x5) + sin((4.880792617798 * x5)))) * ((((((((2.469329357147 * x5) - sin((1.927607655525 * x6))) + cos((0.741448163986 * x0))) + sin(((1.442695021629 * x4) * (0.741448163986 * x0)))) - (2.088206768036 * x5)) / ((0.259811729193 * x3) - ((4.629360675812 * x4) - (2.718281745911 * x5)))) * (sqrt(exp((cos((0.012800950557 * x3)) * (2.113102674484 * x6)))) - (4.386417865753 * x5))) / log((92.505859375000 * x2))))))',5.936854499324089,5.936845302581787,117612068,9,5,384,7,32768,paper,6,0,369133708,6.013341994029061,41.03678571428571
3600.269759356976,'(6.594379901886 + (1.697941780090 * ((cos(((0.213260084391 * x3) - ((-1.400889039040) * x2))) + (((0.266588270664 * x5) + ((-0.720412015915) * x1)) + sin((0.652539193630 * x5)))) / ((((0.178438276052 * x3) - ((-2.621330022812) * x2)) / ((0.271435350180 * x5) - (exp((((sin(((-3.062492609024) * x0)) / ((0.434294492006 * x6) ^ ((((0.271435350180 * x5) ^ ((cos((2.144452095032 * x5)) * cos(((-1.057659149170) * x1))) ^ 2)) - ((-1.567192077637) * x6)) * (((0.867009699345 * x6) / ((-0.504936337471) * x1)) ^ 2)))) + (0.434294492006 * ((-0.335184246302) * x4))) - sin(((-0.725941598415) * x6)))) / cos(((-0.504936337471) * x1))))) / (((0.241835713387 * x5) + (0.985969543457 * x6)) + sin((2.144452095032 * x5)))))))',5.410345992994995,5.410345077514648,73736894,9,3,384,7,32768,paper,6,0,1859786275,9.442835568696456,95.62836734693876
3600.1718538738787,'(12.130146980286 + ((-0.021980101243) * ((((((-0.018166588619) * x3) - ((-1.164115548134) * x5)) / sqrt(((((-0.083025947213) * x0) * cos((1.348029851913 * x3))) + (exp(exp(cos((1.682532310486 * x2)))) - ((-0.897009849548) * x2))))) * (sin((4.250548839569 * x6)) - ((-0.173293903470) * x5))) * (cos((0.590286195278 * x5)) - (sin((2.225065469742 * x5)) - ((-0.129556417465) * x5))))))',5.738964079728813,5.738977909088135,146620781,9,7,384,7,32768,paper,6,0,865305066,,50.27836734693877
3600.2262529805303,'(6.415035724640 + (0.960603952408 * (((((0.292291551828 * x5) ^ 2) - ((((1.442695021629 * x2) ^ 2) / ((cos(((-0.041854027659) * x4)) + (1.081494569778 * x6)) ^ sqrt(exp(exp(1.519450426102))))) + ((-0.259379625320) * x0))) / (((1.180431008339 * x1) / (((cos((0.292291551828 * x2)) + sin((0.144536674023 * x3))) ^ ((((-0.041854027659) * x4) * (1.187995553017 * x6)) ^ (((-0.041854027659) * x4) ^ (((2.005629301071 * x1) - ((((1.081494569778 * x6) ^ 2) ^ (((0.375634789467 * x0) + (1.102527618408 * x4)) + (0.292291551828 * x5))) ^ 2)) + exp((0.292291551828 * x2)))))) + ((-0.634986221790) * cos((0.293296456337 * x5))))) + (((-0.130830779672) * x3) + ((-1.549358844757) * x2)))) * ((cos((0.210233062506 * x5)) / sin((2.005629301071 * x1))) - ((0.227507695556 * x5) + sin((0.482539594173 * x5)))))))',,5.158014297485352,47676887,9,6,384,7,32768,paper,6,0,2995172877,9.191681282234173,60.70882653061225
3600.1437412686646,'(13.127299308777 + (0.622896194458 * (((cos(((-0.552951037884) * x5)) - (((-0.157804951072) * x5) + (sin(((-4.016318321228) * x5)) + sin((0.447252571583 * x5))))) * (((-0.009363672696) * x3) + ((1.123890519142 * x6) - ((-0.555527031422) * x5)))) * ((((0.559762001038 * x2) * (0.241015106440 * x3)) + (((-0.009363672696) * x3) * (0.249147623777 * x3))) ^ (-0.264491438866)))))',6.352478714820831,6.352478504180908,110152296,9,9,384,7,32768,paper,6,0,2261209995,6.481903521468433,57.220828402366855
3600.195839058608,'((-0.044448584318) + ((-43.439010620117) * (((sin(((-1.279108285904) * x5)) + sin(((-1.242715239525) * x3))) + ((((-0.434119135141) * x5) + sin((((-1.975725889206) * x3) ^ 2))) + sin((2.264394521713 * x5)))) * ((sin((0.444155782461 * x5)) + (exp(((sin((0.035809695721 * x5)) ^ (0.017088485882 * x4)) ^ (sin((0.285429537296 * x4)) + (0.071487948298 * x6)))) + ((-0.226518765092) * x5))) / ((((-0.184255242348) * x3) - (1.519678592682 * x2)) + (((-1.693057060242) * x5) - (0.394543409348 * x0)))))))',6.400322002125374,5.992291927337647,80797360,9,12,384,7,32768,paper,6,0,3269070126,2.4366949158056763,61.78745562130178
3600.219491314143,'(3.075647592545 + (22.657535552979 * ((((((-0.066792316735) * x5) ^ 2) - cos((0.584952235222 * x5))) + (sin((4.017971992493 * x5)) + sin(((-1.320038080215) * x5)))) / ((sin((0.934003770351 * x0)) - ((((-0.034763082862) * x6) + (sin(((sin((2.376986742020 * x1)) + 0.645744562149) ^ 2)) - exp(((((-2.063081264496) * x5) / ((-0.034763082862) * x6)) / (((-5.092463493347) * x2) - exp(sqrt((log((cos(((-0.294886261225) * x2)) ^ 2)) ^ 2)))))))) * ((-0.148946955800) * x5))) + ((((-0.861586451530) * x3) / ((-1.405664563179) * x5)) - (((-0.184744477272) * x2) * 0.205831214786))))))',5.558051798421843,5.558050632476807,92984740,9,8,384,7,32768,paper,6,0,404488628,,102.83325443786981
3600.214658819139,'(1.230786442757 + ((-310.958740234375) * ((sin(sin(((-0.446116834879) * x5))) + ((0.137629449368 * x5) + sin(((0.707106769085 * x1) ^ (1.866484999657 * x1))))) / ((sin((0.686611115932 * x2)) / cos((1.275526046753 * x5))) + ((((-0.411385118961) * x3) / (0.142418369651 * x5)) + (((-0.240502566099) * x5) + ((-0.318059295416) * x2)))))))',6.489242302662793,6.012456893920898,118048064,9,13,384,7,32768,paper,6,0,3081541439,10.684814836466428,39.60248520710059
3600.2141269668937,'(15.851830482483 + ((-0.325897932053) * (((((1.829625844955 * x6) * (log((0.161415696144 * x2)) * (0.393789976835 * x1))) / cos(((-0.451300859451) * x5))) - (((66.249488830566 * x6) + ((-1.384557843208) * x3)) + (((-0.981932938099) * x5) ^ 2))) / (((((0.795279622078 * x6) / ((0.875292181969 - (0.275298655033 * x1)) ^ 2)) + (2.706437110901 * x0)) - ((cos((1.431661963463 * x2)) / ((exp(((0.715176463127 * x1) - (1.829625844955 * x6))) + 0.236678600311) * (sin((1.156740784645 ^ 2)) ^ (((0.793555974960 * x4) / (-1.390980124474)) ^ 2)))) + ((-3.657065868378) * x5))) / ((2.957801103592 ^ 2) + cos(((-0.463083624840) * x5)))))))',5.474250854161902,5.474252223968506,90209923,9,11,384,7,32768,paper,6,0,3160032368,7.468895891944003,37.648639053254435
3600.167330313474,'(4.918825149536 + (0.644965171814 * ((((cos((4.020540714264 * x1)) + ((-0.364889800549) * x5)) + sin(((-0.568891942501) * x5))) ^ 2) / (((((-5.477315902710) * x5) + ((-0.658932626247) * x3)) / (((exp(sqrt((((sin((((2.224330902100 * x6) + 1.772453904152) - cos(log(log((0.220690429211 * x3)))))) ^ 2) ^ 2) ^ 2))) ^ 2) ^ 2) + ((-1.632925271988) * x5))) - (((-0.088684543967) * x2) + sin((2.224330902100 * x5)))))))',6.221631231726973,6.221630096435547,157475630,9,14,384,7,32768,paper,6,0,3376120482,7.837312820365785,52.635621301775146
3600.2141292765737,'(0.687621772289 + ((-697.465759277344) * ((sin(sin((0.405522733927 * x5))) + (cos(((-0.169006988406) * x4)) + (sin((sin((sin((1.190527439117 * x0)) - sin(((0.128147810698 * x5) * (1.452210187912 * x6))))) + ((0.101883634925 * x4) - ((-0.041426975280) * x5)))) + (0.133348405361 * x5)))) / ((((0.943999290466 * x0) / ((-0.041294246912) * x2)) - ((0.042790979147 * x3) - ((-1.122268319130) * x2))) - (sin((2.178308248520 * x5)) * (exp(exp(cos((((1.224444389343 * x0) - (((-1.131373047829) * x2) + (0.065586514771 * x3))) ^ cos(cos((0.405522733927 * x5))))))) * (0.101883634925 * x4)))))))',4.87105943127458,4.871062755584717,67009256,9,15,384,7,32768,paper,6,0,2204291346,19.87045432395068,65.60082840236686
3600.226636298001,'((-8.969651222229) + (377.373962402344 * ((log(log((0.221657320857 * x2))) + (exp((0.039542708546 * x5)) / sqrt((2.548010826111 * x2)))) / ((sqrt((0.284567922354 * x3)) + sin((0.608609855175 * x5))) + (sin(exp((((0.209706172347 - (1.405415892601 * x6)) + (((((1.414213538170 - (((((-0.744401037693) * x6) ^ 2) ^ 2) - (0.039542708546 * x5))) / ((log((0.370209276676 * x3)) - (((sin((0.284567922354 * x3)) ^ 2) / exp(sin((1.445870399475 * x2)))) ^ 2)) * (log((0.039542708546 * x5)) + cos(((-0.794361829758) * x2))))) + cos(((-2.070082426071) * x0))) ^ 2) ^ 0.209706172347)) * sin(sin((0.415327757597 * x3)))))) - sin((2.224465608597 * x5)))))))',5.629980419066059,5.629953861236572,75312757,9,10,384,7,32768,paper,6,0,4190266092,14.382068464979191,81.26520710059171
3600.208274114877,'(4.299432754517 + ((-3.241440296173) * (((((0.318309873343 * x3) / (2.350030660629 * x2)) - (((-0.128026783466) * x5) + cos((sin(cos(((((((0.457459807396 * x4) - (-1.170226693153)) - (0.285807609558 * x4)) ^ 2) - ((-0.381202518940) * x1)) ^ (sqrt(sqrt((0.693147182465 * x6))) * (0.128874599934 * x1))))) + cos(((-1.442248106003) * x2)))))) / (((0.979399621487 * x0) + (0.318309873343 * x3)) + (((((-0.902289509773) * x2) / (0.423317313194 ^ sin((1.441490888596 * x5)))) + ((-1.442248106003) * x2)) / ((sqrt((0.554500401020 * x6)) / cos((((-0.409621953964) * x1) - sqrt(0.371111541986)))) + (0.285807609558 * x4))))) * ((sin((2.302585124969 * x5)) + (0.350878626108 * x5)) * ((((-0.167291060090) * x5) + (-2.987564802170)) - cos((0.548126816750 * x5)))))))',5.474046086134275,5.474044799804688,66749943,9,18,384,7,32768,paper,6,0,1934392872,6.026286490122846,40.97751479289941
3600.2149470075965,'(4.889953136444 + (0.184753537178 * (((((-0.288593381643) * x5) + sin((0.524901628494 * x5))) + (sin(((-1.362571477890) * x5)) + sin(((-2.225012302399) * x5)))) / (((((-5.220602035522) * x5) - (1.282263278961 * x3)) - ((0.380830734968 * x2) * (0.530005514622 * x5))) / ((((-1.756740093231) * x3) / ((1.284778714180 * x6) ^ sqrt(sqrt((((sin(sin(((((-0.571125805378) * x5) - (1.895437240601 * x3)) / (0.707106769085 * x6)))) + (-1.147830843925)) ^ 2) ^ 2))))) + (((-2.172110795975) * x5) ^ 2))))))',6.191176628839411,6.191159725189209,93358937,9,16,384,7,32768,paper,6,0,550243861,6.214231451541806,59.17313609467456
3600.235750179738,'((-4.810509681702) + (88.875396728516 * ((cos(((0.346977382898 * x5) + ((-0.002577770967) * x2))) - log(((3.856001615524 * x3) / (cos(sin((cos(sin((0.906805932522 * x3))) + ((1.681561827660 * x1) - (1.787111639977 * x6))))) ^ 2)))) / ((cos((2.201673030853 * x5)) - ((1.611367940903 * x2) ^ 0.489377588034)) - (cos((0.356161236763 * x4)) + (((-0.466497659683) * x3) / ((-0.971084952354) * x5)))))))',5.990388747251807,5.9903740882873535,106437308,9,17,384,7,32768,paper,6,0,3606691181,4.366196579969672,53.85514792899409
3600.224748838693,'(3.155996322632 + ((-36039.851562500000) * (((cos((3.960262537003 * x5)) - exp((0.047554094344 * x5))) / (((0.827262639999 * x3) + (((sin((2.345273494720 * x0)) + ((exp((-0.299162328243)) / ((-0.158597782254) * x3)) / (cos((2.665148496628 * x1)) / (4.941787719727 * x5)))) ^ 2) ^ 2)) + ((4.323101997375 * x2) - ((-3.641021966934) * x0)))) / (exp(cos((6.869664669037 * x5))) - (((-0.251119494438) * x5) + cos((4.941787719727 * x5)))))))',6.241649355452587,6.241647243499756,133838270,9,19,384,7,32768,paper,6,0,2148995112,2.048566145623371,35.17100591715976
3600.203508205712,'(4.711759567261 + (0.897397816181 * (((exp((sin(((0.091033764184 * x4) / cos(((-1.030385017395) * x6)))) + (0.799214780331 * x6))) + ((0.587159693241 * x5) + ((-0.060906164348) * x2))) * ((((-0.477878212929) * x5) ^ 2) / ((exp(sqrt((log((log((cos(log((((sin(((-1.195628166199) * x3)) * (0.093401879072 * x4)) ^ 2) + log((exp((1.949742078781 * x6)) - ((-0.428403407335) * x6)))))) ^ 2)) ^ 2)) ^ 2))) / sin((0.355859428644 * x3))) - ((-0.993666946888) * x3)))) + (cos(((0.457462191582 * x5) ^ 2)) + cos(((0.429611831903 * x5) ^ 2))))))',5.451683875801646,5.451622009277344,102433682,9,21,384,7,32768,paper,6,0,784044718,,67.99668639053255
3600.2503536865115,'(3.134049654007 + ((-989.348754882812) * ((((1.056900382042 ^ (0.679884254932 * x5)) - ((cos(((-1.622336864471) * x0)) ^ 2) - (exp(cos((7.622975349426 * x1))) - cos((((-0.332004308701) * x5) - (((2.302585124969 * x0) / exp((exp(exp(sin(sqrt((0.480616450310 * x6))))) / exp((sin((1.991093397141 * x2)) - sin(((0.480616450310 * x6) / (1.397820711136 * x2)))))))) ^ 2)))))) - cos(((6.283185482025 * x5) ^ 2))) / ((((7.622975349426 * x1) * (0.434294492006 * x6)) * sin((2.291224241257 * x5))) - (((1.833995103836 * x2) - ((-0.243307590485) * x3)) - ((0.679884254932 * x5) / ((-0.880799055099) * x6)))))))',5.671351167388888,5.672004699707031,64193687,9,20,384,7,32768,paper,6,0,1592565386,4.803727253026849,57.465917159763315
3600.203974258154,'(1.971528649330 + (104.199996948242 * ((sin(((0.461350679398 * x5) + (-1.129535555840))) / ((-0.623879969120) * x2)) + ((((0.468032330275 * x5) + (((1.262124896049 * x6) * sin((1.688028335571 * x1))) / exp(sin((4.066298961639 * x5))))) / ((0.280935674906 * x3) + (4.756778717041 * x5))) * (((0.465164393187 * x5) + (exp(cos((1.439855456352 * x2))) - (0.582482933998 * x1))) / log((2.016825199127 * x2)))))))',5.922617305807044,5.922617435455322,134666114,9,22,384,7,32768,paper,6,0,3980425317,17.348593795926238,37.42946745562131
3600.2104310803115,'(2.403591632843 + (35.206909179688 * (((sin(((-1.321803331375) * x5)) + sin((exp(sin(((((0.652422428131 * x3) + ((-0.556993961334) * x2)) * sqrt(0.155335813761)) ^ (1.949067115784 / (1.390869379044 * x1))))) ^ 2))) + ((0.330099910498 * x5) + sin((4.019042491913 * x5)))) * ((sin((5.837490081787 * x5)) - ((-0.173564195633) * x5)) / ((((1.491221547127 - sin((1.414213538170 * x2))) * (log(((1.261206030846 * x6) ^ ((-0.141217768192) * x0))) + (1.366339564323 * x6))) + (1.318565964699 * x2)) - ((-0.166022956371) * x3))))))',6.17593926389065,6.175937175750732,118692824,9,24,384,7,32768,paper,6,0,2765379632,,48.59005917159763
3600.198225706816,'(0.873873054981 + (1595.871948242188 * (((cos((2.869543075562 * x5)) ^ 2) + (exp((0.016130087897 * x5)) ^ 2)) / ((sin((5.411515235901 * x1)) / cos(((-1.904664516449) * x5))) - ((((-1.273861646652) * x2) - (0.243654161692 * x3)) + (exp((exp(sqrt(exp(sin((3.889417648315 * x1))))) - (sin(((((3.415369033813 * x2) + (2.258240222931 * x3)) ^ 2) - ((-0.451669156551) * x5))) - cos((1.441104888916 * x2))))) + ((-1.486533641815) * x5)))))))',6.864672235051955,5.735197067260742,105653961,9,23,384,7,32768,paper,6,0,3356806661,9.730836486750237,61.70863905325443
3600.164240475744,'(4.553884983063 + (0.096085615456 * ((((((-0.500089824200) * x3) / (1.430185675621 * x6)) + ((0.804642498493 * x5) ^ 2)) + (((0.512993335724 * x3) / (7.902018070221 * x4)) ^ 2)) / (sin((((-0.699753940105) * x5) ^ 2)) + (((0.058905884624 * x2) - (((-0.841538369656) * x6) + (sin(exp((0.349385589361 - sin(((-1.002061843872) * x3))))) * sin((0.492793112993 * x5))))) + (((-0.471886515617) * x3) / ((-1.906622529030) * x5)))))))',5.872200005892961,5.872245788574219,137308673,9,26,384,7,32768,paper,6,0,3533734220,,53.533017751479285
3600.2189343199134,'((-0.477635473013) + ((-2774.617187500000) * (((sin(((-0.484407335520) * x5)) + ((-0.412579476833) * x5)) - (sin((1.442695021629 * x5)) + sin((2.063443660736 * x5)))) * (cos(cos((0.046156104654 * x5))) / (((3.768359661102 * x2) - ((-0.442459702492) * x3)) - (cos((((cos((1.325306057930 * x1)) * (0.580395162106 * x4)) - ((-11.811706542969) * x5)) / ((-0.334548979998) * x5))) * (sqrt((((0.662814795971 * x6) ^ 2) ^ ((-0.699171721935) * x4))) - ((-11.811706542969) * x5))))))))',5.699758739611231,5.6997599601745605,137075555,9,27,384,7,32768,paper,6,0,2342600226,,129.35147928994084
3600.270711168647,'(5.788700580597 + (0.104364797473 * ((((((-0.634272694588) * x5) ^ 2) + (exp((((sin(exp(((0.291957885027 * x6) ^ (0.318309873343 * x0)))) ^ 2) ^ sin((1.364688515663 * x5))) ^ log((((2.302585124969 * x4) + (1.580891847610 * x5)) + (((0.218259587884 * x0) ^ cos((3.141592741013 * x4))) ^ (((-0.056236229837) * x4) + cos((((-1.613849878311) * x5) * (0.004436042160 * x5))))))))) + ((-1.143514156342) * x0))) / (((1.650447249413 * x2) * (0.004436042160 * x5)) + (0.044105753303 * x3))) * ((sin((1.363595724106 * x5)) + cos(((((-0.634272694588) * x5) / (0.218259587884 * x0)) + ((0.264150440693 * x6) ^ ((-0.056236229837) * x4))))) + (cos(((-0.624833881855) * x5)) - (((-1.613849878311) * x5) + (1.442695021629 * x5)))))))',5.532632627569167,5.532634735107422,37577682,9,25,384,7,32768,paper,6,0,1728356533,8.530756972957601,45.5971597633136
3600.1315983720124,'((-0.850506126881) + ((-1.770723462105) * (((((1.724370598793 * x3) / (0.175578832626 * x4)) + ((1.239384889603 * x5) ^ 2)) - (sin(((-0.610312879086) * x5)) / (((-0.136446416378) * x2) / (2.426327943802 * x3)))) / ((exp((0.184064522386 * x4)) + (((-0.559811830521) * x0) + ((-2.198700904846) * x5))) - (((3.027845382690 * x3) / (0.733215272427 * x5)) * log((0.424896329641 * x2)))))))',6.89604582971491,6.896045207977295,142142391,9,29,384,7,32768,paper,6,0,1934709049,7.321993488547302,50.51928994082839
3600.1976497620344,'(1.563111066818 + ((-64.351943969727) * (((sin(((-0.396028310061) * x5)) - ((0.230992913246 * x5) + (log(((1.473531365395 * x6) ^ 2)) * cos(((1.023543357849 * x1) * log((1.677675366402 * x5))))))) / (((-2.273338556290) * x2) - ((2.029003858566 * x5) + (0.291514694691 * x3)))) * (sin(((1.442695021629 * x5) * (0.665320694447 * x5))) - (sin((1.445206403732 * x5)) + ((0.062227450311 * x5) ^ 2))))))',6.376386737600879,6.376377105712891,137890051,9,28,384,7,32768,paper,6,0,1904449481,2.108520614659423,39.72082840236687
3600.368014611304,'(15.049072265625 + (0.448593050241 * ((((((-4.255948543549) * x4) + ((((-0.523863852024) * x5) ^ 2) * 1.281703114510)) + (exp((((0.196988046169 * x6) + (cos((cos((0.844940543175 * x3)) ^ 2)) - cos(exp((0.874241113663 * x5))))) ^ 2)) + ((-0.470015317202) * x3))) * ((0.128576129675 * x5) + sin((1.743823051453 * x2)))) / ((1.442695021629 * x5) + (2.670301675797 * x2)))))',8.66557952835248,5.935217380523682,147975544,9,0,384,7,65536,paper,4,0,3324115916,9.413066044165594,44.4359693877551
3600.369922272861,'(1.685098171234 + ((-1.560335516930) * ((((-4.444723606110) * x5) / (((-0.099554657936) * x3) - (2.125129222870 * x4))) / (sin(log((cos((0.509284377098 * x5)) + exp((2.851179838181 / log((0.509284377098 * x4))))))) / (((cos(((-2.018177986145) * x5)) ^ 2) - (0.162616759539 * x5)) + cos(exp((((0.179387077689 * x5) / (6.352397918701 * x1)) * (0.856524586678 * x6)))))))))',6.459199527585075,6.45919942855835,140877207,9,1,384,7,65536,paper,4,0,2811363264,5.407422403211831,43.733112244897946
3600.335088629276,'(3.952729225159 + (484.870422363281 * ((0.884154617786 ^ ((-0.372294694185) * x5)) / ((1.493532299995 * x2) - ((((0.847341060638 * x0) / ((-1.967743635178) * x6)) + (((1.762100219727 * x4) / (cos(((-0.292532145977) * x5)) * log(((sin((0.847341060638 * x0)) * (-0.300297409296)) ^ 2)))) - (log((sin((0.909199476242 * x2)) ^ 2)) / log((0.328575968742 * x1))))) + ((-0.237655118108) * x3))))))',6.287343590187714,6.28734016418457,130585099,9,2,384,7,65536,paper,4,0,1884968544,15.14580868753582,65.46061224489797
3600.3690934740007,'(2.725412368774 + (5613.833984375000 * ((cos((sqrt((sin(exp(sin((0.693613469601 * x5)))) ^ (((1.656756639481 * x6) ^ (cos(((-0.290256828070) * x3)) ^ 2)) / ((((-0.052365168929) * x5) / sin(((-1.002688646317) * x5))) ^ 2)))) ^ 2)) / cos(log((1.048009276390 * x5)))) / (((-0.127413153648) * x3) + ((-1.345580101013) * x2)))))',6.211824822640724,6.211830139160156,106064565,9,3,384,7,65536,paper,4,0,1859786275,6.832361199413841,95.62836734693876
3600.313079148531,'(0.760908663273 + (22.293897628784 * (((((-0.388780742884) * x5) + cos(((-0.508191883564) * x5))) ^ 2) / ((2.302585124969 * x2) - ((((-0.302831828594) * x0) * ((0.740061163902 * x4) ^ ((exp((log((1.196957230568 * x4)) - (2.853025197983 * x6))) / (2.122582435608 * x6)) ^ 2))) - ((1.817691445351 * x5) + (0.155680716038 * x3)))))))',6.813162208361287,6.813162326812744,159397003,9,5,384,7,65536,paper,4,0,369133708,8.165535110436597,41.03678571428571
3600.4235056862235,'(10.705437660217 + ((-0.007056256756) * (((((0.979500472546 * x3) / sin((1.845891952515 * x5))) + ((((-1.162750840187) * x5) ^ 2) * ((-1.162750840187) * x5))) + (((0.142584398389 * x3) + (sqrt((log(((((1.924256443977 * x3) ^ 2) ^ 2) ^ sin((1.132071733475 * x5)))) - ((-0.500014722347) * x5))) / (sin(((-1.101075530052) * x1)) ^ 2))) ^ 2)) / ((1.017122149467 * x2) + (0.071515612304 * x3)))))',6.705678350209698,6.705678462982178,133822962,9,4,384,7,65536,paper,4,0,3687649985,5.04013471408595,47.259591836734685
3600.3501140661538,'(3.801990509033 + ((-1573.402832031250) * (exp((0.028797000647 * x5)) / (((1.701297879219 * x3) / ((-0.120358176529) * x5)) + ((((-0.460271447897) * x0) + sqrt(((2.531813383102 * x5) + (((((-3.919106960297) * x6) * ((-3.919106960297) * x6)) / log(((cos((((-3.736116170883) * x0) + ((-0.801807582378) * x4))) + 2.121274709702) ^ exp(((-0.877168297768) * x1))))) ^ cos(((-0.628486514091) * x5)))))) + ((-1.928318619728) * x2))))))',6.331381900892086,6.331326007843018,116278796,9,6,384,7,65536,paper,4,0,2995172877,7.255134764156092,60.70882653061225
3600.3851593993604,'(1.848264932632 + (1.485099911690 * ((((sin((0.606167852879 * x5)) + cos(exp(log(((cos(sin((0.418897032738 * x5))) / sin((0.113363347948 * x5))) ^ 2))))) + ((-0.360369801521) * x5)) ^ 2) / ((0.120610341430 * x2) - ((-0.014508869499) * x3)))))',6.581770891334631,6.581773281097412,205704191,9,7,384,7,65536,paper,4,0,865305066,,50.27836734693877
3600.375979743898,'(3.472666263580 + (62.609085083008 * (((((((-0.078457385302) * x4) / (sin((1.777174472809 * x6)) * exp(sin((0.125753372908 * x4))))) - sin(((-2.365449190140) * x3))) - ((-0.273029178381) * x5)) * (cos(((cos(((-0.507976353168) * x5)) + 2.683471679688) + log(cos(cos(((-0.613459408283) * x3)))))) - ((-0.104067489505) * x5))) / ((0.136250674725 * x3) - ((-1.229117751122) * x2)))))',6.089043204929884,6.08901834487915,179533635,9,8,384,7,65536,paper,4,0,404488628,,102.83325443786981
3600.3721493519843,'(14.036883354187 + (1.650634288788 * ((((0.414089113474 * x3) - ((cos((((-2.123718976974) * x5) + (sin(((-0.395461410284) * x4)) / ((((0.354962617159 * x1) - 1.802862644196) - (-0.692525565624)) + (((-0.738668799400) * x6) - 0.281393408775))))) - ((-0.589692354202) * x5)) ^ 2)) / ((((-0.891511976719) * x2) + ((-0.229595810175) * x0)) + ((-0.428049117327) * x5))) - sin((0.443704813719 * x5)))))',6.098001007568155,6.088770389556885,187761246,9,10,384,7,65536,paper,4,0,4190266092,14.259401697144845,81.26520710059171
3600.393229816109,'(118.277389526367 + ((-116.676261901855) * exp((((sin(((-0.528713226318) * x5)) - ((-0.300872564316) * x5)) ^ 2) / (((0.147721856833 * x3) + (3.134159803391 * x2)) / log(sin(sin(exp((((-0.167352139950) * x0) / ((((-2.406969547272) * x6) * (5.575216770172 * x2)) - ((1.321043610573 * x0) - (0.335150063038 * x3)))))))))))))',6.863227548933298,6.863229274749756,174277015,9,9,384,7,65536,paper,4,0,2261209995,5.513782048037549,57.220828402366855
3600.3711859323084,'(5.321211338043 + (41259.050781250000 * (((sin(((0.114895440638 * x5) + (1.591235160828 * x3))) - (sqrt(sqrt((1.164258837700 * x5))) ^ (0.039089225233 * x5))) / ((0.905641019344 * x5) + (((0.146426156163 * x0) - (exp(cos((0.709238588810 * x5))) ^ log((1.631885290146 * x4)))) / 2.977075815201))) / (((-0.255504161119) * x3) + ((-1.886716127396) * x2)))))',6.78465588233342,6.784687519073486,101944841,9,12,384,7,65536,paper,4,0,3269070126,2.59392821602246,61.78745562130178
3600.357921551913,'((-1.719285368919) + ((-3.005820512772) * ((((-1.590484499931) * x5) / (sqrt((0.395939677954 * x2)) - (sin(((-0.529482960701) * x5)) + (((-0.346916198730) * x3) / (1.421743869781 * x5))))) - ((0.456469237804 * x3) / ((((((-0.580331623554) * x1) / (0.094292573631 * x6)) ^ 2) - (1.420022726059 * x5)) ^ 2)))))',6.4530446037838525,6.453043460845947,197291901,9,15,384,7,65536,paper,4,0,2204291346,16.438448729970965,65.60082840236686
3600.3390172943477,'(3.632127761841 + (118.777313232422 * (((0.145322680473 * x5) - cos((0.508677005768 * x5))) / (((2.281073570251 * x2) + (0.184998631477 * x3)) / (cos((sin(((((1.093998551369 * x1) ^ 2) + ((-0.711136519909) * x2)) - exp(cos((log((2.257764816284 * x5)) + (cos((0.145322680473 * x2)) - (0.767423868179 * x2))))))) + (2.542472124100 * x6))) + (0.145322680473 * x5))))))',6.115335938816958,6.115337371826172,203007500,9,16,384,7,65536,paper,4,0,550243861,8.44650607981649,59.17313609467456
3600.439794037491,'(14.410798072815 + (0.006252723746 * ((((43.272964477539 * x2) ^ sqrt(log(exp(sin((cos(log(sqrt((0.318309873343 * x6)))) * 0.111522026360)))))) * ((0.409743666649 * x3) - ((0.559786498547 * x5) ^ 2))) * ((((-0.128533720970) * x5) + sin(((-0.651001334190) * x5))) / ((3.030738830566 * x6) - ((-0.651001334190) * x2))))))',6.893673950235577,6.89367151260376,119863517,9,14,384,7,65536,paper,4,0,3376120482,7.354325870450889,52.635621301775146
3600.3986485973,'(2.346358537674 + (5.770007610321 * ((((0.456039518118 * x5) + (sin(((0.027289450169 * x5) + ((0.545353531837 * x5) * (0.898277640343 * x5)))) - cos((4.054492950439 * x1)))) ^ 2) * ((((0.233686000109 * x5) - cos((sin((6.070320129395 * x5)) * ((-1.408975839615) * x6)))) / log((0.985484719276 * x2))) / ((0.287592977285 * x3) + (6.476403713226 * x5))))))',6.284873543433071,6.2848801612854,157635742,9,17,384,7,65536,paper,4,0,3606691181,4.646359313109168,53.85514792899409
3600.4663601256907,'(2.285894155502 + (206.719421386719 * ((((0.148497685790 * x5) - ((cos(((0.064836144447 * x3) - ((-2.122896194458) * x5))) ^ 2) ^ 2)) / (((0.693147182465 * x3) - (cos(((-1.382634758949) * x5)) * ((-1.151743054390) * x2))) + (4.770467758179 * x2))) * exp(sqrt(((0.132766604424 * x5) - (cos(cos(((-0.272795557976) * x5))) ^ 2)))))))',6.7263360746936245,6.726333618164063,154996908,9,11,384,7,65536,paper,4,0,3160032368,5.306433514053645,37.648639053254435
3600.4257602728903,'(13.656875610352 + (0.876775503159 * (((0.930337309837 * x3) - (((((sin((1.442695021629 * x5)) + (0.316747903824 * x5)) + cos(((0.316747903824 * x5) / 0.681695044041))) ^ 2) ^ 0.588479220867) * (1.400690436363 * x5))) / (((-0.676631987095) * x2) - ((0.585231006145 * x0) + ((exp(((-0.089144900441) * x1)) / (((-0.089144900441) * x1) ^ 2)) ^ 2))))))',6.391022835763365,6.391022205352783,143156117,9,13,384,7,65536,paper,4,0,3081541439,7.17236412644891,39.60248520710059
3600.352615363896,'((-3.162871360779) + (3593.486083984375 * ((sin(((-0.445454269648) * x5)) + ((0.019583262503 * x5) * (0.115384981036 * x5))) / (((((4.140286445618 * x6) / (sin(sin((log((0.655864775181 * x4)) ^ log((0.393229246140 * x6))))) ^ 2)) - ((-0.132681995630) * x2)) * ((0.360511153936 * x5) - (cos(cos((2.060141801834 * x5))) * (0.439317673445 * x4)))) - ((-0.361450910568) * x3)))))',6.626747100018002,6.626748561859131,156559657,9,19,384,7,65536,paper,4,0,2148995112,3.630764544846421,35.17100591715976
3600.491439756006,'(3.252815008163 + ((-0.014853942208) * ((((exp(exp((sin(((-0.334075838327) * x5)) ^ 2))) * sin(((((-0.972955822945) * x5) * ((-0.347373932600) * x5)) ^ 2))) - (2.665538072586 * x5)) ^ 2) * (((cos((2.570432186127 * x6)) - ((-0.297022998333) * x5)) - cos((((1.276199221611 * x4) * ((-1.842916488647) * x3)) / sqrt(1.181728839874)))) / (((-1.878881931305) * x2) - (0.192432820797 * x3))))))',6.429603769304403,6.358650207519531,133531541,9,18,384,7,65536,paper,4,0,1934392872,8.400269734755586,40.97751479289941
3600.318406306207,'(3.806864738464 + (1646.065551757812 * ((0.183503195643 ^ ((-0.017919257283) * x5)) / (((((sin(((1.477381467819 * x5) / exp(((-0.421698331833) * x5)))) * (2.581377744675 * x4)) - (2.150935173035 * x4)) * (sin((2.267705917358 * x5)) * ((-0.435256063938) * x1))) + (0.205164134502 * x3)) + ((0.596290588379 * x0) - ((-2.156910419464) * x2))))))',8.031466886471295,6.625654220581055,122104165,9,25,384,7,65536,paper,4,0,1728356533,15.822606865869812,45.5971597633136
3600.4398775547743,'((-2.060009717941) + ((-11.069731712341) * (((cos(((1.416268944740 * x5) ^ (0.113661289215 * x5))) - ((cos(((-2.233535528183) * x1)) - (0.318309873343 * x1)) + ((-0.723683297634) * x5))) ^ 2) / (exp((exp((0.314274907112 ^ exp((1.181362748146 * x6)))) ^ 2)) * (((((-2.040272712708) * x4) * cos((0.509726047516 * x5))) - (1.569632053375 * x5)) + (((-0.878484129906) * x2) - (0.112232230604 * x3)))))))',7.799393766253504,6.445346832275391,103807037,9,20,384,7,65536,paper,4,0,1592565386,6.752468486502717,57.465917159763315
3600.4028811082244,'(5.699234485626 + (9.692654609680 * (((((((0.240098476410 * x1) ^ ((-1.514324426651) * x6)) + ((0.318309873343 * x1) / sin((0.668644070625 * x6)))) - (0.167517155409 * x5)) * exp(cos((sin(((-0.906402826309) * x2)) / 2.718281745911)))) + sin(((-2.306473970413) * x5))) / (cos((0.550069034100 * x5)) + (((4.704142093658 * x2) - ((-0.610531985760) * x3)) / ((-1.986031293869) * x5))))))',6.1182969906989255,6.118297100067139,135839314,9,21,384,7,65536,paper,4,0,784044718,,67.99668639053255
3600.34424559772,'(1.637122392654 + (0.117847241461 * ((((cos(((-0.056252814829) * x3)) + (cos(((-1.317448139191) * x1)) * ((sin(((-2.489665985107) * x6)) / sqrt(exp(((-0.107145912945) * x4)))) ^ 2))) + (0.670278549194 * x5)) ^ 2) / ((((0.355135738850 * x3) - ((-2.540321111679) * x5)) / (1.071023941040 * x5)) + cos(((-0.411931961775) / cos(((-0.333478331566) * x5))))))))',6.220455996114317,6.220455169677734,168658527,9,24,384,7,65536,paper,4,0,2765379632,2.8987695358005827,48.59005917159763
3600.44238563627,'(1.806156873703 + (58.132530212402 * (((0.218340337276 * x5) ^ 2) / (((exp(sqrt(sin(((sin((((sin(((-0.170197576284) * x4)) * ((-0.375545173883) * x6)) ^ 2) - ((-1.626327514648) * x1))) ^ 2) / (((log(((0.016911702231 * x4) ^ 2)) - cos((1.853667140007 * x5))) ^ 2) ^ 2))))) ^ sin((0.446625828743 * x5))) * (0.238103270531 * x3)) - ((-0.981343150139) * x2)))))',6.155907095429388,6.155906677246094,119074217,9,23,384,7,65536,paper,4,0,3356806661,8.158220419265424,61.70863905325443
3600.5104155503213,'((-0.140831470490) + (14522.039062500000 * (exp(cos(sin(((cos(((-0.512675821781) * x5)) / ((sin(((-0.335265100002) * x4)) + exp((((1.213269591331 * x6) ^ ((-0.272703707218) * x1)) + exp(((-0.248361364007) * x1))))) ^ 2)) - sqrt((1.742846846581 * x5)))))) / ((((0.318309873343 * x3) + (1.899775266647 * x5)) - ((-0.414718151093) * x0)) + (1.414213538170 * x2)))))',6.442503831621657,6.4425048828125,167520061,9,22,384,7,65536,paper,4,0,3980425317,7.273404949896369,37.42946745562131
3600.374708719552,'(4.187558174133 + (52.156200408936 * (((sin((0.529543995857 * x5)) + (sin(exp(((0.276225715876 * x2) ^ (cos(((-1.298852801323) * x1)) - exp(((0.403425186872 * x2) * ((-0.444695502520) / (0.154171064496 * x0)))))))) - (0.262232720852 * x5))) ^ 2) / ((0.214852452278 * x3) + (4.950661659241 * x2)))))',6.678051878608191,6.678043365478516,240526452,9,26,384,7,65536,paper,4,0,3533734220,,53.533017751479285
3600.429421659559,'(3.066011190414 + (32.294689178467 * ((((0.487440079451 * x5) - sqrt((sin(sqrt((((((0.548683583736 * x6) - (0.367489427328 * x4)) / 2.526807069778) ^ 2) * (0.447791606188 * x6)))) * (1.182528972626 * x2)))) * (sin((0.487440079451 * x5)) + (0.177474379539 * x5))) / ((((0.302164882421 * x0) + (1.722775816917 * x5)) - (cos((4.079528808594 * x5)) * (1.364996314049 * x4))) + (0.144227042794 * x3)))))',6.060534993634781,6.060535430908203,155709498,9,27,384,7,65536,paper,4,0,2342600226,,129.35147928994084
3600.4019006192684,'(2.775524854660 + ((-446.182067871094) * (exp((0.038803178817 * x5)) / (((-0.155305653811) * x3) - ((cos((1.419309735298 * x5)) * (((-4.301494598389) * x6) - ((((-0.195058628917) * x0) - ((-0.669425427914) * x2)) - ((0.274105817080 * x5) / exp(cos((0.705322504044 * x5))))))) + ((((0.037384413183 * x5) ^ (0.243800878525 * x4)) / ((-2.395552396774) * x1)) / cos(((-1.548188090324) * x1))))))))',6.289008605472127,6.289007663726807,127018720,9,28,384,7,65536,paper,4,0,1904449481,2.7736865416631327,39.72082840236687
3600.383878555149,'(12.379528999329 + (0.013741514646 * (((sin((1.403190135956 * x5)) - (((0.979896724224 * x5) - sqrt((1.072765707970 * x3))) + ((cos(((-0.547618210316) * x5)) - sqrt(exp(((sin(log((3.924911737442 * x4))) + cos(log((0.819333434105 * x4)))) ^ 2)))) / sqrt((sin(((-0.727259814739) * x6)) ^ 2))))) - (0.838953554630 * x4)) ^ 2)))',6.587621327016578,6.587621212005615,198169888,9,29,384,7,65536,paper,4,0,1934709049,7.858940789815938,50.51928994082839
3600.308379683644,'(13.564207077026 + (0.089073002338 * (((((0.185525521636 * x3) / (2.960064172745 * x6)) + (0.316917747259 * x3)) - (((1.569718480110 * x5) - (1.014461398125 * x5)) ^ 2)) / (sin(((0.479643404484 * x5) - (cos(((-2.639258384705) * x5)) + ((((0.728512525558 * x2) ^ (-1.237304329872)) ^ (0.323595881462 * x1)) * ((-1.716185569763) * x0))))) - (sqrt((0.508566915989 * x2)) + cos(((-4.250723838806) * x1)))))))',6.379516094521279,6.379512786865234,134509250,9,1,384,7,65536,paper,6,0,2811363264,6.130015407419096,43.733112244897946
3600.3513817824423,'(13.798304557800 + (9.784160614014 * (((((0.757912814617 * x5) - log((sin(cos((0.298524647951 * (1.873397707939 * x2)))) ^ 2))) - cos((2.174221038818 * x1))) - (sqrt((0.728129506111 * x3)) - cos(((-2.207311630249) * x5)))) / ((((2.790154218674 * x2) ^ 0.485197514296) - cos((0.944035887718 * x3))) + (cos(((-0.508595049381) * x5)) + cos(((-0.508595049381) * x5)))))))',5.715745994129225,5.71575927734375,101399061,9,0,384,7,65536,paper,6,0,3324115916,8.289323491440607,44.4359693877551
3600.326370302588,'(1.091636061668 + ((-13.367332458496) * ((((0.557746708393 * x5) + sin(((-0.527161002159) * x5))) ^ 2) / (((2.324366807938 * x6) / cos(((-0.452585369349) * x5))) - ((exp(((((-1.691250562668) / ((-0.561352729797) * x1)) ^ (7.343899250031 * x6)) - (log((1.318778038025 * x2)) * (-1.042211413383)))) + (0.205330520868 * x3)) - (((-1.125937581062) * x0) - (2.302585124969 * x5)))))))',6.2106657771716245,6.210666656494141,161841917,9,3,384,7,65536,paper,6,0,1859786275,7.566203619842509,95.62836734693876
3600.325122218579,'(9.962350845337 + ((-0.504617393017) * (((1.693207859993 * x6) * sin(((0.409457057714 * x5) ^ 2))) - (((((0.466633737087 * x3) ^ log(1.685058593750)) + ((-0.992637515068) * x5)) / log(((0.158347338438 * x5) * (0.546149015427 * x2)))) ^ 2))))',6.811290078947224,6.811295986175537,146048422,9,6,384,7,65536,paper,6,0,2995172877,7.933055172566911,60.70882653061225
3600.3986563533545,'((-0.042666811496) + ((-14.653495788574) * ((((((-0.387625277042) * x5) - ((cos(exp((2.096236228943 * x4))) - cos((4.089021205902 * x1))) + (0.469292879105 * x6))) - cos(((-2.125637769699) * x5))) * ((((-0.106592066586) * x5) + (-3.446065425873)) + cos(((-0.426040470600) * x5)))) / ((sin((0.557922124863 * x2)) / sin(((-0.982494175434) * x2))) + ((((-0.047529947013) * x3) + ((-0.691293835640) * x5)) + (((6.283185482025 * x6) ^ cos(exp(cos(((3.832124471664 * x3) * ((-2.109624862671) * x1)))))) + ((-0.416283071041) * x2)))))))',5.945146946190124,5.508520603179932,81138965,9,4,384,7,65536,paper,6,0,3687649985,4.997612539994941,47.259591836734685
3600.390366461128,'(11.605383872986 + (0.000235962449 * (((sin(((-0.609718561172) * x5)) + sin((1.360606908798 * x5))) + (sin((2.224618673325 * x5)) + ((0.218297943473 * x5) - (exp(0.208610296249) ^ (0.092724815011 ^ sin((1.675456047058 * x1))))))) * (((1.604897856712 * x3) ^ (((-1.618141770363) * x5) / ((-2.866872787476) * x2))) + ((((-0.018105749041) * x3) - ((-1.406277060509) * x5)) ^ 2)))))',5.811103683625461,5.811103343963623,73841373,9,7,384,7,65536,paper,6,0,865305066,,50.27836734693877
3600.454979866743,'(1.781718015671 + ((-1685.097412109375) * ((cos((((-0.142286121845) * x4) + ((-0.130009293556) * x5))) - (cos(((-0.387928545475) * x5)) - (((6.612644672394 * x4) / (((sqrt(((((-0.279994964600) * x2) / (0.222284987569 * x0)) ^ 2)) ^ (cos(((-0.184608623385) * x3)) - ((-0.123914517462) * x1))) * (1.414213538170 * x2)) * (2.302585124969 * x6))) + ((-0.130009293556) * x5)))) / ((cos((2.242341756821 * x5)) * ((3.361021995544 * x4) + ((-0.388435661793) * x5))) + (((0.141042187810 * x3) + (3.141592741013 * x2)) + (cos((2.302585124969 * x5)) / cos((1.495770454407 * x3))))))))',5.724179885742479,5.720999240875244,101453603,9,5,384,7,65536,paper,6,0,369133708,7.906913535331201,41.03678571428571
3600.5813732482493,'(9.116106033325 + (0.000196800800 * (((sin((1.443909406662 * x5)) * (0.590494453907 * x6)) + (((0.019197134301 * x3) - ((-1.271959424019) * x5)) / ((sin(exp(cos(((((cos(((1.498720049858 * x5) ^ ((-1.161417484283) * x4))) ^ (1.498720049858 * x5)) ^ ((((0.219716727734 * x2) * (1.498720049858 * x5)) ^ ((-1.161417484283) * x4)) + (2.092744350433 * x5))) + (cos(sin((2.092744350433 * x5))) - ((cos((0.666759729385 * x2)) * (-0.466964006424)) - (sqrt((1.261308908463 * x3)) - 0.900350630283)))) * exp((log(exp((0.770309925079 / ((-1.548635363579) * x1)))) + sin(sin((0.750090897083 * x1))))))))) ^ 2) + sqrt((0.666759729385 * x2))))) * (((((-0.028844168410) * x0) * (2.560396194458 * x6)) ^ 2) + (((1.498720049858 * x5) - (0.019197134301 * x3)) ^ 2)))))',6.31009752948302,6.310099124908447,155522647,9,2,384,7,65536,paper,6,0,1884968544,6.921869030544896,65.46061224489797
3600.43941603601,'((-2.036030054092) + (1129.983154296875 * ((((((cos(((0.318309873343 * x5) ^ 2)) / ((-0.030940052122) * x3)) / ((0.693147182465 / ((-3.322141170502) * x0)) * 0.453498452902)) + (1.344620943069 * x2)) / sqrt((1.232156515121 * x0))) + ((((-0.030940052122) * x3) - cos(((2.009029626846 * x0) / (0.318309873343 * x2)))) + sqrt((1.972504019737 * x0)))) / (((sqrt(log(((1.364125490189 * x6) ^ (0.223582744598 * x0)))) ^ 2) / sin((0.453498452902 - (0.990221738815 * x5)))) - ((((1.395915865898 * x3) / (0.990221738815 * x5)) + cos(((-0.673648834229) * x5))) ^ 2)))))',6.279055570920622,6.279061794281006,87974374,9,8,384,7,65536,paper,6,0,404488628,,102.83325443786981
3600.387813895941,'(51.291225433350 + (13.020164489746 * (((exp((0.067913472652 * x5)) - ((0.227960810065 * x0) + (3.866025209427 * x4))) / (((0.468060463667 * x0) / exp((((sin((1.442695021629 * x3)) / (sin((3.011000156403 * x2)) - log(0.277030050755))) + (0.869611859322 * x6)) - sin((4.602277278900 * x4))))) + (((-3.593807935715) * x4) + (3.235923528671 * x2)))) - log((sin(((-1.443569064140) * x5)) + (((-0.708943486214) * x3) / ((-2.263862133026) * x5)))))))',5.912102169243287,5.912109375,128628102,9,9,384,7,65536,paper,6,0,2261209995,5.841535959464353,57.220828402366855
3600.4113209992647,'((-2.267968177795) + ((-14.450540542603) * (((sin((0.526317596436 * x5)) - (0.464992374182 * x5)) ^ 2) / (((((sin((((0.096549272537 * x5) ^ 2) * (0.222047820687 * x2))) / exp(sin((0.449478626251 * x5)))) + (sin((2.226757049561 * x5)) - cos((2.205571413040 * x1)))) * (1.182582974434 * x4)) + ((-2.048747062683) * x5)) - ((((2.351522922516 * x4) + (0.349248081446 * x2)) / cos(cos(((-0.659027934074) * x6)))) + ((0.135150015354 * x3) + (1.015478849411 * x2)))))))',5.2463329551451165,5.246338367462158,118828255,9,10,384,7,65536,paper,6,0,4190266092,12.65922818198401,81.26520710059171
3600.339978713542,'(4.460735797882 + ((-411.038940429688) * ((sqrt((0.441968917847 ^ ((-0.095675945282) * x5))) - (sin((0.608219385147 * x5)) + cos((1.467742204666 * x5)))) / ((sin((0.687902450562 * x2)) / sin(((-0.156789183617) * x5))) + (((-0.842966437340) * x2) + (((-0.100341692567) * x3) - (0.504817783833 * x0)))))))',6.073064945958442,6.073064804077148,116231779,9,13,384,7,65536,paper,6,0,3081541439,12.601066863143995,39.60248520710059
3600.478367552161,'(5.696612834930 + (0.079676248133 * (((cos((2.302585124969 * x1)) + ((sqrt((((4.091990947723 * x5) / (((0.332226216793 * x1) ^ 2) ^ (0.276624202728 * x2))) ^ cos((((-0.393552362919) * x6) ^ 2)))) ^ 2) - (0.198627024889 * x5))) + (cos((2.162566900253 * x5)) + cos(((-0.589429140091) * x5)))) * ((cos((0.056226633489 * x3)) - (((-0.800561666489) * x6) - (0.294667422771 * x5))) * (((cos((log(((0.894556939602 * x0) + ((4.316561698914 * x1) / (0.198627024889 * x5)))) * ((-1.572182178497) * x5))) * (((-0.233251228929) * x4) ^ 2)) - ((-4.147778987885) * x5)) / (((-0.149407699704) * x3) - (1.226494312286 * x2)))))))',5.818135839824268,5.818138122558594,75407002,9,11,384,7,65536,paper,6,0,3160032368,4.473340783463323,37.648639053254435
3600.4416340850294,'((-0.040215745568) + (0.144763886929 * ((((((-2.019111156464) * x5) ^ 2) + ((((1.540880441666 * x3) + ((-4.018879413605) * x5)) - (10.478908538818 * x2)) / ((-0.945132732391) * x6))) / log((exp((cos(((-0.328688800335) * x1)) / (0.399633407593 / (1.632627725601 * x6)))) + (1.591506958008 * x2)))) / ((sin((0.608768045902 * x5)) + sin((7.704626560211 * x2))) + (sin(((-4.018879413605) * x5)) + sqrt((0.242718085647 * x3)))))))',6.265892452871206,6.265890121459961,133929575,9,12,384,7,65536,paper,6,0,3269070126,4.049712176549677,61.78745562130178
3600.3665875680745,'(4.420637607574 + (0.440752178431 * (((sin((2.530146598816 * x1)) - ((sin((2.224867582321 * x5)) * 0.419318467379) - ((-0.138271421194) * x5))) * ((((-0.546889126301) * x3) / (1.067165851593 * x2)) - (0.614877939224 * x5))) / (sin(((0.298091411591 * x4) - ((-0.114348195493) * x5))) + (sin((0.611129403114 * x5)) + (((-0.548013567924) * x3) / ((-1.316369295120) * x5)))))))',6.219790378112468,6.219789981842041,145524528,9,17,384,7,65536,paper,6,0,3606691181,5.66011434790113,53.85514792899409
3600.4335988350213,'(1.925039529800 + (19.590883255005 * (((cos((2.284068346024 * x5)) + cos(((-1.343410730362) * x5))) + (((0.336912840605 * x5) + sqrt(((0.336912840605 * x5) * exp((sin((3.430453538895 * x1)) * ((0.359842747450 * x6) - cos((0.343603700399 * x4)))))))) + cos((0.387739539146 * x5)))) / ((((1.035775661469 * x5) + (1.959053516388 * x2)) + ((0.096884503961 * x3) - ((-0.599199414253) * x0))) / ((0.289496421814 * x5) + cos((0.545891284943 * x5)))))))',5.464149549207632,5.464148998260498,114667738,9,15,384,7,65536,paper,6,0,2204291346,21.58533747608203,65.60082840236686
3600.385852992534,'(3.018262863159 + ((-5.271227836609) * ((((sin((sqrt((0.401692390442 * x0)) + (0.271085560322 * x4))) + ((-0.246248811483) * x5)) + sin(((-0.482681661844) * x5))) / (log((19.189712524414 * x0)) + (((-0.174878969789) * x3) / ((-0.457614034414) * x5)))) / (log((0.551428318024 * x2)) / (((cos(((6.266296386719 * x6) / cos(((1.273187160492 * x3) * cos(sin((sqrt((0.273404061794 * x4)) + cos(cos((0.953933119774 * x5)))))))))) ^ 2) - ((-0.221644073725) * x5)) + cos(((-1.422631740570) * x5)))))))',6.303119957397428,6.250827312469482,111209438,9,18,384,7,65536,paper,6,0,1934392872,5.9364270867931435,40.97751479289941
3600.448414951563,'(13.035540580750 + (0.001630919636 * ((((0.044330976903 * x5) + cos(((-1.320305585861) * x1))) * ((((-0.676790177822) * x5) ^ 2) + ((0.228067368269 * x3) / ((-1.530791521072) * x6)))) * ((cos(((-1.422550201416) * x5)) + ((0.385696321726 * x5) + ((-0.006069375202) * x3))) / log(((((-1.422550201416) * x5) * (log(((sqrt(sqrt(exp(((((-8.628581047058) * x6) + ((-0.676790177822) * x5)) + (sin((0.401848018169 * x5)) * ((-1.504195928574) * x5)))))) ^ 2) + ((sin((log((((-0.226383388042) * x3) * ((-3.248555421829) * x3))) - ((-1.422550201416) * x5))) / ((-1.485747218132) * x1)) ^ 2))) - ((0.385696321726 * x5) + ((-0.820327639580) * x2)))) ^ 2))))))',5.8517035583144255,5.851693630218506,136799858,9,14,384,7,65536,paper,6,0,3376120482,7.001618688777133,52.635621301775146
3600.470509968698,'(11.334243774414 + (0.009267535992 * (((((2.098569393158 * x3) - (exp(sqrt(log((10.869267463684 * x6)))) ^ (exp(exp((sin((3.840903520584 * x0)) * (-0.215270504355)))) + sin(((-2.184502124786) * x5))))) - ((1.307006716728 * x5) ^ 2)) / (cos((0.550431072712 * x5)) - sqrt((0.372121453285 * x2)))) + (((((-0.903880000114) * x3) / ((-1.116024851799) * x6)) - ((1.307006716728 * x5) ^ 2)) / (((0.243784949183 * x1) ^ ((-0.384679019451) * x5)) - sqrt((1.705858588219 * x0)))))))',5.841020535066993,5.841020107269287,98709295,9,16,384,7,65536,paper,6,0,550243861,6.995463636635348,59.17313609467456
3600.46391826123,'(4.174497604370 + (42.495166778564 * ((((((-0.090137936175) * x5) ^ 2) ^ 2) - (((-0.084361635149) - ((-0.334564626217) * x1)) ^ ((-1.015391588211) * x5))) / ((((((-0.761222362518) * x3) + ((2.302585124969 * x2) * (0.736198663712 * x1))) - (sin(((-0.610283792019) * x5)) * (0.124661363661 * x3))) + ((0.818740904331 * x0) - ((-11.728823661804) * x5))) + (((((-0.166151404381) * x5) * ((-0.166151404381) * x3)) + (((-0.166151404381) * x3) - (17.808809280396 * x4))) + ((18.027282714844 * x4) / (exp((log(sqrt(sin((sin(sqrt(sqrt(((((0.124661363661 * x3) + ((18.027282714844 * x4) + ((-0.610283792019) * x5))) ^ 2) ^ (0.818740904331 * x6))))) ^ 2)))) ^ 2)) - (((0.818740904331 * x6) ^ 2) ^ 2))))))))',6.412634099605593,6.412634372711182,82430523,9,19,384,7,65536,paper,6,0,2148995112,4.182347900371384,35.17100591715976
3600.2902288623154,'(2.641235351562 + ((-18.726848602295) * ((((((-0.063338719308) * x5) ^ 2) - sin(sqrt((0.117044456303 * x3)))) / (sin((1.401679158211 * x5)) - (((-0.853917658329) * x3) / (1.401789188385 * x5)))) / cos((((1.094875216484 * x6) ^ ((-0.071338325739) * x0)) - log((1.965435743332 * x4)))))))',6.4372928351491225,6.437291622161865,118564532,9,23,384,7,65536,paper,6,0,3356806661,6.708179152960593,61.70863905325443
3600.4381906725466,'(3.381276130676 + (1153.376953125000 * ((((1.056900382042 ^ (0.707106769085 * x5)) + sin((1.277108430862 * x5))) - (sin(((-0.731400728226) * x5)) + sin((2.522393465042 * x1)))) / ((((0.566376566887 * x0) + (1.772453904152 * x5)) + ((0.318309873343 * x3) - ((-0.765087246895) * x2))) + (((0.188063263893 * x3) - ((((-1.920121550560) * x4) + (sin(((0.762361288071 * x2) - (0.693147182465 * x5))) / (((sin((0.581412911415 * x1)) ^ 2) / (-0.757625281811)) / (4.373817920685 * x0)))) - (((((-1.508512020111) * x2) ^ 2) + ((exp((2.550950050354 * x1)) / (0.627354502678 * x2)) * sin((3.431542873383 * x0)))) / (((0.188063263893 * x3) / 0.902699410915) - (((-1.168609023094) * x4) ^ 2))))) / ((0.774045467377 * x5) + ((-1.335433721542) * x2)))))))',5.479484671428348,5.479456424713135,68307311,9,20,384,7,65536,paper,6,0,1592565386,10.361021359108266,57.465917159763315
3600.459006883204,'(2.810012578964 + (6.391572475433 * ((((1.217400193214 ^ (0.178683325648 * x5)) + (0.122764244676 * x5)) - (cos((1.382367730141 * x5)) + cos(((-0.669723331928) * x5)))) / (cos((((-5.792935371399) * x1) ^ 2)) + ((((-0.463130474091) * x3) / ((-2.846529960632) * x5)) + sqrt(log((cos(sqrt(((1.882013201714 * x6) + (0.734674274921 * x4)))) / (0.318309873343 / ((sin(((-1.983784675598) * x5)) + (log((exp((cos(((-2.398798227310) * x5)) * cos(((-0.463130474091) * x3)))) / (0.472619235516 * x4))) ^ 2)) * ((0.434294492006 * x5) + ((-0.739557087421) * x2))))))))))))',5.610454658594432,5.61044454574585,98193370,9,22,384,7,65536,paper,6,0,3980425317,,37.42946745562131
3600.3678930588067,'(0.787499248981 + (46.090980529785 * (((sin(((-2.183931350708) * x5)) + (0.308402180672 * x5)) - (cos((0.431176990271 * x5)) - cos(((-0.544108748436) * x5)))) * ((((0.353547453880 * x5) - ((-1.935505867004) * x6)) + cos((1.970676660538 * x2))) / (((((3.268912315369 * x5) * (exp(((0.104439623654 * x6) + ((-0.607210874557) * x1))) ^ 2)) ^ (((-0.732658088207) * x1) * ((-0.379144489765) * x6))) - ((-2.352239608765) * x5)) + ((0.343521535397 * x3) + (2.968228816986 * x2)))))))',6.18003250674519,6.180030822753906,92673823,9,24,384,7,65536,paper,6,0,2765379632,,48.59005917159763
3600.5459382496774,'(3.112800359726 + ((-1.505488276482) * ((cos(((0.428947567940 * x5) ^ 2)) + (sin(((((0.217472970486 * x5) / (((0.260654896498 * x5) + ((-0.319247215986) * x2)) * (0.209211796522 * x4))) - ((0.258588284254 * x5) * ((-0.326570659876) * x2))) / ((-0.265164494514) * x0))) - ((0.236903578043 * x5) + log(sqrt(exp(sin((((0.693147182465 * x4) ^ (0.260654896498 * x5)) - (((((((-0.847156882286) * x3) - ((-0.930212557316) * x6)) / (1.364320993423 / ((-1.011444687843) * x6))) ^ (0.648430526257 * x1)) - (0.308979690075 * x6)) + (((-0.064764700830) * x3) / ((0.308979690075 * x6) ^ (0.216933846474 * x5)))))))))))) * ((cos((0.545841515064 * x5)) - ((-0.259080141783) * x5)) / (((0.434294492006 * x3) / (0.770978569984 * x5)) + (sin(((exp(sin(((-0.319247215986) * x2))) * ((2.302585124969 * x5) ^ 2)) - (0.452291369438 * x5))) - ((-0.064764700830) * x2)))))))',5.867385256068573,5.274215221405029,72818253,9,21,384,7,65536,paper,6,0,784044718,,67.99668639053255
3600.450583435595,'(1.483440876007 + ((-1.166480183601) * (((((0.276926457882 * x5) / ((-0.460494428873) * x3)) * ((0.356250196695 * x5) ^ 2)) - (((0.434294492006 * x5) ^ 2) / ((0.442643642426 * x0) - ((-1.600426077843) * x2)))) - ((sqrt(((log(((5.480216503143 * x6) / (0.235038220882 * x0))) * (1.776020050049 - (1.835843682289 * x6))) * (0.070742703974 * x0))) ^ cos((0.624140441418 * x5))) - ((cos((cos(((1.073496818542 * x0) + (1.742208957672 * x4))) + ((sin((0.235038220882 * x0)) * (0.235910207033 * x0)) - ((-0.431470990181) * x3)))) + (0.489848762751 * x6)) * cos(((-1.379608035088) * x5)))))))',5.634695202920877,5.634691715240479,88593207,9,25,384,7,65536,paper,6,0,1728356533,8.469015915337229,45.5971597633136
3600.3824391290545,'((-2.256810426712) + ((-732232.062500000000) * (exp((sin(((-0.285553067923) * x5)) / log((1.111540555954 * x2)))) / ((((2.302585124969 * x2) + (0.202349215746 * x3)) + ((((-1.408669233322) * x4) / cos(((-1.525719285011) * x1))) - ((-3.559639215469) * x5))) * (((cos((sqrt(((((((-0.676424026489) * x5) / ((-0.419223308563) * x4)) - (0.166573330760 * x6)) / exp(((-0.107382349670) * x5))) - (2.204121351242 * x3))) ^ ((-0.419223308563) * x6))) ^ ((-0.419223308563) * x4)) * ((-0.341145455837) * x5)) + cos((2.204223871231 * x5)))))))',5.895865845008629,5.895864963531494,92313528,9,26,384,7,65536,paper,6,0,3533734220,,53.533017751479285
3600.3478615731,'((-1.031747102737) + ((-23.363542556763) * (((cos(((-2.279125928879) * x1)) + cos((0.424501270056 * x5))) - (((0.424501270056 * x5) + (sin(((-1.808814048767) * x6)) * ((((-0.131911352277) * x5) - ((-0.742410719395) * x4)) / (1.827615141869 * x6)))) + sin(((-1.318253159523) * x5)))) / (((((-0.986959755421) * x3) / ((-2.187853336334) * x5)) + sqrt((2.189933061600 * x2))) + (cos((2.245663166046 * x5)) + cos((0.424761861563 * x5)))))))',5.693126420882416,5.693126678466797,123916331,9,27,384,7,65536,paper,6,0,2342600226,,129.35147928994084
3600.326722700149,'(0.412100315094 + (39.113082885742 * ((((((-0.057110656053) * x5) ^ 2) + sin(((-0.527217626572) * x5))) / (((0.279680460691 * x3) - ((-1.732364773750) * x5)) - (exp((sin((((-0.054019827396) * x5) / ((-0.513044834137) * x6))) / log(sin((cos(((cos(((-0.067465730011) * x4)) ^ 2) ^ 2)) ^ (9.039395332336 * x5)))))) + ((-0.439871102571) * x0)))) * (sin(cos(((-2.284879922867) * x5))) + (sin(((-1.320502996445) * x5)) + (20.826154708862 + (0.121379718184 * x5)))))))',6.04349298598324,6.043484210968018,103209362,9,28,384,7,65536,paper,6,0,1904449481,1.63964013448849,39.72082840236687
3600.4380188807845,'(1271.624755859375 + ((-1272.166625976562) * (((cos((1.378605127335 * x5)) + ((0.614292860031 * x1) - ((-0.193118691444) * x4))) / (sqrt((((0.125698134303 * x0) * (((0.314712077379 * x0) ^ 2) ^ ((0.757129967213 * x6) + ((0.220685660839 * x4) - exp(1.679446339607))))) / (sqrt((((sqrt(cos(sin(((3.081638574600 * x1) + sqrt(((2.289115190506 * x2) + cos((1.847571015358 * x5)))))))) ^ 0.166418343782) ^ (((1.414213538170 * x5) + (2.004856109619 * x5)) / (0.434294492006 * x3))) ^ (0.434294492006 * x1))) - (cos(1.575910925865) - cos((2.289115190506 * x2)))))) + (0.320596754551 * x3))) ^ ((cos((0.220685660839 * x5)) + exp(1.679446339607)) / ((0.434294492006 * x3) + (((0.211278587580 * x5) / ((1.539814710617 * x6) - (1.523972272873 * x1))) + (1.414213538170 * x2)))))))',5.513507745426544,5.5135498046875,40085550,9,29,384,7,65536,paper,6,0,1934709049,10.31388210477675,50.51928994082839
