total_time_seconds,expression,mse,old_mse,evaluations,dataset,fold,num_observations,num_features,population_size,operator_set,template_depth,iteration,seed,mse_val,var_y_val
3600.0054464899004,'((-0.000003908787) + (1.442695021629 * ((0.693147182465 * x5) + ((0.693147182465 * x6) + (0.693147182465 * x4)))))',5.139912315924197e-11,1.4050124952369458e-10,934090492,409,1,58,12,128,paper,4,0,2811363264,4.771385189482393e-11,1220.0001122499998
3600.006442394108,'(1.461834430695 + ((-3.226125240326) * ((((-0.309975951910) * x6) + (((((-1.643425703049) * x4) + ((-1.643425703049) * x5)) * (0.434294492006 ^ 2)) + (((-0.021540209651) ^ 2) * (0.014207884669 * x6)))) + ((-0.673139929771) ^ 2))))',1.0039392586685443e-10,5.058045093875306e-10,584953411,409,0,58,12,128,paper,4,0,3324115916,1.8238703795032407e-11,804.9987562500002
3600.009141366929,'((-0.000022748136) + ((-1.027465224266) * (((-0.973269820213) * x4) - ((0.973268806934 * x5) + (0.973268806934 * x6)))))',4.333813271133658e-10,1.067809507482309e-09,842619360,409,10,58,12,128,paper,4,0,4190266092,2.1832904058263035e-10,6.940590250000015
3600.009229369461,'((-0.000040289007) + (0.690197646618 * (((1.448861002922 * x6) - ((-1.448860406876) * x4)) + (1.448859930038 * x5))))',3.11748588708271e-10,1.103938385149661e-09,929542304,409,12,58,12,128,paper,4,0,3269070126,1.3842042818957412e-10,613.4042890000005
3600.0093855001032,'(0.000032692609 + ((-0.803155779839) * (((-1.245088696480) * x4) - ((1.245087981224 * x6) - ((-1.245088696480) * x5)))))',2.66907748183034e-10,8.02864275062376e-10,930491520,409,26,58,12,128,paper,4,0,3533734220,1.0141744752106987e-10,393.9828010000007
3600.009159229696,'(0.000008746162 + (0.265000402927 * (((3.141394615173 * x6) + (0.720774114132 * x5)) + (((3.052806615829 * x5) + (3.773574829102 * x4)) + (0.632184863091 * x6)))))',5.96288385836074e-10,7.707497418074637e-10,762112622,409,21,58,12,128,paper,4,0,784044718,2.908311487839183e-10,723.5562009999993
3600.0107742138207,'((-0.218470737338) + (0.152348458767 * ((exp(exp((((6.057951927185 * x5) / ((-2.958686828613) * x4)) / 3.073915481567))) * (7.597277164459 * x5)) + (6.592724800110 * x6))))',2.6523027503097065,2.652291774749756,729503030,409,11,58,12,128,paper,4,0,3160032368,0.5598657995491971,165.920161
3600.010181337595,'(0.000009643714 + (0.254069715738 * (((3.935926914215 * x4) + (3.935927629471 * x5)) + (3.935927629471 * x6))))',2.684705217335716e-11,2.488879380369013e-10,938496213,409,20,58,12,128,paper,4,0,1592565386,4.745959518459512e-11,1808.1630062500008
3600.009242091328,'((-0.000037097150) + (2.301436662674 * (((0.434511333704 * x4) - ((-0.434511095285) * x5)) + (0.434511333704 * x6))))',1.6284176815856638e-10,5.66019342507218e-10,927396229,409,15,58,12,128,paper,4,0,2204291346,7.522676243244595e-11,41.364192249999995
3600.005647562444,'(0.000031217147 + (0.192278295755 * (((5.200795173645 * x4) - ((-5.200793743134) * x6)) + (5.200795173645 * x5))))',9.210376377580748e-11,2.8903113236111716e-10,820656603,409,4,58,12,128,paper,4,0,3687649985,4.207110561565249e-11,40.17024400000028
3600.0098592303693,'(0.000021919934 + (1.201184630394 * ((0.832511365414 * x4) - (((-0.832511544228) * x5) - (0.832511365414 * x6)))))',3.684870129806847e-11,5.419333870548826e-10,933464397,409,3,58,12,128,paper,4,0,1859786275,1.8301506348579682e-11,281.83694400000036
3600.0092514380813,'((-1.995174407959) + (0.375123113394 * ((((-2.462129592896) * (((-1.732756018639) * x7) + (exp((((((0.319707870483 * x1) ^ ((-0.389748305082) * x5)) ^ 2) ^ 2) / (cos((1.075556039810 * x5)) / sqrt(exp(((-6.365149021149) * x7)))))) - cos((8.128887176514 * x7))))) ^ sin(((-0.865499794483) * x1))) + ((2.713935136795 * x3) + (2.676612377167 * x2)))))',,12.409819602966309,330089042,409,19,58,12,128,paper,4,0,2148995112,1568.9076697672333,15279.679321000001
3600.0068300180137,'((-0.000034119203) + (0.781725406647 * (((1.279222011566 * x4) + (1.279221653938 * x5)) - ((-1.279221773148) * x6))))',3.5890051216061315e-10,2.617337679922116e-09,933416676,409,22,58,12,128,paper,4,0,3980425317,6.930678107635424e-11,390.8133610000002
3600.0067754760385,'(0.000006745560 + (0.266853600740 * (((3.747372150421 * x6) - ((-3.747373819351) * x4)) - ((-3.747373819351) * x5))))',1.4415949099499488e-10,3.9340350421746e-10,932463590,409,2,58,12,128,paper,4,0,1884968544,3.8870312323769397e-11,892.0376890000002
3600.0094673112035,'(11.778390884399 + ((-0.319943666458) * ((((-2.155943870544) * x2) - (2.444439172745 * x3)) - sqrt((((((((-0.676426410675) * x5) * sqrt(sqrt(((sin(log(sqrt(((0.326123178005 * x9) * (0.551733016968 * x1))))) - ((0.747155249119 * x0) ^ sin(cos(((-1.041793942451) * x1))))) / ((-0.081014171243) * x10))))) ^ 2) + (0.903640985489 * x6)) ^ 2) - ((-0.064838387072) * x10))))))',26.235293429995476,26.23536491394043,377605279,409,17,58,12,128,paper,4,0,3606691181,592.3797130528986,2172.8183822499986
3600.008979305625,'((-0.000095047915) + (2.994559526443 * ((0.333938866854 * x6) + ((0.333940029144 * x4) + (0.333938866854 * x5)))))',3.3339097504170434e-09,3.797548053796618e-09,932781960,409,18,58,12,128,paper,4,0,1934392872,3.0466105335347524e-08,12768.322008999996
3600.0090919695795,'(6.901954174042 + (0.344219505787 * ((2.912033319473 * x2) + (((sin(sin((((-0.637488424778) / (0.015901550651 * x1)) / (-0.571415841579)))) + ((0.015901550651 * x1) ^ (((-0.059543810785) * x8) / ((-0.797614991665) * x9)))) / cos(log((0.083077035844 * x4)))) - ((-2.864877223969) * x3)))))',40.58782957592267,40.58774566650391,383760545,409,23,58,12,128,paper,4,0,3356806661,13233.65211335284,1827.0067922500011
3600.006264772266,'(31.625669479370 + (0.864199280739 * (((0.638605713844 * x3) - ((-0.981364369392) * x2)) + ((((1.364749193192 * x4) + ((0.078973561525 * x5) ^ 2)) * (log(((0.200661703944 * x4) ^ (4.930734634399 - ((1.042752265930 * x1) / (sqrt(log((((-0.820246338844) * x1) ^ 2))) + cos((0.134797707200 * x7))))))) + ((-0.553979873657) * x6))) / ((-0.981364369392) * x2)))))',5.99250185520893,5.992499351501465,376367123,409,6,58,12,128,paper,4,0,2995172877,1059.3181501602746,59302.23392024999
3600.0056021511555,'(0.000010204130 + ((-0.383221417665) * (((-2.609457731247) * x5) - ((2.609457254410 * x6) + (2.609457254410 * x4)))))',2.3255170784543422e-11,6.62363053294257e-10,930295180,409,27,58,12,128,paper,4,0,2342600226,7.0936073572812474e-12,2921.5646522500006
3600.0101631470025,'((-0.000019717594) + (0.280695170164 * ((((-1.401455163956) * x6) - ((-3.562583208084) * x4)) + ((4.964039325714 * x6) - ((-3.562583208084) * x5)))))',1.9899836700623462e-10,6.62363053294257e-10,824604717,409,8,58,12,128,paper,4,0,404488628,2.0120492165966137e-10,515.7895209999992
3600.010143134743,'((-0.000019303963) + (1.438249230385 * (((0.695289731026 * x6) - ((-0.695290088654) * x4)) - ((-0.695289850235) * x5))))',1.1151382803228808e-10,1.0356949742273967e-09,928955472,409,7,58,12,128,paper,4,0,865305066,3.556831719396026e-11,2804.81456025
3600.005753647536,'(0.000003925054 + ((-0.695311188698) * (((-1.438204765320) * x5) - ((1.438205122948 * x6) + (1.438205122948 * x4)))))',1.525824672118266e-10,2.2881632699700558e-10,914732217,409,29,58,12,128,paper,4,0,1934709049,1.0104616083898183e-10,793.7742759999995
3600.006854917854,'((-0.000029706416) + ((-0.559090912342) * ((((-1.788617849350) * x5) - (1.788618206978 * x4)) - (1.788618206978 * x6))))',8.759065216739537e-11,3.7333189317756416e-10,929295682,409,13,58,12,128,paper,4,0,3081541439,1.92915332140134e-10,12835.303849000002
3600.007002640516,'((-0.000005025890) + ((-0.316378653049) * ((((-3.160770177841) * x6) - (3.160768985748 * x4)) - (3.160768985748 * x5))))',9.73512074428216e-11,3.813605264912922e-10,930252434,409,14,58,12,128,paper,4,0,3376120482,1.7192984684332664e-11,2296.27848025
3600.006805814802,'((-0.000006669302) + ((-0.542497575283) * ((((-1.843326568604) * x6) + ((-1.843325972557) * x5)) - (1.843325972557 * x4))))',6.3545877705358e-11,1.5896712834972961e-09,936258830,409,28,58,12,128,paper,4,0,1904449481,4.860165273198633e-11,3274.3572839999997
3600.006714835763,'(0.000032514443 + (0.557216703892 * ((1.794633865356 * x4) + ((1.794633865356 * x6) - ((-1.794633626938) * x5)))))',1.5905375869004042e-10,3.1713140447031657e-10,931975532,409,24,58,12,128,paper,4,0,2765379632,1.53854272414602e-11,1501.6012502500012
3600.0063221231103,'((-0.000002696513) + (2.642975568771 * (((0.378361523151 * x4) - ((-0.378361433744) * x5)) - ((-0.378361433744) * x6))))',3.3447900989082126e-10,8.430074971421674e-10,933376363,409,25,58,12,128,paper,4,0,1728356533,3.5918858751942524e-10,2618.01072225
3600.0094245895743,'(0.000010215047 + (0.375229507685 * (((2.665035486221 * x4) + (2.665035486221 * x5)) + (2.665035486221 * x6))))',3.215050215083318e-11,6.503200755680894e-10,934832527,409,9,58,12,128,paper,4,0,2261209995,1.1206737333069996e-11,417.7527209999997
3600.0063008256257,'((-0.000004039590) + (2.580599308014 * (((0.387507081032 * x4) + (0.387507081032 * x5)) - ((0.708432853222 * x6) / log(0.160705402493)))))',7.322247998779036e-10,1.6498861166169831e-09,764681208,409,5,58,12,128,paper,4,0,369133708,2.473528467884862e-09,13939.344224999999
3600.006537616253,'(6.102078914642 + ((-0.802061140537) * ((((-1.213532090187) * x3) - (cos((sin((sqrt(((0.170922651887 * x1) ^ log((0.233481138945 * x1)))) + (1.941606283188 * x0))) + 0.526822090149)) ^ log((cos(((1.730165481567 * x1) + ((-1.785131096840) * x10))) ^ 2)))) - (1.251523733139 * x2))))',84.07763402755141,45.642234802246094,315475584,409,16,58,12,128,paper,4,0,550243861,74.26124860267547,46.94990400000005
3600.004084084183,'((-2.077795982361) + (1.095337510109 * ((sqrt(((0.271196216345 * x6) - ((-0.257509440184) * x5))) + (((5.747076988220 * x4) / (0.566557109356 * x6)) ^ ((5.966401100159 * x4) / ((-1.258125543594) * x5)))) * (sqrt(((1.528380513191 * x6) - ((-1.575735807419) * x5))) + sqrt((3.896720170975 * x4))))))',0.8529353966308707,0.8529304265975952,305597910,409,1,58,12,128,paper,6,0,2811363264,0.32122530824478435,1220.0001122499998
3600.0049743540585,'((-2.704597473145) + (3.815868377686 * ((log((exp(sin(((-0.020445615053) * x4))) ^ (0.000683441758 * x4))) ^ 2) + ((((0.260288685560 * x4) - log(sin(cos(((0.006198863499 * x4) ^ (0.000683441758 * x4)))))) + (0.107782006264 * x5)) + (((0.262052059174 * x6) + (0.154291540384 * x5)) + sqrt((0.000683441758 * x4)))))))',3.2961542880942905e-06,3.3160742987092817e-06,310625900,409,0,58,12,128,paper,6,0,3324115916,1.1449322076025613e-06,804.9987562500002
3600.0050908103585,'((-0.003019464668) + (0.255203604698 * (((3.918156623840 * x4) + ((3.918534040451 * x6) + ((0.934010267258 * x4) / (26.029203414917 * x6)))) - ((-3.918434381485) * x5))))',1.6782158199458693e-07,1.6530975699424746e-07,644200507,409,3,58,12,128,paper,6,0,1859786275,8.205838526954237e-08,281.83694400000036
3600.004331432283,'(2.059073686600 + ((-7.819364547729) * (((((0.096829652786 * x6) - 0.227259814739) * (-1.320825099945)) - (((2.938941717148 * x4) * 0.208602055907) * 0.208602055907)) - ((((2.938941717148 * x5) + (((0.013450416736 * x6) - (-4.765496253967)) ^ (-0.102851867676))) * 0.208602055907) * 0.208602055907))))',1.9150895743600556e-08,1.576022512495001e-08,301411922,409,5,58,12,128,paper,6,0,369133708,7.010864542701286e-07,13939.344224999999
3600.0048970356584,'((-0.895129144192) + (0.305664241314 * ((((1.635781764984 * x5) + ((exp(0.537241458893) ^ 2) + (1.635781764984 * x6))) + (1.638630032539 * x4)) + ((((0.075571164489 * x4) / (1.358513116837 * x5)) * (0.003744840622 * x5)) + (((1.635781764984 * x6) + (1.635781764984 * x5)) + (1.632725834846 * x4))))))',6.92142754144153e-11,4.05446454188052e-10,365970147,409,7,58,12,128,paper,6,0,865305066,4.783942835021796e-11,2804.81456025
3600.0048561245203,'((-0.000028859411) + ((-0.414829403162) * (((-2.410629749298) * x6) + (((-2.410629749298) * x5) - ((((-2.896210193634) * x4) / (((-0.895093262196) / (-0.003532329574)) ^ 2)) - ((-2.410674571991) * x4))))))',8.462923445507483e-11,2.850168157042532e-10,610402394,409,10,58,12,128,paper,6,0,4190266092,1.067232054426427e-10,6.940590250000015
3600.0050974339247,'((-1.014972925186) + (0.707106590271 * (((((0.378585517406 * x4) + 0.654317378998) * 1.772453904152) + (((0.158185809851 * x6) * 1.936120510101) + ((0.158185809851 * x6) * 2.346704244614))) + ((((0.158185809851 * x6) * 2.346388816833) + ((1.414213538170 * x5) + (cos(exp((((-0.042804405093) * x4) / (2.970531940460 * (6.283185482025 * x6))))) / 1.963045597076))) + (((0.158185809851 * x6) * 2.311015129089) + ((0.378585517406 * x4) * 1.963045597076))))))',1.6368616869584643e-09,1.9108170601356282e-09,274384207,409,4,58,12,128,paper,6,0,3687649985,5.789456515863519e-10,40.17024400000028
3600.00438131392,'((-277.511810302734) + (4.694215774536 * (sqrt((((2.808079957962 / log(sin(exp(((13.919268608093 + (exp((exp(cos(((-39.430484771729) * x6))) / (0.605717837811 * x0))) / 16.161651611328)) / sqrt((((-0.064033240080) * x4) * ((-34.383769989014) * x6)))))))) * ((-2.210686683655) * x4)) - (((-49.305534362793) * x6) - ((-5.216882705688) * x5)))) + sqrt(((((-0.175042614341) * x5) * sin((0.040037922561 * x6))) + (((-0.599454581738) * x5) * ((-0.097804628313) * x5)))))))',0.5908393665845715,0.5907895565032959,381906113,409,8,58,12,128,paper,6,0,404488628,2.0845487210734026,515.7895209999992
3600.0043920204043,'(1.614693880081 + (2.183839321136 * (((sqrt((8.901639938354 * x4)) - sqrt((8.908596038818 * x4))) - ((-0.457909137011) * x5)) - ((((-0.457909137011) * x6) + sqrt(cos(exp(log(cos(((cos((((-1.228616714478) * 0.027331277728) * sqrt((1.137551188469 * x4)))) + ((log(0.219460070133) ^ 2) ^ 2)) - ((-1.383938908577) / (0.973241567612 * x4))))))))) - (0.457987576723 * x4)))))',8.686610379841906e-10,1.4250841617879926e-09,383269152,409,6,58,12,128,paper,6,0,2995172877,3.269452911908234e-07,59302.23392024999
3600.0049454569817,'((-2.116814374924) + (1.199707865715 * (((((1.365409731865 * x6) - ((-1.426544666290) * x5)) - (((-0.061163045466) * x6) - 3.016157388687)) - ((-1.426544666290) * x4)) / ((0.308251708746 + cos((((((-0.116565503180) * x6) - 0.707106769085) / (1.358404874802 * x6)) ^ 2))) ^ 2))))',2.0534937175623548e-08,1.5162092026344e-08,429702082,409,9,58,12,128,paper,6,0,2261209995,2.9529349767546056e-09,417.7527209999997
3600.0042363218963,'((-0.339874863625) + (0.308965831995 * ((((2.148448944092 * x4) + ((1.089159846306 * x4) + (1.995706319809 * x5))) + (((3.601425170898 * x3) + (0.919340789318 * x5)) / ((3.702336072922 * x3) + (0.650222778320 * x6)))) + ((((0.706352293491 * x6) + (1.239070773125 * x5)) + ((0.650222778320 * x6) + (1.881400823593 * x6))) + (((3.043324947357 * x6) / (1.396941900253 * x4)) / ((0.693147182465 * x6) + (2.235995054245 * x1)))))))',1.858656814925893e-05,1.855446316767484e-05,319609832,409,11,58,12,128,paper,6,0,3160032368,5.436273780994477e-06,165.920161
3600.004163425416,'(0.096429415047 + ((-1.231329321861) * ((((-0.811775267124) * x6) + (((-0.728722035885) * x4) + (((-0.084946379066) * x4) + ((-0.812131583691) * x5)))) + (((((-0.084946379066) * x4) + sin((exp(((-0.180170297623) * x7)) - 2.066960334778))) + (((-1.107976198196) * x4) / ((-0.236888661981) * x6))) / ((-0.235293403268) * x6)))))',8.115473005232178e-06,8.12462531030178e-06,397854701,409,14,58,12,128,paper,6,0,3376120482,5.4341506964275935e-06,2296.27848025
3600.004202157259,'((-3.934900999069) + ((-2.012138843536) * ((((((-0.496981561184) * x6) - (0.496266782284 * x4)) - cos(sqrt(log((5.701912403107 * x4))))) - sqrt(log((31.603715896606 * x4)))) - (0.496985673904 * x5))))',2.515993270405213e-06,2.4672901872691e-06,502075960,409,13,58,12,128,paper,6,0,3081541439,1.8976651227961178e-06,12835.303849000002
3600.004772655666,'(3.541943550110 + ((-2.222731828690) * ((((((-0.290844440460) * x6) - ((-0.000601500273) * x4)) - (0.450505107641 * x4)) - ((0.383351385593 * x6) + (((-0.000601500273) * x4) / (0.669972896576 * x6)))) - ((((-0.224301829934) * x6) - (1.593180179596 + ((-0.229188188910) * x5))) - ((-0.220709189773) * x5)))))',1.0964688016965482e-08,1.1958663392874769e-08,389894451,409,16,58,12,128,paper,6,0,550243861,1.2873840318937377e-08,46.94990400000005
3600.004277389497,'(50.918949127197 + ((-0.102351680398) * ((((sin((3.140790939331 * x6)) - ((-1.112569689751) * x5)) / ((0.527030408382 * x4) - (0.721133410931 * x2))) - 1.831628918648) / ((((3.476243972778 * x4) / (6.188705921173 * x2)) ^ ((2.288604497910 * x4) / (6.188705921173 * x2))) / (((-130.472213745117) - ((-2.493767261505) * x2)) - ((-2.521349906921) * x6))))))',4.590811308060463,4.590796947479248,282908514,409,15,58,12,128,paper,6,0,2204291346,4.991793039464129,41.364192249999995
3600.005078036338,'(0.576818227768 + ((-0.359169840813) * (((sqrt((0.434294492006 * x4)) / log((0.287993520498 * x4))) + (((-1.649845600128) * x5) + (((-1.785446643829) * x3) + ((-2.783542871475) * x6)))) + (((((-1.134400486946) * x5) - (((((-5.229674816132) * x1) / (1.911802649498 * x6)) ^ 2) + (((0.789744079113 * x4) / (2.446379184723 * x6)) ^ 2))) - ((-1.785057425499) * x3)) + (((0.789744079113 * x4) / (2.446379184723 * x6)) + ((-2.789780139923) * x4))))))',7.579829744881031e-06,7.542922048742184e-06,296838686,409,12,58,12,128,paper,6,0,3269070126,4.116790795508814e-06,613.4042890000005
3600.0043470822275,'(0.000027314460 + ((-0.154619321227) * (((((1.414584040642 * x5) - (6.467493534088 * x4)) - (4.144726753235 * x5)) - (3.737356424332 * x5)) - (6.467494964600 * x6))))',2.9675606980619756e-10,9.473798412429346e-10,634388967,409,17,58,12,128,paper,6,0,3606691181,1.0517599331575455e-09,2172.8183822499986
3600.004470445216,'(0.000034438741 + ((-0.805699706078) * ((((0.102976702154 * x4) + ((0.116372764111 * x4) + ((-0.525064706802) * x3))) + ((((-0.921081066132) * x4) + (0.693117201328 * x3)) + ((-1.057638406754) * x5))) + (((((-0.539427399635) * x4) + (0.225998446345 * x3)) + (((-0.394049227238) * x3) + ((-0.183519303799) * x5))) + ((-1.241157174110) * x6)))))',1.635089658678264e-09,1.8385591937786214e-09,392253913,409,20,58,12,128,paper,6,0,1592565386,2.1814166090891498e-09,1808.1630062500008
3600.0044955015182,'((-0.021508833393) + (0.504634916782 * ((1.980371832848 * x6) - (((((exp(3.544672250748) + sqrt(exp((cos(((-1.620571851730) * x2)) * ((-1.832751393318) * x0))))) - (0.693147182465 * x6)) / (11.121066093445 * x4)) - (1.981764435768 * x5)) - (1.983487606049 * x4)))))',3.96554145523705e-05,3.964667484979145e-05,498990530,409,19,58,12,128,paper,6,0,2148995112,3.5370341116170184e-05,15279.679321000001
3600.0044247061014,'((-0.000133153095) + ((-0.404801249504) * ((((((-1.152367472649) * x1) - (1.442583322525 * x4)) + (((-1.150951385498) * x1) - (1.027755975723 * x4))) - ((2.470349788666 * x6) - ((2.303314924240 * x1) - (2.470349788666 * x5)))) - (exp(((0.017126468942 * x4) - 2.582803010941)) / ((2.224413871765 * x6) - ((1.244361996651 * x4) - (3.156623840332 * x5)))))))',5.128523902446166e-10,1.3568406398434263e-09,340952355,409,2,58,12,128,paper,6,0,1884968544,4.3465002079567085e-10,892.0376890000002
3600.003978144377,'(0.039390850812 + ((-0.323577076197) * ((((((-3.082841157913) * x5) - (3.090446233749 * x4)) - ((3.095788002014 * x6) + (-0.121473595500))) - ((-0.050041422248) * ((3.095788002014 * x6) - (2.989184379578 * x6)))) - (((-0.050041422248) * ((3.095788002014 * x6) - (2.989312171936 * x6))) * (((-3.884868860245) * x5) / (2.718306303024 * x6))))))',2.153781944938796e-09,2.5089508248754555e-09,368536715,409,18,58,12,128,paper,6,0,1934392872,2.0766348490955504e-09,12768.322008999996
3600.0042860507965,'((-1.051587939262) + ((-2.488691329956) * ((((((-0.872453093529) * x1) - ((-0.641257166862) * x0)) + cos((0.158360242844 * x7))) - (0.394807040691 * x3)) - ((((0.323363780975 * x2) - ((-0.146619632840) * x5)) - cos((((log((sin(((0.350741565228 * x1) ^ 2)) ^ 2)) + ((0.203578144312 * x1) * (0.192884609103 * x1))) ^ 2) ^ 2))) - (cos((0.130784392357 * x11)) / cos((0.742410421371 * x11)))))))',36.156084960880754,36.12519836425781,335616486,409,21,58,12,128,paper,6,0,784044718,153.9543925787912,723.5562009999993
3600.0047980323434,'(174.934310913086 + (12.400926589966 * (((((0.080639138818 * x5) + (0.080639138818 * x4)) + (-6.743133544922)) + (-7.363418102264)) + (0.080639138818 * x6))))',1.5215363540550668e-10,2.2480199646235374e-10,608029411,409,27,58,12,128,paper,6,0,2342600226,1.3164772363408917e-10,2921.5646522500006
3600.004511579871,'((-0.000213710096) + (0.830967605114 * ((exp((exp((-2.836088418961)) - (cos((-1.477205157280)) * (-2.836315155029)))) * (0.870613932610 * x5)) - ((((4.590438842773 * x6) / 2.754243373871) - ((-3.248793601990) * (0.513036310673 * x4))) / (-1.384970307350)))))',4.389083756131305e-07,4.369789508018585e-07,392250545,409,22,58,12,128,paper,6,0,3980425317,5.965082971144775e-08,390.8133610000002
3600.004910647869,'(98.032127380371 + ((-0.451437354088) * (((-2.215146780014) * x6) + ((((0.484248042107 * x6) / (0.002229959238 * x6)) + ((-2.215146780014) * x4)) + ((-2.215146780014) * x5)))))',7.066724494623333e-12,8.751220859082308e-10,470769702,409,24,58,12,128,paper,6,0,2765379632,6.571589458348801e-12,1501.6012502500012
3600.0045562274754,'(11.983677864075 + (0.476783275604 * (((0.095456346869 * x2) * log((((sqrt((307.434143066406 * x5)) + ((sin((0.059722259641 * x7)) * ((1.448801517487 * x1) ^ 2)) - (10.718283653259 * x0))) ^ 2) ^ 2))) - (log(exp(((-0.655018866062) * x3))) - (1.600110292435 * x3)))))',70.5204828618923,44.59917831420898,410111782,409,23,58,12,128,paper,6,0,3356806661,11632.404485050432,1827.0067922500011
3600.00471290946,'(0.004468359519 + ((-0.246314004064) * ((((((-4.059858322144) * x4) + ((-4.059858322144) * x5)) + ((-1.984850287437) * x6)) + ((((((-0.004370287061) / ((sqrt((1.351487994194 * x6)) + 0.476382017136) / (0.203083992004 * x6))) + 0.370818048716) ^ 2) ^ 2) + (0.203083992004 * x6))) + ((-2.278085708618) * x6))))',1.514800507681718e-10,5.941195868608418e-10,452648430,409,25,58,12,128,paper,6,0,1728356533,1.1624558133888078e-11,2618.01072225
3600.004990696907,'(0.291029751301 + ((-0.298769176006) * ((((0.974064350128 - ((-0.000805109739) * x4)) + ((-1.630294442177) * x4)) + ((-3.347065925598) * x5)) + (((-3.347065925598) * x6) + ((-1.717572927475) * x4)))))',3.8079127750161547e-10,7.225778864139443e-10,547665636,409,28,58,12,128,paper,6,0,1904449481,1.5238655530123155e-11,3274.3572839999997
3600.004188451916,'((-0.525966703892) + (0.678690016270 * (((1.473852157593 * x4) - (((-0.259245485067) * (0.566179335117 * x5)) - (1.473444938660 * x6))) - ((((-0.064149335027) * (0.693147182465 * x5)) / (15.958786010742 * x4)) + ((-1.056480884552) * (cos((sin(((-0.064149335027) * ((-0.006829977036) * x4))) - (-0.756790161133))) + (1.255661129951 * x5)))))))',3.591841826839529e-07,3.517669711072813e-07,347437331,409,26,58,12,128,paper,6,0,3533734220,7.986592187252838e-07,393.9828010000007
3600.004286017269,'(0.000096655247 + (0.253388971090 * (((((3.946498155594 * x6) - ((-3.946501970291) * x5)) - ((-2.400921583176) * x4)) - (((0.021232435480 * x4) * 0.023936092854) / ((1.940599203110 * x6) ^ 0.023936092854))) - ((-1.546025991440) * x4))))',2.2913540981265677e-10,1.2725398512714035e-09,367491474,409,29,58,12,128,paper,6,0,1934709049,6.3035874171339e-11,793.7742759999995
3600.00563653931,'((-0.000014384951) + (1.930992841721 * (((0.517868340015 * x6) - ((-0.517868340015) * x5)) - ((-0.517868340015) * x4))))',3.576406254074504e-11,4.2150374857108375e-10,913174291,409,0,58,12,256,paper,4,0,3324115916,2.69291417298142e-12,804.9987562500002
3600.0045139044523,'(0.000015791862 + (0.434294402599 * (((2.302586317062 * x4) + (2.302585124969 * x5)) + (2.302585124969 * x6))))',2.263585155723855e-10,1.216339362564156e-09,917515957,409,1,58,12,256,paper,4,0,2811363264,2.998834712153279e-11,1220.0001122499998
3600.006084177643,'((-0.000003181679) + ((-0.379429519176) * (((((-1.001888990402) * (2.630569458008 * x5)) - ((-1.136820554733) * x6)) - (2.635546445847 * x4)) - (3.772349596024 * x6))))',1.4472335145798524e-08,1.3608549842558661e-08,813476212,409,3,58,12,256,paper,4,0,1859786275,1.3465806850115063e-09,281.83694400000036
3600.00564757362,'((-0.000010021708) + (3.118618488312 * (((0.320654690266 * x5) - ((-0.320654869080) * x6)) - ((-0.320654869080) * x4))))',2.939642230010721e-10,3.5727459879453244e-10,913412954,409,4,58,12,256,paper,4,0,3687649985,4.0194263430151847e-10,40.17024400000028
3600.0049929469824,'((-0.000054093063) + ((-0.378555715084) * (((-2.641618728638) * x5) + (((-2.641620159149) * x6) + ((-2.641618728638) * x4)))))',5.599297850242684e-10,1.031680629814957e-09,918486871,409,2,58,12,256,paper,4,0,1884968544,4.904815657238946e-10,892.0376890000002
3600.005816478282,'(0.000019392197 + (0.608852684498 * (((1.642432808876 * x4) - ((-1.642433524132) * x5)) - ((-1.642433524132) * x6))))',2.6180579395961217e-10,7.306065197276722e-10,866085399,409,5,58,12,256,paper,4,0,369133708,3.905487507885139e-10,13939.344224999999
3600.005437169224,'((-0.000030514691) + ((-0.599283933640) * ((((-1.066806316376) * x6) + ((-1.668658018112) * x5)) - ((1.668657779694 * x4) - ((-0.601852118969) * x6)))))',4.916304145364304e-10,8.791363748095192e-10,797573201,409,8,58,12,256,paper,4,0,404488628,4.673633664061679e-10,515.7895209999992
3600.006478495896,'((-0.000002529735) + ((-0.667563915253) * (((-1.497983932495) * x6) - ((1.497983694077 * x4) - ((-1.497983932495) * x5)))))',3.258092558254034e-11,3.693175765207002e-10,916097924,409,10,58,12,256,paper,4,0,4190266092,2.31111520125155e-11,6.940590250000015
3600.00422469154,'(7.776633262634 + ((-0.703628778458) * (((-1.401630520821) * x3) - (((-4.176119804382) * x2) * (cos((sin((((exp((((-0.179972350597) * x5) / (1.422885656357 * x4))) ^ (-1.338199257851)) - (exp((((-0.097880817950) * x0) ^ 2)) ^ 2)) * sin((0.475021064281 * x7)))) ^ 2)) + (-1.338199257851))))))',44.41451276358008,44.4144401550293,443693061,409,7,58,12,256,paper,4,0,865305066,21.460197577640308,2804.81456025
3600.00623627007,'((-0.000033580382) + (1.658190608025 * (((0.603066980839 * x5) - ((-0.603066980839) * x6)) + (0.603066980839 * x4))))',1.0547907362619032e-09,1.252468240231508e-09,913531994,409,11,58,12,256,paper,4,0,3160032368,1.0744848646631882e-09,165.920161
3600.005701072514,'(0.000037547008 + ((-0.697692155838) * (((-1.433296799660) * x6) - ((1.433296203613 * x4) - ((-1.433296799660) * x5)))))',1.6536366184392058e-10,8.590647637696235e-10,913851456,409,12,58,12,256,paper,4,0,3269070126,3.6031372983567296e-11,613.4042890000005
3600.005275644362,'(0.000002414572 + (0.960486590862 * (((1.041139245033 * x5) + (1.041139006615 * x4)) - ((-1.041138529778) * x6))))',6.269063170435711e-10,1.2243680513890354e-09,906535987,409,14,58,12,256,paper,4,0,3376120482,8.211088782322575e-10,2296.27848025
3600.0050426013768,'(0.000003632832 + (0.243333533406 * (((2.267558574677 * x4) + (4.109585762024 * x5)) + ((4.109585762024 * x6) + (1.842026591301 * x4)))))',1.5963820185311538e-11,2.6093088800749337e-10,804906676,409,6,58,12,256,paper,4,0,2995172877,4.500086981732655e-11,59302.23392024999
3600.0055324286222,'((-0.000004341320) + ((-0.815089344978) * ((((-1.226860284805) * x4) - (1.226859092712 * x5)) + ((-1.226859211922) * x6))))',3.1717836051119676e-10,9.955517521476054e-10,918206991,409,16,58,12,256,paper,4,0,550243861,3.768412867884266e-11,46.94990400000005
3600.005434621125,'((-0.000002121629) + (0.519523441792 * (((1.924840927124 * x5) - ((-1.924840807915) * x4)) - ((-1.924840807915) * x6))))',3.739463096110878e-10,5.66019342507218e-10,911831552,409,17,58,12,256,paper,4,0,3606691181,5.59381394992454e-10,2172.8183822499986
3600.0048750191927,'((-0.000052408857) + (0.238711878657 * (((4.209182262421 * x6) - ((-4.189149856567) * x5)) - ((0.020031189546 * x6) - (4.189154148102 * x4)))))',3.1258216448430557e-10,9.313225746154783e-10,795913076,409,9,58,12,256,paper,4,0,2261209995,9.963003116845897e-11,417.7527209999997
3600.0050185509026,'(0.000005193086 + (0.434294462204 * ((2.302585124969 * x4) + ((2.302585124969 * x6) + (2.302585124969 * x5)))))',2.630535768953399e-11,5.058045093875306e-10,916132127,409,20,58,12,256,paper,4,0,1592565386,2.0318644479415032e-11,1808.1630062500008
3600.005314141512,'(0.000019655967 + ((-0.425450921059) * (((-2.350447177887) * x5) + (((-2.350447893143) * x6) - (2.350445508957 * x4)))))',2.833043587712542e-10,5.579906536823387e-10,913698001,409,19,58,12,256,paper,4,0,2148995112,4.19777887208711e-11,15279.679321000001
3600.00506522879,'((-0.000014887921) + ((-5.907694816589) * ((((-0.169270768762) * x6) + ((-0.169270768762) * x5)) + ((-0.169270768762) * x4))))',1.8621939992955967e-11,1.0718238518947487e-09,910540487,409,21,58,12,256,paper,4,0,784044718,8.943506580551255e-12,723.5562009999993
3600.0049611590803,'(7.924980163574 + ((-4.053268432617) * ((cos(((-0.164752796292) * x7)) - (exp((0.050174053758 * x5)) / (0.222364261746 * x9))) - ((0.250878900290 * x3) - log(exp(((-0.241979897022) * x2)))))))',104.19454959625338,33.92850112915039,591956967,409,13,58,12,256,paper,4,0,3081541439,8.893384789889089,12835.303849000002
3600.0054107792675,'(0.000038114260 + (0.434299141169 * (((2.302560567856 * x5) - ((-2.302558898926) * x4)) + (2.302560567856 * x6))))',6.680475626674604e-10,7.787783751211919e-10,917952062,409,22,58,12,256,paper,4,0,3980425317,1.0435996442958701e-09,390.8133610000002
3600.005800608545,'((-0.000002790352) + (0.231623947620 * (((4.317343235016 * x5) - ((-4.317343235016) * x4)) - ((-4.317342758179) * x6))))',7.081905414776217e-11,3.1713140447031657e-10,912988627,409,15,58,12,256,paper,4,0,2204291346,1.1779703209369032e-12,41.364192249999995
3600.005247864872,'(0.000041927487 + ((-0.707106769085) * ((((-1.414214015007) * x4) - (1.414213538170 * x6)) - (1.414213538170 * x5))))',2.4060167351873514e-09,2.147662048201937e-09,910103417,409,18,58,12,256,paper,4,0,1934392872,3.6683082123028607e-09,12768.322008999996
3600.004986252636,'(0.000040378600 + (1.152712106705 * (((0.867518961430 * x4) + (0.867518961430 * x6)) - ((-0.867519557476) * x5))))',2.0916082087458138e-10,4.85732898347635e-10,914105312,409,23,58,12,256,paper,4,0,3356806661,1.2035972372666586e-09,1827.0067922500011
3600.005678296089,'(0.000008086814 + (0.561849057674 * (((1.779837727547 * x6) - ((-1.779837250710) * x5)) - ((-1.779837250710) * x4))))',1.47815554505735e-10,3.7333189317756416e-10,909014567,409,26,58,12,256,paper,4,0,3533734220,7.313142435229893e-11,393.9828010000007
3600.004824679345,'((-0.000018242363) + ((-0.524086773396) * ((((-1.908081650734) * x4) - (1.908080816269 * x6)) - (1.908080816269 * x5))))',4.5763783602654376e-10,5.820766091346741e-10,918681163,409,25,58,12,256,paper,4,0,1728356533,3.301348411254022e-10,2618.01072225
3600.005847029388,'(0.000021289075 + ((-0.706494390965) * (((-1.415439009666) * x6) + (((-1.415439009666) * x4) - (1.415439724922 * x5)))))',1.7649749041777946e-10,1.1601388738569083e-09,905519283,409,24,58,12,256,paper,4,0,2765379632,3.069804141082909e-10,1501.6012502500012
3600.005329787731,'(0.000003607867 + (0.422982960939 * (((2.364161729813 * x5) + (2.364161252975 * x4)) + (2.364161252975 * x6))))',4.049277624379831e-11,3.3318867109777273e-10,914453006,409,29,58,12,256,paper,4,0,1934709049,1.9234895147963576e-11,793.7742759999995
3600.0057091005147,'(1.715704679489 + (0.374456018209 * (sqrt((((3.150351762772 * x5) ^ 2) + ((4.466289043427 * x4) ^ 2))) + (2.696915864944 * x6))))',12.887782512439966,12.887724876403809,845882001,409,28,58,12,256,paper,4,0,1904449481,1.76568868624427,3274.3572839999997
3600.004483729601,'(3.448432922363 + (3.438456535339 * (((((((-0.216795757413) * x1) ^ 2) ^ ((-0.735188007355) - cos((0.693147182465 * x1)))) / (0.963558912277 ^ ((0.056277301162 * x5) * (1.521714687347 * x1)))) / exp(((exp(((-0.244325116277) * x7)) ^ 0.318309873343) / (0.318309873343 * x1)))) - (((-0.264686763287) * x2) - (0.305611193180 * x3)))))',24.02789805068802,24.027904510498047,279424052,409,27,58,12,256,paper,4,0,2342600226,15.946158447775716,2921.5646522500006
3600.0055951289837,'((-0.000018008688) + (0.273190498352 * ((((((-1.361330986023) * x4) - ((-3.660449981689) * x6)) - ((-3.660449743271) * x5)) - ((-1.264148831367) * x4)) - ((-3.757631063461) * x4))))',1.213338496605425e-10,1.2564825846439476e-09,631809947,409,0,58,12,256,paper,6,0,3324115916,1.3868067551445377e-11,804.9987562500002
3600.004484757781,'(10.172611236572 + (2.064376592636 * ((0.471920043230 * x6) + (log((0.403609871864 * x4)) * (sqrt((0.750126957893 * x5)) ^ 1.463391423225)))))',19.956690297912445,19.9566593170166,467376341,409,1,58,12,256,paper,6,0,2811363264,0.06524617718218821,1220.0001122499998
3600.005404163152,'((-0.210394710302) + ((-0.557612240314) * (((-1.099104285240) * x4) - ((((0.694257676601 * x4) - ((-1.793360829353) * x6)) - ((-1.793360829353) * x5)) - (-0.377271860838)))))',1.2598527254570142e-10,3.412173321670764e-10,604342410,409,2,58,12,256,paper,6,0,1884968544,2.59667590430589e-10,892.0376890000002
3600.004424624145,'(0.000171496838 + (0.375145614147 * ((2.666628599167 * x5) + (((-0.007036947180) * (0.062378171831 + (0.141648575664 * x5))) + (((1.332815647125 * x4) + (1.332815647125 * x6)) + ((1.332815647125 * x4) + (1.332815647125 * x6)))))))',4.3224562035659896e-11,3.050884267441489e-10,488469046,409,8,58,12,256,paper,6,0,404488628,2.984248243098294e-11,515.7895209999992
3600.0052940659225,'(19.781202316284 + (0.959388077259 * sqrt((((((-1.691513299942) * x6) * ((exp(exp(cos(exp(cos(((-0.047117769718) * x4)))))) - ((-24.363759994507) - ((-0.101967580616) * x2))) + (((-1.084229111671) * x5) - (-24.363759994507)))) + (((-1.787511467934) * x6) * ((-2.679077625275) * x4))) + (((0.564098536968 * x6) * (1.408351302147 * x6)) + (((-4.575997352600) * x5) * ((-0.322012096643) * x5)))))))',6.336914117218092,6.336895942687988,415009674,409,3,58,12,256,paper,6,0,1859786275,2.155888073122461,281.83694400000036
3600.0050974041224,'(5.577751159668 + (2.302584886551 * (((((0.434294492006 * x6) + (0.434294492006 * x5)) + (-2.422382116318)) + (((0.693147182465 * x6) - (0.434294492006 * x5)) / (((((-0.207641914487) * x11) ^ 2) / log(0.929154336452)) - ((0.434294492006 * x11) * ((-0.203109964728) * x8))))) + (0.434294492006 * x4))))',2.1400331093083588e-10,1.2444396901845067e-10,471940561,409,4,58,12,256,paper,6,0,3687649985,1.4450308761008755e-10,40.17024400000028
3600.005517128855,'((-0.374704748392) + (0.423130899668 * (((((0.864379763603 * x4) - ((-0.985044836998) * x5)) + (((-0.507539868355) * x4) - ((-0.389662563801) * x5))) + (((0.920479238033 * x6) + (0.693147182465 * x4)) + ((0.864379763603 * x4) - ((-0.988627851009) * x5)))) + ((((0.006312050857 * x6) * 0.025347920135) - ((0.746022403240 * x6) / (6.522132873535 * x6))) + ((1.442695021629 * x6) + ((sqrt(cos(((0.949849128723 * x6) / (6.104979038239 * x6)))) ^ (0.006312050857 * x4)) + (0.449006080627 * x4)))))))',1.0540830375601255e-10,5.017901649750911e-10,241630035,409,5,58,12,256,paper,6,0,369133708,4.98343260628949e-10,13939.344224999999
3600.0049560032785,'(0.000454445952 + ((-0.672922372818) * (((-0.331584185362) * (((2.442174434662 * x6) + (1.413693070412 * x4)) + ((2.039475917816 * x6) + (1.654330492020 * x4)))) - ((1.486069679260 * x5) - ((-0.331584185362) * (((sqrt((0.819367527962 * x4)) * ((-0.002256338485) * x5)) / (2.596637964249 * x6)) + (1.413710355759 * x4)))))))',1.1115141677330013e-08,1.1609417427393964e-08,396291975,409,6,58,12,256,paper,6,0,2995172877,4.170889744740043e-08,59302.23392024999
3600.004580289125,'(67.717330932617 + ((-0.438007801771) * ((((sqrt((0.812859594822 * x6)) / (((exp(((-0.215431004763) * x4)) + ((-0.287698835135) ^ 2)) ^ 2) / (0.701900243759 / ((0.707106769085 * x4) - (((-1.334022164345) * x2) + ((-0.284051477909) * x5)))))) - sqrt((3.141592741013 * x6))) - (0.137245029211 * x5)) * (sqrt((0.812859594822 * x6)) - ((0.010153230280 * x2) - sqrt((1.151419758797 * x4)))))))',6.862571607892334,6.862566947937012,414191742,409,7,58,12,256,paper,6,0,865305066,23.150007553364368,2804.81456025
3600.0044380761683,'(34.730598449707 + (0.047698549926 * (log(((2.408399820328 * x6) + ((((cos((1.088362693787 * x10)) ^ 2) - ((0.030005309731 * x6) - (0.055080518126 * x5))) ^ 2) + (2.162565231323 * x4)))) ^ log((log((460.865509033203 * x5)) ^ 2)))))',5.867140743528915,5.86358118057251,310413009,409,12,58,12,256,paper,6,0,3269070126,3.3827062918628723,613.4042890000005
3600.0046763420105,'((-0.564563691616) + ((-2.088961601257) * ((((((-0.476611971855) * x6) - (sin((exp(exp(cos((log(cos(sin((0.434294492006 * x7)))) ^ 2)))) / (((-0.566308438778) * x6) - (0.357845395803 * x5)))) / cos(((-7.678771972656) / (((-0.000019314304) * x4) + (-0.141156435013)))))) - (0.479285001755 * x5)) + (((0.434294492006 * x6) - 40.528560638428) / ((-3.138465642929) * x4))) + (((-1.415921092033) + (((-0.000019314304) * x4) + 1.833430171013)) * ((-1.159229755402) * x4)))))',0.0010544612619532,0.0010545394616201,289064007,409,11,58,12,256,paper,6,0,3160032368,0.0010607009736326052,165.920161
3600.0046108588576,'(51.181083679199 + ((-14.103045463562) * (((((0.037080582231 * x5) / ((-0.446333706379) * x2)) - ((0.076291866601 * x6) ^ 0.481212884188)) / (sqrt((10.814021110535 * x5)) / (2.083891630173 * x5))) - (((0.074506126344 * x4) - ((3.868756055832 * x6) ^ 0.422241359949)) + ((0.076291866601 * x6) ^ ((0.024743998423 * x5) ^ (-0.186992049217)))))))',3.930257206616589,3.930277109146118,162916386,409,14,58,12,256,paper,6,0,3376120482,0.6436403071405234,2296.27848025
3600.004359290004,'(0.000018933593 + ((-1.477490663528) * (((-0.661891758442) * x6) - ((((0.014900102280 * x6) * (0.014900102280 * x6)) / (7.082814216614 * x6)) + ((0.676823198795 * x5) + ((0.014900102280 * x6) + (0.676823198795 * x4)))))))',6.735576448083051e-11,9.353369190279182e-10,525975831,409,16,58,12,256,paper,6,0,550243861,1.010964025027995e-10,46.94990400000005
3600.004854016006,'((-0.189375922084) + ((-0.740046560764) * (((((4.286321640015 * x4) + ((-0.626576066017) * x6)) ^ ((0.080348804593 * x4) + ((-0.080327466130) * x4))) + ((((-0.080327466130) * x4) + ((-0.080327466130) * x4)) + (((-1.146275520325) * x6) + ((-0.102492243052) * x6)))) + (((((-1.019821047783) * x4) + ((-0.102492243052) * x6)) + (-1.254652023315)) + ((((-2.227315902710) / (((-1.018252134323) * x9) * ((-0.080327466130) * x4))) + ((-0.080327466130) * x4)) + (((-0.090607538819) * x4) + ((-1.351266980171) * x5)))))))',3.215724206698051e-09,2.6253661467023903e-09,243254483,409,15,58,12,256,paper,6,0,2204291346,2.1230932800349534e-09,41.364192249999995
3600.0050122626126,'(59.520095825195 + ((-14.630151748657) * (((-0.068351991475) * x5) + (2.531954050064 + (1.536362528801 + (((-0.068351991475) * x6) + ((-0.068351991475) * x4)))))))',8.480235860456678e-11,3.5326028213766847e-10,629448918,409,17,58,12,256,paper,6,0,3606691181,9.478422998949776e-11,2172.8183822499986
3600.004786230624,'((-0.000010152297) + ((-0.336100727320) * ((((((-0.595063686371) * x4) + ((-0.595063686371) * x4)) + (((-0.595063686371) * x4) + ((-0.595063686371) * x4))) + ((((-0.595063686371) * x6) + ((-0.595063686371) * x6)) - (2.282999515533 * x5))) + (((((-0.595044076443) * x6) + ((-0.595063686371) * x6)) + (((-0.027613930404) ^ 2) * ((-0.010250091553) * x5))) + ((((-0.595063686371) * x6) + ((-0.595044076443) * x4)) - (0.692291319370 * x5))))))',2.1135808265547715e-10,6.70391686607985e-10,296374145,409,20,58,12,256,paper,6,0,1592565386,1.5949883144934128e-10,1808.1630062500008
3600.004807025194,'((-0.871663510799) + (0.208523690701 * (((((4.804867744446 * x4) - ((-4.769905090332) * x5)) - ((exp((((-1.006208300591) * x5) / (0.804596126080 * x1))) - 4.202784538269) - (4.795444965363 * x6))) - (((sin((2.636478900909 / (0.983263969421 * x1))) * cos((0.001729875803 * x5))) ^ ((-0.614214062691) * (exp(((-0.731914639473) * x1)) ^ 2))) * (((-0.157849922776) * x5) * (-0.050630416721)))) - (((((-0.157849922776) * x5) / ((-5.370302200317) * x6)) - (((-0.670555055141) * x5) * (-0.050630416721))) - ((((-0.157849922776) * x5) * (-0.050630416721)) * ((4.756542205811 * x4) / ((-4.106050968170) * x5)))))))',1.4605325913280982e-07,1.4267300230130786e-07,201581823,409,19,58,12,256,paper,6,0,2148995112,3.1031611152604586e-07,15279.679321000001
3600.0049529336397,'(0.542125761509 + (0.408086270094 * (((2.450448989868 * x5) - (((-2.938689708710) * (0.834026634693 * x6)) - (2.450539588928 * x4))) - (((0.464424371719 * x6) ^ (0.318309873343 / 4.099051475525)) - (log((((4.066140174866 * x0) / ((-0.280019223690) * x1)) - (((-18.302154541016) - (1.184814810753 * x4)) + (0.381021678448 * x4)))) / ((0.318309873343 * x6) * ((-0.038376778364) * x6)))))))',3.492342128136625e-07,3.423252792345011e-07,298044102,409,22,58,12,256,paper,6,0,3980425317,5.91412866298087e-07,390.8133610000002
3600.006000138819,'(0.009033598937 + ((-0.887556195259) * (((((0.315989494324 * x6) - (1.126689314842 * x5)) - (1.126689314842 * x4)) - (log((exp(cos((((6.796215057373 * x4) + (-0.811764061451)) ^ log((((((cos(1.614806175232) / sin(((-1.961020708084) * x4))) * log(0.058693051338)) + sin(sin((0.848899781704 * x6)))) ^ 2) ^ ((((-0.673749327660) - (-0.811764061451)) ^ (0.101790808141 * x4)) ^ 2)))))) * cos((exp((((-0.023666761816) * x4) / ((-1.089134812355) * x8))) ^ cos((4.849042892456 * x4)))))) / (exp(sqrt((1.000994086266 ^ ((-0.265940368176) * x6)))) ^ 2))) - (1.442681431770 * x6))))',3.818603420343888e-11,3.251600377840447e-10,244617023,409,9,58,12,256,paper,6,0,2261209995,2.5283169625259475e-11,417.7527209999997
3600.0043374188244,'(58.851844787598 + ((-0.412359386683) * ((((((-0.146598964930) * x4) - ((-2.425069093704) * x4)) / ((-2.425069093704) * x4)) + (((0.336529374123 * x4) / ((-2.425069093704) * x4)) + ((-2.425069093704) * x4))) - (((((-4.777872085571) * x6) / (0.033226251602 * x6)) - ((-2.425069093704) * x6)) - ((-2.425069093704) * x5)))))',4.124271144738595e-12,2.850168157042532e-10,440269795,409,13,58,12,256,paper,6,0,3081541439,4.229529070389533e-12,12835.303849000002
3600.00470052287,'(0.002529144986 + ((-0.101168826222) * ((((((-3.246634006500) * x5) + ((sin((0.080575048923 * x4)) * 0.962587952614) / ((-3.727852821350) * x3))) + (((-3.246634006500) * x5) + ((-3.158509016037) * x6))) + ((-3.319513559341) * x4)) + (((((-3.391231775284) * x5) + ((-3.567350149155) * x6)) + ((-3.245246887207) * x4)) + (((log((((0.080575048923 * x4) * (((-2.202452898026) * x5) ^ 2)) ^ (-0.223545581102))) / ((-3.809307336807) * x4)) + ((-3.158588647842) * x6)) + ((-3.319513559341) * x4))))))',4.7275736074901436e-09,4.134751208084708e-09,245008087,409,10,58,12,256,paper,6,0,4190266092,2.962770227664156e-10,6.940590250000015
3600.0046911127865,'((-0.658936142921) + ((-0.784637510777) * ((((((exp(((0.561980485916 * x4) + ((-1.150400876999) * x5))) ^ sin((((-0.604744493961) / (0.872837305069 * x5)) ^ 2))) ^ 2) ^ (-0.240281149745)) - (0.692089676857 * x6)) - ((0.646103620529 * x4) - (((-0.637225270271) * x5) - ((-0.109675526619) * x6)))) - ((0.692089676857 * x6) - ((((-0.637225270271) * x5) - exp(sqrt(log(sqrt((((-2.623837947845) / (((-0.620043039322) * x6) - (1.184091091156 * x4))) - (-2.078436613083))))))) - (0.628416121006 * x4))))))',2.1966750962952613e-07,1.4155702388052305e-07,202783525,409,18,58,12,256,paper,6,0,1934392872,8.991448554186803e-07,12768.322008999996
3600.0045601688325,'((-0.222338929772) + ((-0.325924992561) * ((((((-1.535229206085) * x5) + ((-1.391310095787) * x4)) + ((-1.308501958847) * x4)) + (((2.308363437653 * x6) + (((cos((2.302633047104 * x1)) ^ 2) * (0.063368558884 * x5)) + exp(3.301458597183))) / (((-2.455444812775) * x6) + ((-1.621982932091) * x5)))) + (((-0.368397325277) * x4) + (exp(((0.024466484785 * x5) - sqrt((0.238748073578 * x5)))) + (((-3.067086696625) * x6) + ((-1.535229206085) * x5)))))))',6.526802591395525e-06,6.5336575971741695e-06,315229752,409,21,58,12,256,paper,6,0,784044718,8.297843743536182e-05,723.5562009999993
3600.0044253245,'((-0.032556392252) + ((-0.219838455319) * ((((((-3.816417694092) * x6) / ((-0.792836308479) * x4)) + (((-5.356327056885) * x5) + (((-0.096813589334) ^ 2) ^ (-1.028760313988)))) / ((12.503762245178 - ((0.268010020256 * x2) + ((-1.452863574028) * x0))) + (((-2.446963071823) * x5) + ((-2.340384721756) * x4)))) + (((6.016659736633 / (0.693147182465 * x3)) + (((-4.555426120758) * x5) + ((-4.543400764465) * x4))) + (sin(log((1.160960793495 * x5))) + (((-2.437522888184) * x6) + ((-2.110337734222) * x6)))))))',1.4018711532239326e-05,1.3975551155454012e-05,262372647,409,25,58,12,256,paper,6,0,1728356533,4.162554050332979e-06,2618.01072225
3600.0044162124395,'(0.023651102558 + ((-0.571908593178) * ((log(6.516759395599) / ((6.309453964233 ^ 2) + (5.394536495209 + (0.045257113874 * x4)))) - (((1.748494625092 * x4) - ((-1.748531103134) * x5)) - ((-1.748531103134) * x6)))))',1.687655301868377e-10,4.2150374857108375e-10,455609437,409,27,58,12,256,paper,6,0,2342600226,1.6648092643882382e-10,2921.5646522500006
3600.0047066397965,'(0.086745150387 + ((-0.082169391215) * (((((1.124201416969 * x3) - (5.666325092316 * x5)) - (6.503025531769 * x5)) - cos(((((cos((4.702001094818 * x7)) + (5.046734333038 * x5)) / ((0.434294492006 * x5) + (0.602238953114 * x5))) + (exp((-0.407882899046)) ^ 2)) ^ 2))) - ((12.170064926147 * x6) - (((3.507616758347 * x4) / (23.705337524414 * x5)) - ((1.124201416969 * x3) + (12.171437263489 * x4)))))))',5.695764121704661e-07,5.59640568553732e-07,310137407,409,23,58,12,256,paper,6,0,3356806661,8.886065605672891e-06,1827.0067922500011
3600.005200754851,'(0.000023396391 + (0.000149029322 * (((((3.142152547836 * x6) - ((-3.142096042633) * x4)) - ((-3.142118453979) * x5)) * ((6.797925949097 ^ 2) ^ 2)) - (((3.142152547836 * x6) - (cos(((0.166011199355 + (cos(((-0.376989543438) * x10)) + 0.166011199355)) + (((0.335874944925 * x11) ^ 2) ^ (0.368591278791 ^ 2)))) - ((-2.023882865906) * x4))) / (6.575155258179 ^ 2)))))',2.6127635079898066e-10,2.1275903261397386e-10,293058552,409,24,58,12,256,paper,6,0,2765379632,1.7948652264744307e-10,1501.6012502500012
3600.0048161149025,'((-7.618408679962) + (0.443507820368 * (((exp(exp(((log(0.063792407513) / sqrt(exp((((-0.440297007561) / sin(((-0.045342516154) * x4))) ^ 2)))) + log(sqrt((((1.944306612015 * x3) * (((sqrt(0.440357267857) / 0.063792407513) ^ 2) / ((0.039418295026 * x4) / (1.600872755051 * x8)))) ^ sin(0.318309873343))))))) - (0.039418295026 * x4)) ^ cos((0.039418295026 * x4))) - (((((-2.254625082016) * x6) - (2.014949798584 * x4)) - sqrt((16.541927337646 * x4))) - (2.255116701126 * x5)))))',0.0007360803705213,0.0007357884314842,227619022,409,26,58,12,256,paper,6,0,3533734220,1.821617469047331e-05,393.9828010000007
3600.0043970122933,'((-4.541928291321) + (1.414213538170 * ((0.707106769085 * x6) + (((0.707106769085 * x5) + cos((sqrt(((sqrt(((sqrt((0.053249910474 * x7)) + ((((1.334783077240 ^ 2) / (((-1.256133317947) * x11) ^ 2)) ^ 2) + ((cos(((-0.252875059843) * x5)) ^ 2) - (cos(0.206441655755) + ((-0.855221748352) * x1))))) ^ 2)) + cos(cos(log((0.707106769085 * x6))))) ^ 2)) / (0.191114917397 * x11)))) + ((0.707106769085 * x4) + 2.211630344391)))))',1.0039960071976132e-10,4.01432137531188e-10,501448338,409,29,58,12,256,paper,6,0,1934709049,9.194564604236864e-11,793.7742759999995
3600.005086973309,'((-0.340571701527) + (0.351323783398 * (((((0.863008439541 * x6) + (1.068494558334 * x4)) + (cos((((sin(((sin(exp((sqrt(log(((0.031847462058 * x4) + 0.480359613895))) * (cos(cos((0.708161711693 * x4))) + cos((-0.829413592815)))))) ^ 2) ^ (log(((1.027428030968 * x5) ^ log((0.434294492006 * x10)))) - 1.116041421890))) ^ 2) ^ 2) ^ 2)) + (0.863008439541 * x6))) + (0.708161711693 * x4)) + ((((cos(sqrt(((3.943923711777 * x4) ^ 0.211118310690))) ^ 2) + (1.068494558334 * x4)) + ((1.120361328125 * x6) + (1.404142618179 * x5))) + (1.442233324051 * x5)))))',2.6784309215543812e-08,2.6036888201019792e-08,172148421,409,28,58,12,256,paper,6,0,1904449481,3.106127620110151e-09,3274.3572839999997
3600.005602318793,'((-0.000026845248) + (0.502948045731 * (((1.988277316093 * x4) + (1.988277316093 * x6)) + (1.988277077675 * x5))))',4.5137914404961085e-10,5.539763647810503e-10,913019307,409,0,58,12,512,paper,4,0,3324115916,1.3311287437272157e-10,804.9987562500002
3600.0064205527306,'((-0.000004785071) + ((-0.444845676422) * (((-2.247970581055) * x4) + (((-2.247970581055) * x6) + ((-2.247970581055) * x5)))))',4.498156017506847e-11,1.2243680513890354e-09,914087349,409,1,58,12,512,paper,4,0,2811363264,4.307446542323563e-11,1220.0001122499998
3600.0077017769217,'((-0.000008252671) + (1.414213657379 * ((0.707106769085 * x5) + ((0.707106769085 * x4) + (0.707106769085 * x6)))))',6.817817024697554e-11,4.255180652279477e-10,908478234,409,3,58,12,512,paper,4,0,1859786275,8.007690325466647e-12,281.83694400000036
3600.005709551275,'((-0.000024461715) + ((-0.824685573578) * ((((-1.212583541870) * x6) + ((-1.212582945824) * x4)) + ((-1.212583541870) * x5))))',1.4047090715341328e-10,4.375610429541154e-10,910865954,409,2,58,12,512,paper,4,0,1884968544,2.7899778032534017e-10,892.0376890000002
3600.0070423930883,'(0.000007391316 + ((-0.993260920048) * (((-1.006784796715) * x6) + (((-1.006784796715) * x4) + ((-1.006784796715) * x5)))))',3.0066529587915647e-11,2.4487362138003727e-10,913039514,409,5,58,12,512,paper,4,0,369133708,2.2133685384443143e-11,13939.344224999999
3600.006298352033,'((-0.000043940559) + ((-0.318312734365) * ((((-0.879777312279) * x6) - (3.141564130783 * x4)) - ((3.141564130783 * x5) - ((-2.261788606644) * x6)))))',2.596868896991776e-10,4.2150374857108375e-10,796652851,409,8,58,12,512,paper,4,0,404488628,2.743625745487861e-10,515.7895209999992
3600.0056715793908,'(0.000031173549 + (1.102061033249 * (((0.907391250134 * x5) + ((-0.164356753230) * x6)) - (((-0.907392799854) * x4) + ((-1.071746110916) * x6)))))',4.581093862108837e-09,5.31094723754677e-09,803207983,409,6,58,12,512,paper,4,0,2995172877,6.332791074604735e-09,59302.23392024999
3600.007259551436,'((-0.000005101680) + (0.605301082134 * ((((-2.074260711670) * x5) * (-0.796462297440)) - (((-1.652070403099) * x4) + ((-1.652070403099) * x6)))))',4.148502811161672e-12,1.1240099823117687e-10,793053603,409,7,58,12,512,paper,4,0,865305066,2.3220715995861465e-13,2804.81456025
3600.0057365223765,'(0.000021860480 + ((-0.473484814167) * ((((-2.111999988556) * x6) + ((-2.111999988556) * x5)) + ((-2.111999988556) * x4))))',5.202986549725791e-11,2.850168157042532e-10,895201252,409,9,58,12,512,paper,4,0,2261209995,2.905173392045967e-12,417.7527209999997
3600.0061652995646,'(29.792886734009 + (0.173117637634 * (((0.399691820145 * x6) / (cos(sqrt(exp(sin(exp(((0.434294492006 * x4) / (7.911103725433 * x6))))))) + sqrt(((-0.598314702511) / ((-27.797788619995) * x4))))) - ((-5.749547481537) * x5))))',1.620070671111394,1.6199508905410769,575911134,409,4,58,12,512,paper,4,0,3687649985,1.5616565652051169,40.17024400000028
3600.006130680442,'((-0.000035152778) + (2.312514066696 * (((0.432429701090 * x5) + (0.432429701090 * x6)) - ((-0.432430565357) * x4))))',9.855510155342744e-10,1.8184875827387261e-09,891394593,409,10,58,12,512,paper,4,0,4190266092,1.5518808840419254e-10,6.940590250000015
3600.0065485686064,'(0.000058892903 + ((-0.451232671738) * ((((-2.216147422791) * x4) - (1.108065724373 * x6)) - ((2.216151714325 * x5) + (1.108086347580 * x6)))))',1.1502207658388043e-09,1.3287404510009535e-09,800283691,409,12,58,12,512,paper,4,0,3269070126,2.6766673353181035e-10,613.4042890000005
3600.006556198001,'(0.000033364075 + ((-0.693149328232) * (((-1.442689180374) * x4) - ((1.442690730095 * x5) + (1.442690730095 * x6)))))',3.938976843815171e-10,5.700336314085064e-10,913617336,409,11,58,12,512,paper,4,0,3160032368,2.995157450521986e-10,165.920161
3600.006414502859,'((-0.000004463734) + (0.590638041496 * ((((1.599293112755 * x4) - ((-1.599294185638) * x5)) * 1.058644890785) - (((-0.826651036739) * x6) + ((-0.866432905197) * x6)))))',1.7312897488240323e-09,1.5695996724574e-09,730351245,409,14,58,12,512,paper,4,0,3376120482,1.658588849567733e-09,2296.27848025
3600.005420628935,'(0.000014343911 + ((-0.505794107914) * ((((-1.977088809013) * x6) - (1.977089524269 * x4)) + ((-1.977088809013) * x5))))',1.2663120244752442e-10,7.827926640224803e-10,902994968,409,13,58,12,512,paper,4,0,3081541439,6.712558674678793e-11,12835.303849000002
3600.0066923350096,'((-0.000019269570) + (0.416306585073 * (((2.402075767517 * x4) + (1.384812593460 * x6)) + ((2.402075767517 * x5) + (1.017263770103 * x6)))))',6.964246071454434e-11,7.025062753740484e-10,787500045,409,15,58,12,512,paper,4,0,2204291346,4.719621037996854e-11,41.364192249999995
3600.006492141634,'((-0.000059662554) + (0.982442498207 * (((1.017871499062 * x4) - ((-1.017871618271) * x6)) + (1.017871141434 * x5))))',4.1644105513791935e-10,7.386351530414004e-10,909895220,409,16,58,12,512,paper,4,0,550243861,2.6073687835259963e-10,46.94990400000005
3600.0063918307424,'(0.000030254556 + ((-2.541543245316) * ((((-0.393461823463) * x6) - (0.393461585045 * x5)) - (0.393461585045 * x4))))',4.040867068244712e-10,3.893891875605959e-10,901267995,409,17,58,12,512,paper,4,0,3606691181,1.5205113598099857e-10,2172.8183822499986
3600.0054741315544,'(0.000000868231 + (2.285176038742 * ((0.437602996826 * x4) + ((0.437603026628 * x6) - ((-0.437603086233) * x5)))))',1.9474831245780917e-11,3.6530325986383616e-10,843961470,409,20,58,12,512,paper,4,0,1592565386,2.717619562988426e-12,1808.1630062500008
3600.005668707192,'(0.000025178495 + (0.360840827227 * (((2.771304130554 * x6) - ((-2.771305799484) * x4)) + (2.771305322647 * x5))))',1.9242046457906955e-10,5.178474871136983e-10,903249722,409,19,58,12,512,paper,4,0,2148995112,2.6211773102397068e-12,15279.679321000001
3600.005888301879,'((-0.000012589251) + (1.116128087044 * (((0.895954430103 * x5) + (0.895954847336 * x4)) + (0.895954430103 * x6))))',3.698680357265032e-10,7.306065197276722e-10,907552354,409,21,58,12,512,paper,4,0,784044718,6.520894754824951e-11,723.5562009999993
3600.005855102092,'(0.000055190430 + (0.605272769928 * ((1.652146935463 * x6) + ((1.652146935463 * x4) + (1.652148485184 * x5)))))',9.15205828882596e-10,1.2404253180164915e-09,911641517,409,18,58,12,512,paper,4,0,1934392872,1.9492582960230168e-09,12768.322008999996
3600.0059185661376,'((-0.000007087887) + ((-0.238164976239) * (((-4.198770999908) * x4) + (((-4.198770046234) * x6) + ((-4.198770046234) * x5)))))',3.48171446682744e-11,1.376912250883322e-09,914063516,409,22,58,12,512,paper,4,0,3980425317,5.533137071300844e-11,390.8133610000002
3600.0052493810654,'(14.660679817200 + (1.384471654892 * (((0.693147182465 * x3) + log(((((0.018055513501 * x6) ^ (0.092064969242 * x5)) / ((sqrt(((0.018055513501 * x6) ^ (2.349710464478 / log(((0.841274797916 * x4) + 5.448128700256))))) ^ (((-1.072833895683) * x7) + ((0.024022474885 * x5) / 0.115929782391))) + ((-0.132322683930) * x7))) ^ 2))) + (0.648912847042 * x2))))',14.861782139135853,14.86176872253418,334813272,409,23,58,12,512,paper,4,0,3356806661,8651.260570334762,1827.0067922500011
3600.007081631571,'(0.000004809654 + (0.693147242069 * ((1.442695021629 * x4) + ((1.442695021629 * x5) + (1.442695021629 * x6)))))',7.910120122734938e-10,4.496039929247075e-10,913474896,409,24,58,12,512,paper,4,0,2765379632,1.0812643570692669e-09,1501.6012502500012
3600.0075722672045,'(0.000031875381 + ((-0.932788252831) * ((((-1.072055459023) * x4) + ((-0.146406978369) * x6)) - ((1.072054982185 * x5) - ((-0.925646960735) * x6)))))',8.419076928887544e-10,1.216339362564156e-09,798062892,409,25,58,12,512,paper,4,0,1728356533,3.429431819261006e-10,2618.01072225
3600.005874082446,'(0.000016281601 + (0.693147182465 * ((1.442695021629 * x4) + ((1.442694902420 * x6) + (1.442695021629 * x5)))))',2.0324253884391387e-11,4.616469706508752e-10,918393219,409,27,58,12,512,paper,4,0,2342600226,1.0884457517200274e-11,2921.5646522500006
3600.0055510737,'(0.000031477586 + (4.378915786743 * (((0.228367120028 * x5) - ((-0.228366956115) * x4)) - ((-0.228366956115) * x6))))',3.7433973866792675e-10,1.1079527295621006e-09,902129131,409,28,58,12,512,paper,4,0,1904449481,6.072558661218146e-11,3274.3572839999997
3600.0070358924568,'((-0.000001491397) + ((-0.798828721046) * ((((-1.251832604408) * x6) - (0.571035623550 * x4)) + (((-1.251832604408) * x5) - (0.680798649788 * x4)))))',8.202942908054446e-10,1.2444396624289311e-09,799823258,409,26,58,12,512,paper,4,0,3533734220,2.11102731693921e-10,393.9828010000007
3600.005821172148,'(0.000001572621 + ((-0.935431003571) * ((((-1.069025874138) * x5) - (1.069025993347 * x6)) - (1.069025993347 * x4))))',5.249160617127118e-11,2.6093088800749337e-10,905742055,409,29,58,12,512,paper,4,0,1934709049,3.640235275175427e-11,793.7742759999995
3600.0056106112897,'((-1.564214944839) + (1.121880769730 * ((((13.554122924805 * x4) + (((-0.297923117876) * x3) * ((-0.297923117876) * x3))) / (((((2.377314805984 + sqrt(((exp((exp(sqrt(exp(((((-0.864304125309) * x3) / (0.682171404362 * x5)) + 1.865917801857)))) - (0.458650231361 * x7))) - ((-0.970915675163) * x6)) - (1.946259260178 * x1)))) ^ 2) + (sin((16.800352096558 * x1)) * ((-0.080459773540) * x2))) * (0.997945368290 * x5)) / (2.457310676575 * x2))) + ((((2.701447010040 * x6) * (0.997945368290 * x5)) / (2.582472801208 * x2)) + (0.790254473686 * x2)))))',7.461268502421055,7.461279392242432,325849908,409,0,58,12,512,paper,6,0,3324115916,8.652885551663218,804.9987562500002
3600.005998145789,'(0.000084551437 + (1.242941141129 * (((((0.436141818762 * x5) + (0.367372870445 * x4)) + ((((0.436186522245 * 0.234005689621) ^ 2) ^ 2) * (0.433948636055 * x5))) + (0.000511020422 * x4)) + ((((0.368355244398 * x5) + (0.436141818762 * x4)) + ((0.000511020422 * x4) + (0.000511020422 * x6))) + (0.804033517838 * x6)))))',2.0786312487216324e-08,2.1432462915527143e-08,374185085,409,2,58,12,512,paper,6,0,1884968544,7.455837933943737e-08,892.0376890000002
3600.004737135023,'(31.906202316284 + ((-1.259627819061) * (exp(exp(1.172571301460)) + ((0.033568359911 / cos(0.672847747803)) + (((-0.793885290623) * x5) + (((-0.793885290623) * x6) + ((-0.793885290623) * x4)))))))',4.448095753540438e-12,9.674514522828304e-10,484657659,409,1,58,12,512,paper,6,0,2811363264,4.626441757153741e-12,1220.0001122499998
3600.005822803825,'((-2.990237236023) + (1.006341457367 * sqrt(((((log((((-6.631777763367) * x10) * ((-1.015227437019) * x8))) - ((-0.416301459074) * x4)) ^ exp(sqrt(cos(sin(exp(cos((exp((exp((((-0.447491556406) * x4) / 31.757921218872)) ^ 2)) * ((1.601208329201 * x5) / (1.945580005646 * x6)))))))))) + ((0.365410357714 * x6) * (1.781056165695 * x6))) + (((1.972651600838 * x5) * (1.697457551956 * x6)) + ((0.707106769085 * x5) * (5.682691574097 * x4)))))))',2.162044443489995,2.1620450019836426,283897140,409,3,58,12,512,paper,6,0,1859786275,3.0479775019699353,281.83694400000036
3600.005957391113,'(0.000007312332 + (0.346245348454 * (((1.445430159569 * x6) + (((0.736919105053 * x4) - ((-0.722862303257) * x5)) + ((0.736941397190 * x4) - ((-0.721194148064) * x5)))) + ((1.442695021629 * x6) + (((0.677322089672 * x4) - ((-0.722875535488) * x5)) + ((0.736941397190 * x4) - ((-0.721194148064) * x5)))))))',1.4801535304374198e-10,6.222198312144656e-10,410759454,409,5,58,12,512,paper,6,0,369133708,4.286170211514545e-11,13939.344224999999
3600.0046877488494,'(30.282739639282 + (0.140772596002 * (sqrt(((((-4.695233345032) * x4) * (-2.283629655838)) - ((-7.039769649506) * x6))) * sqrt(((((-1.589219689369) * x5) * (log((0.223580539227 * x5)) / (-0.363445401192))) - ((-6.331464767456) * x6))))))',9.228885022217938,9.228803634643556,462556770,409,6,58,12,512,paper,6,0,2995172877,58.53062900333439,59302.23392024999
3600.005301386118,'(1.929755449295 + ((-0.955025970936) * (((((-1.050465822220) * x4) + (((-1.047061324120) * x6) + ((-1.045107722282) * x5))) + ((exp((0.023742256686 * x5)) + ((-0.285947382450) * x5)) / ((0.021733965725 * x9) + ((-0.323976993561) * x11)))) + ((sin(((-0.074524536729) * x4)) + (((-1.099897742271) * x4) + ((-0.446393549442) * x5))) / ((((-0.446393549442) * x4) + ((-0.285290479660) * x5)) - cos(((-0.026798779145) * x5)))))))',1.7999037730678914e-05,1.8020899005932733e-05,326869652,409,4,58,12,512,paper,6,0,3687649985,1.4746114670326944e-05,40.17024400000028
3600.005894944072,'((-0.132305592299) + (0.731832504272 * (((((0.024497762322 * x5) - 0.317800819874) * (-0.568984448910)) + (((1.380372166634 * x5) + (0.212432727218 * x6)) + ((-0.521838903427) * ((-0.960160493851) * x4)))) + ((((-0.535938680172) * ((-1.614704847336) * x4)) - ((-0.576999962330) * x6)) - ((-0.576999962330) * x6)))))',2.2754914400682078e-10,4.817185539351954e-10,364417656,409,8,58,12,512,paper,6,0,404488628,1.6152340301258373e-10,515.7895209999992
3600.0055872946978,'(1.173610687256 + (1.021994352341 * (((((0.073293678463 * x6) - ((-0.489239454269) * x5)) - ((-1.071615219116) ^ 2)) - ((-0.489239454269) * x4)) - ((((-0.902390122414) * x6) + (((-0.489239454269) * x4) + (0.036615878344 * x6))) - (((0.039418552071 * x6) - sin(((((0.073293678463 * x6) * (0.036615878344 * x6)) * (0.056354746222 ^ 2)) / (1.161548733711 * x6)))) - ((-0.489239454269) * x5))))))',3.811249954455429e-11,3.813605264912922e-10,355538664,409,10,58,12,512,paper,6,0,4190266092,6.718827624790507e-12,6.940590250000015
3600.0064477026463,'(0.000412889931 + ((-0.550096929073) * (((((1.772453904152 * x5) / (-0.975020170212)) - (((-0.468439668417) / (1.227732539177 * x6)) / (0.301252901554 * x4))) - ((0.450453668833 * x4) - ((1.120506525040 * x6) / (-0.513099193573)))) - (((1.368423700333 * x4) - ((0.786780178547 * x6) / 2.150010347366)) + (((0.450453668833 * x4) / 1.709279775620) / ((-0.975020170212) / 0.003783583641))))))',4.322561320472066e-09,4.447868295898161e-09,294924758,409,9,58,12,512,paper,6,0,2261209995,1.0116468132788277e-09,417.7527209999997
3600.005552250892,'(0.259564250708 + ((-1.328555464745) * ((((sin(((cos(sin(sqrt(cos((((0.356897473335 * x6) * (sqrt(((((-3.002627849579) * x3) + (((0.530520915985 * x8) - (0.110777676105 * x8)) + ((-5.817638397217) * x3))) * 0.680955588818)) - 2.737924575806)) / (1.737045645714 * x8)))))) ^ 2) ^ 2)) + (0.356897473335 * x6)) - (1.466501235962 * x6)) + ((((-0.687930881977) * x4) / (1.772453904152 * x8)) + (((-0.752696752548) * x5) + (0.356897473335 * x6)))) + ((-0.752685964108) * x4))))',1.1821544838671304e-08,1.0894868118782597e-08,379075381,409,7,58,12,512,paper,6,0,865305066,1.1963165544497295e-08,2804.81456025
3600.005458746105,'((-0.000016133645) + ((-0.530508041382) * (((-0.845896661282) * x6) + (((-0.845652103424) * x6) + (((-0.193437233567) * x6) + (((-1.884985327721) * x4) + ((-1.884985327721) * x5)))))))',9.709663341681116e-11,6.744059755092734e-10,628183937,409,11,58,12,512,paper,6,0,3160032368,1.5392996221229166e-11,165.920161
3600.0055994465947,'(0.000038138194 + (0.538489460945 * (((((0.835440635681 * x6) - ((-1.137816429138) * x4)) / (sqrt(((0.219881221652 - (1.394141554832 - ((0.219881221652 ^ 2) ^ (-2.141180992126)))) - 0.652635931969)) ^ 2)) + ((1.857046961784 * x5) + ((0.932968616486 * x6) - ((-0.934655249119) * x4)))) + ((0.922800719738 * x6) - ((-0.920650839806) * x4)))))',3.0394084709094103e-10,8.068786194748157e-10,307711427,409,12,58,12,512,paper,6,0,3269070126,9.248517783009734e-11,613.4042890000005
3600.0064841918647,'((-0.001491572242) + (1.253240704536 * ((((0.797943294048 * x4) - ((-1.128445029259) * (0.707106769085 * x6))) - (exp((-1.017810702324)) / (2.686662435532 * x4))) - ((-1.128445029259) * ((exp((-1.016656875610)) / (2.492800951004 * x4)) + (0.707106769085 * x5))))))',1.7815367504950346e-08,1.8839211080035057e-08,394379868,409,13,58,12,512,paper,6,0,3081541439,5.5122308843859534e-09,12835.303849000002
3600.0056054480374,'((-0.003670177888) + ((-0.338787168264) * (((((((2.348005533218 * x6) ^ cos((-0.288781046867))) - (1.961619734764 * x6)) - (((exp(((2.274812459946 * x6) / ((-4.253352165222) * x5))) * (0.478547930717 * x1)) ^ 2) - (0.198167741299 * x5))) / ((-9.264915466309) * x3)) + (((0.757766723633 * x6) + (2.922535896301 * x4)) + ((-2.951526165009) * x5))) - ((((1.961619734764 * x6) + ((-1.578601717949) * x4)) + ((0.839954614639 * x6) + (2.921344757080 * x4))) + (((0.839954614639 * x6) + (1.414213538170 * x4)) + ((0.068122409284 * x6) + (3.117310762405 * x4)))))))',1.863430027434729e-07,1.8349061292610719e-07,286012127,409,14,58,12,512,paper,6,0,3376120482,6.378194357037618e-09,2296.27848025
3600.0056416243315,'(123.374664306641 + ((-0.318309873343) * ((((exp((2.630238533020 + 0.349739313126)) ^ 2) - (3.141592741013 * x6)) - (3.141592741013 * x4)) - (3.141592741013 * x5))))',7.351808285779653e-12,2.0874471595710984e-10,597245995,409,15,58,12,512,paper,6,0,2204291346,2.6482181441887407e-12,41.364192249999995
3600.0053668543696,'((-0.000602713088) + (0.506601810455 * (((((1.973934054375 * x5) + ((-0.497216790915) * x1)) - ((cos((-3.066007852554)) ^ 2) * ((-0.594850897789) * x4))) - ((-1.382456302643) * x4)) + ((((-0.667725086212) * ((-0.594850897789) * x6)) - (((-0.497216790915) * x1) + ((-0.981899201870) * x6))) + ((((-0.043229043484) * x4) / (((-1.009953856468) * x6) / 0.070018053055)) - ((-0.594850897789) * x6))))))',8.492912550068963e-09,8.996094535973498e-09,308280159,409,17,58,12,512,paper,6,0,3606691181,1.1534757165124885e-08,2172.8183822499986
3600.005619570613,'(178.481079101562 + ((-3.442319154739) * ((((((-0.290501832962) * x5) + ((-0.290501832962) * x6)) + (7.306765556335 ^ 2)) + ((-0.290501832962) * x4)) - ((0.745711684227 * 0.638104557991) + ((cos((((1.873332977295 * x3) / (0.659143388271 * x11)) ^ 2)) ^ cos((((sin(0.056847319007) - ((0.260012090206 * x3) - 1.866747856140)) + exp(((-0.061914559454) / (0.149866506457 * x6)))) ^ 2))) * (0.745711684227 * 1.426691412926))))))',1.9968866153567223e-11,2.6093088800749337e-10,363824335,409,16,58,12,512,paper,6,0,550243861,4.046070823986818e-12,46.94990400000005
3600.0059023201466,'((-0.000461840507) + (0.920438289642 * ((((((-0.047974705696) * x4) - ((-1.469379782677) * x5)) - (((-0.597628355026) * x4) - ((-0.169388800859) * x5))) + ((((-0.047974705696) * x4) - (((((-0.047588832676) * x4) ^ 2) / (2.231205940247 * x4)) / ((-1.086443781853) * x6))) - ((-1.086443781853) * x6))) + (((-0.166491374373) * x5) - ((((-0.632343530655) * x4) - ((-0.047063075006) * x5)) - ((-0.047588832676) * x4))))))',1.1157997512725857e-08,9.786915278198194e-09,315500316,409,19,58,12,512,paper,6,0,2148995112,1.1012403390202237e-08,15279.679321000001
3600.00583794713,'((-0.299396961927) + (0.693147182465 * ((((1.442695021629 * x6) + sin(0.446640670300)) + (1.442695021629 * x5)) + (1.442695021629 * x4))))',1.2622476995379648e-11,4.255180652279477e-10,646214743,409,21,58,12,512,paper,6,0,784044718,1.0328373625112182e-11,723.5562009999993
3600.005556371063,'(0.630746364594 + (0.823171794415 * ((((sqrt(exp(exp((2.067379474640 / (((((-0.439098417759) * x4) + (1.689233779907 * x4)) * (sin(((0.676622986794 * x7) * 1.448857665062)) - exp((-0.283705443144)))) + 3.178785324097))))) / ((-2.013008832932) * x5)) - (1.071845889091 / ((-0.406467556953) * x4))) - ((-1.214855194092) * x6)) - (((sin(exp(((1.704761028290 * (0.435750931501 ^ ((-0.037697385997) * x4))) / (1.689233779907 * x4)))) + ((-1.214709997177) * x5)) + ((-0.037697385997) * x4)) + ((-1.178839683533) * x4)))))',3.7587337212898394e-06,3.718445896083722e-06,291687855,409,18,58,12,512,paper,6,0,1934392872,0.00012825601479063173,12768.322008999996
3600.007114481181,'((-0.005442359950) + (0.333754718304 * ((((2.996325254440 * x6) - ((-2.996059179306) * x5)) - ((-2.996466398239) * x4)) - ((cos(3.753250837326) / ((-1.328674316406) * x5)) - (cos(((exp(sqrt((exp(((((1.492443084717 * x0) / ((-2.536903381348) * x8)) * ((((-0.947858572006) * x5) ^ 2) - (0.343171417713 * x11))) / ((-0.801624536514) * x4))) - ((0.773803830147 / ((-0.287823885679) - sqrt((0.943196654320 * x6)))) + ((0.071478001773 * x4) / (0.021683357656 * x11)))))) / sqrt(cos((exp(((1.492443084717 * x0) ^ ((-0.801624536514) * x4))) ^ (0.154304161668 * x4))))) ^ 2)) / ((-0.801624536514) * x4))))))',5.770075785466694e-07,5.7747621440285e-07,170788726,409,20,58,12,512,paper,6,0,1592565386,1.3538596281517542e-07,1808.1630062500008
3600.0062466561794,'((-0.237184062600) + (0.231176763773 * ((((1.522424340248 * x6) - ((-4.326169490814) * x4)) + (log((((-0.609806656837) * x4) ^ 2)) / (((-2.684194564819) * x0) - ((-3.569543123245) * x4)))) + ((sin(log(cos(sqrt(sqrt(((-0.206122055650) + exp(sin(log((1.951400279999 * x6)))))))))) + (sqrt((2.774519681931 * x5)) ^ 0.027674872428)) + ((2.804766654968 * x6) - ((-4.325547695160) * x5))))))',5.331777656604452e-07,5.250371373222151e-07,231765074,409,22,58,12,512,paper,6,0,3980425317,1.2716651461286116e-06,390.8133610000002
3600.0052924081683,'(10.466045379639 + ((-2.500528573990) * (((cos((0.132438898087 * x7)) + ((-0.395300656557) * x2)) + (cos(((((-0.459483563900) * x3) / (-0.668464958668)) + ((0.222020536661 * x1) + (-0.961440503597)))) / sin((sqrt((0.100437335670 * x5)) ^ sin(cos((-0.655964493752))))))) + ((cos((0.163771659136 * x7)) + cos((1.727947235107 * x1))) + (cos((0.151986345649 * x7)) + ((-0.395300656557) * x3))))))',5.672805589543853,5.672819137573242,225446578,409,23,58,12,512,paper,6,0,3356806661,6110.8179773030315,1827.0067922500011
3600.004694338888,'(26.498592376709 + (0.334206670523 * ((((2.992156028748 * x6) - (2.992151021957 * x6)) - (sin(1.442695021629) / 0.012382630259)) - (((((-2.992160081863) * x4) + ((-2.992160081863) * x5)) - (0.707106769085 ^ 0.613324522972)) - (2.992156028748 * x6)))))',9.229609233239162e-11,4.255180652279477e-10,348283722,409,27,58,12,512,paper,6,0,2342600226,1.2827585750749492e-11,2921.5646522500006
3600.0050587058067,'(0.000049918217 + (0.863614618778 * (((((0.434294492006 * x6) + (0.371902883053 * x4)) + (1.157923936844 * x5)) + (((0.363662630320 * x6) + (0.405675202608 * x4)) + ((0.363662630320 * x6) + (0.371902883053 * x4)))) + ((((0.432986557484 * x6) + (0.371902883053 * x4)) + (((-0.978603184223) * x6) + (0.874377131462 * x4))) / (((6.779492378235 * x6) / ((-0.557946741581) * x6)) ^ 2)))))',9.77681552247875e-10,1.2404253180164915e-09,256269261,409,26,58,12,512,paper,6,0,3533734220,1.1366086952036148e-09,393.9828010000007
3600.007055826485,'(15.380634307861 + ((-18.494325637817) * ((((0.231028884649 * (0.233994305134 * x5)) / ((-3.279383182526) * x6)) / (sqrt((0.705388188362 * x4)) + (4.581912517548 + (cos((0.233994305134 * x5)) ^ 2)))) - ((((0.054082531482 * x6) - log(((((((0.054082531482 * x4) / cos(((1.006728529930 * (cos((2.736182212830 * x9)) ^ 2)) ^ (2.127279996872 * x0)))) * (-0.238833606243)) ^ 2) * ((0.054082531482 * x6) / (1.224794149399 * x11))) + 2.302585124969))) + (0.231028884649 * (0.233994305134 * x5))) + ((0.054082531482 * x4) - (0.059211537242 / ((-1.534829497337) * x2)))))))',2.787683638170442e-06,2.780507657007547e-06,202369331,409,29,58,12,512,paper,6,0,1934709049,2.7612274397079374e-07,793.7742759999995
3600.006288763136,'((-1.271276831627) + (0.192887827754 * (((((2.974240064621 * x5) - ((-3.819454908371) * x6)) / sin(1.542479157448)) - ((-1.413087248802) * x4)) - (((((-1.582055091858) * x4) - 2.764785766602) / 0.419501245022) - (((2.025855779648 * x5) - ((-1.250380516052) * x6)) / 0.917122185230)))))',1.9618200162730728e-10,9.955517521476054e-10,381859627,409,24,58,12,512,paper,6,0,2765379632,9.533011523299721e-10,1501.6012502500012
3600.00626540184,'(0.177147164941 + ((-0.513889968395) * ((((((-0.971694052219) * x6) - ((cos((1.691879630089 * x11)) / ((cos(((-0.145114228129) * x4)) + exp((((0.897529363632 * x0) ^ ((-0.971694052219) * x6)) + exp(((9.603555679321 * x10) ^ sin(((exp((0.897529363632 * x0)) - ((-1.252080917358) * x5)) * (1.082436084747 * x5)))))))) ^ 2)) ^ 2)) - (0.431454211473 * x4)) + (((1.532791495323 * x4) / (0.914161145687 * x5)) / (((-0.895314753056) * x6) - ((-0.569865763187) * x5)))) + (((((-0.971694052219) * x6) - (1.524245619774 * x5)) + ((1.532791495323 * x4) / (1.475144267082 * x6))) + ((((-0.421740978956) * x5) - (1.521916866302 * x4)) - ((sin(((-1.199823498726) * x4)) ^ 2) ^ ((1.576607465744 * x4) ^ 2)))))))',9.523070390918513e-05,9.509383380645886e-05,216158418,409,25,58,12,512,paper,6,0,1728356533,0.0005711600253705362,2618.01072225
3600.0070165731013,'((-0.188549846411) + (0.187095314264 * ((((3.144325733185 * x4) + ((0.314700126648 * x4) / (0.323994427919 * x6))) + (((2.673247098923 * x6) - ((-2.668269634247) * x5)) - (((-5.874602317810) * x4) / (0.276725471020 * x8)))) + (((2.191652774811 * x4) + cos(log(cos(exp(((-0.235365808010) + (((cos(((-4.491344928741) * x4)) - (-8.612984657288)) + sin((0.319053858519 * x6))) / (0.323994427919 * x6)))))))) + (((2.673247098923 * x6) - log(sin(sqrt(sqrt((0.130704343319 * x4)))))) - ((-2.676557540894) * x5))))))',2.068176287457248e-05,2.0655377738876268e-05,258942929,409,28,58,12,512,paper,6,0,1904449481,1.9091807562052952e-05,3274.3572839999997
3600.0066893920302,'((-0.000057974172) + (0.428272187710 * ((((-0.132112577558) * x6) + (2.334967136383 * x4)) + ((2.334962129593 * x5) + (2.467077255249 * x6)))))',1.0576022981789202e-09,2.276120181221586e-09,776231584,409,0,58,12,1024,paper,4,0,3324115916,2.050950483162041e-10,804.9987562500002
3600.008217640221,'((-0.000002481819) + (0.693147599697 * (((1.442694187164 * x4) + (1.442694187164 * x5)) + (1.442694187164 * x6))))',3.411309279203512e-12,2.850168157042532e-10,873907078,409,3,58,12,1024,paper,4,0,1859786275,1.6772842615805774e-13,281.83694400000036
3600.0078435875475,'((-0.000017062945) + (0.564189612865 * (((1.772453904152 * x6) + (1.772453904152 * x4)) + (1.772453904152 * x5))))',1.1377142510008911e-10,4.93761531661363e-10,875612937,409,2,58,12,1024,paper,4,0,1884968544,3.0710654131914104e-11,892.0376890000002
3600.0070323348045,'(0.000001797230 + (0.935411751270 * (((1.069047808647 * x6) - ((-0.532555818558) * x4)) - (((-0.536492884159) * x4) - (1.069047808647 * x5)))))',2.768695894789845e-10,9.79494485520149e-10,766609901,409,5,58,12,1024,paper,4,0,369133708,1.6299538915847666e-10,13939.344224999999
3600.006861053407,'((-0.000078146026) + (0.799326539040 * (((1.251052498817 * x4) - ((-1.251054525375) * x6)) + (1.251052498817 * x5))))',1.7584717142029103e-09,2.123575981727299e-09,760342880,409,4,58,12,1024,paper,4,0,3687649985,2.241021679079533e-09,40.17024400000028
3600.0068718753755,'((-0.000014875192) + ((-0.167927533388) * ((((-5.954950332642) * x4) - (5.954950332642 * x6)) - (5.954949378967 * x5))))',4.0136960084161646e-11,4.85732898347635e-10,848632721,409,7,58,12,1024,paper,4,0,865305066,4.1536767158434304e-11,2804.81456025
3600.008246868849,'((-0.000019612879) + (0.705324113369 * (((0.716408729553 * x6) + (1.417787671089 * x4)) + ((0.701379776001 * x6) + (1.417787671089 * x5)))))',3.5108367713384787e-10,5.178474871136983e-10,777791628,409,6,58,12,1024,paper,4,0,2995172877,9.238191239300915e-10,59302.23392024999
3600.009049966932,'(46.845127105713 + (0.441892653704 * (log((exp(((0.014922868460 * x2) * 0.056051038206)) / ((cos(exp((sqrt(0.915056228638) ^ cos((((0.014922868460 * x3) ^ 2) * sqrt(log((0.071745336056 * x4)))))))) * ((-0.028998736292) * (2.228243827820 * x4))) + log((0.435408622026 * x2))))) * (((-1.246432423592) * x6) - (1.250182151794 * x5)))))',5.449688212826363,5.449688911437988,503057687,409,1,58,12,1024,paper,4,0,2811363264,1.9529243814154953,1220.0001122499998
3600.006755016744,'((-0.000022079206) + (3.141593217850 * (((0.318309873343 * x5) + (0.318309873343 * x4)) + (0.318309873343 * x6))))',5.611319722953556e-10,9.473798412429346e-10,874941228,409,10,58,12,1024,paper,4,0,4190266092,1.0962417345237309e-10,6.940590250000015
3600.0067039579158,'((-0.000038180729) + ((-2.311514854431) * ((((-0.432616919279) * x4) + ((-0.432616919279) * x6)) - (0.432616561651 * x5))))',3.3281453559144143e-10,9.393512634403578e-10,875084209,409,8,58,12,1024,paper,4,0,404488628,3.7244585842915295e-10,515.7895209999992
3600.006842724979,'(10.005489349365 + (3.141592741013 * ((((0.318309873343 * x4) + (0.318309873343 * x5)) + (0.318309873343 * x6)) - 3.184847593307)))',7.401225670679259e-11,2.6093088800749337e-10,835441891,409,11,58,12,1024,paper,4,0,3160032368,5.607960069839133e-11,165.920161
3600.006744250655,'((-0.000004195213) + ((-0.712924122810) * (((-1.402673840523) * x5) - ((1.402674436569 * x4) - ((-1.402673840523) * x6)))))',6.269585235930453e-10,1.0878811185222046e-09,878963154,409,12,58,12,1024,paper,4,0,3269070126,2.9048063575373514e-10,613.4042890000005
3600.00794634223,'((-0.000006862161) + ((-2.437434911728) * (((-0.410267353058) * x4) + (((-0.410267442465) * x6) + ((-0.410267353058) * x5)))))',2.5515229459401157e-10,4.897472427600745e-10,878043930,409,14,58,12,1024,paper,4,0,3376120482,2.4436430599163923e-10,2296.27848025
3600.0076162442565,'((-0.000002008071) + (0.707106888294 * (((0.707106769085 * x6) + (1.414213418961 * x5)) + ((0.707106769085 * x6) + (1.414212703705 * x4)))))',8.925488818118967e-11,2.4487362138003727e-10,774089091,409,13,58,12,1024,paper,4,0,3081541439,1.616001816026202e-11,12835.303849000002
3600.00764137134,'(0.000014134005 + (0.558494329453 * (((1.790528416634 * x6) + (1.790528416634 * x5)) - ((-1.790528297424) * x4))))',1.5105051214557193e-11,8.99207985849415e-10,879793089,409,9,58,12,1024,paper,4,0,2261209995,2.886617692474212e-12,417.7527209999997
3600.0069701708853,'((-0.000012925494) + ((-0.351479530334) * ((((-1.264755964279) * x6) + ((-2.845115900040) * x4)) + (((-1.580360412598) * x6) + ((-2.845115423203) * x5)))))',1.1977969990114631e-10,3.5326028213766847e-10,774857355,409,16,58,12,1024,paper,4,0,550243861,6.129462320049287e-11,46.94990400000005
3600.0064033456147,'((-0.000007815494) + (0.600449740887 * ((1.665417551994 * x4) - (((-1.665418267250) * x5) + ((-1.665418744087) * x6)))))',1.4340440128181368e-10,5.017901649750911e-10,879069207,409,15,58,12,1024,paper,4,0,2204291346,6.863611498363432e-11,41.364192249999995
3600.006700783968,'(0.000011962107 + (0.345400303602 * (((2.895191431046 * x5) + (2.895189762115 * x4)) + (2.895191907883 * x6))))',1.458961891825158e-10,2.7297386573366106e-10,878872221,409,17,58,12,1024,paper,4,0,3606691181,3.2357158764251783e-10,2172.8183822499986
3600.006294403225,'((-0.000016337366) + (1.414213657379 * (((0.707106828690 * x4) + (0.707106769085 * x6)) + (0.707106828690 * x5))))',2.288864229731608e-10,3.050884267441489e-10,865779224,409,19,58,12,1024,paper,4,0,2148995112,5.58419571961916e-10,15279.679321000001
3600.007810343057,'((-0.000023018865) + (0.707106590271 * (((1.414214730263 * x6) + (1.414213538170 * x5)) + (1.414213538170 * x4))))',5.088649138887324e-10,5.298904093287149e-10,871745544,409,20,58,12,1024,paper,4,0,1592565386,1.084304243176271e-10,1808.1630062500008
3600.0068341568112,'((-0.000014023032) + (1.477952837944 * (((0.676611542702 * x5) - ((-0.676611542702) * x6)) + (0.676611542702 * x4))))',8.723217927628317e-10,5.017901649750911e-10,873597907,409,21,58,12,1024,paper,4,0,784044718,7.93596044542029e-10,723.5562009999993
3600.0068019367754,'(0.000038294515 + (0.660211026669 * (((0.757451891899 * x6) - ((-1.514666795731) * x5)) + ((0.757215797901 * x6) - ((-1.514666795731) * x4)))))',1.5978334357623435e-09,1.810459004936149e-09,773562616,409,18,58,12,1024,paper,4,0,1934392872,6.809312244701592e-10,12768.322008999996
3600.00797700882,'(0.000102517901 + (0.860247612000 * ((1.162456870079 * x5) + ((1.162454247475 * x4) - ((-1.162455320358) * x6)))))',1.6735034248567411e-09,1.766301438443918e-09,877937467,409,22,58,12,1024,paper,4,0,3980425317,4.295498372732436e-09,390.8133610000002
3600.00696080178,'((-0.751756370068) + (1.776526331902 * (((0.602333843708 * x2) + log((cos(cos(((-0.082291789353) * x7))) ^ (0.093831300735 * x2)))) - ((-0.593461871147) * x3))))',39.21711540320311,39.21709060668945,577358314,409,23,58,12,1024,paper,4,0,3356806661,12149.91905927557,1827.0067922500011
3600.0083214603364,'(0.000042195799 + (1.440727353096 * (((0.694093644619 * x5) + (0.694093346596 * x4)) - ((0.809806644917 * x6) / (-1.166710376740)))))',5.194506388240991e-10,6.302484645281935e-10,767241946,409,25,58,12,1024,paper,4,0,1728356533,7.528312933576577e-11,2618.01072225
3600.00640027225,'(4.096519947052 + ((-1.411075592041) * ((((-0.700563251972) * x2) - (0.694393277168 * x3)) - (((((log(((0.071576155722 * x2) * (0.254216194153 * x0))) / ((sqrt((0.106590345502 * x10)) / (26.565711975098 * x0)) ^ ((-0.091130882502) * x1))) ^ 2) - (0.060212291777 * x5)) ^ 2) - log((cos(((-0.081775709987) * x7)) ^ 2))))))',29.094348390095234,29.09416961669922,334046464,409,24,58,12,1024,paper,4,0,2765379632,0.11774358280907543,1501.6012502500012
3600.006434384733,'((-0.000022757295) + (0.138861566782 * (((7.201418399811 * x6) + (7.201418399811 * x4)) - ((((-0.638585388660) * x5) / 1.051242113113) / sin(0.084452927113)))))',2.531948170992635e-10,5.620049980947782e-10,683867540,409,28,58,12,1024,paper,4,0,1904449481,3.198547344976149e-10,3274.3572839999997
3600.006852801889,'(0.000022449252 + (0.555577278137 * (((1.799929380417 * x6) + (1.799929380417 * x4)) - ((-1.799929738045) * x5))))',4.203481887537277e-11,3.2114572112718065e-10,879610007,409,26,58,12,1024,paper,4,0,3533734220,4.15013561411553e-11,393.9828010000007
3600.0085887126625,'(0.001356295077 + (1.137694835663 * (((0.878956437111 * x6) - ((-0.660857379436) * (1.330065965652 * x5))) + (0.878956437111 * x4))))',4.823256983796715e-07,4.786476210938417e-07,832169125,409,27,58,12,1024,paper,4,0,2342600226,3.176050652515806e-08,2921.5646522500006
3600.006774187088,'((-0.166291579604) + (0.980157971382 * (sqrt(((log((1.020696282387 * x6)) ^ ((1.444050788879 * x6) ^ 0.186282634735)) + ((1.019600272179 * x6) ^ 2))) - (((-1.020243406296) * x4) + ((-1.020243406296) * x5)))))',8.9115445443212e-08,8.138635365639858e-08,376699931,409,29,58,12,1024,paper,4,0,1934709049,4.644466695970145e-09,793.7742759999995
3600.008622646332,'((-4.837854862213) + ((-5.370328903198) * ((((((-0.188440918922) * x5) - (0.186209782958 * x6)) - (((-0.190843433142) * x5) * (((0.186209782958 * x6) / (1.721701383591 * x6)) ^ 2))) - (exp((((cos(((0.000424742699 * x6) / (0.987500488758 * x4))) ^ (1.557094216347 * x4)) ^ 2) - 1.104426741600)) + (1.104426741600 * (0.023907661438 * x4)))) - (0.159802049398 * x4))))',1.0054771149614996e-08,7.498752729873104e-09,298708839,409,3,58,12,1024,paper,6,0,1859786275,1.0570961426611068e-09,281.83694400000036
3600.0085644312203,'((-0.000002744724) + ((-0.450485259295) * ((((((-0.044233478606) * x5) + (((-0.143242791295) / exp(((-1.793779134750) / (-0.506038963795)))) * (((-0.061390265822) * x5) - (((-2.399901390076) * x4) * (-0.143242791295))))) + ((-0.364899903536) * x4)) - (((0.603966593742 * x6) - exp(((sqrt((1.011894702911 * x2)) / ((-0.506038963795) + (-0.043442551047))) - ((-0.044233478606) * x5)))) - ((-1.856351137161) * x4))) - (((1.011894702911 * x6) + (((-0.043806038797) * x5) + ((-0.042444597930) * x5))) + (((0.603966593742 * x6) - ((-1.131050109863) * x5)) - ((-1.131050109863) * x5))))))',3.074379152414061e-10,1.0758381963071884e-09,251384713,409,4,58,12,1024,paper,6,0,3687649985,6.13206001452498e-10,40.17024400000028
3600.007349088788,'((-0.751000165939) + ((-0.540805697441) * ((((((-0.924543380737) * x5) - (0.924537718296 * x6)) - (0.924557626247 * x6)) + ((((-0.924543380737) * x5) - sqrt((((0.444505393505 + 0.943536877632) ^ 2) * exp(exp(((-0.116917192936) * x6)))))) + ((((-0.000340700150) * x5) / (1.390946030617 * x4)) - (1.248715877533 * x4)))) - (0.600385963917 * x4))))',2.4653440372678372e-09,1.9951178487076504e-09,411589475,409,5,58,12,1024,paper,6,0,369133708,1.2695417321695382e-08,13939.344224999999
3600.007249277085,'((-0.028068749234) + (0.363429516554 * ((((0.267071187496 * x5) - ((-0.887231647968) * x6)) + (((1.774409174919 * x4) - ((-0.773155987263) * x5)) + ((0.009819216095 * x6) * (-0.019938120618)))) + ((((0.252941012383 * x5) - ((-0.887231647968) * x6)) + ((0.977150440216 * x4) - ((-0.685243308544) * x5))) + (((0.977296411991 * x6) - ((-0.773155987263) * x5)) - (-0.077432274818))))))',1.6965232426880483e-09,2.4085928806982793e-09,325091963,409,9,58,12,1024,paper,6,0,2261209995,4.2061776961811256e-10,417.7527209999997
3600.008721474558,'((-0.328292459249) + (0.275082737207 * (((((1.772453904152 * x6) + (1.819568037987 * x5)) + ((13.367018699646 * x4) ^ (sin(((0.749177336693 ^ 2) - 0.393136441708)) ^ 2))) + ((0.434294492006 / (0.657267987728 * x4)) + (0.942720174789 * x4))) + ((((1.862799167633 * x6) + (1.815715312958 * x5)) + (1.793931841850 * x4)) + (0.898249626160 * x4)))))',5.1975271704285255e-08,4.9994358874982936e-08,292253539,409,8,58,12,1024,paper,6,0,404488628,2.3331828897366654e-08,515.7895209999992
3600.0078212097287,'((-2.354185819626) + (3.141592979431 * (((exp((0.000413760543 * x4)) ^ 2) - (cos((cos(((-0.000440656673) * x4)) + 0.318162769079)) ^ exp((0.000413760543 * x4)))) - (((((-0.000440656673) * x4) ^ 2) - (0.318309873343 * x6)) + ((((-0.317327827215) * x4) - (0.009238183498 / ((-0.758675098419) * x4))) - (0.318309873343 * x5))))))',3.326697619215268e-09,2.9746121121831944e-09,265460553,409,7,58,12,1024,paper,6,0,865305066,1.0974812906275803e-09,2804.81456025
3600.007140390575,'(3.455667018890 + ((-1.034299969673) * ((((0.437859028578 * x4) + ((2.019086837769 ^ 2) + (0.434294492006 * x6))) - ((0.470598012209 * x4) + ((0.470598012209 * x6) + (0.465267211199 * x6)))) - ((((0.463496595621 * x4) + (0.470598012209 * x4)) + ((0.465267211199 * x6) - ((-0.967359304428) * x5))) + sqrt((sqrt(exp(((-0.001536672818) * x5))) + (-0.458751678467)))))))',6.228166593500179e-09,5.278832482247253e-09,313257603,409,0,58,12,1024,paper,6,0,3324115916,3.431242318058235e-10,804.9987562500002
3600.0067611671984,'((-1.541276693344) + (0.831328749657 * (((((0.400964409113 * x4) - ((-0.225897371769) * x5)) + ((0.400964409113 * x6) - ((-0.149956882000) * x5))) + ((0.080589890480 + 1.773454070091) + ((0.400964409113 * x6) - ((-0.149956882000) * x5)))) + ((((0.400964409113 * x6) - ((-0.225897371769) * x5)) + ((0.400964409113 * x4) - ((-0.149956882000) * x5))) + (((0.400964409113 * x4) - ((-0.151271477342) * x5)) - ((-0.149956882000) * x5))))))',1.7062549073533188e-10,3.2114572112718065e-10,307639106,409,2,58,12,1024,paper,6,0,1884968544,7.995832361199883e-11,892.0376890000002
3600.0078368112445,'((-3.443507909775) + (0.672842919827 * ((((1.486331343651 * x5) + ((0.337548404932 * x4) - ((-0.831706762314) * x6))) + sqrt(((0.326147317886 * x4) - ((-0.295260757208) * x6)))) + (((1.127784967422 * x4) - (((3.129142284393 / (((-0.295563876629) * x6) ^ 2)) * ((-0.831706762314) * x6)) * 2.825920820236)) - ((-0.639992594719) * x6)))))',0.0005063735001392,0.000506269338075,362963777,409,6,58,12,1024,paper,6,0,2995172877,0.004782980710719338,59302.23392024999
3600.007534895092,'((-0.000309155381) + (0.564199030399 * (((((1.772427678108 * x6) - ((-1.772422909737) * x5)) - ((-0.667868912220) * x4)) - ((-1.104554533958) * x4)) / cos(sin(((((-0.784025311470) / (-1.334200739861)) ^ 2) / (2.563932895660 * x6)))))))',1.5672947652660104e-09,1.2002820959367e-09,459872696,409,12,58,12,1024,paper,6,0,3269070126,4.932885010602291e-10,613.4042890000005
3600.008429378271,'(116.813308715820 + ((-3.141702651978) * ((((6.650537967682 ^ 2) - (0.318298727274 * x5)) - (4.281406879425 + (2.766722917557 + (0.318298727274 * x6)))) - (0.318298727274 * x4))))',1.844165757318241e-11,2.7297386573366106e-10,390640779,409,13,58,12,1024,paper,6,0,3081541439,2.8688457063428954e-11,12835.303849000002
3600.0094602815807,'(1.203551054001 + ((-0.606975495815) * ((((((cos((-0.008533157408)) ^ ((-2.135352373123) * x5)) + ((-0.091160416603) * x4)) + ((-0.091160416603) * x4)) + (((-1.647591471672) * x5) + sqrt(sin(log((1.084997653961 + sqrt((((-0.008533157408) * ((-0.143393069506) * x4)) + 6.867049217224)))))))) + ((-1.465199947357) * x4)) - (1.647513389587 * x6))))',3.155176926959507e-10,5.017901649750911e-10,297765310,409,11,58,12,1024,paper,6,0,3160032368,6.18979868255549e-11,165.920161
3600.00915324688,'((-0.078300185502) + (0.884965002537 * (((((9.710186958313 * x4) / (((sqrt((0.434294492006 * x8)) - ((11.294692039490 * x5) / ((-0.249001115561) * x4))) - (0.785313487053 * x5)) * 1.493854999542)) / ((3.210905075073 * x5) - (1.372264146805 * x4))) + ((sin((1.324296474457 * x6)) / (exp((((((-1.159857749939) * x4) - ((-0.233879849315) * x5)) / ((0.318309873343 * x3) * 0.434294492006)) ^ 2)) + (exp((1.292537331581 * x0)) ^ 2))) + (1.483422875404 * ((-0.906386256218) * x5)))) + (((1.131275892258 * x6) - (((-0.233879849315) * x5) / (1.686643838882 * x6))) + ((((-0.326528310776) * x6) / (19.704143524170 * x4)) + ((2.473536252975 * x5) - ((-1.128909826279) * x4)))))))',5.054295454353497e-05,5.050286199548282e-05,243514797,409,10,58,12,1024,paper,6,0,4190266092,2.7545818327455428e-05,6.940590250000015
3600.0064177811146,'(112.871025085449 + ((-5.152454853058) * (((-0.194082260132) * x4) + ((exp(2.994589567184) + ((-0.194082260132) * x6)) + ((-0.017578959465) + (1.946684002876 + ((-0.194082260132) * x5)))))))',2.564045000190384e-10,2.6494520466435745e-10,515394563,409,15,58,12,1024,paper,6,0,2204291346,7.380358026976776e-11,41.364192249999995
3600.00722438097,'(0.102146238089 + ((-7.052339076996) * ((((0.434303313494 * ((-0.325390249491) * x4)) - (((2.691444635391 * x4) / ((-0.498857200146) * x8)) ^ 2)) - (0.141796857119 * x6)) - ((0.141796857119 * x5) + ((1.201727747917 + ((-0.039772886783) * x4)) / ((-9.279766082764) + log((((2.535676002502 * x4) * (2.098217010498 * x8)) * (exp(((-3.891324758530) * x4)) / (0.113622665405 * x4))))))))))',0.0049149329675415,1.067408028632144e-08,274680163,409,14,58,12,1024,paper,6,0,3376120482,0.0005032848833894775,2296.27848025
3600.0078181885183,'((-1.991883993149) + ((-0.328973233700) * ((((((-1.013253688812) * x5) + ((-0.554961860180) * x6)) + (((-1.013253688812) * x5) + ((-0.471946507692) * x6))) + ((((-1.013253688812) * x4) + ((-0.554961860180) * x6)) + (((-1.013253688812) * x5) + ((-0.471946507692) * x6)))) + (((((-1.013253688812) * x4) + ((-0.471946507692) * x6)) + (((-1.013253688812) * x4) + ((-0.513994157314) * x6))) + (((-2.128213405609) + (-3.927538156509)) + (0.051662087440 / (0.892984092236 * x6)))))))',5.334064285071047e-10,1.1280243406019963e-09,290458940,409,1,58,12,1024,paper,6,0,2811363264,4.5756790371110227e-11,1220.0001122499998
3600.0073698088527,'((-0.000235627624) + ((-0.952469527721) * (((((-1.229309439659) * ((-0.717934310436) * x4)) + ((-0.682841539383) * (4.462190151215 * x5))) - ((((-0.003573775291) * x6) * (0.318309873343 * x6)) / ((-1.230333924294) * (0.881706893444 * x6)))) - (((-0.815015673637) * (((-0.003573775291) * x6) + (2.450343847275 * x5))) - (((-0.615125417709) * (3.141592741013 * x4)) + ((-1.225651621819) * (0.853375971317 * x6)))))))',1.4498251487104813e-08,1.525843629224255e-08,280492008,409,17,58,12,1024,paper,6,0,3606691181,8.406922869443067e-08,2172.8183822499986
3600.008492194116,'((-6.895512580872) + ((-1.845777630806) * (((((0.281683266163 * x6) + (0.320707529783 * x5)) + (((2.692163705826 * x5) ^ (-0.729964315891)) / (-3.331675291061))) - (((0.229865550995 * x6) + (0.213801518083 * x5)) + (0.218729272485 * x5))) + (((((-0.541807472706) * x4) - exp(sqrt(cos((0.002099066973 * x5))))) - (0.214824706316 * x5)) - (((0.296796560287 * x6) + sqrt(exp(((0.002099066973 * x5) ^ 2)))) + ((0.296796560287 * x6) + (0.215318784118 * x5)))))))',1.6358300217732998e-06,1.6372289337596158e-06,220444745,409,16,58,12,1024,paper,6,0,550243861,8.035101410678739e-07,46.94990400000005
3600.007841706276,'((-4.865450382233) + ((-1.131229877472) * ((((((-0.883868515491) * x5) - exp(((-5.453749656677) / ((-0.308194011450) * x4)))) - (0.812669634819 * x4)) - ((0.707106769085 * x4) * ((1.208816051483 * x6) ^ (-0.514089405537)))) - ((((1.212145924568 * x6) ^ 0.474710583687) / ((0.733675062656 * x6) ^ (-0.505709350109))) * (((4.193277835846 * x4) ^ (-0.008701264858)) ^ (-1.508990645409))))))',0.0026080173288026,0.0026084461715072,134154298,409,18,58,12,1024,paper,6,0,1934392872,0.034135309450549066,12768.322008999996
3600.009602472186,'(0.106659024954 + ((-0.821124732494) * (((((1.782271862030 * x4) + (0.044182378799 * x5)) / (0.588503479958 * x4)) / (((0.241273596883 * x4) + 17.240055084229) + ((0.403688997030 * x6) / (0.265377134085 * x4)))) - ((((0.614730238914 * x4) + (0.602576613426 * x4)) - (((log(((cos(log(1.020159721375)) ^ ((-3.931303739548) * x6)) + exp((((-0.880485177040) * x0) + ((-0.847630202770) * x0))))) ^ 2) * (((-1.215267062187) * x5) / (0.693147182465 * x11))) * (0.044182378799 * x4))) - (((-1.217901349068) * x5) + ((-1.217735648155) * x6))))))',5.867323988912519e-07,5.733614898417727e-07,249537318,409,20,58,12,1024,paper,6,0,1592565386,6.158876484126013e-07,1808.1630062500008
3600.0072923116386,'((-2.496977806091) + ((-2.283979177475) * ((((((-1.138833999634) * x5) + ((-0.988036990166) * x2)) + ((-0.434478282928) * x3)) + exp(sin(((-3.823133707047) * x2)))) + sqrt(((((-2.528383970261) * x5) * ((-0.988036990166) * x2)) + (((-24.108573913574) * x4) * ((((-0.208119392395) * x1) * ((-0.211461484432) * x1)) - ((((-0.007647033315) * x5) - sin((2.718281745911 * x10))) * sin(((-3.053509235382) * x2))))))))))',31.95648804279901,31.97150993347168,301746149,409,21,58,12,1024,paper,6,0,784044718,60.34862074846523,723.5562009999993
3600.00884494558,'(4.456050872803 + (2.832496643066 * (((((-1.753899097443) - ((-0.353045433760) * x4)) - ((-0.353045433760) * x5)) + ((-0.819286227226) - ((-0.353045433760) * x6))) + sqrt((((((0.109229035676 ^ 2) - (((-1.616648912430) * x10) / (0.632743060589 * x0))) ^ (exp(((-0.166974350810) * x7)) - sqrt(2.388217687607))) ^ 2) + exp((((-0.353045433760) * x6) / (((-0.353045433760) * x11) ^ 2))))))))',1.21517609235628e-10,3.813605264912922e-10,345750309,409,19,58,12,1024,paper,6,0,2148995112,1.0305513090385027e-10,15279.679321000001
3600.006961237639,'((-0.651179730892) + ((-0.651074647903) * ((((((-0.789960026741) * x4) - sqrt(exp((((0.003594815731 * x4) ^ 2) / ((-0.753085196018) * x5))))) - (0.771686613560 * x6)) - (((0.121705234051 * x5) - (0.003517516889 * x4)) - (0.003594815731 * x4))) - ((((1.414213538170 * x5) - (0.003594815731 * x6)) - (0.003594815731 * x6)) - ((((-0.753085196018) * x4) - ((-0.072290994227) * (0.003594815731 * x6))) - (0.771686613560 * x6))))))',1.904313435251594e-09,1.987089159882771e-09,314319271,409,23,58,12,1024,paper,6,0,3356806661,3.929714767442999e-08,1827.0067922500011
3600.00774596259,'(1.451367735863 + (1.046028375626 * (log((((-30.927150726318) - (0.122978962958 * x2)) - (((-0.572963416576) * x6) + ((-0.756775200367) * x5)))) * sqrt((((-15.945781707764) - (0.124385707080 * x5)) * (((-0.590509176254) * x6) + ((-0.852333366871) * x4)))))))',7.897016894426764,7.896986961364746,422518009,409,22,58,12,1024,paper,6,0,3980425317,0.6336650878905371,390.8133610000002
3600.0060745216906,'((-0.004954438657) + ((-0.655894398689) * (((-1.524303317070) * x4) + (((-0.060564778745) * exp(((1.081145286560 * x6) / ((-1.607707023621) * x4)))) + (((-0.763198912144) * x6) + (((-0.761535167694) * x6) - (1.524641633034 * x5)))))))',1.2625272849050831e-06,1.246482952410588e-06,480885791,409,25,58,12,1024,paper,6,0,1728356533,6.723959349601377e-07,2618.01072225
3600.007288262248,'(0.001535818330 + ((-0.513090670109) * (((((-0.701066851616) * x6) * (((0.729890584946 ^ log((0.318309873343 * x5))) ^ (((-0.345899701118) / (1.867506980896 * x4)) ^ 2)) * 1.078159451485)) - ((0.578339040279 * x4) - log(sqrt(sqrt((1.071908473969 ^ ((-0.123954325914) * x6))))))) - ((1.370572566986 * x4) - (((-1.190968036652) * x6) + ((1.958892822266 * x5) * (-0.994939684868)))))))',6.460802240235598e-08,6.229424087678126e-08,221731819,409,24,58,12,1024,paper,6,0,2765379632,6.37813822055275e-07,1501.6012502500012
3600.008249092847,'((-0.740216970444) + (1.100401997566 * (((((0.908738791943 * x4) - ((-1.317603588104) * x5)) - (0.595534801483 * (0.686516642570 * x5))) - (((0.485393553972 * x6) + ((-3.301254510880) / (0.434294492006 * x6))) * (-0.806698858738))) + (((0.346665561199 * x6) / exp((-0.400486469269))) + (((0.203186139464 * x6) + ((-0.005240208469) * x4)) ^ (-0.112807750702))))))',4.868526211657755e-07,4.758295517603983e-07,252699129,409,26,58,12,1024,paper,6,0,3533734220,2.122169278508576e-08,393.9828010000007
3600.0061641149223,'(94.990074157715 + ((-0.480561673641) * ((((-0.007052898407) * x6) / (((1.908542633057 * x6) / ((-0.007052898407) * x6)) + ((1.540713310242 * x6) / ((-0.007052898407) * x6)))) - (((2.317394018173 * x6) + (((-0.236481338739) * x6) + (2.080898284912 * x4))) + ((2.080898284912 * x5) + ((1.394108772278 * x6) / ((-0.007052898407) * x6)))))))',1.5127235890618997e-11,2.4487362138003727e-10,372994938,409,27,58,12,1024,paper,6,0,2342600226,7.210329899602514e-12,2921.5646522500006
3600.0081166401505,'(0.316403925419 + (0.639924228191 * (((1.044768929482 * x4) + ((0.458209753036 * x5) + (((-0.482306361198) * x4) + (1.629936456680 * x4)))) + (((2.142074584961 * x5) + (log(cos(sqrt(log((exp(sin((cos(sin(((((2.180309772491 * x6) - ((-1.411879301071) * x4)) ^ 2) ^ cos(((((-1.089907169342) * x5) / (1.442695021629 * x8)) - log(0.167123496532)))))) ^ 2))) - (((((-0.948617219925) * x5) * (0.039110660553 * x4)) + (0.192746981978 * x4)) / ((2.142074584961 * x5) ^ 2))))))) + (1.562698125839 * x6))) + ((((-0.088994421065) * x5) + (0.039110660553 * x4)) + (((-0.948617219925) * x5) + ((-0.668795466423) * x4)))))))',2.6941643686375076e-08,2.46599771713818e-08,213831266,409,29,58,12,1024,paper,6,0,1934709049,1.1155362636357299e-10,793.7742759999995
3600.0082066059117,'((-0.353436261415) + (0.354076832533 * ((sin((-4.651518344879)) + (((0.705016076565 * x6) - ((-0.706146597862) * x5)) + ((1.414213538170 * x6) - ((-0.706146597862) * x5)))) - ((((2.837491035461 * x4) / (-3.336246490479)) + ((2.208280563354 * x4) / (-1.118827939034))) - ((0.705016076565 * x6) - ((-1.411951661110) * x5))))))',3.7990472898993087e-10,1.392969517510778e-09,343598136,409,28,58,12,1024,paper,6,0,1904449481,1.5242243044179385e-10,3274.3572839999997
3600.008016973734,'((-0.000026903268) + (1.027466058731 * ((0.973268330097 * x5) + ((0.973268330097 * x6) - ((-0.973267912865) * x4)))))',1.8477783145107095e-10,2.3684496031073365e-10,836754239,409,0,58,12,2048,paper,4,0,3324115916,1.1372632649660096e-11,804.9987562500002
3600.0091678649187,'((-0.000000126949) + ((-0.502227485180) * ((((-0.314306408167) * x4) + ((-1.676823854446) * x4)) - ((1.991129279137 * x6) + (1.991129279137 * x5)))))',5.105568272676349e-10,8.229358861022718e-10,741709213,409,2,58,12,2048,paper,4,0,1884968544,1.6657794930575075e-10,892.0376890000002
3600.0089965984225,'((-0.000017758757) + ((-1.574701547623) * (((-0.635040879250) * x6) - ((0.635041117668 * x4) + (0.635041117668 * x5)))))',1.5392980625264108e-10,1.252468240231508e-09,831599839,409,1,58,12,2048,paper,4,0,2811363264,2.656030811252848e-11,1220.0001122499998
3600.011066634208,'((-0.000030727959) + (1.087015271187 * (((0.707191050053 * x5) + (0.919950544834 * x6)) + ((0.919950544834 * x4) + (0.212759003043 * x5)))))',1.4644851020764234e-10,4.4157535961097944e-10,736445803,409,3,58,12,2048,paper,4,0,1859786275,3.405465082868431e-12,281.83694400000036
3600.008702095598,'(0.000027496420 + (0.981339633465 * (((1.019015312195 * x5) - ((-1.019014954567) * x4)) - ((-1.019014954567) * x6))))',1.226642415318059e-10,2.6494520466435745e-10,839740428,409,4,58,12,2048,paper,4,0,3687649985,3.298367313523884e-11,40.17024400000028
3600.009003996849,'((-0.000024611061) + (2.090051412582 * (((0.478457540274 * x4) - ((-0.478457093239) * x5)) - ((-0.478457093239) * x6))))',2.2461046935114718e-10,1.2484540068413708e-09,843519386,409,5,58,12,2048,paper,4,0,369133708,5.7541885591079883e-11,13939.344224999999
3600.0086436010897,'(0.000035099871 + ((-1.599662065506) * ((((-0.648078858852) * x5) + ((-0.625131905079) * x4)) + (((-0.625131905079) * x6) + (0.022946802899 * x5)))))',8.109182223808279e-11,5.539763647810503e-10,753237563,409,7,58,12,2048,paper,4,0,865305066,9.610397973016869e-11,2804.81456025
3600.008918695152,'(0.000029946108 + (0.960113584995 * ((1.041543364525 * x6) - (((-1.041543483734) * x4) + ((-1.041543245316) * x5)))))',1.237309755415801e-10,3.4924596548080444e-10,846971556,409,8,58,12,2048,paper,4,0,404488628,3.018827465194944e-11,515.7895209999992
3600.0110463388264,'(0.000011587233 + (0.447693347931 * (((1.513159751892 * x6) + (2.233671665192 * x5)) + ((0.720512807369 * x6) + (2.233669519424 * x4)))))',4.5652552379027983e-10,7.105349086877766e-10,743317822,409,6,58,12,2048,paper,4,0,2995172877,4.668816205493464e-10,59302.23392024999
3600.008771847933,'((-0.000005526639) + (0.461764931679 * (((2.165604352951 * x6) - ((-2.165602922440) * x4)) + (2.165604352951 * x5))))',1.624870507438635e-10,4.2150374857108375e-10,833915172,409,12,58,12,2048,paper,4,0,3269070126,1.0188265155364988e-11,613.4042890000005
3600.010495685041,'((-14.824145317078) + (2.032494783401 * ((((0.431397736073 * x2) - (cos(((-0.164471700788) * x7)) * (0.035242356360 * x3))) - ((-0.608625531197) * x3)) + (((-5.033518314362) * x6) / (((-1.271779298782) * x3) - ((-0.563292741776) * x5))))))',24.4502307234335,24.45028114318848,677556874,409,11,58,12,2048,paper,4,0,3160032368,2.3918529971513873,165.920161
3600.0087265335023,'(0.000007741345 + (1.280895829201 * ((0.780703604221 * x4) + ((0.780703604221 * x6) + (0.780703604221 * x5)))))',2.4328201352858144e-11,3.1713140447031657e-10,845649896,409,15,58,12,2048,paper,4,0,2204291346,3.0251062623162975e-11,41.364192249999995
3600.008638318628,'(0.000025655423 + ((-1.045239448547) * ((((-0.956718802452) * x6) - (0.956718385220 * x4)) - (0.956718385220 * x5))))',7.90532156226843e-10,1.2042964403491394e-09,842099994,409,13,58,12,2048,paper,4,0,3081541439,4.245971837993168e-10,12835.303849000002
3600.00890044868,'(0.000040114071 + (0.517028808594 * (((0.106150507927 * x4) + (1.934128999710 * x6)) - (((-1.827974557877) * x4) - (1.934127569199 * x5)))))',1.944119370876373e-09,1.8907453380734296e-09,733155276,409,16,58,12,2048,paper,4,0,550243861,8.088574574572008e-10,46.94990400000005
3600.009131990373,'((-0.000077442368) + ((-1.629046678543) * ((((-0.049397181720) * x5) - (0.613856494427 * x4)) + (((-0.564458549023) * x5) + ((-0.613856196404) * x6)))))',6.332839634254497e-10,3.074970278404976e-09,739291042,409,17,58,12,2048,paper,4,0,3606691181,1.0548371907122306e-09,2172.8183822499986
3600.0088077671826,'(0.000019980682 + ((-1.061668515205) * ((((-0.473754167557) * x4) - (0.941913366318 * x5)) + (((-0.468159884214) * x4) - (0.941913366318 * x6)))))',4.810924678500913e-10,7.707497418074637e-10,744188914,409,10,58,12,2048,paper,4,0,4190266092,3.328439032858746e-11,6.940590250000015
3600.013471543789,'(76.711074829102 + (0.896871030331 * (((0.558411180973 * x6) + (0.491558581591 * x5)) * log(((0.048152726144 * x4) + log(sqrt(((((((-0.605367064476) * x5) + (3.844638586044 * x1)) - ((0.067096367478 * x4) ^ ((0.271551698446 * x1) - sin(log((0.714262485504 * x2)))))) ^ 2) + (((0.693147182465 * x7) - ((-3.253646850586) * x2)) + ((-5.825931072235) * x5))))))))))',8.28070417201801,8.280679702758789,376493091,409,14,58,12,2048,paper,4,0,3376120482,1.8087431390483641,2296.27848025
3600.0117627456784,'((-0.000017330814) + ((-0.808022856712) * ((((-0.620355010033) * x6) + ((-1.237588763237) * x5)) + (((-0.617233991623) * x6) + ((-1.237588763237) * x4)))))',2.155367212188685e-10,4.255180652279477e-10,746869416,409,9,58,12,2048,paper,4,0,2261209995,1.8165118982199207e-10,417.7527209999997
3600.008637804538,'((-0.000026795127) + (0.849887013435 * (((1.176627039909 * x6) - ((-1.176627159119) * x5)) - ((-1.176627516747) * x4))))',4.3005393240707755e-10,5.820766091346741e-10,839014339,409,18,58,12,2048,paper,4,0,1934392872,2.747262460035648e-09,12768.322008999996
3600.0086954012518,'((-0.000022972406) + (1.414333343506 * (((0.707046866417 * x4) - ((-0.301247954369) * x6)) + ((0.707046866417 * x5) - ((-0.405799090862) * x6)))))',6.13583602310017e-11,2.6494520466435745e-10,753783775,409,19,58,12,2048,paper,4,0,2148995112,2.1106856863125442e-11,15279.679321000001
3600.008738547564,'((-0.000004857113) + (0.486985027790 * (((2.053450822830 * x4) + (1.026704668999 * x6)) - (((-2.053451538086) * x5) - (1.026746511459 * x6)))))',4.5212172436357165e-11,3.8537487090373185e-10,738935982,409,20,58,12,2048,paper,4,0,1592565386,3.3981095485499444e-11,1808.1630062500008
3600.008159723133,'((-0.000038632712) + (0.433408796787 * (((2.307291507721 * x6) - ((-2.307290315628) * x5)) + (2.307290315628 * x4))))',3.547369076486685e-10,2.3002062476962237e-09,850448669,409,22,58,12,2048,paper,4,0,3980425317,4.94508321133783e-12,390.8133610000002
3600.0107433386147,'(0.000015912305 + ((-0.783389747143) * (((-1.276503562927) * x4) + (((-1.276503801346) * x6) + ((-1.276503801346) * x5)))))',2.7586862105816957e-11,4.736899206214673e-10,844289410,409,21,58,12,2048,paper,4,0,784044718,1.106375307118962e-12,723.5562009999993
3600.0101695880294,'((-0.000021983133) + ((-1.785431504250) * ((((-0.560088574886) * x4) + ((-0.560088574886) * x5)) + ((-0.560088872910) * x6))))',2.9044285294074336e-10,6.70391686607985e-10,848156029,409,23,58,12,2048,paper,4,0,3356806661,9.241426554917653e-10,1827.0067922500011
3600.008515432477,'(0.000031358602 + (0.810064375401 * (((1.234469056129 * x4) - ((-1.234469890594) * x6)) - ((-1.234469890594) * x5))))',5.322542187886081e-10,5.298904093287149e-10,844431054,409,24,58,12,2048,paper,4,0,2765379632,4.122041995892719e-10,1501.6012502500012
3600.0084615647797,'(0.000051646162 + (1.442694544792 * (((0.693147182465 * x4) + (0.693147420883 * x5)) + (0.693147182465 * x6))))',4.572467801701284e-10,6.382770978419217e-10,849740854,409,25,58,12,2048,paper,4,0,1728356533,3.3777237421129884e-10,2618.01072225
3600.008531775325,'((-0.000032808402) + ((-1.039535641670) * ((((-0.961968421936) * x4) - (0.961967468262 * x5)) + ((-0.961968421936) * x6))))',5.065447906210549e-10,7.065205642753368e-10,840026877,409,27,58,12,2048,paper,4,0,2342600226,6.260985586554538e-11,2921.5646522500006
3600.0085160322487,'((-0.000000033260) + (0.570001065731 * (((1.754383087158 * x4) - ((-1.754382491112) * x6)) + (1.754383087158 * x5))))',6.172187737247962e-10,5.017901649750911e-10,848136961,409,26,58,12,2048,paper,4,0,3533734220,6.319215426726665e-10,393.9828010000007
3600.010340113193,'((-0.000024198565) + (1.454219460487 * (((0.687654197216 * x5) - ((-0.687654197216) * x6)) - ((-0.687654197216) * x4))))',2.1978890659715158e-10,3.050884267441489e-10,832289732,409,28,58,12,2048,paper,4,0,1904449481,1.6969061903199642e-10,3274.3572839999997
3600.0123901441693,'(0.033228512853 + (1.048617720604 * (sqrt((((-0.060369737446) * x5) + (((-0.953636288643) * x5) ^ 2))) - (((-0.953636288643) * x4) + ((-0.953636288643) * x6)))))',5.552799887690656e-11,3.6128894320697214e-10,704799039,409,29,58,12,2048,paper,4,0,1934709049,6.81247479332595e-11,793.7742759999995
3600.01419466734,'((-0.354164868593) + (0.362796157598 * ((((2.302585124969 * x4) - ((sqrt(0.683613419533) ^ (sin(log((0.577142596245 * x4))) * 3.896501302719)) / ((-0.905699372292) * x4))) - (((0.046606309712 * x5) / ((-2.579334497452) * x5)) / ((0.046606309712 * x5) ^ (-0.246520221233)))) + ((((2.756376981735 * x6) - (0.693147182465 - ((log(cos((exp((0.172954007983 * x0)) / ((-1.678048372269) * x5)))) - 0.666142284870) / ((-0.412436902523) - (((((-0.979462862015) * x11) ^ 2) ^ 2) ^ (-0.246520221233)))))) - ((-1.712266683578) * x5)) - ((((-0.905699372292) * x4) / 0.666142284870) - (((-0.905699372292) * x4) - ((-1.044044017792) * x5)))))))',3.996744762049013e-08,3.9147661112792775e-08,177246381,409,0,58,12,2048,paper,6,0,3324115916,4.612162526744366e-08,804.9987562500002
3600.010267134756,'(0.522148728371 + ((-0.494513630867) * ((((0.694698274136 * x5) - ((2.716892719269 * x5) + (2.022141933441 * x6))) + ((23.442611694336 + (0.732094824314 * x4)) / (23.471605300903 + (0.662046849728 * x4)))) + (((0.988329410553 ^ ((-1.897142648697) * x4)) / ((0.227613329887 * x6) + (1.819858312607 * x4))) + ((-2.022911310196) * x4)))))',6.902010519152049e-08,6.81832474924704e-08,268000426,409,1,58,12,2048,paper,6,0,2811363264,1.9610639236771664e-09,1220.0001122499998
3600.011023364961,'((-24.169929504395) + (7.009369373322 * ((((0.062458243221 * x6) * cos(0.012747108936)) * 2.284381151199) + ((((0.062458243221 * x4) + exp(sin(exp((cos(((0.062458243221 * x6) / (((3.218142509460 * x6) - ((-0.819459199905) * x4)) + ((5.229685306549 / ((-0.006078720093) * x6)) - (cos(((-2.418506145477) * x5)) - ((-0.267713159323) * x5)))))) ^ 2))))) * 2.284381151199) - ((-0.142662018538) * x5)))))',1.2457785990335506e-07,1.293213642838964e-07,312210910,409,2,58,12,2048,paper,6,0,1884968544,1.3648927779309452e-07,892.0376890000002
3600.011567480862,'(0.000423722639 + ((-0.659292221069) * ((((((-1.516770958900) * x5) - (1.517399668694 * x6)) - ((((-0.121527552605) * x4) * (-0.021940052509)) / ((-1.738273739815) * x5))) + (0.645671665668 * ((1.518360137939 * x6) - (1.517399668694 * x6)))) - (1.516792654991 * x4))))',9.20941545239994e-09,7.542910296365335e-09,434863234,409,3,58,12,2048,paper,6,0,1859786275,2.9987378971442755e-08,281.83694400000036
3600.010476205498,'(132.952102661133 + (0.564189612865 * (((1.772453904152 * x4) + ((1.022662401199 / (-0.004302024841)) + (1.772453904152 * x5))) + ((1.772453904152 * x6) + exp(sqrt(sin(exp(exp(exp((((((-0.633411884308) / ((-1.812749385834) * x2)) / (0.534162223339 * x11)) * (-0.633411884308)) * 0.914170682430)))))))))))',1.0812936633751895e-10,2.7698818239052514e-10,341339129,409,4,58,12,2048,paper,6,0,3687649985,7.536635393167012e-11,40.17024400000028
3600.0123436413705,'((-3.628466606140) + (1.809586167336 * ((((0.550086557865 * x6) + (2.004678487778 - ((-0.552612185478) * x5))) + (0.560771167278 * x4)) - ((((1.346203207970 * x4) + (1.555239439011 / ((-0.327650070190) * x6))) - (0.417118966579 * x6)) / ((42.175556182861 + 40.945316314697) + (40.945316314697 + 40.945316314697))))))',1.728369083038138e-09,2.3042205921086634e-09,333222124,409,5,58,12,2048,paper,6,0,369133708,4.059931718582462e-08,13939.344224999999
3600.01001066342,'(9.215389251709 + ((-0.886320233345) * ((((1.157216787338 * x4) - ((4.002552509308 ^ 2) - (1.655779123306 * x5))) / (-1.025664925575)) + ((((1.157216787338 * x6) + 5.356257438660) / (-1.025664925575)) - (((((-0.006252527237) ^ 2) * (4.044488430023 * x5)) - (1.655779123306 * x5)) / 3.406021356583)))))',1.305607260103213e-10,1.8867310491721407e-10,339456460,409,9,58,12,2048,paper,6,0,2261209995,9.289739691927583e-11,417.7527209999997
3600.014641519636,'(0.377965986729 + (1.010013818741 * (((((-0.091982513666) - (0.417394489050 * x4)) / ((0.126586675644 * x4) + 3.694470643997)) / sqrt(((0.807195484638 * x4) + ((-0.003290116787) * x5)))) - (((((-0.003290116787) * x5) - (0.150311142206 * x4)) - ((0.419437408447 * x4) + (0.419437408447 * x4))) - (((0.990077078342 * x6) - ((-0.986815869808) * x5)) + (log(cos(exp(((-0.158494114876) * x4)))) * (1.165263414383 * x5)))))))',3.7928532138347466e-07,3.777597044063441e-07,260673889,409,7,58,12,2048,paper,6,0,865305066,2.5852707252159554e-08,2804.81456025
3600.0117736011744,'(0.037106934935 + ((-1.065248608589) * ((((((-0.460298627615) * x4) + ((-0.938751459122) * x5)) + ((-1.166443586349) / (1.062167286873 * x6))) + (((-0.478149890900) * x4) - (((-0.478149890900) * x4) * ((((-0.747999548912) * x4) / (((-0.133035540581) * x4) * ((2.265968561172 * x4) - ((-0.618881762028) * x6)))) ^ 2)))) - ((1.403278350830 * x6) * (cos(sin((sin((0.024035494775 * x4)) / ((-1.332120299339) * x4)))) * 0.668986678123)))))',4.2807487760924587e-07,4.157472233146109e-07,285680811,409,10,58,12,2048,paper,6,0,4190266092,1.3148757743518556e-08,6.940590250000015
3600.0128955692053,'(0.538279950619 + (0.541041254997 * (((((1.102426409721 * x4) - ((-0.932561576366) * x6)) - ((-0.587960004807) * x5)) - (((0.826036155224 * x4) - (0.131457820535 * x6)) ^ (0.000131458044 * x4))) + ((((0.746555209160 * x4) - ((-0.915662527084) * x6)) - (((0.000131458044 * x5) / (0.051648039371 * x6)) + ((-0.587960004807) * x5))) - (((-0.587960004807) * x5) - ((0.766210436821 * x5) - (0.681781589985 * x5)))))))',9.563231253097197e-08,9.477411566649609e-08,239011213,409,12,58,12,2048,paper,6,0,3269070126,2.062279924501528e-08,613.4042890000005
3600.0125902220607,'(1.545961380005 + (1.546111106873 * (((((-0.766949653625) * x5) + ((-0.140035629272) * (0.005226492882 * x5))) - (((-0.746039628983) * (0.005226492882 * x4)) + ((-0.879126489162) * (0.731276631355 * x4)))) + ((((0.693147182465 * x6) / 1.071681618690) - (((-0.780735015869) * x5) + (exp((sqrt((((-0.161166027188) * x6) * ((-0.042914472520) / ((6.283185482025 * x5) * 1.661165475845)))) * (((-0.766949653625) * x5) / ((exp(2.637872695923) / ((-0.975062370300) / ((-0.161166027188) * x6))) ^ 2)))) ^ 2))) - ((-0.866866767406) * (0.731058597565 * x5))))))',2.2637296036577494e-10,3.4523164882394037e-10,268573674,409,13,58,12,2048,paper,6,0,3081541439,9.197574536637833e-10,12835.303849000002
3600.0114977881312,'(0.452636510134 + ((-0.456309914589) * ((((((-0.420146912336) * x4) * 2.693483591080) + (0.019546031952 / ((-0.486787885427) * x4))) - (((2.136361122131 * x5) - ((1.954646110535 * x5) ^ log(cos(0.054590150714)))) - ((-1.174147367477) * x6))) - (((1.130925774574 * x5) - (((-1.059844136238) * x4) + (1.075807094574 * x5))) - ((-1.017347931862) * x6)))))',6.598448497340462e-09,6.077682801475248e-09,270935535,409,15,58,12,2048,paper,6,0,2204291346,1.1421019188273249e-08,41.364192249999995
3600.0144298374653,'((-0.063885375857) + ((-0.517512500286) * (((((-0.972103357315) * x6) - ((1.933124065399 * x4) - ((-1.927766680717) * x5))) - ((((-1.076229691505) * x6) - ((-1.306052207947) * x5)) / (2.379111528397 * x3))) + (((-0.964344918728) * x6) - (((sqrt(((2.168205261230 * x8) / ((log(((((cos(cos((-0.192811071873))) + ((0.377626955509 * x0) / (((3.579539537430 * x3) + (1.913295269012 - (1.618833541870 * x2))) - cos(((-0.294098496437) * x9))))) * 1.414213538170) + (0.693147182465 ^ (0.501009166241 * x1))) ^ (1.414213538170 ^ (0.318309873343 * (0.693147182465 * x4))))) ^ 0.534132778645) + (0.082252189517 * x0)))) + (((0.082252189517 * x5) / cos(((-0.259467661381) * x5))) + ((-0.514412641525) * x3))) / (0.134937301278 * x5)) / ((3.579539537430 * x3) - (3.050010919571 * x4)))))))',,7.598588126711547e-05,197557364,409,11,58,12,2048,paper,6,0,3160032368,1.1903256023884501e-05,165.920161
3600.013073451817,'((-0.722482442856) + (0.434191852808 * (((7.070378780365 / sqrt((1.481572031975 * x6))) + (sin(((cos(cos(log((sqrt((0.199780628085 * x6)) + exp(((-0.024352820590) * x6)))))) ^ 2) ^ 2)) - (((-1.152791976929) * x6) - (2.303125381470 * x5)))) - (((-1.152791976929) * x6) - (2.303125381470 * x4)))))',7.746356125991343e-07,7.649329631931323e-07,335474541,409,14,58,12,2048,paper,6,0,3376120482,1.5456999154806352e-07,2296.27848025
3600.0086114518344,'(54.602375030518 + ((-1.442694902420) * (((exp(3.633564233780) - (0.693147182465 * x6)) - (0.693147182465 * x4)) - (0.693147182465 * x5))))',1.5623322223743439e-10,1.846587882603501e-10,518275838,409,6,58,12,2048,paper,6,0,2995172877,8.105635884949121e-10,59302.23392024999
3600.010320007801,'(0.002334902762 + (0.245122626424 * (((((0.434294492006 * x4) / ((-5.114301204681) * x6)) + (2.536208391190 * x4)) + ((2.039933681488 * x6) + (2.039585590363 * x6))) + ((((1.544545054436 * x4) / (0.318523615599 * x6)) / (1.268469095230 * x6)) + (((2.039773702621 * x5) + (2.039817810059 * x5)) + (1.543796896935 * x4))))))',5.13004271120903e-08,5.0118803329723967e-08,376447202,409,8,58,12,2048,paper,6,0,404488628,1.791686007429168e-08,515.7895209999992
3600.008862055838,'((-5.400745868683) + (1.885935664177 * (((0.265124350786 * x5) + ((0.000038295984 * x6) + ((0.265116363764 * x5) + (0.256461620331 * x6)))) + ((0.265124350786 * x4) + ((2.863729476929 + ((0.000038295984 * x6) ^ 2)) + ((0.265116363764 * x4) + (0.273740500212 * x6)))))))',2.0472779756650138e-10,3.2114572112718065e-10,398763223,409,16,58,12,2048,paper,6,0,550243861,1.5003478900376956e-10,46.94990400000005
3600.009660091251,'((-0.595325887203) + (0.515778601170 * (sqrt((((1.880553841591 * x5) - ((-2.176323175430) * x4)) * ((1.997865319252 * x5) - ((-1.907373785973) * x4)))) - (((((-1.938747286797) * x6) - exp(sqrt((sin(sqrt(log((0.055997446179 * x5)))) / (1.114654779434 * x5))))) - ((-0.001112636644) * x4)) - ((-0.101235873997) * x4)))))',3.958599792557287e-05,3.952472616219893e-05,316293831,409,18,58,12,2048,paper,6,0,1934392872,0.0008262874049732527,12768.322008999996
3600.01115591079,'((-9.015025138855) + (4.336571216583 * ((((-0.144223421812) * x6) * sqrt(cos(1.414213538170))) - ((((-1.128587245941) - ((-0.000122770667) * x6)) - ((exp((((-0.000122770667) * x6) + 0.434193968773)) ^ ((0.395834356546 * sqrt(0.894167304039)) ^ 2)) * 0.894167304039)) + ((((-0.143844723701) * x6) + ((-0.230596914887) * x4)) + (((-0.143844723701) * x6) + ((-0.230596914887) * x5)))))))',5.100204636299254e-11,4.736899206214673e-10,240482100,409,19,58,12,2048,paper,6,0,2148995112,5.42738503404081e-13,15279.679321000001
3600.0112678185105,'(8.116112709045 + (1.324851036072 * (((1.028268098831 * (1.004363536835 ^ ((-0.282251358032) * x5))) - (1.414213538170 * (4.335909843445 + ((-0.533725023270) * x6)))) + (((0.755808234215 * x5) - (1.414213538170 * ((-0.533725023270) * x4))) - ((0.299359411001 * (0.473284095526 * x5)) ^ ((cos(exp(cos(((1.003859281540 * (0.802371144295 * x5)) - (0.799016058445 * x5))))) ^ 2) / (2.482586145401 * x5)))))))',7.96983219884674e-08,8.097287462760505e-08,180333083,409,17,58,12,2048,paper,6,0,3606691181,6.200671127759308e-09,2172.8183822499986
3600.009143274277,'((-1.111403942108) + (0.480487346649 * (((((2.081220388412 * x6) + (2.081220388412 * x4)) + exp((cos((-0.326187729836)) + ((-0.579357326031) * x4)))) + sqrt(((2.081220388412 * x5) ^ 2))) + exp(cos(0.576149404049)))))',6.297780091529967e-11,3.8537487090373185e-10,440668219,409,20,58,12,2048,paper,6,0,1592565386,3.9699581452965085e-11,1808.1630062500008
3600.012167211622,'(3.650390863419 + (0.647092282772 * (((((0.512689411640 * x6) * 1.764705538750) * 1.708088278770) - (((0.108784325421 * x4) + ((-1.545372724533) * x5)) + ((1.708088278770 * ((log((0.693147182465 * x4)) * ((-0.227855637670) * 0.135645255446)) + (2.784676551819 * x6))) / (0.842764198780 * x6)))) + (1.654152274132 * x4))))',1.1360602614722404e-08,1.050146458680956e-08,411536202,409,21,58,12,2048,paper,6,0,784044718,5.991996783506214e-08,723.5562009999993
3600.009872622788,'(65.259536743164 + (5.389478206635 * (((0.185546711087 * x4) + ((0.185546711087 * x6) + (-1.848889589310))) + ((((0.185546711087 * x5) - 4.396595954895) - 4.863204956055) - (((-1.861134052277) ^ 2) ^ (sin((cos(((-0.951644062996) * x0)) ^ 2)) / exp(exp(((-1.619573712349) ^ 2)))))))))',2.8822390782544748e-11,9.955517521476054e-10,295422259,409,22,58,12,2048,paper,6,0,3980425317,2.179780674650772e-11,390.8133610000002
3600.011604331434,'((-9.330444335938) + (3.141587972641 * (((((0.318309873343 * x6) + (0.318309873343 * x4)) + (2.969717502594 + log((exp(exp((((((0.250109970570 * x5) / (3.589143514633 * x6)) ^ 2) * ((-0.727484703064) * x6)) - (((-2.193786859512) ^ 2) * exp(((-0.709481179714) / (-1.176050662994))))))) ^ 2)))) - (((-2.193786859512) + 2.110222578049) * ((-0.412447839975) * x5))) - ((-0.352777481079) * x5))))',1.0210118256876776e-09,9.072366191631431e-10,376066116,409,23,58,12,2048,paper,6,0,3356806661,7.595650641341852e-10,1827.0067922500011
3600.0089763589203,'(201.920776367188 + (0.611675322056 * ((((1.370142102242 * x5) - ((0.860963284969 * x6) - ((-0.375330179930) * x4))) / ((0.263851523399 / (-0.011762578972)) ^ 2)) + ((((0.636405527592 * x6) - ((-0.893499493599) * x4)) - ((-0.742101073265) * x4)) + (((1.632131338120 * x5) - ((-1.000159502029) * x6)) - ((-0.909831643105) / (-0.002756138332)))))))',7.04085353300896e-11,2.1677336314862567e-10,233931162,409,24,58,12,2048,paper,6,0,2765379632,3.2453115117223473e-10,1501.6012502500012
3600.0096486099064,'((-0.171540126204) + (0.203885868192 * ((((3.268210172653 * x6) + ((1.636358022690 * x6) - ((-2.124550104141) * x5))) + (0.000135183334 * x6)) + (((sin(exp(((0.000135183334 * x4) * (-0.336043357849)))) + (3.132137537003 * x4)) - ((-2.345861911774) * x5)) + (((0.434294492006 * x5) + (1.772453904152 * x4)) + (0.000135183334 * x4))))))',3.1454609046049467e-10,4.93761531661363e-10,341601337,409,25,58,12,2048,paper,6,0,1728356533,1.4427481989017833e-10,2618.01072225
3600.01079436019,'((-0.013202541508) + (0.398884534836 * ((((0.693147182465 * x5) + ((0.693131208420 * x6) / 2.007801055908)) + ((0.906854748726 * x5) + ((0.906854748726 * x5) + (1.253666162491 * x4)))) + ((((0.023958951235 * x5) + 0.743265748024) / ((0.248187914491 * x5) + (1.860702753067 * x4))) + (((0.693131208420 * x6) / 0.416050434113) + ((1.253666162491 * x4) + (0.495810627937 * x6)))))))',5.117288114541978e-07,5.067117285761924e-07,295747083,409,26,58,12,2048,paper,6,0,3533734220,1.7908881826542548e-06,393.9828010000007
3600.009159360081,'(84.304054260254 + ((-0.401258677244) * (((((6.107656478882 * x8) / (0.029070377350 * x8)) - (1.252032756805 * x6)) + ((((-1.765426754951) * x5) - (1.240125536919 * x6)) + (((-1.245197892189) * x4) - (0.363369703293 * x5)))) + (((-1.246957659721) * x4) - (0.363361775875 * x5)))))',2.901798448630977e-10,3.693175765207002e-10,362638661,409,27,58,12,2048,paper,6,0,2342600226,1.9087020570446177e-10,2921.5646522500006
3600.013005886227,'((-0.031254757196) + (0.626843690872 * (((((1.217723250389 * x5) - ((-0.988209545612) * x6)) - (0.024930804968 * x6)) + (((((0.024930804968 * x6) ^ 2) / ((-0.619387388229) * x6)) - ((-1.596184492111) * x4)) - ((-0.799548447132) * x5))) + (((((-0.840354442596) * x4) / exp(((exp(1.310425639153) ^ 1.867327094078) - log((0.756635069847 * x6))))) - (0.421985715628 * x5)) - ((-0.633376061916) * x6)))))',5.566170513883274e-06,5.574403076025192e-06,274116762,409,28,58,12,2048,paper,6,0,1904449481,5.245258873655896e-06,3274.3572839999997
3600.010629553348,'(0.042197391391 + (1.554061293602 * (((((0.643452107906 * x5) + (0.643502116203 * x6)) + sqrt(((3.021920204163 * x6) * ((0.006755284965 * x4) ^ (0.707106769085 * x4))))) + ((-0.063661411405) * x4)) + ((((0.027437422425 * x4) + ((-0.230545312166) * x6)) / ((0.884628236294 * x5) + (7.498104095459 * x6))) + (0.707106769085 * x4)))))',2.204807123090763e-07,2.157135838842805e-07,296643754,409,29,58,12,2048,paper,6,0,1934709049,3.2633951229634104e-09,793.7742759999995
3600.014668270945,'((-0.000078085061) + (1.021313548088 * (((0.979131877422 * x6) - ((-0.449453055859) * x5)) + ((0.529677510262 * x5) - ((-0.979132235050) * x4)))))',1.0582521925082492e-09,2.147662048201937e-09,684769271,409,0,58,12,4096,paper,4,0,3324115916,3.8168815140027815e-10,804.9987562500002
3600.013983998448,'(0.000027444281 + (1.678868174553 * (((0.595639348030 * x5) + (0.595639348030 * x4)) + (0.595639348030 * x6))))',1.4202799086092342e-10,4.0946079860049167e-10,788116725,409,1,58,12,4096,paper,4,0,2811363264,1.456885235139572e-10,1220.0001122499998
3600.017596654594,'((-0.000005285216) + (0.806340277195 * (((1.240171194077 * x4) + (1.240171194077 * x6)) + (1.240171194077 * x5))))',1.023786446828017e-10,4.0946079860049167e-10,760208565,409,3,58,12,4096,paper,4,0,1859786275,7.573016679366451e-11,281.83694400000036
3600.013912163675,'((-0.000026479089) + (0.393383055925 * (((2.542050361633 * x5) - ((-1.502620816231) * x4)) - (((-1.039433598518) * x4) - (2.542051792145 * x6)))))',4.900956307011945e-10,7.627210529825844e-10,697814063,409,2,58,12,4096,paper,4,0,1884968544,1.4111152550402575e-09,892.0376890000002
3600.017368234694,'(0.000044412642 + (0.438628703356 * (((2.279832124710 * x6) + (2.279831171036 * x4)) - ((-2.279832839966) * x5))))',1.6183082949229544e-10,6.663773421955455e-10,786561082,409,4,58,12,4096,paper,4,0,3687649985,5.35112302069312e-12,40.17024400000028
3600.017225559801,'(0.000050876130 + ((-0.692937374115) * (((-1.443131208420) * x4) + (((-1.443131685257) * x5) - (1.443131804466 * x6)))))',2.606982174631014e-10,3.4523164882394037e-10,770548437,409,5,58,12,4096,paper,4,0,369133708,4.740022520846042e-11,13939.344224999999
3600.015839669853,'((-0.000006969810) + ((-1.321775436401) * (((-0.756558358669) * x6) + (((-0.756557464600) * x4) + ((-0.756558358669) * x5)))))',5.199648888802517e-10,8.229358861022718e-10,783378198,409,9,58,12,4096,paper,4,0,2261209995,7.83513038151007e-11,417.7527209999997
3600.0167414546013,'(0.000014840801 + ((-1.235011219978) * ((((-0.809709429741) * x5) - (0.809709072113 * x6)) - (0.809709072113 * x4))))',9.491554368606661e-11,4.1748943191421967e-10,783256152,409,8,58,12,4096,paper,4,0,404488628,9.773383648271196e-11,515.7895209999992
3600.015071719885,'(0.000005899589 + ((-0.732808589935) * ((((-1.364612817764) * x5) + ((-1.364612817764) * x6)) - ((0.682305216789 * x4) + (0.682307541370 * x4)))))',5.406366517422183e-12,4.2953238188481175e-10,684670134,409,6,58,12,4096,paper,4,0,2995172877,9.164575841726904e-12,59302.23392024999
3600.0130652561784,'(0.000028725461 + (0.672251701355 * ((1.487537860870 * x4) + ((1.487538099289 * x5) + (1.487537860870 * x6)))))',5.295558896477145e-11,3.3720298775463675e-10,778996662,409,10,58,12,4096,paper,4,0,4190266092,5.486156400136825e-11,6.940590250000015
3600.0159953720868,'((-0.000065430620) + (1.440502882004 * (((0.517717659473 * x5) + (0.694202780724 * x6)) - (((-0.694201886654) * x4) - (0.176483929157 * x5)))))',1.7436959257483363e-09,1.8024303161112694e-09,684614493,409,7,58,12,4096,paper,4,0,865305066,1.8276570734772016e-09,2804.81456025
3600.0204377882183,'(0.000017135171 + (0.483858138323 * (((2.066721916199 * x5) - ((-1.041134357452) * x6)) + ((2.066721916199 * x4) - ((-1.025586247444) * x6)))))',2.765856120595165e-10,6.824346643341528e-10,697548476,409,11,58,12,4096,paper,4,0,3160032368,1.5917899538673176e-10,165.920161
3600.016052529216,'((-0.000026695054) + (0.895643532276 * ((1.116515755653 * x6) + ((1.116515755653 * x5) + (1.116515755653 * x4)))))',1.7395949299259368e-10,2.488879380369013e-10,768787112,409,12,58,12,4096,paper,4,0,3269070126,8.727071513716375e-12,613.4042890000005
3600.016228146851,'((-0.000023848408) + (2.100163459778 * (((0.880172312260 * x5) - ((-0.476153492928) * x4)) - ((0.404019087553 * x5) + ((-0.476153492928) * x6)))))',1.528042834598814e-09,5.820766091346741e-10,692168714,409,14,58,12,4096,paper,4,0,3376120482,6.299034444348756e-10,2296.27848025
3600.013318181038,'(0.000012203643 + (1.055535912514 * ((0.947386264801 * x5) + ((0.947385251522 * x4) + (0.947386264801 * x6)))))',9.586429672247355e-10,6.503200755680894e-10,771375957,409,15,58,12,4096,paper,4,0,2204291346,5.14195930695655e-10,41.364192249999995
3600.0151830874383,'((-0.000008693699) + (1.293666005135 * ((0.772997140884 * x6) + ((0.772996962070 * x5) + (0.772997140884 * x4)))))',3.5635523665817915e-11,3.4523164882394037e-10,762720539,409,13,58,12,4096,paper,4,0,3081541439,3.142547901883812e-11,12835.303849000002
3600.013775423169,'((-0.000008382546) + ((-1.068228960037) * ((((-0.936128199100) * x4) - (0.451140731573 * x6)) - ((0.484988301992 * x6) - ((-0.936129093170) * x5)))))',2.6687059928615545e-10,5.620049980947782e-10,692136902,409,16,58,12,4096,paper,4,0,550243861,7.339989966570428e-11,46.94990400000005
3600.014293305576,'((-0.000070556212) + ((-0.839931607246) * ((((-1.190572738647) * x5) - (1.868482232094 * x4)) + (((-1.190572738647) * x6) + (0.677905738354 * x4)))))',2.1429086792822607e-09,2.818053568276468e-09,505632910,409,17,58,12,4096,paper,4,0,3606691181,1.0340819409388053e-08,2172.8183822499986
3600.0131501741707,'((-0.000027087537) + (1.773878812790 * (((0.563736438751 * x5) + (0.563736438751 * x4)) + (0.563736438751 * x6))))',2.19296237373922e-10,4.255180652279477e-10,768663456,409,19,58,12,4096,paper,4,0,2148995112,5.872450741339873e-10,15279.679321000001
3600.014000479132,'((-0.000031431719) + ((-0.581180989742) * ((((-1.720634937286) * x6) - (1.720634102821 * x4)) - (1.720634102821 * x5))))',3.5923347845187234e-10,5.419333870548826e-10,759879228,409,20,58,12,4096,paper,4,0,1592565386,2.4819868329762804e-10,1808.1630062500008
3600.01742644608,'((-0.000013645711) + ((-0.913509368896) * ((((-1.094679117203) * x4) + ((-0.483932733536) * x6)) + (((-1.094679117203) * x5) + ((-0.610747337341) * x6)))))',4.91288529260067e-10,1.4812846504952402e-09,685749219,409,22,58,12,4096,paper,4,0,3980425317,1.7328501292157125e-10,390.8133610000002
3600.017376162112,'((-0.000053088796) + (0.931254982948 * (((0.118395112455 * x5) - ((-1.073819518089) * x4)) + ((0.955424487591 * x5) + (1.073820114136 * x6)))))',1.3030069355473143e-09,5.178474871136983e-10,693284761,409,21,58,12,4096,paper,4,0,784044718,2.3435834368074723e-09,723.5562009999993
3600.0145365446806,'(57.570693969727 + (0.029479330406 * (((3.004520177841 * x6) + (2.718281745911 * x5)) * log(((((((((3.488922119141 * x6) * (sqrt((((-0.002010613680) * x4) / ((-0.888788938522) * x0))) / (0.025357346982 * x8))) - (-1.329307198524)) ^ (0.025357346982 * x5)) - (0.318309873343 * x4)) ^ 2) + (1.189559698105 * x5)) ^ 2)))))',5.073389627750562,5.0733842849731445,430359932,409,18,58,12,4096,paper,4,0,1934392872,8.224196272335183,12768.322008999996
3600.0195647217333,'(0.171845853329 + (0.429144144058 * (((exp((((((2.321853876114 * x7) ^ sin((0.387686640024 * x1))) / (((-2.662783384323) * x7) + (1.751794338226 * x6))) ^ 2) ^ 2)) ^ ((-0.107278630137) * x7)) * (2.328832864761 * x7)) - (((-2.331333398819) * x2) + ((-2.326227188110) * x3)))))',0.0145515197638565,0.014552223496139,340235283,409,23,58,12,4096,paper,4,0,3356806661,14320.84704768545,1827.0067922500011
3600.013514172286,'(0.000012167271 + (2.302584886551 * (((0.434294492006 * x6) + (0.434294492006 * x5)) + (0.434294492006 * x4))))',9.352063389108528e-11,5.700336314085064e-10,778344233,409,24,58,12,4096,paper,4,0,2765379632,1.6142119083820608e-10,1501.6012502500012
3600.0152638591826,'(0.012979280204 + (0.764865636826 * (((0.662812471390 * x6) - (((-1.307617068291) * x5) + ((-1.307084441185) * x4))) - ((0.162240564823 * ((0.048642404377 * x5) * ((((-2.256461858749) * x4) ^ 2) ^ (-0.393330514431)))) - (0.644603192806 * x6)))))',3.7128613409120817e-06,3.73103875972447e-06,487064553,409,25,58,12,4096,paper,4,0,1728356533,1.0122821069562166e-07,2618.01072225
3600.012920245528,'(0.000012057411 + (0.379195332527 * ((2.637163400650 * x5) - (((-2.637162208557) * x4) - (2.637163400650 * x6)))))',6.676501345464729e-11,3.3318867109777273e-10,781844961,409,26,58,12,4096,paper,4,0,3533734220,9.611187528779121e-11,393.9828010000007
3600.013807475567,'(0.000037640668 + ((-0.707121849060) * ((((-0.759052753448) * x4) - (1.414183497429 * x6)) - ((1.414183497429 * x5) + (0.655129611492 * x4)))))',2.878461044918483e-10,4.1748943191421967e-10,696841005,409,27,58,12,4096,paper,4,0,2342600226,2.5186431227420583e-10,2921.5646522500006
3600.0146046988666,'(0.000059534785 + ((-1.218996524811) * ((((-0.820346474648) * x4) - ((-0.087622344494) * (0.081013500690 * x6))) - ((0.820346772671 * x5) - ((-0.827445387840) * x6)))))',2.7692543444195467e-10,1.2845828845087224e-09,624549091,409,28,58,12,4096,paper,4,0,1904449481,1.1747939338870274e-10,3274.3572839999997
3600.0181873962283,'((-0.000046517009) + (0.433008670807 * (((2.309422969818 * x5) + (1.154712557793 * x6)) + ((2.309422969818 * x4) + (1.154710412025 * x6)))))',2.6001509303147177e-10,2.8903113236111716e-10,687380430,409,29,58,12,4096,paper,4,0,1934709049,2.9270590285235486e-11,793.7742759999995
3600.019209805876,'(0.164933681488 + (0.253134757280 * (((((1.091375470161 * x6) - ((-1.044234037399) * x5)) + (1.958621859550 * x4)) + (((1.429546713829 * x6) - ((-0.968502163887) * x5)) - ((-0.969096064568) * x5))) + ((((1.429546713829 * x6) - sin(log((((2.814095020294 * x4) ^ (-0.033325940371)) + 1.159700274467)))) - ((-0.968628048897) * x5)) + (1.991659998894 * x4)))))',4.9570141028178756e-08,4.891450799959785e-08,262005941,409,0,58,12,4096,paper,6,0,3324115916,2.34929603355564e-09,804.9987562500002
3600.0239265672863,'((-0.651604831219) + (0.762026548386 * (((sqrt((0.022412430495 * x6)) + ((0.109662927687 * x6) + (1.312281727791 * x5))) + (((0.598890721798 * x6) + (1.312281727791 * x4)) + ((0.693147182465 * x6) + ((-0.095470547676) * x6)))) + ((cos((0.020361106843 * x6)) * sqrt(log((0.556167960167 * x8)))) / (((0.707106769085 * x6) + (0.598890721798 * x6)) / (0.029294610023 * x6))))))',9.687362034427972e-06,9.674951797933318e-06,278006197,409,1,58,12,4096,paper,6,0,2811363264,2.675097375829276e-06,1220.0001122499998
3600.0177785381675,'(0.196061626077 + (1.183070540428 * sqrt(((((exp(sin((((-1.996347427368) * x5) / (1.186864972115 * x6)))) * (((0.619146823883 * x4) - ((-0.735393822193) * x6)) ^ 2)) - ((-0.917602419853) * x7)) - ((2.054843187332 * x6) * ((-1.248119711876) * x5))) - ((((-0.840121150017) * x6) + ((-1.247012257576) * x5)) * (1.428346991539 * x4))))))',1.1532230175284242,1.1532280445098877,338449410,409,4,58,12,4096,paper,6,0,3687649985,1.5520785049573502,40.17024400000028
3600.0183464325964,'(0.016182301566 + (0.745788514614 * ((((0.677942574024 * x6) + (1.372994184494 * (0.565050959587 * x5))) + ((1.372994184494 + sqrt(sqrt((0.963058233261 ^ (1.772453904152 / (0.434294492006 * x4)))))) * (0.565050959587 * x4))) + ((((0.007024288177 * x6) ^ 2) / ((0.643226087093 * x6) - (0.018275987357 * x6))) + ((0.662841141224 * x6) + (0.565050959587 * x5))))))',5.2705465070542606e-11,1.0477378964424131e-09,270255688,409,5,58,12,4096,paper,6,0,369133708,1.3492071205921663e-10,13939.344224999999
3600.025388419628,'(0.039710044861 + (0.451059460640 * (((1.503775000572 * x5) + (1.961579799652 * x6)) - ((((-0.694421112537) * x4) - (((-0.184088528156) * x5) - ((-0.897344291210) * x5))) + ((((-0.255398243666) * x6) + ((-1.522393226624) * x4)) + ((0.819579124451 / (((-1.546563386917) * x4) - (((-1.656593322754) * x4) - 14.977684974670))) + (cos(exp((((-0.184088528156) * x5) / (2.387167692184 * x6)))) / 15.526195526123)))))))',4.78925420056064e-08,4.501660200162405e-08,280382209,409,3,58,12,4096,paper,6,0,1859786275,9.3385225634157e-08,281.83694400000036
3600.0195104032755,'((-1.076711297035) + (0.409416794777 * ((log((0.823383212090 ^ (0.011051058769 * x6))) - ((-1.222328543663) * x6)) + ((exp((0.823383212090 ^ (0.011051058769 * x4))) + ((1.442695021629 * x5) - ((-1.223262429237) * x4))) + (((0.999794721603 * x5) - ((-1.222328543663) * x6)) + ((((-0.378170937300) / (1.174077272415 * x4)) * 4.220516681671) - ((-1.223262429237) * x4)))))))',6.343022945434091e-07,6.353988624141493e-07,192271903,409,9,58,12,4096,paper,6,0,2261209995,1.7695921505509676e-08,417.7527209999997
3600.026288043708,'(136.508865356445 + (0.627170383930 * (((((0.001193851233 * x6) * (-0.551303863525)) - ((-1.793084144592) * x6)) - ((-1.594463109970) * x4)) - ((((0.318309873343 * x6) * 0.621959388256) + exp(exp((sqrt(sqrt(((sin(0.621959388256) ^ 0.893013536930) ^ 3.141592741013))) + (cos(0.037326332182) ^ 2))))) + (((0.001193851233 * x6) * (-0.010530983098)) + ((-1.594463109970) * x5))))))',8.415851259020991e-10,2.689595490767971e-10,296538409,409,10,58,12,4096,paper,6,0,4190266092,6.521685129379807e-10,6.940590250000015
3600.018870372325,'(0.000010217344 + ((-0.394439786673) * (((((-2.180262327194) * x6) - (((-0.006177026313) * x4) - ((-2.536053180695) * x5))) + ((((-0.005050166044) * x5) / (-1.310196638107)) + ((-1.586003780365) * x4))) + (((((-0.005050166044) * x5) + ((-1.585954785347) * x4)) * 0.602421760559) + ((-0.354979127645) * x6)))))',5.980932995122595e-11,5.298904093287149e-10,349581692,409,11,58,12,4096,paper,6,0,3160032368,4.2072362681801665e-11,165.920161
3600.02419962734,'((-0.001894706860) + ((-2.804853916168) * (((0.311891525984 * x5) - (((0.356520920992 * x6) - ((-0.986814498901) * x5)) - ((-0.106259532273) * x4))) - (((((-0.046465575695) * x4) / ((exp(sqrt(sqrt(sqrt(log((0.310792952776 * x5)))))) / ((-0.033257886767) * x1)) * (1.230313301086 * x1))) - ((-0.249877139926) * x4)) - (0.318388193846 * x5)))))',2.565523479768624e-07,2.546886150867067e-07,368747997,409,7,58,12,4096,paper,6,0,865305066,2.7497390663703523e-07,2804.81456025
3600.024616781622,'((-0.092444807291) + (0.805218040943 * ((cos((-1.421696305275)) * (((1.743484973907 * x4) / ((-0.586200714111) * x6)) + (((-0.287126004696) * x6) + (1.932770133018 * x5)))) - ((((log((1.062169432640 * x2)) - sin((sin(((((0.003381096991 * x3) / (0.299106717110 * x1)) - ((sin(((-1.565273880959) * x6)) ^ 2) / ((-0.110041946173) * x4))) - ((3.140565395355 * x1) + ((((-0.391546636820) + ((-0.902144908905) * x7)) * ((0.003381096991 * x3) + ((-0.918532431126) * x10))) * sin(exp((0.152951538563 * x5))))))) + (-1.280329585075)))) / ((-0.274493157864) * x6)) - (0.954656958580 * x5)) + (((-0.577158749104) * x6) - ((1.245244264603 * x4) + (0.707157611847 * x6)))))))',0.0001289120257702,6.515145651064813e-05,246368152,409,8,58,12,4096,paper,6,0,404488628,1.0019421566648696e-05,515.7895209999992
3600.0288912914693,'((-7.271125793457) + (1.414213538170 * ((((0.707106769085 * x5) + (0.707106769085 * x6)) + (sin((cos(0.097640305758) * sqrt(sqrt(((0.707106769085 * x4) ^ sqrt(((sqrt((6.283185482025 - 6.283185482025)) - (((0.707106769085 * x6) / (0.707106769085 * x8)) ^ 2.389875411987)) ^ 2))))))) + cos(6.283185482025))) + ((cos(log((((((-1.380126714706) * x11) + (-1.081506729126)) ^ 2) ^ (0.819363415241 / (0.306859701872 * x8))))) + (0.707106769085 * x4)) + 2.302585124969))))',2.471285396056693e-11,1.846587882603501e-10,164541684,409,2,58,12,4096,paper,6,0,1884968544,3.0861992660702414e-11,892.0376890000002
3600.015524085611,'((-3.887912511826) + ((-0.689626336098) * ((((-1.450019121170) * x6) - (sqrt((1.054251432419 * x5)) + ((sin(log((0.444986701012 * x5))) - ((-0.001838922501) * x4)) + (1.415497422218 * x5)))) - ((1.448442339897 * x4) + sin(log((0.429857879877 * x5)))))))',0.0002283314448933,0.0002282335190102,342110368,409,14,58,12,4096,paper,6,0,3376120482,3.0896916153112924e-05,2296.27848025
3600.027836110443,'(0.068022623658 + (0.281747937202 * ((((1.312591195107 * x5) + ((1.774642586708 * x4) + (1.131383419037 * x6))) + ((1.774642586708 * x4) + (1.139819383621 * x6))) + (((2.236675024033 * x5) - sin((((exp((-1.339077234268)) ^ 2) / (log(exp(cos(cos((((0.582848787308 * x4) * ((((1.774642586708 * x4) / ((0.434294492006 * x9) ^ 2)) - exp(((-1.285529017448) * x11))) ^ 2)) * ((((1.139819383621 * x6) * ((-1.963559389114) * x4)) * ((exp(((0.243813291192 / ((-0.928016483784) * x0)) * ((-0.303987473249) * x3))) / ((-1.285529017448) * x11)) ^ 2)) / exp(((-0.118557572365) * x6)))))))) ^ 2)) / (((0.583739638329 * x5) + ((-1.990151286125) * x4)) + ((-1.278077006340) * x6))))) - (0.243813291192 + ((-1.278077006340) * x6))))))',9.998497610553356e-10,9.995659855377426e-10,194258963,409,6,58,12,4096,paper,6,0,2995172877,1.395572005819907e-09,59302.23392024999
3600.026618406177,'((-0.114435881376) + (0.626855134964 * (((((1.595141530037 * x5) - ((-2.658207178116) * x4)) - (exp(cos(((-1.731508970261) * x2))) + (cos(((-0.841439962387) * x2)) + (sin(((0.625464677811 * x0) ^ (sqrt((1.007715940475 * x8)) * (((-0.268250137568) * x0) * (0.625464677811 * x0))))) / (cos(((-1.921335816383) * x6)) + sin(((1.007715940475 * x8) ^ ((-0.841439962387) * x7)))))))) / (((9.447621345520 * x5) - ((-1.902158379555) * x6)) + ((0.625464677811 * x4) * (0.625464677811 * x4)))) + (((1.595141530037 * x5) - (((-2.276442766190) * x4) * 0.182366698980)) - (((1.587098717690 * x4) / (0.777244508266 * x8)) - ((1.181209087372 * x4) - ((-1.595336556435) * x6)))))))',5.646310858268246e-06,1.4608798437620862e-06,223801179,409,13,58,12,4096,paper,6,0,3081541439,1.4617235595141504e-05,12835.303849000002
3600.016713488847,'(1.499113798141 + ((-0.902462124825) * (((((1.772453904152 * x6) - sin((((0.581628620625 * x5) ^ 0.197644129395) / (3.455286741257 * x4)))) / (-2.502551078796)) - (((1.108093261719 * x5) - sqrt(exp(cos((0.001423835754 * x4))))) + (0.399813979864 * x6))) + ((-1.107886433601) * x4))))',9.628179492893945e-08,1.004262770720743e-07,287617992,409,16,58,12,4096,paper,6,0,550243861,2.7774654237589146e-08,46.94990400000005
3600.0198647603397,'(2.631997585297 + (2.220426797867 * sqrt(((((0.302127093077 * x5) ^ 2.265103578568) - ((0.045003853738 * x6) * (((-1.278317570686) * x6) - ((1.263134121895 * x2) - exp((((0.123370915651 * x5) * 0.196348011494) - (cos(sqrt((1.600244998932 * x6))) ^ 2))))))) + (((0.301351338625 * x5) * (1.379657268524 * x6)) - (((-0.698218405247) * x6) * (1.302055358887 * x4)))))))',6.742644149947654,6.74261999130249,303068015,409,12,58,12,4096,paper,6,0,3269070126,0.8362175423446485,613.4042890000005
3600.0216207765043,'((-0.233251467347) + (0.980666756630 * (((((1.442723274231 * x5) - ((-1.020045399666) * x6)) - (1.175083041191 / log((1.442695021629 * x5)))) - (((0.424885272980 * x5) - cos(cos(exp(cos(log(((0.336433291435 * x5) + (0.461054891348 * x4)))))))) - ((0.336433291435 * x5) / (6.208664417267 * x6)))) - ((-1.018149137497) * x4))))',3.022787666461345e-05,3.0218590836739168e-05,312316785,409,15,58,12,4096,paper,6,0,2204291346,2.2916338315153712e-05,41.364192249999995
3600.0192781984806,'(3.026665925980 + (1.114561915398 * ((((((-4.624811172485) * x6) / (0.173813849688 * x11)) / (0.218484401703 * x5)) - ((((-2.371719598770) * x5) - (1.818972945213 * x4)) / (((-10.094539642334) * x7) - (0.995392262936 * x11)))) - (((((-0.897319078445) * x5) + ((-0.897046566010) * x6)) + log(exp(exp((cos(((0.995392262936 * x11) / ((8.256119728088 + (0.144120216370 * x5)) * (0.901075422764 * x11)))) ^ 2))))) - ((0.897345125675 * x4) - (((-3.423220634460) * x6) / (0.901075422764 * x11)))))))',8.522820397239955e-06,8.48183572088601e-06,278270109,409,17,58,12,4096,paper,6,0,3606691181,7.020564108921264e-06,2172.8183822499986
3600.017270695418,'(2.462018728256 + (0.410395443439 * (((((1.035122513771 * x5) - ((-1.473472476006) * x4)) - ((-0.932098150253) * x6)) - cos(sin(log((0.631804287434 * x6))))) - (log(((3.153918504715 * x6) - ((-1.473472476006) * x4))) - (((1.401558756828 * x5) - ((-0.966335773468) * x4)) - ((-1.509237289429) * x6))))))',1.933514485854947e-05,1.933458224812057e-05,308827561,409,18,58,12,4096,paper,6,0,1934392872,0.00020194439436326515,12768.322008999996
3600.01708830148,'(13.921308517456 + ((-0.870878875256) * (((((1.136253833771 * x6) - (3.808303356171 * x4)) / ((cos((2.302585124969 * (-0.240506410599))) / log(cos(0.317868083715))) ^ 2)) - (((1.152414083481 * x6) - (3.998172521591 ^ 2)) - ((-1.134361147881) * x4))) - (1.148265004158 * x5))))',2.9474278063071357e-10,8.430074971421674e-10,377994002,409,19,58,12,4096,paper,6,0,2148995112,6.654694512828323e-10,15279.679321000001
3600.01751364395,'((-0.232354611158) + (0.237447887659 * ((((1.495066642761 * x6) - (((-2.952489376068) * x4) / ((-0.994368970394) * x8))) - ((-1.695531845093) * x4)) - (((((-0.870536506176) * x4) - exp(((0.146293282509 * x4) / ((-2.395236968994) * x6)))) + (((-1.357638239861) * x6) - (2.290422916412 * x5))) + (((-1.645921468735) * x4) + (((-1.358577013016) * x6) - (1.921039819717 * x5)))))))',3.470520011024923e-07,3.43975159466936e-07,336110004,409,24,58,12,4096,paper,6,0,2765379632,2.714021921768238e-06,1501.6012502500012
3600.024544004351,'((-0.488200932741) + (0.552460372448 * ((((1.733806967735 * x5) / ((5.767549037933 * x4) + (1.772453904152 * x5))) + (((0.638693571091 * x6) + ((-0.748021066189) * x5)) + (1.813873648643 * x4))) + (((2.557586431503 * x5) + ((sqrt(((0.569283306599 ^ exp(((sin((0.070643424988 * x4)) * (0.070643424988 * x4)) - ((cos(0.379176437855) / ((0.434294492006 / ((0.887414991856 * x0) ^ 2)) - cos((6.140811920166 * x4)))) ^ 2)))) + cos(cos(((-0.625047802925) * x5))))) / (0.101338766515 * x6)) + (1.170999407768 * x6))) + (((1.208011507988 * x0) + (1.181779146194 * x6)) / ((2.716422796249 * x5) + (1.696958184242 * x6)))))))',1.3855580907192966e-05,1.3888303328712936e-05,151249433,409,20,58,12,4096,paper,6,0,1592565386,0.00023256292907863427,1808.1630062500008
3600.018545884639,'((-0.002632319927) + ((-1.096624374390) * ((((((-0.911867201328) * x5) - (0.911907255650 * x6)) - ((0.003818690777 * x5) / (1.362824440002 * x6))) - (((-0.049968540668) ^ 2) * ((-0.049697041512) * x4))) - (0.912014722824 * x4))))',6.70279201586655e-08,6.781794326116143e-08,386658092,409,22,58,12,4096,paper,6,0,3980425317,3.6323578090356584e-09,390.8133610000002
3600.022058069706,'(0.758342325687 + ((-0.694307565689) * (((((1.398991346359 * x6) - (0.693147182465 * x6)) + ((0.707489728928 * x6) - ((-0.717783927917) * x4))) - (((0.760215044022 * x6) - ((-0.723755955696) * x4)) + ((0.707106769085 * x6) - ((-0.717110455036) * x4)))) + (((-1.440287351608) * x5) - (((0.693147182465 * x6) - (sqrt(0.393302917480) - (-0.464664638042))) + ((0.693147182465 * x6) - ((-0.717190206051) * x4)))))))',1.9687987437047825e-08,1.8987741157161512e-08,316463166,409,21,58,12,4096,paper,6,0,784044718,1.4446972669272995e-08,723.5562009999993
3600.0169862508774,'((-0.004092623945) + (0.343155056238 * ((((((-0.002210108796) * x4) + (0.257030785084 * x6)) + (2.201991558075 * x5)) - (sin((0.011144531891 * x4)) / ((-1.028459072113) * x4))) + (((2.546880483627 * x4) + ((0.011144531891 * x4) + (1.577094912529 * x6))) + (((0.358350157738 * x4) + (1.080012679100 * x6)) + (0.712139248848 * x5))))))',5.125439924767915e-09,5.013887527383076e-09,262596990,409,25,58,12,4096,paper,6,0,1728356533,7.413465619639423e-10,2618.01072225
3600.0164526216686,'(0.762660682201 + (0.360158652067 * ((((1.388277292252 * x6) - (((-0.818895578384) * x5) - (1.012290000916 * x5))) + ((1.388277292252 * x4) - (((-0.819607675076) * x5) - 3.296932220459))) + (((1.388277292252 * x6) - ((0.693147182465 * x5) + 5.414509773254)) + ((1.388277292252 * x4) - ((-0.818907558918) * x5))))))',1.0326451780005156e-10,5.017901649750911e-10,336547981,409,26,58,12,4096,paper,6,0,3533734220,3.4280847341382148e-12,393.9828010000007
3600.0191329307854,'((-0.481304913759) + ((-0.360239118338) * ((((((-1.420324206352) * x4) - exp(sqrt(sin((((-0.553704082966) * ((-0.004468441010) * x5)) ^ 2))))) - (1.535384178162 * x5)) - (((1.097723007202 * x3) / (5.038984775543 * x6)) + (1.388718843460 * x6))) + ((((-1.355657100677) * x4) - (1.746609330177 * (0.707106769085 * x5))) - (((0.647704422474 * x5) / (2.767282962799 * x3)) + (1.388718843460 * x6))))))',2.906698359231324e-05,2.8979426133446395e-05,275532283,409,27,58,12,4096,paper,6,0,2342600226,9.103264867738071e-06,2921.5646522500006
3600.0216861888766,'((-1.630492329597) + (1.445291519165 * (((((0.035941872746 * x5) - ((-0.697795033455) * x3)) - (((-0.669954240322) * x2) + cos((0.201999157667 * x7)))) - (((-0.629081428051) * x1) + cos(((-0.195650577545) * x7)))) + ((sin(((-1.990179181099) * x1)) + sin(exp((sqrt((cos(((0.030803374946 * x7) * (log((0.030240060762 * x11)) + ((-0.245749741793) * x7)))) ^ 2)) ^ 2)))) * (sqrt((3.116345882416 * x6)) ^ sin((0.029645664617 * x7)))))))',2.1279260058955285,2.127861261367798,187779945,409,23,58,12,4096,paper,6,0,3356806661,12028.165263282142,1827.0067922500011
3600.021307621151,'((-0.655686795712) + (0.519616127014 * (((((0.318309873343 * x6) / 0.312028110027) - (log(((0.022066768259 * x5) + exp((((-2.443491458893) - ((-0.446115970612) * x4)) ^ (0.711169898510 ^ (0.022066768259 * x5)))))) / ((-0.397735595703) * x4))) - (((log(0.288149446249) * log(0.324331671000)) / (1.114676356316 ^ 2)) * (((-2.572330951691) * x5) - (1.032855987549 * x4)))) + (sqrt((0.022066768259 * x5)) + ((0.761487126350 * x4) + ((0.904400229454 * x6) + ((-0.981301963329) * x5)))))))',2.8374064971383105e-05,2.836597377608996e-05,171005187,409,28,58,12,4096,paper,6,0,1904449481,8.88896395292426e-08,3274.3572839999997
3600.017937235534,'((-8.452480316162) + (0.121585242450 * (((((1.281160354614 * x6) - (((-4.349616527557) * x5) / 80.095497131348)) + (70.967208862305 * 70.722969055176)) ^ sin(40.319694519043)) + ((((1.281160354614 * x6) - ((-1.282450675964) * x5)) + (1.282505750656 * x4)) / sin(40.684131622314)))))',4.5058481790480756e-08,4.2567865676801375e-08,257955076,409,29,58,12,4096,paper,6,0,1934709049,3.895092564726739e-09,793.7742759999995
3600.030459806323,'((-0.000026047706) + ((-0.313287913799) * (((-3.191953182220) * x4) + (((-3.191952943802) * x6) - (3.191951274872 * x5)))))',1.6499225981372854e-10,4.0946079860049167e-10,712337532,409,0,58,12,8192,paper,4,0,3324115916,5.3695206951552075e-11,804.9987562500002
3600.0231633149087,'(0.000014010465 + (1.406109809875 * ((0.711181700230 * x5) - (((-0.711182177067) * x4) + ((-0.711182177067) * x6)))))',4.377963961844159e-10,7.185635420015045e-10,723047659,409,3,58,12,8192,paper,4,0,1859786275,5.377038851362283e-10,281.83694400000036
3600.0332158468664,'((-0.000021319045) + (1.572365641594 * (((0.635984480381 * x5) + ((0.000016745180 * x6) * 0.163006737828)) - (((-0.635981678963) * x6) - (0.635984480381 * x4)))))',1.4113656187497882e-10,1.4812846504952402e-09,541093623,409,1,58,12,8192,paper,4,0,2811363264,2.0688533094224904e-11,1220.0001122499998
3600.024533573538,'((-0.000030587453) + (0.982634484768 * (((1.017671942711 * x5) - ((-1.017672896385) * x4)) - ((-1.017672777176) * x6))))',3.4870937686708327e-10,1.4692416172579215e-09,715388817,409,5,58,12,8192,paper,4,0,369133708,8.80506887807262e-10,13939.344224999999
3600.031063281,'(0.000082875740 + (0.770200252533 * (((1.298364162445 * x5) - ((-1.298362731934) * x6)) - ((-1.298362731934) * x4))))',7.634273754160093e-10,9.032223302618547e-10,720714557,409,2,58,12,8192,paper,4,0,1884968544,6.672376913835839e-10,892.0376890000002
3600.033902715892,'(54.257701873779 + ((-0.967221975327) * (((1.792744159698 / 0.031958263367) + ((-1.033888816833) * x6)) + (((-1.033888816833) * x5) + ((-1.033888816833) * x4)))))',5.067536959709693e-11,3.3720298775463675e-10,603947005,409,4,58,12,8192,paper,4,0,3687649985,3.9828651748855226e-11,40.17024400000028
3600.0235915482044,'(0.000039362709 + (0.707102835178 * (((1.414222002029 * x6) + (1.414222002029 * x5)) - ((-1.414217948914) * x4))))',2.076389028701938e-09,2.264077370028872e-09,725800454,409,7,58,12,8192,paper,4,0,865305066,6.470293790758576e-10,2804.81456025
3600.0245553813875,'((-0.000012300076) + ((-0.693147003651) * ((((-0.933850347996) * x4) + ((-0.508844852448) * x4)) - ((1.442695379257 * x5) + (1.442695617676 * x6)))))',3.6772519047173826e-11,3.8537487090373185e-10,637637276,409,8,58,12,8192,paper,4,0,404488628,2.4197426535737765e-11,515.7895209999992
3600.025928609073,'((-0.000004058758) + (1.442694902420 * ((0.693147182465 * x5) + ((0.693147182465 * x4) + (0.693147182465 * x6)))))',1.0677973744815635e-09,8.430074971421674e-10,726646158,409,6,58,12,8192,paper,4,0,2995172877,2.0230392096039154e-09,59302.23392024999
3600.025759395212,'(0.000242764363 + (1.322777867317 * (((0.755980074406 * x4) - ((-0.445501923561) * x6)) - (((-0.310481965542) * x6) + ((-0.755986750126) * x5)))))',1.6183929099555533e-08,1.5226321536943033e-08,632611864,409,9,58,12,8192,paper,4,0,2261209995,2.296989923478713e-09,417.7527209999997
3600.0288291350007,'(0.000024584775 + (0.874200284481 * (((0.318247646093 * x6) + (1.143902420998 * x5)) + ((1.143902420998 * x4) - ((-0.825654983521) * x6)))))',1.3217879112965282e-10,2.689595490767971e-10,633119267,409,10,58,12,8192,paper,4,0,4190266092,2.03413672673816e-11,6.940590250000015
3600.0283093228936,'((-0.000029907931) + ((-0.926106393337) * ((((-1.079789876938) * x6) + ((-1.079789519310) * x5)) - (1.079789638519 * x4))))',3.9521919838043367e-10,5.379190981535942e-10,722979345,409,12,58,12,8192,paper,4,0,3269070126,2.0282006987129192e-10,613.4042890000005
3600.029869459569,'(0.000054816697 + (0.800601720810 * (((1.249060630798 * x5) - ((-0.649959743023) * x6)) + ((1.249060630798 * x4) - ((-0.599100291729) * x6)))))',4.375758390737289e-10,5.258761204274265e-10,643942131,409,11,58,12,8192,paper,4,0,3160032368,3.2280793324207736e-10,165.920161
3600.0239429436624,'((-0.000015420759) + (0.367879450321 * (((2.718281745911 * x6) + (2.718281745911 * x5)) + (2.718281745911 * x4))))',2.920575943522138e-10,5.058045093875306e-10,721987044,409,14,58,12,8192,paper,4,0,3376120482,2.8369858728729053e-10,2296.27848025
3600.024352304637,'((-0.000010457968) + (0.811186730862 * ((1.232761502266 * x6) - (((-1.232761979103) * x5) + ((-1.232761979103) * x4)))))',3.445060776885921e-10,5.74047975820946e-10,729965101,409,16,58,12,8192,paper,4,0,550243861,7.676801365288978e-10,46.94990400000005
3600.028658274561,'(42.408111572266 + ((-0.800025701523) * ((((-1.020308136940) / (-0.019248036668)) - (1.249959826469 * x6)) - ((1.249959826469 * x5) + (1.249959826469 * x4)))))',1.7749939940691927e-11,2.569165713506294e-10,586723590,409,15,58,12,8192,paper,4,0,2204291346,2.4252113206995443e-11,41.364192249999995
3600.033850491047,'((-0.000010282097) + (0.693147122860 * ((1.442695021629 * x5) + ((1.442695021629 * x6) + (1.442696213722 * x4)))))',1.8018048660182048e-10,5.339047537411544e-10,713536872,409,13,58,12,8192,paper,4,0,3081541439,9.307582264380473e-11,12835.303849000002
3600.023189853877,'(0.000021027779 + ((-4.012848377228) * (((-0.249199539423) * x5) + (((-0.249199539423) * x6) + ((-0.249199539423) * x4)))))',1.3591836592919854e-10,4.977758760738027e-10,719590926,409,17,58,12,8192,paper,4,0,3606691181,8.243517761180489e-11,2172.8183822499986
3600.023728068918,'((-0.000001633722) + (1.037152767181 * (((0.964177846909 * x5) - ((-0.964178264141) * x4)) - ((-0.964178264141) * x6))))',1.1950754132453307e-10,2.0874471595710984e-10,705367402,409,19,58,12,8192,paper,4,0,2148995112,4.173610029139435e-10,15279.679321000001
3600.025099523365,'((-56.031848907471) + (1.167902231216 * ((((-0.641970396042) / (-0.013380941004)) + (0.856236338615 * x6)) - (((-0.856235802174) * x5) - (0.856236338615 * x4)))))',4.32893819886292e-10,1.9469459378029796e-09,565559750,409,18,58,12,8192,paper,4,0,1934392872,3.1415971437804626e-10,12768.322008999996
3600.023616094142,'(0.000006312413 + ((-0.586160421371) * ((((-1.706017732620) * x5) - (1.482179403305 * x6)) + (((-1.706017732620) * x4) + ((-0.223837956786) * x6)))))',3.4562816391533476e-11,4.1748943191421967e-10,649032350,409,20,58,12,8192,paper,4,0,1592565386,7.731752241434057e-12,1808.1630062500008
3600.0301655754447,'(0.000010449439 + (0.830893993378 * ((1.203522920609 * x6) + ((1.203522920609 * x4) + (1.203522920609 * x5)))))',9.609841368768544e-12,3.693175765207002e-10,708623125,409,21,58,12,8192,paper,4,0,784044718,1.4937616903952715e-12,723.5562009999993
3600.0229682549834,'(0.000040905925 + ((-1.664748311043) * (((-0.600691497326) * x5) + (((-0.600691497326) * x6) - (0.600690424442 * x4)))))',8.341465709542111e-10,1.2926114623112992e-09,724492817,409,25,58,12,8192,paper,4,0,1728356533,2.8270510172043325e-10,2618.01072225
3600.0255741402507,'(0.000086555854 + (2.356484889984 * (((0.424361079931 * x6) + (0.424361079931 * x5)) - ((0.736226677895 * x4) / ((-0.626881182194) - 1.108033537865)))))',5.368608655697838e-09,4.973744083258681e-09,593122320,409,24,58,12,8192,paper,4,0,2765379632,4.019761863391677e-08,1501.6012502500012
3600.026096999645,'(0.000025030482 + (0.817481219769 * ((1.223269581795 * x5) + ((1.223269581795 * x4) + (1.223269581795 * x6)))))',7.081316266945281e-11,1.2845828845087224e-09,717375973,409,22,58,12,8192,paper,4,0,3980425317,4.127557373987753e-12,390.8133610000002
3600.032632477581,'(0.000020456684 + (0.746444046497 * (((1.339685082436 * x4) - ((-1.340878486633) * x6)) + ((1.339685082436 * x5) - (0.001193562988 * x6)))))',1.7300349805852834e-10,3.5326028213766847e-10,649059606,409,26,58,12,8192,paper,4,0,3533734220,1.1852599801774233e-10,393.9828010000007
3600.0354007706046,'(1.967818021774 + ((-0.705689370632) * ((((-1.415392279625) * x3) - exp((cos(sqrt(sqrt((sqrt(((exp(cos((1.713986515999 * x1))) * 2.719122409821) ^ 2)) + (exp(((-0.117310196161) * x7)) * 4.189047813416))))) * (4.082178592682 + 4.210147857666)))) - ((1.408339738846 * x2) + cos((3.259675979614 - (6.283185482025 * x7)))))))',1.7619076192008831,1.7618924379348757,286110099,409,23,58,12,8192,paper,4,0,3356806661,9216.474771676098,1827.0067922500011
3600.022925902158,'((-0.000067166904) + ((-0.513351261616) * ((((-1.947986602783) * x4) - (1.630177140236 * x5)) - ((0.317806154490 * x5) + (1.947984457016 * x6)))))',7.249656575694384e-10,1.0156233631875011e-09,637857745,409,27,58,12,8192,paper,4,0,2342600226,1.4594479242156023e-10,2921.5646522500006
3600.023075338453,'(0.000033941826 + ((-0.914608001709) * ((((-1.093364357948) * x5) - (1.093364477158 * x4)) - (1.093364477158 * x6))))',2.6958203418372476e-10,7.747640307087521e-10,723175531,409,28,58,12,8192,paper,4,0,1904449481,1.2371682597388754e-10,3274.3572839999997
3600.029551818967,'((-0.000012248003) + (0.707106888294 * ((1.414213538170 * x5) + ((1.414212942123 * x4) + (1.414213538170 * x6)))))',1.4239445063852068e-10,3.813605264912922e-10,726587040,409,29,58,12,8192,paper,4,0,1934709049,6.995353858772943e-12,793.7742759999995
3600.0380251146853,'((-1.554720044136) + (0.691248595715 * (((sqrt((0.223894044757 * x4)) + (1.442795634270 * x6)) + (((0.707930803299 * x4) - ((-0.766678214073) * x5)) + ((0.713443398476 * x4) - ((-0.682135641575) * x5)))) + (((((-0.700750410557) * x5) - (((2.614553689957 * x0) + ((0.642684400082 * x4) / (1.769462466240 * x0))) * log(0.017099639401))) + (1.442795634270 * x6)) / (sqrt((0.824861288071 * x7)) + ((2.984104633331 * x4) + (4.714468955994 * x4)))))))',0.0003239574095296,0.0003240922233089,243101376,409,0,58,12,8192,paper,6,0,3324115916,0.0009853383604614882,804.9987562500002
3600.042127955705,'(0.187173172832 + (0.344297766685 * (((((1.442708492279 * x5) / 0.986972332001) + (1.423678636551 * x6)) + (1.490262150764 * x4)) + ((((1.442708492279 * x5) - sqrt((sqrt((cos((((5.011678218842 * x4) ^ (-0.000461071730)) ^ 2)) ^ 2)) ^ 2))) + (1.480787873268 * x6)) + (1.414213538170 * x4)))))',2.544729456593953e-09,2.8019964126713152e-09,311504796,409,1,58,12,8192,paper,6,0,2811363264,1.0039079063201773e-09,1220.0001122499998
3600.0397567488253,'(2.809457778931 + (0.601591706276 * ((((0.506777286530 * x6) + (0.633946418762 + (1.662258863449 * x5))) + (0.531095147133 * x4)) + ((exp((((-3.499199390411) + log((0.531095147133 * x4))) + ((-3.516733169556) * 1.416118144989))) + (0.826220452785 * x6)) + ((0.329256832600 * x6) + ((-5.303812980652) - ((-1.131050109863) * x4)))))))',3.351878805276618e-09,3.917977942080597e-09,271471202,409,4,58,12,8192,paper,6,0,3687649985,1.4084085420379772e-09,40.17024400000028
3600.0482804998755,'((-0.412399172783) + (0.763224780560 * ((((0.327557563782 * x6) + ((0.327557563782 * x6) + (0.318451553583 * x5))) + (((0.327557563782 * x6) + cos(cos((((-0.001933455467) * x5) / sqrt((0.233922183514 * x5)))))) + ((0.327557563782 * x4) + (0.354127466679 * x5)))) + (((0.327557563782 * x6) + ((0.327557563782 * x4) + (0.318822085857 * x5))) + ((0.327557563782 * x4) + ((0.327557563782 * x4) + (0.318822085857 * x5)))))))',8.631523995978501e-11,4.897472427600745e-10,250217610,409,3,58,12,8192,paper,6,0,1859786275,7.760806733877737e-14,281.83694400000036
3600.042626455426,'((-1.350722551346) + (0.854337096214 * (((0.083337850869 ^ 0.064439691603) ^ (((10.441802978516 * x4) ^ 0.420540690422) + exp(1.086536169052))) + (((0.583427608013 * x4) + ((1.170498251915 * x6) + (1.170498251915 * x5))) + (((17.777671813965 * x4) ^ 0.064439691603) + (0.586367905140 * x4))))))',1.1146417621284035e-07,1.1136530275734913e-07,150825098,409,2,58,12,8192,paper,6,0,1884968544,9.950691577868168e-08,892.0376890000002
3600.0426037050784,'(4.010171890259 + (0.520947217941 * (((((sin((57.673034667969 / (0.560577511787 * x4))) / ((0.327175199986 * x4) - ((1.785702943802 * x6) / ((-0.270906239748) * x5)))) + (0.693147182465 * x6)) + (0.560577511787 * x4)) - (((-1.919483780861) * x5) - ((1.219989895821 * x6) + (1.364799380302 * x4)))) - sqrt(((53.789459228516 + ((-0.091596901417) * x6)) + sqrt((1.849825382233 * x4)))))))',1.220602235265632e-05,1.2203605365357362e-05,267129614,409,5,58,12,8192,paper,6,0,369133708,0.0004541840548693672,13939.344224999999
3600.038978949189,'((-0.156175822020) + (0.884282588959 * (((((1.123705029488 * x5) + (1.135065674782 * x4)) + (1.131383419037 * x6)) - ((-1.055229902267) * x5)) - (((((-0.916093051434) * x5) + (1.438469767570 * x4)) / ((2.347151994705 * x3) - ((-0.489558577538) * x5))) - (((1.008470296860 * x5) * (-1.041473269463)) - ((sin(((0.886540591717 * x2) / (1.362595438957 * x4))) / ((-0.363080173731) * x5)) - (((0.895016849041 * x2) ^ (-0.331920981407)) ^ 2)))))))',0.0001073713995232,0.0001072422091965,218158269,409,6,58,12,8192,paper,6,0,2995172877,0.0027571723513220886,59302.23392024999
3600.035668924451,'((-13.402575492859) + (0.707106769085 * ((((1.414213538170 * x4) + sqrt(((-0.508282959461) ^ 2))) + (1.414213538170 * x6)) + ((3.543865203857 ^ 2) + ((1.414213538170 * x5) + (2.426283836365 ^ 2))))))',1.1879596941774529e-11,3.9741782087432403e-10,393946357,409,10,58,12,8192,paper,6,0,4190266092,6.454641804352075e-13,6.940590250000015
3600.036909263581,'(135.058822631836 + (1.357763886452 * ((((0.736504971981 * x6) + (0.736504971981 * x4)) + (((0.920563340187 * x5) / 1.256044745445) - (9.291545867920 * 10.647866249084))) + ((((0.920563340187 * x5) / 1.256044745445) - (10.259043693542 * 10.647866249084)) / ((9.558537483215 * 10.648427963257) + (9.567930221558 * 10.647866249084))))))',1.6431546077059399e-10,1.0758381963071884e-09,263548020,409,9,58,12,8192,paper,6,0,2261209995,1.8046798585366863e-10,417.7527209999997
3600.0399946011603,'((-0.651020705700) + ((-0.663446307182) * (((((-0.754562318325) * x5) - cos((log((0.730691313744 ^ ((3.298689126968 * x2) ^ (((-0.510296046734) * x4) / (3.430006742477 * x5))))) - (((0.001822412014 * x5) ^ 2) ^ 2)))) + ((-0.741619050503) * x4)) + (((((-0.752905070782) * x5) - (1.522222518921 * x6)) + ((-0.765374124050) * x4)) + (0.014967560768 * x6)))))',6.893283657079393e-07,6.863285193503543e-07,226221857,409,7,58,12,8192,paper,6,0,865305066,1.6617066462422458e-06,2804.81456025
3600.047350279987,'((-2.032104969025) + (0.563781201839 * (((((1.378248095512 * x5) + (1.772453904152 * x6)) + ((1.442695021629 * x4) / ((-0.208653911948) * x8))) + sqrt((5.342936515808 + (0.332945406437 * x4)))) + (((exp((((-0.000896869344) * x5) + 1.402372837067)) / (0.332945406437 * x4)) + ((0.395813196898 * x5) + (1.414213538170 * x4))) + (((0.180332928896 * x6) / (2.908740043640 * x4)) + ((((1.442695021629 * x4) / (0.176837727427 * x8)) * cos((0.153800964355 * x10))) + (0.332945406437 * x4)))))))',4.531674432501933e-05,4.525606345850974e-05,240674081,409,8,58,12,8192,paper,6,0,404488628,5.172298124877577e-05,515.7895209999992
3600.036619838327,'((-0.013824776746) + ((-0.412760496140) * ((((((-1.384435892105) * x6) - ((0.318153738976 * x4) - ((-2.422386407852) * x5))) + (((-0.249039545655) * x5) / (18.047439575195 * x4))) - ((((-0.008479451761) * x4) - ((-1.038359403610) * x6)) + (((-0.007821298204) * x4) + (1.495847940445 * x4)))) + ((-0.422978520393) * ((1.495847940445 * x4) + (((-0.008479451761) * x4) + ((-0.008479451761) * x4)))))))',3.4403761582035465e-06,3.431056484259898e-06,294355586,409,11,58,12,8192,paper,6,0,3160032368,2.432448339275272e-07,165.920161
3600.036394804716,'(0.002226301469 + ((-0.784274697304) * (((((-1.256735086441) * x4) - ((-5.816404819489) / ((-0.125951677561) * x8))) - ((0.434294492006 / ((-1.523931741714) * x6)) - (((-0.979713559151) * x4) / (0.636715233326 / ((2.738877534866 * (0.035858377814 ^ 2)) / 0.295098215342))))) - (((1.679517507553 * x5) - ((-1.275045394897) * x6)) + (((-0.404450178146) * x5) - (((-0.979713559151) * x4) / ((-0.842367649078) * x8)))))))',5.4377446120360385e-08,5.2611696332860454e-08,212839787,409,14,58,12,8192,paper,6,0,3376120482,6.702932127219543e-09,2296.27848025
3600.0336773768067,'((-0.068611308932) + (5.785329818726 * ((((((-0.078656300902) * x6) + ((-0.125331848860) * x5)) * 0.414061009884) * sin(0.124629229307)) + (((0.172851383686 * x4) + (0.414061009884 / ((5.675087451935 ^ 2) + (2.640278577805 + ((-0.010726988316) * x6))))) - (((-0.054013498127) * x5) + (((-0.176895439625) * x6) + ((-0.125288277864) * x5)))))))',2.177038112910548e-09,1.8225019271511651e-09,309636423,409,12,58,12,8192,paper,6,0,3269070126,1.443367164031904e-11,613.4042890000005
3600.035859134048,'(122.111282348633 + (0.876054584980 * (((((-0.043204691261) * x4) / ((-14.758567810059) + (-14.176188468933))) - ((((-1.141481399536) * x5) + (0.760553359985 ^ (-18.038352966309))) + ((-1.141481399536) * x6))) - ((-1.139988183975) * x4))))',1.2394433158559783e-11,1.846587882603501e-10,325684528,409,16,58,12,8192,paper,6,0,550243861,8.430352652552886e-12,46.94990400000005
3600.0451638400555,'((-0.639741897583) + ((-0.616403639317) * (((((sin(((((-0.771604835987) - 0.480792969465) ^ 2) - (-0.082524806261))) ^ (0.587404549122 * x5)) + (0.634417831898 ^ ((0.848346352577 * x4) ^ 0.608360290527))) - ((0.854493498802 * x4) + (log(((((2.465434551239 * x4) * (0.848346352577 * x0)) ^ (((-0.575304567814) * x1) / (0.714100718498 * x9))) * 0.434294492006)) ^ 2))) - ((0.854493498802 * x4) - ((0.933297276497 * x4) + (cos(log((0.343766748905 * x6))) * 0.391473114491)))) - ((((0.130485668778 * x4) ^ (-0.187663823366)) + (0.608093202114 * x6)) + (((1.620836496353 * x5) - ((-1.015989065170) * x6)) + (0.848346352577 * x4))))))',1.5832416389620958e-05,1.579795207362622e-05,126880913,409,15,58,12,8192,paper,6,0,2204291346,7.014869991109118e-06,41.364192249999995
3600.0601073130965,'((-1.627708554268) + (0.881514132023 * (((0.863901495934 * x4) + (sin(sqrt(exp(((((sin(((3.166630268097 * x4) ^ 0.109817922115)) + (((0.057775251567 * x5) ^ 2) / ((-0.928168416023) * x5))) - 0.377884864807) / 2.350191831589) - 0.377884864807)))) + (1.134411811829 * x6))) - ((((-1.033928632736) + ((-1.134839653969) * x5)) + ((-0.094459034503) * x4)) + ((((-0.094183862209) * x4) - (0.871189773083 * x4)) * 0.182444497943)))))',4.365964185929933e-09,5.122274160385132e-09,232557011,409,13,58,12,8192,paper,6,0,3081541439,9.265782032989285e-09,12835.303849000002
3600.0308618992567,'(0.144286915660 + ((-1.337988257408) * (((((1.596704602242 * x2) * ((-0.009873149917) * x4)) / (0.021122032776 * x2)) - (((0.071493715048 * x5) / ((-1.395561099052) * x8)) + ((0.747388780117 * x6) + (0.820328533649 * x5)))) + (((0.071493715048 * x5) * ((0.707106769085 * x5) + 0.937993049622)) / (((0.693147182465 * x5) - 0.109553895891) - ((-0.009873149917) * x4))))))',1.4055820031074028e-08,1.2649127079100708e-08,297784119,409,17,58,12,8192,paper,6,0,3606691181,6.848341046504935e-08,2172.8183822499986
3600.027961086482,'(37.933658599854 + (2.302585363388 * ((((0.434294492006 * x6) + (0.434294492006 * x5)) + (0.434294492006 * x4)) + log((exp(((-1.369910359383) * x8)) ^ 0.185683429241)))))',inf,3.9340350421746e-10,331882389,409,19,58,12,8192,paper,6,0,2148995112,inf,15279.679321000001
3600.033909991384,'((-0.001797413453) + (0.648882627487 * ((((((1.018086552620 * x4) / ((-1.434368491173) * x8)) - ((-1.639466762543) * x5)) - ((-1.481098055840) * x6)) - ((0.098369479179 * x5) - (1.541151165962 * x4))) + ((sqrt(((0.098369479179 * x5) * (1.825808405876 / (1.018037557602 * x4)))) / sqrt((1.414213538170 * x8))) - ((-0.060016971081) * x6)))))',1.865034284880145e-08,1.6972551364347055e-08,310572277,409,18,58,12,8192,paper,6,0,1934392872,5.4085974719559396e-08,12768.322008999996
3600.0458854548638,'((-0.092405922711) + (1.107013225555 * (((((0.391449898481 * x10) ^ (-0.009822586551)) + (log(sqrt(((cos(sin((sin((0.409001499414 * x0)) ^ (0.002622812986 * x5)))) * ((0.853151261806 * x6) + (0.918559193611 * x4))) ^ (-0.470350712538)))) + (0.908234417439 * x4))) + (0.318309873343 * x5)) + (((0.904894113541 * x6) + (0.583023071289 * x5)) + (((0.551024973392 * x5) + ((-0.962830662727) * x4)) / (2.389484167099 * x3))))))',0.0001483828149512,0.0001481960789533,168695877,409,20,58,12,8192,paper,6,0,1592565386,0.0001043205056305707,1808.1630062500008
3600.0374363586307,'((-2.127444982529) + (0.212989374995 * (((((0.648223876953 * x6) - ((-0.717021346092) * x4)) + (((-0.340755939484) * x5) / (-0.523781597614))) / 0.152719974518) + ((((2.482165813446 * x5) / ((-0.834787786007) * x10)) + (((-3.193585634232) * x4) / ((-0.810705363750) * x10))) + ((((8.343036651611 ^ 2) - ((0.434294492006 * x5) - (((-5.450301170349) * x10) - (0.450526773930 * x6)))) / ((-0.545505702496) * x10)) + ((0.435221195221 * x5) + (0.450526773930 * x6)))))))',1.2416316277020888e-08,1.2267766358320388e-08,255111679,409,21,58,12,8192,paper,6,0,784044718,3.274880626890519e-12,723.5562009999993
3600.0370387397707,'((-0.155443146825) + ((-0.910012543201) * ((((((-0.465493172407) * x2) / (1.788115143776 * x0)) - ((1.772453904152 * x4) + ((-6.856278419495) * x1))) / ((((-1.483809590340) * x6) + ((-0.850955247879) * x5)) + (0.881339848042 * x4))) + ((((4.121556282043 * x0) + ((-0.673786759377) * x5)) / ((2.511992692947 * x4) + (6.575998783112 * x1))) + ((((-0.819694042206) * x5) - (1.114552140236 * x4)) + (((-1.098012804985) * x6) + ((-0.273880362511) * x5)))))))',0.0017520877810212,0.0017519809771329,257153775,409,23,58,12,8192,paper,6,0,3356806661,0.002461636020814803,1827.0067922500011
3600.032313846052,'((-16.753070831299) + (1.605043530464 * (((((((0.932200551033 * x4) ^ 2) ^ (0.002562463284 * x6)) - ((-6.279162406921) * x4)) / (((-0.311694443226) * x4) * ((-0.100164927542) * x6))) - ((-0.311694443226) * x4)) + (sqrt((1.623607873917 * x6)) + (((0.579030394554 * x6) - ((-0.623078525066) * x5)) - ((-0.311694443226) * x4))))))',0.0005495139114026,0.0005494679207913,276377203,409,22,58,12,8192,paper,6,0,3980425317,2.3890662970661025e-05,390.8133610000002
3600.0296886116266,'((-0.198406726122) + (0.821820139885 * (((((0.922856032848 * x4) - (-0.241395637393)) - (((1.017104983330 * x4) * ((-0.010321542621) ^ 2)) / (-0.517802655697))) - ((-0.943362891674) * x5)) + ((0.318301260471 * ((0.922856032848 * x4) - ((-0.859086632729) * x5))) + (1.216811418533 * x6)))))',9.049647860688916e-11,4.496039929247075e-10,332983654,409,26,58,12,8192,paper,6,0,3533734220,2.730057045224136e-11,393.9828010000007
3600.026095505804,'((-0.005161301699) + ((-0.731080830097) * ((((((-1.367948532104) * x4) - (0.129359960556 * x6)) - (((-0.021146178246) * x5) / ((-7.006924629211) * x4))) - (1.238494515419 * x6)) - (1.367768526077 * x5))))',4.770648838418123e-07,4.774593662659754e-07,470231803,409,27,58,12,8192,paper,6,0,2342600226,1.687401674036344e-07,2921.5646522500006
3600.043169427663,'((-0.250961661339) + (0.393884748220 * ((((1.571275711060 * x5) + ((2.541103839874 * x4) - ((-2.412398338318) * x6))) - ((((-1.360402822495) * x5) * 0.711204767227) + ((0.037030875683 * x6) * (-0.556279778481)))) - ((((0.904023349285 * x4) - 26.702461242676) / (sqrt((((((-0.845342814922) * x8) + (12.071823120117 * x7)) / (-0.031535282731)) + ((2.480894565582 * x10) - (sin((18.996150970459 * x7)) * ((((-1.964556813240) * x8) + ((-3.928411245346) * x11)) + ((-1.964556813240) * x8)))))) - (3.286776781082 * x4))) - ((0.105771943927 * x6) + ((7.735711574554 * x4) ^ (-0.100999906659)))))))',1.8561726267852609e-06,1.8480531025488744e-06,190388190,409,24,58,12,8192,paper,6,0,2765379632,6.523110216657944e-06,1501.6012502500012
3600.052097044885,'((-0.033728186041) + (0.405336886644 * (((1.210821986198 * x6) + (((7.193096160889 * x1) / (0.103693857789 * x10)) + (2.467030525208 * x4))) + ((((0.107615470886 * x5) + (cos(sin(((1.455272793770 * x6) ^ 2))) * log(((2.711167097092 * x4) / (7.660862922668 * x0))))) / ((1.210821986198 * x6) + (4.743352890015 * x1))) + ((1.256773114204 * x6) + ((2.466528415680 * x5) + (((-1.423339366913) * (0.015085706487 ^ 2)) / (((-0.458629459143) * x0) * cos(((0.103693857789 * x10) * sin(1.591620802879)))))))))))',1.6336755046236915e-06,1.6092491250674357e-06,219858587,409,25,58,12,8192,paper,6,0,1728356533,3.7217369662968613e-06,2618.01072225
3600.0350839309394,'(0.000005562332 + (0.558056175709 * ((1.791934013367 * x5) + ((((1.791934013367 * x4) + (0.853982686996 * x6)) + (0.162500366569 * x6)) + (((0.162594616413 * x6) - (0.318309873343 * x6)) + (0.931166946888 * x6))))))',3.182957920080414e-10,9.072366191631431e-10,409589122,409,28,58,12,8192,paper,6,0,1904449481,5.478129185890223e-10,3274.3572839999997
3600.0367742590606,'(0.639377176762 + (0.276304990053 * (((((1.895695924759 * x6) + (2.050209045410 * x4)) - ((-1.510521650314) * x5)) + (((0.856798887253 * x6) + (0.784826517105 * x4)) - ((-1.054326653481) * x5))) + (((0.866706192493 * x6) + (0.784242272377 * x4)) - (2.184129953384 + (((0.318309873343 + ((0.000117555261 * x4) + (((-0.008044719696) * x5) / (3.277209758759 * x6)))) ^ 1.772453904152) + ((-1.054326653481) * x5)))))))',2.715722897310584e-09,2.500922358095181e-09,240280966,409,29,58,12,8192,paper,6,0,1934709049,4.164884147955391e-10,793.7742759999995
3600.0517330877483,'((-0.000011008950) + (0.961026489735 * (((1.040554165840 * x5) - (0.131378352642 * x4)) + ((1.171931862831 * x4) - ((-1.040554285049) * x6)))))',2.49106371276613e-10,5.379190981535942e-10,593475123,409,0,58,12,16384,paper,4,0,3324115916,4.829015740926179e-11,804.9987562500002
3600.0612066201866,'((-0.000036707501) + ((-1.884043931961) * ((((-0.530773520470) * x6) - (0.530772984028 * x4)) - (0.530772984028 * x5))))',7.269368598462491e-10,1.6458717722045435e-09,664092261,409,1,58,12,16384,paper,4,0,2811363264,1.859439489914892e-10,1220.0001122499998
3600.055140390992,'(0.000001349936 + (1.056919455528 * (((0.946145832539 * x5) - ((-0.946145892143) * x4)) - ((-0.946145892143) * x6))))',3.7306879232117116e-11,5.379190981535942e-10,655123406,409,3,58,12,16384,paper,4,0,1859786275,6.338493947152368e-12,281.83694400000036
3600.054487541318,'((-0.000009382643) + ((-0.381595343351) * (((-2.620576858521) * x4) - ((2.620577812195 * x6) - ((-2.620576858521) * x5)))))',4.770712444469691e-10,7.185635420015045e-10,672091559,409,7,58,12,16384,paper,4,0,865305066,4.412936720025504e-10,2804.81456025
3600.05085368827,'((-0.000012766763) + (0.949075698853 * ((1.053656816483 * x6) + ((1.053656816483 * x5) + (1.053656816483 * x4)))))',1.5719915752139146e-10,2.8300966015137874e-09,673702838,409,6,58,12,16384,paper,4,0,2995172877,6.587913718437683e-10,59302.23392024999
3600.05943274498,'((-1.485850572586) + (1.765686392784 * (((0.566352009773 * x4) + sin((cos(0.110488630831) ^ (0.020410338417 * x6)))) + ((0.566352009773 * x5) - ((-0.566420078278) * x6)))))',1.6929929976185838e-10,7.787783751211919e-10,360354743,409,2,58,12,16384,paper,4,0,1884968544,6.61663477437329e-11,892.0376890000002
3600.056939549744,'((-1.310018301010) + (1.367911934853 * ((cos((cos(exp((sqrt((0.931916713715 * x0)) / (((-1.213555812836) * x8) - (0.931916713715 * x0))))) ^ 2)) - ((-0.731041193008) * x5)) - (((-0.731041193008) * x6) + ((-0.731041193008) * x4)))))',3.2198397954976283e-11,3.7734620983442813e-10,536938420,409,8,58,12,16384,paper,4,0,404488628,4.833852965999108e-12,515.7895209999992
3600.0630355477333,'(0.000030237466 + ((-1.815894722939) * ((((-0.365633428097) * x6) + ((-0.550690710545) * x4)) - ((0.550692677498 * x5) - ((-0.185060009360) * x6)))))',6.330878955614309e-09,6.5192580223083504e-09,605171726,409,10,58,12,16384,paper,4,0,4190266092,1.223445651711644e-09,6.940590250000015
3600.054166741669,'(0.000009694259 + (0.795601963997 * (((1.256909608841 * x4) - ((-1.026721596718) * x6)) + ((1.256910204887 * x5) - ((-0.230188235641) * x6)))))',2.3910075087921675e-10,4.2150374857108375e-10,604401871,409,11,58,12,16384,paper,4,0,3160032368,3.256104027929485e-11,165.920161
3600.0669895894825,'(0.000009632798 + ((-0.483045727015) * ((((-2.070196628571) * x5) + ((-1.125071287155) * x6)) - ((2.070198774338 * x4) + (0.945126175880 * x6)))))',3.833519992740951e-10,5.780622647222343e-10,608955436,409,9,58,12,16384,paper,4,0,2261209995,1.9849577198447762e-10,417.7527209999997
3600.064451891929,'((-0.000001956049) + (2.695735454559 * (((0.370965421200 * x5) - ((0.370965421200 * x5) / ((exp(((0.391258329153 * x4) / ((-1.965889692307) * x5))) / log(cos((log(1.076994180679) * (-1.350094556808))))) ^ 2))) + ((0.370960652828 * x4) - ((-0.370956391096) * x6)))))',5.219822898462286e-10,5.820766091346741e-10,473672264,409,4,58,12,16384,paper,4,0,3687649985,1.3105099767361872e-10,40.17024400000028
3600.05107620731,'(0.000041968589 + ((-0.877138614655) * (((-1.140071272850) * x4) + (((-1.140071272850) * x5) - (1.140069603920 * x6)))))',1.298541601899188e-09,2.035261070787442e-09,677577603,409,13,58,12,16384,paper,4,0,3081541439,5.943051250672923e-10,12835.303849000002
3600.0663774088025,'(112.546981811523 + ((-0.607310712337) * ((((-1.646603584290) * x5) + ((((((-0.653391242027) ^ 2) * (0.988616406918 * 2.317002534866)) / exp((-1.196344256401))) / sin((0.177679136395 ^ 0.826159596443))) ^ 2)) + (((-1.646603584290) * x4) + ((-1.646603584290) * x6)))))',3.833673002265201e-11,2.4487362138003727e-10,390523215,409,12,58,12,16384,paper,4,0,3269070126,4.1709955496806256e-11,613.4042890000005
3600.0812434628606,'(3.699100017548 + (0.868945837021 * (((1.149388551712 * x5) - ((-1.150819540024) * x6)) - ((4.256978034973 - ((0.308293640614 * x5) / exp(exp(1.681282162666)))) + ((-1.150819540024) * x4)))))',6.419117733851021e-11,1.846587882603501e-10,459256408,409,5,58,12,16384,paper,4,0,369133708,1.6636213474609666e-10,13939.344224999999
3600.0608099661767,'((-0.000049738985) + (1.415409326553 * (((0.706509470940 * x5) + (0.706509470940 * x6)) - ((-0.706509828568) * x4))))',2.8152270537274323e-10,4.85732898347635e-10,678564128,409,14,58,12,16384,paper,4,0,3376120482,6.257827662583312e-11,2296.27848025
3600.048948954791,'((-0.000016150276) + (0.801224887371 * ((1.248089075089 * x6) + ((1.248089075089 * x4) + (1.248089075089 * x5)))))',6.245057407847272e-11,7.747640307087521e-10,663337722,409,15,58,12,16384,paper,4,0,2204291346,8.850237321892893e-11,41.364192249999995
3600.058240119368,'((-0.000001696603) + ((-0.693843245506) * ((((-1.441247582436) * x6) + ((-1.441247582436) * x4)) - (1.441248059273 * x5))))',1.1045905787878608e-10,4.5361830958157157e-10,665569802,409,16,58,12,16384,paper,4,0,550243861,7.418241371483723e-11,46.94990400000005
3600.04630529508,'(119.119010925293 + ((-0.862185716629) * ((((-1.159842967987) * x4) + ((-1.159842967987) * x6)) + ((((-2.780669450760) * x4) / ((-0.020126536489) * x4)) + ((-1.159842967987) * x5)))))',4.838511760022711e-11,8.791363748095192e-10,553981788,409,17,58,12,16384,paper,4,0,3606691181,1.281169916804995e-11,2172.8183822499986
3600.0534264445305,'(0.000023949726 + (0.955590486526 * ((1.046473860741 * x4) - (((-1.046473264694) * x5) + ((-1.046473264694) * x6)))))',5.995620603855415e-10,1.376912250883322e-09,679419395,409,19,58,12,16384,paper,4,0,2148995112,2.966435281734735e-10,15279.679321000001
3600.050625294447,'(0.000043405282 + ((-0.892065405846) * ((((-1.120993733406) * x6) - (1.120993494987 * x4)) - (1.120994329453 * x5))))',2.521721032070708e-10,1.5736140168698396e-09,673173250,409,18,58,12,16384,paper,4,0,1934392872,9.739528662750955e-11,12768.322008999996
3600.049812413752,'((-0.000040305589) + (1.442695379257 * (((0.693147182465 * x6) + (0.693147182465 * x5)) - ((0.573778986931 * 1.231553912163) * ((-0.980905175209) * x4)))))',5.047388002020059e-10,9.43365496830495e-10,554739588,409,20,58,12,16384,paper,4,0,1592565386,2.2050092968771437e-10,1808.1630062500008
3600.0473669320345,'(0.483532905579 + (1.029559612274 * (((0.971289098263 * x4) + (0.971289098263 * x6)) + ((0.971289098263 * x5) + (-0.469659805298)))))',8.65005230153984e-12,3.5326028213766847e-10,599929079,409,21,58,12,16384,paper,4,0,784044718,5.231848729248323e-12,723.5562009999993
3600.049183405936,'(0.000024615245 + (0.857435166836 * (((1.166268944740 * x4) - ((-1.166268706322) * x5)) + (1.166268944740 * x6))))',1.1796019423850075e-10,1.730172560776566e-09,673447906,409,22,58,12,16384,paper,4,0,3980425317,4.856867370112282e-12,390.8133610000002
3600.061529774219,'(0.000022969019 + (0.463055610657 * (((2.159568309784 * x5) + (1.317450761795 * x6)) + ((2.159568309784 * x4) + (0.842115938663 * x6)))))',5.504611699619398e-10,7.386351530414004e-10,605581214,409,23,58,12,16384,paper,4,0,3356806661,6.08214983737602e-10,1827.0067922500011
3600.049976643175,'((-0.000055370310) + (1.471955895424 * (((0.679368555546 * x6) + (0.436704218388 * x5)) + ((0.679368555546 * x4) - ((-0.242663562298) * x5)))))',8.591123956119214e-10,8.068786194748157e-10,606209466,409,24,58,12,16384,paper,4,0,2765379632,1.2406314545531545e-10,1501.6012502500012
3600.061268981546,'((-0.000015545047) + (0.771048486233 * (((1.296935200691 * x5) + (1.296935200691 * x6)) - (((-0.368132382631) * x4) + ((-0.928803384304) * x4)))))',3.0682166253102883e-10,1.2564825846439476e-09,603711197,409,25,58,12,16384,paper,4,0,1728356533,1.9831020062049966e-10,2618.01072225
3600.0477503053844,'((-0.000005259471) + ((-1.099551200867) * ((((-0.909461975098) * x6) + ((-0.909461975098) * x5)) + ((-0.909462273121) * x4))))',2.3768717147555444e-10,5.218617760149867e-10,650529659,409,26,58,12,16384,paper,4,0,3533734220,1.4783745436987112e-10,393.9828010000007
3600.0461995713413,'(0.000048731861 + ((-0.584960937500) * ((((-1.709515094757) * x6) - (1.709516644478 * x5)) + ((-1.709515094757) * x4))))',5.796673985303954e-10,1.039709207617534e-09,664099430,409,27,58,12,16384,paper,4,0,2342600226,1.824039271700715e-10,2921.5646522500006
3600.056177891791,'(0.000006786296 + (0.843049705029 * ((1.186169743538 * x4) + ((1.186169743538 * x6) - ((-1.186169743538) * x5)))))',5.303327980647323e-10,6.904632976478807e-10,662886944,409,28,58,12,16384,paper,4,0,1904449481,5.302632122315774e-10,3274.3572839999997
3600.045761488378,'(0.000033289911 + (0.675407052040 * ((1.480588436127 * x6) + ((1.480588436127 * x4) + (1.480588436127 * x5)))))',1.6739654647841117e-10,3.2917435444090865e-10,670841292,409,29,58,12,16384,paper,4,0,1934709049,1.3225421676869522e-11,793.7742759999995
3600.075198497623,'((-3.138133287430) + ((-2.181077241898) * ((((0.009026463144 * (1.805609107018 * x4)) - (1.442222356796 * (0.318285673857 * x5))) + (((0.358286172152 * x5) + (-32.201866149902)) / ((83.944938659668 * x3) ^ 0.707106769085))) - ((0.458043873310 * x6) + ((0.474757730961 * x4) + ((100.104019165039 * x6) ^ 0.039151247591))))))',4.5846088192947006e-05,4.585843635140918e-05,222448376,409,0,58,12,16384,paper,6,0,3324115916,2.2006554218716905e-05,804.9987562500002
3600.088032681495,'((-0.523561358452) + ((-0.522407948971) * ((((((-0.398221433163) * x6) - (0.557040095329 * x5)) - ((0.113530687988 * x6) + (0.287834644318 * x4))) - (((0.113530687988 * x6) + (0.805218338966 * x5)) + (0.287834644318 * x4))) + (((((-1.288940429688) * x6) - ((0.377367377281 * x4) ^ (0.008739658631 / (0.134330108762 * x6)))) - ((0.557040095329 * x5) + (1.353239774704 * x4))) + (((0.582033395767 * x5) + (1.682737588882 * x4)) * 0.008739658631)))))',8.2831510186803e-09,7.719540562334261e-09,199694182,409,1,58,12,16384,paper,6,0,2811363264,6.649664295756631e-10,1220.0001122499998
3600.081409383565,'((-9.750454902649) + ((-0.707106828690) * ((((((-1.420692205429) * x6) - (1.414213538170 * x5)) + (((-1.069479227066) * x6) / (0.077559113503 * x6))) + ((((-0.012829917483) * x6) / 1.772453904152) / ((1.462080001831 * x6) / ((-0.012829917483) * x6)))) - ((((-0.012829917483) * x6) / 1.999899983406) + (1.414213538170 * x4)))))',3.462837086310379e-11,9.955517521476054e-10,310809206,409,5,58,12,16384,paper,6,0,369133708,3.677821242878003e-11,13939.344224999999
3600.0928117521107,'((-3.687308788300) + (0.574888586998 * (((((0.728688478470 * x4) * 1.386779069901) + ((0.756792783737 * x6) + (1.032379746437 * x5))) + (((1.414213538170 * x4) - (0.708088397980 * x5)) / (1.438401341438 * x8))) + (((1.450167775154 + (0.728911697865 * x4)) + ((0.327557563782 * x6) + (0.707099497318 * x5))) + (((0.327557563782 * x6) + 1.235089778900) + ((0.327557563782 * x6) + (3.729046821594 - (0.707106769085 ^ (0.958548903465 * x4)))))))))',8.084604808506999e-09,8.578604493436615e-09,229059323,409,3,58,12,16384,paper,6,0,1859786275,8.36827825995632e-09,281.83694400000036
3600.0804180540144,'((-0.141237303615) + (0.498645722866 * (((((2.004918098450 * x5) + (1.978070735931 * x6)) + ((1.043650150299 * x4) + (0.028479531407 * x6))) + (exp(((-0.091072663665) * x4)) - ((-0.958209156990) * x4))) + ((((1.442695021629 * x1) - ((-1.036164522171) * x4)) + (-10.446152687073)) / ((sqrt(((((0.509482264519 * x6) ^ 2) + sqrt(exp(((5.238908767700 * x1) - (0.647605657578 * x4))))) - (((-1.373577475548) * x7) - (19.285911560059 * x3)))) + ((-0.180704727769) * x5)) + ((5.238908767700 * x1) - ((-0.958209156990) * x4)))))))',1.688610657694136e-05,1.6850350220920518e-05,200299941,409,2,58,12,16384,paper,6,0,1884968544,5.043624898701073e-05,892.0376890000002
3600.0794412083924,'(0.008944640867 + (0.572508335114 * (((((1.983918309212 * x4) + ((-0.244942322373) * x5)) + (2.302270889282 * x5)) - ((-2.093954324722) * x6)) - (((((-0.321956157684) * x5) + (0.607071697712 * x4)) / ((-3.487473487854) * x3)) - ((((-0.309830188751) * x5) + ((-0.238724023104) * x4)) + ((-0.347377717495) * x6))))))',1.2936700702152032e-05,1.2913365935673936e-05,327644507,409,10,58,12,16384,paper,6,0,4190266092,1.4343421421767389e-06,6.940590250000015
3600.0677184574306,'((-2.776109933853) + ((-0.455786794424) * ((((((-2.174314737320) * x6) + ((-1.294048190117) * x5)) + (((-1.551139235497) * x4) + ((-0.899963736534) * x5))) - sqrt((((-0.490865111351) * x6) * (-0.889341235161)))) - ((16.134416580200 / (((-0.125151231885) * x6) * (-0.896456658840))) + (0.642897427082 * x4)))))',0.000118515143638,0.0001184621432912,307511827,409,14,58,12,16384,paper,6,0,3376120482,5.96662106075958e-05,2296.27848025
3600.085403554141,'((-0.276913046837) + (0.396478414536 * (((((1.113456845284 * x6) + (1.128851294518 * x4)) - ((-0.659922778606) * x5)) + (((0.203106150031 * x6) + (1.366929650307 * x4)) ^ (-0.096410878003))) + ((((1.408882021904 * x6) + (1.394111990929 * x4)) - ((-1.862255334854) * x5)) - (((((-0.780079543591) * x0) - (-3.151993036270)) / (1.018116235733 * x9)) * (((-0.871105849743) * x1) ^ 2))))))',1.0318170092874914e-06,1.022230890157516e-06,217044952,409,11,58,12,16384,paper,6,0,3160032368,1.4246688221972683e-06,165.920161
3600.097945600748,'(0.000010097465 + (0.310484468937 * (((((0.498069286346 * x6) - ((-0.986815869808) * x5)) + ((-0.562633812428) * x5)) - ((-0.597068488598) * x4)) + ((((2.623703241348 * x4) + (2.811727523804 * x5)) - ((-3.156959533691) * x6)) - (((-0.014241417870) * ((-1.062857031822) * x5)) + (0.434254765511 * x6))))))',1.2876825571948271e-09,1.132038685014436e-09,323891912,409,7,58,12,16384,paper,6,0,865305066,1.3249285645700657e-09,2804.81456025
3600.065658081323,'((-0.457328200340) + (0.475499212742 * (((((1.051294565201 * x4) + (0.977870821953 * x6)) + (2.102360010147 * x5)) + (((0.018017852679 * x5) ^ 0.025310862809) ^ ((0.039763528854 * x5) ^ 0.522219598293))) + (((1.051649332047 * x4) + ((((-0.009883284569) * x4) ^ 2) / (0.874645233154 * x4))) + (1.125181078911 * x6)))))',1.4117710318991529e-08,1.2721384834435412e-08,172971716,409,13,58,12,16384,paper,6,0,3081541439,1.4871400296575288e-08,12835.303849000002
3600.082146525383,'((-0.069780305028) + (1.487938523293 * (log(sin(((1.369655132294 * x6) ^ 0.162091657519))) + (((sin(exp(((((((0.602089405060 * x6) / (1.579228878021 * x5)) * (0.090180583298 * x6)) / 1.414213538170) ^ (-0.667246580124)) - (exp((exp(1.294460415840) / (0.089955583215 * x6))) ^ 2)))) / (0.559677839279 * x4)) - (((-0.672046482563) * x5) - (0.674699962139 * x6))) + ((0.366876810789 * x4) + (0.305329859257 * x4))))))',1.7512848465348606e-06,1.7477873370808084e-06,177992039,409,9,58,12,16384,paper,6,0,2261209995,7.053352256953455e-07,417.7527209999997
3600.092311024666,'(8.052259445190 + (1.169451117516 * ((((1.237933754921 / (-0.039499897510)) / (0.304076343775 * x6)) - ((((-0.855052649975) * x5) + ((-0.865108668804) * x6)) + ((((((6.785636901855 * x1) / (0.304076343775 * x6)) ^ 2.537590503693) ^ 2) ^ exp((2.550384283066 - (5.984327793121 * x1)))) ^ (0.304076343775 * x6)))) - (((-0.855052649975) * x4) + ((1.746235013008 * x6) ^ (1.036339044571 - 0.694572329521))))))',0.0002160448922352,0.0002160193398594,173791127,409,8,58,12,16384,paper,6,0,404488628,0.00024370002750448734,515.7895209999992
3600.106266077608,'(1.390134930611 + (0.841363430023 * (((0.440065085888 * x6) - (((-0.387521803379) * x5) + (sin(cos(((0.045413568616 * x3) / ((0.617311179638 * x6) ^ ((0.219641566277 * x1) - (exp(1.885825395584) / ((-0.337251096964) * x4))))))) + ((-0.337251096964) * x4)))) - (((log(log(((((((0.748972177505 * x6) / ((-2.012840032578) * x0)) + (((-1.348044872284) * x1) ^ 2)) ^ 2) * ((-0.050414409488) * x0)) * (((((-1.998142361641) * x10) + ((-1.979527473450) * x9)) / ((-0.849086403847) * x4)) + (((0.384108722210 * x9) * ((-2.012840032578) * x0)) - (0.045413568616 * x3)))))) + (0.645211815834 * x6)) / ((0.748972177505 * x6) - ((-0.311935216188) * x4))) + (((-0.849086403847) * x4) - ((0.801010906696 * x5) + (0.748972177505 * x6)))))))',1.97655048912974e-05,1.973252074094489e-05,171787699,409,4,58,12,16384,paper,6,0,3687649985,2.3896970994065747e-05,40.17024400000028
3600.096853416413,'((-0.004988049623) + ((-1.260753512383) * ((((log(((sqrt(cos((((-0.443413734436) * (-0.410222619772)) * log((3.234344959259 / (exp(log(sqrt((3.898340225220 * x5)))) - ((-0.214350849390) * x4))))))) ^ 2) ^ 2)) ^ 2) - (((-0.821132481098) * x5) / 2.848541975021)) - (0.793614864349 * x4)) - ((0.793173670769 * x6) + ((((-0.008936464787) * x4) * ((((1.118085384369 * x1) / (2.222639560699 * x5)) / 1.414213538170) * (1.485955238342 ^ ((-0.609919190407) * x1)))) - ((-1.081581473351) * x5))))))',1.9289162974369586e-07,1.8707942217588425e-07,178356223,409,12,58,12,16384,paper,6,0,3269070126,7.402595714240786e-08,613.4042890000005
3600.09555093199,'((-6.792973518372) + ((-0.863134920597) * ((((((-0.741946518421) * x5) - (log(((sin(sin(cos(exp((0.264049261808 ^ (((-0.550350964069) * x6) / (-7.458652496338))))))) ^ 2) ^ 2)) ^ 2)) + (cos((sin(((exp(((-1.118684887886) * x1)) ^ exp(0.870124876499)) * (0.318309873343 * x6))) ^ 2)) + ((-0.665924966335) * x6))) - ((((-1.342842936516) * x5) + ((-0.665924966335) * x6)) * 0.264237552881)) + ((((-1.158553361893) * x4) + ((-5.413357734680) / ((-0.558098137379) * x6))) + ((((-0.771452963352) * x5) - (cos(0.078384727240) ^ ((-0.549084186554) * x6))) + ((-0.665924966335) * x6))))))',7.024483782284677e-07,6.936185172889964e-07,150619620,409,6,58,12,16384,paper,6,0,2995172877,2.922144474871973e-06,59302.23392024999
3600.1087225973606,'(0.243333637714 + (0.729252040386 * ((((((-3.050899744034) * x4) + ((-1.032324433327) * x3)) + ((1.301572918892 * x0) + (0.544805288315 * x5))) / ((84.988220214844 - ((-1.472639799118) * x3)) + (75.972946166992 - (((((-8.316717147827) * x0) - (((1.021700024605 * x5) - (((-1.286355137825) * x6) - ((-1.648932099342) * x3))) + ((1.015475630760 * x5) - (2.302585124969 * x4)))) ^ 2) / ((0.476146966219 * x5) ^ 2))))) + (((1.380120038986 * x4) + sin((log(cos(75.526268005371)) * cos(((0.555137276649 * x5) + (((-1.345317602158) * x3) / (2.311378717422 * x4))))))) + (((0.947655797005 * x5) - ((-1.371495962143) * x6)) + (0.422032505274 * x5))))))',2.6576251259594827e-05,2.6541067200014368e-05,166375032,409,15,58,12,16384,paper,6,0,2204291346,2.362514183349837e-05,41.364192249999995
3600.070923641324,'(0.267380267382 + ((-0.614341974258) * ((((0.025395903736 * x6) - (-41.088500976562)) / (((0.025395903736 * x4) - (-31.929563522339)) - ((-31.574762344360) + (-30.983295440674)))) - (((0.742292523384 * x6) - (((-0.680923223495) * x4) - (0.715581119061 * x5))) - (((-0.946713507175) * x4) - ((0.885730266571 * x6) - ((-0.912176430225) * x5)))))))',5.670620948227935e-10,8.630791081820631e-10,297910738,409,17,58,12,16384,paper,6,0,3606691181,5.097406669961936e-09,2172.8183822499986
3600.115023832768,'((-63992.316406250000) + ((-1.872313857079) * ((((((-0.530616879463) * x5) + (0.707106769085 * x4)) + ((0.390889972448 * x3) + (0.707106769085 * x4))) / ((19.947380065918 + (0.815695643425 * x3)) + (19.947380065918 + 21.049049377441))) - ((((0.534857809544 * x6) + (0.543324410915 * x4)) + ((14.692070007324 - (1.953157544136 ^ ((0.534857809544 * x6) - (0.680598795414 + (0.534857809544 * x6))))) ^ sqrt(15.597929000854))) - ((((-0.530616879463) * x5) - cos((((16.170511245728 ^ (-1.397932887077)) * cos(cos(((-0.530616879463) * x11)))) ^ sin(((0.534857809544 * x4) ^ ((-0.767610549927) / (2.373949766159 * x0))))))) - ((((0.680598795414 / (0.534857809544 * x6)) * 0.680598795414) + 2.836301326752) ^ 2))))))',0.0020664396827478,0.0005215698038227,96306225,409,16,58,12,16384,paper,6,0,550243861,0.0014453640478270442,46.94990400000005
3600.0626392662525,'(3.461684942245 + (0.738966047764 * (((((0.492344141006 * x5) * 0.873101055622) - (4.685983181000 - ((0.004927158356 * x4) / (0.985381305218 * x6)))) - ((-0.539382159710) * x4)) + (((0.367453336716 * x6) + ((0.985800981522 * x6) + (0.923377573490 * x5))) - ((-0.813814878464) * x4)))))',3.5139652429852714e-08,3.3547685518442456e-08,325636143,409,19,58,12,16384,paper,6,0,2148995112,8.552688213672361e-09,15279.679321000001
3600.086732890457,'(1.402092456818 + ((-1.072288274765) * (((sqrt(((cos((((-0.846398830414) * x6) / (6.417843818665 * x2))) ^ (0.472770214081 * x5)) / (log((0.131871223450 * x8)) ^ 2))) + (((-0.932434022427) * x6) + (0.427786856890 * x5))) - (((1.359951138496 * x5) - ((-0.936746299267) * x4)) - sin(((0.731288909912 ^ cos((2.718771219254 * x4))) ^ (0.757180631161 - 0.731288909912))))) + (((14.392941474915 + (0.427786856890 * x5)) - ((-0.800258100033) * x4)) / (((1.026317119598 * x5) - log(exp(((-1.733246207237) * x2)))) - sin(((-0.846398830414) * x6)))))))',0.0786487553580839,4.696114774560556e-05,158647306,409,18,58,12,16384,paper,6,0,1934392872,0.204382143067243,12768.322008999996
3600.072622291744,'((-1.833390355110) + ((-1.554073572159) * (((0.036400172859 * x5) - (((((-0.000709615648) * x5) ^ 2) - ((-0.321791708469) * x6)) + (cos(exp(((-0.219684004784) * (0.162950873375 * x4)))) ^ 2))) - ((((0.679582357407 * x5) - ((-0.321791708469) * x6)) + (((-0.795229017735) * x4) * (-0.810589015484))) + (((0.093696042895 * x5) - ((-0.837486147881) * x6)) / ((0.162950873375 * x4) * (0.702696800232 * x6)))))))',1.5534589964410408e-05,1.5539726518909447e-05,235994743,409,20,58,12,16384,paper,6,0,1592565386,7.559358137853584e-06,1808.1630062500008
3600.06389984861,'(0.000631491013 + ((-0.330777436495) * ((((((-1.005529761314) * x5) + ((-1.007742881775) * x4)) - (((-0.004090785980) * x4) / (0.670919895172 * x6))) - (1.005324840546 * x6)) + (((((-1.011768579483) * x5) + ((-1.007742881775) * x4)) - (1.008920431137 * x6)) + ((((-1.005883693695) * x5) + ((-1.007742881775) * x4)) - (1.008920431137 * x6))))))',8.268692425377541e-09,9.642399767528786e-09,304564666,409,22,58,12,16384,paper,6,0,3980425317,2.2317589849349953e-09,390.8133610000002
3600.0999953895807,'((-60879.382812500000) + (1.390800118446 * (exp((((0.283236294985 * x6) - ((-0.917471647263) * x4)) / (((-0.774261534214) * x4) + 15.374435424805))) - ((((0.745168089867 * x6) - (((14.464433670044 ^ 2) ^ 2) + sin(((1.414213538170 / ((-2.763293981552) * x1)) / ((-0.816245794296) * x6))))) - ((-1.206478238106) * x5)) - (((1.925512671471 * x5) - ((-0.816245794296) * x6)) + ((0.648203074932 * x6) - ((-0.717131793499) * x4)))))))',6.09501250405838e-05,3.3148979127872735e-05,274035422,409,21,58,12,16384,paper,6,0,784044718,0.0003573838926708302,723.5562009999993
3600.075485032052,'((-2.248942852020) + (1.045603752136 * (((((-2.854252338409) / (0.353857010603 * x6)) - ((-0.478176921606) * x4)) + ((exp((exp(log(cos((0.988028824329 ^ (0.068621836603 * (1.372319459915 * x5)))))) ^ 2)) + (0.318309873343 * x5)) - ((-0.603889286518) * x6))) + ((((0.353857010603 * x6) + (0.318309873343 * x5)) + (0.318309873343 * x5)) - (((-0.478176921606) * x4) - (0.988028824329 ^ (0.226252794266 * x6)))))))',6.063237936322303e-06,6.027230483596213e-06,167835431,409,23,58,12,16384,paper,6,0,3356806661,9.819896381004735e-06,1827.0067922500011
3600.0680504329503,'(0.834363698959 + ((-0.731923222542) * ((((((-0.071599826217) * x4) + (0.693147182465 * x5)) - ((0.706886053085 * x6) + (1.440543770790 * x4))) / ((11.944893836975 ^ 2) + (11.942477226257 ^ 2))) - (((2.075799703598 * x5) + (1.420563101768 * x4)) - ((1.139947414398 + (0.707106769085 * x5)) - ((1.363785982132 * x6) + ((-0.059599835426) * x4)))))))',1.1568012414039959e-10,2.3283064365386963e-10,266318256,409,24,58,12,16384,paper,6,0,2765379632,9.36162013244553e-11,1501.6012502500012
3600.0898351185024,'(0.000222617833 + (0.598928093910 * ((((((-0.115979000926) * x5) / (-1.196684241295)) + (1.669651985168 * x6)) - ((((-1.659951448441) * x4) - (1.563314557076 * x5)) - ((-0.669463753700) / ((-12.513631820679) * x2)))) - (((((-1.617874383926) * x4) - (1.565630078316 * x5)) - (((-1.075103759766) * x4) / (2.745239734650 * x5))) / ((((-8.250796318054) * x2) / ((-0.088636137545) * x2)) + (((-6.499419212341) * x2) / ((-0.088636137545) * x2)))))))',1.3590306304106705e-08,1.2179451225335924e-08,240755019,409,25,58,12,16384,paper,6,0,1728356533,3.2326362991910953e-09,2618.01072225
3600.069225039333,'(0.002731840825 + ((-0.385223329067) * (((((-0.510617792606) * (2.081373453140 * x6)) - ((0.900505900383 * x4) - ((-1.317550778389) * x5))) + ((((-1.533087372780) * x6) - sin(log(exp(log(cos(sqrt((((-0.511174023151) / (0.913890123367 * x4)) / ((2.287073373795 * x3) / ((-1.743448853493) * x5)))))))))) - ((0.913890123367 * x4) - ((-1.278388977051) * x5)))) - (0.781412601471 * x4))))',9.120329178952609e-08,9.078387819272393e-08,254763901,409,26,58,12,16384,paper,6,0,3533734220,8.072328849408404e-07,393.9828010000007
3600.067021656781,'(1.647125244141 + (1.442695021629 * ((((0.693147182465 * x6) + ((0.693147182465 * x4) + (0.693147182465 * x5))) + ((0.270615309477 * ((-0.984195709229) * x4)) / ((0.693147182465 * x4) + (0.693147182465 * x4)))) + ((((0.857475936413 * x5) + (0.857475936413 * x5)) - ((1.093451142311 * x9) * (5.966383934021 * x6))) / ((1.093451142311 * x9) * (6.283185482025 * x6))))))',7.952865835894613e-11,1.7663014106883423e-10,252481204,409,27,58,12,16384,paper,6,0,2342600226,6.887522562706302e-11,2921.5646522500006
3600.0827895849943,'(0.272447258234 + (0.440881341696 * (((((-2.041342973709) * x4) / (((-2.208336353302) * x5) - (2.673716783524 * x6))) - ((((-1.863623380661) * x5) - log(cos(exp((((((((1.490301966667 * x3) ^ exp(cos((0.381926983595 * ((-4.342429161072) * x2))))) + (5.144388675690 * x6)) ^ (-0.402737826109)) ^ 2) / ((cos((0.100378870964 * x7)) - (-0.401754200459)) / cos(((-4.347827911377) * x1)))) * cos((2.718281745911 * x6))))))) - (2.268544435501 * x6))) - (((-2.262249708176) * x4) - ((0.406484335661 * x5) + ((0.146418139338 * x5) / ((-2.336728811264) * x4)))))))',6.892193910018615e-05,6.873038364574313e-05,156948711,409,28,58,12,16384,paper,6,0,1904449481,2.776308400269772e-05,3274.3572839999997
3600.0841630250216,'((-0.403267055750) + (0.397494941950 * (((((((-0.073683142662) * x5) / (0.850880026817 * x0)) - ((-1.074258208275) * x5)) - ((0.367525398731 * x6) - ((-1.231025815010) * x4))) / (sqrt((29.620426177979 * x1)) + ((0.663631737232 * x3) + exp((sqrt(sqrt((12.677890777588 * x1))) + cos(cos((1.351477980614 * x3)))))))) + (((sin(sqrt(log(((0.008694894612 * x3) * (1.200245738029 * x2))))) - ((-1.073641777039) * x4)) + ((0.899958372116 * x6) - ((-1.054310083389) * x5))) + (((1.620227813721 * x6) + (1.453357458115 * x5)) + (1.452668786049 * x4))))))',8.48360479203312e-05,8.474579226458445e-05,186268650,409,29,58,12,16384,paper,6,0,1934709049,4.240387905752906e-05,793.7742759999995
3600.1440865918994,'(1.081796288490 + (0.563941180706 * (((1.773234724998 * x5) - ((-1.773215770721) * x4)) + ((1.773234724998 * x6) - exp((0.852402389050 / (((1.773234724998 * x4) - (-1.308508157730)) + ((-1.773215770721) * x4))))))))',7.789292733173424e-11,3.7333189317756416e-10,404188851,409,0,58,12,32768,paper,4,0,3324115916,3.5106691993154074e-12,804.9987562500002
3600.132617186755,'(0.000022505503 + (1.740540742874 * (((0.287119626999 * x6) - ((-0.574534058571) * x5)) + ((0.287414491177 * x6) - ((-0.574534058571) * x4)))))',3.361236334393313e-10,6.904632976478807e-10,516508799,409,1,58,12,32768,paper,4,0,2811363264,3.6838346939765346e-10,1220.0001122499998
3600.122898131609,'((-0.000012931450) + (0.861196160316 * (((1.161175370216 * x6) - ((-1.161175966263) * x4)) - ((-1.161175966263) * x5))))',2.3059649524049047e-10,6.984919309616089e-10,537903074,409,2,58,12,32768,paper,4,0,1884968544,5.540996854801948e-11,892.0376890000002
3600.122079718858,'((-0.000020270858) + (1.419484615326 * ((0.704481124878 * x4) + ((0.704481124878 * x6) + (0.704481124878 * x5)))))',3.2289178191589136e-10,4.4157535961097944e-10,548117608,409,5,58,12,32768,paper,4,0,369133708,1.0780119973903296e-09,13939.344224999999
3600.1292224526405,'(0.000003506178 + ((-1.056925773621) * (((-0.946140289307) * x6) - ((0.946139991283 * x5) - ((-0.946140289307) * x4)))))',3.2922187564789884e-10,7.908212973362082e-10,538920728,409,3,58,12,32768,paper,4,0,1859786275,2.4141407153546844e-11,281.83694400000036
3600.1108664497733,'((-0.000023040955) + (0.830277919769 * ((1.204415798187 * x5) + ((1.204416394234 * x6) + (1.204415798187 * x4)))))',1.5168068807984722e-10,4.736899206214673e-10,539767699,409,7,58,12,32768,paper,4,0,865305066,1.866576218727773e-10,2804.81456025
3600.132441073656,'(0.000008384964 + (0.672856211662 * (((1.486201643944 * x6) + (1.486201643944 * x5)) + (1.486201643944 * x4))))',1.1616213041072771e-10,4.375610429541154e-10,549047893,409,4,58,12,32768,paper,4,0,3687649985,1.2259097248707078e-10,40.17024400000028
3600.112482663244,'(0.000019308703 + ((-1.286414265633) * (((-0.777354598045) * x6) + (((-0.777354598045) * x4) - (0.777354419231 * x5)))))',1.2146599576801912e-10,1.9509602822154193e-09,534921277,409,12,58,12,32768,paper,4,0,3269070126,2.0000932032346405e-10,613.4042890000005
3600.1215294748545,'((-0.000006616138) + (2.302585124969 * ((0.434294492006 * x5) + ((0.434294492006 * x4) + (0.434294492006 * x6)))))',3.2698383514632936e-11,4.05446454188052e-10,549991876,409,11,58,12,32768,paper,4,0,3160032368,2.680516422003332e-12,165.920161
3600.1458730585878,'(0.000022876296 + (0.693147122860 * (((1.442695021629 * x4) + (1.442695021629 * x6)) + (1.442695021629 * x5))))',9.074795022954786e-11,3.412173321670764e-10,560350184,409,6,58,12,32768,paper,4,0,2995172877,7.261380578696328e-10,59302.23392024999
3600.1405733264983,'(0.000017543905 + (1.200158119202 * (((0.833223462105 * x5) + (0.833223521709 * x4)) + (0.833223521709 * x6))))',3.792393111067948e-11,4.897472427600745e-10,550183812,409,9,58,12,32768,paper,4,0,2261209995,1.2222060784195953e-11,417.7527209999997
3600.1324562840164,'((-0.000054710337) + ((-0.704820394516) * ((((-0.731034517288) * x6) + ((-1.418800115585) * x5)) + (((-0.687768161297) * x6) + ((-1.418800115585) * x4)))))',2.676936260369094e-09,2.9184117344982492e-09,513599826,409,8,58,12,32768,paper,4,0,404488628,2.2356401396906346e-09,515.7895209999992
3600.1125713847578,'((-0.000001447975) + (1.120214343071 * (((0.892686307430 * x6) - ((-0.892686188221) * x4)) - ((-0.892686188221) * x5))))',5.235375859618937e-10,8.149072527885436e-10,536592394,409,14,58,12,32768,paper,4,0,3376120482,2.7122184661970403e-10,2296.27848025
3600.1354810521007,'((-0.000044578166) + ((-1.294570326805) * (((-0.772457182407) * x5) - ((0.772457122803 * x4) + (0.772457122803 * x6)))))',3.2573080172705067e-10,6.342628089406331e-10,552240460,409,13,58,12,32768,paper,4,0,3081541439,3.2145943630002405e-10,12835.303849000002
3600.1521574370563,'(3.325145483017 + ((-3.221777439117) * ((((-0.310387611389) * x4) - (0.310500323772 * x5)) + (sqrt(((-2.451628684998) - ((-2.808479309082) - (sin((exp((0.211321473122 * x5)) ^ cos(1.569566369057))) ^ 2)))) + ((-0.310387611389) * x6)))))',1.1353251477113433e-08,1.0481393530881178e-08,308027957,409,10,58,12,32768,paper,4,0,4190266092,2.614918654323151e-09,6.940590250000015
3600.112251933664,'(0.000027499171 + (0.497256636620 * (((2.011034250259 * x5) - ((-2.011033535004) * x4)) - ((-2.011033535004) * x6))))',8.274776353736755e-11,3.9741782087432403e-10,546481522,409,16,58,12,32768,paper,4,0,550243861,9.642586678820298e-11,46.94990400000005
3600.13014889881,'(46.022140502930 + ((-0.887871801853) * (((cos((-0.055464610457)) / sin(0.019263798371)) - (1.126288771629 * x5)) - ((1.126288771629 * x6) + (1.126288771629 * x4)))))',1.0227835630264635e-10,2.850168157042532e-10,430070824,409,15,58,12,32768,paper,4,0,2204291346,4.430817809635128e-11,41.364192249999995
3600.106119338423,'((-0.191094383597) + (0.707106709480 * ((((1.414213538170 * x6) - (0.741024851799 ^ 2)) + (sin((exp((-1.799641013145)) - (-0.966496288776))) ^ 2)) + ((1.414213538170 * x5) + (1.414213538170 * x4)))))',4.4159004639878844e-10,4.2953238188481175e-10,400838713,409,17,58,12,32768,paper,4,0,3606691181,7.42185799315761e-10,2172.8183822499986
3600.0828000828624,'((-0.000053463336) + ((-4.972568511963) * ((((-0.201103568077) * x4) - (0.201103329659 * x5)) - (0.201103329659 * x6))))',1.572847510331245e-09,1.2364109736040516e-09,545144581,409,18,58,12,32768,paper,4,0,1934392872,1.0670267170300558e-08,12768.322008999996
3600.1045714095235,'((-1.122294783592) + (0.524580717087 * ((2.139401435852 + (1.906284213066 * x5)) - (((-1.906284451485) * x6) - (1.906284213066 * x4)))))',5.6719309478545615e-11,7.426494419426888e-10,490231405,409,19,58,12,32768,paper,4,0,2148995112,7.057220935135592e-11,15279.679321000001
3600.165950063616,'(1.268734455109 + (1.269396781921 * (((0.787777662277 * x4) - ((0.979051709175 * x6) ^ (((cos(((0.215818136930 ^ 2) ^ (-0.025760740042))) + sin(((0.237909123302 * x5) / (1.442695021629 * x4)))) / (2.536045074463 * x6)) * (-0.025760740042)))) + ((0.787777662277 * x6) - ((-0.787774443626) * x5)))))',1.1366366849021587e-09,9.112509635755827e-10,267322001,409,20,58,12,32768,paper,4,0,1592565386,2.695169580066301e-10,1808.1630062500008
3600.115271113813,'((-0.000010538673) + (0.724619865417 * ((((0.691865801811 * x5) * (-0.090567603707)) + (1.380033493042 * x6)) + ((1.442695021629 * x5) + (1.380033493042 * x4)))))',1.3938949480281215e-09,3.7333189317756416e-10,462131077,409,21,58,12,32768,paper,4,0,784044718,1.0785665833157183e-09,723.5562009999993
3600.0923540219665,'(0.000022751441 + ((-3.664407491684) * ((((-0.136443108320) * x6) + ((-0.272895663977) * x4)) + (((-0.136451974511) * x6) + ((-0.272895663977) * x5)))))',2.5972771191351714e-09,3.853748431481563e-09,497599664,409,23,58,12,32768,paper,4,0,3356806661,9.156378954133291e-09,1827.0067922500011
3600.083261985332,'(0.000061772393 + (1.840019941330 * (((0.543472349644 * x6) + (0.543472349644 * x5)) - ((-0.543471992016) * x4))))',4.6070188348999476e-10,6.744059755092734e-10,552844826,409,27,58,12,32768,paper,4,0,2342600226,3.760197220218381e-10,2921.5646522500006
3600.100002180785,'((-0.000033935194) + (0.660279750824 * (((1.514509320259 * x5) + (1.514509320259 * x6)) - ((-1.514511585236) * x4))))',5.619115514651222e-10,1.6739720720693183e-09,559801561,409,26,58,12,32768,paper,4,0,3533734220,6.057815821302843e-10,393.9828010000007
3600.107122384012,'((-0.000016876513) + (0.489469319582 * (((2.043029308319 * x4) + (1.452072978020 * x5)) - (((-0.590955555439) * x5) - (2.043029308319 * x6)))))',1.507860008662482e-10,6.864489532354411e-10,515953281,409,25,58,12,32768,paper,4,0,1728356533,5.906433385324834e-11,2618.01072225
3600.1234215833247,'(0.000012167271 + (2.302584886551 * (((0.434294492006 * x6) + (0.434294492006 * x5)) + (0.434294492006 * x4))))',9.352063389108528e-11,5.700336314085064e-10,567671133,409,24,58,12,32768,paper,4,0,2765379632,1.6142119083820608e-10,1501.6012502500012
3600.168819900602,'(1.890706539154 + (0.814995944500 * (((1.226998686790 * x4) - ((-1.227000474930) * x5)) + ((1.226998686790 * x6) - exp(sin((cos((log(((cos(((3.111980676651 ^ (-1.205365419388)) / 3.141592741013)) ^ 2) ^ sqrt((1.244269132614 * x6)))) ^ 2)) ^ 2)))))))',5.851764339229808e-10,1.9469459378029796e-09,280063592,409,22,58,12,32768,paper,4,0,3980425317,6.187621210421222e-10,390.8133610000002
3600.0949416570365,'((-0.000037537782) + (1.246715903282 * ((0.802107155323 * x5) - (((-0.802108705044) * x4) - (0.802107155323 * x6)))))',1.067205159112187e-09,1.9148314045480674e-09,568009168,409,28,58,12,32768,paper,4,0,1904449481,1.1497455305819416e-09,3274.3572839999997
3600.095321878791,'(0.000010016532 + (0.744222819805 * ((1.343683600426 * x5) + ((1.343682765961 * x4) - ((-1.343683838844) * x6)))))',1.593076600396211e-10,6.222198312144656e-10,551212052,409,29,58,12,32768,paper,4,0,1934709049,6.766081072223413e-12,793.7742759999995
3600.13373208046,'((-0.000025659596) + ((-0.936740696430) * ((((((-1.067536115646) * x6) - (1.067530870438 * x5)) + ((-0.529776155949) * x4)) + ((-0.537728667259) * x4)) * (((((-1.067532300949) * x6) - (1.067530870438 * x5)) + ((-0.529799938202) * x4)) / ((((-1.067536115646) * x6) - (1.067530870438 * x5)) + ((-0.529776155949) * x4))))))',1.3166858785939067e-09,1.963003093408133e-09,284137179,409,0,58,12,32768,paper,6,0,3324115916,2.381760733747667e-10,804.9987562500002
3600.15401750058,'((-0.000421255914) + (0.530651271343 * ((((0.050572495908 * x5) / ((0.010372348130 * x6) - (0.732186853886 * x5))) * (((-1.920214295387) * x4) - (((-1.879117965698) * x4) - (0.049734514207 * x5)))) - (((((-1.881593346596) * x4) - (0.050572495908 * x5)) + ((-1.884513974190) * x6)) - (1.837357401848 * x5)))))',7.512994050436368e-08,7.539698287928331e-08,291671943,409,3,58,12,32768,paper,6,0,1859786275,5.234985692457028e-08,281.83694400000036
3600.167911980301,'((-0.414147496223) + ((-0.407782077789) * ((((((-0.756288170815) * x6) - (1.577023386955 * x4)) + ((-0.691517412663) * x5)) - ((((-1.170307874680) * x6) - (0.781819820404 * x4)) + ((-0.758486986160) * x5))) - ((((2.519256830215 * x5) + (2.110042333603 * x6)) + ((0.003640621901 * x4) ^ (-0.005800414830))) - ((((-0.756270110607) * x6) - (0.950086951256 * x4)) - (0.707106769085 * x4))))))',3.760662496950485e-08,3.8637843147171225e-08,211780678,409,2,58,12,32768,paper,6,0,1884968544,3.5611637837191736e-08,892.0376890000002
3600.1695735529065,'(0.837714493275 + ((-0.837603390217) * (((((0.141146019101 * x5) + ((-0.736745893955) * x5)) + ((-0.736740767956) * x5)) + ((-0.590780258179) * x4)) + (sin(sqrt(exp((sin(exp((cos(log((2.533879756927 - ((-0.457020789385) * x4)))) / ((-0.457020789385) * x4)))) * 1.012182354927)))) + (((0.138458013535 * x5) + ((-1.193882465363) * x6)) + ((-0.603094637394) * x4))))))',4.4422689938804674e-10,1.252468240231508e-09,323810808,409,1,58,12,32768,paper,6,0,2811363264,7.38253275532977e-11,1220.0001122499998
3600.1749868653715,'(0.007341699675 + ((-0.594490230083) * (((((-0.786451041698) * x5) - (0.464773148298 * ((-0.309003442526) * x6))) + (0.023463308811 * x6)) + (log(sin((((1.557746052742 * x6) - ((-1.792639017105) * x4)) ^ (((0.023463308811 * x6) / ((-1.927775025368) * x6)) / (-0.129833847284))))) + ((((-1.681984663010) * x4) + ((-1.849081277847) * x6)) + ((-0.895659863949) * x5))))))',2.493727622569823e-08,2.3612239274939384e-08,219756423,409,4,58,12,32768,paper,6,0,3687649985,1.7219574518871556e-08,40.17024400000028
3600.170699842274,'((-0.010693061166) + (1.594452381134 * (((0.628332495689 * x6) + (((-0.005816616584) * x5) + ((0.632965743542 * x5) + (0.623810529709 * x4)))) - ((((0.490634799004 * x6) + ((-0.002639942337) * x7)) - (((-0.023072119802) * x2) + (sin((sin((0.139046683908 * x4)) + (log((0.131066292524 * x4)) ^ 2))) - ((-1.583218574524) * x4)))) / (((14.262151718140 * x1) + ((4.503475666046 * x5) / (0.131066292524 * x4))) + ((14.963120460510 * x1) + (2.180770874023 * x3)))))))',4.5020714327130507e-05,4.495049506658688e-05,208357245,409,5,58,12,32768,paper,6,0,369133708,0.002901342276824499,13939.344224999999
3600.174888409674,'(0.049052875489 + (1.013239145279 * (((((0.498074591160 * x6) - (0.875494718552 / (0.498074591160 * x6))) - ((-0.986815869808) * x4)) + (exp(((-0.262004405260) * x4)) + ((0.489047557116 * x6) - ((-0.986815869808) * x5)))) - ((((0.678067147732 * x5) + (0.708234727383 * x6)) - ((0.693147182465 * x5) + (0.657937049866 * x6))) / (((0.332968354225 * x6) - ((-0.397773772478) * x4)) - ((18.220474243164 * x6) / ((-0.313141852617) * x6)))))))',5.894649334336636e-07,5.76930233364692e-07,213143614,409,7,58,12,32768,paper,6,0,865305066,8.049693526239737e-07,2804.81456025
3600.1879745572805,'((-0.000379532314) + ((-0.365357786417) * (((((-0.002083152533) * ((-1.195121645927) * x5)) / (((-1.277548909187) * x4) + ((-1.849846839905) * x6))) + ((((-1.070240020752) * x5) + ((-1.368471860886) * x4)) + (((-1.070621848106) * x5) + ((-1.368577361107) * x4)))) + (((((-1.070240020752) * x5) + ((-1.368577361107) * x6)) + (((-1.070240020752) * x5) + ((-1.368471860886) * x6))) - ((0.403829604387 * ((-1.916349411011) * x5)) + (0.403829604387 * ((-1.907807350159) * x5)))))))',1.2317263760799361e-09,1.376912250883322e-09,211176875,409,11,58,12,32768,paper,6,0,3160032368,3.034499852552956e-10,165.920161
3600.186852846294,'((-1.069980382919) + (0.000340904255 * (((47.601497650146 + (-2.195108413696)) ^ 2) * (((6.691320896149 + (1.422070980072 * x6)) - (((-1.422766566277) * x5) - (-2.779136896133))) - ((((-1.422766566277) * x4) - (-2.389835834503)) - ((1.422070980072 * x6) / ((47.601497650146 + (-2.389835834503)) ^ 2)))))))',8.082642026535691e-10,3.9340350421746e-10,249336651,409,10,58,12,32768,paper,6,0,4190266092,6.211208292874094e-10,6.940590250000015
3600.1990850903094,'((-0.707942008972) + (0.676545858383 * (((log((1.448267459869 * x4)) / sqrt((0.777918279171 * x4))) - ((((-0.637907028198) * x5) - (0.674711763859 * x6)) - ((0.128757551312 * x6) - ((-0.202284619212) * x5)))) + ((log((0.076965332031 * x4)) / sqrt((0.573238968849 * x4))) - ((((-0.637890636921) * x5) - (0.674641907215 * x6)) - (1.480237245560 * x4))))))',5.525095249535492e-06,5.511872132046847e-06,242111541,409,9,58,12,32768,paper,6,0,2261209995,1.1149045865128557e-07,417.7527209999997
3600.1427911631763,'(0.368592441082 + ((-0.927572846413) * ((((-1.078082799911) * x5) - (0.492229104042 * x6)) + (((((-0.585848391056) * x6) + ((-1.078082799911) * x4)) + sin(2.755211114883)) + ((0.492229104042 * x6) * ((0.594620704651 / ((6.842792510986 * x6) ^ 0.517972707748)) ^ 2))))))',1.842674049869623e-09,1.9509602822154193e-09,244359781,409,17,58,12,32768,paper,6,0,3606691181,9.681632063288044e-10,2172.8183822499986
3600.176911827177,'((-1.544601440430) + (0.302934437990 * ((((1.240849018097 * x6) + ((1.633948087692 * x4) - ((-1.081388711929) * x5))) + (((0.619900643826 * x5) + (0.525792777538 * x6)) + sqrt((0.422375619411 * x4)))) + ((((0.619900643826 * x5) + (0.525792777538 * x6)) + exp((sin((0.967898547649 ^ (1.148672342300 * x4))) - log(cos(exp((((0.619900643826 * x5) * cos(((-0.220960393548) * x4))) * (((0.525792777538 * x6) ^ (0.113112486899 / ((-0.220960393548) * x4))) ^ (3.113221168518 * x3))))))))) + ((1.008586406708 * x6) + ((1.633948087692 * x4) - ((-0.979884922504) * x5)))))))',6.041426680829717e-06,6.014593509462429e-06,180188424,409,12,58,12,32768,paper,6,0,3269070126,2.6961236581757563e-06,613.4042890000005
3600.214744206518,'((-0.027195200324) + ((-0.407150924206) * ((((((-0.270546823740) * x5) + ((-0.865108668804) * x6)) + (((-0.602996945381) * x5) + ((-1.130466818810) * x4))) + ((((-0.267382740974) * x5) + ((-0.865108668804) * x6)) + (((-0.602996945381) * x5) + ((-1.130466818810) * x4)))) - ((cos(sin(((0.195248365402 * x4) ^ 0.440570026636))) / ((1.991809129715 * x4) - ((-0.691857874393) * x1))) + (((0.195248365402 * x4) - (-0.053449749947)) - (((-0.712171316147) * x5) - (0.725870847702 * x6)))))))',7.145706178720956e-09,7.08126313142543e-09,201466726,409,8,58,12,32768,paper,6,0,404488628,2.0912071043062346e-09,515.7895209999992
3600.173309776932,'(0.000036493493 + ((-0.434760957956) * (((((2.196491241455 * x5) - ((-1.623363971710) * x6)) + ((2.198966741562 * x4) - ((-1.623342156410) * x6))) * (-0.047177053988)) - ((((2.196491241455 * x5) - ((-1.623342156410) * x6)) + ((2.196372032166 * x4) - ((-1.623342156410) * x6))) - (1.099740386009 * x6)))))',2.7650766836175677e-10,6.54334419980529e-10,293693211,409,15,58,12,32768,paper,6,0,2204291346,2.280954184191492e-10,41.364192249999995
3600.1952197626238,'((-0.006055247039) + (0.308504760265 * (((((0.007235407829 * x4) / (0.136629104614 * x2)) + ((1.069887161255 * x6) + (1.032132863998 * x5))) + (((1.075081944466 * x4) + (1.075081944466 * x4)) + ((1.086004137993 * x6) + (1.095047116280 * x5)))) + ((((1.086004137993 * x6) + (1.113897323608 * x5)) / ((1.072081685066 * x6) + (1.095047116280 * x5))) * (((1.072058558464 * x6) + (1.095047116280 * x5)) + ((((3.631185054779 * x4) / ((-0.599725544453) * x8)) * (0.007235407829 * x5)) + (1.075081944466 * x4)))))))',2.92787999954772e-06,2.91441733679676e-06,199206252,409,13,58,12,32768,paper,6,0,3081541439,2.846992030786815e-06,12835.303849000002
3600.201053440571,'(0.365573257208 + (0.694203615189 * ((((1.440502524376 * x4) - ((-2.445954561234) / (0.431404083967 * x6))) + ((78.483558654785 * x6) ^ cos((-1.487365126610)))) + (((1.440502524376 * x5) - ((-2.445954561234) / (0.431404083967 * x6))) - (((2.251868486404 * x6) - (((-2.437536954880) / (((-0.579416811466) - (53.765895843506 * x6)) + (53.765895843506 * x6))) + ((6.061957836151 * x1) ^ (-2.313452243805)))) / (-1.563943147659))))))',9.70539142168711e-07,4.1885027712851297e-07,193695124,409,14,58,12,32768,paper,6,0,3376120482,1.7272392410192549e-06,2296.27848025
3600.2317865751684,'((-0.006906269584) + ((-0.641918420792) * ((((((-1.755089521408) * x6) + ((-1.654620766640) * x5)) + ((-0.689237594604) * x4)) - (((0.280021786690 * x4) * cos(((0.276930451393 / (0.164443209767 * x2)) * sqrt(cos(sqrt((((0.034558389336 * x4) ^ (((-1.361442685127) * x1) + 3.211031198502)) / ((((((-1.559438705444) * exp(((-1.383859157562) * x1))) * (-1.131703853607)) * (((-0.136966422200) * x7) ^ 2)) ^ 2) + (cos(((-0.053386423737) * x7)) ^ 2))))))))) / exp((-1.131703853607)))) - ((((0.280021786690 * x4) * (-0.428844392300)) / (((-1.391558170319) * x6) + ((-1.933429837227) * x5))) - (((0.611582815647 * x6) + (0.299978196621 * x5)) * exp((-1.131703853607)))))))',2.87743991726187e-07,2.834472354606987e-07,171695367,409,6,58,12,32768,paper,6,0,2995172877,,59302.23392024999
3600.2093514837325,'(0.006750397850 + (0.913106143475 * (((((0.002662506187 * x4) / 7.480149745941) + ((0.002662506187 * x4) + (0.543411850929 * x4))) - ((((-0.221099525690) * x5) * (-1.749161720276)) - ((0.002662506187 * x4) + (((0.170016139746 * x8) / ((0.103013649583 * x8) ^ 2)) ^ sin(cos((0.002662506187 * x6))))))) - (((((-1.481918573380) * x5) + ((-1.095121860504) * x6)) + (((-0.239964768291) * x5) / ((-0.388967275620) * x8))) + (((-1.602081656456) / ((-3.041545867920) * x6)) - ((0.002662506187 * x4) + (0.543411850929 * x4)))))))',6.028209178201411e-08,6.10738837281133e-08,189970153,409,16,58,12,32768,paper,6,0,550243861,1.6078335640282117e-07,46.94990400000005
3600.142985112965,'((-0.006198132876) + (0.370824962854 * (((((-0.569841563702) * x5) / (((-0.397361636162) * x4) + ((log(0.014768758789) ^ 2) ^ 2))) + (((1.120993494987 * x5) - ((-1.182695508003) * x4)) - ((-1.209027767181) * x6))) + ((1.487669467926 * x6) + (((1.034429907799 * x5) - ((-0.100126631558) * x4)) + ((1.414213538170 * x4) - ((-0.543185472488) * x5)))))))',4.549845080681273e-07,4.566130087368947e-07,256975999,409,18,58,12,32768,paper,6,0,1934392872,5.195379019520769e-05,12768.322008999996
3600.148359920829,'(1.012784838676 + (1.414205074310 * (((((0.493656128645 * x6) + (0.707106769085 * x5)) - (((-0.200752809644) * x4) - (0.212420761585 * x6))) + (0.508052706718 * x4)) - ((log((426.062622070312 * x6)) - ((-0.180558323860) * x4)) / (exp((exp((0.992952406406 ^ (0.282386571169 * x6))) / 0.992952406406)) - (((-0.183577895164) * x4) - (0.090625733137 * x6)))))))',5.189629303168003e-05,5.191277159610763e-05,218188133,409,19,58,12,32768,paper,6,0,2148995112,2.2155700466786263e-06,15279.679321000001
3600.1379974260926,'((-0.216701999307) + ((-0.670664846897) * ((((((-1.492798805237) * x6) - (1.488814353943 * x5)) + ((1.510353446007 * x5) / ((-3.550478696823) * x6))) + ((log(exp(((0.111555516720 * x6) - (0.145224943757 * x5)))) * (0.113809034228 * x6)) / (((-4.849720001221) * x6) - sqrt(exp((0.113282583654 * x6)))))) - (1.490945577621 * x4))))',4.164674897673256e-05,4.157760486123152e-05,284244128,409,20,58,12,32768,paper,6,0,1592565386,7.397102162740427e-06,1808.1630062500008
3600.1469005271792,'(0.003255105577 + (0.482441872358 * (((((0.693147182465 * x6) * 1.726179957390) + (2.072788238525 * x5)) - (0.007447792217 * ((0.693147182465 * x6) * 1.685381650925))) - (((0.007447792217 * (0.693147182465 * x6)) / ((0.721789419651 * x6) + 2.863534688950)) - (((0.512689411640 * x6) * 1.726179957390) + (2.072788238525 * x4))))))',2.1361896294994935e-10,3.13117060057877e-10,246233780,409,21,58,12,32768,paper,6,0,784044718,7.763467843556309e-11,723.5562009999993
3600.1236141063278,'(0.000141928103 + ((-0.392594367266) * ((((-1.251479029655) * x4) - ((1.295777440071 * x5) - ((0.000674366951 * x5) / log(((6.683040142059 * x10) ^ 2))))) + (((((-1.432533025742) * x6) - (0.182325109839 * x5)) - (1.295677423477 * x4)) + (((-1.114624023438) * x6) - (1.069080829620 * x5))))))',1.078371837282683e-09,1.148095951641892e-09,296376613,409,27,58,12,32768,paper,6,0,2342600226,2.8025285380727696e-09,2921.5646522500006
3600.190107822418,'((-0.004274315666) + (0.789894104004 * (((((0.763254940510 * x4) + (0.462906986475 * x5)) + ((0.002302376553 * x6) + (0.797989428043 * x6))) + ((0.002302376553 * x4) / ((0.318309873343 * x4) + (0.044428426772 * x5)))) + ((((0.051870249212 * x6) * (-0.062419906259)) + ((-0.673617064953) * x6)) - (((-0.502714574337) * x4) - ((0.803098499775 * x5) - ((-1.142552733421) * x6)))))))',1.9419613300467597e-08,1.9915049165319946e-08,246474040,409,22,58,12,32768,paper,6,0,3980425317,4.008670095222872e-09,390.8133610000002
3600.154958438128,'((-0.508366763592) + ((-0.287993103266) * (((((-1.556469440460) * x4) + ((0.733193874359 * x6) - (1.285122871399 * x6))) + ((((-1.357615590096) * x6) - (1.920662164688 * x5)) - (sin((((0.434294492006 * x6) ^ (0.017114281654 * x4)) ^ ((-0.252851665020) / (1.990687966347 * x6)))) + 0.924889504910))) - (((((-1.286202430725) * x6) - (1.913548231125 * x5)) * sin(0.038139250129)) - ((((-1.915874600410) * x4) + ((-1.611793875694) * x6)) + ((-1.624607086182) * x5))))))',1.8937913114337263e-09,2.797982068258875e-09,176864119,409,24,58,12,32768,paper,6,0,2765379632,4.860969974507556e-09,1501.6012502500012
3600.168550647795,'(0.598690032959 + ((-0.654302000999) * (((((-0.868378162384) * x6) + (((0.140093177557 * x4) ^ ((log(3.693982601166) ^ ((((-6.110317707062) * x8) / ((0.125424966216 * x4) ^ (((-0.503617227077) * x5) - ((-0.675642251968) * x6)))) - (0.140093177557 * x4))) * ((0.147306606174 * x4) / ((-0.619287252426) * x5)))) + ((-0.906133532524) * x5))) - ((1.381373167038 * x4) + ((0.662116527557 * x6) - ((-0.619287252426) * x5)))) - ((0.147306606174 * x4) - ((((-0.568309605122) * x5) + (0.376807004213 * x6)) / ((0.734463930130 * x3) - log(exp(((-2.923570394516) * x5)))))))))',0.0053633026032569,2.6362262360635214e-05,146046649,409,25,58,12,32768,paper,6,0,1728356533,0.0004696700406587541,2618.01072225
3600.1162188611925,'((-0.143321096897) + (1.414213657379 * ((((0.031685292721 ^ 2) / ((0.707106769085 * x5) + (0.591432988644 * x5))) + ((0.318309873343 ^ 2) + (0.707106769085 * x4))) + ((0.707106769085 * x6) + (0.707106769085 * x5)))))',3.473839239713483e-11,2.00716068765594e-10,322963893,409,26,58,12,32768,paper,6,0,3533734220,5.1518472707748143e-11,393.9828010000007
3600.2272824905813,'((-0.001921220683) + (0.248663544655 * (((((2.391992092133 * x4) - ((-1.795286297798) * x5)) - ((-1.482319116592) * x6)) - ((((-2.226172447205) * x5) - ((-2.204456090927) * x5)) / ((2.391992092133 * x4) - ((-1.734880685806) * x5)))) + ((((1.629564762115 * x4) - ((-2.226172447205) * x5)) - ((-2.539180278778) * x6)) + (exp((log(((exp((0.010820750147 * x5)) / 1.019717693329) - sin((0.010820750147 * x5)))) - (exp((0.506380796432 - (-0.588050901890))) ^ 0.506380796432))) / ((2.482407808304 * x4) - ((-1.795286297798) * x5)))))))',2.601558764898485e-09,2.504936480463016e-09,209898784,409,23,58,12,32768,paper,6,0,3356806661,3.954215155692258e-09,1827.0067922500011
3600.149294462055,'((-4.094174385071) + ((-0.721875548363) * ((((-1.384788393974) * x6) + (log((exp(((0.685991883278 ^ 2) / ((-0.252519458532) * x4))) ^ (sin(((-0.019112467766) * x4)) ^ 2))) + (((-1.386148095131) * x4) - (1.385278463364 * x5)))) + (((((-4.642395019531) * x4) + ((-3.284570693970) * x6)) + (((-4.642395019531) * x4) + ((-3.284610033035) * x6))) / (((1.677846431732 * x4) + ((-0.895278275013) * x6)) + ((sqrt((1.755014181137 * x6)) + (-6.637220382690)) + (1.974013328552 * x6)))))))',1.1184163401063038e-06,1.0990007694999804e-06,179085242,409,28,58,12,32768,paper,6,0,1904449481,7.722568324186932e-07,3274.3572839999997
3600.120145566761,'((-0.762312531471) + (0.476029157639 * (((1.316419839859 * x4) + ((1.601356506348 - ((-1.222004413605) * x6)) + (1.452787160873 * x5))) + ((((0.866706192493 * x6) + (0.784292221069 * x4)) - ((-0.627965688705) * x5)) + (((0.737834632397 * x6) - ((-1.226981997490) * x5)) / exp(4.118673324585))))))',1.7004488337278026e-10,3.893891875605959e-10,266219367,409,29,58,12,32768,paper,6,0,1934709049,4.0764522302091474e-11,793.7742759999995
3600.268776793033,'((-1.515037775040) + (0.516003966331 * (((1.937969326973 * x4) - ((-1.937970399857) * x6)) + ((1.937969326973 * x5) - (-2.936051845551)))))',3.55687398632152e-10,4.375610429541154e-10,422355608,409,0,58,12,65536,paper,4,0,3324115916,1.6823042492473745e-10,804.9987562500002
3600.2330066673458,'((-0.000024728461) + ((-1.057122230530) * (((-0.945964574814) * x4) - ((0.945964336395 * x5) - ((-0.945964574814) * x6)))))',5.958112131434131e-11,3.7734620983442813e-10,474080192,409,3,58,12,65536,paper,4,0,1859786275,1.2681570434427656e-12,281.83694400000036
3600.282486114651,'((-0.000004721804) + (1.442695021629 * (((0.693147182465 * x4) + (0.693147182465 * x6)) + (0.693147182465 * x5))))',6.36889821766668e-11,1.3648693286683056e-10,461759703,409,2,58,12,65536,paper,4,0,1884968544,5.7410814066346054e-11,892.0376890000002
3600.304465904832,'(0.000003859664 + (1.739414453506 * (((0.287492185831 * x6) - ((-0.574905574322) * x4)) + ((0.287414491177 * x6) - ((-0.574905574322) * x5)))))',2.7450021909243023e-09,2.866225479181139e-09,441311781,409,1,58,12,65536,paper,4,0,2811363264,3.545669571442467e-10,1220.0001122499998
3600.276850409806,'((-0.000019494504) + (1.588664054871 * ((0.629459738731 * x4) - (((-0.629459619522) * x5) - (0.629459738731 * x6)))))',5.000987761374643e-10,1.0838667741097652e-09,456516812,409,4,58,12,65536,paper,4,0,3687649985,6.415316659907545e-10,40.17024400000028
3600.274931218475,'(14.651323318481 + (0.989332258701 * (((1.010782837868 * x5) + ((5.050598621368 * x6) / ((-0.341041862965) * x6))) + ((1.010782837868 * x6) + (1.010782837868 * x4)))))',4.8692740101231895e-11,3.1713140447031657e-10,409544643,409,5,58,12,65536,paper,4,0,369133708,2.1904296070101133e-10,13939.344224999999
3600.245683189481,'(0.000004554416 + (1.805585622787 * (((0.553836941719 * x4) + (0.553836941719 * x5)) + (0.553836941719 * x6))))',1.1166422021123755e-10,3.13117060057877e-10,459248195,409,11,58,12,65536,paper,4,0,3160032368,7.773287884525122e-11,165.920161
3600.3195786736906,'(0.000007445760 + (0.707106828690 * (((1.414212822914 * x4) + (1.414213538170 * x6)) + (1.414213538170 * x5))))',7.897519371730354e-11,6.26234120115754e-10,448837396,409,6,58,12,65536,paper,4,0,2995172877,1.2068427470247629e-11,59302.23392024999
3600.2761452794075,'((-0.000010927642) + ((-0.639581382275) * (((-1.563522815704) * x5) - ((1.563522815704 * x6) + (1.563522100449 * x4)))))',1.5123048462905806e-10,1.0918954629346442e-09,468139731,409,12,58,12,65536,paper,4,0,3269070126,8.677403187918062e-11,613.4042890000005
3600.284397173673,'(0.000029199384 + (0.784532308578 * (((1.274645209312 * x5) + (1.274645209312 * x6)) - ((-1.274641990662) * x4))))',1.6004256595254532e-09,1.846587882603501e-09,464677459,409,10,58,12,65536,paper,4,0,4190266092,2.0827496647547673e-10,6.940590250000015
3600.245793055743,'(0.000001590658 + (3.577778577805 * (((0.279503047466 * x6) + (0.279503047466 * x5)) + (0.279503047466 * x4))))',4.207556058720342e-11,3.3720298775463675e-10,466539400,409,16,58,12,65536,paper,4,0,550243861,2.887576988134954e-11,46.94990400000005
3600.280378136784,'(42.866729736328 + ((-0.956806600094) * (((log((((-0.097198605537) ^ 2) ^ 1.435740590096)) ^ 2) - (1.045143246651 * x6)) - ((1.045143246651 * x4) + (1.045143246651 * x5)))))',2.5391975440320084e-11,2.6494520466435745e-10,347693961,409,13,58,12,65536,paper,4,0,3081541439,3.539374308739714e-11,12835.303849000002
3600.257942970842,'(0.000077480006 + (1.175911188126 * (((0.850403130054 * x6) - ((-0.850405037403) * x4)) - ((-0.850405037403) * x5))))',3.117238131748883e-09,4.042421508643201e-09,475012309,409,17,58,12,65536,paper,4,0,3606691181,2.797489800024979e-10,2172.8183822499986
3600.3622410707176,'((-0.000008508623) + ((-1.274108290672) * ((((-0.784862458706) * x5) - ((-0.000311245240) * x4)) + (((-0.784862458706) * x6) - (0.785174965858 * x4)))))',6.789182126484348e-10,1.296625806723739e-09,418385684,409,7,58,12,65536,paper,4,0,865305066,4.704142672714555e-11,2804.81456025
3600.3455993421376,'(0.000081949780 + (0.823993563652 * (((1.650862216949 * x5) - ((-1.213601231575) * x4)) - ((0.437260419130 * x5) + ((-1.213601231575) * x6)))))',4.979826521201502e-10,7.466637863551283e-10,430006300,409,9,58,12,65536,paper,4,0,2261209995,2.2229915985888982e-10,417.7527209999997
3600.2951214015484,'((-0.000026267624) + (1.325542092323 * ((0.754408419132 * x6) + ((0.754408419132 * x5) + (0.754408419132 * x4)))))',1.7533890354030383e-10,1.2002820959367e-09,436273684,409,15,58,12,65536,paper,4,0,2204291346,1.0106890140923548e-12,41.364192249999995
3600.349081262946,'((-0.000002570096) + (1.097004771233 * ((0.911573052406 * x4) + ((0.911573052406 * x6) + (0.911573052406 * x5)))))',4.029744878208424e-11,3.2917435444090865e-10,465229997,409,14,58,12,65536,paper,4,0,3376120482,3.304409743652399e-11,2296.27848025
3600.3867944441736,'((-0.000013534980) + ((-0.705001056194) * ((((-0.695668101311) * x6) + ((-1.418437480927) * x4)) + (((-0.722769677639) * x6) + ((-1.418437361717) * x5)))))',3.4249766062933925e-10,3.5326028213766847e-10,436054882,409,8,58,12,65536,paper,4,0,404488628,2.982128003296096e-10,515.7895209999992
3600.2263135164976,'((-0.000017534157) + (0.837110161781 * (((1.194586038589 * x5) + (1.194586038589 * x6)) - ((-1.194585561752) * x4))))',9.162668848547023e-11,4.736899206214673e-10,469984692,409,19,58,12,65536,paper,4,0,2148995112,1.3330713037228653e-10,15279.679321000001
3600.278156735003,'(9.080870628357 + ((-5.499437332153) * ((((-0.181836798787) * x6) + ((-0.181836798787) * x5)) + (((-0.181836798787) * x4) - (-1.651238560677)))))',1.8576201629647731e-10,6.984919309616089e-10,431089232,409,20,58,12,65536,paper,4,0,1592565386,1.4757328906739094e-10,1808.1630062500008
3600.274839874357,'((-3.663899660110) + (0.931246876717 * ((exp(1.369752883911) + (1.073829174042 * x4)) + ((1.073829174042 * x6) + (1.073829174042 * x5)))))',4.102144105708086e-11,4.375610429541154e-10,399738329,409,21,58,12,65536,paper,4,0,784044718,1.9294149030082843e-11,723.5562009999993
3600.2685872763395,'(0.000009331699 + ((-1.634623408318) * (((-0.611761689186) * x5) + (((-0.611761689186) * x6) + ((-0.611761689186) * x4)))))',1.0587706426760714e-11,1.2364109736040516e-09,459943785,409,22,58,12,65536,paper,4,0,3980425317,8.205776326015373e-12,390.8133610000002
3600.2854273058474,'(0.000041607946 + ((-0.388759762049) * ((((-1.737973213196) * x5) * 1.480047821999) - ((2.572283029556 * x4) + (2.572281837463 * x6)))))',1.5109042959288682e-09,1.613757238949631e-09,431860228,409,18,58,12,65536,paper,4,0,1934392872,4.7452668763938e-09,12768.322008999996
3600.256470732391,'((-0.000022346079) + (1.312313079834 * ((0.762013375759 * x6) + ((0.762013375759 * x5) + (0.762013375759 * x4)))))',3.0515595066915325e-10,4.2953238188481175e-10,471055989,409,25,58,12,65536,paper,4,0,1728356533,2.4525517105406894e-10,2618.01072225
3600.284122977406,'((-0.000038731847) + (0.983729004860 * (((1.016540169716 * x6) + (1.016540169716 * x4)) + (1.016540169716 * x5))))',5.926887722500467e-10,4.496039929247075e-10,472068593,409,24,58,12,65536,paper,4,0,2765379632,4.183915217798036e-10,1501.6012502500012
3600.2853699997067,'(0.818983793259 + ((-1.099883198738) * ((((-0.909187436104) * x4) - cos(((-1.989505767822) / cos(((((0.345338433981 * cos(cos((-0.442468166351)))) / ((-0.303957611322) * x5)) - ((-0.010431812145) ^ 2)) * (0.853822112083 * x5)))))) + (((-0.909187436104) * x6) - (0.909290909767 * x5)))))',4.5709502585722285e-10,4.5361830958157157e-10,296290331,409,26,58,12,65536,paper,4,0,3533734220,1.8137844169740807e-12,393.9828010000007
3600.249683301896,'(0.000006200160 + (0.796985924244 * (((1.254727244377 * x6) + (1.254727244377 * x5)) + (1.254727244377 * x4))))',8.173195743145229e-11,8.149072527885436e-10,461882496,409,23,58,12,65536,paper,4,0,3356806661,1.2251562981328738e-10,1827.0067922500011
3600.2419193945825,'((-0.000013075581) + ((-0.900115728378) * (((-1.110968708992) * x4) - ((1.110967755318 * x5) - ((-1.110968708992) * x6)))))',6.288198898099849e-10,1.1922535181341232e-09,465034659,409,27,58,12,65536,paper,4,0,2342600226,3.333155980845081e-10,2921.5646522500006
3600.2128532491624,'((-0.000001953285) + (0.844474017620 * (((1.184168696404 * x6) - ((-1.184169411659) * x4)) - ((-1.184169411659) * x5))))',2.8726628593804207e-10,8.108929083761041e-10,466839070,409,28,58,12,65536,paper,4,0,1904449481,6.615423496891417e-11,3274.3572839999997
3600.2019396051764,'(0.000047835285 + (1.188564181328 * (((0.841351389885 * x5) + (0.841351389885 * x6)) - ((-0.841350376606) * x4))))',8.945977616641032e-10,1.613757238949631e-09,472205176,409,29,58,12,65536,paper,4,0,1934709049,3.5155808801201134e-10,793.7742759999995
3600.4110585339367,'(0.000071496092 + (0.549633085728 * ((((0.088683247566 ^ 2) * ((-0.090828314424) ^ 2)) / (sin((-0.867489397526)) / (2.010114669800 - (1.819240808487 * x4)))) - ((((1.442695021629 * x6) - ((-1.561457037926) * x5)) * (0.088683247566 ^ 2)) - ((1.819240808487 * x4) - (((-1.831675529480) * x5) - (1.830742716789 * x6)))))))',2.9947526468551765e-10,1.7101009497366702e-09,222069859,409,0,58,12,65536,paper,6,0,3324115916,1.6133434248140703e-10,804.9987562500002
3600.3450790680945,'(144.140502929688 + (0.707106828690 * (((((1.414213538170 * x6) + (1.414213538170 * x4)) + (1.414213538170 * x5)) + ((0.003943797667 ^ 2) - (8.740214347839 ^ 2))) + ((1.063282608986 ^ 2) * ((0.810923039913 ^ 2) - (10.648568153381 ^ 2))))))',1.9168366140691034e-11,1.1400672628170128e-09,262857149,409,5,58,12,65536,paper,6,0,369133708,8.88908912106587e-11,13939.344224999999
3600.300076570362,'(0.000016500548 + (0.503052711487 * ((((0.581486463547 * x4) - (((-0.298255920410) * x5) + ((-0.285325646400) * x6))) - (((0.193971216679 * x4) / 12.992362976074) / ((-3.083838224411) + (-1.596191287041)))) - (((((-0.298255920410) * x5) + ((-0.285240739584) * x6)) + (((-1.391351461411) * x5) - (1.417297363281 * x6))) + ((-1.403184771538) * x4)))))',3.562467442111655e-10,7.948356417486481e-10,243473499,409,6,58,12,65536,paper,6,0,2995172877,4.857667223464625e-10,59302.23392024999
3600.3757564388216,'(0.029124174267 + (0.034548591822 * (((((0.674087762833 * x5) - ((-0.352673053741) * x4)) - sin(cos((log((0.092331185937 * x4)) / exp(2.330387115479))))) + ((2.084164381027 * x4) - (((-1.914724707603) * x6) + ((-1.744337797165) * x5)))) + (((2.394701480865 * x4) - (((-2.441881179810) * x6) + ((-2.396377563477) * x5))) / sin(sin(3.051005840302))))))',6.482702534459267e-10,6.382770978419217e-10,214906791,409,4,58,12,65536,paper,6,0,3687649985,2.995659101434748e-10,40.17024400000028
3600.329838927835,'((-5.585167407990) + (2.302584886551 * ((1.767913818359 ^ 2) + ((((0.434294492006 * x5) + (0.434294492006 * x6)) + (0.434294492006 * x4)) - cos((0.249640956521 + (-1.045173883438)))))))',4.2179562443324654e-11,6.904632976478807e-10,305687748,409,13,58,12,65536,paper,6,0,3081541439,6.511473953819998e-11,12835.303849000002
3600.361666984856,'((-1.015633821487) + ((-0.350261121988) * ((((((-3.069527626038) * x5) + ((-2.855012416840) * x6)) + log(((((((-0.409844458103) * (0.024464394897 * x5)) - 6.835093498230) * 0.002391151618) ^ 2) + cos((-1.515986084938))))) + ((-2.855012416840) * x4)) - ((-0.214497447014) * x5))))',2.859342618757261e-10,4.5763265399401116e-10,291271162,409,11,58,12,65536,paper,6,0,3160032368,3.443964393032892e-10,165.920161
3600.3408528864384,'(0.000016108548 + (0.271730005741 * (((((1.502043366432 * x5) - ((-1.588340044022) * x6)) - ((-2.799657106400) * x4)) + ((1.351738333702 * x5) - ((-1.252110242844) * x6))) + ((((1.034549951553 * x4) - ((-1.239999175072) * x6)) / ((1.034144878387 * x4) - ((-1.239999175072) * x6))) * (((0.826259136200 * x5) - ((-0.839743316174) * x6)) + (0.879997074604 * x4))))))',1.1974997095932113e-07,1.1806119459834009e-07,238725082,409,10,58,12,65536,paper,6,0,4190266092,1.3439098232734962e-08,6.940590250000015
3600.466609045863,'((-0.822723984718) + ((-0.358867466450) * (((((-0.575374066830) * x5) - ((1.586800813675 * x4) + (1.153546333313 * x6))) + ((((-0.737052559853) * x5) + ((-0.550569236279) * x6)) + ((-0.611870408058) * x4))) + (((((-0.737052559853) * x5) + ((-0.550569236279) * x6)) + (((0.107797212899 ^ 2) * sqrt((0.202964723110 * x6))) - exp(sin(cos(log(cos(sqrt(exp((((1.758611440659 * x5) / (0.107797212899 * (0.244906678796 * x6))) / (((-0.737052559853) * x5) * 0.209899768233))))))))))) + (((-0.587913036346) * x4) + (((-0.737052559853) * x5) + ((-0.532102823257) * x6)))))))',7.208319149083839e-08,7.50557660467166e-08,229310821,409,1,58,12,65536,paper,6,0,2811363264,2.5123873977612396e-08,1220.0001122499998
3600.4379136562347,'(0.295063793659 + (0.296486616135 * (((0.077789001167 * x5) + (((1.647479891777 * x5) + (1.123357653618 * x6)) + ((1.107012987137 * x4) + (0.369892686605 * x6)))) - (((((-0.756288170815) * x6) - (0.693147182465 * x4)) - ((1.647479891777 * x5) + (1.123357653618 * x6))) - (((1.286259174347 * x4) / 0.817878484726) - cos(log(cos((sin(((1.668648481369 * x5) / ((1.632926344872 * x5) - (((-1.439832687378) * x1) - (0.489978164434 * x6))))) ^ 2)))))))))',6.309697937623446e-08,6.100965777022793e-08,192436879,409,2,58,12,65536,paper,6,0,1884968544,1.3295836649922538e-08,892.0376890000002
3600.3884261474013,'((-0.007783236913) + (0.542656898499 * (((((1.316990733147 * x6) + log(((4.275508880615 * x9) ^ 2))) + ((0.590660274029 * x5) + (0.525792777538 * x6))) * ((0.063881032169 ^ 2) / ((0.525792777538 * x6) - ((-0.646857678890) * x4)))) + ((((1.316990733147 * x6) + (1.221091151237 * x5)) - ((-1.132735133171) * x4)) + (((0.621670305729 * x5) + (0.525792777538 * x6)) - ((-0.710126280785) * x4))))))',2.8499406444207804e-08,2.9918737709522254e-08,214707201,409,12,58,12,65536,paper,6,0,3269070126,3.3882542532136172e-09,613.4042890000005
3600.375581495464,'(2.497019290924 + (1.840520977974 * ((((((-0.115567967296) * x5) + 0.057039685547) + (0.543324410915 * x4)) + ((0.658391714096 * x5) + ((-1.413823127747) + (0.543324410915 * x6)))) - (((((-0.115567967296) * x5) + (-0.021086096764)) * (((-0.115567967296) * x5) * (-0.044605083764))) / ((1.226592063904 * x5) + (((-0.115567967296) * x5) * 0.318116843700))))))',4.176160843487144e-12,4.375610429541154e-10,233179336,409,16,58,12,65536,paper,6,0,550243861,1.0711217833443917e-11,46.94990400000005
3600.459873907268,'((-0.632771134377) + (0.749580025673 * ((((0.696312487125 * x5) - ((0.287716418505 * x6) ^ ((-0.883201003075) * x1))) - ((-0.659006416798) * x6)) + ((((sin((exp(((-0.008750448003) * x6)) ^ (-0.086706571281))) - (((0.615269243717 * x5) + ((-1.076806426048) * x4)) / (((-0.949727714062) * x3) ^ 2))) - ((-0.659552991390) * x4)) - (((-0.637826502323) * x5) - (0.674699962139 * x6))) + (0.674427747726 * x4)))))',3.421503126658193e-07,3.386401203897549e-07,172358045,409,9,58,12,65536,paper,6,0,2261209995,8.861184536337126e-09,417.7527209999997
3600.457933098078,'((-0.000450646388) + ((-0.261532634497) * ((((((-0.693967103958) * x5) - (1.511521935463 * x4)) + ((-0.677081108093) * x6)) + ((((-1.499118804932) * x5) - (0.693147182465 * x4)) + ((-1.513870120049) * x6))) + ((((-0.067250192165) * x4) - (0.485275387764 * x5)) - (((1.551661252975 * x4) - ((0.007994174957 * x4) / ((-1.843237400055) * x6))) - (((-1.145249605179) * x5) + ((-1.632678508759) * x6)))))))',5.513207556781753e-09,4.2351091522618844e-09,236410983,409,14,58,12,65536,paper,6,0,3376120482,8.536064359893053e-11,2296.27848025
3600.407706648112,'((-0.334943175316) + (0.368430256844 * ((1.010436415672 ^ ((0.009075880051 * x4) + (exp(sin(log((2.025434732437 * x9)))) + ((-0.335532575846) * x5)))) + (((sqrt((0.964458167553 ^ ((-0.699093461037) * x5))) / ((-0.590717077255) * x5)) + ((2.302585124969 * x6) - ((-0.562405943871) * x5))) - ((((-2.154424190521) * x5) + ((-1.678468465805) * x4)) + (((-0.411631613970) * x6) - (1.035641431808 * x4)))))))',3.1651224666000856e-07,3.168784985518869e-07,152384768,409,15,58,12,65536,paper,6,0,2204291346,1.6276718847158748e-07,41.364192249999995
3600.4352030418813,'(44.967514038086 + ((-0.962445378304) * (((((-1.039020061493) * x6) + ((-0.656375050545) * x6)) + ((((-1.039020061493) * x4) + ((-0.656375050545) * x6)) + ((-1.039020061493) * x5))) - ((sqrt((sin(sin((-0.099936708808))) ^ 2)) + (((-0.656375050545) * x6) + ((-0.656375050545) * x6))) - ((((-2.670436143875) * x11) ^ 2) / ((0.390263855457 * x11) ^ 2))))))',1.0156016028475492e-10,4.2150374857108375e-10,259757588,409,17,58,12,65536,paper,6,0,3606691181,1.7016166332623225e-10,2172.8183822499986
3600.52503477782,'(0.598983108997 + ((-0.750114738941) * (((((0.044328350574 * x6) + ((-0.073634259403) * x4)) / ((0.289915114641 * x8) / (1.153428077698 * x6))) + (((cos(((-2.899844169617) - sqrt(((0.318309873343 * x1) / (0.140134304762 * x2))))) ^ 2) + ((-0.905245721340) * x5)) + (((-1.332334518433) * x4) - (1.016711473465 * x6)))) - (log((1.423525214195 + 0.047748122364)) * (((1.053332448006 * x5) / (2.001712083817 * x6)) + ((1.104114174843 * x5) + (0.824610412121 * x6)))))))',9.628897067556674e-05,9.6290088549722e-05,184936361,409,7,58,12,65536,paper,6,0,865305066,0.0001555535416622827,2804.81456025
3600.5358026959,'((-0.286291122437) + ((-0.459936976433) * (((sqrt((49.604396820068 * x6)) + (0.352753043175 * x5)) / ((((-1.543907642365) * x6) - (cos((((-1.543907642365) * x6) + ((2.302585124969 / (0.161695718765 ^ (0.223828420043 * x1))) / sin((1.243688821793 * x5))))) + ((-2.043533086777) / (-0.034400120378)))) - ((0.286417454481 * x4) / cos(cos((cos(sin(((-0.365543961525) * x0))) - ((0.515627563000 ^ ((((-0.107949793339) - (cos((0.327557563782 * x6)) * sin((15.179464340210 * x6)))) ^ 2) + cos((((0.325045019388 * x3) ^ 2) / (-0.034400120378))))) - (sin((sin(((1.307281613350 * x5) ^ ((-0.308454245329) * x0))) * (0.214212447405 * x4))) ^ 2)))))))) + ((((-2.172994375229) * x5) + (((-1.847784399986) * x6) - (1.692259788513 * x4))) - ((0.161695718765 + (0.327557563782 * x6)) + ((0.214212447405 * x4) / 0.443980276585))))))',9.668726455506317e-06,9.644149940868374e-06,98283025,409,3,58,12,65536,paper,6,0,1859786275,1.1764840801516601e-06,281.83694400000036
3600.5644633173943,'(1.817846894264 + ((-0.564189493656) * ((sqrt((sin(cos(0.544125795364)) / sqrt(((0.047082670033 + (sin((-0.123288035393)) / cos((1.137994647026 * x0)))) ^ 2)))) / (((log(exp((0.707106769085 * x6))) / (log((1.137994647026 * x0)) - ((((((-0.736008226871) * x2) / (1.772453904152 * x10)) / cos((0.707106769085 * x6))) + cos(cos(((-1.043599486351) * x3)))) ^ 2))) + (1.772453904152 * x4)) + ((1.772453904152 * x5) + (1.772453904152 * x10)))) - ((((1.772453904152 * x6) + (1.772453904152 * x4)) + (0.186084255576 * 1.890436649323)) - ((1.890436649323 ^ 2) - (1.772453904152 * x5))))))',1.1256679782908155e-10,2.850168157042532e-10,135290715,409,8,58,12,65536,paper,6,0,404488628,2.0551918463820757e-11,515.7895209999992
3600.2984054759145,'((-1.105360507965) + (0.657173097134 * (((((1.840068817139 * x5) + (1.521679997444 * x6)) + (1.607497811317 * x4)) - ((-0.014442119747) * x4)) - ((((0.318413197994 * x5) - ((-0.100271768868) * x4)) - ((0.856898188591 * x5) / (0.506903052330 * x5))) + (((-0.014435291290) * x6) / (((-0.369690895081) * x5) + ((-1.422884702682) * x6)))))))',8.329854382547244e-09,8.723120892284442e-09,258010411,409,18,58,12,65536,paper,6,0,1934392872,5.969991258168194e-08,12768.322008999996
3600.285628911108,'((-0.000019689014) + ((-0.254960000515) * ((((1.972319364548 * x6) - (((-1.984978675842) * x4) - (1.952832937241 * x5))) / (-1.090337872505)) + (((((-1.050947785378) * x4) - (0.875908672810 * x5)) - (0.879086136818 * x6)) - ((1.234191894531 * x6) - (((-1.050718426704) * x4) - (1.255240917206 * x5)))))))',2.2380220990744357e-10,4.2150374857108375e-10,267792716,409,20,58,12,65536,paper,6,0,1592565386,2.4814190000110937e-10,1808.1630062500008
3600.286648720503,'((-0.000044007655) + (0.677776038647 * (((-0.014711608179) * ((0.672331988811 * x4) + ((0.713634848595 * x6) + (1.464322566986 * x5)))) - (((((-1.127704858780) * x5) - (1.485912442207 * x6)) - (0.707106769085 * x4)) + ((((-0.320464491844) * x4) * 2.428346157074) - (0.369251310825 * x5))))))',1.5632480496657574e-10,1.2725398512714035e-09,268331518,409,22,58,12,65536,paper,6,0,3980425317,2.074836426436449e-10,390.8133610000002
3600.3930886797607,'((-0.861604809761) + (0.709299027920 * (((((0.716709852219 * x4) - ((-0.734614133835) * x6)) + ((1.409734606743 * x5) - (-0.119130872190))) + ((((-0.282461762428) * x4) / (0.690985679626 * x8)) + ((0.693147182465 * x4) - ((-0.675228238106) * x6)))) + ((((1.409734606743 * x5) ^ 0.055535517633) ^ ((1.387380957603 * x5) ^ 0.055535517633)) / ((0.235669583082 * x5) ^ 0.082416415215)))))',5.5414507722262064e-08,5.043994733000545e-08,150690447,409,19,58,12,65536,paper,6,0,2148995112,2.2814320352375534e-08,15279.679321000001
3600.3404082618654,'((-0.015860898420) + (1.342047810555 * (((((0.745127558708 * x6) - (0.543488621712 * x5)) - ((-1.288619875908) * x5)) - ((-0.745159089565) * x4)) - (sin((0.042585376650 * (0.258831322193 * x4))) / ((-0.987034738064) * x4)))))',2.337358814833488e-08,2.215905503533122e-08,260674483,409,21,58,12,65536,paper,6,0,784044718,7.584806255317852e-08,723.5562009999993
3600.305870037526,'((-0.000012564800) + ((-0.303892970085) * ((((((-1.146361827850) * x5) + ((-1.071966409683) * x6)) - (1.106489777565 * x4)) + ((((-1.146361827850) * x5) + ((-1.146699190140) * x6)) - (1.106551051140 * x4))) + (((((-1.146361827850) * x5) + ((-1.071966409683) * x6)) - (1.106551051140 * x4)) + (((0.374434441328 * x4) + (1.919391870499 * x5)) * 0.077343173325)))))',7.02229768500698e-10,1.308668839961058e-09,248927876,409,23,58,12,65536,paper,6,0,3356806661,3.316204456124594e-09,1827.0067922500011
3600.312074746937,'((-0.378808408976) + (0.712736248970 * (((((0.861144304276 * x6) + (0.828232288361 * x5)) + (0.883973956108 * (0.915922164917 * x4))) + (((0.592798054218 * x4) + (0.542217135429 * x6)) + (0.574599564075 * x5))) + ((((0.592798054218 * x4) + (0.722523331642 * x1)) + ((3.141592741013 * x6) + (0.545965731144 * x5))) / (((0.512071728706 * x5) + (6.588540554047 * x6)) + ((0.592798054218 * x1) * ((sin(log((1.259684085846 * x5))) * ((0.602981388569 * x5) / (0.234547480941 * x6))) ^ 2)))))))',3.256130654856336e-06,3.243511400796706e-06,185660657,409,24,58,12,65536,paper,6,0,2765379632,9.87451571613054e-06,1501.6012502500012
3600.3881794922054,'((-0.000120706180) + (0.168519496918 * (((((1.835592627525 * x4) - ((-0.508902192116) * x5)) + ((1.937139272690 * x6) - ((-1.354639887810) * x5))) + (((1.103566646576 * x5) + (1.026950597763 * x6)) - ((-1.131359815598) * x4))) + ((((1.835592627525 * x4) - ((-0.508902192116) * x5)) + ((1.942997217178 * x6) - ((-1.354639887810) * x5))) + (((1.103371858597 * x5) + (1.026950597763 * x6)) - ((-1.131501078606) * x4))))))',4.250626830597418e-09,5.1262882827529666e-09,223931872,409,25,58,12,65536,paper,6,0,1728356533,3.864055755562523e-11,2618.01072225
3600.372026093304,'((-0.767769098282) + ((-0.384938716888) * ((((((-1.160982012749) * x6) - (1.250127196312 * x4)) - cos(sin(((((-1.997896790504) * x5) / ((1.346493721008 * x4) * (0.832235217094 * x2))) + (((0.725769877434 - ((-1.548970818520) * x0)) ^ ((-1.270153284073) / (0.002896249294 * x2))) ^ 2))))) - (((0.743489146233 * x4) + (0.832235217094 * x6)) - ((-1.997896790504) * x5))) - ((cos(0.041157986969) ^ (((-0.601642370224) * x5) + ((1.369524478912 * x4) + (0.832235217094 * x6)))) + (((0.605235457420 * x6) + (0.605235457420 * x4)) - ((-0.599459588528) * x5))))))',1.4055894718894272e-08,1.4158511696393816e-08,172164009,409,26,58,12,65536,paper,6,0,3533734220,3.7070330283281275e-08,393.9828010000007
3600.4212075285614,'((-0.000321583619) + ((-0.811633586884) * (((((0.060637623072 * x5) ^ 2) / (((-0.285271316767) * x4) - (1.146560907364 * x5))) + ((((-0.304076910019) * x4) - (0.316511124372 * x5)) + ((-0.237680032849) * x6))) + (((((-0.756725132465) * x6) - (0.928681015968 * x4)) - (0.912385106087 * x5)) + (((0.318309873343 * x4) * (((((0.318688660860 * x4) / (2.977249383926 * x5)) - (((-0.756725132465) * x6) / (0.627627491951 * x11))) ^ 2) ^ 2)) + ((-0.237680032849) * x6))))))',5.417139153916976e-08,5.457871310454721e-08,238809542,409,27,58,12,65536,paper,6,0,2342600226,5.6296321450571e-08,2921.5646522500006
3600.3092530965805,'((-0.529609620571) + (0.488287538290 * (((((1.552339076996 * x5) - ((-1.734980463982) * x4)) - (sin(((((3.642009258270 * x5) * sqrt((3.834154367447 * x6))) * (cos(log((0.318309873343 * x6))) ^ 2)) / ((1.624634742737 * x6) ^ 2))) - (1.624634742737 * x6))) + (log((1.620896697044 * x6)) / sqrt((0.318309873343 * x6)))) + ((((0.615104556084 * x5) - ((-0.389974743128) * x4)) - (((-0.976011157036) / ((3.220840930939 * x6) / (1.755973458290 * x5))) - (0.529843568802 * x6))) / 1.245988726616))))',1.0589317388361716e-05,1.0516157090023626e-05,174106561,409,28,58,12,65536,paper,6,0,1904449481,6.426235694708312e-06,3274.3572839999997
3600.2479305006564,'(1.704431295395 + (0.741050064564 * (((((1.438696861267 * x5) - ((-1.350379467010) * x6)) - ((0.089259795845 * x5) + exp(cos(cos((-0.944087266922)))))) - ((((-1.115807771683) * x4) - ((-0.333384066820) * x6)) / ((((exp((exp(cos((-1.103944540024))) ^ 2)) / 0.609156370163) - 0.392481505871) ^ 2) - 0.856252968311))) - ((-1.346277952194) * x4))))',4.269419364144811e-10,6.021482201745697e-10,225505937,409,29,58,12,65536,paper,6,0,1934709049,5.89374688298898e-11,793.7742759999995
