total_time_seconds,expression,mse,evaluations,dataset,fold,num_observations,num_features,population_size,operator_set,template_depth,iteration,seed,old_mse
600.0011529360199,'x2 + x3 + 4*cos(x1) + 21.6090698242188*x5**3/(x2**2*log(x10)**2)',62.03919876647152,26968448,409,1,58,12,128,paper,4,0,2811363264,62.039222717285156
600.0027239199262,'-x0 + x2 + x3 + 0.0751677*x5 - x5**(sqrt(x1))/(-13.3036*x2 - 13.3036*exp(8*cos(exp(2*cos(x1)))) + 176.985)',72.58703161201382,21530496,409,0,58,12,128,paper,4,0,3324115916,72.58705139160156
600.0001157040242,'-x0 + x2 + x3 - x3/(-13.3036 + (-0.0586255*x11 + 0.0586255*x2**2)**2/x2) + sqrt(x5) - exp(2*cos(sqrt(x7))) + 0.996556',85.50459526673892,26864896,409,2,58,12,128,paper,4,0,1884968544,85.5045394897461
600.0026234579273,'x4 + x4/((x4 + x5)**2*(2*x4 + x6 - (113.44*x0**2)**cos(x10) - 36.2962646484375)**2) + x5 + x6',6.566592798962371e-12,26872448,409,3,58,12,128,paper,4,0,1859786275,8.430074693865919e-11
600.0027210009284,'x2 + x3 - log(sin(sin(sin(sin(sin(sin(x10))))))**8) - (x5 - log(x11))**2/(x0**2*x4**2*cos(x1*x9))',92.5400674797388,21516928,409,4,58,12,128,paper,4,0,3687649985,69.28539276123047
600.002580136992,'x4 + x5 + x6',4.317517340575137e-28,26895616,409,5,58,12,128,paper,4,0,369133708,4.415753526720856e-11
600.0013687859755,'x4 + x5 + x6 + x4/(x3*(-sqrt(x10) + x9*sin(x5*(x9*sin(x11) - sin(x6))))*(x3 + x4))',5.151436632692733e-13,26935808,409,6,58,12,128,paper,4,0,2995172877,5.2186178989277465e-11
600.0027563490439,'x1 + x2 + x3 + exp(-sqrt(x2) + sqrt(x5)) - 2*cos(x7**(1/4)) + exp(sqrt(x5))/(x1*x9)',60.11132487975285,25850752,409,7,58,12,128,paper,4,0,865305066,60.111427307128906
600.0004563579569,'x5 - 4.77899e-7*x5/((2*x5 - 292.758)*sin(sin(exp(x1)))) + x6 + x4*Abs(x10)/x10',2.1635079034457354e-11,26999552,409,8,58,12,128,paper,4,0,404488628,4.415753526720856e-11
600.0008776540635,'x4 + x5**(-589.765) + x5 + x6 + sin(cos(sqrt(x6))**16 - 242.336)/(x11 + 589.765*x6)',1.6075710461896878e-11,26915712,409,9,58,12,128,paper,4,0,2261209995,6.824346643341528e-11
600.0002092169598,'x1 + x2 + x3 + x5**4/(x2 - x5 + 38.2215)**4 + x5**4/(x2 - x4 - 2*sin(x5))**4',66.51294839141448,24782336,409,10,58,12,128,paper,4,0,4190266092,66.5128402709961
600.0000351100462,'x1 + x2 + x3 + x5**(1/4) + sin(x1**log(log(sqrt(x3))))/cos(x9) + sin(481.073*x5) + cos(x1) + cos(x8)',102.09407748402309,26993792,409,11,58,12,128,paper,4,0,3160032368,78.73841094970703
600.0019993609749,'x2 + x3 + log(2*x5) + log(x7 + 0.029309) - sin(x5)**2/cos(x9) + 3*cos(x1)',106.61392548791217,26861184,409,12,58,12,128,paper,4,0,3269070126,73.016357421875
600.0025020409375,'x1 + 0.895254*x2 + x3 + 5*sqrt(x5) - 27.908',365.10615516225397,26967808,409,13,58,12,128,paper,4,0,3081541439,365.10626220703125
600.0009978991002,'sqrt(sqrt(x10)*x4 + 2*x4**2 + x4*x5 + 2*x5**2 + 2*x6**2 - x7 - 472.737976074219)',42.8523726252559,27048320,409,14,58,12,128,paper,4,0,3376120482,42.8524055480957
600.0000873769168,'sqrt(x2**2 + 2*x3**2 + x5**2 + x5*x6 + x6 + exp(x1) + 2817.19)',130.37155102580795,26949504,409,16,58,12,128,paper,4,0,550243861,130.3715057373047
600.0000757289818,'x2 + x3 + exp(exp(cos(x6 + exp(x1**2)))) + exp(sin(x6))/sin(sqrt(x4)) + sin(x0) + 2*sin(x1) - 1.66229',126.8390220449917,27013504,409,17,58,12,128,paper,4,0,3606691181,101.16598510742188
600.0004930020077,'sqrt(x2*sqrt(x3*sqrt(x5*sqrt(x3*(x7**2 + exp(sqrt(x5)) + 187255.0*exp(2*sqrt(log(x1*x3))) - 552.695)))))',362.6898187556888,26940416,409,15,58,12,128,paper,4,0,2204291346,362.6895751953125
600.0013189060846,'x2 + x3 + sqrt(x7*exp(4*cos(sqrt(x7) + 358.057464599609)))*exp(2*cos(x1)) + exp(sin(x4))*exp(2*cos(x3))',71.7721961719945,26935040,409,18,58,12,128,paper,4,0,1934392872,71.77191925048828
600.0003368519247,'98.5397**(0.00455608*x5/cos(x1**2)) + x1 + x2 + x3 + sin(x7**(1/4)) + sin(exp(x1)) + 2*cos(x1)',31.479467891002688,27035520,409,19,58,12,128,paper,4,0,2148995112,31.479509353637695
600.0027260310017,'sqrt(x2**2 + x3**2 + x4**2 + 2*x4 + 100.068*x5 + x6**2 + (x1 + x5)**2 - 1187.78)',97.1362996870894,26909824,409,20,58,12,128,paper,4,0,1592565386,97.13628387451172
600.000983103062,'x1 + x2 + x3 + exp(exp(sin(x7*x8))) + exp(4*sin(x2 + 568.955078125)**128) - 405.403137207031/x5',270.7354307626681,26917888,409,21,58,12,128,paper,4,0,784044718,235.49681091308594
600.0008615419501,'-x0 + x2 + x3 + sqrt(x5) + 4*cos(x1) + cos(x3) - 2*cos(sqrt(x7))',61.58557214464117,26901760,409,23,58,12,128,paper,4,0,3356806661,61.58549118041992
600.0004327170318,'x1 + x3 + x5 + sqrt(x2**4/(x4*x5**2) + 0.15731*x2**2) + log(x4**16/x5**16)',131.6579844749784,27021056,409,22,58,12,128,paper,4,0,3980425317,131.65805053710938
600.0009497640422,'sqrt(x5**2 + x6**2 + sqrt(x10*(x0**2 - x2)**2 + 2*x3**2*x9 + x5**4))',187.05267888669408,26870912,409,25,58,12,128,paper,4,0,1728356533,187.05259704589844
600.0009758580709,'x2 + x3 + exp(exp(1.26682*sin(x3)*cos(x10)**2)) + exp(cos(x8)) + sin(sin(x5))*cos(x0)/cos(x9)',90.79745236441602,27065728,409,26,58,12,128,paper,4,0,3533734220,53.008296966552734
600.000685471925,'(log(1.03299*x5)**exp(exp(-x5*exp(exp(cos(log(log(x4))))/sqrt(x5))**(1/4) + x5)))**exp(sqrt(log(log(x6))))',157.9218420407782,26882304,409,24,58,12,128,paper,4,0,2765379632,157.92259216308594
600.0023901870009,'x4 + x5 + x6',4.317517340575137e-28,27082624,409,28,58,12,128,paper,4,0,1904449481,7.22577830902793e-11
600.0014355469029,'x2 + x3 - sqrt(x5)*(x5 - exp(x0))/(x7 - sqrt(x8)) - sin(sqrt(x2)) - 2*sin(sqrt(x7)) + 0.997194',116.7962935768684,26821120,409,27,58,12,128,paper,4,0,2342600226,116.79630279541016
600.0004838909954,'x2 - cos(597.3330078125/x3) + 169.264 - cos(log(x8**2/(x3**2*x6)))**2/cos(x9) - 574142.19353345/x3**2',231.72063040131567,26912512,409,29,58,12,128,paper,4,0,1934709049,209.8117218017578
600.0001017269678,'sqrt(-x1*x10**(3/4) - 99.3503*sqrt(x10) + x10 - x2/sin(x5) - x3*sqrt(x9)*cos(x10**(1/8)) + 0.999974*x4*x5 - x4*sqrt(x9)*cos(sqrt(x1)) - x5**2*cos(x4**(1/4)) - x5**2*cos(x5*x6*cos(sqrt(x1)) + x5*cos(sqrt(log(x5))) + 229.785*x5) - x6**2*cos(sqrt(x1)) - x6**2*cos(x4**(1/4)) - 9*x7 + 1428.14)',213.28884652888883,26961536,409,0,58,12,128,paper,6,0,3324115916,212.92483520507812
600.0002921040868,'2*x1 + x2 + x3 + sqrt(x5)*cos(x4 + 425.283) + 2*exp((-x2 + x5)/x1)**(1/8) + 2*sin(x0) + 3*sin(x6) - sin(19.5069*x6) + 2*sin(477.511*x6) + sin(285.145*x9) + 2*sin(x1*sqrt(x5)) - sin(x4 - 333.447509765625) + 3*cos(x1) + cos(x4**2) + cos(x5) + 2.71811/(sin(log(x8) - sin(x6)) + sin(sin(log(x2 + x6)))) + exp(sqrt(x5))/x10',70.04978576050125,26994048,409,2,58,12,128,paper,6,0,1884968544,65.83053588867188
600.0021198850591,'x4 + x5 + x6 - 323.203*sqrt((x4/sqrt(x5 + 2*x6))**(-sqrt(((x4 + x5)/x6)**(-260.846**(-(2*x6 + x9)*sqrt(((x5 + x6)/x6)**(-260.846**(-x5 - 588.820129394531)/4 - 147.205032348633)) - 588.820129394531)/4 - 147.205032348633))/8 - 73.6025161743164))',1.1335299873178952e-11,26821376,409,1,58,12,128,paper,6,0,2811363264,8.831507053441712e-11
600.0000761779957,'x1*sin(sqrt(x5)) + 3*x1 + x2 + x3 + sqrt(x5)*log(x5)*cos(x1**2)*cos(log(x5)) + 4.51042*sqrt(x5)*cos(log(x5)) + sqrt(x5) + exp(sqrt(x1))*cos(log(x5**2)) + log(sqrt(x5))*cos(x2**2) + 14.1511*cos(x1**2) + cos(x11) + cos(x3) + cos(x8) + cos(x9) + 2*cos(exp(sqrt(x1))*cos(log(x5**2))) + cos(135.03466796875*exp(-x7)) + cos(160.82958984375*exp(-x7)) + cos(611.903930664063/sin(sqrt(x5))) + cos(2097.85*cos(log(x5**2)))',36.84794975920385,26984576,409,4,58,12,128,paper,6,0,3687649985,36.01361846923828
600.0026861750521,'sqrt(4.53344e-6*x10*x3*x6 - 6*x10/x4 + 469.663*x2 + 9.20184e-7*x5**2*(4*x1**2 + 4*x3 + x7 + log(x3)**4 + 175.392)**2 + x6 - 2*x7 - 4.53344e-6*x8 - 4.53344e-6*x9**2/log(x4)**2 - 844.07 - 4*x9/x4 - 1/x11**sin(0.99725*exp(x1)))',111.94665332299016,26762752,409,5,58,12,128,paper,6,0,369133708,111.9453125
600.000379393925,'-1.59425*78.2295**(2.21491753475639e-6**(3.91089e-137*exp(log(((x5/x3)**((x3/(83.9859 + 24.1676881070056/Abs(sin(0.881092*x0))))**83.9859) - log(x3**2) + 6.44509)**2)**((0.0119068*x5)**log((605.219**(0.575191848065444/(x3**2 - 3.76929*x7 - 446.935)) - log(x3))**2)) + x5/x3)/x3)) + 1.59425*log((0.0119068*x5)**(24.6011965576944*sqrt(1/cos(71.9217655968256*sqrt(1/cos(248.057678222656/x5**2)) + 83.9859)))) + 1.59425*log(exp(2*sqrt(x6))) + 353.653',nan,26756480,409,3,58,12,128,paper,6,0,1859786275,770.2710571289062
600.0007225680165,'sqrt(x2*sqrt(x6) + 2*x5**2 + x6*(x4 + 41.4645)*log(x5) + x6*log(x10*x2**10*(137.388854980469 - x2)**2) + x6*log(x10*x2**2*x3**4*x6**4) + x6 + (137.388854980469 - x6)**2 - 14985.8)',7.021405273105582,26850944,409,6,58,12,128,paper,6,0,2995172877,7.021378993988037
600.0003247220302,'x2 + x3 + log(2.0565e+38**(sin(x7/log(x7))**256)) + log(3.04582e+9**(sin(x7/x3)**32)) + log(3.85817e+10**(sin(exp(x7/(x3 + sin(sin(x7/x3)**8))) + 88.2192)**64)) + log(6.97406e+7**(sin(exp(x7/x3))**4)) + log(exp(x1**2*sin(1.55937*exp(sqrt(x5)))**1024)) + log(sin(sin(sin(exp(0.00206791*x7))))**16) + sin(sqrt(x0)) + cos(x5**2) - 3.665',24.73462981146491,25702400,409,7,58,12,128,paper,6,0,865305066,5.70846700668335
600.0013555469923,'sqrt(x10) + log((0.272099 - 0.00170425*sqrt((3.77076e-16*x2**8 + 1.34518*x2**4/Abs(x10) + 1.34518*x5**4/x9)**4/x10**2))**16/(sqrt(x10) + x2 - x3 - 98.2438354492188)**8) + log(5.06448e-45*x9**32/(x10**4*(sqrt(x0) + sqrt(x10) - x3 + log(2.5649e-89*x9**32/(x4**16*(sqrt(x10) + 5.34735e-32*x2**16/x9 - 421.467 + 2.67339e-11*x5**8/x10)**16)))**32))',388.6140177982585,26079488,409,8,58,12,128,paper,6,0,404488628,388.61456298828125
600.0017469379818,'sqrt(2*x2 + x4**2 + x5**2 + 474.456*x5 + x6**2 + 6*x7 + ((443.908*x5)**sin(338.974*x5))**sin(597.084*x11) + Abs(x5)**(2*sin((x10 + ((1.68913e+8*x4**(0.00823224*x7) + 8.0103e+10*x5)**sin(x5*(x5**2 + x6**2 + 597.084)) + 121.474)**sin(sin(597.084*sin(x5))))**(sin(sin(597.084*sin(597.084*Abs(x5)**(2*sin(597.084*x5)))))*sin(597.084*Abs(x5)**(2*sin(597.084*x5))))*sin(sin(597.084*sin(597.084*Abs(x5)**(2*sin(597.084*x5))))))) - 608.592)',637.5750308042562,26932992,409,9,58,12,128,paper,6,0,2261209995,221.43861389160156
600.0014027570141,'183.634*log(0.484997*sqrt(x2*log(sqrt((x3 + x4)*log(x1**(1/8))*cos(sin(log(x4**2)))**2*cos(sin(log(x5)))**6*cos(sin(log((x5 + 256.359)*cos(sin(log(x5)))**2)))**4*cos(cos(log(x4)))**4)*Abs(x3))*log(log(16.0112*sqrt(x3*cos(sin(log(cos(sin(log((x5 + 255.556)*cos(sin(log(x5)))**2)))**2)))**4)*exp(cos(x5 - cos(cos(x1)))/2)))))*log(log(sqrt(x5*log(sqrt(log(x3))))))*log(log(sqrt(x6*log(sqrt(log(x3))))))',49.0454735737031,26658688,409,10,58,12,128,paper,6,0,4190266092,49.04509735107422
600.0014739109902,'x1 + x2 + x3 + 5*sqrt(exp(x5/x4)) + log((x1/x5 + x7)**2) + sin(2*x2) + 2*sin(x5) + 3*sin(x7 + x8) + 3*cos(x1) + 5*cos(x1**2) + 3*cos(x11) + cos(x3) + cos(0.025013*x5) - 214.386688232422/x5 - 1129.32061767578/x3',79.72738819028348,26895232,409,11,58,12,128,paper,6,0,3160032368,79.70838165283203
600.0005406179698,'x0*cos(x1**2) + x1*cos(x1**2) + 2*x1*cos(x11) + x1*cos(x2**2) + 2*x1*cos(x3) + x1*cos(x11 + x3) + x1*cos(x11 + (cos(x11) + 151.051)**2) + x1*cos(x5**2 + sin(x2)) + x2 + x3 + sqrt(x5)*cos(2*x11 + x3) + sqrt(x5)*cos((cos(x11) + 151.051)**2) + sqrt(2)*sqrt(x5) + 3*sin(x5) + 2*sin(x9) + cos(sqrt(x7)) + 3*cos(x7) + cos(x11 + sqrt(x4))',113.92308972860302,27123200,409,12,58,12,128,paper,6,0,3269070126,123.01004791259766
600.0012248340063,'(369.961486816406*(3.50956e+20 - (x2**8*(306.17431640625 - x3)**(16*(315.244567871094 - x6)**(0.00679259*x4)/x3**2))**sin(x2*log(x3)))**(6.97092e-5*x2*(x5**2*((83424.9 - (369.961486816406 - x6)**2)**4*(x6 - 75.523193359375))**(4*x5/173.573**(2*sin(Abs(x3**2*x7 - x9)**(2*sin(sin(sin(x5**2)))/(294.438293457031 - x3))))))**(739.922973632813/x2**2) - 0.0219754409069934) - log(((x7 - 272.98)**4*(x9 - (-x6 - 284.856597900391)**2)**4)**sin(log(x3 - 54.7169189453125))))/(288.833618164063 - x3)**(739.922973632813/x2**2)',nan,23406976,409,13,58,12,128,paper,6,0,3081541439,103.36560821533203
600.0017732250271,'sqrt(2*x1*x3 + 4*x1*x5 + x4**log(x1)*cos(x2) + 2*x4**log(x1) + x5**2/log((exp(x1) - log(x7))**2) + x5*log(x3)**2*cos(x1) + 3*x6 + (x2 + x3)**2 + 1221.1*cos(x3) + 610.548*cos(x5) + 610.548*cos(x8) - 1297.56 - 96.4843139648438/(cos(x9)*cos(cos(x8))) - 96.4843139648438/(cos(x9)*cos(x1 + x3 + x8 + 126.621 + 494.521850585938/cos(x9))))',130.25618953721903,26776576,409,14,58,12,128,paper,6,0,3376120482,24.852266311645508
600.0011404210236,'x1 + x2 + x3 + 2*sin(x5) + 2*sin(x6) + 6*cos(x1**2) + 4*cos(x11) + 2*cos(sqrt(x2 + x4)) + 5*cos(sqrt(x7 + 12.861)) + 2*cos(sqrt(x7 + 484.824)) - 0.999618 + 2*x5**2/x4**2 + x5**2/x11',138.25660155288924,21654528,409,16,58,12,128,paper,6,0,550243861,138.25486755371094
600.000571349985,'x2 + x3 + exp(exp(cos(exp(exp(cos(x2 + x6 + exp(cos(x2)))))))) + exp(exp(cos(exp(exp(cos(exp(exp(cos(exp(cos(x2)) + sin(x1)))))))))) + exp(exp(cos(exp(exp(cos(exp(exp(cos(x2 + 0.0020153*x3 + 69.3366))))))))) + exp(exp(cos(exp(exp(cos(exp(exp(cos(x2 + x6 + exp(cos(x2))))))))))) + exp(exp(cos(exp(exp(cos(exp(exp(cos(sqrt(3*x3 + x8**2 + 160.029)))))))))) + cos(x1 + cos(x3)) + cos(x1 + cos(cos(x1))) + cos(exp(exp(x1/2))) + 11.0113*cos(exp(exp(0.00217224*x5))) - 357.722*exp(cos(x3))/(x5 - 249.175)',24.172943455165306,26884736,409,17,58,12,128,paper,6,0,3606691181,15.965457916259766
600.000108822016,'sqrt(441.812*x2 + 441.812*(((x2**2/log(4.7158e-11*(x2 - 221.019)**2)**2 + x3)*sqrt(log(exp(16*sin(x7))/(x2 - x5)**16)**(-2))*Abs(3*x3 - 79.7099) - 426.677)**2*(4*x2**2/log((x6 - 120.904)**2/x11**4)**2 + 2*x3 + x5 - 185.688)**4/(x1**2*log(exp(8*sin(x6))/x11**6)**4*log((2*x10 + 2*x11 + x2**4 + 1.00204e+6 + 1.79581948005127e+144*exp(-4*x5))/(x2 - x5)**4)**2))**(1/4))',155.9646728607238,26504960,409,15,58,12,128,paper,6,0,2204291346,155.9874725341797
600.000569463009,'x2 + x3 + x5/log(x2*log((x5 + (2*x10**2 + x11**2 + x3 + x7**(2*x7 - 358.054) + 24402.8*exp(exp(x0)) + 2.11211e+10)/(0.0874954/x5**(2*sin(x3 - x4 + cos(-x4 + x5 + cos(371.738*x11)))))**log(x5*log(x4) - 25.7303))/log(x5/log(x2*log(x2*log(x2*log(x2) - x5 + cos(x5)) - 2*x5 - x5/log(x2) - (2*x5 + 0.991564)/log(x2) - 0.800993) - 2*x5 - 0.402989))) - x2 - x5 - 120.247)',62.90270059102995,21626880,409,18,58,12,128,paper,6,0,1934392872,27.73917007446289
600.0009425680619,'x1/(x1 + 2*x4 - 2*x4**(x1 + 61.4748/x6) + x6 + ((x1 + 2*x5 - x6)*(x0 + x1 - x4 + x5 + 3*x6 - x7 + 287.746) + 287.746)*(x1 + x4 + 0.790967) + cos(x1*(x1 + 2*x5 - x6) + x1 + x1/x6 + x4 + 2*x6)) + x4 + x5 + x6',1.129401590608687e-11,26817792,409,19,58,12,128,paper,6,0,2148995112,7.627210668603723e-11
600.0018568380037,'2*x1 + x2 + x3 + sqrt(x5) + 2*x7**(1/4) + log(cos(log(x5))**2) + 2*sin(x0) + 3*sin(x1) + sin(x11) + sin(x4) + sin(557.722*x4) + sin(x5) + sin(x7**(1/4)) + sin(sqrt(x9)) + sin(x9) + 4*cos(x1) + cos(x1**2) + cos(x3) + cos(x6**2) + 2*cos(x9) - 1785.45617675781/x3 + x5**4/x3**4 + 2*x5**(5/2)*cos(sqrt(x4))/x2**2',35.71426238403856,27194880,409,20,58,12,128,paper,6,0,1592565386,35.700050354003906
600.0026822451036,'x1 + 0.904652*x2 + x3 - 0.0317826*x4 + exp(sqrt(x5))**(1/4) + exp(exp(cos(0.0272043*x5))) + 5*exp(exp(cos(x5/x4))) + log((cos(x1) + 0.996723)/x2) + log((x7 + cos(x6)**8)/(x7 + exp(x0))) + log(0.00219197*exp(cos(x3))) + log(sin(sin(x5))**4) + sin(x2) + 5*x5/x4',57.127668190144476,25031680,409,21,58,12,128,paper,6,0,784044718,57.12886428833008
600.0014973509824,'x2 + x3 + exp(2*cos((exp(cos(cos(exp(cos(x7))))) + cos(x2))**2 + cos(cos(x10)))) + exp(2*cos(exp(2*cos(x7)) + exp(cos(x7)) + exp(2*cos(x2 + x3)))) + exp(2*cos(exp(2*cos(x2 + x3)) + cos(x10 + x9) + 228.552)) + exp(4*cos(exp(2*cos(x2 + x7)) + cos(x3) + 171.772)) + exp(4*cos(exp(cos((-x6 + sin(x11))**2)) + cos(x11) - 607.153)) + exp(4*cos(exp(cos((cos(x2) + 2.20065)**2)) + sin(x9) + 228.552)) + 2*cos(x1) + cos(105.271*x11) + cos(x3) + cos(x4**2)',92.53439491351965,26684288,409,22,58,12,128,paper,6,0,3980425317,22.632450103759766
600.0017700990429,'x2 + x3 + exp(exp(sin(6.39045*x7/(x1*(exp(sin(exp(2*sin((sin(x11 + 53.8773803710938) + 285.546020507813*x3/x10)**2)))**2) + 11.0121))))) + sin(exp(2*sin(sin(sin((x3*sin(x2 + exp(x3*sin((-x3 + exp(exp(285.546020507813/x10)))**2)/x10) + exp(exp(sin(sin(exp(2*sin((-x3 + 285.546020507813*x3/x10)**2)))**2)))) - x3)**2)**2))) - cos(exp(exp(exp(0.0111441*x7/(x1*(sqrt(x3) - exp(14333.3/(x7 - 89.7333)**2) + sin(x5 + x6 - exp(sin(log(x2))) - log(2*x0 + x5 + sin(x2)))**2)))))))',41.76686126913373,27058944,409,23,58,12,128,paper,6,0,3356806661,37.19310760498047
600.0023992100032,'x2 + x3 + exp(exp(sin(x4 + exp(exp(sin(x2))) + exp(exp(sin(cos(sin(exp(cos(sin(log(x2)))))))))))) + exp(exp(sin(sin(x4 + log(x2) + sin(x2 + exp(exp(sin(x4 + exp(exp(sin(x4 + log(x3) + sin(x2 + exp(exp(sin(x4 + exp(exp(sin(x2))) + exp(exp(sin(cos(sin(log(x2))))))))) + 5.15812) + 0.867624))) + exp(exp(sin(cos(sin(exp(cos(sin(log(x2)))))))))))) + log(x2)) + cos(exp(sin(sin(log(sin(sin(x1))**2) - 542.77)))))))) + sin(x1)/cos(sqrt(x2)) + sin(x7/x4)/cos(sqrt(x2))',26.85452711974813,27320192,409,24,58,12,128,paper,6,0,2765379632,26.90911293029785
600.0000164010562,'sqrt(-1824.58*x0 + x1**4 + 616.339*x1*sin(x5) + 1740.02*x1 - 19.133*x3 + 7*x4 + x5**2*cos(x2/x3) + x5**2 + 3*x5*sqrt(x7) + 3*x5 + 297.574*sqrt(x7)*cos(x3) + (x2 + x3)**2 - 8514.69)',88.9501431841319,26787712,409,25,58,12,128,paper,6,0,1728356533,88.95272064208984
600.0013715559617,'x4 + x5 + x6 + 0.991385/x5**((2*x4 + 2*x5 + (x4 + x5 - 402.866)/(2*x4 - 0.00248221*x5**2 + x5/(5*x5 + x5/(x0 + x5) + (x4 - 402.866 + (x5**2 + x5)/x5**x5)/(2*x4 - 0.00248221*x5**2 + x5/(x0 + x5) + (x4**2 + cos(x5)**2)/x1**x5) - 402.866) + (x5**2 + x5)/x5**2) + (x4**2 + x5)/x5**(x5/x4))/x5)',4.800258682176736e-12,27146240,409,26,58,12,128,paper,6,0,3533734220,6.824346643341528e-11
600.0013441970805,'24.6003**sin(sqrt(x6)) + 35.9931**sin(x6**sin(log(x11)**2)) + 83.6378**sin(sin(sin(x2*sin(log(x11))))) - x1 + x2 + sqrt(x3) + x4 + sqrt(x5) + (0.452603*x5)**sin(x2**sin(x6)) + (sqrt(x5) + 24.6003)**cos(250.457*sqrt(log(x11))) + (x3/log(x7) + 2*x5)**(cos(x7*sin(log(x11)))/2) + 2*sin(exp(2*x0)) + 4*cos(x2 + 528.839*x5) + 22.3729',212.92351032256363,27299456,409,27,58,12,128,paper,6,0,2342600226,210.8697509765625
600.0020624099998,'23.0475*sqrt(x6*exp(0.885006*exp(-cos(0.00608282*x0**2 + 0.00608282*x1**2 + 0.00608282*sqrt(x4) + 0.00608282*x4 + 0.00608282*sqrt(x5)*Abs(sin(x8)) + 0.0121656*sqrt(x5) + 0.00608282*x5 + 0.00608282*sqrt(x4 - 21.3748) + 0.00608282*sin(x9) + 0.00608282*cos(x11) - 0.584668))*cos(exp(cos(sqrt(2*x1 + 2*sqrt(x4) + x5 + x7/(x0**4 + 37.7223) + 2*sqrt(x4 - 11.0616) + sqrt(x4 + sin(sqrt(x4))) + sin(sqrt(x4 - 11.0616)) + sin(sqrt(x5 - 22.1232)) + 558.977))))))',86.52920841222814,26770560,409,28,58,12,128,paper,6,0,1904449481,86.5409164428711
600.0009100330062,'1.17311*x5 + 1.17311*x6 + 1.17311*x9/(3*x0 - 2*x1 + x10/(x11*(-sin(476.611022949219/x4) + cos(log(x2)))**4) + 0.758945*x6 + exp(200.714599609375/x4) + sin(x5) + cos(x4) - 41.1724 + log(x5/x4)/(cos(2.44804*x6) + x9/x8)**2)**2 + 1.17311*(x4**2/x5**2 + (sin(x6/x4) + 1)**2)**2 + 5.86553*sin(x5/x4) - 6.43096',361.5006344333814,27155968,409,29,58,12,128,paper,6,0,1934709049,30.082199096679688
600.001105732983,'x4 + x5 + x6 + 3.69741e-6*exp(sin(272225.0**cos(x3/x5)))',3.427495118994971e-11,54314752,409,0,58,12,256,paper,4,0,3324115916,3.612889154513965e-11
600.0012221680954,'x4 + x5 + x6 + x7/(-614.91*x5 - 614.91*x6**2 - 614.91*x8 + log(x0)**(-160.769) - 614.91 + 364167.0/sin(x5))',1.8615577612444728e-11,53251328,409,1,58,12,256,paper,4,0,2811363264,5.2186178989277465e-11
600.0016410760581,'-2*x1 + 0.00565906866418278*x5*x6 + (-sqrt(x4) - 2.5482177734375)**2 + 110.054 + 5.87903*x5/x4',216.49109775917685,54070272,409,2,58,12,256,paper,4,0,1884968544,216.4871826171875
600.0017947671004,'x4 + x5 + x6 + (x1 - cos(x1**2))**4/((156.613647460938 - x6)**4*(x4 + x6 + x8)**2)',1.6184643059455382e-12,54331904,409,3,58,12,256,paper,4,0,1859786275,8.430074693865919e-11
600.0016620639944,'-248.401*x1/x2**2 - x4**0.715888 + 1.23174*x4 + x5 + x6 + 5.1856689453125',0.31996974812680734,53115904,409,4,58,12,256,paper,4,0,3687649985,0.0654636099934578
600.0025313519873,'x4 + x5 + x6 + sin(x5)**2/(162.484**cos(x10**2*x8**2) + 2*x4 + x5)**2',2.1522399975570323e-10,54107392,409,5,58,12,256,paper,4,0,369133708,6.422914283765735e-11
600.000332438969,'x4 + x5 + x6 + cos(cos(sin(x5))**x6 + 0.402953)**155.764',4.05053743998431e-12,54308352,409,6,58,12,256,paper,4,0,2995172877,8.028643028179516e-11
600.001967580989,'x4 + x5 + x6 + 2.82055e-10*(-571.857 - 571.856811523438/cos(x5*(x5 - 471.198)))/sin(exp(x1))**4',5.5608330886078966e-12,53198848,409,7,58,12,256,paper,4,0,865305066,6.422914283765735e-11
600.0020909160376,'x2 + x3 + 0.0692187*sqrt(x9)*exp(-0.0235308*x2 + 0.0235308*x5) - sin(x1**2) - sin(sqrt(x7)) - sin(x8) + 3.35185',80.41497507282784,54053376,409,8,58,12,256,paper,4,0,404488628,80.40030670166016
600.000059879967,'sqrt(x5**3/(x2 + sqrt(Abs(x2)**(2*x7**2/x5**2)) + x3**2/3.24944e+32**(x7/x5)) + (x2 + x3)**2)',31.73233422827688,53928192,409,9,58,12,256,paper,4,0,2261209995,31.732337951660156
600.0016491140705,'0.0122065*x1**2*x5**2/x2 + x1*exp(exp(cos(log(x5))))*cos(exp(exp(cos(log(x5))))) + x2 + x3 + exp(sin(x1))',66.40706698742066,53302784,409,10,58,12,256,paper,4,0,4190266092,66.40685272216797
600.0014069060562,'x4 + x5 + x6 + sin(x5 + x6)**4/(x5**4*(sin(sin(cos(sqrt(x2 + x4 + 7.2215e-105)))**2)**2 - cos(x5))**4)',1.1766851242490796e-11,54067200,409,11,58,12,256,paper,4,0,3160032368,8.028643028179516e-11
600.0009709660662,'x4 + x5 + x6 + log(x2 + (x2*x3)**cos(x4))/(x3*x4*(309.727**cos(0.00246601*x5) - x7))',4.8581420766636137e-11,53524480,409,12,58,12,256,paper,4,0,3269070126,7.627210668603723e-11
600.0007261820138,'x4 + x4/(x6 + 359.221*x8/cos(log(x2)**2)**2 - 359.221*x9) + x5 + x6',2.1153217799120344e-11,53478656,409,13,58,12,256,paper,4,0,3081541439,4.8171855393519536e-11
600.0023198940326,'0.013871*x2 + x5 + x6 - sqrt(x8/x4) - 564.591*sqrt(1/x4) - 2*sin(sqrt(x4)) + 161.838',31.54910207321743,54109184,409,14,58,12,256,paper,4,0,3376120482,31.549041748046875
600.0017844310496,'0.0417066*x1*x5 + 0.920493623082988*x2 + x3 - 5.18056 - 312.493743896484/sqrt(x6) + 59.1848*x5/x2',135.11060621623653,53934592,409,15,58,12,256,paper,4,0,2204291346,135.11056518554688
600.0013756880071,'sqrt(x1*(578.775512695313 - x5) + 4*x4**2 + 5.18458*x5*x6 + 3*x7)',60.21474070814063,53393920,409,16,58,12,256,paper,4,0,550243861,60.21516418457031
600.0016340169823,'x2 + x3 + x5*exp(-x1) + (x5*x7)**(1/4) - 14.1437 + x5/sqrt(x4) + x5/(sqrt(x2)*cos(x1))',147.31816693586586,54054144,409,17,58,12,256,paper,4,0,3606691181,147.31813049316406
600.00263545895,'x4 + x5 + x6 + (x11 - x8**(x5**(x8**(-149.9))))/(337667.0*x11 + (x4**(-443.043) - exp(x1**2))**2)',1.9728282341361438e-11,54295040,409,18,58,12,256,paper,4,0,1934392872,8.430074693865919e-11
600.0023007950513,'sqrt(x5**2 + x6*sqrt(x5*(sqrt(x2)*x4 + x5 - 484.855) + (x5 + 280.161)*(x4*sqrt(x5) + 2*x5)))',15.381296354864887,53497600,409,19,58,12,256,paper,4,0,2148995112,15.38128662109375
600.002615472069,'x3 + sqrt(x1**4 + x2**2 + (exp(x1) + 582.757141113281)*sqrt(exp(-469.294616699219/x5))*sin(exp(cos(x1)))**2*Abs(x5) - 556.327)',68.74248015385768,54070528,409,20,58,12,256,paper,4,0,1592565386,68.74252319335938
600.0026620249264,'x2 + x3 + sqrt(x5) - x5*exp(-cos(1.14171*x1*log(sqrt(x5))))*log(x5)/(x2*sin(sin(sin(x1 - 454.024))))',80.56241851872267,54345472,409,21,58,12,256,paper,4,0,784044718,80.5243911743164
600.002652716008,'sqrt(x2**2 + 369.002*x3 + x5**2 + x5*x6 + x7 - 597.921*sqrt(369.002319335938 - x6) - 2391.69)',138.13860891743855,53299200,409,22,58,12,256,paper,4,0,3980425317,138.1386260986328
600.0025228749728,'x4 + x5 + x6 + x4/(x10*(x10/(x4*(3*x5 + x6 - 429.678)) + x5 + 2*x6))',1.0654803178136284e-11,53988608,409,23,58,12,256,paper,4,0,3356806661,8.430074693865919e-11
600.0010683370056,'x1 + x2 + x3 + 0.0178458*x5 + sin(1.05002e+6/x4)/cos(1.19699*x5**(1/4)) + 2*cos(x1)',35.40013010254508,54301696,409,24,58,12,256,paper,4,0,2765379632,34.400936126708984
600.0012459970312,'x1 + 0.989898*x3 + x7*sin(0.0111218*x3)**x7 + Abs(x2) + 0.220086*x7**x1/x11**2',36.24039863488549,53425664,409,25,58,12,256,paper,4,0,1728356533,36.241390228271484
600.0023333589779,'-x0 + 3*x1 - 2*sqrt(x2) + x2 + x3 - x5*(-0.145278*x1**2 - 0.0726392*x5)/x4',176.00295449030816,54055936,409,26,58,12,256,paper,4,0,3533734220,176.00282287597656
600.0017927149311,'sqrt(2*x4**2 + 500.297*x5 + x6**2 + x7 + (x2 - 82.6864)**2 + (x6 - 82.6864)**2 - 1819.42)',114.42265545940033,54329344,409,27,58,12,256,paper,4,0,2342600226,114.42266845703125
600.0007543200627,'-x0 + x2 + x3 + sqrt(x5) + exp(cos(x1))/sin(sqrt(x4)) + 4*cos(x1) + cos(x3)',75.57127999511994,53229312,409,28,58,12,256,paper,4,0,1904449481,75.56288146972656
600.0005471119657,'sqrt(x2**2 + (2*x4**2 + 485.351*x5 + x6**2 - 1007.46)*log(log(-x2/x3 + sqrt(x3))) - 607.450073242188)',124.3962855877493,54014208,409,29,58,12,256,paper,4,0,1934709049,124.39634704589844
600.002595265978,'x2 + x3 + exp(exp(sin(cos(x1)/sin(x11)))) + log(x5) + log(cos(x0)**4) + log(cos(x10)**4) + sin(x10) + 2*sin(x6) + sin(sin(x10) + cos(x1**2) + cos(x2**2)) + 2*sin(exp(x0)) + sin(exp(exp(cos(x11)))) + cos(x1) + 4*cos(x1**2) + 3*cos(x11) + 2*cos(x2**2) + 2*cos(x3) + cos(x5) + cos(x5**2) + cos(x11)**2/sin(sqrt(x4)) + 2*x5/x4',41.58932048437549,52908032,409,0,58,12,256,paper,6,0,3324115916,37.74236297607422
600.0007549839793,'x1 + x2 + x3 + exp(exp(113.713012695313*(-sqrt(x5) + exp(-2.8548*x7))**2/(x4*(472.138 - 27.8982*exp(sin(x6)))))) + exp(exp(sin(x1 + exp(sin(x2 + x3 + sin(x8)))))) + exp(exp(sin(x1 + exp(sin(x3 + sqrt(x2 + exp(exp(sin(exp(cos(x11))))) + exp(cos(x1)) + 2*sin(x6) - 3.63141) + exp(sin(x2 + x3 + exp(exp(sin(cos(x11))/2)))) + sin(x11 + sin(x9 + exp(sin(x8)/2) + 285.492))))))) + exp(exp(sin(cos(x11)))) + sin(2*x2 + 43.4575) + cos(x3) + cos(x9) - 15.1602',24.975591381107137,53001216,409,1,58,12,256,paper,6,0,2811363264,24.98526382446289
600.0010898889741,'-2*x1 - sqrt(x2) - 0.0274313*sqrt(x7)/cos(x9) - 0.0274313*x7 + sqrt(x5**2 + x6**2 + (x2 + 138.571)**2) - log(x10) - log(x11**2) - log(log(exp(2*cos(log(x5)**2)))**4) - log(cos(sqrt(x10))**2) - log(16*cos(x5)**4) - sin(sqrt(x2)) - 2*sin(sqrt(x8)) - 4*cos(451.841*x10) - cos(596.64*x10) - cos(sqrt(x4)) - 3*cos(x4) - cos(307.068*x9) - cos(log(x4)**2) - 590.976318359375/x5',141.28136741925846,51974144,409,2,58,12,256,paper,6,0,1884968544,87.74813079833984
600.0008323170478,'sqrt(0.342224*x10 + 10*x3 + 2*x4**2 + 2*x5**2 + x6**2 + 17*x6 + x9*sin(exp(cos(sqrt(x10)*cos(cos(exp(sin(x11))))/x6)))*sin(sin(sin(exp(sin(x11))))) - 0.243728*x9)',151.15484353360478,53806336,409,3,58,12,256,paper,6,0,1859786275,151.1329803466797
600.0019878710154,'x4 + x5 + x6 + log(exp(x5/(x9*(x2**(sqrt(x0) + cos(2*x5/sin(x5))) + x5 + (x4 + 5*x5 + cos(x5 + (x4 + x5)/(x4 + 2*x5 + x9 - 42.9758)) + (x2 - 0.0286339*x2**(cos(x10) + exp(1/2)) + 0.971366*x5 - 0.0286339*(3*x5 - 42.9758)/sin(x5) + (2*x4 + x5)/(sqrt(x0) + cos((x5 + 1)/sin(x5))))/x5)/sin(x5) + exp(exp(x4 + x5 + (x4 + x5)/sin(x5) + E))))))',3.279736966103265e-11,53064192,409,4,58,12,256,paper,6,0,3687649985,6.422914283765735e-11
600.0005390150473,'sqrt(-3*x10/x4 + x2**2 - 11*x2 - x2/cos(x7) + 38.498*x3 + 2*x4**2 - x5*(-x6 - 278.90625) - x5/sin(x10) + 76.9961*x6 + 5.20087*x7 - x7/cos(x9) - 2*x7/cos(x7) - exp(x0)/sin(x2) - 595.150268554688 - 364.909912109375/cos(exp(cos(x3))) - 495.255004882813/cos(x3 + exp(cos(x3))) - 215.113403320313/cos(x6) - 354.925842285156/cos(432.729*x1))',149.57379403857556,53102848,409,5,58,12,256,paper,6,0,369133708,50.699832916259766
600.002585647977,'x4 + x5 + x6 + 1/((2*x4 + 0.175528*x4/cos(exp(sqrt(x4))) + x5/sin(x10) + (x10 + x4)/x4)*(2*x4 - x5 + 2*x6 + (x10 + x4 + x6)/(x3**2*cos(x5) - x4 + 5.69708*x5) + 137.06982421875/(2*x4 - x5 + (x10 + 2*x4 + 2*x5 + x6 + 216.599)/(x3**2*cos(x5) - x4 + 5.69708*cos(x5))) + (2*x10 + x4 + x6)/(x3**2*cos(2.58636 + (x10 + x4)/x4) + x4)))',2.251293837441031e-11,54025216,409,6,58,12,256,paper,6,0,2995172877,2.810024955779422e-11
600.0026344860671,'sqrt(-322.777*x1*cos(sqrt(x5)) - x2*(-x6 + cos(x0)) + x3**2 - 8*x3 + 4*x4**2 + 2*x5**2 + 2*x5 + x6**2 + 2*x7 - sqrt(-x11 - x3*(-x3**2 - x6**2 - 608.169860839844) - x3*(-3*x3**2 - x7**2 + x9 - (-x0*x4 - x3 + x7)**2) - x7*(-x11 + x2**2) + x9 + 3*exp(sqrt(x6))) + exp(x1) - 596.719)',7.443031780003123,51825920,409,7,58,12,256,paper,6,0,865305066,7.443007946014404
600.0006595399464,'x1 + x2 + x3 + exp(exp(-sin(sqrt(x3) + sqrt(x8) + 209.301849365234))) + exp(exp(cos(x11))) + exp(cos(x1))*exp(-cos(x11)) + 12.7622*sin(399.265808105469/x0) + 6.48722*sin(x5) + sin(x10 + x6) + 2*sin(x11 + x2) + sin(x2 + 450.039) + 4.26336*sin(x2 + x3 + 265.425) - sin(sqrt(x3) + sqrt(x8) - 192.650573730469)/sin(sin(sin(sin(x0)))) + cos(x5) + cos(x8) - 1.22125 + sin(x11 + sin(x4))/sin(sqrt(x4)) + sin(x5)/sin(x0) - sin(sqrt(x2) + sqrt(x8) + 202.961883544922)/sin(x0)',20.04535599976968,53156096,409,8,58,12,256,paper,6,0,404488628,20.06771469116211
600.0004372060066,'x4 + x5 + x6 + x6/(x0 + 3*x4 - sqrt(x5) + 3*x5 - x7**2*exp(sin(log(x2))) + x7 + log(x4)**2 - log(log(x0)) + 6878.97 + (x4 + x5)/x6**4 + (x4 + x5 + (6878.97 - x7)/sin(x4 + x5)**2)/x4**2 + sin(x6)/(4*x4**2))**2 - 2.11326e-8*x7',2.462244410602021e-11,53689088,409,9,58,12,256,paper,6,0,2261209995,4.014321514089758e-11
600.0019675219664,'sqrt(x10/sqrt(exp(cos(sin(log(x0)**(1/512))))) + 0.00487644010348149*x5*sqrt(-x5*(x6 + 183.772)/(-2.01202e-5*x10 + 0.00588978*x4 - 0.00588978*x5) + 484.689819335938*x3/x0)*sqrt(0.00487644010348149*x5*sqrt(-x5*(-610.575439453125 + 610.575*x6**2*sqrt(x7 + 292.729)/x10)*sqrt(x10 - 169.786*x6*x9/(-0.00341613*x10 + 2*x4 - x5))/(-0.00341613*x10 + x4 - 7.736328125) - 610.575439453125)*sqrt(-x6**3/(-0.00233179*x10 + x4 - 41.6941528320313) + exp(sqrt(x4)) - 3579.89) - 610.575439453125))',156.65459780240437,53059072,409,10,58,12,256,paper,6,0,4190266092,156.65469360351562
600.000402375008,'x2 + x3 - 0.0198593*(x1 - x2 - (-x7 + sqrt(x9) + (-x6 - 346.811 - 445.203857421875/x0)*exp(-x7/2 + cos(x7 + 556.812622070313)/2) + 314.966430664063 + 331.041473388672/((0.0578823*x2 - 0.0578823*x7)*sin(sin(sin(sin(sin(sin(sin(sin(x0))))))))))*sin(x0) + 24.7924 - (x5 - 298.475)/x1)/sin(sin(x0)) - sin(x8) + sin((0.930668*x7 - 11.2811)/x1) - 414.360717773438/(x0 + (298.474853515625 - 2*x7)*sin(x0) - 0.00636054*(314.966430664063 - 2*x7)*(x2 + x3)*sin(x3)/(0.328321*x2 - 97.9957))',11.833575760797217,53201664,409,11,58,12,256,paper,6,0,3160032368,11.83067798614502
600.0021842839196,'0.024222*x4*exp(exp(0.00589499*x4)) + 26.8297*x4/sqrt(-2*x4 + x8 + 5503.16) + 0.991815*x5 + 0.0797097*Abs(x6)**(2*0.544647**exp(-383.186064724287*log(sqrt(x10))/(x2*((0.000114533*cos(cos(x3)))**cos(0.0389357*x4*cos(cos(cos(cos(x3))))) - 450.226)))) + 0.146351*Abs(x6)**(2*cos(611.746**(exp(cos(0.0266479*x4*cos(exp(sin(sin(sin(x2)))))))/x4**2))**1.09863) + 25.5804522021208',15292.180567219404,53711104,409,12,58,12,256,paper,6,0,3269070126,5.265945911407471
600.0013052169234,'sqrt(x2*exp(cos(log(x2*(2*x4 + 2*x5 + 241.78)*cos(cos(log(x2))**2)) - cos(sqrt((x5 + 529.26)*cos(cos(log(x2))**2)))))*exp(cos(log(x1 + x5) - cos(sqrt(x0**2 + x3 + 2*sqrt(x5) + 264.63))))*log(x5 + 2*sqrt(x9))*log(x1 + x5 + x6)) + log(cos(log(x6))**4) + log(cos(log(x3 + x5))**16) + log(cos(log(x5 + x6))**16) + log(cos(log(log(x2 + x5)))**8) + sin(sqrt(x2)) + 2*cos(x3) + 264.63',97.28376574371144,51511296,409,13,58,12,256,paper,6,0,3081541439,97.28421020507812
600.0020047770813,'sqrt(x10 - x10*cos(sin(sqrt(x11)))/log(sqrt(x6)) + x4**2 + sqrt(x8 + sqrt(x9)*(-x1*x10 - 20.3417*x10 - x9 + 2*exp(sqrt(x6)) + x6*x9/x0**(1/4)) - x9 + ((-2*x10 + (x1**4 + 3*x5 + sqrt(-2*x10 + (2*x5 + x7 + 367.546)**2))**2)*(4*x5 + 961.39))**cos(x11) + (x5**2 + exp(sqrt(x4)) + 1229.18)**2) + 1830.51)',329.75854813332955,52662528,409,14,58,12,256,paper,6,0,3376120482,329.9717712402344
600.0015770259779,'19.1562*(x5*sqrt(x2*sqrt(x5*x6*sqrt(x4*x6**3*cos(sqrt(sin(x0**2) + 892.704))*cos(sqrt(sin(log(x5)) + 892.704)))*sqrt(x4*x5*x6**3*cos(sqrt(sin(cos(sin(x4) - 572.217) - 612.426) + cos(sqrt(x3)) + 892.704))*cos(sqrt(cos(x0) + cos(x5*cos(sqrt(cos(325.926*x2) + 892.704))) + 892.704)))*cos(sqrt(sin(log(x6 + x7/x0)) + 892.704))*cos(sqrt(cos(log(x6) + cos(0.0140766*x11)) + 892.704)))))**(1/4)',65.80905436389962,54040832,409,15,58,12,256,paper,6,0,2204291346,63.15923309326172
600.0009158689063,'x4 + x5 + x6 + log(x10) + cos((cos((x6 + exp(x1))**(-0.479439) + log(log(x10)) + cos(cos((0.00174985*x10 - 0.914301)**(cos(cos(log(394.291917147246*x10)) + 341.501)/2) - 0.999997) + 0.0664954) - 241.761) + 0.063904)**(-100.74) + log(log(x8))) + cos((sqrt(x10) + x5 + 13.1699)**(cos(log(log(x10)) - 0.958878)/2) + log(log(x8))) + cos(cos(log(0.00174985*x10 - 1.06937)) + 341.501) - 8.99997',0.0021702742759672905,53002240,409,16,58,12,256,paper,6,0,550243861,0.00216872151941061
600.0020122249844,'x2 + x3 + sqrt(x5)*(exp((exp(sin(sqrt(x5)/sqrt(log(x2) + cos(log(x4))))) - sin(x3 + sin(x5) + 623862.0))/sqrt(log(sqrt(x3)) + cos(sqrt(x5)))) - sin(sin(x5 + log(x2*x5))))/sqrt(log(63.3169*x0)) + log(sqrt(x5)) + log((-x7 + 21.4932/x2)**2) + 3*sin(x7**(1/4)) + sin((x7 + exp(x0))**(1/4)) + sin(log(x11)) + 4*cos(x1) + 2*cos(x11) + cos(x7) - 7.5384',12.745744241161255,53172224,409,17,58,12,256,paper,6,0,3606691181,11.476218223571777
600.00203220197,'3*x1 + x2 + x2/(424.418090820313 - x2) + x3 + x5/log(x2) + 3*x7/(x5 - 225.273) + 3*exp(exp(cos(x5/x4))) + log(x7**2 + cos(x1 + x2)**2) + sin(x1) + 2*sin(x2) + sin(log(x11)) + 2*cos(x1**2) + cos(x3) + cos(x5) + cos(x4 + 322.567260742188) - 29.7385 + 756.544616699219/(x5 - 201.509) + 2*x5/x4',22.929839524605164,53729536,409,18,58,12,256,paper,6,0,1934392872,22.92977523803711
600.0000639379723,'x1 + x2 + x3 + x5/sqrt(x2*exp(sin(248.362*x6) - sin(x11 + x2) - x5/x2)) - sin(476.865081787109/x4) + sin(16.9835*x6) + sin(30724.6*x6) - sin(167166.0*x6) + sin(x10/x6) - sin(x3*x6) + sin(x11 + sin(x6) + sin(505.705*x6) + sin(x11 + x2)) + sin(2*x11 + x2 - log(x0) - sin(x2 - 455.31) - sin(sin(x2 + x3)) + cos(x3)) + sin(exp(2*x0)) + 4*cos(x1) + cos(x5) - 8.28735',18.779056603760957,53005056,409,19,58,12,256,paper,6,0,2148995112,12.60704231262207
600.0008101559943,'x4 + x5 + x6 + sin(sin(x7*(x1 - 87.8728)/(x1*x7 + x11**2)))/((-x4 + x7)/(527.984008789063*x1*x7*exp(-cos(-x1 + 2*x4 + 4*x5 + x6 + x7**log(x5) + 43.9364)) + log(sqrt(x1*(x4 + (x1 + x4**log(x5) - x7)**log(x5)) + log(x5) + (-x4 + x5)/(x1 + sqrt(x4 + x4**log(x5) + 3*x5 + x6 - x7 + x7**log(x5)))**(1/4))))**(1/4) + log(x5))',3.0156415962450745e-11,53095936,409,20,58,12,256,paper,6,0,1592565386,4.8171855393519536e-11
600.0005748800468,'sqrt(x10 - 9.4898*x10/x4 + 260.732*x4 + 323.048*x5 + 0.00383535*x6*x9 + 2*x6 - sqrt(-x10*x4*(x6 - 289.218) + 1.03751e+6*x10/x6 - 1.07645e+6*x6 - 613.744*x8 - 753364.0 - 376682.0/cos(x4) - 605.577*(-612.453*x10 + 605.577*x5**2 + 249860.0*x6 - 606.181*x9)/x5) + 2*exp(x1) + 2289.79 - 2*x9/sqrt(x4))',343.88121349009486,53677312,409,21,58,12,256,paper,6,0,784044718,343.926513671875
600.0008774648886,'x0*sin(x5) + x1 + 0.847841*x2 + x3 + 2*sqrt(x5) + 2*x7**(1/4) + sqrt(1/x2)*Abs(x5) + sqrt(1/x4)*Abs(x5) + 3*cos(x1) + 2*cos(x1**2) + 2*cos(x11) + 6*cos(0.0245535*x5) + 2*cos(x5/x4) + cos(x11 + sqrt(x7)) - 8.01843 - 611.918273925781/x5 + 2*x5/x4',127.72797146704424,52605440,409,22,58,12,256,paper,6,0,3980425317,127.72712707519531
600.000610321993,'(x2 + x3 + 4.13843)*(exp(cos(x2 + x3)/x4) + (exp(cos(x1**((x2 + cos(x5))**(x3/(x2*(x1 + cos(sin(sin(x1))))))))) + log(exp(cos(x1 + x2)) + cos(x2 + exp(cos(x11 + x7**2))) + 0.556482))/(x3 + cos(x6)) + cos(x2 + exp(cos(x2 + cos(x4 + x8))))/x5 + log(exp(cos(x3 + sin(log(sin(x2 + x3)**2)))) + cos(x0)**4/(sqrt(x3)*cos(log(x9))**2))/x4 + cos(x1 + sin(sin(log(sin(sin(sin(sin(sin(sin(sin(sin(sin(sin(sin(sin(sin(cos(x2))))))))))))))**2))))/x4)',9.750370437200175,49038336,409,23,58,12,256,paper,6,0,3356806661,9.748554229736328
600.0000747909071,'x2 + x3 + log(x5**2) + sin(x8)/cos(x5 - 0.612423) + sin(x4/x0) - sin(x0 - sqrt(x7)) - sin(x0 - sqrt(x8)) - sin(x3 - sin(sin(x2)))/cos(x5 - 0.624806) - sin(x3 - cos(x7**(1/8)))/cos(x5 - cos(x3 + sqrt(x7))) + sin(x7**(1/4) + 18.2215) + 2*sin(sqrt(x7) - 366.928) + sin(cos(x1**2))/cos(x5 - 0.608938) + 3*cos(x1) + cos(266.537*x9) - 2.3728 + cos(sin(x3))/cos(x5 - 0.608938)',10.879786933879892,53821696,409,24,58,12,256,paper,6,0,2765379632,9.765949249267578
600.0015414949739,'x2 + x3 + exp(exp(cos(x3))) + exp(exp(cos(157.844360351563*log(x6)/sin(sqrt(x1))**2))) + log(0.0020171*exp(8*cos(x1)) + 0.0106747*cos(279.514404296875/cos(log(x3)))**4 + 1.0048876916967e+22/(log(exp(0.00181217*x0**2*(0.992391 - 0.00734855*x6)/(x2**2*cos(x6))) + 5.02007e+39*cos(583247.0*x3*cos(x0)**4/(x2**2*log(398.729*x2)**4*cos(log(x3))**4))**2/cos(log(x2))**4)**2*cos(log(x2))**2))',2495.9984150504133,51406336,409,25,58,12,256,paper,6,0,1728356533,81.01764678955078
600.0000613360899,'-x0 + x2 - (3*x7 + (-sqrt(x2) + x5)**2 + 2*exp(x1) + 551.43)/(-x0**2 - x2 + x6 - (x0 + sin(sqrt(x2)))**4 - (-x4 - x5 - 550.263427734375)*log(log(x1))*cos(242802.0*log(log(x1))**2*cos(sin(x5 + 4.96215) + 550.263427734375)**2 + sin(x10 + cos(x10))) - exp(193.209899902344/x5) - log(x0**2 - 0.999998) - log((x0**2 - 0.999998)**2) - log((x0**4 - 0.999998)**4) - sin(x4) - 3*sin(x8) - 542.621826171875) + 27.052*cos(sqrt(x3)) + 118.664',445.7518478045192,42403584,409,26,58,12,256,paper,6,0,3533734220,72.3233871459961
600.0014663810143,'0.973877*x2 + x3 + exp(x5*sin(cos(594.534*x4))/x4) + exp(exp(cos(log(x5) + sin(log(x5) + sin(cos(x2**2)) + cos(x11))))) + exp(exp(cos(log(x5) + sin(sin(cos(x2**2)))))) + exp(exp(cos(log(x5) + cos(x1)))) + exp(exp(cos(log(x5) + cos(exp(2*x0))))) + sin(x5) + sin(x9) + sin(sqrt(x6) + x7**2) + 2*sin(sqrt(x7) + 129.922) + 2*cos(x1**2) + cos(x3) + cos(x4**2) + cos(x8) + cos(x9) + cos(x5*exp(x1)) + cos(exp(x0)) - 0.997848',12.805248370009762,53397760,409,27,58,12,256,paper,6,0,2342600226,12.704453468322754
600.0008469099412,'x0 + x2 + (306.862 + Abs(x9)**(-2*sin(0.00238611*x6 + 8597.91 - 1/Abs(x3)**(2*sin(x6**cos(sin(x5**4)) - sin(sin(x2)) + 121.465)))))**(0.00215396*x6) + (-315.192**(cos(cos(x3**2)) + 0.0531599) + exp(exp(2*sin(x3))) + 527.114)**(x6/(0.0083054*527.114**(x6/x3) + 346.799)) + 121.465 - 371.814819335938/((466.735**(x6/x3)/x6)**(x3**2 - 14497.0) + (8184.75 + exp(-2*x1*sin(2*x6 + sin(sin(sin(497.921508789063/cos(x8)))))))**(x3/(0.0105716*x2**(0.0105716*x6) + 356.606)))',7280962.780479054,52177152,409,28,58,12,256,paper,6,0,1904449481,35.26339340209961
600.0019235759974,'615.136**log(sqrt(x1)*sin(x7 + 231.331573486328)**32) + x2 + x3 + sqrt(x5) + log(cos(x10)**2) + log(cos(log(x0))**2) + 2*sin(x3) + sin(x9) + 4*cos(x1) + cos(1.08366*x6) + 2*cos(1.27709*x6) + 3*cos(0.00315516*x9) + cos(x3/x0) + cos(sqrt(x2)*log(x0)) + cos(x9/x5) + cos(0.31182*x2 + 0.31182*sqrt(x3) + 0.31182*x3 - cos(cos(x0))) + cos(528.385*log(cos(x10)**2))',62.84790297590343,42613504,409,29,58,12,256,paper,6,0,1934709049,59.66160583496094
600.0013900509803,'24.6957*sqrt(x2*log(0.0672505749941816*sqrt(x6**5*exp(sqrt(x5))/x2**6)*Abs(x3))/log(167.53759765625 - x4))',162.58174383533,107092992,409,0,58,12,512,paper,4,0,3324115916,162.58135986328125
600.0001187330345,'x2 + x3 + 0.0504707*x5 + exp(cos(x1)) + exp(cos(x3)) - sin(x5)**2/cos(x9) + 3*cos(x1)',98.89639238360814,105497088,409,1,58,12,512,paper,4,0,2811363264,71.36587524414062
600.0011133359512,'x5 - 121.22*cos(exp(sin(log(x6*log(x2))))) + 249.153 - 1286.12017822266/x4',133.8906303144739,84753408,409,2,58,12,512,paper,4,0,1884968544,133.87667846679688
600.0016330939252,'x2 + x3 - 0.0128921*x7 + (sqrt(x7)/cos(sqrt(x2))**4)**(1/4) + log(x5) + 2*cos(x1) + cos(x1**2)',43.25363567585257,107108864,409,3,58,12,512,paper,4,0,1859786275,43.259620666503906
600.0015827150783,'x2 + x3 - 0.277324*exp(cos(x2))/cos(x9) - log(sin(sin(sin(sin(sin(sin(sin(sin(log(x5) + 299.25))))))))**8)',76.61226608042766,105055744,409,4,58,12,512,paper,4,0,3687649985,71.14927673339844
600.0032791380072,'2*x1 + x2 + x3 + (x10**2*exp(2*cos(x1))*log(x11)**2/x9**2)**cos(log(x5)) + cos(x1) - 571.373718261719/sqrt(x9)',37.58565943495023,84766720,409,5,58,12,512,paper,4,0,369133708,37.58543395996094
600.0027248341357,'x4 + x5 + x6 + exp(-37.8466*cos(cos(x6 + sin(0.847036*cos(x0))))**2)',1.3735396912893372e-11,107158016,409,6,58,12,512,paper,4,0,2995172877,5.620049911558844e-11
600.000257872045,'x4 + x5 + x6 + (x0**4 + x4)/(x7 - (640.946 - 83.3854*log(x7))**2*sqrt(exp(sqrt(x3)))*log(x7))',8.678225906876981e-11,105608704,409,7,58,12,512,paper,4,0,865305066,6.422914283765735e-11
600.0028716030065,'sqrt(x3**2 + x3*x6 + x4**2 + x5**2 + (-x2 - 48.8970336914063)**2 + (-x2 + x5 + 79.3092)**2 - 7338.54)',70.58750376356915,84688896,409,8,58,12,512,paper,4,0,404488628,70.58747863769531
600.0019039069302,'x4 + x5 + x6 + sin(log(x4)**(-1.99806*exp(sqrt(sqrt(x1 + sqrt((x4**sin(x4))**(-296.302))) + 0.547155))))',4.490689646810236e-11,107168768,409,9,58,12,512,paper,4,0,2261209995,1.2042963848379884e-10
600.0019540858921,'x4 + x5 + x6 - sin(78.4881*(-x6 + x7)/(x10*(57991.1 + 385.355789297668/sin(x4)**2)))',1.1669050904490668e-11,105467392,409,10,58,12,512,paper,4,0,4190266092,4.415753526720856e-11
600.0012897651177,'2*x1 + x2 + x3 + 8.44073695864363e-20*x5**8*x7 + sin(x0) + cos(x1) + cos(x3) - 249.735504150391/x5',33.748466774596345,84683264,409,11,58,12,512,paper,4,0,3160032368,33.74845504760742
600.0011501680128,'x4 + x5 + x6 + (4*x4 + x5)/(x10*x4**2 - x4)',8.206509572469754e-12,107240448,409,12,58,12,512,paper,4,0,3269070126,4.8171855393519536e-11
600.0011707020458,'x4**2/Abs(x4) + x5 + x6 + exp(cos(x10*x2 + 22.8917))/(x10*x4*cos(x5 - 384.224853515625))',1.2847173938054239e-11,105021952,409,13,58,12,512,paper,4,0,3081541439,6.021481924189942e-11
600.0030544300098,'x5*(-0.00731059*x0 + 0.00365529*x6 - 0.00365529*(x10**2/x5**2)**(cos(exp(0.00171407*x2))/cos(0.15166*x2/x4)) + 0.691754) + 189.247',340.7930220987655,84710912,409,14,58,12,512,paper,4,0,3376120482,340.79290771484375
600.0027467540931,'x4**2/Abs(x4) + x5 + x6',4.178242587653359e-28,107192320,409,15,58,12,512,paper,4,0,2204291346,6.021481924189942e-11
600.0028167380951,'2*x1 + x2 + x3 - exp(sqrt(x1) - x7/x0) - exp(sin(sin(sin(x0 - x7/x0))))/sin(0.0652542*x10)',680.7239941182814,105680896,409,16,58,12,512,paper,4,0,550243861,29.20384407043457
600.0011218700092,'x2 + x3 - log(sin(x10)**2) - log(cos(x2)**2) - log(cos(x0 - x3)**2) + cos(x1) + x5**4/(x2**2*x4**2)',54.07750816251442,84718592,409,17,58,12,512,paper,4,0,3606691181,55.60287094116211
600.0014722039923,'x2 + 1.84515*sqrt(x3*sqrt(x3*sqrt(x5))) - (sin(sqrt(x2)) + cos(sin(367.916*x3) + 180274.0))*exp(sqrt(x5))**(1/4)',203.92974689335273,107144704,409,18,58,12,512,paper,4,0,1934392872,154.2538604736328
600.0022063190117,'x4**2/Abs(x4) + x5 + x6',3.6211435759662446e-28,105424896,409,19,58,12,512,paper,4,0,2148995112,4.415753526720856e-11
600.001625422854,'-x0 + x2 + x3 + sqrt(x5) - sin(x2) - sin(x5)**2/cos(x9) - sin(sqrt(x7)) - cos(x0) + cos(x1) - cos(x6)',105.98890598690508,84688384,409,20,58,12,512,paper,4,0,1592565386,73.86257934570312
600.0001890279818,'x4 + x5 + x6 + (x5 + x6 + ((x6 + (x5 + x6)*cos(x5))*cos(x5) - 2.20032)**2*cos(x8 + 2.2003173828125)**2)**(-2.20032)',1.074916227805309e-11,107303424,409,21,58,12,512,paper,4,0,784044718,6.021481924189942e-11
600.0004405700602,'2*x1 + x2 + x3 + exp(x5**2/x11) + exp(x5**2/x3**2)*sin(x9)*cos(x11) + log(x11) - 15.1155',60.955890372988144,104833024,409,22,58,12,512,paper,4,0,3980425317,61.114410400390625
600.0030895078089,'x4 + x5 + x6 + (x5 + (x1 + x4)/(x4 + x5))**(-543.538) + 3.38486e-6*sin(x5 + (x4 + x5)/(x5 - 543.538))**2',3.9220657392463374e-12,84656128,409,23,58,12,512,paper,4,0,3356806661,8.028643028179516e-11
600.0000310188625,'x1 + x2 + x3 + exp(sin(x5 + 87046.5)/(sin(sin(sin(x5 + sin(cos(x10**2/(x6 - 145.428)**2)))))**2)**sin(x0**2))',336.21382561959666,107281408,409,24,58,12,512,paper,4,0,2765379632,43.86616134643555
600.002765285084,'x2 + x3 - 0.434991*sqrt(521.039**(0.00208203*x3*x5/x4)) + sqrt(x4**(0.47448*x5/x4))',76.35202430734925,105299968,409,25,58,12,512,paper,4,0,1728356533,76.35189819335938
600.0024474870879,'x4 + x5 + x6 + x9/((-x5 + (x6**2 - exp(x0/sin(x8 - 429.594)))**2)*(-x6 + exp(x0/sin(x10))))',3.2273670867409825e-11,89858560,409,26,58,12,512,paper,4,0,3533734220,5.2186178989277465e-11
600.0021093869582,'x1 + 0.657475*x2 + x3 + 0.657475*x5 + 0.0373061*x5/cos(x1) + 2*sin(x0) - 8.42529 + x7/x4',111.01750828963134,107279360,409,27,58,12,512,paper,4,0,2342600226,111.01715850830078
600.0022260141559,'x1 + x2 + x3 + log(cos(464.855**sin(sqrt(log(x10))) + x2)**2)**2 - sin(x7**2) + cos(x1) + cos(x10) + cos(x8)',58.99896111985711,104954368,409,28,58,12,512,paper,4,0,1904449481,58.96958923339844
600.0000424759928,'x1 + x2 + x3 + exp(exp(cos(sin(sin(log(sqrt(x2) + x7))))**log(x11/x5**2))) + log(0.00301331*log(log(x1))**4)',59.94137253567081,106104832,409,29,58,12,512,paper,4,0,1934709049,59.94099807739258
600.0028834231198,'-x0 + 0.0498433515811262*x3**2/log(x2)**2 + 551.737243652344*exp(577.579650878906/(-x2 - 213.067413330078*exp(-x1))) + 551.737243652344*exp(577.579650878906/(x1**2/(-2*x7 + sin(x8**(1/4))) - x2)) + 286.547546386719 - (-x5 - 596.898864746094 - (-510.818*x5/(286.547546386719 - 7.51293*(4623.73088248284 - exp(x0))/x2) - 173809.190551758)/x3)/x4 - (-x6 - 3*exp(x1) - exp(302.999328613281/x2) + 7602.70737996655)/x2',80.28451583472837,104104448,409,0,58,12,512,paper,6,0,3324115916,80.28187561035156
600.0028471439146,'x4 + x5 + x6 + 54.221435546875/((x4 - x7 + 424.821044921875 + 424.821044921875/(x0 + x5/(x4 - sin(log(log(x11)**2)) - 60.2352) - x7 + 424.821044921875 + 424.821044921875/x6))*(x10 + 2*x4 + x5/sin(log(log(log(x11)**2)**2*cos(x4)**2/(x10 + x11)**2)) - x7 + 424.821044921875 + 424.821044921875/(x0 + x5/(log(log(x11)**2) + sin(log(log(x11)**2))) - x7 + 849.64208984375) + 424.821044921875/(sin(log(log(x11)**2)) + cos(cos(x11))) + 424.821044921875/(sin(log(log(x11)**2)) + cos(x4))))',2.0584972092116803e-11,102865920,409,1,58,12,512,paper,6,0,2811363264,2.810024955779422e-11
600.0009047209751,'x2 + x3 + exp(exp(sin(x1 + x11**(cos((-0.950991 - 391.188*cos(x3)/x2)/cos(x4))/x0**2) + cos(x2 + 99.7939)))) + exp(exp(sin(sin(x1 + exp(2*sin(exp(2*sin(exp(sin(x9)))) + sin(sin(x2) + sin(sin(x3 + 75.0599365234375/sqrt(x9 + 397.652))) + 158127.0))) + sin(x6**2) + sin(exp(exp(sin(x3))*exp(-2*sin(x9))*sin(x5)/sin(x5 + 75.0599))))))) + cos(x1) + x5*exp(exp(cos(x11)))*exp(2*sin(x5 + exp((x6 + exp(x0) - 206.995)/x1)))*cos(x3)/x3',57.99648493910012,102568960,409,2,58,12,512,paper,6,0,1884968544,17.5952205657959
600.0012063600589,'x2*exp(-1/(sqrt(0.940503 + (exp(x5/cos(x3/cos(cos(cos(x8))**131.139) + 239963.0) + 269.126892089844/cos(cos(x2/cos(sin(x7)**4) + 250.321)))/x8)**(-0.002011*x2/x0))/(0.0165989*cos(cos(cos(x2**2))**616.19)/cos(cos(cos(cos(cos(x3*cos(cos(cos(cos(cos(136.4150390625*cos(cos(cos(x6**2)))/(x2*cos(cos(359.767333984375/x1))))/cos(sqrt(x5))))))/((x1 + x2)*cos(cos(353.900634765625/(x0*(250.321105957031 - x5)**2*sin(x9)))))))))) + 0.940503))**234.461) + 1.3588*x3*cos(479.536437988281/x5**2)',606.4656806344344,104406016,409,3,58,12,512,paper,6,0,1859786275,317.2290344238281
600.0005537969992,'x1 + x1*cos(x11)*cos(315.028*x11)/sin(x0) + x2 + x3 + exp(sqrt(x1)) + log(x5)*cos(x3)/sin(x0) + sin(x0) + sin(x5) + cos(315.028*x10) + cos(315.028*x11) + cos(465.213*x11) + cos(517.243*x11) - cos(x11)*cos(x11*x2)/sin(sin(sin(x0 - 285.846801757813))) + 3.5400390625*cos(x11)/sin(x0) + cos(288.727*x11)/sin(x0) + cos(315.028*x11)*cos(x3)/sin(x0) + cos(315.028*x11)/sin(x0) + cos(264.292*sin(x10))/sin(x0) + cos(cos(x9))/sin(x0) - 510.931365966797/x5',99.49716681356014,103492096,409,4,58,12,512,paper,6,0,3687649985,34.468666076660156
600.0019577688072,'x2 + x3 + exp((sin(0.020526918234268*x5) - cos(cos(x2*(-sqrt(log(x8)) - 32.1362915039063))))**2) + exp((-sin(1.36845*x5*sin(sin(sqrt(x7)/sin(0.659659/(-0.00747843*x7 - 0.240328914622978))))/x2) - cos((-sin(0.738756*x5/(-x7 - 32.1362915039063 + 79.15576171875*sin(sin(x1))/(-x7 + 0.00815539*cos(x1)))) - 1.34717)**2))**2) + exp((sin(exp((sin(0.0206072138801206*x5) - cos(exp((0.259443 - cos(5.76235784359327e-10*x2**4*sin(x7)**4))**2)*cos(cos(cos(sqrt(x8))))))**2)) - 1.09586)**2)',6.361721817679573,101242368,409,5,58,12,512,paper,6,0,369133708,6.317135334014893
600.0011386079714,'sqrt(x1**2*sqrt(exp(sqrt(x5))) - 522.869*sqrt(x2) + x2*(x3 + 307.257) + 75.8997*x3 + x3/cos(sqrt(x9)) + 3.52446462318044e-5*x4**2*x6**2 + x4**2 + sqrt(x5)*sqrt(exp(sqrt(x6))) + sqrt(x9)/cos(x5) + 20.899*sqrt(exp(sqrt(x5))) - 9934.5 + 761.322/cos(x1) + x4**2*x6**2/x2**2 + 2*x3**2/x1**2 + x6**2/x1**2)',34.174710313356805,103461376,409,6,58,12,512,paper,6,0,2995172877,34.17689514160156
600.0009137550369,'x4 + x5 + x6 + (x4 + x5 + x6)/(-2*x11 + x3**2 + x3 + x4**2*x5**2*log(sin(cos(x4**2))**2)**2 + 8*x4 + 8*x5 + 9*x6 + 2*x9 + (x3**2 + 3*x5 + 0.823454)**2 + cos(x9 - sin(x5 + cos(x9) - 119.338 + 2.96083733720417e+30*exp(-x5))) - Abs(x0)**11.8844)',1.1360886153511462e-11,101151744,409,7,58,12,512,paper,6,0,865305066,6.824346643341528e-11
600.0000997940078,'x4/sqrt(cos(sin(1.08271*(x6 + x6**3/x5**2)/(x10*x9*sqrt(x5/x6**2))))) + x5*x6/(sqrt(1/x5) - exp(323.052*x6/(x6 + x6**3/x5**2))) + x6*Abs(x5)/Abs(x6) + x6',4.111257874236178e-12,104651264,409,8,58,12,512,paper,6,0,404488628,2.810024955779422e-11
600.0004470860586,'x2 + x3 + log(sqrt(x0) + exp(0.43001*log(x1 + exp(6.21755*cos(6.14797*cos(cos(3*x3)**2))))**2*cos(log(exp(log(exp(0.324183*log(exp(6.21755*cos(cos(x2)**2)) + cos(sqrt(x10)))**2*cos(x2**2)) + log(2*x5))*cos(x3)) + log(x1 + x3)**2)**2)) + log(log(exp(exp(-0.364033*x7)) + log(exp(cos(log(2*x7 + 113.215))**4) + cos(log(x3 + x7))**2)**2)**2)**2)**2*cos(log(2*x3 + 2*log(x4) + 6.42016)) + cos(x1)',24.600350374781815,97024000,409,9,58,12,512,paper,6,0,2261209995,2.7677602767944336
600.0005686080549,'3*x1 + x2 + x3 + sqrt(x5) - log(352.686*cos(x2)**2*cos(x9)**2) - log(x11*sin(sqrt(x4))**4*cos(x9)**4) - log(x11*cos(x5)**4*cos(561.07*x7)**4) + 2*sin(x5) + sin(x8) + sin(19.2937*x9) + 2*sin(x11 + x2) + sin(exp(sqrt(x5))) + sin(299.512*cos(x7)) + cos(x1) + 2*cos(229.735*x11) + 2*cos(291.046*x11) + cos(x2) - cos(x4) + cos(x4**4) + 506.499114990234/(x5 - 229.735)',79.86519369793997,99649024,409,10,58,12,512,paper,6,0,4190266092,49.83256149291992
600.0015001099091,'x1**2*sin(sqrt(x3))**2 + sqrt(x10) + x4 + 4*sqrt(x5) + 2*x9**(1/4) + exp(sqrt(x6))**(1/4) + log(x0**2/x10**2) + log(exp(sqrt(x5))/x10**3) + log(sqrt(x6)/x10**2) + log(exp(sqrt(x5))**sin(sin(x11))) + log(sin(sqrt(x8))**2) - 66.7366 - 366646.372825071/x6**2 - 310172.910275817/x11 + exp(sqrt(x5))/x10 + 2.59824e+6/x10',275.780071174871,102241792,409,11,58,12,512,paper,6,0,3160032368,275.7763977050781
600.0002520899288,'-x0 + 2*x1 - 2*sqrt(x2) + x2 + x3 + 6*sqrt(x5) - log(x9) - log(x9**2) - log(cos(sqrt(x2))**8) - log(cos(x2)**4) - log(cos(x9)**4) + sin(x2) + 2*sin(x5) + 2*cos(x1) - cos(521.288*x10) + 2*cos(x11) - cos(x4) - cos(0.389245*x7) - cos(0.686166*x7) - cos(65.9788*x7) - cos(291.064*x7) - 12.5994',141.12175762490304,102605312,409,12,58,12,512,paper,6,0,3269070126,134.18553161621094
600.0021145280916,'x1*cos(x1) + x2 + x3 + x5**(sin(x9)/2) + x5**(sin(sqrt(x0) + x11)/2) + (x6**sin(x9))**sin(x11 + x3 + x4) + log(cos(x10)**2) + sin(x1**4) + sin(569.436*sqrt(x2)) - 2*sin(555.973*x6) - 2*sin(0.945742*x7) + sin(569.436*x7) + sin(x1*x9) + sin(x1*exp(x1)) + sin(x7*x8) + 2*sin(x11 + x2) + sin(x6 - 183.165) + sin(sqrt(x7) - 499.144) + sin(x8 - 375.453) + sin(x7*x8 - 264.603)',28.660173531600424,99039744,409,13,58,12,512,paper,6,0,3081541439,25.794837951660156
600.0015820690896,'x4 + x5 + x6 + exp(-2*x4 - x5 + exp(2*sin(x5)) - (x4 + exp(2*sin(x5)) + 1.89885e-69)**8/(-x10 + x9)**2) + exp(4*sin(x5))/(-x4 - (x4 + exp(2*sin(exp(cos(exp(2*x10/x9))/(x6**2 + sin(exp(-332.155*x11)))))) + 1.89885e-69)**2 + exp(2*sin(x5)) - sin(exp(2*sin(x5))))**2 + exp(4*sin(x2 + x4 + 3*x5 - 158.237))/(-x10 + x9)**2',2.0748860798282855e-11,104659968,409,14,58,12,512,paper,6,0,3376120482,6.422914283765735e-11
600.0004377160221,'x2 + x3 + 5.12871e-120*(-x11 - 15.9362182617188)**2*exp(2.48432*sqrt(x5)*(log(x1) + 0.98772)**2 - sin(x3)) + exp(exp(sin(cos(x3)))) - exp(exp(cos(x3*cos(x9))))*cos(x1 + 253.963) - exp(exp(cos(exp(sqrt(x0))/cos(exp(exp(cos(exp(exp(cos(exp(cos(x0))))))/2))))))*sin(x2 + exp(cos((x2 - exp(exp(cos(x3)))*sin(x4*log(x3))**2)**cos(x6))) - 537.338*sin(sin(cos(cos(x3)))) - cos(14.2477*x3)) + exp(exp(cos(exp(exp(cos(exp(cos(x0)))))))) + cos(exp(cos(65.8926*sqrt(x7))))',27.31261696523143,103407616,409,15,58,12,512,paper,6,0,2204291346,25.848482131958008
600.0029268132057,'x2 + x3 + exp((-sin(exp(cos(1.00952*x7**2/x2))) + cos(x11 + exp(0.373961*x0)))**2) + exp((-sin(exp(cos(455.693*(log(x8**2) - sin(log(x8)))/(x2*cos(0.00219446*x2**2))))) + cos((87.0564575195313 - sin(exp(cos(x11*(x7**2 - 1/56.311**(0.0680118*x4) - 1/115.067**(0.244071*log(x5**2)))/(x6*cos(sin(log(x8))))))))**2))**2) + exp((-sin(exp(cos(6787.49*x1*(x7**2 - x7**exp(sin(sin(x0) + 436.591)))/(x11*x4)))) + cos(x6 + sin(x0) - 546.295))**2)',119.03491030323201,100260352,409,16,58,12,512,paper,6,0,550243861,24.33789825439453
600.0004960352089,'6.36584**cos(x1) + x2 + x3 + (-0.730658*x2 - 0.730658*x7 + exp(x1) + 0.0372041*exp(sqrt(x4)) - 293.056 + 7027.41173197567/((x6 - 1.50684e+8/(x4*x8))*cos(cos(x4))**2) - 15718.7/x5 + (x11 + x3**2 + 2*x5**2 + x6**2 + 2*x7 - 513.127*x8*exp(exp(cos(x7)/4))/(3*x3 + x4 + (-518.206*x3 - 1.39158e+8/x5)/x5 + 537295.0/x5) + 2*exp(sqrt(x4)) + 539.259)/x3)/x2',21.400261350704724,102499328,409,17,58,12,512,paper,6,0,3606691181,21.400165557861328
600.0027657989413,'3.94778058608752e-6*x2**2*x3 + 2*sqrt(x4) + x5 + sqrt(x6) + 0.00126035629233922*x6**2 + cos(x1) + 2*cos(sqrt(x3)) + 4*cos(sqrt(x6)) + cos(sqrt(x4) - 249.339) + 2*cos(sqrt(x4) + 70.954) + 184.979 - 47.42236328125/(x3 - 180.383) - 4226.74792480469/x6 + 819.333312988281/x5 - 1837.66717529297/x4',22.25513663837022,103522304,409,18,58,12,512,paper,6,0,1934392872,22.254831314086914
600.0027270640712,'sqrt(x2*x3*log((0.456066**cos(exp(sin(sqrt(exp(x0**(log(log((0.476597**cos(1.67837*exp(exp(cos(log((0.809791**cos(x5**(-0.469077)))**1.88759))))))**log(223.196**cos(sin(log(log(-179.791*x0/sin(sin(x5**2)) + x11)))))) - sin(1.21269*x5**2))/log(355.269**cos(0.925838**(2*cos(log(x2)**2)))))))))))**log(230.063**(0.927832**cos(exp(sin(x1 + 272.135))*cos(sin(x0 - x7)))))) - x5**2/cos(log(2.19901**log(230.063**cos(0.977355**(2*cos(log(x11)**2)))))))',nan,100357632,409,19,58,12,512,paper,6,0,2148995112,34.84530258178711
600.0024548070505,'x2 + x3 + exp(exp(sin(x9)) + sin(x2 + log(sqrt(x5**cos(x0))))**4 + sin(exp(sin(x9)) + sin(exp(322.060974121094/x2))**2 + sin(sin(sin(x0)**2 + sin(sin(sin(x2))))))**2 + sin(sin(x2 + sin(x2))))*sin(x2)**2 + sin(x7) + sin(x2 + 531.44*x6) + sin(x2 + exp(322.060974121094/x2)) + cos(73314.3**cos(x4)) + 5*cos(x1) + cos(x10**cos(x4)) + cos(x8) + cos(exp(sin(x2))) + cos(log(x5 + 15124.5*exp(-sqrt(x7))))',16.55035720240608,101459968,409,20,58,12,512,paper,6,0,1592565386,16.503360748291016
600.0006055340637,'x1*cos(x5/x4) + x2 + x3 + 3*x7**(1/4) + 4*cos(x1) + cos(21.9876*x11) + cos(349.562*x5/x2) + cos(x2 + x3) - 562.164672851563/x5 + x5*cos(x3)/x4 + 7*x5/x4 + x5**2*cos(x1**2)/x4**2 + x5**2*cos(x11)/x4**2 + x5*x7*cos(sqrt(x7))/(x1*(x7 + 125.175))',24.804970884598266,104253952,409,21,58,12,512,paper,6,0,784044718,24.609302520751953
600.0019425230566,'x2 + x3 + exp(cos(x1) - cos(3*x2 - cos(101.795*x1 - cos(2*x2 - cos(sin(x11))))) - cos(66.6418**cos(x5) + x2 - x3)) + exp(exp(x2**(-0.403599)) - cos(2*x2 - cos(2*x2)) - cos(58.5399**cos(x3 - x6) - x3 + x6) - cos(x2 + x3 + x4 + exp(exp(89.864**(cos(cos(2*x2))**16 - 1.5037)) - cos(2*x2 - 0.977875) - cos(x3 + 612.812774658203))) - cos(x3 + x4 + exp(298.776**sin(sin(sin(x0 + 89.864)))) - 376.166))',13.257118837591632,101549056,409,22,58,12,512,paper,6,0,3980425317,10.598981857299805
600.000738253817,'x2 + x3 + log(0.0402794*sqrt(x7)*exp(exp(exp(cos(x1))) + 2*exp(cos(x4)) + cos(sqrt(x3)) + cos(x3) + cos(x8)) + 1.23726*exp(exp(2*cos(x3 + sin(x3) + sin(sin(sin(sin(sin(x2 - 308.587))))))) + sin(sin(sin(sin(x0))) + 257.712) + cos(exp(cos(x4)))) + exp(2*exp(2*cos(x1**2 + sin(x3) + sin(sin(sin(x1*cos(log(x9)))))))) + exp(exp(4*cos(exp(exp(2*cos(x2 + x3 + cos(log(x1)))))))) + exp(sin(x7**(1/4))) + sin(sqrt(x3)) + sin(x7**(1/4)) - 7.42354)',21.04580724693218,102183424,409,23,58,12,512,paper,6,0,3356806661,20.747751235961914
600.0004832819104,'sqrt(x4**2 + 3*x5**2 + x5/cos(x9) + 561.946*x6 + exp(sqrt(x4)) - 29502.5)',168.35735876556743,103872512,409,24,58,12,512,paper,6,0,2765379632,163.74935913085938
600.0013169439044,'x2 + x3 + sqrt(19.3925*sqrt((-1025.89*exp(cos(sqrt(x7 + 17.0553)))*exp(cos(sqrt(x7 + 19.0517))) + 421.254)**2*exp(cos(sqrt(x7 + log(x5**2))))/(4*x7 + 417.434)**2) + x5**4*exp(-2*cos(x6))*exp(-cos(x7 + sqrt(x5 + log(log(x1)**83.7874))))/(x2**2*(x3 + exp(exp(exp(sin(x2**2)))) + exp(exp(exp(cos(sqrt(x7 + 16.2674) - 557.394)))) + log(sin(x0)**2) + log(sin(sin(sin(sin(sin(1.16132*x9)))))**8) + log(cos(log(x9))**16))))',1.8929218114040232,97078272,409,25,58,12,512,paper,6,0,1728356533,0.6106236577033997
600.0021555940621,'x2 + x3/log(x9) + (x5 - 25.5192)/log(x2) + (x5 - 25.5192)*exp(-x0) + (x3*exp(sin(x11 + 133.257)**2/2) + x5 - 25.5192)/log(x2) + exp(exp(sin(x2 + exp(sqrt(x4))))) + exp(exp(sin(exp(exp(exp(-sin(208.196990966797/cos(x7)))))))) + log(exp(exp(exp(sin(x2 + exp(cos(x2 + x5 + exp(cos(sqrt(x3)))))))))/x9**2) + 2*sin(x5) + 4*sin(x6) + cos(x1**2) + 2*cos(x3) + 2*cos(x7) + 2*cos(x9) + 55.9199',105.06700851516683,104621056,409,26,58,12,512,paper,6,0,3533734220,95.36102294921875
600.0011743360665,'x2 + x3 + sqrt(log(x1)**log(2.1516**(sqrt(x3)) + x3/Abs(sin(cos(x4))) + x7/cos(x4) - 0.0180157*x9 + log(log(x5))**log(log(sqrt(x5))**log(log(sqrt(x5))**(sqrt(log(x1)**(sqrt(x5 - exp(cos(x1)))))))) - 475.037)) + log(log(log(sqrt(x5 + x7/cos(x6) - exp(x1/2) + exp(3.01641*sqrt(x7)))))**(12.7777873900741/(log(x1)**(sqrt(exp(sqrt(x7/cos((cos(x10/cos(x1))**2 + Abs(cos(x4)))*sin(510.58*x4)*cos(sqrt(x2))))))))**0.101474))',5.897861202098692,103295488,409,27,58,12,512,paper,6,0,2342600226,5.906429290771484
600.0023604410235,'x2 + x3 + x7**(1/4) + sin(x0) + sin(x5) + 3*sin(x7**(1/4)) + sin(sqrt(x11) + 91.741) + sin(x4 - 74.359*sin(x10)) + 3*sin(sqrt(x7) + 330.298) + sin(log(x9)**2) + 4*cos(x1) + cos(sqrt(x3)) + cos(x3) - 1.0 + exp(-4.02391e-5*x5*(0.00116501*(415.414*x5 - 229.841)/(sin(x10)*sin(sin(sin(x0)))) - 62008.5)/x2)',64.13984165359965,101562368,409,28,58,12,512,paper,6,0,1904449481,5.041226387023926
600.0003630239516,'-x0 + x1 + x2 + x3 + sqrt(x5 - 24.5921) - exp(cos(sqrt(x7))) - log(x2) + log(x9) - 2*log(sqrt(x10) - x3) - log(x2 - x4) + sin(x7**(1/4)) + sin(exp(x1)) + 3*cos(x1) + 2*cos(x3) + cos(x5) - cos(x7**(1/4)) + cos(x8) + cos(x9) + 343.699951171875/(x2 - x5 - log(604.772583007813 - log(x7)) + 131.066) + 282.043060302734/(-x5 - sqrt(x2 + 443.277) + 269.720703125) + 524.60302734375/(x3 - x5 + 147.759)',13.12920105448956,104840704,409,29,58,12,512,paper,6,0,1934709049,13.130242347717285
600.0019356899429,'318.778686523438*x1/(sqrt(x11) - sqrt(x3) - x5 + log(sin(x7)**2) + cos(x10) + 145.899) + x2 + x3 + sin(x8)/sin(x10)',758.6928925984896,208530432,409,0,58,12,1024,paper,4,0,3324115916,33.94606399536133
600.0028130309656,'x4 + x5 + x6 + x5*(sin(x8) + cos(cos(x7))/(x5*(x9/x5)**sin(sin(x7**2))))/(x10*(x7 - 456.871))',2.069975277131266e-11,207906816,409,1,58,12,1024,paper,4,0,2811363264,4.8171855393519536e-11
600.0010565819684,'0.000704327*x1*x7*sin(2*x2)/(x8 + (x2 - 311.646)**2) + x4 + x5 + x6',1.853865531685505e-11,208000000,409,2,58,12,1024,paper,4,0,1884968544,4.8171855393519536e-11
600.0031539390329,'x4 + x5 + x6 + (2*x4 + x5 + (383.012939453125 - x7)*cos(x1)**8)*sin(x5)**2/(x4**2*(x4 + x5)**2)',3.2766940763111194e-11,206029824,409,3,58,12,1024,paper,4,0,1859786275,7.627210668603723e-11
600.0002520889975,'x10/(x5 + exp(x4**((2*x1 + x3 - sqrt(x5))/x5))) + x2 + x3 - x8/x9 + exp(sqrt(x1))',41.615302499556556,207716352,409,4,58,12,1024,paper,4,0,3687649985,41.61531066894531
600.0001787848305,'x10*x7*exp(-2*sqrt(x2))/cos(x9)**2 + x2 + x3 + 0.0591624*x5*cos(x1) + 0.0838571*x5 + sin(x0)',128.66653106471665,210239488,409,5,58,12,1024,paper,4,0,369133708,61.67636489868164
600.0012731070165,'x5 + x6 + Abs(x4) - 472.933959960938/(x9**2*log(x7))',1.1134920862453891e-11,208780288,409,6,58,12,1024,paper,4,0,2995172877,5.2186178989277465e-11
600.0007849230897,'x1 + x2 + x3 + 0.0873983*sqrt(1/(x2**4*x3**2))*(x0 - x5)**4 + sin(x1**4) + sin(sqrt(x7**2 + 17.2737))',58.73639134282325,199204864,409,7,58,12,1024,paper,4,0,865305066,58.73634338378906
600.002144505037,'x2 + x3 + 0.0670961*x5*exp(sin(x9))*exp(cos(x1))*exp(cos(2*x2 + 47.7778))*sin(exp(sin(x0))) + cos(x3)',37.88963359953614,210356224,409,8,58,12,1024,paper,4,0,404488628,37.91507339477539
600.0016896550078,'x1 + x2 + x3 + sqrt(x5) - exp(sqrt(x0)) - sin(x5)**2/cos(x9) - 2*cos(0.16463*x7)',94.8034823124776,208704512,409,9,58,12,1024,paper,4,0,2261209995,67.03313446044922
600.0013293321244,'x4 + x5 + x6 - x7*log(x5*log(x4))**2/(196.725952148438 - x0)**4',2.2561067727634023e-11,207289344,409,10,58,12,1024,paper,4,0,4190266092,4.8171855393519536e-11
600.0020090900362,'x4 + x5 + x6 - sin(6.834e-9*x7*exp(x0/2)/x4**(1/4)) + 7.03951e-7*x6/x4',1.2782891112702945e-11,210424832,409,11,58,12,1024,paper,4,0,3160032368,4.415753526720856e-11
600.0017360269558,'x2 + x3 - (-sqrt(x5)*sin(sin(69.9371*x0)) - cos(sin(cos(cos(x1))**4))**(-sqrt(x5) + sin(sqrt(x2))))*sin(x2)**2',58.01320931565911,206858240,409,12,58,12,1024,paper,4,0,3269070126,58.01327133178711
600.0009150891565,'x4 + x5 + x6 + (-508.455*x4 - 508.455*x7**x1)*sqrt(x5 + x6)/x1**x4',1.3318354292388764e-11,207751168,409,13,58,12,1024,paper,4,0,3081541439,8.430074693865919e-11
600.0027731270529,'x4 + x5 + x6 + sin(1.41369e-13*x9*(-1.41369e-13*x0**2*(x11**2 - x8**2)**2 + x6)/x5**2)',1.3363940310282893e-11,208999424,409,14,58,12,1024,paper,4,0,3376120482,6.422914283765735e-11
600.0014198508579,'x2 + x3 + exp(sqrt(x1)) - sin(x2)/cos(sqrt(x2)) + cos(x1) + cos(x1**2) - cos(x1 + 1207.82)/cos(sqrt(x2))',36.435498590364325,208851968,409,15,58,12,1024,paper,4,0,2204291346,36.43852615356445
600.0013870401308,'1.15895e-8*x1*x4*exp(-x7) + x4**2/Abs(x4) + x5 + x6 + 1.15895e-8*exp(x1) + 1.15895e-8*(x5 - x9)/x5',1.8653489562736644e-11,205714432,409,16,58,12,1024,paper,4,0,550243861,3.612889154513965e-11
600.0005353922024,'x2 + x3 + log(x1)**2 + Abs(x0**2 - x5 + 66.9211)**cos(log((x2 + x3)**1.89648)**2)',49.28414419475088,203821056,409,17,58,12,1024,paper,4,0,3606691181,49.269107818603516
600.0024582769256,'x2 + x3 + sqrt(x7) + 0.0477259*x7/(cos(x1) - 0.232196) + (-1.10187 + exp(-sin(472.545*x7)))/sin(x10)',663.0870793166716,207361024,409,18,58,12,1024,paper,4,0,1934392872,29.89223289489746
600.0012732869945,'x2 + x3 + x7*exp(-x1**2*exp(2*x1)*exp(-sqrt(x7)/cos(x1))/(-x8 + exp(exp(exp(cos(sin(sin(x10 - 388.135)))))))**2)',0.03662602714239239,207290368,409,19,58,12,1024,paper,4,0,2148995112,0.03613438084721565
600.0005133789964,'sqrt(x2*(x1 + x3 + x5 + 394.491)*cos(0.00226711*(-x2*x4 + (x2*(394.491027832031 - x5))**cos(sin(x3**(1/4))))/x6))',281.34041379005527,210448384,409,20,58,12,1024,paper,4,0,1592565386,281.34051513671875
600.0008378690109,'x2 + x3 + (2*x0)**(cos(2*x0) + cos(x11) + cos(x3)) + sqrt(x1*x4) + log(x9) + cos(x1) - 20.9017',41.99660170021287,209052672,409,21,58,12,1024,paper,4,0,784044718,42.02656936645508
600.0019783747848,'x4 - 0.0030946764349947*x4*exp(-sin(x6 - x8 + sin(sin(x11)) - 120.084))/(x10*cos(sin(x11)) + x4) + x5 + x6',2.8510626142075944e-11,207712256,409,22,58,12,1024,paper,4,0,3980425317,4.8171855393519536e-11
600.0002448509913,'x4 + x5 + x6 + cos(3.56186*sqrt(x1)*log(x9))/((251398.0 - log(-log(x7) - log(log(x0)) + 251398.0))*cos(x1))',2.1733542729350486e-11,210112512,409,23,58,12,1024,paper,4,0,3356806661,3.612889154513965e-11
600.0027960119769,'x4 + x5 + x6 + 5.90057e-6*x7*cos(x1)*cos(log(x2))/(2*x4 + (x7 - 603.215)/(x7 + cos(log(x2))))',2.639312653500665e-11,208506880,409,24,58,12,1024,paper,4,0,2765379632,4.8171855393519536e-11
600.000926860841,'x4 + x5 + x6 + (863.186 - x2**2)/(2.97766*x10**2 + 285.118) + exp(-227.789*20.3185**sin(x2))',9.32980395093086e-12,206011392,409,25,58,12,1024,paper,4,0,1728356533,8.028643028179516e-11
600.0000571950804,'x4 + x5 + x6 - sin(6.30949**(sqrt(log(x9**2)))/x8**2) + exp(-1.04573*log(x5)**2)',1.7170287003948823e-11,209801216,409,26,58,12,1024,paper,4,0,3533734220,6.021481924189942e-11
600.0013362409081,'sqrt(385.923*x2 + x6**2*cos(sqrt(x3 + 447.433)) + (x7 + (-x0 + x5)**2 + 2*exp(x1))*exp(0.00409409*x3))',150.3222004075895,207970304,409,27,58,12,1024,paper,4,0,2342600226,150.3223876953125
600.000622170046,'x4 + x5 + x6 + x8*(x4**2/(x3**2*x8))**(exp(sin(x7**2))*log(x3))*cos(x6 + cos(x11))',5.3366649693655984e-11,206723072,409,28,58,12,1024,paper,4,0,1904449481,6.422914283765735e-11
600.0008161871228,'x2 + x3 + exp(exp(sin(cos(x1)))) + exp(cos(x8)) + cos(exp(x1))/cos(x9) + sin(sin(sin(x6**2/x4**2)))/sin(x10)',740.6811826257051,209050624,409,29,58,12,1024,paper,4,0,1934709049,36.18449401855469
600.0028783548623,'x4 + x5 + x6 - sin(4.92994e-7*(-64.1086*x3 - 509.309*x5*cos(x4*cos(x3*x5 - (x4 + x5)**2))/sin(sin(x3*x5 - log(x6**2)**2)) - x8 + 0.932094 - (509.309*x4/sin(sin(572.417*x3)) - x6 - 0.00604211*(-x4 + x8)/log(x7)**4 + 117.516174316406)/(-x4 - x5 + x6))*sin(x5)/x5**2) + sin(-x7 + sin(509.309*x4 + 63.1086) + cos(165.505*x4) + 1.55637e+8)',0.47886158716261457,190891008,409,0,58,12,1024,paper,6,0,3324115916,4.014321514089758e-11
600.0024265099782,'x1**(2*cos(x3 - cos(x3 + cos(cos(sqrt(x6))) - cos(cos(x2 - exp(cos(cos(x11))/2))) - 186.576)))*cos(cos(cos(cos(x2))))**2 + x1**(2*cos(x2 + x3 - cos(sqrt(x4))))*cos(sqrt(x1))**2 + x2 + x3 + log((x7 + exp(cos(366.463*x7)/2))**2)**(2*cos(x1*(-x3 + x7)))*cos(x2 - cos(x7) + cos(cos(x4)) - 13.6721)**2 + log(604.604248046875/cos(sin(x2) + 113.315734863281))**(2*cos(x1*(-x3 - 58.2525024414063)))*cos(x2 - x3**cos(cos(cos(x3)**2)))**2*cos(x2 - exp(cos(x5**2)/2))**2 - cos(334494.0*x7)',3.2560854114056554,188060672,409,1,58,12,1024,paper,6,0,2811363264,2.6813793182373047
600.0016601788811,'x2 + x3 + 2*x7**(1/4) + log((2*exp(sqrt(x7)))**cos(x2**2)) + log(x0 + x7**4/cos(x9)**4) + log((x6 + x7**4/cos(sqrt(x2))**4)**cos(log(x5))) + log((x7**4/cos(x9)**4 + log(x5))**cos(x1**2)) + log(exp(sqrt(x7))**cos(x2 + x7)) + sin(sqrt(x5)) + sin(x5) + cos(x7) + cos(x11 + sqrt(x4)) + 3*cos(x11 + sin(x11)) + cos(x3 + x7**4 + 312.604) + 2*cos(exp(sqrt(x1)))',41.65008819847192,186003456,409,2,58,12,1024,paper,6,0,1884968544,37.71799087524414
600.0033232120331,'x2 + log((0.00516162*(2*x3 + (2*x5 - 59.3176)**2/(2*x2 + log((-59.3176 + (2*x3 + 0.0104177*(2*x3 - 0.00842921*x5**2 - 63.5449)**2 - 118.635)**2/x2)**2/(3.50632e+6**sin(sqrt(x1))*x5*(-x2 + x6 - 17.5994)**2*sin(x1 - 256.558)**2))**2 - 73.1654) - 59.3176)**2 - 91.1771)**2/(sqrt((x10/log(x7) + x11 + (-x2 + 2*x6 - sqrt(x9) + 2*exp(x1) - 603.918 + 256.557983398438/x0)**2)/(x3 - 77.1114)) + exp(x0)))**2 + 95.9902',48.83177920385292,182715392,409,3,58,12,1024,paper,6,0,1859786275,48.8338623046875
600.0016628848389,'x4 + x5 + x6 + (x4 + x5)/(x4*(-(x4 + x5)*(sqrt(x3)*x9/((-x6 + (531.193 + x5/x4)/(-sqrt(x3)*x9/((-x6 + 531.193 + x5/x4)*cos(sqrt(x6))) + (sqrt(x3)*x9/((-x6 + 531.193 + x5/x4)*cos(sqrt(x6))) + log(2*x4 + x5))*cos(sqrt(x6)) - 6.27513) + 531.193)*sin(exp(cos(443.64*Abs(x2))))) + log(x7))*log(0.00188255*x0 + 0.00188255*x4 + 1.00188*x5 + 0.00188255*x9 + 537.774841308594) + (2*x4 + x5 + sin(exp(sin(cos(log(0.159359*x6))))))*log(x3)**6.27513))',5.6520606102807096e-11,198096896,409,4,58,12,1024,paper,6,0,3687649985,4.014321514089758e-11
600.0006218811031,'x2 + x3 + log(x1**2*x7**2*(x7**4*((5.02334*(179.035*x7**2)**(2*cos(x7))*(321930.0**cos(x7) + x7**2)**2)**cos(x7*(x10 + x8)) + exp(-x7**8 + 179.035*x7))*exp(sin(sqrt(x10))) + sin(x11**cos(x5))**2)**cos(x1**2) + ((x7**2*Abs(x7)**(4*cos(x8**(2*cos(x7))*(61713.7**(cos(x7)**2) + 297.763)**2)))**cos(x7**0.85385) + 0.201793)*((x7**4*x7**(4*cos(x7**cos(cos(x7)))))**cos(488.307*x7) + log(sqrt(x9))))',nan,174475264,409,5,58,12,1024,paper,6,0,369133708,115.14215087890625
600.0000466599595,'x4 + 0.0304531353681272*x4*sin(x4)/((2*x6 - 319.802)*(-33.3212*x10/(x4*(x6 + (x4 + x6)*sin(x4 + x5))*sin(x4 + x5)) + x11)) + x5 + x6 + x7/(x10*(x4 - 319.802)*((x4 + x6)*sin(x7)*sin(x5 + (233.316*x5 + 233.316*x6 - 74615.1)/(x4**2*(x4 + x5 + x6))) - 159.901*x6/(x4*x5*(x6 + 0.988863 + x5/x4 + x8*(x6 + x7)/(x4*(x4 + x6)*(x6 + sin(x4 + x5))*sin(x5 + x6)))*sin(x4 + x5))))',2.107823011926869e-11,199581696,409,6,58,12,1024,paper,6,0,2995172877,2.810024955779422e-11
600.0024856359232,'x1*sin(x2 + sqrt(x5)) + x2 + x3 + sqrt(x5) + x5*sin(x5)*sin(cos(x3))*cos(x2/x5)**2 + 0.0882682*x5*cos(x3 + log(x3**2) + sin(2*sqrt(x5) + x5*exp(-sin(x4)))) + x5*sin(sin(sqrt(x3 + 152.663*sin(x4)*sin(sin(sin(sin(sin(sin(sin(sin(x7))))))))*cos(x3)*cos(x2/sin(x5)))*cos(x3)))*cos(90.3991088867188*exp(-x7))/log(x9) + x5*cos(x3)/log(x10) + sin(x5) + cos(2.02361*x2) + cos(log(x9))',15.398727801991754,198252544,409,7,58,12,1024,paper,6,0,865305066,15.25915813446045
600.0027655099984,'x4 + x6 + Abs(x5 + Abs(sin((2.68537428600055**x8 + x4 - x5**2 - 7*x5 - 5*x6 - 190248.0)**2)))',nan,192906240,409,8,58,12,1024,paper,6,0,404488628,4.014321514089758e-11
600.001888939878,'-356.264587402344*x0/x3 + x1**(x5/x2) + x1**(x5/x3) + x2 + x3 + (x0 + x1)**(x5/x2) + exp(exp(cos(x1 + x2))) + exp(exp(cos(x2 + exp(cos(x3)) + sin(x3)))) + exp(exp(cos(exp(exp(cos(x7)))))) + log(x5)**(x5/x2) + 2*sin(x5) + cos(x2**2) + 2*cos(x3) + 2*cos(141.981*x3) + cos(x8) + cos(609.573*x8) + 3*cos(x9) + cos(x3/x0) + 2*cos(x1 - cos(x9)) - 359.538208007813/x4',36.28393157654319,198802432,409,9,58,12,1024,paper,6,0,2261209995,32.424591064453125
600.0025243698619,'6.73867**cos(x11) - sqrt(x2) + x2 + x3 + x5/log(x2) + 3*x7**(1/4) + sqrt(x7) + sqrt(x7)/cos(x1) + (x5/log(x11/x5))**cos(sqrt(x3 + x5)) + log(87.1797*x6) + sin(x0) + sin(x1 - x8) + cos(x1) + cos(210.454*x1) + cos(246.108*x2) + cos(301.327*x2) + cos(317.434*x2) + cos(0.0576077*x5) + cos(x7) + cos(x9) + cos(x11 + sqrt(x7)) + cos(sqrt(x3) + cos(x7)) + cos(2*x0 + x1 + x8) - 23.7483',11.9114390622367,198607872,409,10,58,12,1024,paper,6,0,4190266092,11.908897399902344
600.0016553299502,'x2 + sqrt(x4) + x6 + sqrt(x3 + 142.797) + (x4 + x5/(-x6/(x3 + x6) + cos(0.00171741*x7)) + x7 - 2*exp(x0) + 34.7426)/(-x2/(-x2/x5 + cos(x2)) - 4*x6 - 162.893218994141) + (8*x2 + 3*x5 + (-381.788*x2 + 381.788*x4)/(-x7**2 - 221.536682128906) + (0.0794403*x4**2 + 5*x4)/(-x2/x5 + 0.956624))/(0.0149991*x2 + 0.0149991*x5 + x5/(-0.0134321*x2 - 0.758288))',8.305014662901565,199402496,409,11,58,12,1024,paper,6,0,3160032368,8.283299446105957
600.0011349041015,'x4 + x5 + x6 - 0.998523/(x5*(x1 + x5/cos(exp(cos(x5 + cos(cos(exp(sqrt(exp(cos(exp(cos(x5 + 0.030009)))/x1) + cos(x1) + 192.411))))))/cos(x1)) + (x11 - 0.578103)/(exp(exp(cos(cos(exp(cos(x1)))))) + cos(exp(cos(x1)))) + exp((cos(x1) + log(81.8564453125/x11)**2/x5)*(-0.00507702*x11 - 0.00507702*x4 + 81.8564)) + exp(cos(cos(x1) + 192.411) + cos(cos(cos(exp(cos(x1)))))) + cos(x5) + cos(sin(x11 + cos(x1**2)/x5))))',1.9689910330693863e-11,196034560,409,12,58,12,1024,paper,6,0,3269070126,6.021481924189942e-11
600.0008611159865,'sqrt(x3**2 + (x2 + 66.3057)**2 + sqrt((0.000610352*x3**3 + 0.000610352*x7**2 + 0.000610352*x8 + 0.000610352*(372.963 - 23.8385*x3)**2 + 0.000610352*(2*x3 + x6*exp(x4**(1/4)))**2 + 0.000610352*(x3**(3/2) + x3)**2 + 0.000610352*(x6**(3/2) - 594.476)**2 + 0.000610352*(sqrt(x3)*x6 + x5)**2 - 3461.66 + 451.959716796875/cos(x2 + 107.123))**2 - 594.476) + (x1*sqrt(x7)*cos(x1) + sqrt(2)*sqrt(x2)*cos(x9) + x5 + 2*sqrt(x7) + 4*sin(x0) - 15.2569 - 1138.07769775391/x3)**2)',29.564703067748102,183627776,409,13,58,12,1024,paper,6,0,3081541439,29.432453155517578
600.0026149498299,'x5 + x6 + sin(cos(sqrt(x4))**2)**(2*x9) + Abs(x4) - sin(x3)/(x5*(x10 - x11 + x4**2 - x7 + sqrt(cos(sqrt(x4))**2) + exp(-x4 - 529.273*sin(x4)))*cos(x6 - log((sqrt(x0) + 606.315)**2))) + sqrt(exp(x0**exp(-x7 + sin(x4**4/x9**2))))/(x2*(-0.98729*x4**2/sin(x1) - x4 + x9))',2.952503984866111e-11,185485312,409,14,58,12,1024,paper,6,0,3376120482,0.0
600.0020601230208,'-x0 - x1 + x2 + x3 - log(sin(x10)**2) - log(cos(sqrt(x9))**2) + sin(x5) + sin(x1*x9) + 2*cos(x1**2) + cos(x4**4) + cos(292840.0*x5) - 2*cos(0.15677*x7) - cos(0.163411*x7) + cos(x7) - cos(181.866*x7) - cos(x7/x1) + 2*cos(x1 - cos(x11)) + cos(x1 - cos(455.835*x11)) + cos(x1 - cos(x6 - x7)) - 0.999415 + 2*(x2 + x5)**4/x2**4',16.715779887477414,188600320,409,15,58,12,1024,paper,6,0,2204291346,12.866812705993652
600.0016241790727,'-x0 + x2 + x3 - sqrt(x5)*sin(log(x5**2)) - sqrt(x5)*cos(350.267*x7) + sqrt(1/x2)*Abs(x5) + exp(exp(cos(x3))) - exp(cos(467.783*sqrt(x1))) - exp(cos(0.128953*x7)) - exp(cos(0.158369*x8)) - exp(cos(x1**2 - 461.589111328125)) - 2*log(sin(sqrt(x4))**2) - log(cos(17.202**sin(x11))**2) - log(cos(sqrt(x2))**2) - log(cos(x9)**4) - cos(467.783*sqrt(x1)) - cos(494.599*x10) - cos(583.198*x10) - cos(606.78*x10) - 2*cos(sqrt(x5)) - cos(exp(cos(x7)))',105.392590589129,191643648,409,16,58,12,1024,paper,6,0,550243861,84.89947509765625
600.0022911548149,'x2 + x3 + 3*x5**2/x9 + x7**0.402944 + sqrt(x7)*cos(x11) + sqrt(x7)*cos(x3) + sqrt(x7)*cos(318.562*x3) + sqrt(x7)*cos(sqrt(x7)) + sqrt(x7)*cos(x11*x6) + log(x0 + x7)**2*sin(x5) + log(x1 + x7)**2*cos(log(x5)) + log(x7 + cos(x7)) + log((x7**2 + cos(x1))**2) + sin(36.2043*x3) + sin(exp(x0)) + 3*cos(x1**2) + cos(x8) + cos(x0 - x6) + cos(x10 + x8)',47.809691142315906,195808256,409,17,58,12,1024,paper,6,0,3606691181,27.546850204467773
600.0014542040881,'x5 + x6 - x6**(-243.309*x1 - x4 + 518.502 + 1/(2*x4*(-x1 + x4 + x5 - 3*x6))) + Abs(x4)',1.0104454886372588e-11,200735744,409,18,58,12,1024,paper,6,0,1934392872,3.612889154513965e-11
600.0015106999781,'x2 + x3 + exp(sqrt(4.60843812441522**log(x7/x11))*exp(x1)) + exp(exp(sin(exp(exp(sin(x2))) + exp(exp(sin(2*x11 + x3))))))*cos(x1) + exp(exp(sin(exp(exp(sin(x2))) + exp(exp(sin(sin(x8 + sin(x11) + sin(x6)))))))) + exp(sin(x7**(1/4))) + exp(cos(x3)) + log(sin(log(x2 + x7 - 10.1259))**2) + sin(x7**(1/4)) + sin(x8 + 72.0364) + sin(x11 + x3 + sin(x3 + sin(exp(x1)))) + sin(x2 + x3 + x7) + sin(x3 + x4 + sin(x3 + sin(sin(sqrt(x2))))) - 3.37531',8.002023024620335,198388736,409,19,58,12,1024,paper,6,0,2148995112,8.101542472839355
600.0027186579537,'x2 + x3 + 0.0249214*x5 + log((x7 - sin(412.897*log(x5)) - cos(x11))**2/((-x2 + x3)**2*(-sin(x2 + x3) + sin(x2 + x6/(-cos(sqrt(x7)) - 308.697387695313)))**2*(-sin(x2 + x3) + sin(x2 + x6/(-cos(sin(x10)) - 308.697387695313)))**2*(sin(x2 + x3) - sin(x3 + x6))**2*(sin(x2 + x7) - cos(log(170484.0*log(x1)**2)**2))**2*(sin(x3 + x6) + sin(x6 + 356.281) - sin(sin(x2)) - 0.681265)**2)) + 5*cos(x1) + cos(x1**2) + 2*cos(x11) + x5**2/x4**2',52.11847050871511,193712128,409,20,58,12,1024,paper,6,0,1592565386,52.044525146484375
600.0000123430509,'x2 + x3 + log((271.437*x7**cos(x3))**cos(x3)*(x4 + x7*(x4**cos(x7)*(x6*(x4*(x6**cos(x3)*(x7**3*x7**cos(x7))**x0 + x8**(4*cos(x9))))**cos(x3) + (1.53426e+9**(2*cos(x10))*x10**2*x9**2 + x10*x2)**cos(x4)))**cos(-x0*(x2*x4**cos(x3) + x7 + 489.328765869141) + x2 + x3)*exp(sqrt(x2))**cos(x0*x4**cos(x3) + x7 + 489.328765869141) - sqrt(x7 + 447.296)) + 6.58997) - cos(0.166949*x7 - 0.166949*sin(x11))',137.92619506258185,191381504,409,21,58,12,1024,paper,6,0,784044718,129.74160766601562
600.0031233099289,'(x5 - 2*exp(2*x3/x6) - exp(2*x5/x6) + 84.3493)*exp(sin(sin(exp(sin(exp(cos(sin(log(x3 + (x4 + 89.1019)*exp(-2*(x5 - log(x4*(x4**3*x9**2*exp(-0.0254097*x5 + 0.0254097*x7)*exp((-log(x4) + cos(exp(2*x5/x6)))**2)*exp(-4.5888806765221e+56*exp(-x6)) + sin(x0)**2/x10) + x3**4*exp(x0)*exp(exp(2*x5/x6)*cos(x1))*exp(-2.41614871405091e+60*exp(-x4/2)*exp(-x6)*exp(-x7))*exp(2*log(x4)**2)/x10))/x2))))))))))',59.5236786251374,187595776,409,22,58,12,1024,paper,6,0,3980425317,59.52344512939453
600.001670144964,'x2 + x3 + sqrt(x4) - log(sin(0.00201266*x9 - 0.00433264)**2) - log(sin(sin(0.00201266*x9))**2) - cos(0.166157*x7) - cos(452.388*x7) - cos(x7/x1) - cos(x7/log(x4**2)) - cos(log(x10)**2/log(x7)) + cos(x1 + sin(log(sqrt(x5) + x7))) + cos(x1 + sin(log(x7 + exp(x1)))) + cos(x3 + cos(x7/sqrt(x5))) + cos(x1 + sin(x5 + cos(x10)) - sin(sin(436.879180908203/x4))) - cos(log(x7 + cos(264.615*x7))) - 2*cos(log(x7 + cos(x2*x7)))',7.001889734094933,197823488,409,23,58,12,1024,paper,6,0,3356806661,5.65966272354126
600.0003223991953,'x4 + x5 + x5/(3*x5 + x9 + (x3**2 + 2*x4 + x5 + x9 + ((x6 + log(x4))**sin(x6))**x4)**2/log(x6)**2 + ((x6**(-1.21844e+8))**(log(x4) + (x6 + log(x4))**2/x5**2))**(x6 + 0.961332)) + x5/(x4 + (x3**2 + 2*x4 + x9 + (x3**2 + 2*x6 + x9)**sin(x6) + ((x5 + x6 + 0.572306)**sin(x6))**(log(1/sqrt(x6)) + cos(cos(x6**2))))**2/log(sqrt(x9))**2 - 1.21844e+8) + x6',1.924146891234606e-11,190706688,409,24,58,12,1024,paper,6,0,2765379632,6.021481924189942e-11
600.0030321541708,'19.5016*sqrt(x2) + (x5 + log(x5)**2/cos(cos(log(x2*sqrt(x8)/x6**2)))**2 + log((x6**4 + x7**x1 + x9*exp(sqrt(x4))/cos(x3**2*cos(x2)**2)**8)*cos(x10 + 143.809)**4*cos((sqrt(x0) + 384.979*cos(x2)**2 + cos(cos(x2))**2)**2)**8)/cos(log(x1*x2))**2)**2*cos(log((x7 + (214649.0 - 254.555*x7)*(sqrt(533.784*x0**2*cos(x2)**4 + cos(sin(log(5140.27*sin(x5)**2)))) + cos(sqrt(x5))))**4)/x3)**4/log(x9**2)**2',113.7948173295134,160382976,409,25,58,12,1024,paper,6,0,1728356533,58.041473388671875
600.0014948800672,'x2 + x3 + exp(sin(x7/sqrt(x5))) + exp(sin(sin((x5 + (x5 + x5**cos(538.818*x8))**cos(cos(sqrt(log((297.799682617188 - x7**4)**2)))) + exp(sqrt(x2**cos(x2 + sin(exp(cos(sin(x5))))**0.6379))) + exp(sin(sin((505.237**cos(x2 - 21.4975) + x5)**(-0.197646))**sin(sqrt(x2)))**(-0.999405)) - 67.6804)**(-0.197646)))**cos(0.316805**sin((x2 + (437.832**exp(cos(x4)) + 2*x7 - 8.11432)**sin(sqrt(x2)))**0.189622) + 2*x2))',nan,196856832,409,26,58,12,1024,paper,6,0,3533734220,14.445808410644531
600.0030905900057,'3.23357*sqrt(x2*sqrt(sqrt(sqrt(x5*sqrt(x3*sqrt(x1*x6*sqrt(x6*sqrt(x1*x1**x1*x5**(sqrt(x7)/4))))))*(2*x3 + 2.95932e-10*x5**8/x4**4))*(sqrt(x3)*x5*(-x0 + x3 - 1.48966*sqrt(x2*(sqrt(x9)*sqrt(x3 + x7 - 1.88844*sqrt(x2*sqrt(x5))))**(1/4)) - exp(sin(x6**2 + sin(x10))) - 2*sin(20.4371*sqrt(x2)) - 30.8669))**(1/4)))*exp(cos(exp(2*cos(x3)))/64)*Abs(cos(11.7655**x1))**(1/64)',65.37764837204344,193401856,409,27,58,12,1024,paper,6,0,2342600226,48.774078369140625
600.001186494017,'x2 + x3 + sqrt(x5) + sqrt(x7)*cos(x1) + 2*sqrt(x7)*cos(x1**2) + 3*sqrt(x7) + exp(x5**2/x11) + 2*exp(x5/x2) + exp(cos(x11)) + 2*sin(x0) + sin(x1) + sin(x5) + 2*cos(x11) + 2*cos(0.0262168*x5) + cos(113282.0*x5) + cos(x9) + cos(232.169*x9) + cos(x10/x0) + cos(162.035*x10 - 492.688) + cos(162.035*x10 + 261.383) + cos(exp(x0)) - 15.3895',42.75672838281908,197937152,409,28,58,12,1024,paper,6,0,1904449481,24.065168380737305
600.0022648309823,'x2 + x3 + x5**2/(-x4 + log(sqrt(x7)))**2 + sqrt(exp(exp(2*sin((x5**(5/2) - x5 + (x7 + (-x1**4 + x3 + x7 + 437.484)**2 + 48.9028635025024)**2 + cos(491.709*x5**2) + 224.886)/x1)))) + sqrt(exp(exp(2*sin(sqrt(-x0**4/sin(x8**(cos(x3**2)**2))**4 - 2*x11 - x7**2 + exp(2*x0) - exp(exp(exp(cos(x5**2 - cos(x8/x6) + 215.616760253906)))) + (550.932*x5**2 + x7 + log(x3)**2 - sin(x7) + 64.7277221679688)**2/x1**2))))) + 165.025695800781/(-x4 + x5**2/(x0 - x4)**2)',466.9034158527662,176435200,409,29,58,12,1024,paper,6,0,1934709049,19.937484741210938
600.0002342739608,'x1 + x2 + x3 + x5**2/(x8*sin(sqrt(x4))) + exp(2*cos(x1)) + sin(0.00420369*x10)/sin(x10) + sin(x10)',771.4199272122083,405055488,409,0,58,12,2048,paper,4,0,3324115916,34.07069396972656
600.0002997498959,'x4**2/Abs(x4) + x5 + x6 - 6.25168e-6*exp(x0)*exp(-sin(399.791*x0 - 399.791*x7))/x10**exp(sin(x1))',1.1613517682829329e-11,394797056,409,1,58,12,2048,paper,4,0,2811363264,4.415753526720856e-11
600.0011491540354,'x4 + x4/(x6*(x5 - 216.815)*(x4 + 2*x5*(x4 + x6 - 207.807) + 2*x5 + x6)) + x5 + x6',2.4226483980632438e-11,409395200,409,2,58,12,2048,paper,4,0,1884968544,6.422914283765735e-11
600.0016210728791,'x4 + x5 + x6 - cos(sin(x6 + log(x11)**2)/(x6 + 50.7034)) + cos(0.00178586*x5*x7/x11)',7.698409064204518e-11,399925248,409,3,58,12,2048,paper,4,0,1859786275,8.028643028179516e-11
600.000232377788,'x2 + x3 + x5**(exp(2*x5/x3)/(x4 + (557.365*x7)**cos(x2))) + x7**(0.99076**x7) + cos(x1)',19.13751617960494,395536384,409,4,58,12,2048,paper,4,0,3687649985,17.937074661254883
600.0020674429834,'x4 + x5 + x6 + 3.36432e-6*exp(-cos(x5)**4)',6.254715156867108e-12,404047872,409,5,58,12,2048,paper,4,0,369133708,6.422914283765735e-11
600.0025740608107,'x4 + x5 + x6 - sin(cos(x6))/(x3**2/sin(sqrt(x3)) - (x4 + x6 - log(x7) + 157.881)**2/sin(sin(x11)))',1.8063849714193343e-11,398438400,409,6,58,12,2048,paper,4,0,2995172877,6.021481924189942e-11
600.0019294149242,'x4 + x5 + x6',4.317517340575137e-28,405422080,409,7,58,12,2048,paper,4,0,865305066,7.22577830902793e-11
600.0027357570361,'x4 + x5 + x6 - 3.72626e-8*sqrt(x9) - 4.15439e-8*sqrt(x9)/x0',1.351527058475906e-10,402802688,409,8,58,12,2048,paper,4,0,404488628,5.2186178989277465e-11
600.0000462608878,'x4 + x5 + x6 + (-1.57797e-5*x0 - 1.57797e-5*x6)**2*sin(122.237*x4**2*sin(x11 - 144.574)/x6)',2.601251496215986e-11,399097856,409,9,58,12,2048,paper,4,0,2261209995,2.810024955779422e-11
600.0023317278828,'x4 + x5 + x6 + 0.534084407253923/((x8 + 171.512)*(x4 - x5 + x6)*sin(cos(x9 + 161.015899658203)))',1.485890932944498e-10,403136512,409,10,58,12,2048,paper,4,0,4190266092,5.620049911558844e-11
600.0029043899849,'x4 + x5 + x6 + sin(x3/x4)/(x5 + sin(Abs(x11)*Abs(sin(x8)))/sin(log(x1)**2)**2 - 535.35)**2',2.056018094012685e-11,396066816,409,11,58,12,2048,paper,4,0,3160032368,5.620049911558844e-11
600.0011311119888,'-x4**2/Abs(x4) + 2*x4 + x6 + Abs(x5)',5.570990116871146e-28,375592960,409,12,58,12,2048,paper,4,0,3269070126,5.2186178989277465e-11
600.0007630779874,'x2 + x3 + sqrt(x1 + exp(exp(sin(x3))))*exp(x5**2*cos(x2**2)/(x3*x6))/cos(cos(x10)) + exp(cos(x1))',41.6138993071021,398139392,409,13,58,12,2048,paper,4,0,3081541439,41.63338851928711
600.0022162178066,'-0.554058**exp(exp(2*cos(sin(x4 - 245.395)))) + x4 + x5 + x6',2.1613764620805924e-11,408408064,409,14,58,12,2048,paper,4,0,3376120482,2.007160757044879e-11
600.0006842070725,'x4**(-366.275) + x4 + x5 + x6 + cos(-x6 + x9 + cos(log(x2)))/(-x4 - 366.275390625)**2',1.4556119643902894e-11,404219904,409,15,58,12,2048,paper,4,0,2204291346,2.810024955779422e-11
600.0001067430712,'x4 + x5 + x6 + (-x0/log(sqrt(x7))**2 + x6)*cos(x6)/(x6*(x5 - 2*exp(x0) + 436.388)**2)',3.249975154875084e-11,391256064,409,16,58,12,2048,paper,4,0,550243861,4.8171855393519536e-11
600.0002196261194,'x2 + x3 + (x5**0.120472*exp(0.120472*sin(x9))*Abs(x7)**0.240944)**exp(cos(x1 - cos(x10))) + exp(2*cos(x10))',44.451708854688675,394823680,409,17,58,12,2048,paper,4,0,3606691181,39.17428207397461
600.0021931459196,'-x0 + x2 + x3 + sqrt(x7**(1/4)*sqrt(exp(sqrt(x5))))*exp(cos(x1**2)/2) + log(cos(x4)**2) + sin(x5) + cos(x3)',49.1852947295667,399212544,409,18,58,12,2048,paper,4,0,1934392872,49.1846923828125
600.0006909279618,'x4 + x6 + sin(sqrt(x10 + x8))/(-x0*x11 + x5 + (sqrt(x6) + 528.417)**2) + x5*Abs(x4)/x4',1.82670139753492e-11,396976128,409,19,58,12,2048,paper,4,0,2148995112,3.2114571418828675e-11
600.0020553430077,'x4 + x5 + x6 + x7/(-58.0308*x7**2 - 162.668*exp(0.915507/sin(x4 + x5)) - 2.74522e+7)',1.4165004226767952e-11,397762560,409,20,58,12,2048,paper,4,0,1592565386,5.2186178989277465e-11
600.0000255070627,'(x4**2/Abs(x4) + x5 + x6)*exp(log(log(sqrt(x1)))/(x6*(x4**3 + 22237.8)))',1.0435396916272036e-10,382085120,409,21,58,12,2048,paper,4,0,784044718,4.8171855393519536e-11
600.0003958279267,'0.706951**((2*x4 + 2*x5 + x6)**cos(2*x5) + 35.7991) + x4 + x5 + x6',7.151226394858466e-12,405047296,409,22,58,12,2048,paper,4,0,3980425317,8.028643028179516e-11
600.0006047028583,'x4 + x5 + x6 + x9/(319168.0*x4*x5/cos(x3) - 9.87631e+7*x6) + Abs(cos(exp(sin(x5))))**(2*x3)',1.602726986760616e-11,401674240,409,23,58,12,2048,paper,4,0,3356806661,4.8171855393519536e-11
600.0006575151347,'x2 + x3 + (-x4**2*x6*cos(x0)**2/(-x2 + x5 - 130.068) + exp(x1) - 588.56*cos(x7/x1))/x3',48.55984903103846,403195904,409,24,58,12,2048,paper,4,0,2765379632,48.560672760009766
600.0017454749905,'x4 + x4/(3*x5*(-0.996699**(x9*sin(x10 + 365.99)/2) - x5 - x9 + 76978.1)) + x5 + x6',2.8170254513439804e-11,402845696,409,25,58,12,2048,paper,4,0,1728356533,4.8171855393519536e-11
600.0027037109248,'x1**log(x5)*sin(x9)**2/sqrt(x10) + x2 + x3 + x5**(5/2)*exp(cos(x11))/(x2*sqrt(x9))',46.14206364968791,407967744,409,26,58,12,2048,paper,4,0,3533734220,46.15670394897461
600.0025763600133,'x2 + x3 + sqrt(x4) + sin(x4)/sin(sin(x7 - sin(x3))) + cos(x5**2)/sin(x11 + 423.947) - 0.408086/sin(x10)',324.360258498494,404287488,409,27,58,12,2048,paper,4,0,2342600226,47.7774543762207
600.0011529210024,'x5 + x6 + Abs(x4)',4.178242587653359e-28,389064704,409,28,58,12,2048,paper,4,0,1904449481,5.2186178989277465e-11
600.0001314689871,'x2 + x3 + sqrt(x4)*cos(x1) + exp(exp(0.16426**(2*log(log(x2)/log(x5))))) + sin(sin(x6**x0))/sin(x10)',695.9060239355978,402393088,409,29,58,12,2048,paper,4,0,1934709049,27.89085578918457
600.001689944882,'x4 + x5 + x6 + log(cos(cos((-289.634*x1 - 289.634*x4)**2*sin(sqrt(x4)))**2/(-289.634*x2 - 1448.17*x4 - 289.634*x6 - 289.634*(x4 + x5)/(x4*(x5 + 83887.9)/((x5 + x6)*(x1 + x4 + x5)) + x4 + x5 + 3*x6) - 289.634*(x2 + x4 - x5 + 9.40089e-71*(x1 + x4)*exp(-x1 - x4**2))*exp(-x7) + 170274.0)))',1.0123280960198114e-12,357064704,409,0,58,12,2048,paper,6,0,3324115916,2.4085927696759768e-11
600.0004025578965,'(-x10*x8 + 330084.0*x2**2 + (-547.097*0.0708075**cos(sqrt(x3))*x0*x9 + x1*x4**4 + (611.118*x10 + (443.035*x1*sqrt(x2) - 443.035*x5 - 443.035*sqrt(x7))**2)/(0.0101536**sin(sin(sin(x0)))*sin(sin(sin(604.005*x8))) + (-2*x1 + x10/(609.345*x7 - x9) + sin(sqrt(x2)) + 101.095092773438)**2/x3**2))/(0.0938792**(-0.00222814*x0**2 + 0.00891256*x1**2 + 0.00222814*x4 + 0.00222814*x6 + 0.00222814*(-x1 + sin(sqrt(x2)))**2 - 0.356365) + sin(562.332*x10)))**(1/4)',nan,337735680,409,1,58,12,2048,paper,6,0,2811363264,63.186553955078125
600.0025303401053,'x1 + x2 + x3 + ((x7*cos(x7) + 2*x7 + cos(126.756*x7))**sin(sin(sqrt(x3) + x7 + sqrt(x7 + sin(462.435*x2) + cos(x7)))))**sin(x1 + sin(x1**4)) + log((x0*x7**2 + x11/x4)**(-0.999998)) + log(x7**log(x1)*exp(x1) + exp(((x0*x7 + sqrt(x7))**sin(sin(x1)))**sin(sin(x1 + x7))) + (x5*x7 + 62.488)/x1) + 2*sin(sqrt(sqrt(x3) + x7) - 500.765) + sin(sqrt(sqrt(x3) + x7) - 10.5635) + sin(exp(x1))',5.174894878801016,368373760,409,2,58,12,2048,paper,6,0,1884968544,5.0177154541015625
600.0035249399953,'sqrt(x1) + x2 + x3 + 0.00335308914900935*x4*(exp(cos(x5)**2) + exp(4*cos(x2 - x5**2 + exp(x0*sin(473.530151367188*(x0 + x2)/(exp(-2*exp(2*x0) + 2*sin(x5)) + 1432413947.77749*exp(sqrt(x2) - x2 + x5) + cos(exp(-x2 + (x2 + 4.76996)*sin(473.53*x2 + 56290.3)**2))))**2))))/(exp(44645.4**(-0.00331248*x5)) - sin(473.530151367188*(x0 + x2)/(exp(-2*x0 - 2*x2 + 2*(x1 + x2)*sin(x1*(x2 + 473.751))**2) + cos(exp(-x2 + (x1 + x2)*sin(473.530151367188*(x2 - 298.232)/(x0 + x3))**2)))))',322.5120168183497,330108928,409,3,58,12,2048,paper,6,0,1859786275,18.28619956970215
600.002569113858,'x4 + x5 + x6 + sin(x5)/(x5*(x4 + x5 - sin(x5))/sin(x6) + (2*x4 + x5 + sqrt(x5 + sin(x5) + 220.874) + sin(x5)/cos(x5 + sqrt(x5 + sin(exp(sin(2*x4 + 2*x5))) + 220.874)) + sin(exp(sin(x6))) + 220.874 + sin(x5)/(x5/(x5 - cos(x5 + exp(cos(exp(sin(x4 + x5 + x6)))))) + cos(x4 + x5 + 220.873596191406/(x4 + exp(cos(exp(sin(x4 + x5 + x6)))) + (x4 + 2*x5)/x5 + (x4 + x5 + (x4 + x5)/x5)/x5))))**2)',2.81284130552416e-11,359712768,409,4,58,12,2048,paper,6,0,3687649985,4.014321514089758e-11
600.0025999811478,'x4 + x5 + x6 + sin(sin(sin((545.382**cos(exp(cos(24659.9*exp(-x0)))) + x2 + x4 + x5 + sin(x4) - 397.244 + 0.000138996345024777/log(cos(sqrt(x10))**2)**2)/(-501.486999511719 - (2*x4 - 525.661*x4*exp(-x0) + x5 - 102.604)**2/x5**2))/(x4 + x5))/log(x4)**4)',7.194505489458686e-11,355198976,409,5,58,12,2048,paper,6,0,369133708,0.0
600.0019867809024,'sqrt(x10 + x2**2 + x5**2) + (11*x10 + 4*x7**2 + exp(x11**(1/4)) - 187037.0 + (x10 - x6**2 - 330.173095703125)**2/x3**2)/(-x5**2 + (x7**2 + (x11*(-x4 - 181.198669433594)/(sqrt(x10 - x6**2 - 507.369140625)*(-cos(sqrt(cos(exp(-181.198669433594/x2))**(cos(x10) - 182.198638916016))) + cos(cos(x2)) - 513.785400390625/(sqrt(x5) + x6))) + sqrt(x4**4 + exp(x4**2 - x5**2)))**2)/(x4**2 - x5**2))',247.07046825155086,301527040,409,6,58,12,2048,paper,6,0,2995172877,201.97610473632812
600.0015487701166,'2*x1 + x2 + x3 + log(((x1 + sin((x1 + 0.85255)**2))**2/(sin(x2/(x2/((x2 + x3/((x1 + log(x3 + 4.15371))**2 - 0.112469))**2 - 25.4276) + sin(x2/log(x2)))**4) + 2.01178/(x7**2 + (x7 + sin(x10))**2))**4 + sin(exp(x1)))**2) + log((-sqrt(x0) + x7)**2 - 0.00448171) + cos(x11) - 223.216552734375/((log(x3) + sin(x2/(log(x0**2 + x2) + sin(x2/x3))) + sin(x3/(log(x2 + x7**(-0.00207767)) + sin(x2/x3))))**2 - sin(97.0844*x8) + cos(x3))',378.38020889887275,312842240,409,7,58,12,2048,paper,6,0,865305066,88.67195892333984
600.0030359160155,'sqrt(x5*(x6 + 401.567) + x6**2/(-cos(x11)**2 - cos(x11) + 4.19693) + 8*x7 + (x2**2*sin(exp(x3/(x0 - x1*sin(x2) + x2*sin(exp(0.00169891*x3))**4 + x3 - x5 + x7 - exp(exp(exp(2*x7 - 422.771606445313/x0))))))**2*sin(exp(sin(90.144775390625/x6)))**2 + x3**2)*sin(exp(0.00171948*x3))**2 - 422.772*log(x10) - 1146.88 + 1109.38623046875/cos(x1) + x6**2/sqrt(x5) + 611.338134765625/(x0*cos(sqrt(x3))))',29.91511227376071,349841408,409,8,58,12,2048,paper,6,0,404488628,29.90958595275879
600.0017858778592,'x2 + x3 - 0.00951305*x7 + sqrt(x5 - 23.6116) + exp(cos(x11)) + exp(cos(217.995*x7)) + log(x1/x9 + x7) + log(log(x5 + exp(log(log(log((exp(log(log(x5 + log(sin(x10)**2) - 23.6116))**4) + 5.07373)**(24.6483421650296*sqrt(1/x10))))**4)**2)))**4 + sin(x3) + 3*sin(x1*x9) + sin(sqrt(x5) + 583.446) + sin(exp(x0)) + 5*cos(x1) + 2*cos(x3) + cos(x8) + cos(381.19*x8) + cos(x9) - 9.98505',31.842670564048213,341215232,409,9,58,12,2048,paper,6,0,2261209995,27.27901840209961
600.0004368950613,'x2 + x3 + exp(exp(x7**0.0117644 - sin(sin(exp(-sin(sin(cos(x7**(x1/x4)))) + cos(sin(exp(x1**2)/x2))))))) + exp(exp(cos(sqrt(x0) + x2))) + exp(exp(cos(x2 + log(x2 + (sqrt(Abs(x1))*sqrt(Abs(sin(x11))))**(sqrt(x4)))))) + log(log(485.861*(x5 - sqrt(x6 + 487.088) - 210.366)**4/(-x7 - sqrt(1/x4)*exp(x1**2/2) + exp(sqrt(exp(sqrt(x0)))/log(x1)**2) + 125.99)**4)**2*log(x8 - 11983.5)**4/(x5 - sqrt(x3 + 525.598) - (x8 - 275.407)**(1/4) - 194.23)**4)',319.9653129753358,340656128,409,10,58,12,2048,paper,6,0,4190266092,10.219536781311035
600.0013848331291,'x2 + x3 + (cos(x3**2)**2 + cos(x1 + cos(exp(exp(cos(x3))))))/(sqrt(log(x1))*sin(sin(sin(sin(sin(sin(sin(sin(sin(sin(sin(sin(sqrt(x4)))))))))))))) + exp(exp(cos(exp(exp(cos(x1 + cos(cos(59013.5*x7)))))))) + exp(exp(cos(exp(exp(cos(x1 + exp(exp(cos(exp(exp(cos(x3)))))) + exp(cos(x3)) - 248.709)))))) + exp(exp(cos(exp(exp(cos(2*x2 + x3 + exp(exp(cos(exp(exp(cos(exp(exp(cos(exp(exp(cos(x3)))))))))))) + exp(cos(x3)))))))) + cos(x1) + cos(0.043456*sqrt(x8)) + cos(x8) + cos(x1 - cos(x11)) - 2.0',34.57156541071687,364802048,409,11,58,12,2048,paper,6,0,3160032368,18.931198120117188
600.0008137049153,'x4 + x5 + x6 - 0.20009*sqrt((-x5 + 268.020141601563/(sqrt(x10) + x4**sin(x6) - x5 + sqrt(x6) - x6 - exp(x5/(-x10**(1/4) + sqrt(x10) + 1.81142731050592*x10**2*sqrt((sqrt(x10) + x6 - sqrt(sqrt(x5/sqrt(x10))/x10**2))**2/((-x4 + sqrt(x6))**2*(268.02**x1 + x10**2 - x5)**2)) - x5 + sqrt(x6) - x6 - exp(-x10 + x4))) - 1))**2/(x10**2*x6**2))',2.952517900292589e-11,352462848,409,12,58,12,2048,paper,6,0,3269070126,3.2114571418828675e-11
600.0027553969994,'(x2 - log(sin(sin(sin(cos(exp(sin(x5 + 0.511768))))))**2))*exp(sin(exp((x5 + cos(x7))*exp(-sin(sin(-x2 + sin(exp(sin(x2 + 81.366))) + 55.3531))/2)/(8*(-x1**2 + x2 - exp(exp(sin(x4 + x7)))))) + exp(sin((x3/x2)**(exp(sin(exp(sin(sin(6.44879*sin(x3 - 243.881) + cos(x0)**2)))))/16) + exp(sin((x3/x2)**(exp(sin(exp(-sin(sin(-x2 + sin(sin(sin(exp(exp(sin(cos(x2))))))) + 520.379)))))/16) - 0.442212)) + 57011.5)) - 115.2))',160.00062919424113,362543104,409,13,58,12,2048,paper,6,0,3081541439,70.07344055175781
600.0023303448688,'x4 + x5 + x6 + sin((x6 + sin(2*x2**2 + 2*x5 - 351.033) + sin(sqrt(x6 + 4.66976e-28) + sin(x4*(x5 + cos(sin(2*x5)))) - 323.181))*exp(x4 - (x2 + x6 - 300.428)**2 + cos(x5) + cos(sin((x2 + x6 + sqrt(x6 + 4.66976e-28) - 323.181)**2*cos(x5)**2))))',0.06209124543144049,361756672,409,14,58,12,2048,paper,6,0,3376120482,4.415753526720856e-11
600.0029131560586,'x4 + x5 + x6 + cos(5*x4 + 5*x6 + 2*x6/(x5 + x6))/(x6*(x4*cos(x4 + x5)/cos(x4 + cos(x4 + x5)) + x5 + x6 + (-x4 + 2*x5 + 3*x6 + sqrt(x8) + 1.22716)**((x5 + x6*cos(x4 + x5)/cos(x4 + x6) + 3*x6 + cos(x4 + 2*x5 + cos(x6 + 201.492)))/(x4 + x5 + x6 + x7 + log(x6 + 504.952)))))',4.103026924605443e-11,367523840,409,15,58,12,2048,paper,6,0,2204291346,4.415753526720856e-11
600.0001782600302,'x1*sqrt(x4)*sin(2*x0 - 243.209)*cos(x3) + x1*sqrt(x5)*sin(2*x0 - 243.209)*cos(x3)*cos((-0.00408017*x1 + x7)*(x0*log(x1) - exp(sqrt(x4)))) + x1*sin(x11 + x5) + x1*cos(x3) + 2*x1 + x2 + x3 + sqrt(x5)*sin(cos(exp(2*exp(cos(x7)/2)))) + sqrt(x1*x7)*cos(x0)**8 + 2*sin(x3) + sin(sqrt(x5)) + 5.69216*sin(x1*log(x1)) + 6.42113*sin(x1 + x11) + 3*cos(x3)',85.66960083968814,358174720,409,16,58,12,2048,paper,6,0,550243861,63.380916595458984
600.0035004278179,'x2 + x5*cos(log(log(x5**4/(x2 - 247.744934082031*x5**2*x8**2/(x3**2*(x10 - 560.919)**2*log(x5**4/(2926028.2557497*x2/x5**2 + 212.689208984375)**2)))**2)))**4 + log(1.96732837858571e-127*x3**32*x5**2*x6**4*(0.796648*x10 + 0.000221435*x3**4*cos(1112269.96427953/x4**4)**4 + 0.000221435*x3**4*cos(7.52643e-5*x8/(x6*cos(x5**2)**2))**4 - 596.433)**32*cos(6.59505260104101e-6*x2**2)**32*cos(x4)**2/(x10**16*x2**16)) + 112.875',30.961412818347064,273623040,409,17,58,12,2048,paper,6,0,3606691181,30.79566192626953
600.0000300218817,'x4 + x6 + Abs(x5) - sin(x5)**2/(x4/(x4**(-471.75) - x7 + 1) + x5 + 2*x6 - x7 + 302.563)**2 + sin(x5)**2/(1/(x4**471.75*(2*x4 + x7 + (2*x4 + x5 + (x7 + sin(x5)/(2*x4 + 302.563))**2/(x6 + sin(x5) - cos(x7) + 302.563)**2)**(-471.75) + 302.563)) + x5 + x7 + 302.563)**2',2.1751140807900834e-11,357029888,409,18,58,12,2048,paper,6,0,1934392872,2.4085927696759768e-11
600.003240338061,'x4 + x5 + x6 - sin(exp(-cos(x7**2/(sqrt(x10)*cos((x6 + cos(cos(x10**2/(sqrt(x10**(3/2)/cos(sqrt(x10))**2)*cos(1.63352*x6 + 0.229416)**2))))/x4**(1/4))**2)))*log(cos(0.140442/(-x4 + (x6 + 0.374756)/(x10**(1/4)*(sqrt(1/(sqrt(x10)*cos(sqrt(x10))**2))*(294.123 + 294.123046875/cos(0.691932*x4))*cos(0.058309*x6 + 20.5495)**2*Abs(x6) + sqrt(x10)/(x1*(log(0.140442/x4) + 294.123))))))))',4.7679979324531917e-11,338997248,409,19,58,12,2048,paper,6,0,2148995112,2.810024955779422e-11
600.0006590220146,'x1 + 0.708551*x2 + 0.708551*x3 + 0.708551*x5 + (x5/x2)**5.44098 + 3*sin(x0) + 3*cos(x1) + 3*cos(x1**2) + cos(sqrt(x3)) + 3*cos(x7) + 2*cos(x9) + cos(x5**2/x3**2) + cos(sqrt(x4)*cos(x11)) + cos(228.1494140625 - x9/x0) + 2*cos(x10 - exp(x1)) + cos(sqrt(x2) + 114.620300292969) + 4.13312 + (5*x6 + x7 + 0.0112936*x9*cos(x5))/x5',37.42692688099931,358973440,409,20,58,12,2048,paper,6,0,1592565386,37.43581008911133
600.0007187100127,'x5 + (x4 + x6)*exp(exp(sin(cos(x6))/(x2 + x5))/sqrt(exp(x4/sin(x5)**2)))*cos(2.10285e-5*x2*exp(sin((x4*x5 + 441.146)**2)/2)/(sqrt(x5)*(x7 - 403.12)))',3.670332272283593e-12,365031424,409,21,58,12,2048,paper,6,0,784044718,2.4085927696759768e-11
600.0011165919714,'x2**(1/4)*sin(sin(x1)) + x2 + sqrt(x3) + x3 + sqrt(x5)*cos(x9/cos(x2)) + sqrt(x5)*cos(x1 + sin(exp(sqrt(x5)))) + sqrt(x5)*cos(log(x5)) + 3*x7**(1/4) + sqrt(x7)*cos(sqrt(x7)) + sin(x10) + sin(x3**2) + sin(sqrt(x5)) - sin(0.00213087*x5)/cos(x9) + sin(x6) - sin(0.00164135*x8) + sin(0.00413449*x9) + sin(x11 + x3) + cos(0.00501889*x11) + cos(x3) + cos(x8) + cos(355.207*x8) - 7.69012*cos(x9/cos(x2)) - 4.05816',108.23543487442915,366571520,409,22,58,12,2048,paper,6,0,3980425317,13.360301971435547
600.0032499600202,'x1 + x2 + x3 + ((-sin(x7) + cos(x2 - 233.392))**2 - sin(x1**2) - sin(x2) - sin((-x3 - 43.8191*sin(log((-sin(cos(x2 - 1.06616*x8 + 1.16717529296875) + 10498.6) - 0.944349)**2)))**2) - sin((-x0 + x1 + ((-sin(x7) - 0.845677)**2 - sin((1.16717529296875 - sin(sin(x7)))**2))**2 + 2*cos(x2 + x3))**4))**2 + cos(x1**2) + 2*cos(x3/x0) + 2*cos(x3 + sin(x3)) + cos(x2 + x3 + 144.345) + cos(x3 + sin(x11 - x8) + x3/x1)',27.054778010768548,335519744,409,23,58,12,2048,paper,6,0,3356806661,7.327146530151367
600.0027871099301,'-x1*exp(-x7) + x2 + x3 + exp(exp(exp(0.00325971*x5*sin(x9)**2))/2) + exp(exp(exp(-0.00308717*x5*sin(exp(exp(sin(x11 - sin(x4) + 191.129))/2) - cos(x6))))/2) + exp(exp(sin(2*x2 - cos(exp(sin(x6**2 - x9)))))) + exp(exp(sin(sin(2*x2 - exp(sin(2*x2 - cos(log(x5/x11)))))))) - exp(exp(-sin(sin(cos(x1) - 258.323364257813)))) - exp(sin(x7**2 + sin(x2))) + sin(x0) - sin(x2) + sin(x3) + sin(x5) - sin(x7**2 + sin(x2)) + sin(sin(x5)) + cos(x2**2) + cos(x3)',6.056644353228069,360441856,409,24,58,12,2048,paper,6,0,2765379632,6.026309490203857
600.0024062299635,'x3 + sin(x7**(1/4)) + sin(0.0888704*x7) + sin(x7/sqrt(x5)) + sin(x7/log(exp(x1) + x9/sqrt(x4))) + Abs(x2) + x5**2*sqrt(x3 - x4 + x6*log(x3) + 3*x6 - x7 + 0.00789794*x9 + 4*exp(x1) + exp(x4**(cos(x7)/2)) - 427.05 + x9/x5)/(x2**2*((5.55862e+10*(x7**(-23.8892))**(1/4) + 1165.71)**(1/8) + sin(x2*sqrt(sqrt(sin(x5) + 24.1424) - 0.742111)) + sin(sqrt(x2 - 9.78189))))',5.640723429058033,365236224,409,25,58,12,2048,paper,6,0,1728356533,5.577667236328125
600.0020896398928,'x4*x4**(-x1 - log(x1 + x5 + log(x8)))*(x1 + x4 + x8*sin(x8) + (x4**sin(x8) + log(x9))/log(sin(x9 + (x1 + 2*x4 + log(x4 - 236.923431396484/x4))**2)**2)) + x4 + x5 + x6 + x4*(x1 + x4*(2*x4 + (x4**0.298435 + log(x9))/log(sin((x1 + 2*x4 + log(x4 - 236.923431396484/x4))**2 - 343.546)**2) + log(x5))/x4**sin(sin(sqrt(x8))) + x5 + x8 + sin(x4))/246.978**log(x4 + x6)',1.1803483895317733e-10,364693504,409,26,58,12,2048,paper,6,0,3533734220,2.4085927696759768e-11
600.0019563329406,'x1 + x2 + x3 + exp(2*sin(2*x2 + 608.974) + sin(x5 - 145.082) + sin(exp(cos(log(x6))) + cos(x1 + cos(x3)) + 527.105) + cos(x11) + cos(sin(x2) + sin(x5 - 151.777) + sin(x5 + 527.105) + sin(x11 + x2 + x3 + 4.50241e+6) + cos(x1) + cos(cos(sin(x5 - 32.3215) + cos(sin(x7)))))) + cos(x1) + cos(x3) + 2*cos(sqrt(x7 + 13.7729)) + 2*cos(sqrt(x7 + 17.9252)) + cos(x1 - sqrt(x7) + log(x3))',237.27639103931475,366858240,409,27,58,12,2048,paper,6,0,2342600226,7.271027088165283
600.0015316070057,'sqrt(23088.0**sin(x1) - 614.632*x1*sin(x8) - 1050.72*x1 + x10*cos(log(x6) - cos(cos(log(x4))**2) + 562.993041992188) + 2*x5**2 + 3.9219*x6**2 - 395.872*sqrt(x7) + 3*x7 + 3*sqrt(x9) + ((log(sqrt(x11))**x1)**sin(x5))**sin(x5) + exp(sqrt(x4)) + 2*log(x6)**log(x5) - 12554.6)',70.33688304770592,359276544,409,28,58,12,2048,paper,6,0,1904449481,70.34136962890625
600.0030906049069,'x2 + x3 + sqrt(x5) + exp(sin(x1)/2)/sin(sin(x0)) + 5*sin(197.004699707031/(-x7 - 25.6033325195313)) + sin(197.004699707031/(-x7 - 0.69276)) + sin(550.326904296875/sin(cos(x4))) + 3.78611*cos(x1) - 1.68939 + sin(sin(cos(x3/x5)))/sin(sin(sin(sin(sin(sin(sin(sin(sin(sin(sin(cos(1.21298*x2/(x3*sin(cos(20.2539*sqrt(x5)/(x3*sin(x5))))))))))))))))) + cos(x11)*cos(log(x1))/(sin(x0)*cos(x3))',10.480406327413633,372641792,409,29,58,12,2048,paper,6,0,1934709049,8.008630752563477
600.0088238359895,'x2 + x3 + sqrt(x4) - x4/(x3 - x3/cos(x3 - sin(sin(sin(x10))))) + 2*cos(x1) + cos(x8)',83.51432238370522,144613376,409,0,58,12,4096,paper,4,0,3324115916,78.00672149658203
600.0069768491667,'x4 + x5 + x6 + log(log(x11**4))*sin(x5)**2*sin(cos(x10))/(sqrt(x11*sqrt(x4))*sqrt(x11*x5))',9.025915475567924e-12,144510976,409,1,58,12,4096,paper,4,0,2811363264,6.021481924189942e-11
600.0000666810665,'x2 + x3 + x7*cos((x7 + (x10 - 476.093)**6.30885)*exp(-x7) + exp(x1**2) + exp(cos(x1)) + 12.8853759765625)**2',9287.72426087826,144891904,409,2,58,12,4096,paper,4,0,1884968544,0.01095890998840332
600.0028685270809,'x4*cos(x4**2*cos(x3)**2/x10**2)*cos(x5**2*cos(x3)**2/x10**2) + x5 + x6',2.4306292010376085e-19,142065664,409,3,58,12,4096,paper,4,0,1859786275,6.824346643341528e-11
600.0199508671649,'x4**3/((x4 + sqrt(x4 + 4.07938e+10)/x1**x4)*Abs(x4)) + x5 + x6',2.4740481109278104e-12,143626240,409,4,58,12,4096,paper,4,0,3687649985,6.824346643341528e-11
600.0011620989535,'x1 + x2 + x3 + exp(cos(x3)) + sin(x4)/cos(x2*x3) + 2*cos(x1) + Abs(sin(x8))/Abs(sin(x10))',233.14615138282176,144195584,409,5,58,12,4096,paper,4,0,369133708,36.615901947021484
600.0166521889623,'x2 + x3 + 3*exp(2*x5/x2) + log(exp(8*cos(x1))/x1**2)',67.49237441698197,140623872,409,6,58,12,4096,paper,4,0,2995172877,67.49235534667969
600.0195068100002,'x2 + x3 + sqrt(x5) - 0.00972274*x7 + exp(cos(x1))/cos(sqrt(x11 - log(sqrt(x11)))) + 3*cos(x1)',81.3964430162601,144039936,409,7,58,12,4096,paper,4,0,865305066,81.37605285644531
600.0098858519923,'x2 + 0.0383165*x3**2*exp(sqrt(x5)*sin(x4))/(x4**2*x5**2*sin(sin(cos(x1)))**2) + x3 + exp(exp(cos(x1)))',33.94058532662898,142995456,409,8,58,12,4096,paper,4,0,404488628,33.940834045410156
600.0001878510229,'x4 + x5 + x6 - 0.00166099*x7*sin(x8)**2/x8 + log(cos(0.00301711*x11/(x4 + x8))) + 1.92586e-6',2.9751088048268576e-11,145174528,409,9,58,12,4096,paper,4,0,2261209995,3.612889154513965e-11
600.0188216599636,'x2 + x3 + 0.00223753*x5**3*(-x3 + 2*x6)*exp(-sqrt(x3)*exp(-x7))/(sqrt(x0)*x2**2)',35.082428100131764,143798272,409,10,58,12,4096,paper,4,0,4190266092,35.08235549926758
600.0048243268393,'x2 + x3 - 0.00384522*x4*exp(sin(x1))/sin(x10) + (x7 + log(x8/x10)**4)**cos(50.6397**x1)',1764.3173928708275,142315520,409,11,58,12,4096,paper,4,0,3160032368,5.6385698318481445
600.0182434751187,'x1 + x2 + x3 + sin(exp(x0)) + 3*cos(x1) + cos(x1**2) + 0.000705978*x5**4/x2**2',55.44438683418116,144388096,409,12,58,12,4096,paper,4,0,3269070126,55.444374084472656
600.0000430478249,'x2 + x3 + x5**2*sqrt(1/(x2**2*sqrt(x9)))*log((x6**(sin(x2)**2))**(cos(sqrt(x7 + 313.926))**2)) - cos(sqrt(x7))',32.38628560602538,143814656,409,13,58,12,4096,paper,4,0,3081541439,32.38673400878906
600.0044527740683,'x9**(0.00364605*sin(exp(sin(x0))))*(x2 + x3 + 4*cos(x1) + cos(exp(x1))/cos(x9))',93.75038761664986,145006592,409,14,58,12,4096,paper,4,0,3376120482,69.55680084228516
600.0017041759565,'x2 + x3 + 0.00236456*x5*(x1*x5 + x2*sin(sqrt(x6)) - x2)/0.810863**log(0.35506*x7/x9)',49.41683864650692,145440768,409,15,58,12,4096,paper,4,0,2204291346,49.41659164428711
600.0168796309736,'x2 + x3 + x4**sin(sqrt(x10))/(-x2 + x6 + sin(sqrt(x11))) + exp(sqrt(x1)) + 203.708679199219/(-2*x1 + x5 - 228.628)',39.88553587429342,144867328,409,16,58,12,4096,paper,4,0,550243861,39.8863410949707
600.0072841641959,'x2 + x3 + (x11**sin(x2)*x8**sin(x9))**(cos(x11)/4) + exp(exp(exp(cos(x1 + x2)))*cos(x11)/4)',68.8939306784083,144752640,409,17,58,12,4096,paper,4,0,3606691181,68.9238510131836
600.0028152498417,'x4 + x5 + x6 - 0.0738208*cos(x9)**2*cos(cos(x6 + x7 + cos(cos(x9)))/x6)**2 + 0.0738208*cos(x9)**2',5.733793793164398e-12,137854976,409,18,58,12,4096,paper,4,0,1934392872,6.824346643341528e-11
600.0100617790595,'x4 + x5 + x6 + sqrt(1/((2*x4 + x5)**2*(x1**2/log(log(x4**(1/4))) + x6)**4))*cos(cos(x4))**8',3.046421782703623e-12,144347136,409,19,58,12,4096,paper,4,0,2148995112,8.028643028179516e-11
600.0015233659651,'x1 + x2 + x3 + exp(344.382995605469/(x1*(x5 - 193.207))) + exp(0.0210039972206625*x5*cos(x2*x5**2)) + 2*cos(x1)',584.4021411916882,146829312,409,20,58,12,4096,paper,4,0,1592565386,35.24772644042969
600.0125375739299,'x2 + x3 + exp(exp(sin(sqrt(x10) - x3)) - cos(x3**2) - cos(4.5155*x7) - cos(x7*log(x6))) + exp(cos(x3))',37.326423681117134,143872000,409,21,58,12,4096,paper,4,0,784044718,37.314857482910156
600.0072182880249,'x4 + x6 + ((x0**2*sin(sqrt(x10 - 379.536))**2*cos(19.6164*x3**2)/x5**2 + x5**2)**2)**(1/4)',1.7589630792635034e-11,144752640,409,22,58,12,4096,paper,4,0,3980425317,6.021481924189942e-11
600.0028092020657,'x4 + x5 + x6 + sin(x9)/((x5 + 159.666)*(-x2 + exp((-x0 + x1)**2) + log(x7)**2 + 736.804))',1.4039684449408197e-11,144646144,409,23,58,12,4096,paper,4,0,3356806661,4.8171855393519536e-11
600.0088944898453,'x2 + x3 + 2*sqrt(x5) + exp(sqrt(x1)) + exp(cos(x1**2) + x5**2/x2**2) + sin(x0) - 22.4719',73.46938643076695,145502208,409,24,58,12,4096,paper,4,0,2765379632,73.46937561035156
600.0102014441509,'x4 + x5 + x6 + x5**exp(sin(x5))/x4**(x5**exp(sin(x10 - 247774.0)))',1.1028170432684646e-14,143560704,409,25,58,12,4096,paper,4,0,1728356533,8.430074693865919e-11
600.0065431911498,'x4 + x5 + x6 - 5.19339*(x5 + x6 + x7**2)**2/x1**x4',1.8087914667747986e-11,120696832,409,26,58,12,4096,paper,4,0,3533734220,8.430074693865919e-11
600.0040197549388,'x2 + x3 + 0.0200001*(exp(x1) - 15.4970092773438/sin(x10))/cos(sin(360.45*x8)) + 9.7939107778343*x5**4/(x2**3*x3)',272.61644487496125,141635584,409,27,58,12,4096,paper,4,0,2342600226,35.316123962402344
600.005647509126,'x2 + x3 - (-0.013041*x4**2 + 0.013041*x7 - 153.740631103516 + 818.37/log(x5**2))/sqrt(2*x2 - x5)',90.85566972495447,144834560,409,28,58,12,4096,paper,4,0,1904449481,90.85572814941406
600.0078133919742,'x3*x7/(x6*(-304.809*x10 - 304.809*x11 - 304.809*x8 - 120389.701042786/log(sin(x5/x1)**2))) + x4 + x5 + x6',1.3689542761400335e-11,144855040,409,29,58,12,4096,paper,4,0,1934709049,5.2186178989277465e-11
600.0028235388454,'x1 + x2 + x3 + (sin(x10 + x2) + sin(cos(x2 + log(x10 - 609.958)))/0.557054**((cos(x0) + sin(sin(x10 + x2))/0.552563**(sin(cos(x1 + x2 + cos(x3) + cos(log(x1**4)**x1) + cos(log((x3 - 519.489)**4)**x1) + cos(log(cos(x3)**2)))**2)**2))**2))**2 + sin(x10) + sin(0.0565676*x7) + cos(x1) + cos(x8) + cos(12.8383*x9) + cos(x9/sqrt(x6)) + 2*cos(sqrt(2*x7 + 8.1803)) + cos(x3 + cos((x3 - 519.489)**2) + 564.368)',27.105217467238678,104026112,409,0,58,12,4096,paper,6,0,3324115916,8.17031192779541
600.0020703279879,'x4 + x5 + x6 - 0.00455307*sqrt((x2*(x4**2*sin(x6)**2 + x5)*sin(x6)**2 + x5 + (13081.7**cos(x1 - 466.486) - 13081.7**cos(x11 - x5)/(cos(x6 + sin(x6)) + 0.986318))**2 + 48556.7)/((-466.486*x5 + (-13081.7**cos(x11 - x5)/(cos(sin(x6)) + 0.865119) + (cos((x2 + x6)**cos(x11 - x5))**2)**cos(x11 - 484.778076171875))**2 - 466.486*sin(x6) + cos(4.25514e-6*x6**2) + 48238.3)**2 - 219.632)**1.6944)',3.009218236069003e-11,104820736,409,1,58,12,4096,paper,6,0,2811363264,3.612889154513965e-11
600.0023483389523,'x2 + x3 + exp(exp(cos(sqrt(x2)*(exp(cos(x2 + x3)) - 0.702552)))) + exp(exp(cos(559.761*cos(log(-0.00707241*x2 + 0.992928*x3 + 1.4283)) - 98953.5907617062))) + sin(x3) + 2*sin(x6) + cos(300.523*x11) + 3*cos(x3) + 0.920086/sin(sin(sin(x0**2))) + cos(2*x2 + 2.2689*exp(-0.00405684*x0*x4 - 0.00405684*x6) + log(-2*x1 + Abs(x2 - 260.706420898438) + 5.55321) + 10.5930786132813)/sin(2*x2 + x3 + exp(5.30804/(x2 + x3)) + 0.00898831)',29.922375849402506,145698816,409,2,58,12,4096,paper,6,0,1884968544,26.944520950317383
600.0018890600186,'x4 + x5 + x6 + 3.12275e-6*sin(x5 + x6) - 3.12275e-6*(-(x4 + x6 - 19.0574)*sin(x5*x6) + 1.07904*sin(x5) - 1.07904*(-3*x6 - (0.773375*exp(2*284.341**(exp(x0)/(x4 + 599.316))) - (-2*x6 - sin(x6) + 565.889038085938)*cos(x5)**4/(x6**2*sin(x5)**2))/sin(2*x5 - (-sin(x6) + (x4 + x6 - 19.0574)**4/x10)/sqrt(x10))**2 + sin(x6/x5) - 32.735)/x5)/x5 + 599.316/x11**2',4.3027477416696767e-11,104648704,409,3,58,12,4096,paper,6,0,1859786275,1.2042963848379884e-11
600.0077822410967,'x4 + x5*cos(4.25118e+23*exp(-0.00374636*x11**x7)) + x6 - exp(x4 - 5*x5 + x6) + 1.89969e+28673*exp(-1038.22*x4 - 259.554*x5**2 - 259.554*x5*((x5 + x6)**2*cos(x4)**2 - 48.7513) - 1038.22*x5 - 778.663*x6 - 259.554*sin(x5))',nan,142602240,409,4,58,12,4096,paper,6,0,3687649985,5.620049911558844e-11
600.0006056979764,'x2 + x3 + (x2**cos(x7**(1/4) + 280.79)*exp(6.23096**cos(sqrt(x7) + sqrt(log(x4)))))**(1/4) + (((x5**cos(cos(sqrt(x2 + 261.257) + cos(x3))))**cos(cos(sqrt(x8))) + cos(x11) + cos(x5) + cos((x10**cos(sqrt(x11)) + 110.563)**(cos(x7)/2) - 368.042) - 1.99998)**cos(cos(x2)) + cos(cos(sqrt(x7) + 261.257) - 147.556) - 0.999999)**cos(x1 + x2) + cos(sqrt(x3)) + cos(x7) + cos(x9/x5) + cos(363.263**cos(x2**cos(x8) - 147.76) - 147.556) + cos(x1 + sin(x0)) + cos(sqrt(x7) + 568.379)',1.740889725686786,138047488,409,5,58,12,4096,paper,6,0,369133708,1.3220763206481934
600.0117355328985,'x2 + x3 + log(log(x7**(1/4)*exp(4*exp(2*cos(x2**2)))*exp(32*cos(x1)) + log(log(log(x6*x8 + x9) + log(log(log(log(log(log(x5))))**4)**4)**2)))) + log(log((-log(log((log((x2 - log(449.0**(sqrt(x4))))**2) - log(log(x6 + exp(x1))))**2)) + log(log((x5 - log((x7 - 18.182)**2) + log(log(log(log((-log(x2) + log(log((x7*log(log(log(log(x5)))**4)**2 - log(x0**4 + exp(4*exp(2*cos(x2 - 40.4022)))))**2)))**2)))**8))**2)))**2)**4)**2',26.913736021180792,103784448,409,6,58,12,4096,paper,6,0,2995172877,26.916276931762695
600.013783745002,'x2 + x3 + exp(sin(2*x2) + sin(2*x2 - exp(exp(-exp(-sin(609.753*x6)))*exp(cos(x9)))) + sin(x6 - exp(sin(sin(x6)))) + exp(-sin(-x0 + x2 + x3 + exp(sin(x6 - exp(sin(x6))) + sin(sin(x2)) + exp(-sin(-x0 + x2 + x3 + exp(exp(sin(x6 - exp(x0))) + sin(x2)))))))) + exp(exp(-sin(x0 + 2*x2 - exp(sin(exp(exp(sin(x6 - exp(sin(sin(x6))/(-((x0 + x7)**113.272)**cos(x3 - 0.402075) + sin(2*x2))))) + sin(x2))))))) + sin(x10) + 2*cos(x1)',13.285885140275104,141213696,409,7,58,12,4096,paper,6,0,865305066,13.375271797180176
600.0033599340823,'x4 + x5 + x6 - sin((0.909778**(x5 + x6 + cos(sqrt(x4 + 24.1907)) - 253.021) + 0.909778**(x5 + x6 + cos(253.021*sqrt(cos(exp(sin(x5 + x6 + cos(sqrt(x4)))))**2)) - 253.021) + 2*x4 + 3*x5)**(1.56202e-5*x6/cos(exp(sin(cos(x0*sin(x2*x5**2)))))**2 - exp(cos(cos(exp(cos(cos((x6 + log(-614.179*log(1200.19/(0.909778**(x0**4*(x0**2 + sin(x8))**2*cos(exp(sin(cos(x0*sin(x8)))))**2 - 253.021) + x11 - 614.179*log(x6)))))/sin(x0)))))))))',3.056727962002849e-09,140267520,409,8,58,12,4096,paper,6,0,404488628,1.2042963848379884e-11
600.0017961279955,'x2 + x3 + sqrt(((x0 - x1 + x2 - x5 + log((x2**2/((x7 + cos(x9))*Abs(x2)**(2*sin(335847.0/(x2*(-x1**2 + x5 + 189.852))))) - x3 + 364191.0*sin(x10 + cos(x7))**16)**4) - 187.876647949219 + (x1*x7 + (-x0 + x1**2 + x1 + x2 - x5 + log((303.79**(2*log(x1)) + 334865.0*x0*x7 + 728382.0*x2 + 364191.0*x5 - 4.1446e+8)**4) - 187.877)**2)/x4)**2 + 20.0724)/log(Abs(x2 + x3 - 435.887))**2) - exp(cos(0.16012*x7 - 345.567))',13.811718596062185,103612416,409,9,58,12,4096,paper,6,0,2261209995,13.297839164733887
600.0001186609734,'x4 + x5*cos((0.269504 + 11.3896*(-5.33203*exp(1.41631/x10) - 0.126168)**2/(x10 + 183.212))**2/(x10 + 183.212))*cos(183.212*sin(0.00526066*log(cos(13.5356*sin(exp(2.00002*cos(x6*x8*cos((5.71311e+11*x6 + 13.5356*cos(x9*exp(-2*exp(1.20533/x10))/x6))**2*exp(-log(x6)**2)*sin(x5/x9**2)**2)))))**4))**2/(x10 + x8)) + x6',1.4883511835153052e-17,104996864,409,10,58,12,4096,paper,6,0,4190266092,4.8171855393519536e-11
600.0149460639805,'x3 + sqrt(-x0**4 + x1*x3*exp(2*sin(x5 + exp(2*sin(x1*x5))*sin(0.00286411*x5))) + x1*(x1*x5 + 2*x5*exp(sin(x8 - 1819.68))) - 4*sqrt(x10) + x2**2 - 5*x2 + x5**(exp(-sin(x1))*sqrt(sin(0.00264561*x5))) + sqrt(x8) + (x5*exp(sin(x3**2))*exp(2*sin(x11 + 2*x5 + sin(x9)**2)) + 3*x5 + x7)*exp(2*sin(x1)) - 852.073)',7.731039273470589,104087552,409,11,58,12,4096,paper,6,0,3160032368,7.7233734130859375
600.0050725941546,'(x5 + x6)*exp(sqrt(exp(log(x4)/log((-0.0189108*x1**4 - 0.0378217*x2 + x4 + exp((2*x5 + sqrt((x5 + 2*exp(x5/x4))*sqrt(-2*x2 + 163.174*exp(sqrt(exp(x5/x4))) + 163.174*cos(x7)) + 347.504))/x4) + 15.018)*exp(x6/(-x5 + (exp(sqrt(exp(log(x2)/log(x6/x4)))/log(x1*(exp(0.112336*sqrt(exp(x1/log(0.0191661*x3)))) + 61.2258) - 107.894)) + 61.2258)*exp(x6/x4) - 16.9882)))))/log(-x2 - x6 + (x5 + exp(x6/x4))*exp(x6/x4)))',0.9601113240682696,144064512,409,12,58,12,4096,paper,6,0,3269070126,0.6024424433708191
600.0159057911951,'x4 + x5 + x6 - (x0/x3)**2.32295/(x4 + x5 - (x0/x3)**x7/(x0/x3)**exp(2.58883/x0) - exp((exp(((x2 + x3*x4 - 479.749)/x5)**(1/4)) + cos((x5 - 2.70578187027739/x0)/cos(cos(sin(x5)))))/x0)) - exp((-533.757 + 11.252197265625/(x0 - x5 - sqrt((x2 + 76.4008)/x5) + cos(x0) + (x4*(1.16462*x5 - 1.16462*exp(cos(1))/x0) + 76.4008)/x5))/x4**sin(x2 - 533.757))',2.01063140450228e-11,142069760,409,13,58,12,4096,paper,6,0,3081541439,3.2114571418828675e-11
600.0073237600736,'x2 + x3 + log((x7**(1/32)*exp(15*x1/16) + ((exp(sin(x1)) + Abs(x7**3 - exp(sin(x11)))**(2*cos(sqrt(x9)/x5)))**2)**cos(129.634490966797/x5))**2) + log(((((sqrt(x7) + Abs(x1 - 61.5729*x7**2)**(2*cos(sqrt(x9)/x5)))**2)**cos(x3/x5) + log(((((x7 + Abs(x4*x7**2 + 0.114132)**(2*cos((sqrt(x3) - x4*x7**2 + sin(log(x0)))/x1)))**2)**cos(x3/x5) + cos(118.447631835938/x5))**2)**cos(x3)) - 0.990374)**2)**cos(x3))',18.60949180993546,104030208,409,14,58,12,4096,paper,6,0,3376120482,17.867860794067383
600.0109980169218,'x2 + x3 + x3**(x5/(x2 + x7**cos(sqrt(x10)) + sqrt(((x5 + exp(exp(exp(cos(x1 + log(sqrt(x10)) + cos(x3 + log(x2)))))) + cos(x11))**log(x2))**((x2 + log(exp(exp(exp(cos(x11))))/281.776**((x7 + 236.048)/x1**4)))/sqrt(x2**(x1/2)))) + exp(exp(cos(x2 + log(x10**x1 + x8**2 + 3.17992e+9)))) + 3*sin(x2) + sin(x6**2 + x8) + 270654.727931559*exp(-2*x7))) + exp(cos((x2 + x3)**(x1/2))) + cos(sqrt(-x6 + x8) + exp(cos(x8 + cos(x11))))',60.162443489193876,142045184,409,15,58,12,4096,paper,6,0,2204291346,4.935466766357422
600.0036102649756,'x5/sin(0.200714*(x5/cos(sin(sin(sin(sin(sin(sqrt(-x0 + x4 - cos(x5**2) - cos(x5 - 0.0380298*x6**4) - 3*cos(log(x9)) + 140.712 + 558.574096679688/x6)))/cos(sin(0.00710672*x5 + 2633.3368857494/x6**2))))/cos(sin(0.00710672*x5 + 0.00710672*log(x8))))))**(1/4)) + x6 - 32.2172*cos(sqrt(x4 - sqrt(exp(cos(sqrt(x3)))) - cos(511.968505859375/x5) - 6*cos(log(x5)) - cos(log(x9)) + 140.712 + 580.878479003906/x5))',0.551253790217309,118915072,409,16,58,12,4096,paper,6,0,550243861,0.34894272685050964
600.023252960993,'x4 + x5 + x6 - 1.15873e+24*exp(-x3 + 1.55753e-26*(1.15873e+24 + 8.63017e-25*(x3 + x5 + 4.01475)*exp(-x3*(x3 + x4 + x5 + x6) - (x2 + 55.4094*x4 + x5 + x6*exp(x5) + x6 + 110.819)*exp(sin(x6)) - 4.81935*exp(x0 - x5))/x6)*exp(-2*x4 - 2*x5 + x6 - exp(sin(cos(x6)))))',2.344975472141125e-12,144048128,409,17,58,12,4096,paper,6,0,3606691181,8.430074693865919e-11
600.0085558919236,'x4 + x5 + x6 - log(cos(x5*cos(x3*(x4 + x6 + x8))/x8)) - 5.59927/(x6*(x1 - 339.103)*log(-x5 + 2.90871e-127*exp((x3 - x7)**2) + 339.103)) - x7/(x5*x6*(-118.687255859375 - sqrt(x9)/x8)**2) + 0.00176858*log(x5)/(x3*log(2.90871e-127*exp((0.329036*x3 - x7 - log(sqrt(x9))/(x2*cos((sqrt(x7) - x8/(x5/(x5*cos(x2) + x5) + sqrt(x9)) - sqrt(x9))*cos(x2)/x2)**2))**2) - cos(x5*cos(x7)/x8) + 678.207))',5.3837687111130986e-11,140615680,409,18,58,12,4096,paper,6,0,1934392872,1.6057285709414337e-11
600.0010492270812,'x1 + 13.1079*x1*(x0 - x1)/x5 + x2 + x3 - 0.0522344*x4 + 0.0522344*sqrt(x6)*(x1 + cos(249.511*x11))/(0.0787807*exp(x7**sin(sin(sin(log(x9))))) + exp((x1 - 3.99487)*exp(x2*cos(0.568592*exp(x1))/2)/(x9**2*(-444.327*cos(x2) - 250.944061279297))) - 0.0787807*log(x3) - 0.507121190044876) + exp(359.41*sqrt(exp(359.41*sqrt(x3)/(20294.5 - 492.476*x4)))/(20294.5 - 492.476*x4)) + cos(x11) + cos(x5) + cos(x4 + 1.99872)',7.320321397116875,142651392,409,19,58,12,4096,paper,6,0,2148995112,5.448348522186279
600.0016733929515,'x2 + 0.996157*x3 - 0.00384307*x6 + exp(sqrt((sqrt(x5) + 4*x5 + x7 - 87.4099)**sin(x7/x3)))**sin(x7 + sin(x2 + 611.532)) + exp(exp(sqrt(exp(sin((x7 + 18.4777)/x6)*sin(exp(sin(x2)/2)))))**sin(x7*exp(-exp(sqrt(exp(sin(x0 + 2*x1 + (cos(x5/sqrt(x4))**2)**x1))**sin((x6 + 430.438)**sin(sin((2*x2/x3 + x7)/x3))/x3)))**sin(sqrt((x2 + 3*x3)**sin(sin(x7/(2*x2)))) + 109209.0)))) - 1.12947',274.44595317297717,141090816,409,20,58,12,4096,paper,6,0,1592565386,2.5386838912963867
600.0109941679984,'x2 + x3 + log(((cos(cos(cos(0.00216927*exp(x1)) - 20.2453) + 55.15478515625)**(24.6047 - 2*x5))**(log(x3) - log(x5))/sqrt(x6))**(2*cos(x11/sin(cos(x11/sin(sqrt(x5)))))) + exp(log(x5)**2)**(1/4)) + log((((3.07949e-6*cos(cos(cos(x11/sin(sqrt(x5)))))**x2)**(2*cos(x11/sin(sqrt(x5)))))**(log(x2) - log(x5)))**(2*cos(x11/sin(sqrt(x5)))) + exp(cos((-0.0830068*sqrt(x7) - 3.9951171875)**2) + cos(9.20013427734375*exp(-x7)))) + 4*cos(x1) + cos(x3) + cos(9.20013427734375*exp(-sqrt(x7)))',84.72808730243803,132259840,409,21,58,12,4096,paper,6,0,784044718,16.001079559326172
600.0130534749478,'x4*(x5 + sin((sin(sin(x9*log(exp(cos(328.885009765625*exp(-cos(x2/x4))/log(exp(cos(328.885009765625/x4))))))/x2))**2)**x4))/x5 + x5 + x6 + (sin(sin(x9*log(exp(cos(328.885009765625/x4)))/x2))**2)**x4/log(exp(exp(cos(x2/x4))**exp(sin(sin(x4 + x5 + x6 + log(log(2*x4 + 2*x5 + x6 + exp(2*cos(sin(x4*log(exp(cos(328.885009765625/x4)))/x2)))**(log(x2)**2)/x2)))) + Abs(sin(sin(x4)))**(2*sin(0.0030405764030189*x4*x9*log(exp(cos(x2/x4)))))/x2)))',1.2716518219844883e-11,143671296,409,22,58,12,4096,paper,6,0,3980425317,7.627210668603723e-11
600.0028895759024,'x2 + x3 + (368928.190737251/(x7 - 26.0543)**2 + (x10**(2*cos(x10))/cos(x2)**2 + x11)/x9)**(1/4) + exp(cos(sqrt(2)*sqrt(x2))) + exp(cos(2*x2 + log(x11))) + sin(x0) + sin(x1 + x4) + 2*cos(x1) + cos(3.21863e-6*x10**2) + cos(x3) + cos(x11*x6) + cos(x1 + x5) + cos(sqrt(x7) - 317.736) + 2*cos(sqrt(x7) - 104.235) + cos(log(sqrt(x4*x5)) + cos(x1)) + cos(x1 + sqrt(x7) + 460.709) + cos(x11 + x2 + x7 + cos(x11)) - 1.99997',4.105382516232236,143192064,409,23,58,12,4096,paper,6,0,3356806661,3.9057726860046387
600.009570638882,'-x0 + x2 + x3 + sqrt(x5) + x7**(1/4) + (2.20969e-5*x5**2 + 0.00500816*x5 + cos(x1**2))**4 - log(sin(x10)**2) + sin(x0) + 2*sin(x1) + sin(x5/sin(x1)) + sin(exp(x0)) + 5*cos(x1) + cos(0.585185*x2) + cos(278.036*x2) + cos(x3) + cos(x4**2) + cos(x6**2) - cos(400.197*x7) + cos(x8) + cos(x9) + 2*cos(x0 + sqrt(x5)) + cos(x11 + cos(sqrt(x7))) - 2.99996',22.663856068736923,107778048,409,24,58,12,4096,paper,6,0,2765379632,23.790897369384766
600.0167303371709,'x4 + x5 + x6 + sin(5.82007e-6*log(x4)**2/(((x4 - log(x4))**2*sin(x3)**2/log(x4)**2 - 115.083)**2*sin(x3)**2))',1.036922402832797e-11,142639104,409,25,58,12,4096,paper,6,0,1728356533,2.4085927696759768e-11
600.0163523729425,'x2 + x3 + sqrt(sqrt(exp(sqrt(x5)))*log(sqrt(((961422.0*exp(sqrt(x7)) - 601.519)**cos(sqrt(x6 - 6.02966)))**cos(sqrt(x2))) + sqrt(exp(sqrt(x5)))*log(6.38744e+37**cos(x1) + (x5/x0**2)**cos(x3 + exp(sqrt(x5 - 18.542))**(1/8)) + exp(sin(x10)**4)))) - sqrt((sqrt(exp(sqrt(x5)))*log(20.1611*x0*sqrt(x10)) + 4398.55)**cos(log(x2)) + (x0*sqrt(exp(sqrt(x5))) + sqrt(x8) - 41.6494 + (x8 + 614.236)/x3)**cos(log(sqrt(x10 + exp(sqrt(x5))) + 48.0377)))',14.722962650916696,120012800,409,26,58,12,4096,paper,6,0,3533734220,14.71186351776123
600.0037597881164,'-x0 + x2 + x3 + x7**(1/8) + exp(exp(0.0704182*x5/sqrt(x2))) + exp(exp(x5/sqrt(x2*x5))) + exp(exp(-sin(sin(x6) + sin(x2 + x3 - sin(sqrt(log(x9)))) - sin(exp(exp(sin(x6)/2))) + 486.892181396484))) - log(x10) - sin(541.431*x5) - sin(x6) + sin(193.915*x8) + sin(x3*x4) + 3*sin(x1 - log(x5)) + sin(x3 - log(x2)) + 2*sin(x7**(1/4) - 541.431) + sin(x7**(1/4) - x7 + sin(x10)) + sin(exp(sqrt(x3)))',23.34507627092531,143216640,409,27,58,12,4096,paper,6,0,2342600226,20.60726547241211
600.009095777059,'2*x4 + x5 + x6 + 1.40358e-85*exp(cos(x6)) - (x4**2 + (2.61961e-5*x4 - 2.61961e-5*x7**2/((-x4 + x6/x4**2)**2 + x6/x4))*sin(x4)/(x6 - x6**2*sin(cos(x9))**2/(x4*sin(x4)**2)))/x4',1.011954388341998e-11,136638464,409,28,58,12,4096,paper,6,0,1904449481,8.028642854707169e-12
600.0029902050737,'sqrt(-4*sqrt(x10) - 0.131813*x2**2*sin(x5 + x6) - x2**2*sin(x5 + x8)/log(x0**x7 + sqrt(x10)) + x4**2 - x5*(-x2 - 508.216400146484) - 32.3628*x5 + x6**2 + 0.740666*x6**2/log(0.00323004*(cos(sqrt(cos(sin(x6))))**(x3/2 - 175.913))**(1/4)) - (-607.741*x0 - 614.27)*cos(x5) - (-x4**2 + x7 - 614.27)*cos(x0) - 0.00588861*(cos(sqrt(cos(sin(sqrt(cos(sqrt(cos(sin(x1 - x2 + 92.458251953125)))))))))**(x3/2 - 175.913))**(1/4) + 607.741)',52.737309094596185,106422272,409,29,58,12,4096,paper,6,0,1934709049,52.70417022705078
600.0109104879666,'x4 + x5 + x6 + cos(sqrt(exp(sqrt(x5))))/(exp(exp(264.146667480469/x6)) + exp(exp(exp(Abs(cos(x11))))) + log(x5) + 98407.9)',2.1349798216493903e-11,283451392,409,0,58,12,8192,paper,4,0,3324115916,5.620049911558844e-11
600.0176651449874,'x2 + x3 + sqrt(exp(x5/(-66.4086*x5*exp(-x7) + log(x6 + exp(x0**2/(-x1 + log(x3))) + x7/x4)**2)))',23.059742539450856,228139008,409,1,58,12,8192,paper,4,0,2811363264,23.059885025024414
600.0025047480594,'-9.15822e-9*x11*log(x4)*sin(x4)/x2 + x4 + x5 + x6 + sin(sin(x3)/(x1*x10))',2.7474770756539505e-11,288915456,409,2,58,12,8192,paper,4,0,1884968544,5.620049911558844e-11
600.0070811728947,'0.985617*x2 + x3 + sqrt(x5) + sqrt(x1*x7)/(x3 + sqrt(x5) + cos(x3) - 128.955932617188) + 2*cos(x1)',77.07484910806664,289333248,409,3,58,12,8192,paper,4,0,1859786275,77.07490539550781
600.008027756121,'x2 + x3 - 0.00856303*x5 - 0.00856303*x7 + (x7**(exp(cos(log(x5)))/2))**(exp(cos(log(x5)))/2) + exp(exp(cos(sqrt(x7 + 18.9349))))',9.710958883803057,284573696,409,4,58,12,8192,paper,4,0,3687649985,9.710798263549805
600.0062019189354,'x4 + x5 + x6 + 1.1245e-8*(x11 + x4 + 2*x5 + x6/sin(x2) - 253.835*x7)/x2',1.2383155634420959e-11,291930112,409,5,58,12,8192,paper,4,0,369133708,5.2186178989277465e-11
600.0092370337807,'x4 + x5 + x6 + 1.47697e-5*sin(x5)*sin(x5 + (x4 + x6 - 229.623*sin(x4))/cos(cos(x2)))',5.636376496042214e-11,286883840,409,6,58,12,8192,paper,4,0,2995172877,8.430074693865919e-11
600.0161359289195,'x4 + x6 + Abs(x5) + Abs(cos(cos(sin(x11))))**(2*x4 + 2*x4/x5**2)',3.0825195861859423e-12,207863808,409,7,58,12,8192,paper,4,0,865305066,6.422914283765735e-11
600.0073776999488,'x4 + x5 + x6 + (x4 - exp(sqrt(x4 + x5)))/x1**x4',3.225617076800512e-11,291987456,409,8,58,12,8192,paper,4,0,404488628,6.021481924189942e-11
600.0169768531341,'x11*sin(cos((x6 + cos(x4))*sin(x6)))/(log(x7) - 249.875)**4 + x5 + x6 + Abs(x4)',1.9586138579736577e-11,209829888,409,9,58,12,8192,paper,4,0,2261209995,3.2114571418828675e-11
600.0034572349396,'x4**2/Abs(x4) + x5 + x6 + cos(exp(cos(exp(x5/log(x8)))/x4))**21.0109',8.26400307206764e-12,282976256,409,10,58,12,8192,paper,4,0,4190266092,4.8171855393519536e-11
600.0110738729127,'x4 + x5 + 1.84072e-8*x5/sin(443.961303710938/sqrt(x1 + x4)) + x6 + 1.84072e-8*x7*sin(cos(x10)) + 6.77887e-6*cos(x8)**2',5.757703324111281e-11,286687232,409,11,58,12,8192,paper,4,0,3160032368,4.014321514089758e-11
600.003399024019,'x4 + x4/((x11 + x5*x6 - 122.338*x7)*(x4 + 2*x5 + 2*x6)) + x5 + x6',3.223693274318946e-11,285712384,409,12,58,12,8192,paper,4,0,3269070126,7.22577830902793e-11
600.0073785008863,'x5 + x6 + Abs(x4) + (-0.932051*x0*x7 + x6 + exp(x1) + 320.529)/(-129.194*x3 + x5)**2',1.5514732574622365e-11,285532160,409,13,58,12,8192,paper,4,0,3081541439,5.620049911558844e-11
600.0077938698232,'x4 + x5 + x6 - log(cos(0.00205075*x5*sin(x3)/x4)) - sin(log(cos(x5*sin(0.957669/x0)/(x3*x6))))',1.921927709689645e-10,289316864,409,14,58,12,8192,paper,4,0,3376120482,6.422914283765735e-11
600.0073217181489,'x1 + x2 + x3 - log(x10) + (-0.009676*x10 + x5**2*exp(-exp(x0/8)/2) - log(x2)**log(x5))/x2',64.88290579193448,282279936,409,16,58,12,8192,paper,4,0,550243861,64.88289642333984
600.0052418129053,'x2 + x3 + (-0.0322998*x10 + x5**2 - x5 - x7)/(exp((sin(sin(sqrt(log(x8))))**2)**cos(x1)) + exp(log(sqrt(x2))**2))',53.64520568389679,211705856,409,15,58,12,8192,paper,4,0,2204291346,53.64523696899414
600.0101688189898,'x4 + x5 + x6 + x5/(x10*(2*x4 + x6 - 0.00364898*exp(exp(x0/2)) + exp(exp(2*cos(sin(sin(x5)))))))',2.3911182096167994e-11,299728896,409,17,58,12,8192,paper,4,0,3606691181,4.8171855393519536e-11
600.0041355679277,'x4 + x5 + x6 + log(log(x10))**(2*x1)/((x0 - x6**log(x6))*(x4 + x5 - 2*x6 + log(x6)))',2.1260515318491348e-11,213655552,409,18,58,12,8192,paper,4,0,1934392872,8.430074693865919e-11
600.0210328369867,'x4 + x5 + x6 + (-x6**2 + x6)/(x9*log(sqrt(x7**(-524.122))) + (-x6**2 + x6)**2)',3.097746181576301e-09,206970880,409,19,58,12,8192,paper,4,0,2148995112,6.422914283765735e-11
600.0075770430267,'x1 + x2 + x3 - cos(x10) - cos(x7/x1) - x4*exp(cos(x3) + cos(sqrt(x7)))/(x1*log(x7/x5))',46.4759189792002,294117376,409,20,58,12,8192,paper,4,0,1592565386,46.477386474609375
600.0037473361008,'x4 + x5 + x6 + (x5 - x6)/(x5 + x8*((x3 + x7)*cos(x10 + x7 + log(x6)) - 572.898))',1.0172928101494976e-11,283295744,409,21,58,12,8192,paper,4,0,784044718,2.4085927696759768e-11
600.015518588014,'x1*cos(x1) + x2 + x3 + x7**(1/4) + exp(log(sqrt(x1*cos(exp(x1)) + x1 + x7**2))**sin(487.875*x1))',19.820109960487606,289603584,409,22,58,12,8192,paper,4,0,3980425317,19.855060577392578
600.0007981020026,'x4 + x5 + x6 - 534.220886230469/(x6 - x8 + (-x5 + x6 + log(sqrt(x6)))**4)**2',2.0858268575836806e-11,216776704,409,23,58,12,8192,paper,4,0,3356806661,6.021481924189942e-11
600.0088579328731,'x4 + x5 + x6 + sin(x0 - 0.884695)/(x4 + x5 + x6 + x9/cos(exp(cos(x7))) + 250332.0)',1.895648563482576e-11,269336576,409,24,58,12,8192,paper,4,0,2765379632,3.612889154513965e-11
600.0091209588572,'sqrt(2*x1**4 + x5**2*(x5 + x6)**2/(x2 + log(x7)**2 + 615.533813476563/log(x7))**2 + (x2 + x3)**2)',45.09897526377519,207880192,409,25,58,12,8192,paper,4,0,1728356533,45.09897232055664
600.0216482309625,'x1 + x3 - 0.00213084*x5/sin(x10) + sqrt(x2*(x2 + exp(-0.0168843*x2 + 0.0337686*x5))) + 2*cos(x1)',460.12069549498824,299089920,409,26,58,12,8192,paper,4,0,3533734220,47.431880950927734
600.0039813471958,'x4 + x5/cos(log(x6 + exp(2*exp(cos(x10)))/sin(x8**cos(x9))**2)/(x4**2 + Abs(x2))**2) + x6',5.881010032431695e-17,207601664,409,27,58,12,8192,paper,4,0,2342600226,6.824346643341528e-11
600.0117714819498,'x4 + x5 + x6 + 5.78638e-5*sqrt(1/(x5 + exp(cos(log(x9**2)))**(x5/2) + 126.196))',7.915006231210229e-12,263462912,409,28,58,12,8192,paper,4,0,1904449481,8.028643028179516e-11
600.0197957630735,'x4 + x5 + x6 + x7/((x5 - x7)*(2*x10 + x5 + exp((x4 + x5)*sin(x0))/(x4 - 1197.34)))',1.1004078604359524e-11,290930688,409,29,58,12,8192,paper,4,0,1934709049,4.8171855393519536e-11
600.0058292639442,'x4 + 1.35915e-19*x4**43.4423*exp(-x4*log(x1) + x5 + x6 - 2.23195*(2*x5 + x6 + 43.4423)*exp(sin(x6)))/(x6 + (3*x5 + x6 + 43.4423)*exp(sin(sqrt(x4)))) + x5 + x6 + 1.35915e-19*exp(-x5 - 0.880772*x6 + 0.26611*(x5 + x6)*exp(sin(sqrt(x4))) + 0.119228*(x5 + x6)*exp(sin(sqrt(x6)))) - sqrt(sin(sqrt(exp(7.11732*cos(sqrt(x4))))/x9))/x9',7.79067263386847e-11,209043456,409,0,58,12,8192,paper,6,0,3324115916,8.831507053441712e-11
600.0106944520958,'x2 + x3 + sin(x7**(1/4)) + sin(x7) + sin(sin(x11)) + sin(cos(x1)) + cos(x1**8) + cos(x5) + cos(57.1147*x8) + cos(x11 + sqrt(x7)) + cos(x1 + sin(x8) + cos(sqrt(x8))) + x5**2*sqrt(x6 + 2*exp(x1) + exp(x1 + cos(x7**2)) - 208.374 + 607.3125/(x1 + sin(x4)) + x5**4/(x1**2*(sqrt(x7) - 141.505)**2*(sqrt(x10) + x2 + x4 + exp(x8*sin(x5**2)))**(1/4)))/(x2*(x2 + sqrt(x7) + 40.3938*x9*exp(-2*x7)))',3.5736295798367683,208887808,409,1,58,12,8192,paper,6,0,2811363264,2.1455938816070557
600.0145877359901,'x2 + x3 + sqrt(exp((x5 + 24.6837)/(x2 + x6 + sqrt(x7) + log(x6)**(-0.454211*x7 + 0.454211*sqrt(x2 + exp(exp(cos(x7))) + exp(exp(cos(x9))) + 19.6841) - cos(sqrt(x2)) + 9237.54998287007/(-x0**2 + x7**(1/4)*(-exp(x7) - 54.9354248046875))**2) + log(sqrt(sqrt(exp((13.1905517578125 - x7)*exp(exp(sin(sin(sqrt(x2 + exp(sin(x9))))))))**cos(exp(exp(sin(x1))))) + exp(exp(exp(sin(sqrt(x7))))) + exp(exp(exp(cos(sqrt(x7) - 0.967166))))))**2 + cos(sqrt(x3))))**(sqrt(x2)) - 0.732626) + exp(cos(sqrt(x7**(1/8) + x7 + 19.6841)))',16.443848195191524,208855040,409,2,58,12,8192,paper,6,0,1884968544,2.272958993911743
600.0199917010032,'x4 + x5 + x6 + sin(Abs(sin(sin(2*x5 + x6 + sin(x2 + 2*x4 + 2*x5 + sin(sin(x4))))))**(2*(x2 + x4 + x5 - 281.391)**2)) + sin(Abs(sin(sin(2*x5 + x6 + sin(x2 + 2*x4 + 2*x5 + sin(sin(x4))))))**(2*log(2*x5 + x6 + exp(sin(x4)/2) + sin(log(-log(x1) + log(2*x5 + x6 + sin(log(x4 - log(x1))) + 1.42831)**2)))**2))',2.4471803778580176e-11,212320256,409,3,58,12,8192,paper,6,0,1859786275,8.028643028179516e-11
600.003874974791,'x2 + x3 + (x6 + 546.063*sin(log(x2))*cos(log(x7 + cos(sin(503.033*x8)))) + x5*(exp(x1) + (x3**2 + x4**2 + 607.318*x5*sin(sqrt(x5)) + 607.318*(x6 + 546.063*sin(sqrt(x3))*cos(log(x7 + log(x1))))*sin(sqrt(x3))*sin(sin(x2**(1/4))) + 607.318)/x6 + x5*(x5*(0.00455389*x5**(3/2) + 2.57678*sqrt(x5)*sin(0.00455389*x5**(3/2) + 0.00455389*x7 + 0.00455389*sqrt(x5*x8))*sin(sin(x6**(1/4))) + 8.02349e-5*x6**2 + 0.112225) + 0.017619*x6**2)/x2)/x2)/x3',6.679973212115884,207970304,409,4,58,12,8192,paper,6,0,3687649985,6.41413688659668
600.0142835290171,'x2 + x3 + sqrt(x5) - log(1.2891e+6*sin(392.949*sin(sin(x4**2 - log(76263.1*cos(x9)**2)))**2*cos(x9)**2)**4*cos(sqrt(x2 + cos(x1)))**4) - log(exp(8*cos(x6 + sin(x4**2 - x5 + x9)))*cos(x2)**2*cos(x2 + x3 + sqrt(x3 + 5.68647) - log(exp(4*cos(x6 - sin(sqrt(2*x3 + (x10 + x2)*exp(-cos(x9)) + cos(0.127979*x8) + cos(sin(cos(x7**2)))) - 276.158)))*log(x2 - sqrt(x6))**2*cos(x9)**4))**8) + 2*cos(x1) + cos(x3) + 2*cos(x6)',263.45688420835404,207183872,409,5,58,12,8192,paper,6,0,369133708,41.487342834472656
600.0217816119548,'x4 + x5 + x6 + (2*x4 + 2*x5 - 59.3757*x7*cos(x4 - x6) - 163.776123046875/sin(x5))/(3*x4 + 3*x5 - x6 + x8**2 + x8**2/(x6 - cos(x4 - x6) - 163.776) + 59.3757) + sin(sin(x4 + x5 - x6 - sqrt(3*x4 + 2*x5 + 2*x6)))**2*cos(sin(2**(1/4)*x4**(1/4)))**2/(x3 + x4 + x5 + x6)**2',3.3631686704156304e-11,211353600,409,6,58,12,8192,paper,6,0,2995172877,8.028642854707169e-12
600.0005868668668,'x4 + x5 + x6 - log(log(x6 - log(cos(sin((-sin(x6 - log(x6)) + (x2 + x7)/x6)/x4))))) + log(log(x6 - sin(x4*cos(x2)/(x0*x6*(x2 + x5 + x6 - 1025.52*log(x1)**2))))) - log(cos(sin(cos((-x2/(2*x4 - x6 - log(log(x6)) + sin(x6 - log(x6 - log(x4 + x5 - sin(x6 - log(x6)))))) + x3 + x6)**2/x5**2)/(x3 + x6 - (0.973193**cos(0.998092*x4*cos(x10 - x3)/x0))**x5))))',3.482713449477689e-11,211714048,409,7,58,12,8192,paper,6,0,865305066,8.028642854707169e-12
600.0077542159706,'250.296**(-336.868**cos(x5**(-191.065**cos(x6 - cos(x6)) + cos(x0 + sqrt(x5))) - cos(x6)) + cos(sin(x7))) + x2 + x3 + sqrt(x5) + x7**(1/8) + sin(x0) + 3*cos(x1) + cos(x1**2) + cos(0.00199925*x10) + cos(x11) + 2*cos(x3) + cos(500.187*x4) - cos(0.147034*x7) - cos(377.931*x7) + 2*cos(512.053 + x7/x1) + cos(x0 + sqrt(x5)) + 2*cos(x7**(1/4) + 481.922) + cos(0.146981*x7 + 323.632) - 3.8186',5.530190275326564,208371712,409,8,58,12,8192,paper,6,0,404488628,5.596936225891113
600.0205680530053,'x4 + x5 + x6 + (x1 + x4 + x5)**((-319.674*x3 - 319.674*x4 - 319.674*x6 - 319.674*cos(sin(x5*(x3 + 2*x4 + 2*x6 + 0.186265))))/(x1*(-x2 + (x2 + x3 + x6**sin(x6 + 500.586))*sqrt(2*x3 + x5 + 2*x6) + 319.674))) - 0.0403821*x7*sin(x6)/(x3*(x3 + x7**sin(x6 + 500.586))*(x4 + x6 - 0.020191*x7/(x3*(500.586*x1 + 500.586*x5 + 500.586*x6 + 500.586*exp(x3/(x2 - 319.674)) + 500.586*cos(x5**sin(x5)))**sin(x4*x5))))',8.003128394179215e-11,212574208,409,9,58,12,8192,paper,6,0,2261209995,3.612889154513965e-11
600.0081843000371,'x4**2*(x5 + Abs(x4))**2/((x4 + x5)**2*Abs(x4)) + x5 + x6*(x4 + x5)/(x5 + Abs(x4)) - 359.053833007813/(x10*(x4 + x4/Abs(x4 + x5) + x6 + 1)**2/(sqrt(x4)*Abs(x4)) + x4**48*(x1**2 + x5)**32/(x5**32*(x4 + x6**2)**16))',2.019055861628575e-11,206987264,409,10,58,12,8192,paper,6,0,4190266092,2.007160757044879e-11
600.0204347330146,'x2 + x3 - log((-x2 - x3 + x5 + sin(cos(x1 - 2*x3 + x5 + log(sqrt(x10)) - sin(cos(x1 + (-x2 - x3 + x5 + 0.00572137*sqrt(x2 + x3 - log((sin(x9) + 0.872472)**2) + 17.2915649414063) + sin(2.85424e-5*exp(2*sqrt(x5))) - 7.81131)**2)) + 16.8846)) + 3*cos(314.505*x10) - 7.81131)**2) - log((((log(x1) + cos(log(200.979**x1)**2))**2)**log(sqrt(x10)))**log(cos(0.00657469*x5)**2)) + 14.0597534179688',128.39289557688298,208027648,409,11,58,12,8192,paper,6,0,3160032368,37.471981048583984
600.0072597609833,'x4 + x5 + x6 + x6/((x1 + x4)*(285587.0*x1 + x5 + 479.643*x7*log(479.643**sin(x2 + 2*x4)))) - sin(188.497467041016*x5*x7*(x4 + (x1*x5 + (x2 + 3*x4 + 0.908244)**2)**2)*(x5 + 0.00174049*x6/x1)**2*(x4 + sin(x4) + 986.578)**2*exp(-4.52093*x7*(1253.94 + 1.271*(6.38926**x1 + x5*cos(x5 - 479.643) + 595.416)**4/(479.643*x1*x7 + 275579.0*x1)**2)/x5**2))',0.12608552530643835,208093184,409,12,58,12,8192,paper,6,0,3269070126,3.2114571418828675e-11
600.0120683519635,'x2 + x3 + exp(x5/x2) - exp(sqrt(x11)/x2 - sqrt(x7)) + exp(-sin(2*x2 + exp(x0/4)) + 2*x5/x2) + sin(x10) + sin(x4*sqrt(x7)) + sin(x7/sqrt(x5 + 225.521)) - sin(exp(sin(x3)**2) - sqrt(x7)*(-sqrt(x2) + x5 + x6/x1)/x2) + sin(sin(x5)) + 4*cos(x1) + 2*cos(x3) + (2*x5 + x5/sin(sin(sin(sqrt(x2)*(sqrt(58.4532**exp(sin(x3)/(x0*x2)) + x2 - 0.31671) - 293.876) - 473.419))))/x2',6.031222592491655,208846848,409,13,58,12,8192,paper,6,0,3081541439,5.1133599281311035
600.0160719030537,'x2 + x3 - sqrt(x5)*sin(cos(sqrt(x7**cos(cos(cos(sin(x2))))))) + sqrt(x5) + sin(x2/sin(x2)) + sin(x3*(x2 + cos(x4 + exp(cos(x3)))**2)) + 2*cos(x1) + cos(x7 + x8) - 0.982212 + 291.780151367188/(-x3 - sqrt(x5) + x5 - (263.97*x7**cos(x1) + 263.97*sin(x6) + 6242.61)**(exp((sin(sin(sin(sin(cos(0.842396*x3))))) - 0.999239)/(x3*(sin(x0) + cos(sin(cos(sqrt(x7**cos(cos(cos(sin(x2)))))))))))/2) + 0.999239) + 14517.8524549343/(-x2 - x3 - sqrt(x5) + x5 - 1.80804)**2',2.725023206182426,208650240,409,14,58,12,8192,paper,6,0,3376120482,2.6544878482818604
600.0030721800867,'x4 + x4/((-183.37*x1 + x10 - 733.48*x4 - 364.74*x5 + 3*x6 + (x4 + x5 + x6 + exp((-x1 + x4 + x6 - 183.37)*sin(x4)*cos(x1 + 2*x4 + x5 + 139.53)/2))*cos(x6) + exp((-x1 + x4 + x6 - 183.37)*sin(x4)*cos(x6))*exp(2*exp(-183.37*(x1 + x4 + x5 - 0.114375)**(1/4))))**2 + 139.516) + x5 + x6',1.3304859925795174e-11,211664896,409,15,58,12,8192,paper,6,0,2204291346,7.627210668603723e-11
600.0004255680833,'x5*sqrt((Abs(x4) + x4**2/x10**2)**2)/Abs(x4) + x6 + (x5 - x7**2 + (sqrt(x3) + 45901.2)**cos(x6) + sqrt(x4**2 + x4*(x4**2/(x5 + x6**3/x10)**(2*cos(x4*(x6 + x4**(-2)))) + x4) + x5**2))*(sqrt(x3) + x3 + 2*x4 + x5 + 2*x6 + (x5 + x6**2*(2*x4**2 + x4*(128.397 + x4**2/x10**2) + x5))**cos(x7**2))**(-0.0283525/((x5 + x6**2)**139.301*Abs(x4)**278.601) - 3.64037) + Abs(x4)',1.5863156467270683e-11,207282176,409,16,58,12,8192,paper,6,0,550243861,2.810024955779422e-11
600.0225557580125,'x4 + x5 + x6 + (x6 + (x6 + (x4 - x6)**4/x4**3)/(-x4/2 - x5 + x6))/(x4*(x4 + x5)*(-x2 - x4**2/(x4 + (-x4*x5 + (2*x4 - x6)**2/x4)/x4) - x4*x5 - x5 + x6**2 + 2*x6))',3.5179464400892686e-11,208158720,409,17,58,12,8192,paper,6,0,3606691181,2.4085927696759768e-11
600.0048899401445,'x4 + x5 + x6 + (x4 + (2*x3 + x4 + x5 + x6*cos(x4) + 2*x6 + x7*(x3 + x4 + (x5 + x6 + log(x5))*cos(x4))/x4)*cos(x7))/((2*x5 + x6)*(x5 + (x4 + (x5 + x6 + log(x5))*cos(x4))*exp(sqrt(x3)*cos(x5)**2) + 346555.0) + exp((x3 + x4*cos(x2 + (x4 + x6)*cos((x5 + x6 + log(x5))/log(x6)**(0.841471**x5))))/x5)**(sqrt(x3)))',9.864872703422107e-11,210886656,409,19,58,12,8192,paper,6,0,2148995112,4.014321427353584e-12
600.0227318489924,'x2 + x3 + log((((x8**(2*cos(x3)))**(sin(x4)**2) + 46.2943)**(2*exp(sin(exp(sin(sqrt(31638.4**cos(x3) + 309.804))) + log(x2)))))**cos(x1**2) + exp(x1)) + log(((((x5 + x8**cos(x7))**2)**sin(36218.9**cos(x3) + x1 + x7) + log((2.0636e+22*(log(x4)**sin(x10))**(8*x1))**cos(x1 + x2**2) + sqrt(log(x5)) - 0.999947))**(2*exp(sin(exp(sin(exp(sin(sqrt(31638.4**sin(2*x2 - 0.505947) + 309.804))) + log(x2))) - 171.207))))**cos(x2**2) + 2*sin(x1**2)**2)',21.675136248421996,209747968,409,18,58,12,8192,paper,6,0,1934392872,21.519824981689453
600.0045650398824,'x4 + x5 + x6 + (536.842**x0 - x2*x5**x0*(x1 + x3 + 2*x5)**((x2**(-426.156) + sin(x11))*sin(x2)) - x2 - x4 - x6**(log(x6)*cos((x5 - 0.999992*log(x10))**2))*(2*x5 + x6)*sin(x11) + 460.239*x6**(log(x6)*cos(x5 + log(x10))) - ((2*x5 + log(x10))**(sqrt(x6)/2))**sin(x3 + 70.0272) - sin(x4 + x6))*sin(x2 + x3)/x4**(0.999992*log(x10))',3.805784890331319e-11,208371712,409,20,58,12,8192,paper,6,0,1592565386,2.007160757044879e-11
600.0159738950897,'x2 + x3 + exp(exp(cos(x1 + sin(x3 + 87658.1 + 326.12**(-9.01001*cos(log((x0 + 300.81)**2*sin(x2 + x5 + 9.01001)**2 + 34038.5*exp(-x7))))) + cos(x9))) - sin(log(x5**2)) + cos(x3)) + log(sin(x5)**2 + (x1 + 2*cos(x8))**2*((-615.094 + x5**16*sin(cos(x3**2 + (x2 + x3)**2))**4/(x3**10*(x2 + x3)**4))**4*cos(x9/cos(x3))**4/(x2 + 113.128)**4 + (-sin(x10 + x3**2) - 0.91521)**2/sin(sin(sin(sin(sin(sin(sin(x5**2/x3)))))))**2)**2/x2**2)',42.961962143797564,206544896,409,21,58,12,8192,paper,6,0,784044718,11.074896812438965
600.0146221520845,'x4 + x5 + x6 - sin(-x11/log(x11/log(x5) + x4 + x5) + x5 + cos((sqrt(x8) + (2*x5 + sqrt(cos((x4 + 244414.0)**2*exp(-x6**263.37)))/log(exp(-x6/sin(x3**2) + 4.98674173612954e-259*exp(-x5**263.37))))**2)**2) + 53.1320190429688)/(x3**2/sin(x11/log(x5) + x4 + x5) + x4 + x5 + x6/sin(x4/(x4 + x5) - x8 + 86032.9) + exp(-x11/sin(x11/log(x5) + x4 - x5 - x8 + 86032.9) + x11/log(x5)) + 166134.0)',1.198798646202885e-11,211304448,409,22,58,12,8192,paper,6,0,3980425317,3.612889154513965e-11
600.0078543459531,'x2 + x3 - (-0.00467818*sqrt(x10) - 0.00467818*x2 - 0.0140345*x6 - 0.00467818*x6/sin(x11/log(1.00853*x1)) - 0.00467818*x7 + 0.00467818*log(x2)/sin(sin(sin(sin(x2 - 47.1182)))) - 0.032764*log(x5)/cos(x2) - 2.78012)/log(x1/(cos(sin(x2 + (-0.00467818*x2 + 0.00467818*x7 - 255.482)/x1**2))*cos(sin(log(x1)**10.0781)))) + log(x1/cos(0.00202538*x3)**2)**log(x5) - log(602.574*x2**2*(0.00165955*x5 + log((x7 + exp(2*cos(x7 + 14.95)))**2/x1**4))**2/(x3**2*x4)) + sin(sqrt(x7) + 48.1294)',51.82004333605867,207126528,409,23,58,12,8192,paper,6,0,3356806661,4.017181873321533
600.0075615649112,'x2 + x3 + log(58.608 + (((-x8 + (sqrt(x9) + x9 + exp(2*x1))**2*exp(cos(x6 + log(x0)))/x10)/cos(x6 - 22.3616) + (-exp(x1) - 63.5477905273438)**2*exp(x1))/(-1.46198*exp(x1) + x5*(34.014404296875 - cos(x6**2))/x0) - 3.52678*exp(x0) - 125.478)/(34.0619506835938 - log(log(x5))**log(x2 + 2*x3 + x6 + (x2 + x6 + 129.615)/log(log(x5))**log(x2 + 2*x3 + 196.036 + (sqrt(x10) + x2 + 129.615)/(34.0619506835938 - sin(x5))))))/(-cos(x3) + 481.061279296875/(x5*log(sqrt(log(x11))) + 229.846))',nan,210108416,409,25,58,12,8192,paper,6,0,1728356533,48.710784912109375
600.0041321509052,'x2 + x3 + exp((cos(cos(x2 + sqrt(sqrt(3.3784e-10**cos((x6 - 324.376)**2) + ((-0.003028*x2 + cos(cos(sin(sqrt(x6)))))**2)**cos(4*x3**2)) + 24.031))**2)**2)**cos(x6 - log(x1 + x2 + sin(x2) + 111.759)) + sin(x3 + exp(8.98826e-6*x2**2 + cos(cos((x2 + 0.740659)**2))**cos(x10 - 167.611))) + sin(x3 + sin(x3 + sin(x6) + cos(x3)**4 + Abs(cos(7.61806e-6*x2**2 + (x2 + x3)**2))**(2*cos(x3**2 + x3 + 313.769))) + cos(x3 + (x2 + x3)**2 - sin(sin(x3)))**2))',21.54312700850804,207585280,409,24,58,12,8192,paper,6,0,2765379632,10.272917747497559
600.018941312097,'x4 + x5 + x6 + sin(x1 + x4 + sin(sin(x6)**2 - 326.393) + sin((x4 + x5 + x6 + 0.326242)**(cos(x6) + 0.373373)))/(-400.598*x4 - 400.598*x5 - 400.598*(x5 + x6 - 247.272)**2) + sin(x1 + x4 + sin((x4 + x5 + x6 + 0.998995)**(cos(x6) + 0.373373)) + sin(sin(sin(x1 + x4 + sin(x4 + x5) + sin((x4 + x5 + x6 + 0.326242)**(cos(x6) + 0.373373)))**2 - 326.393)))/(-400.598*x4 - 400.598*x5 - 89311.6)',4.9830171973103524e-11,209158144,409,26,58,12,8192,paper,6,0,3533734220,2.4085927696759768e-11
600.0204528160393,'sqrt(x5**2 - 0.00579098*(sqrt(x10) + sqrt(x8*log(sin(sin(sin(sin((-cos(sin(x10)) + 15.1470336914063/sqrt(x5))**2))))**2) + (x2 + (sqrt(x10) + (x2 + x3)**2/x6)*cos(sin(exp(cos(522.27*x1 + 522.27*x2**(x0**(0.993754 - x7) - x7 + log(x3 + x6)) - 552616.0)))))**2 - 2464.94))**2 - 0.00579098*(x2 + sqrt((x2 + (x2 + (2*x2 + 101.25 + (x2 + x3)**2/x6)*cos(sin(exp(cos(x1)))))*cos(sin(exp(cos(522.27*x7 + 163775.0)))))**2 - 616.234))**2 + (x1 + x2 + x3 + sqrt(x5))**2)',88.87672164551012,210796544,409,27,58,12,8192,paper,6,0,2342600226,69.51937866210938
600.0168384481221,'x11/(sqrt(x4)*(-447.591*447.591**(116.342*sqrt(x6/x4)/x6) - 445.591*x4 - 446.591*x5 - 895.181*x6*(x4 + x5 + x6 + x7**(x6/x5)) - 446.591*x6 + x8**2 + (447.591**(x6/x4) + 0.00683701*x2)*sin(cos(x5) - sqrt(cos(sin(0.00683701*x6)))) - 447.591*(x4 - 28.9394)*(x4 + 281.186096191406/sin(x2)) - 447.591*(x4 + x5 + x6)*(x4 + x6 + (x4 - 28.9394)*(x4 + x5)) - 79030.3 - 447.591*x6**2/x5)) + x4 + x6 + x5*Abs(x4)/x4',6.91772690877122e-11,208994304,409,28,58,12,8192,paper,6,0,1904449481,1.6057285709414337e-11
600.0000182460062,'x2 + x3 + exp(x9**((0.257564**exp(cos(sqrt(cos(x4/x6)))**cos(x1 + x11 + x2)))**(exp(cos(cos(x11))**cos(x1 + x2 - 289.422))/2)) + cos(x3) + cos(x1 + cos(x2 + x3 + exp(exp(cos(x3))) + exp(exp(cos(cos(x0 - cos(log(sin(x1)**2))))))))) + cos(x1) + 3*cos(x7**(1/4) + 487.763) + cos(x1 + x2 + exp(exp(cos(exp(exp(cos(x3))))) + cos(x1 + x3) + cos(cos(cos(x11)))) + sin(cos(sqrt(x1))) + cos(x3)) + cos(log(x5 + x7**2))',10.079120857407215,208232448,409,29,58,12,8192,paper,6,0,1934709049,10.075254440307617
600.0049874328543,'-x0 + x2 + x3 + exp(exp(sqrt((2*x1 + x3**cos(x10) + x5)/x2)))*exp(-cos(exp(cos(2*x2 + 305.362))))',42.906062785105505,418709504,409,0,58,12,16384,paper,4,0,3324115916,42.78537368774414
600.020020092139,'x4 + x5 + x6 - 1.64192518176249e-6*exp(-cos(x6) - cos(exp(2*sin(cos(276.370300292969/sqrt(x6 + x9)))))) - 1.64192518176249e-6*exp(-cos(477.538*x10))',2.21271880290092e-11,416972800,409,1,58,12,16384,paper,4,0,2811363264,4.8171855393519536e-11
600.0082800709642,'x4 + x5 + x6 + sin(sin(x5)/(-x4 - 2*x5 - ((x5 + log(x7**2) - 81.462)**2)**sin(sin(x4)) - 81.4620361328125)**2)',2.2849145246282166e-11,416890880,409,2,58,12,16384,paper,4,0,1884968544,5.2186178989277465e-11
600.0019096119795,'x4 + x5 + x6 + log(cos(x0**2/(-x10 + x8))) + log(cos(sqrt(x7)/(-153694.0**cos(sin(cos(sin(x8)))) + x8)))',9.147763464833618e-12,424017920,409,3,58,12,16384,paper,4,0,1859786275,5.620049911558844e-11
600.0000363599975,'x4 + x5 + x6 + sin(sin(x9))/(x4 + Abs(x4 + exp(x1) + exp(276.915*cos(176.314*x6)) + 229.146))**2',8.480194000091697e-12,413024256,409,4,58,12,16384,paper,4,0,3687649985,4.8171855393519536e-11
600.0040858951397,'x2 + x3 + sqrt(-2*x0**2 - x0 + x5 + sin(x2)**2*sin(x5)**2/cos(x9)**2 - 71.4085083007813/x1)',112.89096373976923,412860416,409,5,58,12,16384,paper,4,0,369133708,85.27322387695312
600.0072091219481,'x4 + x5 + x6 - exp(-x4 + exp(exp(sin(x3 + x4)) - sin(x4**2 + x4 + (x1**2 + x4)**2)))',1.489810522916514e-11,427851776,409,6,58,12,16384,paper,4,0,2995172877,7.22577830902793e-11
600.0120725629386,'x4 + x5 + x6 - (-x1 + 2*x4 + 2*x6 + x7**2)/(x6*sqrt(x1**x4 - x4))',7.564904085290384e-12,414957568,409,7,58,12,16384,paper,4,0,865305066,8.028643028179516e-11
600.0147160789929,'x4 + x6 + sin(x0*cos(x10 - 415.01)/(x11*x4)) + x5*Abs(x4)/x4',8.229757466102278e-12,415301632,409,8,58,12,16384,paper,4,0,404488628,3.612889154513965e-11
600.0069305568468,'x1/(x6**2*(x7 - 543.675)) + x4 + x5 + x6 + cos(sqrt(2*x5 + 3*x6))/244.117**x1',5.7389413788205166e-11,416956416,409,9,58,12,16384,paper,4,0,2261209995,7.22577830902793e-11
600.0184941790067,'x4 + x5 + x6 + 0.00181843*cos(sqrt(x0) + sin(cos(x0**2)))/(x5 + 199.139 + (x6 + 199.139)**2/(x5**4*cos(x9)**4))',1.2685809961584135e-11,415711232,409,10,58,12,16384,paper,4,0,4190266092,4.8171855393519536e-11
600.0081213160884,'x4 - x4/((x8 - 115.633)*((x11/x4)**sin(x0)*(x10 + 1.10902) - (x11/x4)**sin(x8))) + x5 + x6',1.1038621885103325e-11,414171136,409,11,58,12,16384,paper,4,0,3160032368,4.8171855393519536e-11
600.0148836218286,'x4 + x5 + x6 + sin(cos(x0 + x4**2)/(x0 + 334031.0)) + sin(cos(x0 - sqrt(log(x3)))/(x0 + 334031.0))',1.0712765253397424e-11,419495936,409,12,58,12,16384,paper,4,0,3269070126,4.415753526720856e-11
600.0053407300729,'x4 + x5 + x6 + (-0.00490601348974046*log(x1/x6) - 0.00490601348974046*(x4 + x5 + x6)/x2)*cos(x0)/(x4 + sqrt(x4*x9))',3.132559442088578e-11,421330944,409,13,58,12,16384,paper,4,0,3081541439,8.028643028179516e-11
600.014505501138,'x4 + x5 + x6 - (x4 + x5)**2/(x6**2*(-x5**2 + 101.414*x5 + x6)**2)',2.2499057614668157e-11,416595968,409,14,58,12,16384,paper,4,0,3376120482,6.021481924189942e-11
600.0188159230165,'x4 + x5 + x6 - 0.00279628*sin(sin(0.0253999*x10))/(x5*sqrt(exp(x5**(2*sin(x0))) + exp(exp(sin(x5)))))',2.2168635582092755e-11,419692544,409,15,58,12,16384,paper,4,0,2204291346,3.2114571418828675e-11
600.0056798879523,'x4 + x5 + x6 + 0.00448491*(x6 + 541.541*cos(x7) + 541.541*cos(log(x0)))/((218199.0 - x7**2)*log(x6))',1.0372027036485196e-11,417857536,409,16,58,12,16384,paper,4,0,550243861,4.415753526720856e-11
600.0087832820136,'x2 + x3 + (x7 + 1.10669e-7)**cos(cos(x1 + x10**(6.30034*0.998718**exp(x7)))**2 - 1.64174e+7)',72429597.1438133,416317440,409,17,58,12,16384,paper,4,0,3606691181,0.08976057171821594
600.0172855281271,'x4 + x5 + x6 + sin(x3**2/(222.157*x3 + 222.157*x4 + 222.157*x5 + 222.157*exp(x4**(1/4)))**2)',1.4253895294233862e-11,415006720,409,18,58,12,16384,paper,4,0,1934392872,8.430074693865919e-11
600.0236599950586,'x4 + x5 + x6 + sin(0.924718**x4/(x5 - (x6 + 0.21839)/sin(x3**2 + x4 - sin(x2)))**2)',3.7541045987017307e-11,418643968,409,19,58,12,16384,paper,4,0,2148995112,5.2186178989277465e-11
600.0064530149102,'x4 + x5 + sqrt(x5/(x0 - (x7**(-568.487))**(-x0 + sqrt(sqrt(x2) - exp(2*cos(x7)**2))) + 35232.2) + x6**2)',6.246283069560713e-11,418168832,409,20,58,12,16384,paper,4,0,1592565386,4.8171855393519536e-11
600.0215877490118,'x4 + x5 + x6 + 0.000242237/(-0.0027422843543338*x5*x7 + x5 + 11.158203125/Abs(sin(x5))) + 0.000242237/(x7 - 288.386)',5.931405973514243e-12,421265408,409,21,58,12,16384,paper,4,0,784044718,2.4085927696759768e-11
600.0124271200038,'x4 + x5 + x6 - sin(exp(cos(sqrt(x4))))*cos(1.80012/sin(x0**2 - cos(x0)))/(604.4*x1**2 + 604.4*x6)',2.2472271606738175e-11,415285248,409,22,58,12,16384,paper,4,0,3980425317,5.2186178989277465e-11
600.018538891105,'x4 + x5 + x6',3.760418328888023e-28,415858688,409,23,58,12,16384,paper,4,0,3356806661,4.8171855393519536e-11
600.0090821820777,'-295.322*x0**4*x7/(x6**4*(x5**2 + cos(x4) - 379.353)) + x4 + x5 + x6 + 6.94884e-6*sin(cos(x1)**2)**2',2.2758442366167256e-11,420298752,409,24,58,12,16384,paper,4,0,2765379632,4.8171855393519536e-11
600.0053847911768,'x2/((505.712**exp(sin(cos(x10)**2)) - x10)*(2*x2 - x8 + 27962.4)) + x4 + x5 + x6',5.301933248937402e-12,415170560,409,25,58,12,16384,paper,4,0,1728356533,5.620049911558844e-11
600.0027559450828,'-3.3899e-5*x4**2/(x1 + x4 + x6 - 2250.23533703387/((-x3 + x6 - 47.4366)**2*(x4 + x5 - 171.754)**2))**2 + x4 + x5 + x6',1.3456088524745595e-11,416350208,409,26,58,12,16384,paper,4,0,3533734220,5.2186178989277465e-11
600.0225394610316,'x0**2/(x4 + x4**cos(x5))**4 + x4 + x5 + x6 + sin(Abs(x5 + x6)**(-116.122)) + 6.46854e-160',6.749203776467875e-12,422756352,409,27,58,12,16384,paper,4,0,2342600226,8.028643028179516e-11
600.0161764391232,'x4 + x5 + x6 + sin(sin(x6**(sin(x4 - 439.1)**2)))/(2*x5 + exp(exp(-415.846*cos(x9))) + 592.714721679688/x0)**2',1.4946737243894285e-11,416792576,409,28,58,12,16384,paper,4,0,1904449481,3.612889154513965e-11
600.0120635489002,'x4 + x5 + x6 + (x3 + x5 - 139.807)/(-382.954*x10 + (x6/x3)**(x2**(1/4)*sqrt(Abs(x6))))',3.93027769731908e-11,414613504,409,29,58,12,16384,paper,4,0,1934709049,6.422914283765735e-11
600.016838446958,'x4 + x5 + x6 + sqrt(sin(0.02738*exp(cos(x7))/x4)**4) + cos(x5)/(3*sqrt(x4)*x5 + 303.024*x6 + exp(x5*(x4 + x6/(x4*(cos(x0) + cos(x7))))/(x5 + sqrt(x6)/(-sin(x5 + x6) + 1/(x5**(3/2)*(sqrt(x4) + x5**2 + 2*x5 + sqrt(x6) + x6)))) + x6 + (-208.686*x4 + x5 + x6/(-sin(x4 + x5 - 208.686*sqrt(x6) + x6) + 1/(x5 + x6)))/(x0 + sqrt(x5) + x6)))',2.5145427534642294e-11,421511168,409,0,58,12,16384,paper,6,0,3324115916,3.612889154513965e-11
600.0063273489941,'x4 + x5 + x6 - 0.969041/(x6*(x10**cos(x1) - x2/(x3**2*cos(log(x1))**4) + 327.508*(x3 + 306.226)/(x4 - 46.9483 - cos(x7)**2/(-0.00057982*x2/cos(x3)**4 + x4 - 46.9483)) + log(x7) + 281.388*cos(log(x11)) - 13210.7)) - cos(sin(x3*cos(x3)))**2/(x6*(-2.24244*x11**sin(x3*cos(x3)) - x2 + 281.388*x3 + 327.508*(x2 + x3)/(-x2/(x3**2*cos(x7)**4) + x4 - 46.9483) + cos(x11)))',5.8118828381091224e-11,409190400,409,1,58,12,16384,paper,6,0,2811363264,1.6057285709414337e-11
600.0212416630238,'x4 + x5 + x6 + 41.1069946289063*sqrt(1/((x6 + 186.417 + cos(x1)/(x1 - 0.874038))*(1217.48*x5 - 1.31255e+7*x5/((x5 + x6 + 10.9466)*log(cos(cos(x1)/(-491.891 + cos(x1)/(sin(x4 + x5 + x6) + Abs(x1)**(4*cos(x5**2)))))**2)) + x6 + 41.1069946289063/x5) - exp(-491.891*x5**2))) + log(cos(cos(Abs(x1)**(4*cos(x5**2)))/((x1**2*x6**2/(1689.79**cos(x5**2) + 169.394348144531/x1))**cos(x5) - 491.891))**2)',1.1059593492499542e-10,412221440,409,2,58,12,16384,paper,6,0,1884968544,2.007160757044879e-11
600.0023973099887,'x1 + x2 + x3 + exp(2*(sin(x9) + sin(x1 + x2 + x3 + sin(x5) + sin(cos(x3)) - cos(x1)) + sin(cos(x3)))*cos(exp(2*sin(x9) + 2*sin(cos(sqrt(-5.91473388671875 - 0.00510608432456421*x9**2*(4.29022e-169 - sqrt(x5))/x0)))))) + 2*sin(x1) + sin(x7**(1/4)) + sin(0.0040888*x7**2) + sin(362.543 + x7/x1) + 2*sin(x7**(1/4) + 451.66) + sin(x7**(1/4) + log(sqrt(x10))) + sin(sqrt(x7) - 298.106) + 2*sin(sqrt(x7) + 147.945) + 2*cos(x1)',5.9346954463970985,418938880,409,3,58,12,16384,paper,6,0,1859786275,5.9358086585998535
600.0213349829428,'256.204**(-exp(sin(sin(x4*x5))) - 0.810648 - cos(x3)/(-x3 - x4 + Abs(x0 + 2*x6)**(2*exp(sin(sin(x4))))/(x6 - (sqrt(x3 + x6) - sin(sin(358.453*x4)))**(x3 - exp(exp(exp(sin(sin(x6 + sin(x4)))))) - exp(exp(sin(x3))) - 0.852985 - log(x6 + exp(exp(sin(x4))))/(-x6*(x3 + x4 + x6)**2 - sin(x3) + 349.049194335938)))))*cos((-log(x6 + exp(exp(sin(x4)))) + sin(2*x6 - sin(x6**sin(sin(x6)))))**2 - 184.511)/x3**0.936185 + x4 + x5 + x6',1.8281495207109305e-11,417546240,409,4,58,12,16384,paper,6,0,3687649985,4.014321514089758e-11
600.005767110968,'x2 + x3 + sqrt((sqrt(x7)/((-x2*(-exp(-x5 + x7) + log(sin(log(207.937/sin(x3 - x7)**2) + cos(log(x8)))**2)) + sin(x7))*sin(sin(sin(sin(sin(sin(sin(sin(sin(sin(sin(sin(sin(sin(sin(sin(sin(sin(sin(2*x3 - log(sqrt(x10)))))))))))))))))))))**4))**(1/4)/sin(sin(sin(sin(sin(sin(sin(sin(sin(sin(sin(sin(sin(sin(sin(sin(sin(sin(sin(sin(sin(sin(sin(sin(sin(sin(x3 - x7))))))))))))))))))))))))))**2) - log(sin(0.00167456*x9)**2) - log(sin(327.563*sin(sqrt(x10)*x2)**4)**2) - cos(x10**(1/4)*x7/x5)',21.679907174816332,414334976,409,5,58,12,16384,paper,6,0,369133708,11.793519973754883
600.0176217779517,'2*x1 + x2 + x3 - x5*cos(x11)/((3.06501e+186**sin(x10) + x3)*cos(x3 + x5 + sqrt(x5 + cos(log(134.564*x9 - 134.563842773438)) + 0.0320296/sin(x10)))) - 0.0108382*x7 + 2*sin(x1) + sin(x9) + 2*cos(x1) + cos(x2) + cos(105.549*x4) + cos(x5) + cos(sqrt(x11) - 317.867) + cos(sqrt(x7) - 243.026) + cos(sqrt(x7) - 129.958) + 2*cos(sqrt(x7) + 341.372) + cos(488.708*sin(cos(x7))) + cos(317.867*cos(sqrt(x7))) + cos(317.867*cos(x7))',50.75709767168987,420167680,409,6,58,12,16384,paper,6,0,2995172877,5.134687423706055
600.0121845791582,'x4 + x5 + x6 + cos(log(x4 + x5 + x6 - cos(x4)/(x3*(log(x4*((-x0**log(x4) + log(x3*(cos(x2) + 298.961) + x5 + x6))**2)**(x2/log(298.961*log(log(x7*(-1/x0**542.86 + x6 + log(x4 + x5 + x6)))**4))**2)) - sin(0.370556/(x3*(x11 + 298.961))))*log(x2 + x3)*sin(0.370556/((x11 + sqrt(x2 + x5 + x6))*cos(x3 + x4 + log(x6)**2 + 298.961 + 0.0207051*exp(-x3)/(x2 + x4 + x6)))))))/(298.961*x5 + 597.922*x6)',5.062944207562067e-11,413532160,409,7,58,12,16384,paper,6,0,865305066,8.831507053441712e-11
600.0173538958188,'x4 + x5 - x5/(x2*(x2 - 0.00383178*x4 - x5 - 1.00383*x6 - 0.00383178*(x5 + 2*x6 + 227.173)/sin(x5 + x6) + exp(sin(cos(cos(x1))))/cos(x6)) + x5 + x6 + (x5 + x6)/sin(2*x5))**2 + x6 + 0.0173213*(x6 + (x5 + x5/((x5 + x6 - (x5 + x6)/sin(x5*sin(-x2 + (x3 - 319.691)*sin(x5) + 413.392)))**2*cos(x6)) + x6 + 260.975)/sin(x5 + x6) + 260.975)/((x6 + exp(x0))**2*(x7 - 547.179))',4.042278576019386e-11,415334400,409,8,58,12,16384,paper,6,0,404488628,8.028642854707169e-12
600.0047143530101,'x5 + x6 + 5.76016e-6*cos(x0 + x5 + sin(x2)**2 + Abs(x4) - 494.09716796875 + cos(x0 - 0.00240003*(x4**4/(x4 + x5 + 1/x4) + cos(x5 - 416.661))**2 + Abs(x4) - 888.529815673828)/(cos(x5 - 416.661) + x5**2/x4**2) + (x4**4/(x4 + x5 + exp(x8/sin(sin(-x8 + cos(x4**2) + 565.04)))/x4**2) + sin(x2)**2)**2/x4**4) + Abs(x4)',1.651270124679431e-11,400310272,409,9,58,12,16384,paper,6,0,2261209995,2.007160757044879e-11
600.0178931811824,'x4 + x5 + x6 + x6/(x11 - 3*x4 + x4*Abs(x6)**(2*x5/x4)/(x4 + 2*x5 + (x6 - x8 - 535.508117675781)/x5) + 16*x5**4 - 2*x6**4 - x6/(x6**x0)**cos(exp(2*cos(cos(sqrt(x1)))**2)) - x8 + (-x11 + exp(x6**(-573.307*log(x0))))/log(cos(exp(x3/x11) + cos(x0))) + Abs(x4 + 2*x5)**(2*cos(exp(2*cos(x5)**2))) + 535.508 + x3/x11)',2.152199618718645e-11,398524416,409,10,58,12,16384,paper,6,0,4190266092,4.415753526720856e-11
600.0188819961622,'x2 + x3 + sqrt(exp(exp(exp(-(x3 + 0.0264257*x7)/(x3 + x5))*log(Abs(x5)**(2*cos(x2 + x3 + cos(x2 + sqrt(2)*sqrt(x5))))))/x5)) + exp(x1*x5/(x2 + x3 + exp(cos(x1)/sin(sin(x5 - 55.777))))) + sin(x0) - sin(421.522*x4) + sin(x5) + sin(x7**(1/4)) + sin(sqrt(x7)*exp(-cos(0.00728356*x7))) + sin(x5*exp(-cos(x1)) + cos(x10)**2) + sin(sqrt(x7) + cos(x7**(1/8)) + 524.676) + sin(sqrt(x7) + cos(512.273*x7) - 348.324) + cos(x1) + cos(x3) + cos(x5) + cos(x8)',4.586170929826743,407945216,409,11,58,12,16384,paper,6,0,3160032368,4.5792436599731445
600.0001765440684,'x4**2/Abs(x4) + x5 + x6 - 0.00282356*sin(x6)**2/(x4**2*sin(x0))',1.1617762924671305e-11,416612352,409,12,58,12,16384,paper,6,0,3269070126,3.612889154513965e-11
600.0044793509878,'x4 + x5 + x6 + log(x2 + x5 + x5/(sin(x8)**2*sin(sin(cos(x4)))**2) + x6/sin(x10 + sin(sin(x11 + log(x5)/x8)**2)**2)**2 - 325.173)/(x4*(1.73702e-5*x4*x8**4/(x5 + x8*(x10*(x4 + sin(x3 + x8))/log(sin(x4)**2) + x2)/sin(sin(x11 + 430.861)**2)**2) + x6/sin(x10 + x6**2)**2 + x6/log(sin(x8 + 1/(x6*sin(x10 + sin(sin(x4/log(sin(x4)**2))**2)**2)**2))**2) + x8))',4.925088723019378e-11,392953856,409,13,58,12,16384,paper,6,0,3081541439,3.612889154513965e-11
600.0315231201239,'x4 + x5 + x6 + (sqrt(x4) - sqrt(x7) + x5*(-x3 + x9/x3)/x3)/(584.089*x5 + 584.089*x9/cos(sin(2*x5 + x9/cos(sqrt(x4)) + 1/sqrt(x9) - (x4 + cos(x5))/(x5*(-cos(x4 - 24.1222) + x6/x5)))) + 584.089*cos(cos(x6/(190.197875976563 - x3))) - 176122.0 - 584.089*(x9/log(cos(cos(x6/(190.197875976563 - x3))))**2 + (x9/log(cos(cos(0.00273208*x3/sin(x5))))**2 + x9/log(cos(cos(x3/(190.197875976563 - x3))))**2 + x9/log(cos(cos(14.5254*sqrt(x4))))**2)/x5)/(x3*x5))',9.219812571046142e-11,405897216,409,14,58,12,16384,paper,6,0,3376120482,1.2042963848379884e-11
600.0177839950193,'x4 + x5 + x6 + (6.11328e-5*x2 - 0.0191199/((x2 + x6 + (x5 - 156.38)/cos(540.533203125/sqrt(x3 + 169.413)))*cos((x2 + x6)/sqrt(x2 + 348.855))))**2/sqrt(x2 + 169.413 - 232.51806640625/(-x3 + x6)) + (x2 + x4 + x5)**2/((x4 + x6)**4*sqrt(x2 + 2*x6 + (x5 - 156.38)/cos((x2 + x5 + x6)/sqrt(x2 + 169.413)) + (2*x6 - 156.38 + (2*x5 + x6)**2/(x2 - x3)**2)**2/(2*x5 + 2*x6 - 312.76)**4))',2.1588826009325732e-10,419463168,409,15,58,12,16384,paper,6,0,2204291346,2.810024955779422e-11
600.0053705289029,'x2 + x3 - 0.0175679*x5 + sqrt(x5 + (x0 + x3**(exp(sin(x2))*sin(x11 + x8)) + sqrt(x2*x5*x7))**(exp(sin(sin(sqrt(x3) + sqrt(x5))))*cos(x11)/2)) + log(cos(x0)**2) + sin(2*x2) + sin(x7**(1/4)) + 2*sin(0.069155*x7) + sin(0.319538*x9) + sin(sqrt(x7) - 316.589) + sin(sqrt(x7) + 98.1622) + sin(exp(sqrt(x7))**(1/4) + 343.71) + 4*cos(x1) + cos(x3) + cos(x5) + cos((x3*sqrt(exp(sqrt(x7))))**(1/4)) - 1.41616',4.399091525336814,413646848,409,16,58,12,16384,paper,6,0,550243861,4.335507869720459
600.0121917370707,'x4 + x5 - 1.59026e-7*sqrt(x6)*cos(x0) + 3.84374e-5*x6**2*exp(-2*x3) + x6 + (0.00413728*sqrt(x7)*cos(x10) - 300076.06670475*exp(-2*x1)/x6**2)/x6**2 - (0.00275788*x0*sqrt(x7) - 7.60593e-6*x4**2/x0**2)*cos(x3)*cos(547.7919921875/x8)/x3**2 + 0.016253*exp(0.00413728*sqrt(x7)*cos(x10))*exp(cos(x10))*cos(x3)/x3**2',2.4957282820997778e-11,412811264,409,17,58,12,16384,paper,6,0,3606691181,0.0
600.0097814060282,'x4 + x6 + sin(x5)**2/((3*x4 + 2*x5)**2*(-0.00214546*x4 - (x5 + 491.612)/(x4 + (2*x4 + 3*x5 + x6 + (x5 + 491.612)/((-x3 + x4 + x4**(4*x4 + x5 + 3*x6 - 466.1) + x6 - 466.099761962891)*sin(2*x4 + x5 + x6 + sin(x4)/(-0.00214546*x4 - 1.05474))) + cos(x10))**(4*x4 + x5 + 3*x6 - 466.1) - 466.099761962891) - 1.05474)**2) + x5*Abs(x4)/x4',1.603449490539585e-11,420544512,409,18,58,12,16384,paper,6,0,1934392872,6.422914283765735e-11
600.0208708920982,'x4 + x5 + x6 + sin(x8*x9*(x4 - x6)*(2*x4 - (x7 + x9)*sin(x5**2 - log(x9)) - 123489.0 + 123489.0/x9)) + sin((x4 + (x7 + x9 - 123489.0)*log(x6))*sin((x6 + sin(x5*(351.411*x0*x4 + x4)*sin(350.356*x4 + 350.356*x5))/x6)*(x8 + x9 - 123489.0)*log(x6 + sin(x0**log(x9)*x4**2)/x5)))/x8',0.4720518947160752,414220288,409,19,58,12,16384,paper,6,0,2148995112,8.028642854707169e-12
600.0129921350162,'x4 + x5 + x6 + sqrt((exp(2*exp(2*sin(x4 + x5 + cos(x1**2)))) + 47985.9 + cos(sin(x3))**2/cos(cos(x2)/cos(x10))**4)/(-sqrt(x1) + x1 - x11*(-x4 - x5 + sin(x10)) + x2 + 2*x3 + x4 - x5 + x6 + (-(-x11*(sin(x10) - cos(x3**2)) + sqrt(x5 + (x4 + x5)**4))**2 + exp(x7))**2 + sin(x1 + x4**4) + cos(sin(2*x3)) + 113.313))',4.2269912509549795e-12,405438464,409,20,58,12,16384,paper,6,0,1592565386,4.415753526720856e-11
600.0145435750019,'x4*x5**(1.65379e-5/(347.809**(347.809**(-525.613*sin(x6 + cos(112.543*sin(x5 + x6)))))*x4**1.72192)) + x5 + x6 - cos(sin(347.809**(x5**(cos(cos(x5 + 2*x6))/(347.809**(167.287**(-112.543*sin(x10 + x6)))*x4**1.72192))) + x4 + x5 + 2*x6))**(2*x4)/(347.809**((x1 + 0.860962)**(-112.543*x5 - 112.543*x6)) + 2*x6 + sin(347.809**(x5**(cos(x6)/(x5**1.72192*x6))) + x4 + 2*x6 - 112.543))**2',1.6723819873104164e-11,419069952,409,21,58,12,16384,paper,6,0,784044718,1.6057285709414337e-11
600.014430873096,'x4 + x5 + x6 + sin(x4 + x5 + sqrt(exp(x5/x3)))/(x10 + x11*(sin(cos(sqrt(x5))) - sin(cos(x5))) + x5/(sin(sin(x2)) + sin(sin(x7))) + 133011.0*x5/(x4 + x6) + Abs(sin(cos(x10 + x4 + x6)) - 1.0)**895.218 - 494.261)',2.5837601154346318e-11,413712384,409,22,58,12,16384,paper,6,0,3980425317,2.810024955779422e-11
600.0127719859593,'x4 + x5 + x6 + x5*x7*(-11.259*x5 + (x11 + exp(cos(x2*x5)))*sin(x7*(x2*x5 + x6)*exp(x0)))/(x10*sqrt(x2)*Abs(x4 + 72325.6*x5 + (11.259*x3 - x6)*(x2*x5 + x2 + 13.259*x3 - x5**2 - x5*x6 - x5 + (x5*exp(cos(x2*x5)) - x5)**4)*sin(x6*(x2*x5 + x5**2)*exp(x0) + (x2 - x5 + x6)**2 - sin((x9 - 126.45)**2))))',7.97693465789722e-12,411910144,409,23,58,12,16384,paper,6,0,3356806661,2.4085927696759768e-11
600.0097364240792,'x4 + x5 + x6 + log((x9/x10)**sin(1.08025e-5*((sqrt(x11) + x11 + x4 + 17.4429*exp(-x3/x10))**(-sqrt(x6) + (log(exp(2*x5**(1/4))/x4) + cos(x4 + x5))/(0.37031 - log(exp(0.310981/x10)))) + cos(x6 - sin(x4 + x5 + x6 + (sin(x6) + cos(x3 - x8))**4/sqrt(x5)) + 0.592601))**4)) + 1.08025e-5*cos(x3 - sin(x5 + 32.7585))**4',0.018051467407158434,419528704,409,24,58,12,16384,paper,6,0,2765379632,3.612889154513965e-11
600.0130435989704,'x4 + x5 + x6 + sin(x4 - (x2 - 150.876 + 496.407470703125/x4)/x4)*sin(x2 + 246420.0 - sin(x2)/(x6 - 112613.0/(2.13368e-8*x4 + 1.0*x7 - 2.13368e-8*(2.43382*x10**(1/4) + sin(x4))**2 + 112613.0/(-0.00297993*x4 + x6 + x7))))/((0.00297993*x4 - x6 + 333.145035743713/(x7**2 + 0.0146716))/sin(x2) + 112521.0 + 335.578857421875/sin(x2) - 112613.0/(-0.00297993*x4*sin(x7) + x7 - 92.1765747070313))',3.059893846703922e-11,413401088,409,25,58,12,16384,paper,6,0,1728356533,6.824346643341528e-11
600.0142855229788,'x2 + x3 + (x5/(sqrt(x3 + sqrt(x7)*exp(sin(x2*x6)/2))*sqrt(cos(sqrt(x2))**2)) + (sqrt(x11/x4) + 207.743)**(sqrt(cos(x2 + (sqrt(x6) - x6 - (x2/sqrt(cos(x2 + cos(x2 + (sqrt(x2) - x3)/x5))**2 + exp(-x1**2*sin(349.774*cos(exp(x1)))/sin(log(cos(x7 + 30715.3)**2)))) + exp(x0))/sqrt(x6 + 2.44575*sqrt(x7)*Abs(cos(x10))**(1/4)))/(x5 - cos(x1)))**2)))/sqrt(x3 + (x7*cos(sin(x11) - 175.357)**(1/4))**(-x5 + x7 + 40.1292))',3.7022530579589588,412418048,409,26,58,12,16384,paper,6,0,3533734220,1.185712218284607
600.013761207927,'x4**2/sqrt((x4 + (x4 + Abs(sin(x3*x4))/sin(0.0214905*x2 + x3)**2)**2*sin(sqrt(x5*x9))**2/x8**2)**2) + x5 + x6 - sin(x1*(x2 + x3))/(x2*exp(2*x1) + x6 + x9**2/(x6 + (x1 + x2**2)*sin(x1/x4 + x3) + (x4 + x5)**2 - sin(x5*x9)**2/sin(0.0214905*x2 + x3)**4 + sin(sin(x1*(x2 + x3)))) + (x4 + x6 + sqrt((x4 + (x4 + 12.6559)**2*sin(x3)**2/x8**2)**2))**2)',5.453655110868998e-11,415121408,409,27,58,12,16384,paper,6,0,2342600226,4.014321427353584e-12
600.0099590821192,'x4 + x5 + x6 + sin(sin(sin(x5 + x6 + sin(sin((211461.0 + 173.447631835938/cos(x4))/(x6 - sin(-x5 + x6 + sin(x6 - 173.448)/(x5 + x6 + 211634.0 - sin(x5 + x6)/(x6 + 211461.0 + 173.447631835938/(x5 + x6 + 0.797457)))) - exp(-173.447631835938*(-cos(sqrt(x0)) + cos(sin(x1)))/sin(x6 + 211461.0))))))/(x6 - x6/cos(2*x4 + x5 + 2*x6 + 0.797457) + 128298.0)))',4.7378742370349595e-11,405749760,409,28,58,12,16384,paper,6,0,1904449481,6.021481924189942e-11
600.0053749550134,'x2 + x3 + exp(x1*(x5 + log((sqrt(x9**cos(x7)) + 63.7562)**4/(-exp(x0) + log((x6 + 7.26841e+41*exp(-x5 + x7 - exp(x4 - (x1**2 + x5 + x7**cos(x7) - 96.3895)**2) - log(x7)**2) + 2.02691650390625)*log(x11 + log(x7)**4 + 384.795)))**8))/sqrt(-0.612132733564658*x10**2*sin(x9*log((x3**x1 - 17035.4)**2)**2)/(x10 + x3*(exp(1.80789116148571e+56*exp(-x7**2)) + 121.34) - x5**2 - 58.46875) + x10 - 0.612132733564658*x6*(x3 + 2*exp(cos(x3))) + 25.1207885742188/sin(x2)))',nan,396378112,409,29,58,12,16384,paper,6,0,1934709049,6.32507848739624
600.0089679320809,'x4 + x5 + x6 - 0.96902/(1.44201e+6*sin(x10)/cos(x7) - 306.151) - 0.00326636*sin(x6)/(373.502502441406 - x1)',1.416164191559398e-10,824016896,409,0,58,12,32768,paper,4,0,3324115916,1.00358034382797e-10
600.0037352670915,'x4 + x5 + x6 + sin(0.00202929*x7*cos(x7)/x10)*cos((cos((x3 + 0.620477)**2) - 0.901446)**2)',1.1587557123408301e-11,778141696,409,1,58,12,32768,paper,4,0,2811363264,6.824346643341528e-11
600.0242588301189,'x0**2*(x0 - x7)*(-x7 + 101.592651367188/(2*x5 + sin(sqrt(x10)) - 285.462))**2/x10**3 + x4 + x5 + x6',2.5332389420466588e-11,799277056,409,2,58,12,32768,paper,4,0,1884968544,6.422914283765735e-11
600.0229824830312,'x5 + x6 + sin(sin(-x4 + x8 + (x4 + 261.758)**2)/(-x8**(2*sin(x4)) + (x4 + 385.916)**2 + 385.916)) + Abs(x4)',1.4227036255144226e-11,688422912,409,3,58,12,32768,paper,4,0,1859786275,4.415753526720856e-11
600.0132552848663,'x0/(x6**2*(-x6 + 33422.5525245667/(301.784**(sin(sin(x6))/log(x9)) + 0.00416877*x8 - 263.745)**2)) + x4 + x5 + x6',2.0927494736965125e-11,777879552,409,4,58,12,32768,paper,4,0,3687649985,5.2186178989277465e-11
600.0116244049277,'0.00172193*x11/(x3*x5*(x0 + x3 + log(sqrt(6.02215**(337262.622605324/x5**2))) - 484.677) + x4) + x4 + x5 + x6',3.16639072449839e-10,781254656,409,5,58,12,32768,paper,4,0,369133708,4.8171855393519536e-11
600.0174446599558,'x4 + x5 + x6 - (44.5667114257813 - x2)/(72577.2*x1**2 - 72577.2*sqrt(x4)/sin(sqrt(x10)) + 13529409.7016916 + 1.62363e+7*exp(x0)/x4)',3.853743765010238e-11,866025472,409,6,58,12,32768,paper,4,0,2995172877,5.2186178989277465e-11
600.0197163799312,'x4 + x5 + x6 - x6/(-x3 + 588.177734375 - 129.552795410156/cos(x6))**4 - x6/(588.177734375 - x7)**4 + sin(x3**4)',0.5495428852511378,625836032,409,7,58,12,32768,paper,4,0,865305066,6.824346643341528e-11
600.0403748399112,'-x4/(x4 + (3*x6 - x7)**2)**2 + Abs(x4 + x5 + x6) - x8/(x1**4*x11*x9)',4.063765785740565e-11,610402304,409,8,58,12,32768,paper,4,0,404488628,5.2186178989277465e-11
600.0138337002136,'x4 + x5 + x6 + cos(sqrt(x10))/(x11*(x4 + x5 - 130.972)) + cos(sqrt(x5))/(x11*x5*cos(sqrt(x6 + 256.272)))',1.9935251045372094e-11,838434816,409,9,58,12,32768,paper,4,0,2261209995,4.415753526720856e-11
600.0216373389121,'x4 + x5*cos(569.396423339844/(x10 - x11)**2) + x6 + (x0 - x1)/(x10*(x5 - 142.984))',7.592697533509718e-12,819986432,409,10,58,12,32768,paper,4,0,4190266092,4.014321514089758e-11
600.0227256650105,'x4 + x5 + x6 - sin(x7/(x10 - x8)**2) - sin(x7/(x10 - x9)**2) + cos(x7)**2/(x6 - 611.703)**2',3.696188338012224e-11,668073984,409,11,58,12,32768,paper,4,0,3160032368,5.2186178989277465e-11
600.0503899238538,'x4 + x5 + x6 - 24.146240234375/(-2*x3**2 + (-x3 - x4 + x5 - log(x6))**2 + exp(x0*x1/2))**2',3.505044383525445e-11,628359168,409,12,58,12,32768,paper,4,0,3269070126,5.620049911558844e-11
600.0122499938589,'x4 + x5 + x6 - exp(cos(x8 + 314.639282226563))/(exp(-x5*exp(log(x7)/x1**(x1/2)) + x6) - 127118.0)',4.638546913711623e-11,865992704,409,13,58,12,32768,paper,4,0,3081541439,5.620049911558844e-11
600.0195927598979,'x4 + x5 + x6 + 4.06984e-6*sin(x5)**2 - 0.253204*sin(6.1707e-8*x4**4)/(x8 + 609.807)',8.041586828432167e-12,609943552,409,14,58,12,32768,paper,4,0,3376120482,2.810024955779422e-11
600.0163475729059,'x4 + x5 + x6 + log(sqrt(log(x2 + x5)))**(x3/cos(sin(x8**2/x5))) + sin(3.6107e-73*exp(x3))**x3',nan,834961408,409,15,58,12,32768,paper,4,0,2204291346,7.627210668603723e-11
600.0057329309639,'-3.82631e-6*x11**2/x8**2 + x4 + x5 + x6 + 16.214796227496*sqrt(-1/(-x10**2*x3**2 + x10)) - x5*x7/x10**2',2.33656447750856e-11,763559936,409,16,58,12,32768,paper,4,0,550243861,5.620049911558844e-11
600.0018133979756,'-x4**2/(x8*(-576.297*x6 + x9)) + x4 + x5 + x6 - sin(sin(x5)**2)/(sqrt(x1)*(-x10 + x5))',2.975638741202942e-11,643825664,409,17,58,12,32768,paper,4,0,3606691181,3.2114571418828675e-11
600.0027707528789,'x4 + x5 + x6 - 0.792761*(x0**x0 + x4/cos(0.390504*x5) + exp(sin(x3)**2/log(x7**2)))/x3**4',4.847918714618201e-11,645234688,409,18,58,12,32768,paper,4,0,1934392872,3.612889154513965e-11
600.0220393899363,'x4 + x5 + x6 + sin(x5)**2/(3*x2 + sqrt(x5) + x5 + x5/sin(x5))**2',7.509184714530778e-12,858161152,409,19,58,12,32768,paper,4,0,2148995112,6.422914283765735e-11
600.0180399159435,'1.0*x4 + x4/(x10*(434.64697265625 - x7) - 6.9999e+7*cos(x11)**2/(x4**2*sin(x5)**2)) + x5 + x6',1.27235565667637e-11,811302912,409,20,58,12,32768,paper,4,0,1592565386,2.007160757044879e-11
600.0081175810192,'-x10*log(cos(cos(x9)**4/x6**2))/sqrt((x2/cos(exp(exp(sin(x0)/4))) + x5)**2) + x4 + x5 + x6',8.073136585453921e-13,646938624,409,21,58,12,32768,paper,4,0,784044718,4.415753526720856e-11
600.0187225339469,'x4 + x5 + x6 + (x5 - x7)/(x6*x8*log(x5)/cos(cos(x5)) + exp(0.773605/sin(x5)**2))',2.2692215910566412e-11,830308352,409,22,58,12,32768,paper,4,0,3980425317,4.415753526720856e-11
600.0178061088081,'x4 + x5 + x6 + sin(x11)/((327.042724609375 - x7)*(2*x5 - x6 + Abs(sin(x5))**(4*log(sin(x6)**4)) + 327.042724609375))',4.416723562514076e-11,657424384,409,23,58,12,32768,paper,4,0,3356806661,6.021481924189942e-11
600.0020637121052,'x4 + x5 + x6 + 3.36352e-6*cos(x2)**2 + 3.36352e-6*cos(cos(14.3561*x10) - 545.259) - 545.2587890625/(99477.9 - x9)**2',4.498738667614518e-11,674725888,409,24,58,12,32768,paper,4,0,2765379632,2.810024955779422e-11
600.0013324429747,'x4 + x5 + x6 - (-x2 + x4 - 588.901*sin(sin(x4)) - cos(x6) - 581.33 + x7**2/x2)*exp(-2*sqrt(x3))',1.889527618162491e-11,822935552,409,25,58,12,32768,paper,4,0,1728356533,8.028643028179516e-11
600.0396189971361,'x3/(-(325.209838867188 - x7)**4 - 74.7520751953125) + x4 + x5 + x6 - 37.3760375976563/((2.63787e+7 - x4**4)*log(x7))',2.820647997004904e-11,584253440,409,26,58,12,32768,paper,4,0,3533734220,5.620049911558844e-11
600.0164341728669,'x4 + x5 + x6 - 0.130665*cos(-x11 + x9 + 3.65791*sin(x3)**2)/x10',2.9532606803984536e-12,827457536,409,27,58,12,32768,paper,4,0,2342600226,4.415753526720856e-11
600.0068294149823,'x1 - 0.0582899*sqrt(x10) + x2 + x3 + exp(sqrt(x5/(sqrt(x2) - sin(x0) - sin(542.702880859375/x1) - cos(386.3955078125*exp(-x7)))))',36.649103858626574,816316416,409,28,58,12,32768,paper,4,0,1904449481,36.64921951293945
600.0233923878986,'x4 + x5 + x6 + sin(0.00323136*sin(((2*x2 + x4)*(sqrt(x9) + 2.84015) + 234.997)*sqrt(Abs(x9))))**2',4.235986933178173e-11,810811392,409,29,58,12,32768,paper,4,0,1934709049,5.2186178989277465e-11
600.0006687259302,'x2 + x3 + 94.3340454101563/x6 + 20.9158935546875*x5**3*(2*x2 + x5)/(x2*(x3 - log(sin(x9)**4) - sin(x3))*(x5 + exp(200.504**cos(x2*(sqrt(x3) + x7)*(x0 + x2 + x3 + sin(x5) + 0.0727262/cos(x7)**4)/(x5*(-20.9159*x2 - 20.9159*x5 - 133.671)))) + log(exp((x2 + 202.674)**cos((x7 + log(x11))/log(x10**2)))) - 1789.12463378906/x5)*(x1 + x2 + x3 + cos(x2)**2/(cos(x7)**2*cos(0.0204151*x7 + x8)**2) + 22.3031))',3.9013483186129667,643792896,409,0,58,12,32768,paper,6,0,3324115916,1.226568341255188
600.0378157000523,'x4 + x5 + x6 - 1/(x1*(sqrt(x1) + cos(log(x9))))**375.572 + (sqrt(x1) + x1 + log(x9) + (x2 + 94.2657470703125/(x4 + log(310.343*x1 + 310.343*x2 - 2/((-x1 + 415.722290039063/x2 + x9*(-cos(x5) - 467.726745605469)/x1)*(x1 - 310.343*sqrt(x4) - 309.343*cos(x1) + cos(x5) + 143.243408203125)*cos(log(x9)))) + log(log(x9))*cos(exp(-116556.0*x1))**(x1*(sqrt(x2) + x9)) + cos(x1) + (x1 - 375.572)/x1))/x2)**(-4.41011)',2.260903340083223e-11,670498816,409,1,58,12,32768,paper,6,0,2811363264,6.422914283765735e-11
600.0070646428503,'x4 + x5 + x6 + x5**2/(x3**2*(x2 + x4 + (x7 + exp(x7/(x0 + x6 + x7 - 483.066)))/(-x4*(x0 + x7)/(x3 + x5) + cos((x3**2 + x3*sin(x0 + x7) - 0.752568)**2)) + exp(2*exp(2*x4/(x3 + x4))*sin((-x11 + x3**2 - 383.617)*sin(x0 + x7) - 0.752568)**2/sin(x0 + x7))*sin(0.0637527*x7 - cos(sqrt(3*x4 + x5 + cos(sin(cos(x9)**2))**2/(x0**2*(x5 + x6)**2))))**2/cos(x9)**4 + 78.5079)**2)',8.515143401457358e-11,574652416,409,2,58,12,32768,paper,6,0,1884968544,2.810024955779422e-11
600.0283645358868,'x4 + x5 + x6 - log(0.263127/x6**1.92617 + x6) + log(x6 + (2*x4)**(-x5 + cos(x4))) - log(x6 + (2*x6)**(-x5 + cos(x4))) + log(x6 + (x6 + (2*x6)**log(x5) + log(x4) + 1.92617)**(-x4 + x4**(x4 - x6 + cos(x6 - log(x4)) - 9.70045)))',6.418518166962177e-14,548601856,409,3,58,12,32768,paper,6,0,1859786275,2.4085927696759768e-11
600.0313966569956,'x4 + x5**2/(x2 + x3**2*(x2 + x3 - log(x11 + x4) + 13.0342)**2/(-x2 + x4 - sin(x2) - 13.0342)**2 + x3 + (-x11 + x3*(2*x2 + 2*x3 - log(x5 + 6.32661/x2))/(x3 - x6 - sin(x2)) + x3 + x9)*sin(1.12037*x3*(x2 + x3 + 0.825733))/((x0 - cos(x2 - x4 + sin(x2) + sin(x6 - cos(x9))))*cos(x9)))**2 + x5 + x6 + cos(x9)**2/(-0.0748886581754934*x11 + 0.0748886581754934*x2 + 0.0748886581754934*x3 + 0.0748886581754934*x9 + 7.4622863774071/cos(12.1166*x4))**2',7.64166501510193e-08,670203904,409,4,58,12,32768,paper,6,0,3687649985,3.2114571418828675e-11
600.0223366301507,'x4 + (x5 + x6)*cos(sin(x7/(x3**2*(0.925213*x2*(x3 + x5) - 243.315*x3 + 0.925213*x5 - 0.925213*log(x9) - 243.315*cos(x3))))) + (0.0100743*x9 + 0.0100743*(-x6 + x9 + (x3 + 307.476)/cos(log(log(x2))) + (x5 - 171.945281982422/sin(sqrt(x8)))/cos(x5 + x9)**2)*cos(log(log(log(x2 + 447.287))) - cos(x2))*cos(243.315*x5 - 243.315*log(log(log(x4 + x9))) + 243.315*cos(x3) + 243.315*cos(log(x5))))*log(x3 + 307.476)/(x3 + x4)**4',5.676914335317733e-11,644284416,409,5,58,12,32768,paper,6,0,369133708,1.6057285709414337e-11
600.0026193109807,'x4 + x5 + x6 - sin(sin(307.140014648438*exp(-x1 + cos(317.891*x5) + cos(x3 + 290.804))/(x9*(290.804 + (x5/sin(x5) + ((x4 + x5/sin(cos(x3)))/(x5/log(x3 + x4 + exp(x6/2) + exp(x1 - cos(x3 + 290.804) - cos(x4 + x6))) + sin(x3)/x9) + log(x7) + 290.804 + 290.804077148438/log(x1 + x3 + exp(x5)))/(sin(x3 - 219.407) + 290.804))/(x6 + 290.804))))) + exp(x1 - cos(x3 + 290.804) - cos(x4 + x6))/x2**4',2.0565134277784383e-11,628686848,409,6,58,12,32768,paper,6,0,2995172877,1.6057285709414337e-11
600.0080891461112,'x4 + x5 + x6 - (sqrt(x4) - cos(sqrt(x3)*log(x2)))**(-0.0286558*x3 + 0.0286558*x6 - 7.68268)*cos(sqrt(log(x2)*log(x2 + 2*x3 + log(x8) + 19.3406) + 75.5164)) - cos(sqrt(x1 + x2 + x6 - ((sqrt(x3)*(cos(log(x8) - 56.1757)**2)**(1/4)*sqrt(Abs(x5)) + x3)**(-0.0286558*x2 + 0.0286558*x6))**(x6/x3) + 516.217))/(sqrt(x4)*sqrt(x6) + 75.5164)**2.4984 - cos(x5**2*cos(log(x8) - 56.1757)**2)/(sqrt(x3)*(cos(log(x8) - 56.1757)**2)**(1/4)*sqrt(Abs(x5)) + x3)**2.4984',8.336013571681018e-11,642285568,409,7,58,12,32768,paper,6,0,865305066,4.415753526720856e-11
600.0034663029946,'x4 + x5 + x6 + sqrt(0.176453**log(exp(sqrt(x3 + (x6 + 1.16293716886305e+25*exp(-x1 + x3 - x4 - x6))*cos(cos(x6 - sin(sin(2*x2 + x3 - (x2 + cos(sqrt(x2 + 31.9938) - 31.9938))**2 + 25.7218)))))))) + sqrt(0.176453**log(exp((-x2 + x4 + x6 + sqrt(log(x2 + sqrt(x3 + (x4 + x5 + x6 + (x3 + 78472896537672.1*exp(-x5))**2 + 31.9938)*cos(cos(x1 - sin(x3 + x6 - 6.27197)))))))**2)))',5.931600796242756e-11,652214272,409,8,58,12,32768,paper,6,0,404488628,5.620049911558844e-11
600.0332402570639,'x4 + x5 + x6 + 0.457115/((x6*log(x9) - 566.608093261719/log(x5*cos(x6)**4)**2 - 566.608093261719/(x5**2*(sin(x4 + x5 + x6 + log(x9)) + sin(log(x3)))**4))*(x1 + x3 - 0.0031102*(x1*x2**2/sin(x5)**16 + 2*x4 + exp(313.703247070313/(sqrt(x5) + sin(2*x5 + x6 + log(x9)))) + log(x5*(log(x1) + cos(x6)**2 + 580.349)**2)**2 + sin(log(x9)) + cos(x6)**2 + cos(x9)**2 + 580.349)*exp(-x4 - sin(x1 - 802.041) - sin(log(x2))) - exp(x0)))',5.63046648323743e-11,537722880,409,9,58,12,32768,paper,6,0,2261209995,8.028642854707169e-12
600.0080906718504,'0.00167515*x0**2*sqrt(x7)/((x2 - 293.974)*(x1 - x10**cos(((x7 + x8)*log(x8))**(1/4)) + x5 + sqrt(x8) + exp(x0))) + 0.00167515*x2*x5/(x3**2*(-x0/sin(x8 + 496.02) + x3 + x4 + sqrt(x8))) + x4 + x5 + x6 + log(exp(0.00167515*cos(x3 + cos(sqrt(x2) + x6) + cos((cos(((x5 + exp(x0))**(sin(x8)**2))**(-293.974)) + 596.961)**2))**2/(-0.00199642*x10**cos(sqrt(x4 + x5 + x6)) + x5 + x6)))',3.4774279362604605e-10,710574080,409,10,58,12,32768,paper,6,0,4190266092,0.0
600.0378488281276,'x5 + x6 + sin(1.07034e-5*sin(1.07034e-5*x5*(x5 + x6)*sin(x6) + x5 + x6) + 1.07034e-5*sin(2*x5 + 2*x6 + sqrt(x8)*(2.68267e+9*x6**2 + 93427.9)/((x5 + x6)**4*(-146.616*sqrt(x0)*x7**2 + x2 + (x5 + x6 + sin(2.95447*sqrt(x3) - 2.93273))**2/(x10**sin(x4)*(sqrt(x3) + 0.581782)))**2) + 266.586)**2) + Abs(x4)',1.0333788926885966e-10,542048256,409,11,58,12,32768,paper,6,0,3160032368,3.612889154513965e-11
600.0312296610791,'x1**(-0.0025296*x1**(-4*x3**(-2*x2 + 2*x6/x2) + 4*cos((x6 + 130.434)/(x5 + exp(2*x4) - cos(x5/log(x7**2))))) - x10**(2*581.048**(79.5305 - 4*x5**(-2*sqrt(x2) - 2*x5 + 790.638061523438)) - 2*x10 + 4*x5) - 0.0025296*x2 - x4 - x6 + 0.0025296*x6**(2*cos(x3)) + 0.0025296*x8 + cos(0.0502952/log(x5)) - 0.0025296*cos(log(x3 + x5))) + x4 + x5 + x6 + x7/((581.047607421875 - x1**x0)**2*(x2 - 599.128)) - 0.00162296*x7/63.275**(x7**2)',3.9703491148423746e-11,567574528,409,12,58,12,32768,paper,6,0,3269070126,2.007160757044879e-11
600.0241954319645,'x4 + x5 + x6 + sin(x5**2*(47.8849 + sqrt(47.8849 + 527.844360351563/log(sqrt(x3)))*exp(-22.9748636633944*x5*sqrt(exp(-(x3 + log(sqrt(log(x0))))*log(sqrt(log(x0))))/sqrt(x3)))/sqrt(x3)))/(((x3 + log(sqrt(log(x0))))*sqrt(log(sqrt(x3)) + 302.905) + log(x2) + 126597.0)*sqrt(log(log(sqrt(47.8849 + 527.844360351563*exp(-(x3 + log(sqrt(log(x0))))*log(sqrt(log(x0))))/sqrt(x3))) + cos(cos(sqrt(x2 + x3)))**2)))',3.038098978466194e-11,677511168,409,13,58,12,32768,paper,6,0,3081541439,4.014321514089758e-11
600.0058688661084,'x4 + x5 + x6 + ((x5 + x6)**(-1.16522))**(log(x5)**2/sqrt(x5) + 1/(x4**sin(x10 - x2)*(x4 + ((x6 + exp(x4/2))**(-1.16522))**(log(x5)**2 + x4**sin(x4 + sin(sin(x2) - sin(x11**2/(x4**(-0.691265) - sqrt(sin(0.0043751*Abs(cos(x6 - 142.807))**(2*sin(x4 - x8))/x5) + 563.691) - log(x4 + x5 + x6) + 2.68189e+25))/sqrt(x2)))/x4))))',1.6642265366171354e-12,635797504,409,14,58,12,32768,paper,6,0,3376120482,4.8171855393519536e-11
600.0108165249694,'x4**2/Abs(x4) + x5 + x6*cos(sin((x10*x3)**(-exp(x6/x2) + sin(log((-0.0177712*x4 - 2.48823*x5 - 0.0177712*cos(0.861775*sqrt(x3/x5**0.429235)))**2)**(1/4))**2)))*cos(sin((x10*x3)**(-exp(cos(cos(log(x3 + x4*x5*cos(x2*x3)**2 + (x6*cos(5.21334e-6*x11**2*x4**2*x5**2*cos(x2*x3)**4 - 0.0923568) + 221.778)**log(x7) - 1/(x10**221.778)**0.411091 - 0.429235)))) + sin(log(x3))**2)))',6.380937016697691e-16,636846080,409,15,58,12,32768,paper,6,0,2204291346,2.007160757044879e-11
600.0207986889873,'x1**sin(x5)*exp(-85.8164**(exp(x1)/x5)*x5*exp(-x1)) + x4 + x5 + x6 + (x1 + x4 - 47852.3*x7*cos(sqrt(x4 + x5)) + 67763.2)/sqrt(x5 + x8**(x1*(x1/x3 + exp(x1) + 260.314)/(x4*x8) + sqrt(x4 + x5)*exp(-cos(x3 + sqrt(sqrt(x4 + x5)*exp(-cos(x3 + 260.314*x6/(x4*x5**(1/4)))) + sqrt(85.8164**(exp(x1)/x5)/x5)*(x0 + x5)/x4**2) + x6/x4))))',4.083654312209439e-11,685015040,409,16,58,12,32768,paper,6,0,550243861,5.620049911558844e-11
600.011062935926,'x5 + x6 + exp(0.00868042*log((x6 - sqrt(x6 + exp(-3.51546*x6)))**2)**cos(sin(x5*(x0 + x4**(1/4))**2)))**(-404.987) + Abs(x4)',9.475659832250145e-12,547618816,409,17,58,12,32768,paper,6,0,3606691181,5.620049911558844e-11
600.0074815000407,'x4 + x5 + x6 + log(sqrt(cos(sin(sin(cos(x9))/(x1 + x4 + x5 - x6 - 200.683))))) + log(sqrt(cos(sin((x6 + (x7 - 69.7714)/(-x1 + x4 - x5 + x6 - x7 - 87.2485 - 0.610257/(2*x4 + x5)))/((2*x4 + x5)*(x4 + 2*x6 - x7 + 270.454 - (x4 + x5 + 2*x6 - x7 - x7/sin(x2) + 69.7714)/(x7 + sin(sin(x2 - 0.750118))/x6)))))))',7.267169006116612e-11,765689856,409,18,58,12,32768,paper,6,0,1934392872,2.810024955779422e-11
600.0052956931759,'x4 + x5 + x6 + 3.28046e-6*(x5**2/(x3 + x5 + 0.484356)**2)**(2*cos(cos(x2 + x3 + cos(exp(sin(x5*(x5 + x6)**2))) + (2*x2 + x3 + x4 + 2*x5 + x6 + ((x4 + x5 + cos(x5**2))**(x1/2))**(sin(x2*x3*sqrt(x5)) + sin(cos(x5 + cos(x5*x6**2/(x3 + x5 + cos(sin(x11 - (x3 + 2*x5)**2)**2)**2)**2))**2)))**2*cos(x4 + x6)/(x5 - 607.836791992188/(log(x8 + 264.78) - sin(sin(x7))))**4)))*sqrt(x11/x5 - x5 + 270.697814941406)',6.941417832803767e-11,652804096,409,19,58,12,32768,paper,6,0,2148995112,3.612889154513965e-11
600.0379437189549,'x4 + x5*cos((sqrt(cos(sin(sqrt((x2 + x5*cos((x5*cos(0.332612*x5*cos((sqrt(cos(sin(Abs(x2 + 0.030561)))) - 0.803727)**8)**2)**2 + x5 + 5053.2)**8)**2)**2)))) - 0.940676)**8)**2*cos((sqrt(cos(sin(Abs(x2 + 0.030561)))) - 0.803727)**8)**2*cos((cos(sin(Abs(x2 + sin(Abs(x2 + 0.030561)))))**(1/4) - 0.807957)**8)**4 + x6',3.715103199321453e-19,347013120,409,20,58,12,32768,paper,6,0,1592565386,4.415753526720856e-11
600.0160361779854,'x4 + x5 + x6 + (x5*exp(-sin((241.81*x4 + 241.81*x6)**2/(x5 + sin(x5/sqrt(x6 + 162.212)))**2)) + sin(5.78966*x6*exp(-sqrt(log(1.00869*log(x4)**2))) + 1.00869*log(x4)**2))**2/(1.00869*x4*(x4 + x5)*log(x4)**2 - x4 - 2*x5 - sin(x5 + 374.857) - sin(x5 + sin((-x3 + sin(x2*log(x10 + x6)))/x6)))**2 + sin((-x2 + x5)*exp(-x6*((x7**(1/4) - sin(x4 - 126844.0))**2)**(sin(x1)*sin(Abs(x11))**2)))',5.6558572145790065e-11,784465920,409,21,58,12,32768,paper,6,0,784044718,2.810024955779422e-11
600.0317300930619,'x4 + x4/((x4 + (x4/(x4 + 0.601635) - ((log(x4 + x6) + x4/x0)**2 + 746.415)/x2)**2 + (log(98.2388**(2*exp(x0)*sin((98.2388**(4*sin(sin(165213.0**(sin(x11 + x8)**2)))) + 190168.0)**(sin(x11 + x8)**2))) + x4 + 548.578) + x4/x0)/sin((x4 + 1141.53)/x2))*(x6 + (x0 + 383.822)**2 + (98.2388**sin((2*x5 + 189367.0)**(sin(x11)**2)))**(2*exp(x0)))) + x5 + x6',2.562515640825248e-11,538509312,409,22,58,12,32768,paper,6,0,3980425317,2.810024955779422e-11
600.0374183380045,'x5 + x6 + Abs(x4) + cos((472.696533203125 - cos(sqrt(log(Abs(x4))) + 0.298168))**2)/(-log(x11 + log(exp(log(-cos(sin(x3)**2) + 11.4929/(7.44865e-6*x6 + 7.44865e-6*sin(cos(sin(x3)) + 357.177)))**2 - sqrt(log(Abs(x4))))) - 0.938786)/sin(cos(sin(11.4929/(7.44865e-6*sqrt(x5) + 7.44865e-6*x6 + 8.56066e-5/x2))**2) - 11.4929/(7.44865e-6*x6 + 7.44865e-6*sin(0.00757079*sin(x3)**4 + 357.177)))**2 + 472.696533203125)**2',2.1715060016105552e-07,466780160,409,23,58,12,32768,paper,6,0,3356806661,2.007160757044879e-11
600.0173169258051,'x4 + x5 + x6 + log(exp(x4/(x3*x4 - 519.606)))/(x10 - (x4/(x7 + x4/x10) + x5 + exp(x7/(x4*sin(x2) + log(x5)**2)) + log(x5)**x1 + cos(x7) + 342161.0)*exp(-2*exp(-0.00192454*x4))) - 0.0078346/((x10 - (-0.00192454*x4 + 684323.0 + exp(x4/2)/x10)*exp(-2*exp(x0/(47.3885*x7 - 0.887067))))*sin(7.14428*x6)) + log(exp(x7/(x2 + x4*x5)))/(x10 - 126274.0)',9.774931698622669e-11,585596928,409,24,58,12,32768,paper,6,0,2765379632,4.8171855393519536e-11
600.0195188368671,'x1**2*(x1*x2/(x2 + x3 + x4 - 281.352) + x1*x3/(x2 + x3 - 281.352 + (x6 - 281.352)/x4) + x1*x4/(x3 + x5 + x6 - 281.352) + 2*x5 + x6)*sqrt(cos(log(x2 + x6)))/((x10 + x2)*(x10 + x4)) + x1*x5/((x2*(x3 + x5 + 2*x6 - 281.352)/((x3 - 281.352)*(x3 + 173.694885253906*x4/(x6 - 281.352))) + x3)**4 - 281.352355957031/sin(x5*(x2 + x3 + x4 - 281.352)/(x1 + 67192.8))**2) + 1.0*x4 + x5 + x6',1.0411708528422468e-10,682033152,409,25,58,12,32768,paper,6,0,1728356533,1.2042963848379884e-11
600.0044338149019,'x4 + x5 + x6 + log(sqrt(x10))/((x4 + x5)*(-x7**2 - exp((sqrt(x2) - x7**2 - exp(sin(sqrt(x5))))*sqrt((sqrt(x2 + 602.447) + log(sqrt(x10)))**(x7 - sqrt(exp(cos(exp(sin(log(x11)**2)))))))) + 195.490966796875)*(-cos(exp(sin(x0))) + 195.490966796875 - log(sqrt(x10))/(sqrt(x2) - x7*log(x0)))) + sqrt(x6)/(sqrt(x10)*(x4 + x5)*(-x0 - x7*cos(exp(sin((-exp(sin(sqrt(x2 + 602.447))) - log(x6**2) + 195.490966796875)**2))) - log(x4) + 195.490966796875 - log(log(x0))/((x0 + x5)*sin(sqrt(x11*x3))**4)))',2.8354082000675447e-11,657293312,409,26,58,12,32768,paper,6,0,3533734220,4.014321427353584e-12
600.0057274738792,'x4 + x5 + x6 + (-141.773*x0*x7/x3 + 521.444 + (-141.773*x0**2*x7*(x0*(x7 + exp((x4 + x9)**(1/4)))/x3 + x5**2)/(x3 + (x7 + exp(Abs(x7)))**2 + sin(cos(sin(sqrt(x4 + x9))))) + 523.761)/x0**4)/(x3 + x4 + sin(cos(x3)))**4 + (x4 + x5**2 + (x5 + cos(x2))/sin(cos(x3 + (2*x3 + 0.840484)**2) - 0.903366) + 521.444)/(x2 + (2*x3 + sin(x4))**2 + exp(sqrt(Abs(x7))))**2',3.2635602454813884e-11,527564800,409,27,58,12,32768,paper,6,0,2342600226,8.028642854707169e-12
600.0363262249157,'x4 + x5 + x6 + sqrt(x10 - x5)/(x3**4*log(log(log(x6 + 0.540302/((x3 + x5)*(x4 + (x10 - x5 + 337.102)**2)**cos(x5))) + (x6 + (log(249.742370605469*Abs(x6)**(-2*sin(x0) - 2*cos(cos(cos(log(x4)))**2))/(x3 + sqrt(x10 + x9))) + 337.102)*Abs(x3)**(2*cos(x3*cos((x3 + Abs(x0))**2)))/(x3*(sqrt(x3) + x3)))/((x1 + x6)*log(249.742370605469/((x3 + sqrt(x10 + x9))*Abs(x3)**(2*cos(x1**2 + x1 - x10))))))))',2.1328080578759633e-11,616955904,409,28,58,12,32768,paper,6,0,1904449481,6.021481924189942e-11
600.0340358579997,'sqrt(-0.003601*x7*sin(x10 + 36800.7810334498/x5**2)/(x3**(x10**2/(4*x5**2*((x3 + x4)**(139.557952880859/x5) + 77117.8))) - 574.799) + (x4 + x5 + x6)**2 - 0.003601*sqrt(x10 + ((x3 + sqrt(x5 + 2.62932852808124/sin(x10 + 0.810512)**4) + 279.116)**(279.115905761719/x3) - 574.799)/sqrt(-x3 + x4 + x5 + x6**2 + x6) + 383.670593261719 + 2.62932852808124/sin(x5 + x6**2)**4)*sin(x10 + 0.810512)/(x3**(139.557952880859/x5) - 574.799))',6.006048757698353e-11,615317504,409,29,58,12,32768,paper,6,0,1934709049,2.007160757044879e-11
600.0195356360637,'x4 + x5 + x6 - (x2 + x5 + x7)/((2*x4 + x7)**4 - 346.35*exp(x7) - 3.90065216158328e+65*exp(-x4 - x5))',2.9735660223716407e-11,141099008,409,0,58,12,65536,paper,4,0,3324115916,5.620049911558844e-11
600.1926436410286,'x4 + x5 + x6 + x9/((x1 - 7.91533e+7/cos(sin(x4**cos(x6))))*(x4**(2*cos(x3**2)) + x5))',1.989778347182618e-11,141557760,409,1,58,12,65536,paper,4,0,2811363264,4.8171855393519536e-11
600.2023648191243,'x4 + x5 + x6 - 0.00170184*(x7 + 46.1057)*sin(3.05003*x3)/x8 - 1.62171e-8*x8/x6',5.2255677186114204e-11,141885440,409,2,58,12,65536,paper,4,0,1884968544,5.620049911558844e-11
600.0596491589677,'x4**(-533.648) + x4 + x5 + x6',4.317517340575137e-28,141623296,409,3,58,12,65536,paper,4,0,1859786275,7.22577830902793e-11
600.2448037308641,'x4 + x5 + x6 + exp(-499.68359375*(x2 + x5)/(x2 + x5 + sqrt(x7 + 249.842))**2)*sin(cos(x2**2))**2/x3**2',4.878813708809594e-11,142671872,409,4,58,12,65536,paper,4,0,3687649985,7.627210668603723e-11
600.2325935331173,'x4 + x5 + x6 - 4.5539e-5/(log(x7)*log(log(x0**2)/log(x7))*log((283.806*log(x4**2) - 225.352355957031)**2))',3.802542985370621e-11,141361152,409,5,58,12,65536,paper,4,0,369133708,4.8171855393519536e-11
600.2271897080354,'x4 + x5 + x6 + 4.93421e-6*sin(cos(exp(exp(cos(x0))))) + 0.0325237*sin(x5)/x5**2',1.3066825386373367e-11,142671872,409,6,58,12,65536,paper,4,0,2995172877,4.8171855393519536e-11
600.0875175469555,'x4 + x5 + x6 - 282.9794921875/((x11 - 792.696692773607/cos(x9)**2)*(-1237.27110831882*x4 + 256.529*sqrt(x9)))',1.2768319238438969e-11,142278656,409,7,58,12,65536,paper,4,0,865305066,5.2186178989277465e-11
600.2494249080773,'x2*sqrt(x6)*sin(2*x6)**2/((-x8**2 + exp(4*x1))*sin(x6 + x8)) + x4 + x5 + x6',1.197725922148788e-11,139526144,409,8,58,12,65536,paper,4,0,404488628,5.2186178989277465e-11
600.2271996040363,'x4 + x5 + x6 + 8.5542e-6*log(328.074584960938/(x7 + 273.555)) + sin(5.06091e-8*x0*x6/(-x0**2 + x7))',2.6607829999515185e-11,141885440,409,9,58,12,65536,paper,4,0,2261209995,4.415753526720856e-11
600.2709334699903,'x4 + x5 + x6 + x7/(x3 - (x6 - 67329.1)**2/(x4*cos(222.936279296875/sin(x8)) + x5))',1.2682240902949897e-11,143130624,409,10,58,12,65536,paper,4,0,4190266092,6.422914283765735e-11
600.1097198359203,'9353.65**(0.0229723*sin(x5*x6) - 1.38417) + x5 + x6 + Abs(x4)',1.0923921131635963e-11,141819904,409,11,58,12,65536,paper,4,0,3160032368,8.028643028179516e-11
600.1541641249787,'x4 + x5 + x6 + x6/(x4*(6338.73*(x10**sin(sin(x4)) + 404.938)**sin(sqrt(x10))*sin(x2) + 1.75219e+6))',2.322210940723604e-11,142802944,409,12,58,12,65536,paper,4,0,3269070126,4.014321514089758e-11
600.1928039281629,'x4 + x5 - 0.00187421526387267*x5*cos(x5 - 460.691)/(-x5 + 4*x6**2 - x7**2*sin((x6 - 0.433073)**2)) + x6',5.523008043137914e-11,143065088,409,13,58,12,65536,paper,4,0,3081541439,6.824346643341528e-11
600.0123612759635,'x4 - 0.000223131*sqrt(x5)*log(x4)/((sqrt(x5) + x6)**2*cos(0.540414*x5)) + x5 + x6',3.120962250824209e-11,141557760,409,14,58,12,65536,paper,4,0,3376120482,5.620049911558844e-11
600.1238162929658,'x4 + x5 + x6 + sin(exp(-79.0153*x6)) + 375.505920410156/(x3**2 - 751.012/cos(x10/(x6*log(x9))))**2',2.0973147765478245e-11,140574720,409,15,58,12,65536,paper,4,0,2204291346,8.028643028179516e-11
600.21594258002,'x4 + x5 + x6 - sin(x11)**2*sin(x8)**2*sin(sin(x8))**2*sin(sin(sin(x4)))/(x8*sin(sin(exp(cos(x4)))))',2.968981209313564e-11,142737408,409,16,58,12,65536,paper,4,0,550243861,5.2186178989277465e-11
600.1146277510561,'x4 + x5 + x6 + cos(505.463*x1 + 505.463*x8)/((x5*sin(x8) + 417.424)**2 + log(log(x0)))',1.7842588308060802e-11,141557760,409,17,58,12,65536,paper,4,0,3606691181,4.014321514089758e-11
600.2104242939968,'x4 + x5 + x6 + sin(x5 + sin(x11 + x4 + x5 + sin(x4 + x5**2 - x8)))/(x5 - 508.185)**2',2.352931444965314e-11,140771328,409,18,58,12,65536,paper,4,0,1934392872,4.415753526720856e-11
600.0667642108165,'x1 + sqrt((x2 + x3)**2 + (Abs(x5)**(2*cos(x3 + sqrt(x7))))**sin(x1/x0) + Abs(x5 - 27.3461)**(2*sin(x3 + 429.167)))',26.374535007031163,143523840,409,19,58,12,65536,paper,4,0,2148995112,26.375635147094727
600.0067797049414,'x5 + x6 + sqrt(exp(501.84423828125/(-sqrt(x6 + sqrt(x8) + 48.115) + sin(218.313*x9)))) + Abs(x4)',7.316041192299463e-11,140247040,409,20,58,12,65536,paper,4,0,1592565386,6.422914283765735e-11
600.1973699200898,'x4 + x5 + x6 + (cos(x5 + 413.011) + cos(sqrt(x4) + x4 + x5 + 274599.0))/(x4 + 286560.0)',1.0228046690008068e-11,142213120,409,21,58,12,65536,paper,4,0,784044718,3.612889154513965e-11
600.1023162899073,'x4 + x5 + x6 - sin(sin((2*x5 - 0.998154/sin(log(x5)))**2))/(x2 - 6.04535*x3 + x5)**2',3.3231503551546816e-11,142934016,409,22,58,12,65536,paper,4,0,3980425317,5.620049911558844e-11
600.0623713999521,'-x0/((0.482887 + (exp(x0*exp(-sin(cos(x3)))) - 111472.0)/x11)*(-342.198*sqrt(x10) - 342.198*x3)) + x4 + x5 + x6',5.312617158513545e-11,141230080,409,23,58,12,65536,paper,4,0,3356806661,4.8171855393519536e-11
600.2155896658078,'x4 + x5 + x6 + sin(x2**2/(253.896*x3 + 253.896*x4 + 253.896*x6 + 131952.275302291/(x3 + x4 + x6 - 291.033))**2)',3.564187744714059e-11,142737408,409,24,58,12,65536,paper,4,0,2765379632,6.422914283765735e-11
600.0830720230006,'x4 + x5 + x6 - log(x4)/(x10*x4**2*cos(x4))',3.4140835409209334e-12,142868480,409,25,58,12,65536,paper,4,0,1728356533,6.021481924189942e-11
600.192349525867,'sqrt(-0.00310146*x1*(x7 + exp(x2/x4 + exp(cos(x6 + log(x5)))))/x4**2 + (x4 + x5 + x6)**2)',1.1848917946270905e-11,140312576,409,26,58,12,65536,paper,4,0,3533734220,6.422914283765735e-11
600.0473180969711,'x4 + x5 + x6 + sin(x7/(-2*x3 + 0.412001*x5*x8*(x2 - 204.179) - x6 - 204.179443359375))',2.466659914453299e-11,142999552,409,27,58,12,65536,paper,4,0,2342600226,6.824346643341528e-11
600.193668795051,'x4 + x5 + x6 + (-4.55164e-16*x0*x8**2 + 5.38519e-18*x4 - 4.49778e-16*x7)*exp(cos(sqrt(x6))**2)',3.863200837744747e-11,142213120,409,28,58,12,65536,paper,4,0,1904449481,5.620049911558844e-11
600.1316455770284,'sqrt((x4 + x5 + x6)**2 - sin(x2)/(sqrt(x10) + x3 + x5 + x6 - exp(-0.0242743*sqrt(exp(sqrt(x3)))/sin(x2))))',1.3489235699345763e-11,140247040,409,29,58,12,65536,paper,4,0,1934709049,7.22577830902793e-11
600.0034773310181,'x3*(2.42333418440912 - 4.12745892733052*x7*(7.25066 + 73.8667602539063/(-179.004 + 1338.64558475447*x7/(x5*log(x7)**2)))/(x5*log(x7)**2))/(-x3 + 2.64619*(x4 + x5**2 + 2*x5 + x6 + ((402.564697265625*exp(-x1))**(7.25066/x5))**log((0.227754*x5*x8**2/x7)**(sqrt(x1))))*exp(-402.564697265625*exp(-x1)))**4 + x4 + x5 + x6',4.2812177916281434e-11,132841472,409,0,58,12,65536,paper,6,0,3324115916,3.2114571418828675e-11
600.2572929619346,'x4 + x5 + x6 - log(x0)**2*sin(cos(sqrt(x0))/(-x2 + x4 + x5 + x6 - exp(8.29783*sin(sqrt((x2 + x7/(x5*(x3 + 2*x5)))*(x2 + x3 + 17.3669)))) - exp(8.29783*sin(x2 + 0.966108)) + 299.462) - sin(x5 + 193312.0)**8/x0**8)**2 + 0.00198781*x3*cos((x2 + 0.00257126*cos(sin(x2 - 0.429416)**2)/(x3 + sqrt(x5) + 0.177042))*(x2 + x3 + 17.3669))**2/(x2*(x4 + x5 - exp(8.29783*sin(x2 - 368.768)) + 388.914))',3.16777763068133e-11,136249344,409,1,58,12,65536,paper,6,0,2811363264,4.014321427353584e-12
600.1356725220103,'x4 + x5 + x6 - 2.99821e-11*x9*exp(sin(log(x9) + cos(x6 - 87.802490234375) - 141.405)) + cos(0.0068233*x6*log(x9)*sin(x2))/(413.02*x1*x3*(-x6*exp(-x2*(x6 + 2*log(x9) - 141.405)) + cos((x3 - x5 + x6**2*sin(x2)**2 - sqrt(exp(-(x5 + 40.3798)*(x5 + 3.30767e+10*exp(-x9*(x2 + x5) - sin(log(x9) - 140.918))))*log(x6)*cos(exp(cos(x10**2)) - 87.802490234375)) - 40.3798)**2)) + x2 + sin(x10) + 378.057)',4.113221977950314e-10,135135232,409,2,58,12,65536,paper,6,0,1884968544,4.014321427353584e-12
600.1494561850559,'x4 + x5 + x6 - sin((x5 - sin(x6))/(x11*(306.491**exp(sin(x6)) + x4**((x11 + sin(exp(2*cos(x11 + x2 + 0.989357))))**cos(1.63275**exp(0.00326274*x4/(x3*(0.999463 - sin(x5 + x6 + 306.491)))) + 306.491**(cos(x6)/sin(exp((x2 + log(x5) + 5.42296)/x4))) - x3)) - 584.72))) - 4.49904663390719e-6*(x11/cos(2*x2 + 0.999463) - x6 + 369.104370117188/(0.999463 - sin(x4 + x6 + 226.549)) + 369.104370117188/(0.999463 - sin(x4 + 2*x6)))*sin(x6)/x10',5.4689070952515704e-11,133627904,409,3,58,12,65536,paper,6,0,1859786275,2.4085927696759768e-11
600.0385332831647,'x4 + x5 + x6 + log(x3**(0.279196*cos(x2**2*x4**2/(0.279196*x6)**log(x3*(x5 + x6)/(x4 + x5)))/(x4 + 2*x5 + x7 + exp((2*x4 + x6 + exp(x1))*cos(x2*x4)/x5) + 323.301)**2)) + log(log(x5 + log(log(x5 + log(x4 + x6))))**(659.871*(x5 + x7 + log(x6)**((x4 + x7 + exp((2*x4 + x6 + exp(x1))*cos(x2*x4)/x5))*cos(x2*x4)/x5))*cos((x5 + x6)/x3)/x6**5.08844))',4.3580930438637814e-11,134807552,409,4,58,12,65536,paper,6,0,3687649985,3.612889154513965e-11
600.1157906239387,'sqrt((x4 + x5 + x6 - (x11*sin(x5**2*sqrt((x6 - cos(50.8071 + 3.84393310546875/(x0**(-101.699) + exp(cos(-x10*cos(x5) + x4 + x5 + x6))/x2)**2)**2 + 574.44)**2))/log(x10**2 + cos(x6**2/x3**2)) + x7 + sqrt((log(x4) - 3.84393310546875/(x0**(-101.699) + log(x7))**2)**2) + 509.109)**2/((x6 - log(x7) + 574.44)**2 + cos(x10))**2)**2)',3.792708510324504e-11,121176064,409,5,58,12,65536,paper,6,0,369133708,2.4085927696759768e-11
600.1873921810184,'x11**(cos(cos(x4))**((sqrt(x8) - cos(x1) - cos(sqrt(x10)))**((x3 + (x11 + x4)**2 - 331.389)**2))) + x4 + x5 + x6 - cos(cos(x4 + x6 + (331.389*x3**2 - 120422.146202464)/(37023.4 - x10)**2 - (-x10 + cos(x1*(x10 + 145.278)/x4))/391.589**cos(x11))/(-x4 - x6 + (331.389*x0*x4**2/x1**2 - x7 - cos(cos(x11)) + (-x10 + cos(x10 + x7))/391.589**cos(x7) + (-x10 + (x4 + x7)**2)/391.589**cos(x11))/x10))',6.049367920231614e-11,137035776,409,6,58,12,65536,paper,6,0,2995172877,6.824346643341528e-11
600.283577403985,'x4 + x5 + x6 + 0.207491/(x1*(x2 + x6 - exp(x0)/sin(x4 + x5 + x6)**2)/(exp(x0) - sqrt(exp(exp(cos(sqrt(x3 + x4 + x5 + x6)))))) + x3 + (x1 + 2*x3)**2 - exp(x0)/sin(x4 + x5 + (x5 + (x3 + exp(x0))/x5)**2)**2 + 9.62677*cos(2*x3 + x4 + x5 + x6 - exp((x1 + 2*x3)*sin(log(x3))))/sin(x2 + cos(x6) - 559.217041015625)**2 + 9.62677*cos(2*x4 + 434.491)/sin(x10)**2 + 41.1079711914063/log(sin(x10)**2))',1.1433512771268958e-10,139853824,409,7,58,12,65536,paper,6,0,865305066,3.2114571418828675e-11
600.2730953171849,'x5 + x6 + Abs(x4) + cos(log(384.92*x6 + 384.92*(x2 + 383.189 + 0.77947*cos(log(x3**2)**2)/x6**2)**2/cos(x5)**2 + 197.751))/(((-x5 + (-x5 + x6 + (x3 - x5)/cos(x3) + 215.218)/cos(x6**4))/cos(log(log((-x5 + x6 + (x3 - x5)/cos(x3) + 215.218)**2))**2) + 0.99722)*(2*x3**2 + 2*x4 + x5 - x6**2 + 2*x6 + x6/(x4 + x6)**x8 + x6**(2*cos(x3)) + cos(x6) - 400.412))',2.605909085817847e-12,125173760,409,8,58,12,65536,paper,6,0,404488628,4.415753526720856e-11
600.0175868908409,'1.0*x4 + x5 + x6 - 1.52151061082844e-54*exp(-x5 - sqrt(x6) + x6 + (-x3*exp(-x3 - x4) + log(x2 + sqrt(x4) + 3.17895)/sin(x5/x0**2))/x4) - log(sqrt(-exp(log(x8 + log(x2 + 3.17895 + 286.613647460938/x4))/(x6 - x7)) + log(sqrt(x2))))/x10',3.326170377183754e-11,137166848,409,9,58,12,65536,paper,6,0,2261209995,2.810024955779422e-11
600.3140119409654,'x4 + x5 + x6 + sin((x1 - 527.782)*exp(x2 - x5 - x6 + exp(x0)/(log(x0/(x4 + (x4 + x5 + x6 - sin(x2 - x3 + x4 + x6))**2 + x2**20/249.809**(2*x7)))*sin(x4 + 515.655)))) + sin((x1 - 527.782)*exp(x2 - x5 - x6 + exp(x0)/(log(x0/(2*x4 + x5 + (x4 + x5 + x6 - sin(x2 + x4))**2 + x2**16*(46545.0933686849 - 133.289*x4)**4/249.809**(2*x5)))*sin(x1 + x4))))',4.49145198453148e-11,135528448,409,10,58,12,65536,paper,6,0,4190266092,6.824346643341528e-11
600.0666575229261,'x4 + x6 + Abs(x5) + 1.12583*exp(-(3.39096e-50*exp(sqrt(x2)) + log(x2 + x3 + 2*x4 + 2.02312e-209*exp(-2*x2 - x3 - 2*x4 - x5 + x6 - 3.01461*exp(exp(sin(x6 + 130.764)))/log(61.3327026367188*(390.572*x8)**(-x2 - x6**2 - 234.96)) - cos(x2 + x3 + sin(x5)**2)) + 6.02922) + sin(log(x3**2*x5**2*x6**2)) + 3.01461)*exp(exp(sin(x6 + 130.764))))',2.5830517692111774e-12,139395072,409,11,58,12,65536,paper,6,0,3160032368,8.028643028179516e-11
600.0981261280831,'x4 + x5 + x6 - 1/(log(log(x8 + log(log((x5 + x8 + log(log((x4 + x5)**2)))**2))))**18.6885*sin(-x5 + sqrt(x6)/log(x8 + log(log(x3**2))) + 340.643)) + 1/(log(log(x3 + log(x2) + 165838.0))**18.6885*sin(x3 - 18.6885)) + 1/(log(log(-x11 + x5 + 2*x8 - 37.377))**18.6885*sin(x3 - 37.377))',5.238282053284283e-11,132710400,409,12,58,12,65536,paper,6,0,3269070126,3.612889154513965e-11
600.199491777923,'x4 + x5 + x6 + log(exp((x4 + x6)/((-x3 + (exp(cos(3*x4 + 3*x5 + exp((-x11 + 252926.0/log((sqrt(x10) + x11 - x5 + 583.95)**2))/(x5 + 3*x6))))/sqrt(x1 + cos(x11 + x4 + 2*x5 + 2*x6 + exp((-x11 + x4)/(cos(1.76296e-205*log(x5)**2) + 154.238)))))**(sqrt(x2) + x3))*(x4 - 537.252)**2))) + exp(-0.955373/log(exp(0.0298474*exp(cos(sqrt(x10) + x3**2 + 781.141)))))',5.696433066654987e-11,136052736,409,13,58,12,65536,paper,6,0,3081541439,3.612889154513965e-11
600.3448408979457,'x4 + x5 + x6 - sin(x9/(x11*x6**3)) - sin(x2**(1/4)*x7/(x9**2*log(x2**(1/4)*x7/log((x6*log(sqrt(x11)*x6) - 301199.0*x6**4/x1**4)**2)))) - sin(x2**(1/4)*x5**2/(x1**2*x9**2*log(x4))) + sin(4.25061e-6*cos((x2 - 0.493824)**2)) + exp(cos(sin(x2**(1/4)*x7/sin(x2**(1/4)*x5**2/(x1**2*x9)))))/(x6*log(x4) - 301199.0*cos(0.00165707*x9)**2)**2',6.498152574043986e-11,121962496,409,14,58,12,65536,paper,6,0,3376120482,4.014321427353584e-12
600.2667482641991,'x4 + x5 + x6 + cos(exp(x7*(-cos(x6 + (x3 + x4)/(x4 - x6 - 107.274658203125)) - 107.274658203125)))/((x3 + x6 + log(x6) - 107.275)**2*(x2 + x3 + x4 + x6 + log(x2**4 + x5 + x6) - 500.476)) + cos(-x3 + x5**2 + log(x5))/((x5 + ((sqrt(x9**(-75.159)) + 685.361)*cos(x0) + 5.57067)/(x6 + (x3 + x6 + (x4 + x5)/log(x3/x6))/log(x3/x4)))**2*(x2 + x6 + log(x8) - 393.201))',2.915604186378278e-11,135790592,409,15,58,12,65536,paper,6,0,2204291346,2.810024955779422e-11
600.0376667471137,'x4 + x5 - 0.00323124*x5/(x3 + 2*x4 + x5 + x5/((x4 + cos(0.00323124*x5))*cos(179.285 + 0.00323124*(x2 + 158.202)*(x6 - log(cos(sin(x5/x4))))/x5)) - exp(x0) + (x2 + 158.202)/(x5*(0.00323124*(x6 - log(x5))/cos(cos(log(x8) + 298.033) + 179.285) + cos(cos(-sqrt(x10) + x2 + x3 + log(x10 - x6))/x8**2))))**2 + 0.00323124*x5/(x3 + x4 + x5 - 118.748168945313/(x4*(x4 + x6 + 309.478)/x5 - 309.478))**2 + x6',2.4464648235624317e-11,136577024,409,16,58,12,65536,paper,6,0,550243861,4.014321427353584e-12
600.1511895840522,'x4 + x5 + x6 - log(cos(sin(0.00364884*cos(x2*(x5 - (x4 + x6)**2))))) + log(cos(sin(0.00454438*cos(x2*(x5 - log(cos(exp(2.82506421952046e-245*exp(-0.00454438*cos(x2*(x5 - log(cos((-200.734*x5 - 597.128)**4*cos(log(x2 + x5 + 287.727))**2))))))*cos(log(x2 + x3 + x4 + 2*x5 - cos(x5*(x5 - log(cos(cos(log(2*x3 + 287.727))))))/sin(x4)))**2)))))))',nan,138018816,409,17,58,12,65536,paper,6,0,3606691181,2.007160757044879e-11
600.0015792869963,'x5 + x6 + sin(x6**2/(x3 + x5 + x6**2/(x3 - x6 + sqrt(x3 + 2*x4 + 2*x5 + 3*x6 + sin(x8) - 207.127))**2 + x6**2/(x1 + x3 - x6)**2 - (x3 + x6 + 39.4785)**2 + exp(x4 - x9**4) + sin(exp(x5 - (x4 + x5 + x6 + log(x5 + x6)**2)**2 + sqrt(2*x4 + 4*x5 + 4*x6 + (x3 + x4 + x6)**2 + sin(x4) + sin(x3 + x4 + 39.4785)))) + 39.4785)**2) + Abs(x4)',1.416329910397495e-11,125894656,409,18,58,12,65536,paper,6,0,1934392872,7.627210668603723e-11
600.2316995218862,'sqrt((x4 + x5 + x6)**2 - exp(943.210205078125/x3)/(sqrt(x8)*log(1.6691e-181*exp(x5 + sqrt(x9))) + cos(x3 - log(log(x4 - 0.043843))) + 1627.85)**2 - (x1 + x2 + x5 - cos(x2))/(91648.027896896/cos(x5 + (x5 + x6 + log(sqrt(x2))/(509.88330078125 - x1)**2.9553e-5)**2)**2 + 91648.027896896/x2**2) - 302.734252929688/sqrt(-x3 + (0.00484889*x10 + x4 + x6 + (x9 - (x2 + x6 + log(log(log((x4 + x5 + x6)**2))))**2 - log((2*x4 + x6)**2))**2)**2))',4.521447261609922e-11,120979456,409,19,58,12,65536,paper,6,0,2148995112,2.810024955779422e-11
600.1723720489535,'x4/cos(0.0569293*cos((3.62935e-34*x1 + 3.62935e-34*x6 + 3.62935e-34*cos(x3) + cos((x4 + (x6 + 0.00470857*x5/x4)**4)**2*cos(x3)**2/(x4**2*(x2**2 + x6)**2)) + 3.04117e-34)**2)/(x2**2 + x3))**(1/4) + x5 + x6',4.449565988678526e-20,133627904,409,20,58,12,65536,paper,6,0,1592565386,4.8171855393519536e-11
600.2204770939425,'x4 + x5 + x6 - sin(cos(x3**2*log(x6 - (x2 + x3 + x6*sin(x3) + log(x3))*sin(sin(0.74702*x3**2*log(x5 + x6)**2)/((x3 + x5/log(x11))*cos(log(x3)))))**2)/(log(x6 - (x2 + x3 + x6*sin(x3) + log(x3))*sin(sin(0.74702*x3**2*log(x5 + x6)**2)/((x3 + 0.913643*x3/log(x11))*cos(log(x3)))))**2*log(x6**2 + x6 + 215.618)**4))',1.0316247764278352e-11,131530752,409,22,58,12,65536,paper,6,0,3980425317,6.021481924189942e-11
600.0050718989223,'-0.00704925*x1/((41.1212*x3 - 41.1212*x6 - 21145.7)*cos(x3/sqrt(x4))) + x4 + x5 + x6 + sin((x10 + x6 + log(x1) + 514.229)*exp(-sqrt(exp(5.79761**exp(sin(x1)/((-x3 + x6)*(x5 + x6 - 433.853))))))/x6) - (-x3 - x5 - x6 + x7*(-cos(x5 + x6) + x6/x4) - 514.229)/(-41.1212*(x4 + (x4 + x5 + (x5 + x6)*cos(x3 + x4 + 2*x5 + x6))*cos(5.79761**exp(sin(x1)/((-x3 + x6)*(x3 + x4 + 2*x5 + x6 - 433.853))) + x5))**2 - 5833.42)**2',1.8027840239359124e-10,135921664,409,23,58,12,65536,paper,6,0,3356806661,1.6057285709414337e-11
600.0887838150375,'x5 + x6 + Abs(x4) + 9.76577e-5*sin(sin(x4 + x5 + x6 - sin(x10 + 146.182) - cos(x9/log(x2 + sin(0.0566346*x0))) + sin(0.0573742*sin(sin(x4 + x5 + x6 - sin(x3 + 146.182) - cos(x9/log(x0 + x2)) + sin(x2)/(x4 + x5))))/sin((x2 + x3 - sin(x9/log(x2 + sin(x0*x4))))/log(x2 - sin(597.604736328125*x0/x9))) - sin(0.0573742*sin(sin(x2/log(x2 - sin(2.03439*x4)))))/sin(x4)))/sqrt(x5)',3.89834752281651e-11,133103616,409,24,58,12,65536,paper,6,0,2765379632,2.810024955779422e-11
600.1049639720004,'x0*sin(x4 + x5 + log(x4) + cos(x6 + 117.513))/(-153.927*x4*x5 + 2*x4 + x5 - exp((x4**3*x5 + x6 + sin(cos((2*x4 + x5 + sin(153.927*x4**2*x5 - 58.7592*x5 - x6 + x6**(sqrt(log(x9)))/sqrt(log(2*x5)) + sin(0.99718/sqrt(log(x4 + x5))))**2)**2)/x5) + 58.7592)/sqrt(x6))) + x4 + x5 + x6 + sin(x6**(sqrt(log(x9)))/sqrt(log(x4 + x5)))/x8**(x1/2)',5.4227537487580064e-11,137691136,409,25,58,12,65536,paper,6,0,1728356533,4.014321514089758e-11
600.1704929159023,'x4 + x5 + x6 - x6**log(x2*x6/(x5**log(x8)*(x5 - sin(x5 + x6**2)))) - (x6 - cos(x8))**2/(x9 + 44444.3)**2 + exp(109.755798339844/(-(x10 - cos(x2**2 + 32.4685))/(x5 + x6**2) + sin(x10))) + sin((x2 + x3 + x5/sin(x2**2 + x3 + x6 + cos(sin((-x3 - 226.358581542969)**2 + 254.638))) + sqrt(x9) - 5.69811 + Abs(x6)/sin(x3 + x6 - (x10 - cos(x8))/(x5 + x6**2) + sin(x10)))/(x2**4 + 264.322448730469/x5))',6.812461406565757e-11,124518400,409,26,58,12,65536,paper,6,0,3533734220,2.810024955779422e-11
600.3062099788804,'x4 + x5 + x6 + 3.83972e-6*exp(2*sin(x5 + x6 + 0.478352069854736/(-exp(exp(cos(x3))) + exp(2*sin(x5 + x6 - 1.0/(x5 - 0.822086*exp(x0/2)*log(log(x10)) - exp(x0)))))))/log(log(x10)) - 4.42941e-6*exp(-2*sin(exp(log(log(x10))*sin(sin(exp(exp(cos(x3)))))) - 9.27112e-7))/(log(x6)*sin(x10))',6.665849191340886e-11,133758976,409,27,58,12,65536,paper,6,0,2342600226,4.014321514089758e-11
600.2043357689399,'x4 + x5 + x6 + sin(x2)/(-x0*(342.749206542969 - 2.14969e+9*sin(cos(x2)**2/x0**2)**4)*(-0.00176029*x0*(342.749206542969 - 2.14969e+9*sin(cos(x2)**2/x0**2)**4)*(x2 + x3 + x5) + x2 + x3 + 1.00176*x4 + x5 + x6 + 298.099) + 215.325*sin(cos(x2)**2/x0**2) + cos(x2)**2/(-2.14969e+9*sin(cos(x2)**2/x0**2)**4 + cos(x2)/x4)**2) + sin(x2)/(x2 - (342.749206542969 - 2.14969e+9*sin((log(x5 + x6) + 0.299887)**2)**4)*log(x5)*cos(x2**2) + (x0 + x2 + log(x5 + x6))**2)',6.292170665594081e-11,128516096,409,28,58,12,65536,paper,6,0,1904449481,6.021481924189942e-11
600.0080447900109,'x4 + x5 + x6 + 0.00169986*(x6*sin(x11) + cos(x5 + 50.11328125))/sqrt(x10**2 + x3 + 321.088) + (sin(x5) - cos(x2))/(x2 + x5**2 + 350724.0) + 2.85124e-6*exp(sin((x4 + sqrt(x5) + x5 + sqrt(x4 + x5))*cos(log(x6)))) + 2.88954e-6*(-x7 + (x4 + sqrt(x5) + x5 + sqrt(x4 + x5 + sqrt(x2 + 588.283)))*exp(-cos(sqrt(x4) + 534.557983398438))*sin(x0) + cos(x10**2 + x2/(x2 + x5) + x5 - x7 + sqrt(log(x4))*cos(x2) + 26.7614135742188))/x3',6.118598068707521e-11,687996928,409,29,58,12,65536,paper,6,0,1934709049,2.007160757044879e-11
