status,evaluations,generation,total_time_seconds,alg_time_seconds,eval_time_seconds,current_population_size,current_population_generation,dataset,kernel,population_size,num_observations,num_features,branching_factor,depth,operator_set,fold,iteration,seed,var_y,seed,discrete,discrete_active,continuous,continuous_active,subtrees,expressions,mse_train,objectives,constraint_value
Running,1024,0,0.038097973,0.029905071,0.008192902,1024,1,modular_1,single_kernel_inplace,1024,666,9,2,7,modular,0,0,3324115916,4.1594454033974815,3324115916,"[15,6,16,2,8,5,4,10,8,12,5,14,11,6,10,10,5,14,15,15,9,12,13,6,0,1,1,5,4,16,0,15,3,10,7,2,11,14,1,9,12,4,16,14,16,12,17,6,10,6,3,2,0,12,13,11,9,8,17,13,1,16,8,7,3,2,7,8,12,12,0,2,5,4,4,6,11,9,2,1,9,0,16,12,4,8,8,16,13,17,9,17,14,2,3,17,3,10,4,0,5,10,6,6,7,3,1,17,14,16,10,4,14,13,10,0,10,12,0,10,5,2,15,5,17,16,5,8,3,2,9,5,6,1,1,9,0,7,0,4,0,1,1,3,7,6,2,0,7,0,0,9,6,5,9,5,4,0,0,6,9,6,4,4,1,7,1,5,1,7,2,7,5,5,9,3,3,2,0,3,5,3,3,5,5,7,5,6,8,6,9,9,9,6,1,7,8,6,8,5,2,6,3,9,7,1,5,3,6,8,2,8,7,3,2,5,4,6,4,7,0,0,2,8,4,6,4,6,2,3,5,4,6,5,6,3,8,6,2,9,1,3,7,0,5,4,4,2,6,3,7,9,7,7,2]","[1,1,0,0,0,0,0,0,0,0,0,0,0,0,0,0,0,0,0,0,0,0,0,0,0,0,0,0,0,0,0,0,0,0,0,0,0,0,0,0,0,0,0,0,0,0,0,0,0,0,0,0,0,0,0,0,0,0,0,0,0,0,0,0,0,0,0,0,0,0,0,0,0,0,0,0,0,0,0,0,0,0,0,0,0,0,0,0,0,0,0,0,0,0,0,0,0,0,0,0,0,0,0,0,0,0,0,0,0,0,0,0,0,0,0,0,0,0,0,0,0,0,0,0,0,0,0,0,0,0,0,0,0,0,0,0,0,0,0,0,0,0,0,0,0,0,0,0,0,0,0,0,0,0,0,0,0,0,0,0,0,0,0,0,0,0,0,0,0,0,0,0,0,0,0,0,0,0,0,0,0,0,0,0,0,0,0,0,0,0,0,0,0,0,0,0,0,0,0,0,0,0,0,0,0,0,0,0,0,0,0,0,0,0,0,0,0,0,0,0,0,0,0,0,0,0,0,0,0,0,0,0,0,0,0,0,0,0,0,0,0,0,0,0,0,0,0,0,0,0,0,0,0,0,0]","[5.29067,0.486884,6.03465,-4.13254,5.75714,-3.32042,5.48259,2.28526,-0.618643,-2.56015,5.71211,-5.17684,-1.04547,0.732816,-1.32457,3.19993,3.05634,0.821869,-5.33092,-1.46761,-2.37874,-0.449066,-2.39607,-1.79307,5.90176,0.117862,-1.63502,4.42669,-1.45171,2.73,3.98788,-1.60761,-5.93821,-3.34984,-2.01563,-4.71377,-2.38378,5.24836,1.89544,5.42255,-4.52399,-1.24121,-4.40107,2.73686,2.19986,-2.31954,-5.21742,4.29248,5.02704,-2.07648,4.24074,2.51777,5.36644,5.30508,4.0626,2.32504,3.65999,5.37823,-4.57006,1.17603,-1.1638,-4.67245,4.3898,-1.95496,-1.34933,-0.0469355,3.11553,-1.2593,-3.23029,1.35853,5.85511,0.292493,2.94094,3.02109,2.9267,-2.23782,-3.5994,-0.377813,-0.647355,0.837664,-5.26013,3.99075,-4.28064,-1.86903,-5.41045,3.93914,-0.128868,0.638349,5.91691,-3.09853,2.65445,-1.42273,3.07059,-4.52,-3.87667,1.57838,-5.43015,2.58603,-4.60366,-3.77989,0.163149,0.720173,2.40752,-1.6845,-2.09954,-4.00629,-3.39294,-4.1235,-0.610176,4.17819,-1.86279,1.80017,4.42148,1.14198,-3.8475,-0.166812,4.60946,-1.78933,3.35789,0.696845,-0.588433,-4.15384,-2.36572,2.17841,-4.33053,4.20085,5.39255,5.45894,4.33488,-5.33093,1.78804,1.48164,0.971248,2.74481,4.04961,-0.607838,2.03275,-4.50543,-0.666899,2.93931,-2.94313,4.13215,3.39622,-5.47292,5.18821,4.37419,5.66122,3.98764,-3.09434,-1.95483,-0.0423463,2.17342,-3.55542,2.14578,2.23247,0.308031,-3.57909,5.99227,-2.63871,3.72359,3.20454,0.0552442,-0.191345,-2.21159,4.03283,1.78165,4.31296,-0.490084,0.771724,-2.68316,-3.16812,2.76673,-4.75198,0.499078,2.06418,2.25537,-3.5203,0.196665,-5.94305,-5.7071,0.627042,4.24024,4.74346,-0.712252,6.02092,5.07659,-0.814122,3.37791,-2.64999,3.85276,2.44991,0.725836,4.04878,-0.545155,-5.18542,0.895505,-1.0668,-3.85453,-0.320714,-5.97448,5.627,6.04285,2.52816,-4.99532,-2.3831,-1.04994,-4.04878,-1.09031,3.75741,-2.65765,0.45159,3.58584,-0.850466,-2.61308,-2.93387,-3.92188,-4.58893,3.09573,1.391,3.46313,-5.63758,1.09803,0.825069,3.63962,3.79588,5.1353,-1.73515,0.984894,-1.98895,3.43699,5.47766,5.26649,-0.25903,5.48634,-2.47851,1.52608,-2.29151,-4.32204,0.656919,4.47993,-1.50587,5.60949,5.77775,5.53861,3.33073,-5.44338,-0.542517,2.85524,4.90992,0.100628,-0.339424,4.86376,4.70875,-2.65976,-2.658]","[0,0,0,0,0,0,0,0,0,0,0,0,0,0,0,0,0,0,0,0,0,0,0,0,0,0,0,0,0,0,0,0,0,0,0,0,0,0,0,0,0,0,0,0,0,0,0,0,0,0,0,0,0,0,0,0,0,0,0,0,0,0,0,0,0,0,0,0,0,0,0,0,0,0,0,0,0,0,0,0,0,0,0,0,0,0,0,0,0,0,0,0,0,0,0,0,0,0,0,0,0,0,0,0,0,0,0,0,0,0,0,0,0,0,0,0,0,0,0,0,0,0,0,0,0,0,0,0,0,0,0,0,0,0,0,0,0,0,0,0,0,0,0,0,0,0,0,0,0,0,0,0,0,0,0,0,0,0,0,0,0,0,0,0,0,0,0,0,0,0,0,0,0,0,0,0,0,0,0,0,0,0,0,0,0,0,0,0,0,0,0,0,0,0,0,0,0,0,0,0,0,0,0,0,0,0,0,0,0,0,0,0,0,0,0,0,0,0,0,0,0,0,0,0,0,0,0,0,0,0,0,0,0,0,0,0,0,0,0,0,0,0,0,0,0,0,0,0,0,0,0,0,0,0,0]","Output
└─ 0 (V = 17, active): Op[5] (arity = 1)
       └─ 1 (V = 6, active): Input[6]
              └─ 3 (V = 2, inactive): Input[2]
                     └─ 7 (V = 12, inactive): Op[0] (arity = 2)
                            └─ 15 (V = 12, inactive): Op[0] (arity = 2)
                                   └─ 31 (V = 17, inactive): Op[5] (arity = 1)
                                          └─ 63 (V = 7, inactive): Input[7]
                                                 └─ 127 (V = 8, inactive): Input[8]
                                                 └─ 128 (V = 3, inactive): Input[3]
                                          └─ 64 (V = 3, inactive): Input[3]
                                                 └─ 129 (V = 2, inactive): Input[2]
                                                 └─ 130 (V = 9, inactive): Constant[0] -> 1.78804
                                   └─ 32 (V = 3, inactive): Input[3]
                                          └─ 65 (V = 2, inactive): Input[2]
                                                 └─ 131 (V = 5, inactive): Input[5]
                                                 └─ 132 (V = 6, inactive): Input[6]
                                          └─ 66 (V = 7, inactive): Input[7]
                                                 └─ 133 (V = 1, inactive): Input[1]
                                                 └─ 134 (V = 1, inactive): Input[1]
                            └─ 16 (V = 5, inactive): Input[5]
                                   └─ 33 (V = 12, inactive): Op[0] (arity = 2)
                                          └─ 67 (V = 8, inactive): Input[8]
                                                 └─ 135 (V = 9, inactive): Constant[0] -> -0.607838
                                                 └─ 136 (V = 0, inactive): Input[0]
                                          └─ 68 (V = 14, inactive): Op[2] (arity = 2)
                                                 └─ 137 (V = 7, inactive): Input[7]
                                                 └─ 138 (V = 0, inactive): Input[0]
                                   └─ 34 (V = 7, inactive): Input[7]
                                          └─ 69 (V = 14, inactive): Op[2] (arity = 2)
                                                 └─ 139 (V = 4, inactive): Input[4]
                                                 └─ 140 (V = 0, inactive): Input[0]
                                          └─ 70 (V = 0, inactive): Input[0]
                                                 └─ 141 (V = 1, inactive): Input[1]
                                                 └─ 142 (V = 1, inactive): Input[1]
                     └─ 8 (V = 8, inactive): Input[8]
                            └─ 17 (V = 16, inactive): Op[4] (arity = 1)
                                   └─ 35 (V = 2, inactive): Input[2]
                                          └─ 71 (V = 2, inactive): Input[2]
                                                 └─ 143 (V = 3, inactive): Input[3]
                                                 └─ 144 (V = 7, inactive): Input[7]
                                          └─ 72 (V = 5, inactive): Input[5]
                                                 └─ 145 (V = 6, inactive): Input[6]
                                                 └─ 146 (V = 2, inactive): Input[2]
                                   └─ 36 (V = 13, inactive): Op[1] (arity = 2)
                                          └─ 73 (V = 4, inactive): Input[4]
                                                 └─ 147 (V = 0, inactive): Input[0]
                                                 └─ 148 (V = 7, inactive): Input[7]
                                          └─ 74 (V = 4, inactive): Input[4]
                                                 └─ 149 (V = 0, inactive): Input[0]
                                                 └─ 150 (V = 0, inactive): Input[0]
                            └─ 18 (V = 17, inactive): Op[5] (arity = 1)
                                   └─ 37 (V = 16, inactive): Op[4] (arity = 1)
                                          └─ 75 (V = 6, inactive): Input[6]
                                                 └─ 151 (V = 9, inactive): Constant[0] -> 2.17342
                                                 └─ 152 (V = 6, inactive): Input[6]
                                          └─ 76 (V = 13, inactive): Op[1] (arity = 2)
                                                 └─ 153 (V = 5, inactive): Input[5]
                                                 └─ 154 (V = 9, inactive): Constant[0] -> 2.23247
                                   └─ 38 (V = 1, inactive): Input[1]
                                          └─ 77 (V = 9, inactive): Constant[0] -> -0.377813
                                                 └─ 155 (V = 5, inactive): Input[5]
                                                 └─ 156 (V = 4, inactive): Input[4]
                                          └─ 78 (V = 2, inactive): Input[2]
                                                 └─ 157 (V = 0, inactive): Input[0]
                                                 └─ 158 (V = 0, inactive): Input[0]
              └─ 4 (V = 8, inactive): Input[8]
                     └─ 9 (V = 14, inactive): Op[2] (arity = 2)
                            └─ 19 (V = 17, inactive): Op[5] (arity = 1)
                                   └─ 39 (V = 9, inactive): Constant[0] -> 5.42255
                                          └─ 79 (V = 1, inactive): Input[1]
                                                 └─ 159 (V = 6, inactive): Input[6]
                                                 └─ 160 (V = 9, inactive): Constant[0] -> 3.20454
                                          └─ 80 (V = 9, inactive): Constant[0] -> -5.26013
                                                 └─ 161 (V = 6, inactive): Input[6]
                                                 └─ 162 (V = 4, inactive): Input[4]
                                   └─ 40 (V = 14, inactive): Op[2] (arity = 2)
                                          └─ 81 (V = 0, inactive): Input[0]
                                                 └─ 163 (V = 4, inactive): Input[4]
                                                 └─ 164 (V = 1, inactive): Input[1]
                                          └─ 82 (V = 18, inactive): Op[6] (arity = 1)
                                                 └─ 165 (V = 7, inactive): Input[7]
                                                 └─ 166 (V = 1, inactive): Input[1]
                            └─ 20 (V = 9, inactive): Constant[0] -> -2.37874
                                   └─ 41 (V = 4, inactive): Input[4]
                                          └─ 83 (V = 14, inactive): Op[2] (arity = 2)
                                                 └─ 167 (V = 5, inactive): Input[5]
                                                 └─ 168 (V = 1, inactive): Input[1]
                                          └─ 84 (V = 4, inactive): Input[4]
                                                 └─ 169 (V = 7, inactive): Input[7]
                                                 └─ 170 (V = 2, inactive): Input[2]
                                   └─ 42 (V = 18, inactive): Op[6] (arity = 1)
                                          └─ 85 (V = 8, inactive): Input[8]
                                                 └─ 171 (V = 7, inactive): Input[7]
                                                 └─ 172 (V = 5, inactive): Input[5]
                                          └─ 86 (V = 8, inactive): Input[8]
                                                 └─ 173 (V = 5, inactive): Input[5]
                                                 └─ 174 (V = 9, inactive): Constant[0] -> 2.06418
                     └─ 10 (V = 5, inactive): Input[5]
                            └─ 21 (V = 14, inactive): Op[2] (arity = 2)
                                   └─ 43 (V = 16, inactive): Op[4] (arity = 1)
                                          └─ 87 (V = 18, inactive): Op[6] (arity = 1)
                                                 └─ 175 (V = 3, inactive): Input[3]
                                                 └─ 176 (V = 3, inactive): Input[3]
                                          └─ 88 (V = 15, inactive): Op[3] (arity = 2)
                                                 └─ 177 (V = 2, inactive): Input[2]
                                                 └─ 178 (V = 0, inactive): Input[0]
                                   └─ 44 (V = 18, inactive): Op[6] (arity = 1)
                                          └─ 89 (V = 19, inactive): Op[7] (arity = 1)
                                                 └─ 179 (V = 3, inactive): Input[3]
                                                 └─ 180 (V = 5, inactive): Input[5]
                                          └─ 90 (V = 9, inactive): Constant[0] -> 2.65445
                                                 └─ 181 (V = 3, inactive): Input[3]
                                                 └─ 182 (V = 3, inactive): Input[3]
                            └─ 22 (V = 15, inactive): Op[3] (arity = 2)
                                   └─ 45 (V = 14, inactive): Op[2] (arity = 2)
                                          └─ 91 (V = 19, inactive): Op[7] (arity = 1)
                                                 └─ 183 (V = 5, inactive): Input[5]
                                                 └─ 184 (V = 5, inactive): Input[5]
                                          └─ 92 (V = 16, inactive): Op[4] (arity = 1)
                                                 └─ 185 (V = 7, inactive): Input[7]
                                                 └─ 186 (V = 5, inactive): Input[5]
                                   └─ 46 (V = 19, inactive): Op[7] (arity = 1)
                                          └─ 93 (V = 2, inactive): Input[2]
                                                 └─ 187 (V = 6, inactive): Input[6]
                                                 └─ 188 (V = 8, inactive): Input[8]
                                          └─ 94 (V = 3, inactive): Input[3]
                                                 └─ 189 (V = 6, inactive): Input[6]
                                                 └─ 190 (V = 9, inactive): Constant[0] -> 2.44991
       └─ 2 (V = 18, inactive): Op[6] (arity = 1)
              └─ 5 (V = 5, inactive): Input[5]
                     └─ 11 (V = 16, inactive): Op[4] (arity = 1)
                            └─ 23 (V = 6, inactive): Input[6]
                                   └─ 47 (V = 6, inactive): Input[6]
                                          └─ 95 (V = 19, inactive): Op[7] (arity = 1)
                                                 └─ 191 (V = 9, inactive): Constant[0] -> 0.725836
                                                 └─ 192 (V = 9, inactive): Constant[0] -> 4.04878
                                          └─ 96 (V = 3, inactive): Input[3]
                                                 └─ 193 (V = 6, inactive): Input[6]
                                                 └─ 194 (V = 1, inactive): Input[1]
                                   └─ 48 (V = 12, inactive): Op[0] (arity = 2)
                                          └─ 97 (V = 12, inactive): Op[0] (arity = 2)
                                                 └─ 195 (V = 7, inactive): Input[7]
                                                 └─ 196 (V = 8, inactive): Input[8]
                                          └─ 98 (V = 4, inactive): Input[4]
                                                 └─ 197 (V = 6, inactive): Input[6]
                                                 └─ 198 (V = 8, inactive): Input[8]
                            └─ 24 (V = 0, inactive): Input[0]
                                   └─ 49 (V = 6, inactive): Input[6]
                                          └─ 99 (V = 0, inactive): Input[0]
                                                 └─ 199 (V = 5, inactive): Input[5]
                                                 └─ 200 (V = 2, inactive): Input[2]
                                          └─ 100 (V = 5, inactive): Input[5]
                                                 └─ 201 (V = 6, inactive): Input[6]
                                                 └─ 202 (V = 3, inactive): Input[3]
                                   └─ 50 (V = 3, inactive): Input[3]
                                          └─ 101 (V = 12, inactive): Op[0] (arity = 2)
                                                 └─ 203 (V = 9, inactive): Constant[0] -> -4.99532
                                                 └─ 204 (V = 7, inactive): Input[7]
                                          └─ 102 (V = 6, inactive): Input[6]
                                                 └─ 205 (V = 1, inactive): Input[1]
                                                 └─ 206 (V = 5, inactive): Input[5]
                     └─ 12 (V = 13, inactive): Op[1] (arity = 2)
                            └─ 25 (V = 1, inactive): Input[1]
                                   └─ 51 (V = 2, inactive): Input[2]
                                          └─ 103 (V = 6, inactive): Input[6]
                                                 └─ 207 (V = 3, inactive): Input[3]
                                                 └─ 208 (V = 6, inactive): Input[6]
                                          └─ 104 (V = 7, inactive): Input[7]
                                                 └─ 209 (V = 8, inactive): Input[8]
                                                 └─ 210 (V = 2, inactive): Input[2]
                                   └─ 52 (V = 0, inactive): Input[0]
                                          └─ 105 (V = 3, inactive): Input[3]
                                                 └─ 211 (V = 8, inactive): Input[8]
                                                 └─ 212 (V = 7, inactive): Input[7]
                                          └─ 106 (V = 1, inactive): Input[1]
                                                 └─ 213 (V = 3, inactive): Input[3]
                                                 └─ 214 (V = 2, inactive): Input[2]
                            └─ 26 (V = 1, inactive): Input[1]
                                   └─ 53 (V = 14, inactive): Op[2] (arity = 2)
                                          └─ 107 (V = 19, inactive): Op[7] (arity = 1)
                                                 └─ 215 (V = 5, inactive): Input[5]
                                                 └─ 216 (V = 4, inactive): Input[4]
                                          └─ 108 (V = 16, inactive): Op[4] (arity = 1)
                                                 └─ 217 (V = 6, inactive): Input[6]
                                                 └─ 218 (V = 4, inactive): Input[4]
                                   └─ 54 (V = 15, inactive): Op[3] (arity = 2)
                                          └─ 109 (V = 18, inactive): Op[6] (arity = 1)
                                                 └─ 219 (V = 7, inactive): Input[7]
                                                 └─ 220 (V = 0, inactive): Input[0]
                                          └─ 110 (V = 12, inactive): Op[0] (arity = 2)
                                                 └─ 221 (V = 0, inactive): Input[0]
                                                 └─ 222 (V = 2, inactive): Input[2]
              └─ 6 (V = 4, inactive): Input[4]
                     └─ 13 (V = 6, inactive): Input[6]
                            └─ 27 (V = 5, inactive): Input[5]
                                   └─ 55 (V = 13, inactive): Op[1] (arity = 2)
                                          └─ 111 (V = 4, inactive): Input[4]
                                                 └─ 223 (V = 8, inactive): Input[8]
                                                 └─ 224 (V = 4, inactive): Input[4]
                                          └─ 112 (V = 16, inactive): Op[4] (arity = 1)
                                                 └─ 225 (V = 6, inactive): Input[6]
                                                 └─ 226 (V = 4, inactive): Input[4]
                                   └─ 56 (V = 9, inactive): Constant[0] -> 3.65999
                                          └─ 113 (V = 15, inactive): Op[3] (arity = 2)
                                                 └─ 227 (V = 6, inactive): Input[6]
                                                 └─ 228 (V = 2, inactive): Input[2]
                                          └─ 114 (V = 12, inactive): Op[0] (arity = 2)
                                                 └─ 229 (V = 3, inactive): Input[3]
                                                 └─ 230 (V = 5, inactive): Input[5]
                            └─ 28 (V = 4, inactive): Input[4]
                                   └─ 57 (V = 8, inactive): Input[8]
                                          └─ 115 (V = 0, inactive): Input[0]
                                                 └─ 231 (V = 4, inactive): Input[4]
                                                 └─ 232 (V = 6, inactive): Input[6]
                                          └─ 116 (V = 12, inactive): Op[0] (arity = 2)
                                                 └─ 233 (V = 5, inactive): Input[5]
                                                 └─ 234 (V = 6, inactive): Input[6]
                                   └─ 58 (V = 19, inactive): Op[7] (arity = 1)
                                          └─ 117 (V = 14, inactive): Op[2] (arity = 2)
                                                 └─ 235 (V = 3, inactive): Input[3]
                                                 └─ 236 (V = 8, inactive): Input[8]
                                          └─ 118 (V = 0, inactive): Input[0]
                                                 └─ 237 (V = 6, inactive): Input[6]
                                                 └─ 238 (V = 2, inactive): Input[2]
                     └─ 14 (V = 12, inactive): Op[0] (arity = 2)
                            └─ 29 (V = 18, inactive): Op[6] (arity = 1)
                                   └─ 59 (V = 15, inactive): Op[3] (arity = 2)
                                          └─ 119 (V = 12, inactive): Op[0] (arity = 2)
                                                 └─ 239 (V = 9, inactive): Constant[0] -> 4.47993
                                                 └─ 240 (V = 1, inactive): Input[1]
                                          └─ 120 (V = 5, inactive): Input[5]
                                                 └─ 241 (V = 3, inactive): Input[3]
                                                 └─ 242 (V = 7, inactive): Input[7]
                                   └─ 60 (V = 1, inactive): Input[1]
                                          └─ 121 (V = 2, inactive): Input[2]
                                                 └─ 243 (V = 0, inactive): Input[0]
                                                 └─ 244 (V = 5, inactive): Input[5]
                                          └─ 122 (V = 17, inactive): Op[5] (arity = 1)
                                                 └─ 245 (V = 4, inactive): Input[4]
                                                 └─ 246 (V = 4, inactive): Input[4]
                            └─ 30 (V = 0, inactive): Input[0]
                                   └─ 61 (V = 18, inactive): Op[6] (arity = 1)
                                          └─ 123 (V = 5, inactive): Input[5]
                                                 └─ 247 (V = 2, inactive): Input[2]
                                                 └─ 248 (V = 6, inactive): Input[6]
                                          └─ 124 (V = 19, inactive): Op[7] (arity = 1)
                                                 └─ 249 (V = 3, inactive): Input[3]
                                                 └─ 250 (V = 7, inactive): Input[7]
                                   └─ 62 (V = 8, inactive): Input[8]
                                          └─ 125 (V = 18, inactive): Op[6] (arity = 1)
                                                 └─ 251 (V = 9, inactive): Constant[0] -> 4.86376
                                                 └─ 252 (V = 7, inactive): Input[7]
                                          └─ 126 (V = 5, inactive): Input[5]
                                                 └─ 253 (V = 7, inactive): Input[7]
                                                 └─ 254 (V = 2, inactive): Input[2]
","cos(x6)",3.90302,"[3.90302]",0
Running,2136,0,0.083239882,0.064291098,0.018948784,1024,1,modular_1,single_kernel_inplace,1024,666,9,2,7,modular,0,0,3324115916,4.1594454033974815,3324115916,"[15,6,16,2,8,5,4,10,8,12,5,14,11,6,10,10,5,14,15,15,9,12,13,6,0,1,1,5,4,16,0,15,3,10,7,2,11,14,1,9,12,4,16,14,16,12,17,6,10,6,3,2,0,12,13,11,9,8,17,13,1,16,8,7,3,2,7,8,12,12,0,2,5,4,4,6,11,9,2,1,9,0,16,12,4,8,8,16,13,17,9,17,14,2,3,17,3,10,4,0,5,10,6,6,7,3,1,17,14,16,10,4,14,13,10,0,10,12,0,10,5,2,15,5,17,16,5,8,3,2,9,5,6,1,1,9,0,7,0,4,0,1,1,3,7,6,2,0,7,0,0,9,6,5,9,5,4,0,0,6,9,6,4,4,1,7,1,5,1,7,2,7,5,5,9,3,3,2,0,3,5,3,3,5,5,7,5,6,8,6,9,9,9,6,1,7,8,6,8,5,2,6,3,9,7,1,5,3,6,8,2,8,7,3,2,5,4,6,4,7,0,0,2,8,4,6,4,6,2,3,5,4,6,5,6,3,8,6,2,9,1,3,7,0,5,4,4,2,6,3,7,9,7,7,2]","[1,1,0,0,0,0,0,0,0,0,0,0,0,0,0,0,0,0,0,0,0,0,0,0,0,0,0,0,0,0,0,0,0,0,0,0,0,0,0,0,0,0,0,0,0,0,0,0,0,0,0,0,0,0,0,0,0,0,0,0,0,0,0,0,0,0,0,0,0,0,0,0,0,0,0,0,0,0,0,0,0,0,0,0,0,0,0,0,0,0,0,0,0,0,0,0,0,0,0,0,0,0,0,0,0,0,0,0,0,0,0,0,0,0,0,0,0,0,0,0,0,0,0,0,0,0,0,0,0,0,0,0,0,0,0,0,0,0,0,0,0,0,0,0,0,0,0,0,0,0,0,0,0,0,0,0,0,0,0,0,0,0,0,0,0,0,0,0,0,0,0,0,0,0,0,0,0,0,0,0,0,0,0,0,0,0,0,0,0,0,0,0,0,0,0,0,0,0,0,0,0,0,0,0,0,0,0,0,0,0,0,0,0,0,0,0,0,0,0,0,0,0,0,0,0,0,0,0,0,0,0,0,0,0,0,0,0,0,0,0,0,0,0,0,0,0,0,0,0,0,0,0,0,0,0]","[5.29067,0.486884,6.03465,-4.13254,5.75714,-3.32042,5.48259,2.28526,-0.618643,-2.56015,5.71211,-5.17684,-1.04547,0.732816,-1.32457,3.19993,3.05634,0.821869,-5.33092,-1.46761,-2.37874,-0.449066,-2.39607,-1.79307,5.90176,0.117862,-1.63502,4.42669,-1.45171,2.73,3.98788,-1.60761,-5.93821,-3.34984,-2.01563,-4.71377,-2.38378,5.24836,1.89544,5.42255,-4.52399,-1.24121,-4.40107,2.73686,2.19986,-2.31954,-5.21742,4.29248,5.02704,-2.07648,4.24074,2.51777,5.36644,5.30508,4.0626,2.32504,3.65999,5.37823,-4.57006,1.17603,-1.1638,-4.67245,4.3898,-1.95496,-1.34933,-0.0469355,3.11553,-1.2593,-3.23029,1.35853,5.85511,0.292493,2.94094,3.02109,2.9267,-2.23782,-3.5994,-0.377813,-0.647355,0.837664,-5.26013,3.99075,-4.28064,-1.86903,-5.41045,3.93914,-0.128868,0.638349,5.91691,-3.09853,2.65445,-1.42273,3.07059,-4.52,-3.87667,1.57838,-5.43015,2.58603,-4.60366,-3.77989,0.163149,0.720173,2.40752,-1.6845,-2.09954,-4.00629,-3.39294,-4.1235,-0.610176,4.17819,-1.86279,1.80017,4.42148,1.14198,-3.8475,-0.166812,4.60946,-1.78933,3.35789,0.696845,-0.588433,-4.15384,-2.36572,2.17841,-4.33053,4.20085,5.39255,5.45894,4.33488,-5.33093,1.78804,1.48164,0.971248,2.74481,4.04961,-0.607838,2.03275,-4.50543,-0.666899,2.93931,-2.94313,4.13215,3.39622,-5.47292,5.18821,4.37419,5.66122,3.98764,-3.09434,-1.95483,-0.0423463,2.17342,-3.55542,2.14578,2.23247,0.308031,-3.57909,5.99227,-2.63871,3.72359,3.20454,0.0552442,-0.191345,-2.21159,4.03283,1.78165,4.31296,-0.490084,0.771724,-2.68316,-3.16812,2.76673,-4.75198,0.499078,2.06418,2.25537,-3.5203,0.196665,-5.94305,-5.7071,0.627042,4.24024,4.74346,-0.712252,6.02092,5.07659,-0.814122,3.37791,-2.64999,3.85276,2.44991,0.725836,4.04878,-0.545155,-5.18542,0.895505,-1.0668,-3.85453,-0.320714,-5.97448,5.627,6.04285,2.52816,-4.99532,-2.3831,-1.04994,-4.04878,-1.09031,3.75741,-2.65765,0.45159,3.58584,-0.850466,-2.61308,-2.93387,-3.92188,-4.58893,3.09573,1.391,3.46313,-5.63758,1.09803,0.825069,3.63962,3.79588,5.1353,-1.73515,0.984894,-1.98895,3.43699,5.47766,5.26649,-0.25903,5.48634,-2.47851,1.52608,-2.29151,-4.32204,0.656919,4.47993,-1.50587,5.60949,5.77775,5.53861,3.33073,-5.44338,-0.542517,2.85524,4.90992,0.100628,-0.339424,4.86376,4.70875,-2.65976,-2.658]","[0,0,0,0,0,0,0,0,0,0,0,0,0,0,0,0,0,0,0,0,0,0,0,0,0,0,0,0,0,0,0,0,0,0,0,0,0,0,0,0,0,0,0,0,0,0,0,0,0,0,0,0,0,0,0,0,0,0,0,0,0,0,0,0,0,0,0,0,0,0,0,0,0,0,0,0,0,0,0,0,0,0,0,0,0,0,0,0,0,0,0,0,0,0,0,0,0,0,0,0,0,0,0,0,0,0,0,0,0,0,0,0,0,0,0,0,0,0,0,0,0,0,0,0,0,0,0,0,0,0,0,0,0,0,0,0,0,0,0,0,0,0,0,0,0,0,0,0,0,0,0,0,0,0,0,0,0,0,0,0,0,0,0,0,0,0,0,0,0,0,0,0,0,0,0,0,0,0,0,0,0,0,0,0,0,0,0,0,0,0,0,0,0,0,0,0,0,0,0,0,0,0,0,0,0,0,0,0,0,0,0,0,0,0,0,0,0,0,0,0,0,0,0,0,0,0,0,0,0,0,0,0,0,0,0,0,0,0,0,0,0,0,0,0,0,0,0,0,0,0,0,0,0,0,0]","Output
└─ 0 (V = 17, active): Op[5] (arity = 1)
       └─ 1 (V = 6, active): Input[6]
              └─ 3 (V = 2, inactive): Input[2]
                     └─ 7 (V = 12, inactive): Op[0] (arity = 2)
                            └─ 15 (V = 12, inactive): Op[0] (arity = 2)
                                   └─ 31 (V = 17, inactive): Op[5] (arity = 1)
                                          └─ 63 (V = 7, inactive): Input[7]
                                                 └─ 127 (V = 8, inactive): Input[8]
                                                 └─ 128 (V = 3, inactive): Input[3]
                                          └─ 64 (V = 3, inactive): Input[3]
                                                 └─ 129 (V = 2, inactive): Input[2]
                                                 └─ 130 (V = 9, inactive): Constant[0] -> 1.78804
                                   └─ 32 (V = 3, inactive): Input[3]
                                          └─ 65 (V = 2, inactive): Input[2]
                                                 └─ 131 (V = 5, inactive): Input[5]
                                                 └─ 132 (V = 6, inactive): Input[6]
                                          └─ 66 (V = 7, inactive): Input[7]
                                                 └─ 133 (V = 1, inactive): Input[1]
                                                 └─ 134 (V = 1, inactive): Input[1]
                            └─ 16 (V = 5, inactive): Input[5]
                                   └─ 33 (V = 12, inactive): Op[0] (arity = 2)
                                          └─ 67 (V = 8, inactive): Input[8]
                                                 └─ 135 (V = 9, inactive): Constant[0] -> -0.607838
                                                 └─ 136 (V = 0, inactive): Input[0]
                                          └─ 68 (V = 14, inactive): Op[2] (arity = 2)
                                                 └─ 137 (V = 7, inactive): Input[7]
                                                 └─ 138 (V = 0, inactive): Input[0]
                                   └─ 34 (V = 7, inactive): Input[7]
                                          └─ 69 (V = 14, inactive): Op[2] (arity = 2)
                                                 └─ 139 (V = 4, inactive): Input[4]
                                                 └─ 140 (V = 0, inactive): Input[0]
                                          └─ 70 (V = 0, inactive): Input[0]
                                                 └─ 141 (V = 1, inactive): Input[1]
                                                 └─ 142 (V = 1, inactive): Input[1]
                     └─ 8 (V = 8, inactive): Input[8]
                            └─ 17 (V = 16, inactive): Op[4] (arity = 1)
                                   └─ 35 (V = 2, inactive): Input[2]
                                          └─ 71 (V = 2, inactive): Input[2]
                                                 └─ 143 (V = 3, inactive): Input[3]
                                                 └─ 144 (V = 7, inactive): Input[7]
                                          └─ 72 (V = 5, inactive): Input[5]
                                                 └─ 145 (V = 6, inactive): Input[6]
                                                 └─ 146 (V = 2, inactive): Input[2]
                                   └─ 36 (V = 13, inactive): Op[1] (arity = 2)
                                          └─ 73 (V = 4, inactive): Input[4]
                                                 └─ 147 (V = 0, inactive): Input[0]
                                                 └─ 148 (V = 7, inactive): Input[7]
                                          └─ 74 (V = 4, inactive): Input[4]
                                                 └─ 149 (V = 0, inactive): Input[0]
                                                 └─ 150 (V = 0, inactive): Input[0]
                            └─ 18 (V = 17, inactive): Op[5] (arity = 1)
                                   └─ 37 (V = 16, inactive): Op[4] (arity = 1)
                                          └─ 75 (V = 6, inactive): Input[6]
                                                 └─ 151 (V = 9, inactive): Constant[0] -> 2.17342
                                                 └─ 152 (V = 6, inactive): Input[6]
                                          └─ 76 (V = 13, inactive): Op[1] (arity = 2)
                                                 └─ 153 (V = 5, inactive): Input[5]
                                                 └─ 154 (V = 9, inactive): Constant[0] -> 2.23247
                                   └─ 38 (V = 1, inactive): Input[1]
                                          └─ 77 (V = 9, inactive): Constant[0] -> -0.377813
                                                 └─ 155 (V = 5, inactive): Input[5]
                                                 └─ 156 (V = 4, inactive): Input[4]
                                          └─ 78 (V = 2, inactive): Input[2]
                                                 └─ 157 (V = 0, inactive): Input[0]
                                                 └─ 158 (V = 0, inactive): Input[0]
              └─ 4 (V = 8, inactive): Input[8]
                     └─ 9 (V = 14, inactive): Op[2] (arity = 2)
                            └─ 19 (V = 17, inactive): Op[5] (arity = 1)
                                   └─ 39 (V = 9, inactive): Constant[0] -> 5.42255
                                          └─ 79 (V = 1, inactive): Input[1]
                                                 └─ 159 (V = 6, inactive): Input[6]
                                                 └─ 160 (V = 9, inactive): Constant[0] -> 3.20454
                                          └─ 80 (V = 9, inactive): Constant[0] -> -5.26013
                                                 └─ 161 (V = 6, inactive): Input[6]
                                                 └─ 162 (V = 4, inactive): Input[4]
                                   └─ 40 (V = 14, inactive): Op[2] (arity = 2)
                                          └─ 81 (V = 0, inactive): Input[0]
                                                 └─ 163 (V = 4, inactive): Input[4]
                                                 └─ 164 (V = 1, inactive): Input[1]
                                          └─ 82 (V = 18, inactive): Op[6] (arity = 1)
                                                 └─ 165 (V = 7, inactive): Input[7]
                                                 └─ 166 (V = 1, inactive): Input[1]
                            └─ 20 (V = 9, inactive): Constant[0] -> -2.37874
                                   └─ 41 (V = 4, inactive): Input[4]
                                          └─ 83 (V = 14, inactive): Op[2] (arity = 2)
                                                 └─ 167 (V = 5, inactive): Input[5]
                                                 └─ 168 (V = 1, inactive): Input[1]
                                          └─ 84 (V = 4, inactive): Input[4]
                                                 └─ 169 (V = 7, inactive): Input[7]
                                                 └─ 170 (V = 2, inactive): Input[2]
                                   └─ 42 (V = 18, inactive): Op[6] (arity = 1)
                                          └─ 85 (V = 8, inactive): Input[8]
                                                 └─ 171 (V = 7, inactive): Input[7]
                                                 └─ 172 (V = 5, inactive): Input[5]
                                          └─ 86 (V = 8, inactive): Input[8]
                                                 └─ 173 (V = 5, inactive): Input[5]
                                                 └─ 174 (V = 9, inactive): Constant[0] -> 2.06418
                     └─ 10 (V = 5, inactive): Input[5]
                            └─ 21 (V = 14, inactive): Op[2] (arity = 2)
                                   └─ 43 (V = 16, inactive): Op[4] (arity = 1)
                                          └─ 87 (V = 18, inactive): Op[6] (arity = 1)
                                                 └─ 175 (V = 3, inactive): Input[3]
                                                 └─ 176 (V = 3, inactive): Input[3]
                                          └─ 88 (V = 15, inactive): Op[3] (arity = 2)
                                                 └─ 177 (V = 2, inactive): Input[2]
                                                 └─ 178 (V = 0, inactive): Input[0]
                                   └─ 44 (V = 18, inactive): Op[6] (arity = 1)
                                          └─ 89 (V = 19, inactive): Op[7] (arity = 1)
                                                 └─ 179 (V = 3, inactive): Input[3]
                                                 └─ 180 (V = 5, inactive): Input[5]
                                          └─ 90 (V = 9, inactive): Constant[0] -> 2.65445
                                                 └─ 181 (V = 3, inactive): Input[3]
                                                 └─ 182 (V = 3, inactive): Input[3]
                            └─ 22 (V = 15, inactive): Op[3] (arity = 2)
                                   └─ 45 (V = 14, inactive): Op[2] (arity = 2)
                                          └─ 91 (V = 19, inactive): Op[7] (arity = 1)
                                                 └─ 183 (V = 5, inactive): Input[5]
                                                 └─ 184 (V = 5, inactive): Input[5]
                                          └─ 92 (V = 16, inactive): Op[4] (arity = 1)
                                                 └─ 185 (V = 7, inactive): Input[7]
                                                 └─ 186 (V = 5, inactive): Input[5]
                                   └─ 46 (V = 19, inactive): Op[7] (arity = 1)
                                          └─ 93 (V = 2, inactive): Input[2]
                                                 └─ 187 (V = 6, inactive): Input[6]
                                                 └─ 188 (V = 8, inactive): Input[8]
                                          └─ 94 (V = 3, inactive): Input[3]
                                                 └─ 189 (V = 6, inactive): Input[6]
                                                 └─ 190 (V = 9, inactive): Constant[0] -> 2.44991
       └─ 2 (V = 18, inactive): Op[6] (arity = 1)
              └─ 5 (V = 5, inactive): Input[5]
                     └─ 11 (V = 16, inactive): Op[4] (arity = 1)
                            └─ 23 (V = 6, inactive): Input[6]
                                   └─ 47 (V = 6, inactive): Input[6]
                                          └─ 95 (V = 19, inactive): Op[7] (arity = 1)
                                                 └─ 191 (V = 9, inactive): Constant[0] -> 0.725836
                                                 └─ 192 (V = 9, inactive): Constant[0] -> 4.04878
                                          └─ 96 (V = 3, inactive): Input[3]
                                                 └─ 193 (V = 6, inactive): Input[6]
                                                 └─ 194 (V = 1, inactive): Input[1]
                                   └─ 48 (V = 12, inactive): Op[0] (arity = 2)
                                          └─ 97 (V = 12, inactive): Op[0] (arity = 2)
                                                 └─ 195 (V = 7, inactive): Input[7]
                                                 └─ 196 (V = 8, inactive): Input[8]
                                          └─ 98 (V = 4, inactive): Input[4]
                                                 └─ 197 (V = 6, inactive): Input[6]
                                                 └─ 198 (V = 8, inactive): Input[8]
                            └─ 24 (V = 0, inactive): Input[0]
                                   └─ 49 (V = 6, inactive): Input[6]
                                          └─ 99 (V = 0, inactive): Input[0]
                                                 └─ 199 (V = 5, inactive): Input[5]
                                                 └─ 200 (V = 2, inactive): Input[2]
                                          └─ 100 (V = 5, inactive): Input[5]
                                                 └─ 201 (V = 6, inactive): Input[6]
                                                 └─ 202 (V = 3, inactive): Input[3]
                                   └─ 50 (V = 3, inactive): Input[3]
                                          └─ 101 (V = 12, inactive): Op[0] (arity = 2)
                                                 └─ 203 (V = 9, inactive): Constant[0] -> -4.99532
                                                 └─ 204 (V = 7, inactive): Input[7]
                                          └─ 102 (V = 6, inactive): Input[6]
                                                 └─ 205 (V = 1, inactive): Input[1]
                                                 └─ 206 (V = 5, inactive): Input[5]
                     └─ 12 (V = 13, inactive): Op[1] (arity = 2)
                            └─ 25 (V = 1, inactive): Input[1]
                                   └─ 51 (V = 2, inactive): Input[2]
                                          └─ 103 (V = 6, inactive): Input[6]
                                                 └─ 207 (V = 3, inactive): Input[3]
                                                 └─ 208 (V = 6, inactive): Input[6]
                                          └─ 104 (V = 7, inactive): Input[7]
                                                 └─ 209 (V = 8, inactive): Input[8]
                                                 └─ 210 (V = 2, inactive): Input[2]
                                   └─ 52 (V = 0, inactive): Input[0]
                                          └─ 105 (V = 3, inactive): Input[3]
                                                 └─ 211 (V = 8, inactive): Input[8]
                                                 └─ 212 (V = 7, inactive): Input[7]
                                          └─ 106 (V = 1, inactive): Input[1]
                                                 └─ 213 (V = 3, inactive): Input[3]
                                                 └─ 214 (V = 2, inactive): Input[2]
                            └─ 26 (V = 1, inactive): Input[1]
                                   └─ 53 (V = 14, inactive): Op[2] (arity = 2)
                                          └─ 107 (V = 19, inactive): Op[7] (arity = 1)
                                                 └─ 215 (V = 5, inactive): Input[5]
                                                 └─ 216 (V = 4, inactive): Input[4]
                                          └─ 108 (V = 16, inactive): Op[4] (arity = 1)
                                                 └─ 217 (V = 6, inactive): Input[6]
                                                 └─ 218 (V = 4, inactive): Input[4]
                                   └─ 54 (V = 15, inactive): Op[3] (arity = 2)
                                          └─ 109 (V = 18, inactive): Op[6] (arity = 1)
                                                 └─ 219 (V = 7, inactive): Input[7]
                                                 └─ 220 (V = 0, inactive): Input[0]
                                          └─ 110 (V = 12, inactive): Op[0] (arity = 2)
                                                 └─ 221 (V = 0, inactive): Input[0]
                                                 └─ 222 (V = 2, inactive): Input[2]
              └─ 6 (V = 4, inactive): Input[4]
                     └─ 13 (V = 6, inactive): Input[6]
                            └─ 27 (V = 5, inactive): Input[5]
                                   └─ 55 (V = 13, inactive): Op[1] (arity = 2)
                                          └─ 111 (V = 4, inactive): Input[4]
                                                 └─ 223 (V = 8, inactive): Input[8]
                                                 └─ 224 (V = 4, inactive): Input[4]
                                          └─ 112 (V = 16, inactive): Op[4] (arity = 1)
                                                 └─ 225 (V = 6, inactive): Input[6]
                                                 └─ 226 (V = 4, inactive): Input[4]
                                   └─ 56 (V = 9, inactive): Constant[0] -> 3.65999
                                          └─ 113 (V = 15, inactive): Op[3] (arity = 2)
                                                 └─ 227 (V = 6, inactive): Input[6]
                                                 └─ 228 (V = 2, inactive): Input[2]
                                          └─ 114 (V = 12, inactive): Op[0] (arity = 2)
                                                 └─ 229 (V = 3, inactive): Input[3]
                                                 └─ 230 (V = 5, inactive): Input[5]
                            └─ 28 (V = 4, inactive): Input[4]
                                   └─ 57 (V = 8, inactive): Input[8]
                                          └─ 115 (V = 0, inactive): Input[0]
                                                 └─ 231 (V = 4, inactive): Input[4]
                                                 └─ 232 (V = 6, inactive): Input[6]
                                          └─ 116 (V = 12, inactive): Op[0] (arity = 2)
                                                 └─ 233 (V = 5, inactive): Input[5]
                                                 └─ 234 (V = 6, inactive): Input[6]
                                   └─ 58 (V = 19, inactive): Op[7] (arity = 1)
                                          └─ 117 (V = 14, inactive): Op[2] (arity = 2)
                                                 └─ 235 (V = 3, inactive): Input[3]
                                                 └─ 236 (V = 8, inactive): Input[8]
                                          └─ 118 (V = 0, inactive): Input[0]
                                                 └─ 237 (V = 6, inactive): Input[6]
                                                 └─ 238 (V = 2, inactive): Input[2]
                     └─ 14 (V = 12, inactive): Op[0] (arity = 2)
                            └─ 29 (V = 18, inactive): Op[6] (arity = 1)
                                   └─ 59 (V = 15, inactive): Op[3] (arity = 2)
                                          └─ 119 (V = 12, inactive): Op[0] (arity = 2)
                                                 └─ 239 (V = 9, inactive): Constant[0] -> 4.47993
                                                 └─ 240 (V = 1, inactive): Input[1]
                                          └─ 120 (V = 5, inactive): Input[5]
                                                 └─ 241 (V = 3, inactive): Input[3]
                                                 └─ 242 (V = 7, inactive): Input[7]
                                   └─ 60 (V = 1, inactive): Input[1]
                                          └─ 121 (V = 2, inactive): Input[2]
                                                 └─ 243 (V = 0, inactive): Input[0]
                                                 └─ 244 (V = 5, inactive): Input[5]
                                          └─ 122 (V = 17, inactive): Op[5] (arity = 1)
                                                 └─ 245 (V = 4, inactive): Input[4]
                                                 └─ 246 (V = 4, inactive): Input[4]
                            └─ 30 (V = 0, inactive): Input[0]
                                   └─ 61 (V = 18, inactive): Op[6] (arity = 1)
                                          └─ 123 (V = 5, inactive): Input[5]
                                                 └─ 247 (V = 2, inactive): Input[2]
                                                 └─ 248 (V = 6, inactive): Input[6]
                                          └─ 124 (V = 19, inactive): Op[7] (arity = 1)
                                                 └─ 249 (V = 3, inactive): Input[3]
                                                 └─ 250 (V = 7, inactive): Input[7]
                                   └─ 62 (V = 8, inactive): Input[8]
                                          └─ 125 (V = 18, inactive): Op[6] (arity = 1)
                                                 └─ 251 (V = 9, inactive): Constant[0] -> 4.86376
                                                 └─ 252 (V = 7, inactive): Input[7]
                                          └─ 126 (V = 5, inactive): Input[5]
                                                 └─ 253 (V = 7, inactive): Input[7]
                                                 └─ 254 (V = 2, inactive): Input[2]
","cos(x6)",3.90302,"[3.90302]",0
Running,4311,0,0.127310455,0.09006388,0.037246575,1024,1,modular_1,single_kernel_inplace,1024,666,9,2,7,modular,0,0,3324115916,4.1594454033974815,3324115916,"[15,6,16,2,8,5,4,10,8,12,5,14,11,6,10,10,5,14,15,15,9,12,13,6,0,1,1,5,4,16,0,15,3,10,7,2,11,14,1,9,12,4,16,14,16,12,17,6,10,6,3,2,0,12,13,11,9,8,17,13,1,16,8,7,3,2,7,8,12,12,0,2,5,4,4,6,11,9,2,1,9,0,16,12,4,8,8,16,13,17,9,17,14,2,3,17,3,10,4,0,5,10,6,6,7,3,1,17,14,16,10,4,14,13,10,0,10,12,0,10,5,2,15,5,17,16,5,8,3,2,9,5,6,1,1,9,0,7,0,4,0,1,1,3,7,6,2,0,7,0,0,9,6,5,9,5,4,0,0,6,9,6,4,4,1,7,1,5,1,7,2,7,5,5,9,3,3,2,0,3,5,3,3,5,5,7,5,6,8,6,9,9,9,6,1,7,8,6,8,5,2,6,3,9,7,1,5,3,6,8,2,8,7,3,2,5,4,6,4,7,0,0,2,8,4,6,4,6,2,3,5,4,6,5,6,3,8,6,2,9,1,3,7,0,5,4,4,2,6,3,7,9,7,7,2]","[1,1,0,0,0,0,0,0,0,0,0,0,0,0,0,0,0,0,0,0,0,0,0,0,0,0,0,0,0,0,0,0,0,0,0,0,0,0,0,0,0,0,0,0,0,0,0,0,0,0,0,0,0,0,0,0,0,0,0,0,0,0,0,0,0,0,0,0,0,0,0,0,0,0,0,0,0,0,0,0,0,0,0,0,0,0,0,0,0,0,0,0,0,0,0,0,0,0,0,0,0,0,0,0,0,0,0,0,0,0,0,0,0,0,0,0,0,0,0,0,0,0,0,0,0,0,0,0,0,0,0,0,0,0,0,0,0,0,0,0,0,0,0,0,0,0,0,0,0,0,0,0,0,0,0,0,0,0,0,0,0,0,0,0,0,0,0,0,0,0,0,0,0,0,0,0,0,0,0,0,0,0,0,0,0,0,0,0,0,0,0,0,0,0,0,0,0,0,0,0,0,0,0,0,0,0,0,0,0,0,0,0,0,0,0,0,0,0,0,0,0,0,0,0,0,0,0,0,0,0,0,0,0,0,0,0,0,0,0,0,0,0,0,0,0,0,0,0,0,0,0,0,0,0,0]","[5.29067,0.486884,6.03465,-4.13254,5.75714,-3.32042,5.48259,2.28526,-0.618643,-2.56015,5.71211,-5.17684,-1.04547,0.732816,-1.32457,3.19993,3.05634,0.821869,-5.33092,-1.46761,-2.37874,-0.449066,-2.39607,-1.79307,5.90176,0.117862,-1.63502,4.42669,-1.45171,2.73,3.98788,-1.60761,-5.93821,-3.34984,-2.01563,-4.71377,-2.38378,5.24836,1.89544,5.42255,-4.52399,-1.24121,-4.40107,2.73686,2.19986,-2.31954,-5.21742,4.29248,5.02704,-2.07648,4.24074,2.51777,5.36644,5.30508,4.0626,2.32504,3.65999,5.37823,-4.57006,1.17603,-1.1638,-4.67245,4.3898,-1.95496,-1.34933,-0.0469355,3.11553,-1.2593,-3.23029,1.35853,5.85511,0.292493,2.94094,3.02109,2.9267,-2.23782,-3.5994,-0.377813,-0.647355,0.837664,-5.26013,3.99075,-4.28064,-1.86903,-5.41045,3.93914,-0.128868,0.638349,5.91691,-3.09853,2.65445,-1.42273,3.07059,-4.52,-3.87667,1.57838,-5.43015,2.58603,-4.60366,-3.77989,0.163149,0.720173,2.40752,-1.6845,-2.09954,-4.00629,-3.39294,-4.1235,-0.610176,4.17819,-1.86279,1.80017,4.42148,1.14198,-3.8475,-0.166812,4.60946,-1.78933,3.35789,0.696845,-0.588433,-4.15384,-2.36572,2.17841,-4.33053,4.20085,5.39255,5.45894,4.33488,-5.33093,1.78804,1.48164,0.971248,2.74481,4.04961,-0.607838,2.03275,-4.50543,-0.666899,2.93931,-2.94313,4.13215,3.39622,-5.47292,5.18821,4.37419,5.66122,3.98764,-3.09434,-1.95483,-0.0423463,2.17342,-3.55542,2.14578,2.23247,0.308031,-3.57909,5.99227,-2.63871,3.72359,3.20454,0.0552442,-0.191345,-2.21159,4.03283,1.78165,4.31296,-0.490084,0.771724,-2.68316,-3.16812,2.76673,-4.75198,0.499078,2.06418,2.25537,-3.5203,0.196665,-5.94305,-5.7071,0.627042,4.24024,4.74346,-0.712252,6.02092,5.07659,-0.814122,3.37791,-2.64999,3.85276,2.44991,0.725836,4.04878,-0.545155,-5.18542,0.895505,-1.0668,-3.85453,-0.320714,-5.97448,5.627,6.04285,2.52816,-4.99532,-2.3831,-1.04994,-4.04878,-1.09031,3.75741,-2.65765,0.45159,3.58584,-0.850466,-2.61308,-2.93387,-3.92188,-4.58893,3.09573,1.391,3.46313,-5.63758,1.09803,0.825069,3.63962,3.79588,5.1353,-1.73515,0.984894,-1.98895,3.43699,5.47766,5.26649,-0.25903,5.48634,-2.47851,1.52608,-2.29151,-4.32204,0.656919,4.47993,-1.50587,5.60949,5.77775,5.53861,3.33073,-5.44338,-0.542517,2.85524,4.90992,0.100628,-0.339424,4.86376,4.70875,-2.65976,-2.658]","[0,0,0,0,0,0,0,0,0,0,0,0,0,0,0,0,0,0,0,0,0,0,0,0,0,0,0,0,0,0,0,0,0,0,0,0,0,0,0,0,0,0,0,0,0,0,0,0,0,0,0,0,0,0,0,0,0,0,0,0,0,0,0,0,0,0,0,0,0,0,0,0,0,0,0,0,0,0,0,0,0,0,0,0,0,0,0,0,0,0,0,0,0,0,0,0,0,0,0,0,0,0,0,0,0,0,0,0,0,0,0,0,0,0,0,0,0,0,0,0,0,0,0,0,0,0,0,0,0,0,0,0,0,0,0,0,0,0,0,0,0,0,0,0,0,0,0,0,0,0,0,0,0,0,0,0,0,0,0,0,0,0,0,0,0,0,0,0,0,0,0,0,0,0,0,0,0,0,0,0,0,0,0,0,0,0,0,0,0,0,0,0,0,0,0,0,0,0,0,0,0,0,0,0,0,0,0,0,0,0,0,0,0,0,0,0,0,0,0,0,0,0,0,0,0,0,0,0,0,0,0,0,0,0,0,0,0,0,0,0,0,0,0,0,0,0,0,0,0,0,0,0,0,0,0]","Output
└─ 0 (V = 17, active): Op[5] (arity = 1)
       └─ 1 (V = 6, active): Input[6]
              └─ 3 (V = 2, inactive): Input[2]
                     └─ 7 (V = 12, inactive): Op[0] (arity = 2)
                            └─ 15 (V = 12, inactive): Op[0] (arity = 2)
                                   └─ 31 (V = 17, inactive): Op[5] (arity = 1)
                                          └─ 63 (V = 7, inactive): Input[7]
                                                 └─ 127 (V = 8, inactive): Input[8]
                                                 └─ 128 (V = 3, inactive): Input[3]
                                          └─ 64 (V = 3, inactive): Input[3]
                                                 └─ 129 (V = 2, inactive): Input[2]
                                                 └─ 130 (V = 9, inactive): Constant[0] -> 1.78804
                                   └─ 32 (V = 3, inactive): Input[3]
                                          └─ 65 (V = 2, inactive): Input[2]
                                                 └─ 131 (V = 5, inactive): Input[5]
                                                 └─ 132 (V = 6, inactive): Input[6]
                                          └─ 66 (V = 7, inactive): Input[7]
                                                 └─ 133 (V = 1, inactive): Input[1]
                                                 └─ 134 (V = 1, inactive): Input[1]
                            └─ 16 (V = 5, inactive): Input[5]
                                   └─ 33 (V = 12, inactive): Op[0] (arity = 2)
                                          └─ 67 (V = 8, inactive): Input[8]
                                                 └─ 135 (V = 9, inactive): Constant[0] -> -0.607838
                                                 └─ 136 (V = 0, inactive): Input[0]
                                          └─ 68 (V = 14, inactive): Op[2] (arity = 2)
                                                 └─ 137 (V = 7, inactive): Input[7]
                                                 └─ 138 (V = 0, inactive): Input[0]
                                   └─ 34 (V = 7, inactive): Input[7]
                                          └─ 69 (V = 14, inactive): Op[2] (arity = 2)
                                                 └─ 139 (V = 4, inactive): Input[4]
                                                 └─ 140 (V = 0, inactive): Input[0]
                                          └─ 70 (V = 0, inactive): Input[0]
                                                 └─ 141 (V = 1, inactive): Input[1]
                                                 └─ 142 (V = 1, inactive): Input[1]
                     └─ 8 (V = 8, inactive): Input[8]
                            └─ 17 (V = 16, inactive): Op[4] (arity = 1)
                                   └─ 35 (V = 2, inactive): Input[2]
                                          └─ 71 (V = 2, inactive): Input[2]
                                                 └─ 143 (V = 3, inactive): Input[3]
                                                 └─ 144 (V = 7, inactive): Input[7]
                                          └─ 72 (V = 5, inactive): Input[5]
                                                 └─ 145 (V = 6, inactive): Input[6]
                                                 └─ 146 (V = 2, inactive): Input[2]
                                   └─ 36 (V = 13, inactive): Op[1] (arity = 2)
                                          └─ 73 (V = 4, inactive): Input[4]
                                                 └─ 147 (V = 0, inactive): Input[0]
                                                 └─ 148 (V = 7, inactive): Input[7]
                                          └─ 74 (V = 4, inactive): Input[4]
                                                 └─ 149 (V = 0, inactive): Input[0]
                                                 └─ 150 (V = 0, inactive): Input[0]
                            └─ 18 (V = 17, inactive): Op[5] (arity = 1)
                                   └─ 37 (V = 16, inactive): Op[4] (arity = 1)
                                          └─ 75 (V = 6, inactive): Input[6]
                                                 └─ 151 (V = 9, inactive): Constant[0] -> 2.17342
                                                 └─ 152 (V = 6, inactive): Input[6]
                                          └─ 76 (V = 13, inactive): Op[1] (arity = 2)
                                                 └─ 153 (V = 5, inactive): Input[5]
                                                 └─ 154 (V = 9, inactive): Constant[0] -> 2.23247
                                   └─ 38 (V = 1, inactive): Input[1]
                                          └─ 77 (V = 9, inactive): Constant[0] -> -0.377813
                                                 └─ 155 (V = 5, inactive): Input[5]
                                                 └─ 156 (V = 4, inactive): Input[4]
                                          └─ 78 (V = 2, inactive): Input[2]
                                                 └─ 157 (V = 0, inactive): Input[0]
                                                 └─ 158 (V = 0, inactive): Input[0]
              └─ 4 (V = 8, inactive): Input[8]
                     └─ 9 (V = 14, inactive): Op[2] (arity = 2)
                            └─ 19 (V = 17, inactive): Op[5] (arity = 1)
                                   └─ 39 (V = 9, inactive): Constant[0] -> 5.42255
                                          └─ 79 (V = 1, inactive): Input[1]
                                                 └─ 159 (V = 6, inactive): Input[6]
                                                 └─ 160 (V = 9, inactive): Constant[0] -> 3.20454
                                          └─ 80 (V = 9, inactive): Constant[0] -> -5.26013
                                                 └─ 161 (V = 6, inactive): Input[6]
                                                 └─ 162 (V = 4, inactive): Input[4]
                                   └─ 40 (V = 14, inactive): Op[2] (arity = 2)
                                          └─ 81 (V = 0, inactive): Input[0]
                                                 └─ 163 (V = 4, inactive): Input[4]
                                                 └─ 164 (V = 1, inactive): Input[1]
                                          └─ 82 (V = 18, inactive): Op[6] (arity = 1)
                                                 └─ 165 (V = 7, inactive): Input[7]
                                                 └─ 166 (V = 1, inactive): Input[1]
                            └─ 20 (V = 9, inactive): Constant[0] -> -2.37874
                                   └─ 41 (V = 4, inactive): Input[4]
                                          └─ 83 (V = 14, inactive): Op[2] (arity = 2)
                                                 └─ 167 (V = 5, inactive): Input[5]
                                                 └─ 168 (V = 1, inactive): Input[1]
                                          └─ 84 (V = 4, inactive): Input[4]
                                                 └─ 169 (V = 7, inactive): Input[7]
                                                 └─ 170 (V = 2, inactive): Input[2]
                                   └─ 42 (V = 18, inactive): Op[6] (arity = 1)
                                          └─ 85 (V = 8, inactive): Input[8]
                                                 └─ 171 (V = 7, inactive): Input[7]
                                                 └─ 172 (V = 5, inactive): Input[5]
                                          └─ 86 (V = 8, inactive): Input[8]
                                                 └─ 173 (V = 5, inactive): Input[5]
                                                 └─ 174 (V = 9, inactive): Constant[0] -> 2.06418
                     └─ 10 (V = 5, inactive): Input[5]
                            └─ 21 (V = 14, inactive): Op[2] (arity = 2)
                                   └─ 43 (V = 16, inactive): Op[4] (arity = 1)
                                          └─ 87 (V = 18, inactive): Op[6] (arity = 1)
                                                 └─ 175 (V = 3, inactive): Input[3]
                                                 └─ 176 (V = 3, inactive): Input[3]
                                          └─ 88 (V = 15, inactive): Op[3] (arity = 2)
                                                 └─ 177 (V = 2, inactive): Input[2]
                                                 └─ 178 (V = 0, inactive): Input[0]
                                   └─ 44 (V = 18, inactive): Op[6] (arity = 1)
                                          └─ 89 (V = 19, inactive): Op[7] (arity = 1)
                                                 └─ 179 (V = 3, inactive): Input[3]
                                                 └─ 180 (V = 5, inactive): Input[5]
                                          └─ 90 (V = 9, inactive): Constant[0] -> 2.65445
                                                 └─ 181 (V = 3, inactive): Input[3]
                                                 └─ 182 (V = 3, inactive): Input[3]
                            └─ 22 (V = 15, inactive): Op[3] (arity = 2)
                                   └─ 45 (V = 14, inactive): Op[2] (arity = 2)
                                          └─ 91 (V = 19, inactive): Op[7] (arity = 1)
                                                 └─ 183 (V = 5, inactive): Input[5]
                                                 └─ 184 (V = 5, inactive): Input[5]
                                          └─ 92 (V = 16, inactive): Op[4] (arity = 1)
                                                 └─ 185 (V = 7, inactive): Input[7]
                                                 └─ 186 (V = 5, inactive): Input[5]
                                   └─ 46 (V = 19, inactive): Op[7] (arity = 1)
                                          └─ 93 (V = 2, inactive): Input[2]
                                                 └─ 187 (V = 6, inactive): Input[6]
                                                 └─ 188 (V = 8, inactive): Input[8]
                                          └─ 94 (V = 3, inactive): Input[3]
                                                 └─ 189 (V = 6, inactive): Input[6]
                                                 └─ 190 (V = 9, inactive): Constant[0] -> 2.44991
       └─ 2 (V = 18, inactive): Op[6] (arity = 1)
              └─ 5 (V = 5, inactive): Input[5]
                     └─ 11 (V = 16, inactive): Op[4] (arity = 1)
                            └─ 23 (V = 6, inactive): Input[6]
                                   └─ 47 (V = 6, inactive): Input[6]
                                          └─ 95 (V = 19, inactive): Op[7] (arity = 1)
                                                 └─ 191 (V = 9, inactive): Constant[0] -> 0.725836
                                                 └─ 192 (V = 9, inactive): Constant[0] -> 4.04878
                                          └─ 96 (V = 3, inactive): Input[3]
                                                 └─ 193 (V = 6, inactive): Input[6]
                                                 └─ 194 (V = 1, inactive): Input[1]
                                   └─ 48 (V = 12, inactive): Op[0] (arity = 2)
                                          └─ 97 (V = 12, inactive): Op[0] (arity = 2)
                                                 └─ 195 (V = 7, inactive): Input[7]
                                                 └─ 196 (V = 8, inactive): Input[8]
                                          └─ 98 (V = 4, inactive): Input[4]
                                                 └─ 197 (V = 6, inactive): Input[6]
                                                 └─ 198 (V = 8, inactive): Input[8]
                            └─ 24 (V = 0, inactive): Input[0]
                                   └─ 49 (V = 6, inactive): Input[6]
                                          └─ 99 (V = 0, inactive): Input[0]
                                                 └─ 199 (V = 5, inactive): Input[5]
                                                 └─ 200 (V = 2, inactive): Input[2]
                                          └─ 100 (V = 5, inactive): Input[5]
                                                 └─ 201 (V = 6, inactive): Input[6]
                                                 └─ 202 (V = 3, inactive): Input[3]
                                   └─ 50 (V = 3, inactive): Input[3]
                                          └─ 101 (V = 12, inactive): Op[0] (arity = 2)
                                                 └─ 203 (V = 9, inactive): Constant[0] -> -4.99532
                                                 └─ 204 (V = 7, inactive): Input[7]
                                          └─ 102 (V = 6, inactive): Input[6]
                                                 └─ 205 (V = 1, inactive): Input[1]
                                                 └─ 206 (V = 5, inactive): Input[5]
                     └─ 12 (V = 13, inactive): Op[1] (arity = 2)
                            └─ 25 (V = 1, inactive): Input[1]
                                   └─ 51 (V = 2, inactive): Input[2]
                                          └─ 103 (V = 6, inactive): Input[6]
                                                 └─ 207 (V = 3, inactive): Input[3]
                                                 └─ 208 (V = 6, inactive): Input[6]
                                          └─ 104 (V = 7, inactive): Input[7]
                                                 └─ 209 (V = 8, inactive): Input[8]
                                                 └─ 210 (V = 2, inactive): Input[2]
                                   └─ 52 (V = 0, inactive): Input[0]
                                          └─ 105 (V = 3, inactive): Input[3]
                                                 └─ 211 (V = 8, inactive): Input[8]
                                                 └─ 212 (V = 7, inactive): Input[7]
                                          └─ 106 (V = 1, inactive): Input[1]
                                                 └─ 213 (V = 3, inactive): Input[3]
                                                 └─ 214 (V = 2, inactive): Input[2]
                            └─ 26 (V = 1, inactive): Input[1]
                                   └─ 53 (V = 14, inactive): Op[2] (arity = 2)
                                          └─ 107 (V = 19, inactive): Op[7] (arity = 1)
                                                 └─ 215 (V = 5, inactive): Input[5]
                                                 └─ 216 (V = 4, inactive): Input[4]
                                          └─ 108 (V = 16, inactive): Op[4] (arity = 1)
                                                 └─ 217 (V = 6, inactive): Input[6]
                                                 └─ 218 (V = 4, inactive): Input[4]
                                   └─ 54 (V = 15, inactive): Op[3] (arity = 2)
                                          └─ 109 (V = 18, inactive): Op[6] (arity = 1)
                                                 └─ 219 (V = 7, inactive): Input[7]
                                                 └─ 220 (V = 0, inactive): Input[0]
                                          └─ 110 (V = 12, inactive): Op[0] (arity = 2)
                                                 └─ 221 (V = 0, inactive): Input[0]
                                                 └─ 222 (V = 2, inactive): Input[2]
              └─ 6 (V = 4, inactive): Input[4]
                     └─ 13 (V = 6, inactive): Input[6]
                            └─ 27 (V = 5, inactive): Input[5]
                                   └─ 55 (V = 13, inactive): Op[1] (arity = 2)
                                          └─ 111 (V = 4, inactive): Input[4]
                                                 └─ 223 (V = 8, inactive): Input[8]
                                                 └─ 224 (V = 4, inactive): Input[4]
                                          └─ 112 (V = 16, inactive): Op[4] (arity = 1)
                                                 └─ 225 (V = 6, inactive): Input[6]
                                                 └─ 226 (V = 4, inactive): Input[4]
                                   └─ 56 (V = 9, inactive): Constant[0] -> 3.65999
                                          └─ 113 (V = 15, inactive): Op[3] (arity = 2)
                                                 └─ 227 (V = 6, inactive): Input[6]
                                                 └─ 228 (V = 2, inactive): Input[2]
                                          └─ 114 (V = 12, inactive): Op[0] (arity = 2)
                                                 └─ 229 (V = 3, inactive): Input[3]
                                                 └─ 230 (V = 5, inactive): Input[5]
                            └─ 28 (V = 4, inactive): Input[4]
                                   └─ 57 (V = 8, inactive): Input[8]
                                          └─ 115 (V = 0, inactive): Input[0]
                                                 └─ 231 (V = 4, inactive): Input[4]
                                                 └─ 232 (V = 6, inactive): Input[6]
                                          └─ 116 (V = 12, inactive): Op[0] (arity = 2)
                                                 └─ 233 (V = 5, inactive): Input[5]
                                                 └─ 234 (V = 6, inactive): Input[6]
                                   └─ 58 (V = 19, inactive): Op[7] (arity = 1)
                                          └─ 117 (V = 14, inactive): Op[2] (arity = 2)
                                                 └─ 235 (V = 3, inactive): Input[3]
                                                 └─ 236 (V = 8, inactive): Input[8]
                                          └─ 118 (V = 0, inactive): Input[0]
                                                 └─ 237 (V = 6, inactive): Input[6]
                                                 └─ 238 (V = 2, inactive): Input[2]
                     └─ 14 (V = 12, inactive): Op[0] (arity = 2)
                            └─ 29 (V = 18, inactive): Op[6] (arity = 1)
                                   └─ 59 (V = 15, inactive): Op[3] (arity = 2)
                                          └─ 119 (V = 12, inactive): Op[0] (arity = 2)
                                                 └─ 239 (V = 9, inactive): Constant[0] -> 4.47993
                                                 └─ 240 (V = 1, inactive): Input[1]
                                          └─ 120 (V = 5, inactive): Input[5]
                                                 └─ 241 (V = 3, inactive): Input[3]
                                                 └─ 242 (V = 7, inactive): Input[7]
                                   └─ 60 (V = 1, inactive): Input[1]
                                          └─ 121 (V = 2, inactive): Input[2]
                                                 └─ 243 (V = 0, inactive): Input[0]
                                                 └─ 244 (V = 5, inactive): Input[5]
                                          └─ 122 (V = 17, inactive): Op[5] (arity = 1)
                                                 └─ 245 (V = 4, inactive): Input[4]
                                                 └─ 246 (V = 4, inactive): Input[4]
                            └─ 30 (V = 0, inactive): Input[0]
                                   └─ 61 (V = 18, inactive): Op[6] (arity = 1)
                                          └─ 123 (V = 5, inactive): Input[5]
                                                 └─ 247 (V = 2, inactive): Input[2]
                                                 └─ 248 (V = 6, inactive): Input[6]
                                          └─ 124 (V = 19, inactive): Op[7] (arity = 1)
                                                 └─ 249 (V = 3, inactive): Input[3]
                                                 └─ 250 (V = 7, inactive): Input[7]
                                   └─ 62 (V = 8, inactive): Input[8]
                                          └─ 125 (V = 18, inactive): Op[6] (arity = 1)
                                                 └─ 251 (V = 9, inactive): Constant[0] -> 4.86376
                                                 └─ 252 (V = 7, inactive): Input[7]
                                          └─ 126 (V = 5, inactive): Input[5]
                                                 └─ 253 (V = 7, inactive): Input[7]
                                                 └─ 254 (V = 2, inactive): Input[2]
","cos(x6)",3.90302,"[3.90302]",0
Running,8683,0,0.232569453,0.163017182,0.069552271,1024,1,modular_1,single_kernel_inplace,1024,666,9,2,7,modular,0,0,3324115916,4.1594454033974815,3324115916,"[15,6,16,2,8,5,4,10,8,12,5,14,11,6,10,10,5,14,15,15,9,12,13,6,0,1,1,5,4,16,0,15,3,10,7,2,11,14,1,9,12,4,16,14,16,12,17,6,10,6,3,2,0,12,13,11,9,8,17,13,1,16,8,7,3,2,7,8,12,12,0,2,5,4,4,6,11,9,2,1,9,0,16,12,4,8,8,16,13,17,9,17,14,2,3,17,3,10,4,0,5,10,6,6,7,3,1,17,14,16,10,4,14,13,10,0,10,12,0,10,5,2,15,5,17,16,5,8,3,2,9,5,6,1,1,9,0,7,0,4,0,1,1,3,7,6,2,0,7,0,0,9,6,5,9,5,4,0,0,6,9,6,4,4,1,7,1,5,1,7,2,7,5,5,9,3,3,2,0,3,5,3,3,5,5,7,5,6,8,6,9,9,9,6,1,7,8,6,8,5,2,6,3,9,7,1,5,3,6,8,2,8,7,3,2,5,4,6,4,7,0,0,2,8,4,6,4,6,2,3,5,4,6,5,6,3,8,6,2,9,1,3,7,0,5,4,4,2,6,3,7,9,7,7,2]","[1,1,0,0,0,0,0,0,0,0,0,0,0,0,0,0,0,0,0,0,0,0,0,0,0,0,0,0,0,0,0,0,0,0,0,0,0,0,0,0,0,0,0,0,0,0,0,0,0,0,0,0,0,0,0,0,0,0,0,0,0,0,0,0,0,0,0,0,0,0,0,0,0,0,0,0,0,0,0,0,0,0,0,0,0,0,0,0,0,0,0,0,0,0,0,0,0,0,0,0,0,0,0,0,0,0,0,0,0,0,0,0,0,0,0,0,0,0,0,0,0,0,0,0,0,0,0,0,0,0,0,0,0,0,0,0,0,0,0,0,0,0,0,0,0,0,0,0,0,0,0,0,0,0,0,0,0,0,0,0,0,0,0,0,0,0,0,0,0,0,0,0,0,0,0,0,0,0,0,0,0,0,0,0,0,0,0,0,0,0,0,0,0,0,0,0,0,0,0,0,0,0,0,0,0,0,0,0,0,0,0,0,0,0,0,0,0,0,0,0,0,0,0,0,0,0,0,0,0,0,0,0,0,0,0,0,0,0,0,0,0,0,0,0,0,0,0,0,0,0,0,0,0,0,0]","[5.29067,0.486884,6.03465,-4.13254,5.75714,-3.32042,5.48259,2.28526,-0.618643,-2.56015,5.71211,-5.17684,-1.04547,0.732816,-1.32457,3.19993,3.05634,0.821869,-5.33092,-1.46761,-2.37874,-0.449066,-2.39607,-1.79307,5.90176,0.117862,-1.63502,4.42669,-1.45171,2.73,3.98788,-1.60761,-5.93821,-3.34984,-2.01563,-4.71377,-2.38378,5.24836,1.89544,5.42255,-4.52399,-1.24121,-4.40107,2.73686,2.19986,-2.31954,-5.21742,4.29248,5.02704,-2.07648,4.24074,2.51777,5.36644,5.30508,4.0626,2.32504,3.65999,5.37823,-4.57006,1.17603,-1.1638,-4.67245,4.3898,-1.95496,-1.34933,-0.0469355,3.11553,-1.2593,-3.23029,1.35853,5.85511,0.292493,2.94094,3.02109,2.9267,-2.23782,-3.5994,-0.377813,-0.647355,0.837664,-5.26013,3.99075,-4.28064,-1.86903,-5.41045,3.93914,-0.128868,0.638349,5.91691,-3.09853,2.65445,-1.42273,3.07059,-4.52,-3.87667,1.57838,-5.43015,2.58603,-4.60366,-3.77989,0.163149,0.720173,2.40752,-1.6845,-2.09954,-4.00629,-3.39294,-4.1235,-0.610176,4.17819,-1.86279,1.80017,4.42148,1.14198,-3.8475,-0.166812,4.60946,-1.78933,3.35789,0.696845,-0.588433,-4.15384,-2.36572,2.17841,-4.33053,4.20085,5.39255,5.45894,4.33488,-5.33093,1.78804,1.48164,0.971248,2.74481,4.04961,-0.607838,2.03275,-4.50543,-0.666899,2.93931,-2.94313,4.13215,3.39622,-5.47292,5.18821,4.37419,5.66122,3.98764,-3.09434,-1.95483,-0.0423463,2.17342,-3.55542,2.14578,2.23247,0.308031,-3.57909,5.99227,-2.63871,3.72359,3.20454,0.0552442,-0.191345,-2.21159,4.03283,1.78165,4.31296,-0.490084,0.771724,-2.68316,-3.16812,2.76673,-4.75198,0.499078,2.06418,2.25537,-3.5203,0.196665,-5.94305,-5.7071,0.627042,4.24024,4.74346,-0.712252,6.02092,5.07659,-0.814122,3.37791,-2.64999,3.85276,2.44991,0.725836,4.04878,-0.545155,-5.18542,0.895505,-1.0668,-3.85453,-0.320714,-5.97448,5.627,6.04285,2.52816,-4.99532,-2.3831,-1.04994,-4.04878,-1.09031,3.75741,-2.65765,0.45159,3.58584,-0.850466,-2.61308,-2.93387,-3.92188,-4.58893,3.09573,1.391,3.46313,-5.63758,1.09803,0.825069,3.63962,3.79588,5.1353,-1.73515,0.984894,-1.98895,3.43699,5.47766,5.26649,-0.25903,5.48634,-2.47851,1.52608,-2.29151,-4.32204,0.656919,4.47993,-1.50587,5.60949,5.77775,5.53861,3.33073,-5.44338,-0.542517,2.85524,4.90992,0.100628,-0.339424,4.86376,4.70875,-2.65976,-2.658]","[0,0,0,0,0,0,0,0,0,0,0,0,0,0,0,0,0,0,0,0,0,0,0,0,0,0,0,0,0,0,0,0,0,0,0,0,0,0,0,0,0,0,0,0,0,0,0,0,0,0,0,0,0,0,0,0,0,0,0,0,0,0,0,0,0,0,0,0,0,0,0,0,0,0,0,0,0,0,0,0,0,0,0,0,0,0,0,0,0,0,0,0,0,0,0,0,0,0,0,0,0,0,0,0,0,0,0,0,0,0,0,0,0,0,0,0,0,0,0,0,0,0,0,0,0,0,0,0,0,0,0,0,0,0,0,0,0,0,0,0,0,0,0,0,0,0,0,0,0,0,0,0,0,0,0,0,0,0,0,0,0,0,0,0,0,0,0,0,0,0,0,0,0,0,0,0,0,0,0,0,0,0,0,0,0,0,0,0,0,0,0,0,0,0,0,0,0,0,0,0,0,0,0,0,0,0,0,0,0,0,0,0,0,0,0,0,0,0,0,0,0,0,0,0,0,0,0,0,0,0,0,0,0,0,0,0,0,0,0,0,0,0,0,0,0,0,0,0,0,0,0,0,0,0,0]","Output
└─ 0 (V = 17, active): Op[5] (arity = 1)
       └─ 1 (V = 6, active): Input[6]
              └─ 3 (V = 2, inactive): Input[2]
                     └─ 7 (V = 12, inactive): Op[0] (arity = 2)
                            └─ 15 (V = 12, inactive): Op[0] (arity = 2)
                                   └─ 31 (V = 17, inactive): Op[5] (arity = 1)
                                          └─ 63 (V = 7, inactive): Input[7]
                                                 └─ 127 (V = 8, inactive): Input[8]
                                                 └─ 128 (V = 3, inactive): Input[3]
                                          └─ 64 (V = 3, inactive): Input[3]
                                                 └─ 129 (V = 2, inactive): Input[2]
                                                 └─ 130 (V = 9, inactive): Constant[0] -> 1.78804
                                   └─ 32 (V = 3, inactive): Input[3]
                                          └─ 65 (V = 2, inactive): Input[2]
                                                 └─ 131 (V = 5, inactive): Input[5]
                                                 └─ 132 (V = 6, inactive): Input[6]
                                          └─ 66 (V = 7, inactive): Input[7]
                                                 └─ 133 (V = 1, inactive): Input[1]
                                                 └─ 134 (V = 1, inactive): Input[1]
                            └─ 16 (V = 5, inactive): Input[5]
                                   └─ 33 (V = 12, inactive): Op[0] (arity = 2)
                                          └─ 67 (V = 8, inactive): Input[8]
                                                 └─ 135 (V = 9, inactive): Constant[0] -> -0.607838
                                                 └─ 136 (V = 0, inactive): Input[0]
                                          └─ 68 (V = 14, inactive): Op[2] (arity = 2)
                                                 └─ 137 (V = 7, inactive): Input[7]
                                                 └─ 138 (V = 0, inactive): Input[0]
                                   └─ 34 (V = 7, inactive): Input[7]
                                          └─ 69 (V = 14, inactive): Op[2] (arity = 2)
                                                 └─ 139 (V = 4, inactive): Input[4]
                                                 └─ 140 (V = 0, inactive): Input[0]
                                          └─ 70 (V = 0, inactive): Input[0]
                                                 └─ 141 (V = 1, inactive): Input[1]
                                                 └─ 142 (V = 1, inactive): Input[1]
                     └─ 8 (V = 8, inactive): Input[8]
                            └─ 17 (V = 16, inactive): Op[4] (arity = 1)
                                   └─ 35 (V = 2, inactive): Input[2]
                                          └─ 71 (V = 2, inactive): Input[2]
                                                 └─ 143 (V = 3, inactive): Input[3]
                                                 └─ 144 (V = 7, inactive): Input[7]
                                          └─ 72 (V = 5, inactive): Input[5]
                                                 └─ 145 (V = 6, inactive): Input[6]
                                                 └─ 146 (V = 2, inactive): Input[2]
                                   └─ 36 (V = 13, inactive): Op[1] (arity = 2)
                                          └─ 73 (V = 4, inactive): Input[4]
                                                 └─ 147 (V = 0, inactive): Input[0]
                                                 └─ 148 (V = 7, inactive): Input[7]
                                          └─ 74 (V = 4, inactive): Input[4]
                                                 └─ 149 (V = 0, inactive): Input[0]
                                                 └─ 150 (V = 0, inactive): Input[0]
                            └─ 18 (V = 17, inactive): Op[5] (arity = 1)
                                   └─ 37 (V = 16, inactive): Op[4] (arity = 1)
                                          └─ 75 (V = 6, inactive): Input[6]
                                                 └─ 151 (V = 9, inactive): Constant[0] -> 2.17342
                                                 └─ 152 (V = 6, inactive): Input[6]
                                          └─ 76 (V = 13, inactive): Op[1] (arity = 2)
                                                 └─ 153 (V = 5, inactive): Input[5]
                                                 └─ 154 (V = 9, inactive): Constant[0] -> 2.23247
                                   └─ 38 (V = 1, inactive): Input[1]
                                          └─ 77 (V = 9, inactive): Constant[0] -> -0.377813
                                                 └─ 155 (V = 5, inactive): Input[5]
                                                 └─ 156 (V = 4, inactive): Input[4]
                                          └─ 78 (V = 2, inactive): Input[2]
                                                 └─ 157 (V = 0, inactive): Input[0]
                                                 └─ 158 (V = 0, inactive): Input[0]
              └─ 4 (V = 8, inactive): Input[8]
                     └─ 9 (V = 14, inactive): Op[2] (arity = 2)
                            └─ 19 (V = 17, inactive): Op[5] (arity = 1)
                                   └─ 39 (V = 9, inactive): Constant[0] -> 5.42255
                                          └─ 79 (V = 1, inactive): Input[1]
                                                 └─ 159 (V = 6, inactive): Input[6]
                                                 └─ 160 (V = 9, inactive): Constant[0] -> 3.20454
                                          └─ 80 (V = 9, inactive): Constant[0] -> -5.26013
                                                 └─ 161 (V = 6, inactive): Input[6]
                                                 └─ 162 (V = 4, inactive): Input[4]
                                   └─ 40 (V = 14, inactive): Op[2] (arity = 2)
                                          └─ 81 (V = 0, inactive): Input[0]
                                                 └─ 163 (V = 4, inactive): Input[4]
                                                 └─ 164 (V = 1, inactive): Input[1]
                                          └─ 82 (V = 18, inactive): Op[6] (arity = 1)
                                                 └─ 165 (V = 7, inactive): Input[7]
                                                 └─ 166 (V = 1, inactive): Input[1]
                            └─ 20 (V = 9, inactive): Constant[0] -> -2.37874
                                   └─ 41 (V = 4, inactive): Input[4]
                                          └─ 83 (V = 14, inactive): Op[2] (arity = 2)
                                                 └─ 167 (V = 5, inactive): Input[5]
                                                 └─ 168 (V = 1, inactive): Input[1]
                                          └─ 84 (V = 4, inactive): Input[4]
                                                 └─ 169 (V = 7, inactive): Input[7]
                                                 └─ 170 (V = 2, inactive): Input[2]
                                   └─ 42 (V = 18, inactive): Op[6] (arity = 1)
                                          └─ 85 (V = 8, inactive): Input[8]
                                                 └─ 171 (V = 7, inactive): Input[7]
                                                 └─ 172 (V = 5, inactive): Input[5]
                                          └─ 86 (V = 8, inactive): Input[8]
                                                 └─ 173 (V = 5, inactive): Input[5]
                                                 └─ 174 (V = 9, inactive): Constant[0] -> 2.06418
                     └─ 10 (V = 5, inactive): Input[5]
                            └─ 21 (V = 14, inactive): Op[2] (arity = 2)
                                   └─ 43 (V = 16, inactive): Op[4] (arity = 1)
                                          └─ 87 (V = 18, inactive): Op[6] (arity = 1)
                                                 └─ 175 (V = 3, inactive): Input[3]
                                                 └─ 176 (V = 3, inactive): Input[3]
                                          └─ 88 (V = 15, inactive): Op[3] (arity = 2)
                                                 └─ 177 (V = 2, inactive): Input[2]
                                                 └─ 178 (V = 0, inactive): Input[0]
                                   └─ 44 (V = 18, inactive): Op[6] (arity = 1)
                                          └─ 89 (V = 19, inactive): Op[7] (arity = 1)
                                                 └─ 179 (V = 3, inactive): Input[3]
                                                 └─ 180 (V = 5, inactive): Input[5]
                                          └─ 90 (V = 9, inactive): Constant[0] -> 2.65445
                                                 └─ 181 (V = 3, inactive): Input[3]
                                                 └─ 182 (V = 3, inactive): Input[3]
                            └─ 22 (V = 15, inactive): Op[3] (arity = 2)
                                   └─ 45 (V = 14, inactive): Op[2] (arity = 2)
                                          └─ 91 (V = 19, inactive): Op[7] (arity = 1)
                                                 └─ 183 (V = 5, inactive): Input[5]
                                                 └─ 184 (V = 5, inactive): Input[5]
                                          └─ 92 (V = 16, inactive): Op[4] (arity = 1)
                                                 └─ 185 (V = 7, inactive): Input[7]
                                                 └─ 186 (V = 5, inactive): Input[5]
                                   └─ 46 (V = 19, inactive): Op[7] (arity = 1)
                                          └─ 93 (V = 2, inactive): Input[2]
                                                 └─ 187 (V = 6, inactive): Input[6]
                                                 └─ 188 (V = 8, inactive): Input[8]
                                          └─ 94 (V = 3, inactive): Input[3]
                                                 └─ 189 (V = 6, inactive): Input[6]
                                                 └─ 190 (V = 9, inactive): Constant[0] -> 2.44991
       └─ 2 (V = 18, inactive): Op[6] (arity = 1)
              └─ 5 (V = 5, inactive): Input[5]
                     └─ 11 (V = 16, inactive): Op[4] (arity = 1)
                            └─ 23 (V = 6, inactive): Input[6]
                                   └─ 47 (V = 6, inactive): Input[6]
                                          └─ 95 (V = 19, inactive): Op[7] (arity = 1)
                                                 └─ 191 (V = 9, inactive): Constant[0] -> 0.725836
                                                 └─ 192 (V = 9, inactive): Constant[0] -> 4.04878
                                          └─ 96 (V = 3, inactive): Input[3]
                                                 └─ 193 (V = 6, inactive): Input[6]
                                                 └─ 194 (V = 1, inactive): Input[1]
                                   └─ 48 (V = 12, inactive): Op[0] (arity = 2)
                                          └─ 97 (V = 12, inactive): Op[0] (arity = 2)
                                                 └─ 195 (V = 7, inactive): Input[7]
                                                 └─ 196 (V = 8, inactive): Input[8]
                                          └─ 98 (V = 4, inactive): Input[4]
                                                 └─ 197 (V = 6, inactive): Input[6]
                                                 └─ 198 (V = 8, inactive): Input[8]
                            └─ 24 (V = 0, inactive): Input[0]
                                   └─ 49 (V = 6, inactive): Input[6]
                                          └─ 99 (V = 0, inactive): Input[0]
                                                 └─ 199 (V = 5, inactive): Input[5]
                                                 └─ 200 (V = 2, inactive): Input[2]
                                          └─ 100 (V = 5, inactive): Input[5]
                                                 └─ 201 (V = 6, inactive): Input[6]
                                                 └─ 202 (V = 3, inactive): Input[3]
                                   └─ 50 (V = 3, inactive): Input[3]
                                          └─ 101 (V = 12, inactive): Op[0] (arity = 2)
                                                 └─ 203 (V = 9, inactive): Constant[0] -> -4.99532
                                                 └─ 204 (V = 7, inactive): Input[7]
                                          └─ 102 (V = 6, inactive): Input[6]
                                                 └─ 205 (V = 1, inactive): Input[1]
                                                 └─ 206 (V = 5, inactive): Input[5]
                     └─ 12 (V = 13, inactive): Op[1] (arity = 2)
                            └─ 25 (V = 1, inactive): Input[1]
                                   └─ 51 (V = 2, inactive): Input[2]
                                          └─ 103 (V = 6, inactive): Input[6]
                                                 └─ 207 (V = 3, inactive): Input[3]
                                                 └─ 208 (V = 6, inactive): Input[6]
                                          └─ 104 (V = 7, inactive): Input[7]
                                                 └─ 209 (V = 8, inactive): Input[8]
                                                 └─ 210 (V = 2, inactive): Input[2]
                                   └─ 52 (V = 0, inactive): Input[0]
                                          └─ 105 (V = 3, inactive): Input[3]
                                                 └─ 211 (V = 8, inactive): Input[8]
                                                 └─ 212 (V = 7, inactive): Input[7]
                                          └─ 106 (V = 1, inactive): Input[1]
                                                 └─ 213 (V = 3, inactive): Input[3]
                                                 └─ 214 (V = 2, inactive): Input[2]
                            └─ 26 (V = 1, inactive): Input[1]
                                   └─ 53 (V = 14, inactive): Op[2] (arity = 2)
                                          └─ 107 (V = 19, inactive): Op[7] (arity = 1)
                                                 └─ 215 (V = 5, inactive): Input[5]
                                                 └─ 216 (V = 4, inactive): Input[4]
                                          └─ 108 (V = 16, inactive): Op[4] (arity = 1)
                                                 └─ 217 (V = 6, inactive): Input[6]
                                                 └─ 218 (V = 4, inactive): Input[4]
                                   └─ 54 (V = 15, inactive): Op[3] (arity = 2)
                                          └─ 109 (V = 18, inactive): Op[6] (arity = 1)
                                                 └─ 219 (V = 7, inactive): Input[7]
                                                 └─ 220 (V = 0, inactive): Input[0]
                                          └─ 110 (V = 12, inactive): Op[0] (arity = 2)
                                                 └─ 221 (V = 0, inactive): Input[0]
                                                 └─ 222 (V = 2, inactive): Input[2]
              └─ 6 (V = 4, inactive): Input[4]
                     └─ 13 (V = 6, inactive): Input[6]
                            └─ 27 (V = 5, inactive): Input[5]
                                   └─ 55 (V = 13, inactive): Op[1] (arity = 2)
                                          └─ 111 (V = 4, inactive): Input[4]
                                                 └─ 223 (V = 8, inactive): Input[8]
                                                 └─ 224 (V = 4, inactive): Input[4]
                                          └─ 112 (V = 16, inactive): Op[4] (arity = 1)
                                                 └─ 225 (V = 6, inactive): Input[6]
                                                 └─ 226 (V = 4, inactive): Input[4]
                                   └─ 56 (V = 9, inactive): Constant[0] -> 3.65999
                                          └─ 113 (V = 15, inactive): Op[3] (arity = 2)
                                                 └─ 227 (V = 6, inactive): Input[6]
                                                 └─ 228 (V = 2, inactive): Input[2]
                                          └─ 114 (V = 12, inactive): Op[0] (arity = 2)
                                                 └─ 229 (V = 3, inactive): Input[3]
                                                 └─ 230 (V = 5, inactive): Input[5]
                            └─ 28 (V = 4, inactive): Input[4]
                                   └─ 57 (V = 8, inactive): Input[8]
                                          └─ 115 (V = 0, inactive): Input[0]
                                                 └─ 231 (V = 4, inactive): Input[4]
                                                 └─ 232 (V = 6, inactive): Input[6]
                                          └─ 116 (V = 12, inactive): Op[0] (arity = 2)
                                                 └─ 233 (V = 5, inactive): Input[5]
                                                 └─ 234 (V = 6, inactive): Input[6]
                                   └─ 58 (V = 19, inactive): Op[7] (arity = 1)
                                          └─ 117 (V = 14, inactive): Op[2] (arity = 2)
                                                 └─ 235 (V = 3, inactive): Input[3]
                                                 └─ 236 (V = 8, inactive): Input[8]
                                          └─ 118 (V = 0, inactive): Input[0]
                                                 └─ 237 (V = 6, inactive): Input[6]
                                                 └─ 238 (V = 2, inactive): Input[2]
                     └─ 14 (V = 12, inactive): Op[0] (arity = 2)
                            └─ 29 (V = 18, inactive): Op[6] (arity = 1)
                                   └─ 59 (V = 15, inactive): Op[3] (arity = 2)
                                          └─ 119 (V = 12, inactive): Op[0] (arity = 2)
                                                 └─ 239 (V = 9, inactive): Constant[0] -> 4.47993
                                                 └─ 240 (V = 1, inactive): Input[1]
                                          └─ 120 (V = 5, inactive): Input[5]
                                                 └─ 241 (V = 3, inactive): Input[3]
                                                 └─ 242 (V = 7, inactive): Input[7]
                                   └─ 60 (V = 1, inactive): Input[1]
                                          └─ 121 (V = 2, inactive): Input[2]
                                                 └─ 243 (V = 0, inactive): Input[0]
                                                 └─ 244 (V = 5, inactive): Input[5]
                                          └─ 122 (V = 17, inactive): Op[5] (arity = 1)
                                                 └─ 245 (V = 4, inactive): Input[4]
                                                 └─ 246 (V = 4, inactive): Input[4]
                            └─ 30 (V = 0, inactive): Input[0]
                                   └─ 61 (V = 18, inactive): Op[6] (arity = 1)
                                          └─ 123 (V = 5, inactive): Input[5]
                                                 └─ 247 (V = 2, inactive): Input[2]
                                                 └─ 248 (V = 6, inactive): Input[6]
                                          └─ 124 (V = 19, inactive): Op[7] (arity = 1)
                                                 └─ 249 (V = 3, inactive): Input[3]
                                                 └─ 250 (V = 7, inactive): Input[7]
                                   └─ 62 (V = 8, inactive): Input[8]
                                          └─ 125 (V = 18, inactive): Op[6] (arity = 1)
                                                 └─ 251 (V = 9, inactive): Constant[0] -> 4.86376
                                                 └─ 252 (V = 7, inactive): Input[7]
                                          └─ 126 (V = 5, inactive): Input[5]
                                                 └─ 253 (V = 7, inactive): Input[7]
                                                 └─ 254 (V = 2, inactive): Input[2]
","cos(x6)",3.90302,"[3.90302]",0
Running,17383,0,0.5151983769999999,0.38863346,0.126564917,1024,1,modular_1,single_kernel_inplace,1024,666,9,2,7,modular,0,0,3324115916,4.1594454033974815,3324115916,"[13,15,11,11,5,0,14,14,14,5,9,1,16,14,11,10,14,15,2,15,11,10,15,11,11,14,10,9,13,13,13,3,0,10,9,15,16,0,8,15,16,14,15,10,10,15,10,7,16,11,8,17,17,16,10,10,16,13,16,4,14,14,13,11,16,12,14,6,14,5,16,12,6,4,8,10,11,10,0,13,11,7,3,15,14,8,11,12,17,14,13,6,15,16,7,15,13,3,10,16,7,8,11,16,11,17,13,13,16,14,17,14,16,11,15,10,11,0,5,8,16,4,16,17,3,15,7,6,0,9,6,3,4,7,9,1,4,5,4,8,5,4,7,8,0,5,8,5,1,1,4,7,9,9,1,4,1,7,7,2,0,5,2,5,0,3,3,0,1,7,0,0,8,8,6,9,3,2,0,3,1,1,0,6,0,2,7,1,9,2,0,7,2,4,0,7,1,1,8,7,0,8,3,7,8,4,2,6,4,5,8,0,7,6,7,9,0,1,4,5,2,7,5,8,8,7,7,0,7,7,6,4,5,6,6,3,4,5,9,4,8,6,8,5,7,8,4,3,1,6,5,3,9,6,2]","[1,1,1,1,0,1,1,1,1,0,0,0,0,1,0,1,0,1,0,0,0,0,0,0,0,0,0,1,0,0,0,1,1,0,0,1,0,0,0,0,0,0,0,0,0,0,0,0,0,0,0,0,0,0,0,0,0,0,0,0,0,0,0,0,0,0,0,0,0,0,0,1,0,0,0,0,0,0,0,0,0,0,0,0,0,0,0,0,0,0,0,0,0,0,0,0,0,0,0,0,0,0,0,0,0,0,0,0,0,0,0,0,0,0,0,0,0,0,0,0,0,0,0,0,0,0,0,0,0,0,0,0,0,0,0,0,0,0,0,0,0,0,0,1,1,0,0,0,0,0,0,0,0,0,0,0,0,0,0,0,0,0,0,0,0,0,0,0,0,0,0,0,0,0,0,0,0,0,0,0,0,0,0,0,0,0,0,0,0,0,0,0,0,0,0,0,0,0,0,0,0,0,0,0,0,0,0,0,0,0,0,0,0,0,0,0,0,0,0,0,0,0,0,0,0,0,0,0,0,0,0,0,0,0,0,0,0,0,0,0,0,0,0,0,0,0,0,0,0,0,0,0,0,0,0]","[-0.13149,-1.78398,1.58807,2.51276,-1.77762,-5.07086,-2.79737,-5.71417,-1.99318,5.87658,-1.3715,-3.10145,-1.60334,2.01834,3.68043,-2.03274,-4.83086,3.18173,-4.52755,2.16584,1.12587,-5.43676,-1.0081,-2.36844,-6.02224,-3.40861,5.80137,-0.698009,2.03661,-5.03592,-2.49219,-4.26627,-1.76288,2.37498,6.01813,3.61304,5.79519,3.56235,-2.52868,-3.56277,-3.45809,0.121181,5.87914,4.75186,5.17566,3.82147,5.46115,2.74159,-4.84248,3.97655,0.649984,0.0692046,-2.48776,-3.62147,-4.23494,2.35464,3.59649,3.79684,5.48003,-1.40241,-3.81668,-1.32725,3.57894,2.15137,-4.25292,2.75414,4.01701,1.91188,3.57967,5.05367,4.83177,-4.6295,-1.88483,0.157361,-2.23247,3.18208,-4.84542,3.78367,3.02838,-4.1578,-3.6311,0.582886,2.1935,-1.84073,-3.47145,-3.89098,0.783856,3.74466,-5.42951,1.00546,2.83893,-1.30087,-5.52547,-1.74855,-5.60517,-4.34354,-0.37852,2.25894,1.25535,-1.04707,-1.33721,3.70893,1.83174,-4.53484,1.01197,-2.57859,5.97209,-2.38926,4.72545,3.48793,-5.11983,-5.81372,-5.93849,-2.65188,-6.00806,5.61999,5.46905,5.83031,-0.61507,5.12406,-5.64227,-4.44475,-4.21174,3.77967,0.232908,-3.91012,-5.57132,-5.61765,0.896201,-1.639,-3.54258,-4.57008,-3.5538,4.19386,5.4385,-3.8167,5.9995,5.96694,2.95041,4.6892,-4.57231,5.69626,5.12845,-1.60173,-3.80786,3.34598,-4.82215,5.5513,5.83119,4.20845,4.29056,0.909272,-2.41654,5.21189,5.55208,3.23414,4.37926,-1.33253,-5.24971,-3.57286,6.02087,1.3715,-0.67605,-0.838193,3.87928,-2.99424,-4.81374,0.722693,5.10751,0.301237,-0.418781,0.23941,-1.58343,-4.45719,-2.0052,4.57483,1.37418,2.6818,5.68263,-0.842801,-2.66398,-4.70743,-2.03197,1.82924,3.37832,4.71686,0.537266,-2.71621,0.228177,-4.25327,-5.36381,5.69433,-4.43495,3.75207,-4.5363,-4.09078,-3.68095,5.10686,4.13858,-3.72041,0.921531,1.94803,5.63298,-3.60936,1.40647,2.7955,-4.32067,-3.45799,5.34979,0.133856,5.71703,4.93931,2.65606,5.83891,3.36848,-1.96627,4.95829,5.27529,5.61943,-4.17397,1.66477,3.12056,-2.15502,5.69908,-5.74568,2.58423,-5.55015,-1.09193,0.58074,-1.78846,-5.48817,5.49499,-5.13849,-2.23717,1.43178,3.51479,5.8348,2.31538,4.18876,-1.45326,1.19917,-2.6422,-0.592916,2.85494,-4.57474,-4.18734,-3.57733,5.52561,5.18565,1.02828,-3.26188,-4.13934,-1.13514,-4.00023,-3.81598]","[0,0,0,0,0,0,0,0,0,0,0,0,0,0,0,0,0,0,0,0,0,0,0,0,0,0,0,1,0,0,0,0,0,0,0,0,0,0,0,0,0,0,0,0,0,0,0,0,0,0,0,0,0,0,0,0,0,0,0,0,0,0,0,0,0,0,0,0,0,0,0,0,0,0,0,0,0,0,0,0,0,0,0,0,0,0,0,0,0,0,0,0,0,0,0,0,0,0,0,0,0,0,0,0,0,0,0,0,0,0,0,0,0,0,0,0,0,0,0,0,0,0,0,0,0,0,0,0,0,0,0,0,0,0,0,0,0,0,0,0,0,0,0,0,0,0,0,0,0,0,0,0,0,0,0,0,0,0,0,0,0,0,0,0,0,0,0,0,0,0,0,0,0,0,0,0,0,0,0,0,0,0,0,0,0,0,0,0,0,0,0,0,0,0,0,0,0,0,0,0,0,0,0,0,0,0,0,0,0,0,0,0,0,0,0,0,0,0,0,0,0,0,0,0,0,0,0,0,0,0,0,0,0,0,0,0,0,0,0,0,0,0,0,0,0,0,0,0,0,0,0,0,0,0,0]","Output
└─ 0 (V = 15, active): Op[3] (arity = 2)
       └─ 1 (V = 17, active): Op[5] (arity = 1)
              └─ 3 (V = 13, active): Op[1] (arity = 2)
                     └─ 7 (V = 16, active): Op[4] (arity = 1)
                            └─ 15 (V = 12, active): Op[0] (arity = 2)
                                   └─ 31 (V = 3, active): Input[3]
                                          └─ 63 (V = 13, inactive): Op[1] (arity = 2)
                                                 └─ 127 (V = 6, inactive): Input[6]
                                                 └─ 128 (V = 0, inactive): Input[0]
                                          └─ 64 (V = 18, inactive): Op[6] (arity = 1)
                                                 └─ 129 (V = 9, inactive): Constant[0] -> -1.639
                                                 └─ 130 (V = 6, inactive): Input[6]
                                   └─ 32 (V = 0, active): Input[0]
                                          └─ 65 (V = 14, inactive): Op[2] (arity = 2)
                                                 └─ 131 (V = 3, inactive): Input[3]
                                                 └─ 132 (V = 4, inactive): Input[4]
                                          └─ 66 (V = 16, inactive): Op[4] (arity = 1)
                                                 └─ 133 (V = 7, inactive): Input[7]
                                                 └─ 134 (V = 9, inactive): Constant[0] -> 5.4385
                            └─ 16 (V = 16, inactive): Op[4] (arity = 1)
                                   └─ 33 (V = 12, inactive): Op[0] (arity = 2)
                                          └─ 67 (V = 6, inactive): Input[6]
                                                 └─ 135 (V = 1, inactive): Input[1]
                                                 └─ 136 (V = 4, inactive): Input[4]
                                          └─ 68 (V = 16, inactive): Op[4] (arity = 1)
                                                 └─ 137 (V = 5, inactive): Input[5]
                                                 └─ 138 (V = 4, inactive): Input[4]
                                   └─ 34 (V = 9, inactive): Constant[0] -> 6.01813
                                          └─ 69 (V = 5, inactive): Input[5]
                                                 └─ 139 (V = 8, inactive): Input[8]
                                                 └─ 140 (V = 5, inactive): Input[5]
                                          └─ 70 (V = 18, inactive): Op[6] (arity = 1)
                                                 └─ 141 (V = 4, inactive): Input[4]
                                                 └─ 142 (V = 7, inactive): Input[7]
                     └─ 8 (V = 16, active): Op[4] (arity = 1)
                            └─ 17 (V = 17, active): Op[5] (arity = 1)
                                   └─ 35 (V = 17, active): Op[5] (arity = 1)
                                          └─ 71 (V = 14, active): Op[2] (arity = 2)
                                                 └─ 143 (V = 8, active): Input[8]
                                                 └─ 144 (V = 0, active): Input[0]
                                          └─ 72 (V = 6, inactive): Input[6]
                                                 └─ 145 (V = 5, inactive): Input[5]
                                                 └─ 146 (V = 8, inactive): Input[8]
                                   └─ 36 (V = 18, inactive): Op[6] (arity = 1)
                                          └─ 73 (V = 4, inactive): Input[4]
                                                 └─ 147 (V = 5, inactive): Input[5]
                                                 └─ 148 (V = 1, inactive): Input[1]
                                          └─ 74 (V = 8, inactive): Input[8]
                                                 └─ 149 (V = 1, inactive): Input[1]
                                                 └─ 150 (V = 4, inactive): Input[4]
                            └─ 18 (V = 2, inactive): Input[2]
                                   └─ 37 (V = 0, inactive): Input[0]
                                          └─ 75 (V = 12, inactive): Op[0] (arity = 2)
                                                 └─ 151 (V = 7, inactive): Input[7]
                                                 └─ 152 (V = 9, inactive): Constant[0] -> -2.41654
                                          └─ 76 (V = 13, inactive): Op[1] (arity = 2)
                                                 └─ 153 (V = 9, inactive): Constant[0] -> 5.21189
                                                 └─ 154 (V = 1, inactive): Input[1]
                                   └─ 38 (V = 8, inactive): Input[8]
                                          └─ 77 (V = 12, inactive): Op[0] (arity = 2)
                                                 └─ 155 (V = 4, inactive): Input[4]
                                                 └─ 156 (V = 1, inactive): Input[1]
                                          └─ 78 (V = 0, inactive): Input[0]
                                                 └─ 157 (V = 7, inactive): Input[7]
                                                 └─ 158 (V = 7, inactive): Input[7]
              └─ 4 (V = 5, inactive): Input[5]
                     └─ 9 (V = 5, inactive): Input[5]
                            └─ 19 (V = 17, inactive): Op[5] (arity = 1)
                                   └─ 39 (V = 17, inactive): Op[5] (arity = 1)
                                          └─ 79 (V = 15, inactive): Op[3] (arity = 2)
                                                 └─ 159 (V = 2, inactive): Input[2]
                                                 └─ 160 (V = 0, inactive): Input[0]
                                          └─ 80 (V = 13, inactive): Op[1] (arity = 2)
                                                 └─ 161 (V = 5, inactive): Input[5]
                                                 └─ 162 (V = 2, inactive): Input[2]
                                   └─ 40 (V = 18, inactive): Op[6] (arity = 1)
                                          └─ 81 (V = 7, inactive): Input[7]
                                                 └─ 163 (V = 5, inactive): Input[5]
                                                 └─ 164 (V = 0, inactive): Input[0]
                                          └─ 82 (V = 3, inactive): Input[3]
                                                 └─ 165 (V = 3, inactive): Input[3]
                                                 └─ 166 (V = 3, inactive): Input[3]
                            └─ 20 (V = 13, inactive): Op[1] (arity = 2)
                                   └─ 41 (V = 16, inactive): Op[4] (arity = 1)
                                          └─ 83 (V = 17, inactive): Op[5] (arity = 1)
                                                 └─ 167 (V = 0, inactive): Input[0]
                                                 └─ 168 (V = 1, inactive): Input[1]
                                          └─ 84 (V = 16, inactive): Op[4] (arity = 1)
                                                 └─ 169 (V = 7, inactive): Input[7]
                                                 └─ 170 (V = 0, inactive): Input[0]
                                   └─ 42 (V = 17, inactive): Op[5] (arity = 1)
                                          └─ 85 (V = 8, inactive): Input[8]
                                                 └─ 171 (V = 0, inactive): Input[0]
                                                 └─ 172 (V = 8, inactive): Input[8]
                                          └─ 86 (V = 13, inactive): Op[1] (arity = 2)
                                                 └─ 173 (V = 8, inactive): Input[8]
                                                 └─ 174 (V = 6, inactive): Input[6]
                     └─ 10 (V = 9, inactive): Constant[0] -> -1.3715
                            └─ 21 (V = 12, inactive): Op[0] (arity = 2)
                                   └─ 43 (V = 12, inactive): Op[0] (arity = 2)
                                          └─ 87 (V = 14, inactive): Op[2] (arity = 2)
                                                 └─ 175 (V = 9, inactive): Constant[0] -> 4.57483
                                                 └─ 176 (V = 3, inactive): Input[3]
                                          └─ 88 (V = 19, inactive): Op[7] (arity = 1)
                                                 └─ 177 (V = 2, inactive): Input[2]
                                                 └─ 178 (V = 0, inactive): Input[0]
                                   └─ 44 (V = 12, inactive): Op[0] (arity = 2)
                                          └─ 89 (V = 16, inactive): Op[4] (arity = 1)
                                                 └─ 179 (V = 3, inactive): Input[3]
                                                 └─ 180 (V = 1, inactive): Input[1]
                                          └─ 90 (V = 15, inactive): Op[3] (arity = 2)
                                                 └─ 181 (V = 1, inactive): Input[1]
                                                 └─ 182 (V = 0, inactive): Input[0]
                            └─ 22 (V = 17, inactive): Op[5] (arity = 1)
                                   └─ 45 (V = 17, inactive): Op[5] (arity = 1)
                                          └─ 91 (V = 6, inactive): Input[6]
                                                 └─ 183 (V = 6, inactive): Input[6]
                                                 └─ 184 (V = 0, inactive): Input[0]
                                          └─ 92 (V = 17, inactive): Op[5] (arity = 1)
                                                 └─ 185 (V = 2, inactive): Input[2]
                                                 └─ 186 (V = 7, inactive): Input[7]
                                   └─ 46 (V = 12, inactive): Op[0] (arity = 2)
                                          └─ 93 (V = 18, inactive): Op[6] (arity = 1)
                                                 └─ 187 (V = 1, inactive): Input[1]
                                                 └─ 188 (V = 9, inactive): Constant[0] -> 0.228177
                                          └─ 94 (V = 7, inactive): Input[7]
                                                 └─ 189 (V = 2, inactive): Input[2]
                                                 └─ 190 (V = 0, inactive): Input[0]
       └─ 2 (V = 13, active): Op[1] (arity = 2)
              └─ 5 (V = 0, active): Input[0]
                     └─ 11 (V = 1, inactive): Input[1]
                            └─ 23 (V = 13, inactive): Op[1] (arity = 2)
                                   └─ 47 (V = 7, inactive): Input[7]
                                          └─ 95 (V = 17, inactive): Op[5] (arity = 1)
                                                 └─ 191 (V = 7, inactive): Input[7]
                                                 └─ 192 (V = 2, inactive): Input[2]
                                          └─ 96 (V = 15, inactive): Op[3] (arity = 2)
                                                 └─ 193 (V = 4, inactive): Input[4]
                                                 └─ 194 (V = 0, inactive): Input[0]
                                   └─ 48 (V = 18, inactive): Op[6] (arity = 1)
                                          └─ 97 (V = 3, inactive): Input[3]
                                                 └─ 195 (V = 7, inactive): Input[7]
                                                 └─ 196 (V = 1, inactive): Input[1]
                                          └─ 98 (V = 12, inactive): Op[0] (arity = 2)
                                                 └─ 197 (V = 1, inactive): Input[1]
                                                 └─ 198 (V = 8, inactive): Input[8]
                            └─ 24 (V = 13, inactive): Op[1] (arity = 2)
                                   └─ 49 (V = 13, inactive): Op[1] (arity = 2)
                                          └─ 99 (V = 18, inactive): Op[6] (arity = 1)
                                                 └─ 199 (V = 7, inactive): Input[7]
                                                 └─ 200 (V = 0, inactive): Input[0]
                                          └─ 100 (V = 7, inactive): Input[7]
                                                 └─ 201 (V = 8, inactive): Input[8]
                                                 └─ 202 (V = 3, inactive): Input[3]
                                   └─ 50 (V = 8, inactive): Input[8]
                                          └─ 101 (V = 8, inactive): Input[8]
                                                 └─ 203 (V = 7, inactive): Input[7]
                                                 └─ 204 (V = 8, inactive): Input[8]
                                          └─ 102 (V = 13, inactive): Op[1] (arity = 2)
                                                 └─ 205 (V = 4, inactive): Input[4]
                                                 └─ 206 (V = 2, inactive): Input[2]
                     └─ 12 (V = 18, inactive): Op[6] (arity = 1)
                            └─ 25 (V = 16, inactive): Op[4] (arity = 1)
                                   └─ 51 (V = 19, inactive): Op[7] (arity = 1)
                                          └─ 103 (V = 18, inactive): Op[6] (arity = 1)
                                                 └─ 207 (V = 6, inactive): Input[6]
                                                 └─ 208 (V = 4, inactive): Input[4]
                                          └─ 104 (V = 13, inactive): Op[1] (arity = 2)
                                                 └─ 209 (V = 5, inactive): Input[5]
                                                 └─ 210 (V = 8, inactive): Input[8]
                                   └─ 52 (V = 19, inactive): Op[7] (arity = 1)
                                          └─ 105 (V = 19, inactive): Op[7] (arity = 1)
                                                 └─ 211 (V = 0, inactive): Input[0]
                                                 └─ 212 (V = 7, inactive): Input[7]
                                          └─ 106 (V = 15, inactive): Op[3] (arity = 2)
                                                 └─ 213 (V = 6, inactive): Input[6]
                                                 └─ 214 (V = 7, inactive): Input[7]
                            └─ 26 (V = 12, inactive): Op[0] (arity = 2)
                                   └─ 53 (V = 18, inactive): Op[6] (arity = 1)
                                          └─ 107 (V = 15, inactive): Op[3] (arity = 2)
                                                 └─ 215 (V = 9, inactive): Constant[0] -> -1.96627
                                                 └─ 216 (V = 0, inactive): Input[0]
                                          └─ 108 (V = 18, inactive): Op[6] (arity = 1)
                                                 └─ 217 (V = 1, inactive): Input[1]
                                                 └─ 218 (V = 4, inactive): Input[4]
                                   └─ 54 (V = 12, inactive): Op[0] (arity = 2)
                                          └─ 109 (V = 16, inactive): Op[4] (arity = 1)
                                                 └─ 219 (V = 5, inactive): Input[5]
                                                 └─ 220 (V = 2, inactive): Input[2]
                                          └─ 110 (V = 19, inactive): Op[7] (arity = 1)
                                                 └─ 221 (V = 7, inactive): Input[7]
                                                 └─ 222 (V = 5, inactive): Input[5]
              └─ 6 (V = 16, active): Op[4] (arity = 1)
                     └─ 13 (V = 16, active): Op[4] (arity = 1)
                            └─ 27 (V = 9, active): Constant[0] -> -0.698009
                                   └─ 55 (V = 12, inactive): Op[0] (arity = 2)
                                          └─ 111 (V = 16, inactive): Op[4] (arity = 1)
                                                 └─ 223 (V = 8, inactive): Input[8]
                                                 └─ 224 (V = 8, inactive): Input[8]
                                          └─ 112 (V = 18, inactive): Op[6] (arity = 1)
                                                 └─ 225 (V = 7, inactive): Input[7]
                                                 └─ 226 (V = 7, inactive): Input[7]
                                   └─ 56 (V = 18, inactive): Op[6] (arity = 1)
                                          └─ 113 (V = 13, inactive): Op[1] (arity = 2)
                                                 └─ 227 (V = 0, inactive): Input[0]
                                                 └─ 228 (V = 7, inactive): Input[7]
                                          └─ 114 (V = 17, inactive): Op[5] (arity = 1)
                                                 └─ 229 (V = 7, inactive): Input[7]
                                                 └─ 230 (V = 6, inactive): Input[6]
                            └─ 28 (V = 15, inactive): Op[3] (arity = 2)
                                   └─ 57 (V = 15, inactive): Op[3] (arity = 2)
                                          └─ 115 (V = 12, inactive): Op[0] (arity = 2)
                                                 └─ 231 (V = 4, inactive): Input[4]
                                                 └─ 232 (V = 5, inactive): Input[5]
                                          └─ 116 (V = 13, inactive): Op[1] (arity = 2)
                                                 └─ 233 (V = 6, inactive): Input[6]
                                                 └─ 234 (V = 6, inactive): Input[6]
                                   └─ 58 (V = 18, inactive): Op[6] (arity = 1)
                                          └─ 117 (V = 0, inactive): Input[0]
                                                 └─ 235 (V = 3, inactive): Input[3]
                                                 └─ 236 (V = 4, inactive): Input[4]
                                          └─ 118 (V = 5, inactive): Input[5]
                                                 └─ 237 (V = 5, inactive): Input[5]
                                                 └─ 238 (V = 9, inactive): Constant[0] -> 4.18876
                     └─ 14 (V = 13, inactive): Op[1] (arity = 2)
                            └─ 29 (V = 15, inactive): Op[3] (arity = 2)
                                   └─ 59 (V = 4, inactive): Input[4]
                                          └─ 119 (V = 8, inactive): Input[8]
                                                 └─ 239 (V = 4, inactive): Input[4]
                                                 └─ 240 (V = 8, inactive): Input[8]
                                          └─ 120 (V = 18, inactive): Op[6] (arity = 1)
                                                 └─ 241 (V = 6, inactive): Input[6]
                                                 └─ 242 (V = 8, inactive): Input[8]
                                   └─ 60 (V = 16, inactive): Op[4] (arity = 1)
                                          └─ 121 (V = 4, inactive): Input[4]
                                                 └─ 243 (V = 5, inactive): Input[5]
                                                 └─ 244 (V = 7, inactive): Input[7]
                                          └─ 122 (V = 18, inactive): Op[6] (arity = 1)
                                                 └─ 245 (V = 8, inactive): Input[8]
                                                 └─ 246 (V = 4, inactive): Input[4]
                            └─ 30 (V = 15, inactive): Op[3] (arity = 2)
                                   └─ 61 (V = 16, inactive): Op[4] (arity = 1)
                                          └─ 123 (V = 19, inactive): Op[7] (arity = 1)
                                                 └─ 247 (V = 3, inactive): Input[3]
                                                 └─ 248 (V = 1, inactive): Input[1]
                                          └─ 124 (V = 3, inactive): Input[3]
                                                 └─ 249 (V = 6, inactive): Input[6]
                                                 └─ 250 (V = 5, inactive): Input[5]
                                   └─ 62 (V = 15, inactive): Op[3] (arity = 2)
                                          └─ 125 (V = 17, inactive): Op[5] (arity = 1)
                                                 └─ 251 (V = 3, inactive): Input[3]
                                                 └─ 252 (V = 9, inactive): Constant[0] -> -1.13514
                                          └─ 126 (V = 7, inactive): Input[7]
                                                 └─ 253 (V = 6, inactive): Input[6]
                                                 └─ 254 (V = 2, inactive): Input[2]
","(cos((sin((x3 + x0)) - sin(cos(cos((x8 * x0)))))) / (x0 - sin(sin(-0.698008810441471))))",3.74496,"[3.74496]",0
Running,26984,1,0.899215871,0.710716089,0.188499782,1024,2,modular_1,single_kernel_inplace,1024,666,9,2,7,modular,0,0,3324115916,4.1594454033974815,3324115916,"[15,11,11,14,11,5,1,11,17,0,15,17,12,10,9,17,15,1,15,10,5,1,2,16,15,17,13,15,11,14,15,15,17,16,5,12,12,7,17,2,11,12,15,8,6,3,10,16,10,15,15,7,9,11,13,0,2,14,11,3,11,13,10,15,14,11,14,17,14,3,13,7,16,15,14,14,7,3,0,10,10,15,15,14,13,14,16,10,13,3,11,2,17,17,14,17,14,0,14,10,4,15,11,7,1,12,12,3,0,17,10,17,13,16,6,10,13,1,16,13,1,12,3,14,16,15,8,4,2,0,1,8,9,3,0,0,1,4,5,1,3,5,8,3,5,8,5,4,7,1,7,7,6,3,2,5,2,1,3,6,9,9,3,1,4,7,2,0,6,6,6,1,4,9,9,4,7,1,4,9,6,6,0,1,0,1,3,1,9,6,1,5,5,8,8,8,5,1,7,1,7,5,5,6,3,8,5,8,7,8,2,9,0,6,4,9,7,4,9,8,8,9,0,1,2,2,3,6,4,7,6,9,3,9,7,7,6,6,3,9,9,5,0,3,7,5,8,9,8,5,8,9,6,2,5]","[1,1,0,1,1,0,0,1,0,1,1,0,0,0,0,1,1,0,0,0,0,1,0,0,0,0,0,0,0,0,0,1,0,1,0,0,0,0,0,0,0,0,0,0,0,0,0,0,0,0,0,0,0,0,0,0,0,0,0,0,0,0,0,1,0,0,0,1,0,0,0,0,0,0,0,0,0,0,0,0,0,0,0,0,0,0,0,0,0,0,0,0,0,0,0,0,0,0,0,0,0,0,0,0,0,0,0,0,0,0,0,0,0,0,0,0,0,0,0,0,0,0,0,0,0,0,0,1,0,0,0,0,0,0,0,1,0,0,0,0,0,0,0,0,0,0,0,0,0,0,0,0,0,0,0,0,0,0,0,0,0,0,0,0,0,0,0,0,0,0,0,0,0,0,0,0,0,0,0,0,0,0,0,0,0,0,0,0,0,0,0,0,0,0,0,0,0,0,0,0,0,0,0,0,0,0,0,0,0,0,0,0,0,0,0,0,0,0,0,0,0,0,0,0,0,0,0,0,0,0,0,0,0,0,0,0,0,0,0,0,0,0,0,0,0,0,0,0,0,0,0,0,0,0,0]","[3.8887,-0.845788,2.88572,1.61602,0.975812,0.455551,-0.807149,-3.42868,-4.17217,-2.15091,-0.612813,2.77394,0.792944,5.06492,5.55402,1.47189,1.67248,-1.84163,-0.389244,-3.24534,0.796837,-0.254948,0.915845,-5.32099,-4.928,-1.21295,-2.57949,4.05255,5.8794,3.3728,1.39182,2.10562,5.86984,5.70605,-3.11751,-4.40029,0.349299,0.614206,1.31629,1.59486,0.247502,0.4093,3.12819,-2.64225,-0.359187,4.12478,5.46115,4.64917,1.20581,-3.62617,-3.47206,-2.21548,-1.53305,-3.8597,3.73284,-0.0395304,4.76284,4.17243,-5.58912,3.90349,2.68699,5.92787,5.48287,4.27462,3.08506,-3.62971,1.09103,-5.0336,5.94712,-2.831,-5.31836,-2.4587,-3.42659,-2.63072,-1.34923,5.52286,3.61372,4.74046,2.48426,4.09723,-3.71345,1.33227,-4.15653,-1.99713,-2.98104,5.42584,-1.45425,-0.795622,-4.01638,0.116423,-3.88353,4.81151,-0.464551,1.16879,-1.86644,4.64574,1.98715,-3.29383,-1.83508,4.87649,-3.03048,3.79476,-5.03678,-2.53208,5.65149,-5.46833,-5.18048,1.80346,1.53205,5.31139,-1.15381,0.589698,-1.01653,-0.318243,4.78609,-4.48797,0.476281,5.74995,-5.15324,2.37006,4.12718,-3.73404,-3.59913,4.39419,5.7464,-4.85815,3.90704,-1.86714,-5.13747,-1.0756,-1.0528,-4.28427,2.70843,-1.92434,2.80233,-2.49469,2.61946,3.70677,-2.32714,1.33367,-2.67302,-4.06999,-5.05393,-2.32592,4.22138,4.95225,-4.67867,0.742144,3.54876,-1.77599,5.74865,-0.381377,-1.26837,-3.87606,0.215443,-1.59092,-0.326886,0.679596,4.08712,-4.25358,-3.7923,3.86765,2.47533,4.81005,-0.270447,5.09741,3.45807,1.87008,-1.96934,-2.08167,-0.126962,-5.78833,-4.59247,0.696689,-3.83472,4.59365,-2.72995,-0.131992,2.72098,-5.08638,-1.38012,-5.41951,4.47262,0.455714,-4.32328,3.02575,-1.95329,-2.71621,0.228177,-2.32465,-5.38977,3.1248,-3.10532,-4.23122,2.38237,3.19786,-0.96829,-2.40026,5.53654,-3.20284,-3.94439,-4.74289,-4.22765,4.06805,-5.74487,0.0265688,-0.445519,-0.987462,0.0899201,-2.96477,-3.17234,2.10493,3.17586,-3.65332,-1.40477,-1.5524,-2.56261,4.69938,-0.393322,0.171688,-1.28628,-3.54488,5.54482,3.79899,-2.99203,-2.38251,0.575981,-3.47539,4.28678,2.38797,-0.487924,-5.63361,0.573626,-0.281508,3.08154,-0.0672837,-5.97667,-0.461766,-1.31368,-0.102353,3.13059,2.81324,4.90911,3.61014,-0.970802,3.02588,3.94499,2.68587,2.93882,4.69731,3.06318,-0.804353,-4.8858,2.86586,-1.09837]","[0,0,0,0,0,0,0,0,0,0,0,0,0,0,0,0,0,0,0,0,0,0,0,0,0,0,0,0,0,0,0,0,0,0,0,0,0,0,0,0,0,0,0,0,0,0,0,0,0,0,0,0,0,0,0,0,0,0,0,0,0,0,0,0,0,0,0,0,0,0,0,0,0,0,0,0,0,0,0,0,0,0,0,0,0,0,0,0,0,0,0,0,0,0,0,0,0,0,0,0,0,0,0,0,0,0,0,0,0,0,0,0,0,0,0,0,0,0,0,0,0,0,0,0,0,0,0,0,0,0,0,0,0,0,0,0,0,0,0,0,0,0,0,0,0,0,0,0,0,0,0,0,0,0,0,0,0,0,0,0,0,0,0,0,0,0,0,0,0,0,0,0,0,0,0,0,0,0,0,0,0,0,0,0,0,0,0,0,0,0,0,0,0,0,0,0,0,0,0,0,0,0,0,0,0,0,0,0,0,0,0,0,0,0,0,0,0,0,0,0,0,0,0,0,0,0,0,0,0,0,0,0,0,0,0,0,0,0,0,0,0,0,0,0,0,0,0,0,0,0,0,0,0,0,0]","Output
└─ 0 (V = 17, active): Op[5] (arity = 1)
       └─ 1 (V = 13, active): Op[1] (arity = 2)
              └─ 3 (V = 16, active): Op[4] (arity = 1)
                     └─ 7 (V = 13, active): Op[1] (arity = 2)
                            └─ 15 (V = 19, active): Op[7] (arity = 1)
                                   └─ 31 (V = 17, active): Op[5] (arity = 1)
                                          └─ 63 (V = 17, active): Op[5] (arity = 1)
                                                 └─ 127 (V = 4, active): Input[4]
                                                 └─ 128 (V = 2, inactive): Input[2]
                                          └─ 64 (V = 16, inactive): Op[4] (arity = 1)
                                                 └─ 129 (V = 0, inactive): Input[0]
                                                 └─ 130 (V = 1, inactive): Input[1]
                                   └─ 32 (V = 19, inactive): Op[7] (arity = 1)
                                          └─ 65 (V = 13, inactive): Op[1] (arity = 2)
                                                 └─ 131 (V = 8, inactive): Input[8]
                                                 └─ 132 (V = 9, inactive): Constant[0] -> 2.70843
                                          └─ 66 (V = 16, inactive): Op[4] (arity = 1)
                                                 └─ 133 (V = 3, inactive): Input[3]
                                                 └─ 134 (V = 0, inactive): Input[0]
                            └─ 16 (V = 17, active): Op[5] (arity = 1)
                                   └─ 33 (V = 18, active): Op[6] (arity = 1)
                                          └─ 67 (V = 19, active): Op[7] (arity = 1)
                                                 └─ 135 (V = 0, active): Input[0]
                                                 └─ 136 (V = 1, inactive): Input[1]
                                          └─ 68 (V = 16, inactive): Op[4] (arity = 1)
                                                 └─ 137 (V = 4, inactive): Input[4]
                                                 └─ 138 (V = 5, inactive): Input[5]
                                   └─ 34 (V = 5, inactive): Input[5]
                                          └─ 69 (V = 3, inactive): Input[3]
                                                 └─ 139 (V = 1, inactive): Input[1]
                                                 └─ 140 (V = 3, inactive): Input[3]
                                          └─ 70 (V = 15, inactive): Op[3] (arity = 2)
                                                 └─ 141 (V = 5, inactive): Input[5]
                                                 └─ 142 (V = 8, inactive): Input[8]
                     └─ 8 (V = 19, inactive): Op[7] (arity = 1)
                            └─ 17 (V = 1, inactive): Input[1]
                                   └─ 35 (V = 14, inactive): Op[2] (arity = 2)
                                          └─ 71 (V = 7, inactive): Input[7]
                                                 └─ 143 (V = 3, inactive): Input[3]
                                                 └─ 144 (V = 5, inactive): Input[5]
                                          └─ 72 (V = 18, inactive): Op[6] (arity = 1)
                                                 └─ 145 (V = 8, inactive): Input[8]
                                                 └─ 146 (V = 5, inactive): Input[5]
                                   └─ 36 (V = 14, inactive): Op[2] (arity = 2)
                                          └─ 73 (V = 17, inactive): Op[5] (arity = 1)
                                                 └─ 147 (V = 4, inactive): Input[4]
                                                 └─ 148 (V = 7, inactive): Input[7]
                                          └─ 74 (V = 16, inactive): Op[4] (arity = 1)
                                                 └─ 149 (V = 1, inactive): Input[1]
                                                 └─ 150 (V = 7, inactive): Input[7]
                            └─ 18 (V = 17, inactive): Op[5] (arity = 1)
                                   └─ 37 (V = 7, inactive): Input[7]
                                          └─ 75 (V = 16, inactive): Op[4] (arity = 1)
                                                 └─ 151 (V = 7, inactive): Input[7]
                                                 └─ 152 (V = 6, inactive): Input[6]
                                          └─ 76 (V = 7, inactive): Input[7]
                                                 └─ 153 (V = 3, inactive): Input[3]
                                                 └─ 154 (V = 2, inactive): Input[2]
                                   └─ 38 (V = 19, inactive): Op[7] (arity = 1)
                                          └─ 77 (V = 3, inactive): Input[3]
                                                 └─ 155 (V = 5, inactive): Input[5]
                                                 └─ 156 (V = 2, inactive): Input[2]
                                          └─ 78 (V = 0, inactive): Input[0]
                                                 └─ 157 (V = 1, inactive): Input[1]
                                                 └─ 158 (V = 3, inactive): Input[3]
              └─ 4 (V = 13, active): Op[1] (arity = 2)
                     └─ 9 (V = 0, active): Input[0]
                            └─ 19 (V = 12, inactive): Op[0] (arity = 2)
                                   └─ 39 (V = 2, inactive): Input[2]
                                          └─ 79 (V = 12, inactive): Op[0] (arity = 2)
                                                 └─ 159 (V = 6, inactive): Input[6]
                                                 └─ 160 (V = 9, inactive): Constant[0] -> -3.7923
                                          └─ 80 (V = 12, inactive): Op[0] (arity = 2)
                                                 └─ 161 (V = 9, inactive): Constant[0] -> 3.86765
                                                 └─ 162 (V = 3, inactive): Input[3]
                                   └─ 40 (V = 13, inactive): Op[1] (arity = 2)
                                          └─ 81 (V = 17, inactive): Op[5] (arity = 1)
                                                 └─ 163 (V = 1, inactive): Input[1]
                                                 └─ 164 (V = 4, inactive): Input[4]
                                          └─ 82 (V = 17, inactive): Op[5] (arity = 1)
                                                 └─ 165 (V = 7, inactive): Input[7]
                                                 └─ 166 (V = 2, inactive): Input[2]
                            └─ 20 (V = 5, inactive): Input[5]
                                   └─ 41 (V = 14, inactive): Op[2] (arity = 2)
                                          └─ 83 (V = 16, inactive): Op[4] (arity = 1)
                                                 └─ 167 (V = 0, inactive): Input[0]
                                                 └─ 168 (V = 6, inactive): Input[6]
                                          └─ 84 (V = 15, inactive): Op[3] (arity = 2)
                                                 └─ 169 (V = 6, inactive): Input[6]
                                                 └─ 170 (V = 6, inactive): Input[6]
                                   └─ 42 (V = 17, inactive): Op[5] (arity = 1)
                                          └─ 85 (V = 16, inactive): Op[4] (arity = 1)
                                                 └─ 171 (V = 1, inactive): Input[1]
                                                 └─ 172 (V = 4, inactive): Input[4]
                                          └─ 86 (V = 18, inactive): Op[6] (arity = 1)
                                                 └─ 173 (V = 9, inactive): Constant[0] -> 0.696689
                                                 └─ 174 (V = 9, inactive): Constant[0] -> -3.83472
                     └─ 10 (V = 17, active): Op[5] (arity = 1)
                            └─ 21 (V = 1, active): Input[1]
                                   └─ 43 (V = 8, inactive): Input[8]
                                          └─ 87 (V = 12, inactive): Op[0] (arity = 2)
                                                 └─ 175 (V = 4, inactive): Input[4]
                                                 └─ 176 (V = 7, inactive): Input[7]
                                          └─ 88 (V = 15, inactive): Op[3] (arity = 2)
                                                 └─ 177 (V = 1, inactive): Input[1]
                                                 └─ 178 (V = 4, inactive): Input[4]
                                   └─ 44 (V = 6, inactive): Input[6]
                                          └─ 89 (V = 3, inactive): Input[3]
                                                 └─ 179 (V = 9, inactive): Constant[0] -> -5.08638
                                                 └─ 180 (V = 6, inactive): Input[6]
                                          └─ 90 (V = 13, inactive): Op[1] (arity = 2)
                                                 └─ 181 (V = 6, inactive): Input[6]
                                                 └─ 182 (V = 0, inactive): Input[0]
                            └─ 22 (V = 2, inactive): Input[2]
                                   └─ 45 (V = 3, inactive): Input[3]
                                          └─ 91 (V = 2, inactive): Input[2]
                                                 └─ 183 (V = 1, inactive): Input[1]
                                                 └─ 184 (V = 0, inactive): Input[0]
                                          └─ 92 (V = 19, inactive): Op[7] (arity = 1)
                                                 └─ 185 (V = 1, inactive): Input[1]
                                                 └─ 186 (V = 3, inactive): Input[3]
                                   └─ 46 (V = 12, inactive): Op[0] (arity = 2)
                                          └─ 93 (V = 19, inactive): Op[7] (arity = 1)
                                                 └─ 187 (V = 1, inactive): Input[1]
                                                 └─ 188 (V = 9, inactive): Constant[0] -> 0.228177
                                          └─ 94 (V = 16, inactive): Op[4] (arity = 1)
                                                 └─ 189 (V = 6, inactive): Input[6]
                                                 └─ 190 (V = 1, inactive): Input[1]
       └─ 2 (V = 13, inactive): Op[1] (arity = 2)
              └─ 5 (V = 5, inactive): Input[5]
                     └─ 11 (V = 19, inactive): Op[7] (arity = 1)
                            └─ 23 (V = 18, inactive): Op[6] (arity = 1)
                                   └─ 47 (V = 18, inactive): Op[6] (arity = 1)
                                          └─ 95 (V = 19, inactive): Op[7] (arity = 1)
                                                 └─ 191 (V = 5, inactive): Input[5]
                                                 └─ 192 (V = 5, inactive): Input[5]
                                          └─ 96 (V = 16, inactive): Op[4] (arity = 1)
                                                 └─ 193 (V = 8, inactive): Input[8]
                                                 └─ 194 (V = 8, inactive): Input[8]
                                   └─ 48 (V = 12, inactive): Op[0] (arity = 2)
                                          └─ 97 (V = 0, inactive): Input[0]
                                                 └─ 195 (V = 8, inactive): Input[8]
                                                 └─ 196 (V = 5, inactive): Input[5]
                                          └─ 98 (V = 16, inactive): Op[4] (arity = 1)
                                                 └─ 197 (V = 1, inactive): Input[1]
                                                 └─ 198 (V = 7, inactive): Input[7]
                            └─ 24 (V = 17, inactive): Op[5] (arity = 1)
                                   └─ 49 (V = 17, inactive): Op[5] (arity = 1)
                                          └─ 99 (V = 12, inactive): Op[0] (arity = 2)
                                                 └─ 199 (V = 1, inactive): Input[1]
                                                 └─ 200 (V = 7, inactive): Input[7]
                                          └─ 100 (V = 4, inactive): Input[4]
                                                 └─ 201 (V = 5, inactive): Input[5]
                                                 └─ 202 (V = 5, inactive): Input[5]
                                   └─ 50 (V = 17, inactive): Op[5] (arity = 1)
                                          └─ 101 (V = 17, inactive): Op[5] (arity = 1)
                                                 └─ 203 (V = 6, inactive): Input[6]
                                                 └─ 204 (V = 3, inactive): Input[3]
                                          └─ 102 (V = 13, inactive): Op[1] (arity = 2)
                                                 └─ 205 (V = 8, inactive): Input[8]
                                                 └─ 206 (V = 5, inactive): Input[5]
                     └─ 12 (V = 14, inactive): Op[2] (arity = 2)
                            └─ 25 (V = 19, inactive): Op[7] (arity = 1)
                                   └─ 51 (V = 7, inactive): Input[7]
                                          └─ 103 (V = 7, inactive): Input[7]
                                                 └─ 207 (V = 8, inactive): Input[8]
                                                 └─ 208 (V = 7, inactive): Input[7]
                                          └─ 104 (V = 1, inactive): Input[1]
                                                 └─ 209 (V = 8, inactive): Input[8]
                                                 └─ 210 (V = 2, inactive): Input[2]
                                   └─ 52 (V = 9, inactive): Constant[0] -> -1.53305
                                          └─ 105 (V = 14, inactive): Op[2] (arity = 2)
                                                 └─ 211 (V = 9, inactive): Constant[0] -> 2.10493
                                                 └─ 212 (V = 0, inactive): Input[0]
                                          └─ 106 (V = 14, inactive): Op[2] (arity = 2)
                                                 └─ 213 (V = 6, inactive): Input[6]
                                                 └─ 214 (V = 4, inactive): Input[4]
                            └─ 26 (V = 15, inactive): Op[3] (arity = 2)
                                   └─ 53 (V = 13, inactive): Op[1] (arity = 2)
                                          └─ 107 (V = 3, inactive): Input[3]
                                                 └─ 215 (V = 9, inactive): Constant[0] -> -1.5524
                                                 └─ 216 (V = 7, inactive): Input[7]
                                          └─ 108 (V = 0, inactive): Input[0]
                                                 └─ 217 (V = 4, inactive): Input[4]
                                                 └─ 218 (V = 9, inactive): Constant[0] -> -0.393322
                                   └─ 54 (V = 15, inactive): Op[3] (arity = 2)
                                          └─ 109 (V = 19, inactive): Op[7] (arity = 1)
                                                 └─ 219 (V = 8, inactive): Input[8]
                                                 └─ 220 (V = 8, inactive): Input[8]
                                          └─ 110 (V = 12, inactive): Op[0] (arity = 2)
                                                 └─ 221 (V = 9, inactive): Constant[0] -> -3.54488
                                                 └─ 222 (V = 0, inactive): Input[0]
              └─ 6 (V = 1, inactive): Input[1]
                     └─ 13 (V = 12, inactive): Op[0] (arity = 2)
                            └─ 27 (V = 17, inactive): Op[5] (arity = 1)
                                   └─ 55 (V = 0, inactive): Input[0]
                                          └─ 111 (V = 19, inactive): Op[7] (arity = 1)
                                                 └─ 223 (V = 1, inactive): Input[1]
                                                 └─ 224 (V = 2, inactive): Input[2]
                                          └─ 112 (V = 15, inactive): Op[3] (arity = 2)
                                                 └─ 225 (V = 2, inactive): Input[2]
                                                 └─ 226 (V = 3, inactive): Input[3]
                                   └─ 56 (V = 2, inactive): Input[2]
                                          └─ 113 (V = 18, inactive): Op[6] (arity = 1)
                                                 └─ 227 (V = 6, inactive): Input[6]
                                                 └─ 228 (V = 4, inactive): Input[4]
                                          └─ 114 (V = 6, inactive): Input[6]
                                                 └─ 229 (V = 7, inactive): Input[7]
                                                 └─ 230 (V = 6, inactive): Input[6]
                            └─ 28 (V = 13, inactive): Op[1] (arity = 2)
                                   └─ 57 (V = 16, inactive): Op[4] (arity = 1)
                                          └─ 115 (V = 12, inactive): Op[0] (arity = 2)
                                                 └─ 231 (V = 9, inactive): Constant[0] -> -5.63361
                                                 └─ 232 (V = 3, inactive): Input[3]
                                          └─ 116 (V = 15, inactive): Op[3] (arity = 2)
                                                 └─ 233 (V = 9, inactive): Constant[0] -> -0.281508
                                                 └─ 234 (V = 7, inactive): Input[7]
                                   └─ 58 (V = 13, inactive): Op[1] (arity = 2)
                                          └─ 117 (V = 1, inactive): Input[1]
                                                 └─ 235 (V = 7, inactive): Input[7]
                                                 └─ 236 (V = 6, inactive): Input[6]
                                          └─ 118 (V = 18, inactive): Op[6] (arity = 1)
                                                 └─ 237 (V = 6, inactive): Input[6]
                                                 └─ 238 (V = 3, inactive): Input[3]
                     └─ 14 (V = 9, inactive): Constant[0] -> 5.55402
                            └─ 29 (V = 16, inactive): Op[4] (arity = 1)
                                   └─ 59 (V = 3, inactive): Input[3]
                                          └─ 119 (V = 15, inactive): Op[3] (arity = 2)
                                                 └─ 239 (V = 9, inactive): Constant[0] -> -0.102353
                                                 └─ 240 (V = 9, inactive): Constant[0] -> 3.13059
                                          └─ 120 (V = 1, inactive): Input[1]
                                                 └─ 241 (V = 5, inactive): Input[5]
                                                 └─ 242 (V = 0, inactive): Input[0]
                                   └─ 60 (V = 13, inactive): Op[1] (arity = 2)
                                          └─ 121 (V = 14, inactive): Op[2] (arity = 2)
                                                 └─ 243 (V = 3, inactive): Input[3]
                                                 └─ 244 (V = 7, inactive): Input[7]
                                          └─ 122 (V = 3, inactive): Input[3]
                                                 └─ 245 (V = 5, inactive): Input[5]
                                                 └─ 246 (V = 8, inactive): Input[8]
                            └─ 30 (V = 17, inactive): Op[5] (arity = 1)
                                   └─ 61 (V = 15, inactive): Op[3] (arity = 2)
                                          └─ 123 (V = 16, inactive): Op[4] (arity = 1)
                                                 └─ 247 (V = 9, inactive): Constant[0] -> 2.68587
                                                 └─ 248 (V = 8, inactive): Input[8]
                                          └─ 124 (V = 18, inactive): Op[6] (arity = 1)
                                                 └─ 249 (V = 5, inactive): Input[5]
                                                 └─ 250 (V = 8, inactive): Input[8]
                                   └─ 62 (V = 12, inactive): Op[0] (arity = 2)
                                          └─ 125 (V = 17, inactive): Op[5] (arity = 1)
                                                 └─ 251 (V = 9, inactive): Constant[0] -> -0.804353
                                                 └─ 252 (V = 6, inactive): Input[6]
                                          └─ 126 (V = 8, inactive): Input[8]
                                                 └─ 253 (V = 2, inactive): Input[2]
                                                 └─ 254 (V = 5, inactive): Input[5]
","cos((sin((sqrt(cos(cos(x4))) - cos(log(sqrt(x0))))) - (x0 - cos(x1))))",3.57298,"[3.57298]",0
Running,30287,1,1.000451314,0.796565659,0.203885655,1024,2,modular_1,single_kernel_inplace,1024,666,9,2,7,modular,0,0,3324115916,4.1594454033974815,3324115916,"[15,11,16,15,11,5,17,2,12,0,15,15,12,13,9,6,8,2,6,10,5,1,2,10,1,13,9,15,11,7,15,5,17,16,10,15,13,14,6,2,11,12,15,8,6,17,8,11,10,5,15,7,8,15,13,17,2,10,11,3,11,8,10,17,14,11,7,7,7,15,11,15,16,17,13,7,7,7,14,11,10,13,15,14,13,14,17,13,16,3,11,2,17,17,15,15,17,0,14,12,4,15,17,7,1,12,13,11,0,11,10,17,13,7,6,17,17,10,12,13,1,12,3,14,16,13,15,0,0,0,3,0,5,8,0,8,8,5,7,8,4,6,3,0,2,1,6,6,4,8,4,2,6,3,2,0,5,1,5,4,7,0,9,6,3,3,2,0,1,6,6,1,4,9,9,4,7,1,5,3,6,6,3,1,0,1,3,4,9,6,4,9,5,5,3,8,5,1,7,0,0,9,5,6,3,7,3,8,7,8,2,9,0,6,4,9,7,4,9,2,1,8,7,9,2,5,3,9,4,6,8,9,4,0,7,9,3,7,4,9,9,5,0,3,7,0,8,9,8,5,8,9,6,2,1]","[1,1,0,1,1,0,0,1,0,1,1,0,0,0,0,0,0,0,0,0,0,1,0,0,0,0,0,0,0,0,0,0,0,0,0,0,0,0,0,0,0,0,0,0,0,0,0,0,0,0,0,0,0,0,0,0,0,0,0,0,0,0,0,0,0,0,0,0,0,0,0,0,0,0,0,0,0,0,0,0,0,0,0,0,0,0,0,0,0,0,0,0,0,0,0,0,0,0,0,0,0,0,0,0,0,0,0,0,0,0,0,0,0,0,0,0,0,0,0,0,0,0,0,0,0,0,0,0,0,0,0,0,0,0,0,0,0,0,0,0,0,0,0,0,0,0,0,0,0,0,0,0,0,0,0,0,0,0,0,0,0,0,0,0,0,0,0,0,0,0,0,0,0,0,0,0,0,0,0,0,0,0,0,0,0,0,0,0,0,0,0,0,0,0,0,0,0,0,0,0,0,0,0,0,0,0,0,0,0,0,0,0,0,0,0,0,0,0,0,0,0,0,0,0,0,0,0,0,0,0,0,0,0,0,0,0,0,0,0,0,0,0,0,0,0,0,0,0,0,0,0,0,0,0,0]","[3.8887,-0.845788,-0.0649339,4.68393,0.975812,0.455551,-4.9032,-1.49217,2.72138,-2.15091,-0.612813,-5.16928,0.792944,5.69811,5.55402,-1.52083,-3.19212,0.467945,0.524261,-3.24534,0.796837,-0.254948,0.915845,4.79417,-3.97651,1.47759,-4.70344,4.05255,5.8794,-4.07627,1.39182,1.82963,5.86984,3.77959,1.42081,4.77377,-5.00557,-1.30532,1.87426,1.59486,0.247502,0.4093,3.12819,-2.64225,-0.359187,-1.28186,-2.74433,-4.83963,1.20581,-1.74179,-3.47206,-2.21548,-1.9439,-5.12835,3.73284,-2.87509,4.76284,-5.01062,-5.58912,3.90349,2.68699,2.76968,5.48287,2.2539,3.08506,-3.62971,-2.77757,5.17604,4.21877,-2.21601,4.57264,-2.52171,-3.82687,0.916791,-0.863236,-0.126507,3.61372,2.42063,1.42311,-5.07304,3.6928,-4.42406,-4.15653,-1.99713,-2.98104,5.42584,4.38429,4.74387,4.66376,0.116423,-3.88353,4.81151,-0.464551,5.8661,-2.58496,2.52767,-0.308048,-3.29383,-1.83508,0.841183,-3.03048,3.79476,2.19253,-2.53208,5.65149,-5.46833,3.65933,-2.00714,1.53205,0.560693,-1.15381,0.589698,-1.01653,-5.85403,4.78609,-4.68942,1.70488,-0.527463,-5.85767,2.37006,4.12718,-3.73404,-3.59913,4.39419,5.7464,0.214619,-5.67112,2.73614,-1.31546,-1.0756,-1.23706,4.99428,2.43576,-2.52762,2.80233,-4.08347,-3.50664,-3.73758,-2.1521,3.88311,-4.94073,5.98245,1.84245,5.38243,-5.9839,3.66838,-4.2097,5.20829,3.42725,1.16511,3.03605,-0.0809527,-1.26837,-3.87606,0.215443,-1.34587,-1.36765,0.679596,-1.89349,1.30376,5.11371,3.70128,-3.93351,5.429,3.058,1.56173,3.45807,1.87008,-1.89013,-2.08167,-0.126962,-5.78833,-4.59247,0.696689,-3.83472,4.59365,-2.72995,-0.131992,1.6947,4.10262,-1.38012,-5.41951,1.16872,0.455714,-4.32328,3.02575,-1.95329,0.433127,0.228177,-2.32465,2.03764,-3.62739,-3.10532,0.334766,-0.127849,3.19786,-0.96829,-2.40026,4.75509,1.67769,5.00759,-5.17089,-4.22765,4.06805,-5.74487,5.66869,-1.8285,-0.987462,0.0899201,-2.96477,-3.17234,2.10493,3.17586,-3.65332,-1.40477,-1.5524,-2.56261,4.69938,-0.393322,0.370818,2.92447,-5.34379,-0.0875741,-4.47387,3.78864,-1.96233,0.575981,5.92964,4.28678,1.45129,-1.57997,-5.32912,0.0158247,-3.5293,5.92661,5.7292,3.05928,0.761321,3.03201,-0.102353,3.13059,2.81324,4.90911,3.61014,-0.970802,6.00672,3.94499,2.68587,2.93882,4.69731,3.06318,-0.804353,-4.8858,2.86586,-4.42789]","[0,0,0,0,0,0,0,0,0,0,0,0,0,0,0,0,0,0,0,0,0,0,0,0,0,0,0,0,0,0,0,0,0,0,0,0,0,0,0,0,0,0,0,0,0,0,0,0,0,0,0,0,0,0,0,0,0,0,0,0,0,0,0,0,0,0,0,0,0,0,0,0,0,0,0,0,0,0,0,0,0,0,0,0,0,0,0,0,0,0,0,0,0,0,0,0,0,0,0,0,0,0,0,0,0,0,0,0,0,0,0,0,0,0,0,0,0,0,0,0,0,0,0,0,0,0,0,0,0,0,0,0,0,0,0,0,0,0,0,0,0,0,0,0,0,0,0,0,0,0,0,0,0,0,0,0,0,0,0,0,0,0,0,0,0,0,0,0,0,0,0,0,0,0,0,0,0,0,0,0,0,0,0,0,0,0,0,0,0,0,0,0,0,0,0,0,0,0,0,0,0,0,0,0,0,0,0,0,0,0,0,0,0,0,0,0,0,0,0,0,0,0,0,0,0,0,0,0,0,0,0,0,0,0,0,0,0,0,0,0,0,0,0,0,0,0,0,0,0,0,0,0,0,0,0]","Output
└─ 0 (V = 17, active): Op[5] (arity = 1)
       └─ 1 (V = 13, active): Op[1] (arity = 2)
              └─ 3 (V = 17, active): Op[5] (arity = 1)
                     └─ 7 (V = 2, active): Input[2]
                            └─ 15 (V = 6, inactive): Input[6]
                                   └─ 31 (V = 5, inactive): Input[5]
                                          └─ 63 (V = 19, inactive): Op[7] (arity = 1)
                                                 └─ 127 (V = 0, inactive): Input[0]
                                                 └─ 128 (V = 0, inactive): Input[0]
                                          └─ 64 (V = 16, inactive): Op[4] (arity = 1)
                                                 └─ 129 (V = 0, inactive): Input[0]
                                                 └─ 130 (V = 3, inactive): Input[3]
                                   └─ 32 (V = 19, inactive): Op[7] (arity = 1)
                                          └─ 65 (V = 13, inactive): Op[1] (arity = 2)
                                                 └─ 131 (V = 0, inactive): Input[0]
                                                 └─ 132 (V = 5, inactive): Input[5]
                                          └─ 66 (V = 7, inactive): Input[7]
                                                 └─ 133 (V = 8, inactive): Input[8]
                                                 └─ 134 (V = 0, inactive): Input[0]
                            └─ 16 (V = 8, inactive): Input[8]
                                   └─ 33 (V = 18, inactive): Op[6] (arity = 1)
                                          └─ 67 (V = 7, inactive): Input[7]
                                                 └─ 135 (V = 8, inactive): Input[8]
                                                 └─ 136 (V = 8, inactive): Input[8]
                                          └─ 68 (V = 7, inactive): Input[7]
                                                 └─ 137 (V = 5, inactive): Input[5]
                                                 └─ 138 (V = 7, inactive): Input[7]
                                   └─ 34 (V = 12, inactive): Op[0] (arity = 2)
                                          └─ 69 (V = 17, inactive): Op[5] (arity = 1)
                                                 └─ 139 (V = 8, inactive): Input[8]
                                                 └─ 140 (V = 4, inactive): Input[4]
                                          └─ 70 (V = 13, inactive): Op[1] (arity = 2)
                                                 └─ 141 (V = 6, inactive): Input[6]
                                                 └─ 142 (V = 3, inactive): Input[3]
                     └─ 8 (V = 14, inactive): Op[2] (arity = 2)
                            └─ 17 (V = 2, inactive): Input[2]
                                   └─ 35 (V = 17, inactive): Op[5] (arity = 1)
                                          └─ 71 (V = 17, inactive): Op[5] (arity = 1)
                                                 └─ 143 (V = 0, inactive): Input[0]
                                                 └─ 144 (V = 2, inactive): Input[2]
                                          └─ 72 (V = 18, inactive): Op[6] (arity = 1)
                                                 └─ 145 (V = 1, inactive): Input[1]
                                                 └─ 146 (V = 6, inactive): Input[6]
                                   └─ 36 (V = 15, inactive): Op[3] (arity = 2)
                                          └─ 73 (V = 19, inactive): Op[7] (arity = 1)
                                                 └─ 147 (V = 6, inactive): Input[6]
                                                 └─ 148 (V = 4, inactive): Input[4]
                                          └─ 74 (V = 15, inactive): Op[3] (arity = 2)
                                                 └─ 149 (V = 8, inactive): Input[8]
                                                 └─ 150 (V = 4, inactive): Input[4]
                            └─ 18 (V = 6, inactive): Input[6]
                                   └─ 37 (V = 16, inactive): Op[4] (arity = 1)
                                          └─ 75 (V = 7, inactive): Input[7]
                                                 └─ 151 (V = 2, inactive): Input[2]
                                                 └─ 152 (V = 6, inactive): Input[6]
                                          └─ 76 (V = 7, inactive): Input[7]
                                                 └─ 153 (V = 3, inactive): Input[3]
                                                 └─ 154 (V = 2, inactive): Input[2]
                                   └─ 38 (V = 6, inactive): Input[6]
                                          └─ 77 (V = 7, inactive): Input[7]
                                                 └─ 155 (V = 0, inactive): Input[0]
                                                 └─ 156 (V = 5, inactive): Input[5]
                                          └─ 78 (V = 16, inactive): Op[4] (arity = 1)
                                                 └─ 157 (V = 1, inactive): Input[1]
                                                 └─ 158 (V = 5, inactive): Input[5]
              └─ 4 (V = 13, active): Op[1] (arity = 2)
                     └─ 9 (V = 0, active): Input[0]
                            └─ 19 (V = 12, inactive): Op[0] (arity = 2)
                                   └─ 39 (V = 2, inactive): Input[2]
                                          └─ 79 (V = 13, inactive): Op[1] (arity = 2)
                                                 └─ 159 (V = 4, inactive): Input[4]
                                                 └─ 160 (V = 7, inactive): Input[7]
                                          └─ 80 (V = 12, inactive): Op[0] (arity = 2)
                                                 └─ 161 (V = 0, inactive): Input[0]
                                                 └─ 162 (V = 9, inactive): Constant[0] -> -3.93351
                                   └─ 40 (V = 13, inactive): Op[1] (arity = 2)
                                          └─ 81 (V = 15, inactive): Op[3] (arity = 2)
                                                 └─ 163 (V = 6, inactive): Input[6]
                                                 └─ 164 (V = 3, inactive): Input[3]
                                          └─ 82 (V = 17, inactive): Op[5] (arity = 1)
                                                 └─ 165 (V = 3, inactive): Input[3]
                                                 └─ 166 (V = 2, inactive): Input[2]
                            └─ 20 (V = 5, inactive): Input[5]
                                   └─ 41 (V = 14, inactive): Op[2] (arity = 2)
                                          └─ 83 (V = 16, inactive): Op[4] (arity = 1)
                                                 └─ 167 (V = 0, inactive): Input[0]
                                                 └─ 168 (V = 1, inactive): Input[1]
                                          └─ 84 (V = 15, inactive): Op[3] (arity = 2)
                                                 └─ 169 (V = 6, inactive): Input[6]
                                                 └─ 170 (V = 6, inactive): Input[6]
                                   └─ 42 (V = 17, inactive): Op[5] (arity = 1)
                                          └─ 85 (V = 16, inactive): Op[4] (arity = 1)
                                                 └─ 171 (V = 1, inactive): Input[1]
                                                 └─ 172 (V = 4, inactive): Input[4]
                                          └─ 86 (V = 19, inactive): Op[7] (arity = 1)
                                                 └─ 173 (V = 9, inactive): Constant[0] -> 0.696689
                                                 └─ 174 (V = 9, inactive): Constant[0] -> -3.83472
                     └─ 10 (V = 17, active): Op[5] (arity = 1)
                            └─ 21 (V = 1, active): Input[1]
                                   └─ 43 (V = 8, inactive): Input[8]
                                          └─ 87 (V = 15, inactive): Op[3] (arity = 2)
                                                 └─ 175 (V = 4, inactive): Input[4]
                                                 └─ 176 (V = 7, inactive): Input[7]
                                          └─ 88 (V = 18, inactive): Op[6] (arity = 1)
                                                 └─ 177 (V = 1, inactive): Input[1]
                                                 └─ 178 (V = 5, inactive): Input[5]
                                   └─ 44 (V = 6, inactive): Input[6]
                                          └─ 89 (V = 3, inactive): Input[3]
                                                 └─ 179 (V = 3, inactive): Input[3]
                                                 └─ 180 (V = 6, inactive): Input[6]
                                          └─ 90 (V = 13, inactive): Op[1] (arity = 2)
                                                 └─ 181 (V = 6, inactive): Input[6]
                                                 └─ 182 (V = 3, inactive): Input[3]
                            └─ 22 (V = 2, inactive): Input[2]
                                   └─ 45 (V = 19, inactive): Op[7] (arity = 1)
                                          └─ 91 (V = 2, inactive): Input[2]
                                                 └─ 183 (V = 1, inactive): Input[1]
                                                 └─ 184 (V = 0, inactive): Input[0]
                                          └─ 92 (V = 19, inactive): Op[7] (arity = 1)
                                                 └─ 185 (V = 1, inactive): Input[1]
                                                 └─ 186 (V = 3, inactive): Input[3]
                                   └─ 46 (V = 8, inactive): Input[8]
                                          └─ 93 (V = 19, inactive): Op[7] (arity = 1)
                                                 └─ 187 (V = 4, inactive): Input[4]
                                                 └─ 188 (V = 9, inactive): Constant[0] -> 0.228177
                                          └─ 94 (V = 17, inactive): Op[5] (arity = 1)
                                                 └─ 189 (V = 6, inactive): Input[6]
                                                 └─ 190 (V = 4, inactive): Input[4]
       └─ 2 (V = 18, inactive): Op[6] (arity = 1)
              └─ 5 (V = 5, inactive): Input[5]
                     └─ 11 (V = 17, inactive): Op[5] (arity = 1)
                            └─ 23 (V = 12, inactive): Op[0] (arity = 2)
                                   └─ 47 (V = 13, inactive): Op[1] (arity = 2)
                                          └─ 95 (V = 17, inactive): Op[5] (arity = 1)
                                                 └─ 191 (V = 9, inactive): Constant[0] -> -3.62739
                                                 └─ 192 (V = 5, inactive): Input[5]
                                          └─ 96 (V = 19, inactive): Op[7] (arity = 1)
                                                 └─ 193 (V = 5, inactive): Input[5]
                                                 └─ 194 (V = 3, inactive): Input[3]
                                   └─ 48 (V = 12, inactive): Op[0] (arity = 2)
                                          └─ 97 (V = 0, inactive): Input[0]
                                                 └─ 195 (V = 8, inactive): Input[8]
                                                 └─ 196 (V = 5, inactive): Input[5]
                                          └─ 98 (V = 16, inactive): Op[4] (arity = 1)
                                                 └─ 197 (V = 1, inactive): Input[1]
                                                 └─ 198 (V = 7, inactive): Input[7]
                            └─ 24 (V = 1, inactive): Input[1]
                                   └─ 49 (V = 5, inactive): Input[5]
                                          └─ 99 (V = 14, inactive): Op[2] (arity = 2)
                                                 └─ 199 (V = 0, inactive): Input[0]
                                                 └─ 200 (V = 0, inactive): Input[0]
                                          └─ 100 (V = 4, inactive): Input[4]
                                                 └─ 201 (V = 9, inactive): Constant[0] -> -5.17089
                                                 └─ 202 (V = 5, inactive): Input[5]
                                   └─ 50 (V = 17, inactive): Op[5] (arity = 1)
                                          └─ 101 (V = 17, inactive): Op[5] (arity = 1)
                                                 └─ 203 (V = 6, inactive): Input[6]
                                                 └─ 204 (V = 3, inactive): Input[3]
                                          └─ 102 (V = 19, inactive): Op[7] (arity = 1)
                                                 └─ 205 (V = 7, inactive): Input[7]
                                                 └─ 206 (V = 3, inactive): Input[3]
                     └─ 12 (V = 14, inactive): Op[2] (arity = 2)
                            └─ 25 (V = 15, inactive): Op[3] (arity = 2)
                                   └─ 51 (V = 7, inactive): Input[7]
                                          └─ 103 (V = 7, inactive): Input[7]
                                                 └─ 207 (V = 8, inactive): Input[8]
                                                 └─ 208 (V = 7, inactive): Input[7]
                                          └─ 104 (V = 1, inactive): Input[1]
                                                 └─ 209 (V = 8, inactive): Input[8]
                                                 └─ 210 (V = 2, inactive): Input[2]
                                   └─ 52 (V = 8, inactive): Input[8]
                                          └─ 105 (V = 14, inactive): Op[2] (arity = 2)
                                                 └─ 211 (V = 9, inactive): Constant[0] -> 2.10493
                                                 └─ 212 (V = 0, inactive): Input[0]
                                          └─ 106 (V = 15, inactive): Op[3] (arity = 2)
                                                 └─ 213 (V = 6, inactive): Input[6]
                                                 └─ 214 (V = 4, inactive): Input[4]
                            └─ 26 (V = 9, inactive): Constant[0] -> -4.70344
                                   └─ 53 (V = 17, inactive): Op[5] (arity = 1)
                                          └─ 107 (V = 13, inactive): Op[1] (arity = 2)
                                                 └─ 215 (V = 9, inactive): Constant[0] -> -1.5524
                                                 └─ 216 (V = 7, inactive): Input[7]
                                          └─ 108 (V = 0, inactive): Input[0]
                                                 └─ 217 (V = 4, inactive): Input[4]
                                                 └─ 218 (V = 9, inactive): Constant[0] -> -0.393322
                                   └─ 54 (V = 15, inactive): Op[3] (arity = 2)
                                          └─ 109 (V = 13, inactive): Op[1] (arity = 2)
                                                 └─ 219 (V = 2, inactive): Input[2]
                                                 └─ 220 (V = 1, inactive): Input[1]
                                          └─ 110 (V = 12, inactive): Op[0] (arity = 2)
                                                 └─ 221 (V = 8, inactive): Input[8]
                                                 └─ 222 (V = 7, inactive): Input[7]
              └─ 6 (V = 19, inactive): Op[7] (arity = 1)
                     └─ 13 (V = 15, inactive): Op[3] (arity = 2)
                            └─ 27 (V = 17, inactive): Op[5] (arity = 1)
                                   └─ 55 (V = 19, inactive): Op[7] (arity = 1)
                                          └─ 111 (V = 19, inactive): Op[7] (arity = 1)
                                                 └─ 223 (V = 9, inactive): Constant[0] -> -4.47387
                                                 └─ 224 (V = 2, inactive): Input[2]
                                          └─ 112 (V = 15, inactive): Op[3] (arity = 2)
                                                 └─ 225 (V = 5, inactive): Input[5]
                                                 └─ 226 (V = 3, inactive): Input[3]
                                   └─ 56 (V = 2, inactive): Input[2]
                                          └─ 113 (V = 7, inactive): Input[7]
                                                 └─ 227 (V = 9, inactive): Constant[0] -> 5.92964
                                                 └─ 228 (V = 4, inactive): Input[4]
                                          └─ 114 (V = 6, inactive): Input[6]
                                                 └─ 229 (V = 6, inactive): Input[6]
                                                 └─ 230 (V = 8, inactive): Input[8]
                            └─ 28 (V = 13, inactive): Op[1] (arity = 2)
                                   └─ 57 (V = 12, inactive): Op[0] (arity = 2)
                                          └─ 115 (V = 19, inactive): Op[7] (arity = 1)
                                                 └─ 231 (V = 9, inactive): Constant[0] -> -5.32912
                                                 └─ 232 (V = 4, inactive): Input[4]
                                          └─ 116 (V = 19, inactive): Op[7] (arity = 1)
                                                 └─ 233 (V = 0, inactive): Input[0]
                                                 └─ 234 (V = 7, inactive): Input[7]
                                   └─ 58 (V = 13, inactive): Op[1] (arity = 2)
                                          └─ 117 (V = 12, inactive): Op[0] (arity = 2)
                                                 └─ 235 (V = 9, inactive): Constant[0] -> 5.7292
                                                 └─ 236 (V = 3, inactive): Input[3]
                                          └─ 118 (V = 14, inactive): Op[2] (arity = 2)
                                                 └─ 237 (V = 7, inactive): Input[7]
                                                 └─ 238 (V = 4, inactive): Input[4]
                     └─ 14 (V = 9, inactive): Constant[0] -> 5.55402
                            └─ 29 (V = 7, inactive): Input[7]
                                   └─ 59 (V = 3, inactive): Input[3]
                                          └─ 119 (V = 15, inactive): Op[3] (arity = 2)
                                                 └─ 239 (V = 9, inactive): Constant[0] -> -0.102353
                                                 └─ 240 (V = 9, inactive): Constant[0] -> 3.13059
                                          └─ 120 (V = 1, inactive): Input[1]
                                                 └─ 241 (V = 5, inactive): Input[5]
                                                 └─ 242 (V = 0, inactive): Input[0]
                                   └─ 60 (V = 13, inactive): Op[1] (arity = 2)
                                          └─ 121 (V = 14, inactive): Op[2] (arity = 2)
                                                 └─ 243 (V = 3, inactive): Input[3]
                                                 └─ 244 (V = 7, inactive): Input[7]
                                          └─ 122 (V = 3, inactive): Input[3]
                                                 └─ 245 (V = 0, inactive): Input[0]
                                                 └─ 246 (V = 8, inactive): Input[8]
                            └─ 30 (V = 17, inactive): Op[5] (arity = 1)
                                   └─ 61 (V = 8, inactive): Input[8]
                                          └─ 123 (V = 16, inactive): Op[4] (arity = 1)
                                                 └─ 247 (V = 9, inactive): Constant[0] -> 2.68587
                                                 └─ 248 (V = 8, inactive): Input[8]
                                          └─ 124 (V = 18, inactive): Op[6] (arity = 1)
                                                 └─ 249 (V = 5, inactive): Input[5]
                                                 └─ 250 (V = 8, inactive): Input[8]
                                   └─ 62 (V = 12, inactive): Op[0] (arity = 2)
                                          └─ 125 (V = 15, inactive): Op[3] (arity = 2)
                                                 └─ 251 (V = 9, inactive): Constant[0] -> -0.804353
                                                 └─ 252 (V = 6, inactive): Input[6]
                                          └─ 126 (V = 17, inactive): Op[5] (arity = 1)
                                                 └─ 253 (V = 2, inactive): Input[2]
                                                 └─ 254 (V = 1, inactive): Input[1]
","cos((cos(x2) - (x0 - cos(x1))))",3.47641,"[3.47641]",0
Running,34795,1,1.125825945,0.902139243,0.223686702,1024,2,modular_1,single_kernel_inplace,1024,666,9,2,7,modular,0,0,3324115916,4.1594454033974815,3324115916,"[15,11,16,14,11,5,1,15,17,0,15,17,12,10,9,5,3,1,15,10,11,1,2,16,15,17,13,15,3,14,15,8,7,15,1,12,12,7,17,13,11,12,15,12,1,5,5,16,10,15,15,7,9,11,13,17,2,14,7,3,11,13,10,16,14,12,15,9,3,4,5,7,16,15,14,17,5,3,0,12,0,15,15,14,13,14,16,2,12,5,4,10,13,5,15,17,14,0,14,10,14,15,11,10,14,12,12,3,0,17,10,17,13,7,6,14,11,10,0,12,1,9,3,14,16,15,8,1,7,5,7,6,2,3,0,0,0,1,2,9,1,4,1,3,5,8,5,4,7,1,1,4,5,7,1,5,2,5,3,1,5,3,0,1,4,7,9,0,1,6,6,1,4,9,9,7,2,3,9,5,4,8,0,8,7,6,7,1,8,4,2,5,5,8,8,8,5,1,7,1,7,9,6,6,3,8,5,2,3,2,6,9,0,6,4,9,7,4,9,8,8,9,0,9,2,5,3,9,4,6,8,4,3,3,5,0,3,1,6,5,9,5,0,3,2,5,8,9,8,5,8,9,6,2,5]","[1,1,0,1,1,0,0,1,0,1,1,0,0,0,0,1,0,0,0,0,0,1,0,0,0,0,0,0,0,0,0,0,0,0,0,0,0,0,0,0,0,0,0,0,0,0,0,0,0,0,0,0,0,0,0,0,0,0,0,0,0,0,0,0,0,0,0,0,0,0,0,0,0,0,0,0,0,0,0,0,0,0,0,0,0,0,0,0,0,0,0,0,0,0,0,0,0,0,0,0,0,0,0,0,0,0,0,0,0,0,0,0,0,0,0,0,0,0,0,0,0,0,0,0,0,0,0,0,0,0,0,0,0,0,0,0,0,0,0,0,0,0,0,0,0,0,0,0,0,0,0,0,0,0,0,0,0,0,0,0,0,0,0,0,0,0,0,0,0,0,0,0,0,0,0,0,0,0,0,0,0,0,0,0,0,0,0,0,0,0,0,0,0,0,0,0,0,0,0,0,0,0,0,0,0,0,0,0,0,0,0,0,0,0,0,0,0,0,0,0,0,0,0,0,0,0,0,0,0,0,0,0,0,0,0,0,0,0,0,0,0,0,0,0,0,0,0,0,0,0,0,0,0,0,0]","[3.8887,-0.845788,-0.0649339,1.61602,0.975812,0.455551,-0.807149,-1.94878,-4.17217,-2.15091,-0.612813,2.77394,0.792944,5.06492,5.55402,-0.506304,-0.875774,-1.84163,-0.389244,-3.24534,-3.5516,4.89705,0.915845,-5.32099,-4.928,-1.21295,-2.57949,4.05255,3.23968,3.3728,1.39182,-4.32103,-1.39663,-0.0971162,5.01064,-4.40029,0.349299,0.614206,1.31629,-5.94747,0.247502,0.4093,3.12819,-0.851107,2.87959,-0.298912,5.30121,4.64917,1.20581,-3.62617,-3.47206,-2.21548,-1.53305,-3.8597,3.73284,-2.87509,4.76284,3.85253,1.97364,3.90349,2.68699,5.92787,5.48287,4.62331,0.941835,-5.91405,5.12061,1.27008,-0.224956,3.00367,-1.16936,-2.4587,-3.42659,-2.63072,-1.34923,-2.89561,4.7561,4.74046,2.48426,-3.99765,2.17832,1.33227,-4.15653,-1.99713,-2.98104,5.42584,-1.45425,-3.92362,4.21198,-5.80863,-1.66176,4.20922,-5.03839,5.56604,1.39087,4.64574,1.98715,-3.29383,-1.83508,4.87649,-2.57387,3.79476,-5.03678,2.31223,-1.5221,-5.46833,-5.18048,1.80346,1.53205,5.31139,-1.15381,0.589698,-1.01653,-5.85403,4.78609,1.98162,-0.642636,-1.05489,-3.61553,-4.85868,4.12718,-3.78573,-3.59913,4.39419,5.7464,-4.85815,3.90704,1.16832,1.5813,-4.85421,-0.613672,-0.151081,0.758898,-1.92434,-1.33663,-2.49469,2.12238,3.02766,-0.424335,1.03394,0.240293,-1.53697,4.41345,-2.32592,4.22138,4.95225,-4.67867,0.742144,3.54876,-1.77599,4.07381,2.32583,-2.21988,2.87302,-4.55363,-1.59092,-0.326886,2.62031,4.08712,-3.69246,-5.30089,-0.14691,-3.94087,4.81005,-0.270447,5.09741,-5.15295,1.87008,-1.89013,-2.08167,-0.126962,-5.78833,-4.59247,0.696689,-3.83472,-1.49526,0.970934,-2.74411,5.33556,-3.78238,-0.787088,-4.55927,-1.28797,-1.87485,-0.840658,-5.50461,-4.05313,2.63762,1.41373,2.72403,-2.17342,3.1248,-3.10532,-4.23122,2.38237,3.19786,-0.96829,-2.40026,5.53654,-3.20284,-3.94439,-2.85925,2.4015,4.06805,-5.74487,0.0265688,-0.445519,-0.735819,-5.51799,-3.87081,4.28424,2.10493,3.17586,-3.65332,-1.40477,-1.5524,-2.56261,4.69938,-0.393322,0.171688,-1.28628,-3.54488,5.54482,-4.47387,3.78864,-1.96233,0.575981,5.92964,4.28678,1.45129,-1.57997,2.83895,4.21191,3.8529,-2.85484,-4.49518,-2.10832,3.01964,-3.95324,-0.1182,3.13059,2.81324,4.90911,-4.34132,-1.71942,3.02588,3.94499,2.68587,2.93882,4.69731,3.06318,-0.804353,-4.8858,2.86586,-1.09837]","[0,0,0,0,0,0,0,0,0,0,0,0,0,0,0,0,0,0,0,0,0,0,0,0,0,0,0,0,0,0,0,0,0,0,0,0,0,0,0,0,0,0,0,0,0,0,0,0,0,0,0,0,0,0,0,0,0,0,0,0,0,0,0,0,0,0,0,0,0,0,0,0,0,0,0,0,0,0,0,0,0,0,0,0,0,0,0,0,0,0,0,0,0,0,0,0,0,0,0,0,0,0,0,0,0,0,0,0,0,0,0,0,0,0,0,0,0,0,0,0,0,0,0,0,0,0,0,0,0,0,0,0,0,0,0,0,0,0,0,0,0,0,0,0,0,0,0,0,0,0,0,0,0,0,0,0,0,0,0,0,0,0,0,0,0,0,0,0,0,0,0,0,0,0,0,0,0,0,0,0,0,0,0,0,0,0,0,0,0,0,0,0,0,0,0,0,0,0,0,0,0,0,0,0,0,0,0,0,0,0,0,0,0,0,0,0,0,0,0,0,0,0,0,0,0,0,0,0,0,0,0,0,0,0,0,0,0,0,0,0,0,0,0,0,0,0,0,0,0,0,0,0,0,0,0]","Output
└─ 0 (V = 17, active): Op[5] (arity = 1)
       └─ 1 (V = 13, active): Op[1] (arity = 2)
              └─ 3 (V = 16, active): Op[4] (arity = 1)
                     └─ 7 (V = 17, active): Op[5] (arity = 1)
                            └─ 15 (V = 5, active): Input[5]
                                   └─ 31 (V = 8, inactive): Input[8]
                                          └─ 63 (V = 18, inactive): Op[6] (arity = 1)
                                                 └─ 127 (V = 1, inactive): Input[1]
                                                 └─ 128 (V = 7, inactive): Input[7]
                                          └─ 64 (V = 16, inactive): Op[4] (arity = 1)
                                                 └─ 129 (V = 5, inactive): Input[5]
                                                 └─ 130 (V = 7, inactive): Input[7]
                                   └─ 32 (V = 7, inactive): Input[7]
                                          └─ 65 (V = 14, inactive): Op[2] (arity = 2)
                                                 └─ 131 (V = 6, inactive): Input[6]
                                                 └─ 132 (V = 2, inactive): Input[2]
                                          └─ 66 (V = 17, inactive): Op[5] (arity = 1)
                                                 └─ 133 (V = 3, inactive): Input[3]
                                                 └─ 134 (V = 0, inactive): Input[0]
                            └─ 16 (V = 3, inactive): Input[3]
                                   └─ 33 (V = 17, inactive): Op[5] (arity = 1)
                                          └─ 67 (V = 9, inactive): Constant[0] -> 1.27008
                                                 └─ 135 (V = 0, inactive): Input[0]
                                                 └─ 136 (V = 0, inactive): Input[0]
                                          └─ 68 (V = 3, inactive): Input[3]
                                                 └─ 137 (V = 1, inactive): Input[1]
                                                 └─ 138 (V = 2, inactive): Input[2]
                                   └─ 34 (V = 1, inactive): Input[1]
                                          └─ 69 (V = 4, inactive): Input[4]
                                                 └─ 139 (V = 9, inactive): Constant[0] -> 1.03394
                                                 └─ 140 (V = 1, inactive): Input[1]
                                          └─ 70 (V = 5, inactive): Input[5]
                                                 └─ 141 (V = 4, inactive): Input[4]
                                                 └─ 142 (V = 1, inactive): Input[1]
                     └─ 8 (V = 19, inactive): Op[7] (arity = 1)
                            └─ 17 (V = 1, inactive): Input[1]
                                   └─ 35 (V = 14, inactive): Op[2] (arity = 2)
                                          └─ 71 (V = 7, inactive): Input[7]
                                                 └─ 143 (V = 3, inactive): Input[3]
                                                 └─ 144 (V = 5, inactive): Input[5]
                                          └─ 72 (V = 18, inactive): Op[6] (arity = 1)
                                                 └─ 145 (V = 8, inactive): Input[8]
                                                 └─ 146 (V = 5, inactive): Input[5]
                                   └─ 36 (V = 14, inactive): Op[2] (arity = 2)
                                          └─ 73 (V = 17, inactive): Op[5] (arity = 1)
                                                 └─ 147 (V = 4, inactive): Input[4]
                                                 └─ 148 (V = 7, inactive): Input[7]
                                          └─ 74 (V = 16, inactive): Op[4] (arity = 1)
                                                 └─ 149 (V = 1, inactive): Input[1]
                                                 └─ 150 (V = 1, inactive): Input[1]
                            └─ 18 (V = 17, inactive): Op[5] (arity = 1)
                                   └─ 37 (V = 7, inactive): Input[7]
                                          └─ 75 (V = 19, inactive): Op[7] (arity = 1)
                                                 └─ 151 (V = 4, inactive): Input[4]
                                                 └─ 152 (V = 5, inactive): Input[5]
                                          └─ 76 (V = 5, inactive): Input[5]
                                                 └─ 153 (V = 7, inactive): Input[7]
                                                 └─ 154 (V = 1, inactive): Input[1]
                                   └─ 38 (V = 19, inactive): Op[7] (arity = 1)
                                          └─ 77 (V = 3, inactive): Input[3]
                                                 └─ 155 (V = 5, inactive): Input[5]
                                                 └─ 156 (V = 2, inactive): Input[2]
                                          └─ 78 (V = 0, inactive): Input[0]
                                                 └─ 157 (V = 5, inactive): Input[5]
                                                 └─ 158 (V = 3, inactive): Input[3]
              └─ 4 (V = 13, active): Op[1] (arity = 2)
                     └─ 9 (V = 0, active): Input[0]
                            └─ 19 (V = 12, inactive): Op[0] (arity = 2)
                                   └─ 39 (V = 15, inactive): Op[3] (arity = 2)
                                          └─ 79 (V = 14, inactive): Op[2] (arity = 2)
                                                 └─ 159 (V = 1, inactive): Input[1]
                                                 └─ 160 (V = 5, inactive): Input[5]
                                          └─ 80 (V = 0, inactive): Input[0]
                                                 └─ 161 (V = 3, inactive): Input[3]
                                                 └─ 162 (V = 0, inactive): Input[0]
                                   └─ 40 (V = 13, inactive): Op[1] (arity = 2)
                                          └─ 81 (V = 17, inactive): Op[5] (arity = 1)
                                                 └─ 163 (V = 1, inactive): Input[1]
                                                 └─ 164 (V = 4, inactive): Input[4]
                                          └─ 82 (V = 17, inactive): Op[5] (arity = 1)
                                                 └─ 165 (V = 7, inactive): Input[7]
                                                 └─ 166 (V = 9, inactive): Constant[0] -> -5.15295
                            └─ 20 (V = 13, inactive): Op[1] (arity = 2)
                                   └─ 41 (V = 14, inactive): Op[2] (arity = 2)
                                          └─ 83 (V = 16, inactive): Op[4] (arity = 1)
                                                 └─ 167 (V = 0, inactive): Input[0]
                                                 └─ 168 (V = 1, inactive): Input[1]
                                          └─ 84 (V = 15, inactive): Op[3] (arity = 2)
                                                 └─ 169 (V = 6, inactive): Input[6]
                                                 └─ 170 (V = 6, inactive): Input[6]
                                   └─ 42 (V = 17, inactive): Op[5] (arity = 1)
                                          └─ 85 (V = 16, inactive): Op[4] (arity = 1)
                                                 └─ 171 (V = 1, inactive): Input[1]
                                                 └─ 172 (V = 4, inactive): Input[4]
                                          └─ 86 (V = 18, inactive): Op[6] (arity = 1)
                                                 └─ 173 (V = 9, inactive): Constant[0] -> 0.696689
                                                 └─ 174 (V = 9, inactive): Constant[0] -> -3.83472
                     └─ 10 (V = 17, active): Op[5] (arity = 1)
                            └─ 21 (V = 1, active): Input[1]
                                   └─ 43 (V = 14, inactive): Op[2] (arity = 2)
                                          └─ 87 (V = 2, inactive): Input[2]
                                                 └─ 175 (V = 7, inactive): Input[7]
                                                 └─ 176 (V = 2, inactive): Input[2]
                                          └─ 88 (V = 14, inactive): Op[2] (arity = 2)
                                                 └─ 177 (V = 3, inactive): Input[3]
                                                 └─ 178 (V = 9, inactive): Constant[0] -> 5.33556
                                   └─ 44 (V = 1, inactive): Input[1]
                                          └─ 89 (V = 5, inactive): Input[5]
                                                 └─ 179 (V = 5, inactive): Input[5]
                                                 └─ 180 (V = 4, inactive): Input[4]
                                          └─ 90 (V = 4, inactive): Input[4]
                                                 └─ 181 (V = 8, inactive): Input[8]
                                                 └─ 182 (V = 0, inactive): Input[0]
                            └─ 22 (V = 2, inactive): Input[2]
                                   └─ 45 (V = 5, inactive): Input[5]
                                          └─ 91 (V = 12, inactive): Op[0] (arity = 2)
                                                 └─ 183 (V = 8, inactive): Input[8]
                                                 └─ 184 (V = 7, inactive): Input[7]
                                          └─ 92 (V = 15, inactive): Op[3] (arity = 2)
                                                 └─ 185 (V = 6, inactive): Input[6]
                                                 └─ 186 (V = 7, inactive): Input[7]
                                   └─ 46 (V = 5, inactive): Input[5]
                                          └─ 93 (V = 5, inactive): Input[5]
                                                 └─ 187 (V = 1, inactive): Input[1]
                                                 └─ 188 (V = 8, inactive): Input[8]
                                          └─ 94 (V = 17, inactive): Op[5] (arity = 1)
                                                 └─ 189 (V = 4, inactive): Input[4]
                                                 └─ 190 (V = 2, inactive): Input[2]
       └─ 2 (V = 18, inactive): Op[6] (arity = 1)
              └─ 5 (V = 5, inactive): Input[5]
                     └─ 11 (V = 19, inactive): Op[7] (arity = 1)
                            └─ 23 (V = 18, inactive): Op[6] (arity = 1)
                                   └─ 47 (V = 18, inactive): Op[6] (arity = 1)
                                          └─ 95 (V = 19, inactive): Op[7] (arity = 1)
                                                 └─ 191 (V = 5, inactive): Input[5]
                                                 └─ 192 (V = 5, inactive): Input[5]
                                          └─ 96 (V = 16, inactive): Op[4] (arity = 1)
                                                 └─ 193 (V = 8, inactive): Input[8]
                                                 └─ 194 (V = 8, inactive): Input[8]
                                   └─ 48 (V = 12, inactive): Op[0] (arity = 2)
                                          └─ 97 (V = 0, inactive): Input[0]
                                                 └─ 195 (V = 8, inactive): Input[8]
                                                 └─ 196 (V = 5, inactive): Input[5]
                                          └─ 98 (V = 16, inactive): Op[4] (arity = 1)
                                                 └─ 197 (V = 1, inactive): Input[1]
                                                 └─ 198 (V = 7, inactive): Input[7]
                            └─ 24 (V = 17, inactive): Op[5] (arity = 1)
                                   └─ 49 (V = 17, inactive): Op[5] (arity = 1)
                                          └─ 99 (V = 12, inactive): Op[0] (arity = 2)
                                                 └─ 199 (V = 1, inactive): Input[1]
                                                 └─ 200 (V = 7, inactive): Input[7]
                                          └─ 100 (V = 16, inactive): Op[4] (arity = 1)
                                                 └─ 201 (V = 9, inactive): Constant[0] -> -2.85925
                                                 └─ 202 (V = 6, inactive): Input[6]
                                   └─ 50 (V = 17, inactive): Op[5] (arity = 1)
                                          └─ 101 (V = 17, inactive): Op[5] (arity = 1)
                                                 └─ 203 (V = 6, inactive): Input[6]
                                                 └─ 204 (V = 3, inactive): Input[3]
                                          └─ 102 (V = 13, inactive): Op[1] (arity = 2)
                                                 └─ 205 (V = 8, inactive): Input[8]
                                                 └─ 206 (V = 5, inactive): Input[5]
                     └─ 12 (V = 14, inactive): Op[2] (arity = 2)
                            └─ 25 (V = 19, inactive): Op[7] (arity = 1)
                                   └─ 51 (V = 7, inactive): Input[7]
                                          └─ 103 (V = 12, inactive): Op[0] (arity = 2)
                                                 └─ 207 (V = 2, inactive): Input[2]
                                                 └─ 208 (V = 3, inactive): Input[3]
                                          └─ 104 (V = 16, inactive): Op[4] (arity = 1)
                                                 └─ 209 (V = 2, inactive): Input[2]
                                                 └─ 210 (V = 6, inactive): Input[6]
                                   └─ 52 (V = 9, inactive): Constant[0] -> -1.53305
                                          └─ 105 (V = 14, inactive): Op[2] (arity = 2)
                                                 └─ 211 (V = 9, inactive): Constant[0] -> 2.10493
                                                 └─ 212 (V = 0, inactive): Input[0]
                                          └─ 106 (V = 14, inactive): Op[2] (arity = 2)
                                                 └─ 213 (V = 6, inactive): Input[6]
                                                 └─ 214 (V = 4, inactive): Input[4]
                            └─ 26 (V = 15, inactive): Op[3] (arity = 2)
                                   └─ 53 (V = 13, inactive): Op[1] (arity = 2)
                                          └─ 107 (V = 3, inactive): Input[3]
                                                 └─ 215 (V = 9, inactive): Constant[0] -> -1.5524
                                                 └─ 216 (V = 7, inactive): Input[7]
                                          └─ 108 (V = 0, inactive): Input[0]
                                                 └─ 217 (V = 4, inactive): Input[4]
                                                 └─ 218 (V = 9, inactive): Constant[0] -> -0.393322
                                   └─ 54 (V = 15, inactive): Op[3] (arity = 2)
                                          └─ 109 (V = 19, inactive): Op[7] (arity = 1)
                                                 └─ 219 (V = 8, inactive): Input[8]
                                                 └─ 220 (V = 8, inactive): Input[8]
                                          └─ 110 (V = 12, inactive): Op[0] (arity = 2)
                                                 └─ 221 (V = 9, inactive): Constant[0] -> -3.54488
                                                 └─ 222 (V = 0, inactive): Input[0]
              └─ 6 (V = 1, inactive): Input[1]
                     └─ 13 (V = 12, inactive): Op[0] (arity = 2)
                            └─ 27 (V = 17, inactive): Op[5] (arity = 1)
                                   └─ 55 (V = 19, inactive): Op[7] (arity = 1)
                                          └─ 111 (V = 19, inactive): Op[7] (arity = 1)
                                                 └─ 223 (V = 9, inactive): Constant[0] -> -4.47387
                                                 └─ 224 (V = 2, inactive): Input[2]
                                          └─ 112 (V = 15, inactive): Op[3] (arity = 2)
                                                 └─ 225 (V = 5, inactive): Input[5]
                                                 └─ 226 (V = 3, inactive): Input[3]
                                   └─ 56 (V = 2, inactive): Input[2]
                                          └─ 113 (V = 7, inactive): Input[7]
                                                 └─ 227 (V = 9, inactive): Constant[0] -> 5.92964
                                                 └─ 228 (V = 4, inactive): Input[4]
                                          └─ 114 (V = 6, inactive): Input[6]
                                                 └─ 229 (V = 6, inactive): Input[6]
                                                 └─ 230 (V = 8, inactive): Input[8]
                            └─ 28 (V = 3, inactive): Input[3]
                                   └─ 57 (V = 16, inactive): Op[4] (arity = 1)
                                          └─ 115 (V = 16, inactive): Op[4] (arity = 1)
                                                 └─ 231 (V = 4, inactive): Input[4]
                                                 └─ 232 (V = 3, inactive): Input[3]
                                          └─ 116 (V = 13, inactive): Op[1] (arity = 2)
                                                 └─ 233 (V = 3, inactive): Input[3]
                                                 └─ 234 (V = 5, inactive): Input[5]
                                   └─ 58 (V = 7, inactive): Input[7]
                                          └─ 117 (V = 12, inactive): Op[0] (arity = 2)
                                                 └─ 235 (V = 0, inactive): Input[0]
                                                 └─ 236 (V = 3, inactive): Input[3]
                                          └─ 118 (V = 0, inactive): Input[0]
                                                 └─ 237 (V = 1, inactive): Input[1]
                                                 └─ 238 (V = 6, inactive): Input[6]
                     └─ 14 (V = 9, inactive): Constant[0] -> 5.55402
                            └─ 29 (V = 16, inactive): Op[4] (arity = 1)
                                   └─ 59 (V = 3, inactive): Input[3]
                                          └─ 119 (V = 14, inactive): Op[2] (arity = 2)
                                                 └─ 239 (V = 5, inactive): Input[5]
                                                 └─ 240 (V = 9, inactive): Constant[0] -> 3.13059
                                          └─ 120 (V = 1, inactive): Input[1]
                                                 └─ 241 (V = 5, inactive): Input[5]
                                                 └─ 242 (V = 0, inactive): Input[0]
                                   └─ 60 (V = 13, inactive): Op[1] (arity = 2)
                                          └─ 121 (V = 9, inactive): Constant[0] -> -3.78573
                                                 └─ 243 (V = 3, inactive): Input[3]
                                                 └─ 244 (V = 2, inactive): Input[2]
                                          └─ 122 (V = 3, inactive): Input[3]
                                                 └─ 245 (V = 5, inactive): Input[5]
                                                 └─ 246 (V = 8, inactive): Input[8]
                            └─ 30 (V = 17, inactive): Op[5] (arity = 1)
                                   └─ 61 (V = 15, inactive): Op[3] (arity = 2)
                                          └─ 123 (V = 16, inactive): Op[4] (arity = 1)
                                                 └─ 247 (V = 9, inactive): Constant[0] -> 2.68587
                                                 └─ 248 (V = 8, inactive): Input[8]
                                          └─ 124 (V = 18, inactive): Op[6] (arity = 1)
                                                 └─ 249 (V = 5, inactive): Input[5]
                                                 └─ 250 (V = 8, inactive): Input[8]
                                   └─ 62 (V = 12, inactive): Op[0] (arity = 2)
                                          └─ 125 (V = 17, inactive): Op[5] (arity = 1)
                                                 └─ 251 (V = 9, inactive): Constant[0] -> -0.804353
                                                 └─ 252 (V = 6, inactive): Input[6]
                                          └─ 126 (V = 8, inactive): Input[8]
                                                 └─ 253 (V = 2, inactive): Input[2]
                                                 └─ 254 (V = 5, inactive): Input[5]
","cos((sin(cos(x5)) - (x0 - cos(x1))))",3.42796,"[3.42796]",0
Running,54516,2,1.6169065299999998,1.310000586,0.306905944,1024,3,modular_1,single_kernel_inplace,1024,666,9,2,7,modular,0,0,3324115916,4.1594454033974815,3324115916,"[15,11,11,14,11,12,15,10,16,0,15,13,12,13,16,17,5,15,15,14,7,6,17,1,16,15,14,10,17,9,9,15,10,10,7,15,15,7,17,13,11,10,13,14,9,16,16,12,12,6,12,4,3,17,3,13,2,17,5,15,3,7,12,15,17,7,14,10,12,10,16,3,11,17,16,15,2,3,9,12,10,15,3,15,12,17,10,17,14,10,11,2,15,0,10,11,17,11,17,17,11,17,10,17,17,11,15,5,10,1,9,3,11,16,6,17,12,13,15,17,10,0,13,2,12,15,8,6,2,0,8,5,6,3,0,2,5,7,3,1,9,7,6,2,5,0,8,6,3,8,7,6,1,2,4,8,2,2,3,8,7,4,3,0,0,3,7,1,2,1,9,0,8,3,2,8,3,7,2,5,3,4,0,8,0,1,3,4,1,4,2,1,8,0,2,3,9,3,9,0,8,3,1,1,5,8,2,7,7,2,3,3,5,9,6,2,1,7,4,9,1,9,8,3,3,5,1,0,4,7,6,9,7,2,5,3,4,0,3,8,0,4,9,5,4,7,8,9,8,8,8,8,2,2,5]","[1,1,0,1,1,0,0,1,0,1,1,0,0,0,0,1,1,0,0,0,0,1,0,0,0,0,0,0,0,0,0,1,0,0,0,0,0,0,0,0,0,0,0,0,0,0,0,0,0,0,0,0,0,0,0,0,0,0,0,0,0,0,0,1,0,0,0,0,0,0,0,0,0,0,0,0,0,0,0,0,0,0,0,0,0,0,0,0,0,0,0,0,0,0,0,0,0,0,0,0,0,0,0,0,0,0,0,0,0,0,0,0,0,0,0,0,0,0,0,0,0,0,0,0,0,0,0,1,0,0,0,0,0,0,0,0,0,0,0,0,0,0,0,0,0,0,0,0,0,0,0,0,0,0,0,0,0,0,0,0,0,0,0,0,0,0,0,0,0,0,0,0,0,0,0,0,0,0,0,0,0,0,0,0,0,0,0,0,0,0,0,0,0,0,0,0,0,0,0,0,0,0,0,0,0,0,0,0,0,0,0,0,0,0,0,0,0,0,0,0,0,0,0,0,0,0,0,0,0,0,0,0,0,0,0,0,0,0,0,0,0,0,0,0,0,0,0,0,0,0,0,0,0,0,0]","[0.0206878,-0.845788,2.88572,1.61602,0.975812,4.32804,4.36004,2.28526,-3.8885,-2.15091,-0.612813,4.21012,0.417862,-4.43753,-4.72796,1.47189,3.05634,3.18173,-0.389244,1.2063,5.46301,5.51172,5.72823,4.32474,0.512334,-1.55558,2.55851,1.89111,4.75886,-5.14823,-3.48039,2.10562,-2.30315,-3.34984,-2.01563,3.61304,-4.52967,0.614206,1.31629,5.42095,-5.96306,-4.53016,4.75532,3.62545,-4.45476,-2.23423,4.95879,4.79607,4.01691,-0.741275,0.404894,4.10841,-0.193895,5.86212,-3.96026,-0.722038,4.76284,0.0152552,5.37037,-3.82169,0.241987,-5.9345,-5.00309,4.27462,-1.95872,0.805231,1.09103,-2.85487,-3.23029,-3.02446,-3.77178,4.88138,2.24611,-4.58239,-3.65451,-1.44341,-0.613394,4.74046,4.42419,5.70439,4.3199,4.98521,0.851547,-1.23657,5.97532,-4.28242,-0.812884,-5.02349,-2.7666,-4.39232,-3.88353,4.81151,-0.654845,-5.89344,1.97131,-5.96945,-4.53155,4.40497,-5.01427,-3.80564,0.957433,3.99878,-3.34638,-4.13924,-3.6074,5.59792,2.43323,-1.94526,-1.67456,-5.37822,6.08322,-5.0231,1.21548,-0.318243,4.78609,-1.07964,2.97659,5.29649,-2.74156,-4.02881,0.178588,3.25866,-4.56973,-3.04424,-3.37418,-4.85815,3.90704,-5.61765,-5.13747,-0.4292,0.548029,-3.64817,-4.16391,-1.92434,2.80233,-3.58041,4.41212,-4.50543,6.01897,2.97434,0.799054,5.23872,3.47296,5.21173,4.22138,0.545519,-4.82215,-5.10332,-1.21275,3.84633,-1.66029,5.07732,4.44533,2.50754,0.621298,-5.08913,-0.326886,5.75599,4.08712,-5.8914,0.514342,5.67053,-5.39652,-2.02948,1.04048,-1.80385,-4.77074,3.40083,3.75062,-1.60898,2.08876,5.52416,1.52619,-1.47919,3.17187,-3.30338,-2.58879,-4.18031,4.4249,3.19198,-3.04977,3.25067,4.47262,-1.03256,-4.32328,-4.93802,-1.95329,-3.4293,-3.65145,-3.19298,4.26209,-0.292252,2.42431,2.52068,-0.395176,0.413875,2.1855,3.22349,-0.904397,-4.8252,4.60224,-3.52456,-2.80408,-1.32445,4.48017,4.3576,-2.93772,1.87257,5.79201,-3.99665,-0.0132665,-5.18659,-1.87198,-4.46298,-4.42046,3.32695,-3.48948,-3.39343,0.987649,-0.597804,3.24196,1.484,1.42131,1.52703,0.384697,-2.5556,-3.30456,-3.22596,4.28678,2.38797,-0.487924,-3.02176,0.258834,-3.34017,-3.74882,-3.76097,-4.95281,-0.00241555,-0.125857,0.185264,-3.3763,-1.20758,-2.34062,-3.88754,-4.15019,-4.6451,3.94499,-5.34299,-2.86851,-5.11558,-3.27808,-3.7788,5.97257,2.86586,-1.09837]","[0,0,0,0,0,0,0,0,0,0,0,0,0,0,0,0,0,0,0,0,0,0,0,0,0,0,0,0,0,0,0,0,0,0,0,0,0,0,0,0,0,0,0,0,0,0,0,0,0,0,0,0,0,0,0,0,0,0,0,0,0,0,0,0,0,0,0,0,0,0,0,0,0,0,0,0,0,0,0,0,0,0,0,0,0,0,0,0,0,0,0,0,0,0,0,0,0,0,0,0,0,0,0,0,0,0,0,0,0,0,0,0,0,0,0,0,0,0,0,0,0,0,0,0,0,0,0,0,0,0,0,0,0,0,0,0,0,0,0,0,0,0,0,0,0,0,0,0,0,0,0,0,0,0,0,0,0,0,0,0,0,0,0,0,0,0,0,0,0,0,0,0,0,0,0,0,0,0,0,0,0,0,0,0,0,0,0,0,0,0,0,0,0,0,0,0,0,0,0,0,0,0,0,0,0,0,0,0,0,0,0,0,0,0,0,0,0,0,0,0,0,0,0,0,0,0,0,0,0,0,0,0,0,0,0,0,0,0,0,0,0,0,0,0,0,0,0,0,0,0,0,0,0,0,0]","Output
└─ 0 (V = 17, active): Op[5] (arity = 1)
       └─ 1 (V = 13, active): Op[1] (arity = 2)
              └─ 3 (V = 16, active): Op[4] (arity = 1)
                     └─ 7 (V = 12, active): Op[0] (arity = 2)
                            └─ 15 (V = 19, active): Op[7] (arity = 1)
                                   └─ 31 (V = 17, active): Op[5] (arity = 1)
                                          └─ 63 (V = 17, active): Op[5] (arity = 1)
                                                 └─ 127 (V = 6, active): Input[6]
                                                 └─ 128 (V = 2, inactive): Input[2]
                                          └─ 64 (V = 19, inactive): Op[7] (arity = 1)
                                                 └─ 129 (V = 0, inactive): Input[0]
                                                 └─ 130 (V = 8, inactive): Input[8]
                                   └─ 32 (V = 12, inactive): Op[0] (arity = 2)
                                          └─ 65 (V = 7, inactive): Input[7]
                                                 └─ 131 (V = 5, inactive): Input[5]
                                                 └─ 132 (V = 6, inactive): Input[6]
                                          └─ 66 (V = 16, inactive): Op[4] (arity = 1)
                                                 └─ 133 (V = 3, inactive): Input[3]
                                                 └─ 134 (V = 0, inactive): Input[0]
                            └─ 16 (V = 5, active): Input[5]
                                   └─ 33 (V = 12, inactive): Op[0] (arity = 2)
                                          └─ 67 (V = 12, inactive): Op[0] (arity = 2)
                                                 └─ 135 (V = 2, inactive): Input[2]
                                                 └─ 136 (V = 5, inactive): Input[5]
                                          └─ 68 (V = 14, inactive): Op[2] (arity = 2)
                                                 └─ 137 (V = 7, inactive): Input[7]
                                                 └─ 138 (V = 3, inactive): Input[3]
                                   └─ 34 (V = 7, inactive): Input[7]
                                          └─ 69 (V = 12, inactive): Op[0] (arity = 2)
                                                 └─ 139 (V = 1, inactive): Input[1]
                                                 └─ 140 (V = 9, inactive): Constant[0] -> 0.799054
                                          └─ 70 (V = 18, inactive): Op[6] (arity = 1)
                                                 └─ 141 (V = 7, inactive): Input[7]
                                                 └─ 142 (V = 6, inactive): Input[6]
                     └─ 8 (V = 18, inactive): Op[6] (arity = 1)
                            └─ 17 (V = 17, inactive): Op[5] (arity = 1)
                                   └─ 35 (V = 17, inactive): Op[5] (arity = 1)
                                          └─ 71 (V = 3, inactive): Input[3]
                                                 └─ 143 (V = 2, inactive): Input[2]
                                                 └─ 144 (V = 5, inactive): Input[5]
                                          └─ 72 (V = 13, inactive): Op[1] (arity = 2)
                                                 └─ 145 (V = 0, inactive): Input[0]
                                                 └─ 146 (V = 8, inactive): Input[8]
                                   └─ 36 (V = 17, inactive): Op[5] (arity = 1)
                                          └─ 73 (V = 19, inactive): Op[7] (arity = 1)
                                                 └─ 147 (V = 6, inactive): Input[6]
                                                 └─ 148 (V = 3, inactive): Input[3]
                                          └─ 74 (V = 18, inactive): Op[6] (arity = 1)
                                                 └─ 149 (V = 8, inactive): Input[8]
                                                 └─ 150 (V = 7, inactive): Input[7]
                            └─ 18 (V = 17, inactive): Op[5] (arity = 1)
                                   └─ 37 (V = 7, inactive): Input[7]
                                          └─ 75 (V = 17, inactive): Op[5] (arity = 1)
                                                 └─ 151 (V = 6, inactive): Input[6]
                                                 └─ 152 (V = 1, inactive): Input[1]
                                          └─ 76 (V = 2, inactive): Input[2]
                                                 └─ 153 (V = 2, inactive): Input[2]
                                                 └─ 154 (V = 4, inactive): Input[4]
                                   └─ 38 (V = 19, inactive): Op[7] (arity = 1)
                                          └─ 77 (V = 3, inactive): Input[3]
                                                 └─ 155 (V = 8, inactive): Input[8]
                                                 └─ 156 (V = 2, inactive): Input[2]
                                          └─ 78 (V = 9, inactive): Constant[0] -> 4.42419
                                                 └─ 157 (V = 2, inactive): Input[2]
                                                 └─ 158 (V = 3, inactive): Input[3]
              └─ 4 (V = 13, active): Op[1] (arity = 2)
                     └─ 9 (V = 0, active): Input[0]
                            └─ 19 (V = 16, inactive): Op[4] (arity = 1)
                                   └─ 39 (V = 15, inactive): Op[3] (arity = 2)
                                          └─ 79 (V = 14, inactive): Op[2] (arity = 2)
                                                 └─ 159 (V = 8, inactive): Input[8]
                                                 └─ 160 (V = 7, inactive): Input[7]
                                          └─ 80 (V = 12, inactive): Op[0] (arity = 2)
                                                 └─ 161 (V = 4, inactive): Input[4]
                                                 └─ 162 (V = 3, inactive): Input[3]
                                   └─ 40 (V = 13, inactive): Op[1] (arity = 2)
                                          └─ 81 (V = 17, inactive): Op[5] (arity = 1)
                                                 └─ 163 (V = 0, inactive): Input[0]
                                                 └─ 164 (V = 0, inactive): Input[0]
                                          └─ 82 (V = 3, inactive): Input[3]
                                                 └─ 165 (V = 3, inactive): Input[3]
                                                 └─ 166 (V = 7, inactive): Input[7]
                            └─ 20 (V = 7, inactive): Input[7]
                                   └─ 41 (V = 12, inactive): Op[0] (arity = 2)
                                          └─ 83 (V = 17, inactive): Op[5] (arity = 1)
                                                 └─ 167 (V = 1, inactive): Input[1]
                                                 └─ 168 (V = 2, inactive): Input[2]
                                          └─ 84 (V = 14, inactive): Op[2] (arity = 2)
                                                 └─ 169 (V = 1, inactive): Input[1]
                                                 └─ 170 (V = 9, inactive): Constant[0] -> 2.08876
                                   └─ 42 (V = 15, inactive): Op[3] (arity = 2)
                                          └─ 85 (V = 19, inactive): Op[7] (arity = 1)
                                                 └─ 171 (V = 0, inactive): Input[0]
                                                 └─ 172 (V = 8, inactive): Input[8]
                                          └─ 86 (V = 12, inactive): Op[0] (arity = 2)
                                                 └─ 173 (V = 3, inactive): Input[3]
                                                 └─ 174 (V = 2, inactive): Input[2]
                     └─ 10 (V = 17, active): Op[5] (arity = 1)
                            └─ 21 (V = 6, active): Input[6]
                                   └─ 43 (V = 16, inactive): Op[4] (arity = 1)
                                          └─ 87 (V = 19, inactive): Op[7] (arity = 1)
                                                 └─ 175 (V = 8, inactive): Input[8]
                                                 └─ 176 (V = 3, inactive): Input[3]
                                          └─ 88 (V = 16, inactive): Op[4] (arity = 1)
                                                 └─ 177 (V = 7, inactive): Input[7]
                                                 └─ 178 (V = 2, inactive): Input[2]
                                   └─ 44 (V = 9, inactive): Constant[0] -> -4.45476
                                          └─ 89 (V = 12, inactive): Op[0] (arity = 2)
                                                 └─ 179 (V = 5, inactive): Input[5]
                                                 └─ 180 (V = 3, inactive): Input[3]
                                          └─ 90 (V = 13, inactive): Op[1] (arity = 2)
                                                 └─ 181 (V = 4, inactive): Input[4]
                                                 └─ 182 (V = 0, inactive): Input[0]
                            └─ 22 (V = 19, inactive): Op[7] (arity = 1)
                                   └─ 45 (V = 18, inactive): Op[6] (arity = 1)
                                          └─ 91 (V = 2, inactive): Input[2]
                                                 └─ 183 (V = 8, inactive): Input[8]
                                                 └─ 184 (V = 0, inactive): Input[0]
                                          └─ 92 (V = 17, inactive): Op[5] (arity = 1)
                                                 └─ 185 (V = 1, inactive): Input[1]
                                                 └─ 186 (V = 3, inactive): Input[3]
                                   └─ 46 (V = 18, inactive): Op[6] (arity = 1)
                                          └─ 93 (V = 0, inactive): Input[0]
                                                 └─ 187 (V = 4, inactive): Input[4]
                                                 └─ 188 (V = 1, inactive): Input[1]
                                          └─ 94 (V = 12, inactive): Op[0] (arity = 2)
                                                 └─ 189 (V = 4, inactive): Input[4]
                                                 └─ 190 (V = 2, inactive): Input[2]
       └─ 2 (V = 13, inactive): Op[1] (arity = 2)
              └─ 5 (V = 14, inactive): Op[2] (arity = 2)
                     └─ 11 (V = 15, inactive): Op[3] (arity = 2)
                            └─ 23 (V = 1, inactive): Input[1]
                                   └─ 47 (V = 14, inactive): Op[2] (arity = 2)
                                          └─ 95 (V = 13, inactive): Op[1] (arity = 2)
                                                 └─ 191 (V = 1, inactive): Input[1]
                                                 └─ 192 (V = 8, inactive): Input[8]
                                          └─ 96 (V = 19, inactive): Op[7] (arity = 1)
                                                 └─ 193 (V = 0, inactive): Input[0]
                                                 └─ 194 (V = 2, inactive): Input[2]
                                   └─ 48 (V = 14, inactive): Op[2] (arity = 2)
                                          └─ 97 (V = 13, inactive): Op[1] (arity = 2)
                                                 └─ 195 (V = 3, inactive): Input[3]
                                                 └─ 196 (V = 9, inactive): Constant[0] -> 2.1855
                                          └─ 98 (V = 19, inactive): Op[7] (arity = 1)
                                                 └─ 197 (V = 3, inactive): Input[3]
                                                 └─ 198 (V = 9, inactive): Constant[0] -> -0.904397
                            └─ 24 (V = 18, inactive): Op[6] (arity = 1)
                                   └─ 49 (V = 6, inactive): Input[6]
                                          └─ 99 (V = 19, inactive): Op[7] (arity = 1)
                                                 └─ 199 (V = 0, inactive): Input[0]
                                                 └─ 200 (V = 8, inactive): Input[8]
                                          └─ 100 (V = 13, inactive): Op[1] (arity = 2)
                                                 └─ 201 (V = 3, inactive): Input[3]
                                                 └─ 202 (V = 1, inactive): Input[1]
                                   └─ 50 (V = 14, inactive): Op[2] (arity = 2)
                                          └─ 101 (V = 19, inactive): Op[7] (arity = 1)
                                                 └─ 203 (V = 1, inactive): Input[1]
                                                 └─ 204 (V = 5, inactive): Input[5]
                                          └─ 102 (V = 12, inactive): Op[0] (arity = 2)
                                                 └─ 205 (V = 8, inactive): Input[8]
                                                 └─ 206 (V = 2, inactive): Input[2]
                     └─ 12 (V = 14, inactive): Op[2] (arity = 2)
                            └─ 25 (V = 17, inactive): Op[5] (arity = 1)
                                   └─ 51 (V = 4, inactive): Input[4]
                                          └─ 103 (V = 19, inactive): Op[7] (arity = 1)
                                                 └─ 207 (V = 7, inactive): Input[7]
                                                 └─ 208 (V = 7, inactive): Input[7]
                                          └─ 104 (V = 19, inactive): Op[7] (arity = 1)
                                                 └─ 209 (V = 2, inactive): Input[2]
                                                 └─ 210 (V = 3, inactive): Input[3]
                                   └─ 52 (V = 3, inactive): Input[3]
                                          └─ 105 (V = 13, inactive): Op[1] (arity = 2)
                                                 └─ 211 (V = 3, inactive): Input[3]
                                                 └─ 212 (V = 5, inactive): Input[5]
                                          └─ 106 (V = 17, inactive): Op[5] (arity = 1)
                                                 └─ 213 (V = 9, inactive): Constant[0] -> -4.46298
                                                 └─ 214 (V = 6, inactive): Input[6]
                            └─ 26 (V = 16, inactive): Op[4] (arity = 1)
                                   └─ 53 (V = 19, inactive): Op[7] (arity = 1)
                                          └─ 107 (V = 5, inactive): Input[5]
                                                 └─ 215 (V = 2, inactive): Input[2]
                                                 └─ 216 (V = 1, inactive): Input[1]
                                          └─ 108 (V = 12, inactive): Op[0] (arity = 2)
                                                 └─ 217 (V = 7, inactive): Input[7]
                                                 └─ 218 (V = 4, inactive): Input[4]
                                   └─ 54 (V = 3, inactive): Input[3]
                                          └─ 109 (V = 1, inactive): Input[1]
                                                 └─ 219 (V = 9, inactive): Constant[0] -> -0.597804
                                                 └─ 220 (V = 1, inactive): Input[1]
                                          └─ 110 (V = 9, inactive): Constant[0] -> 6.08322
                                                 └─ 221 (V = 9, inactive): Constant[0] -> 1.484
                                                 └─ 222 (V = 8, inactive): Input[8]
              └─ 6 (V = 17, inactive): Op[5] (arity = 1)
                     └─ 13 (V = 15, inactive): Op[3] (arity = 2)
                            └─ 27 (V = 12, inactive): Op[0] (arity = 2)
                                   └─ 55 (V = 15, inactive): Op[3] (arity = 2)
                                          └─ 111 (V = 3, inactive): Input[3]
                                                 └─ 223 (V = 3, inactive): Input[3]
                                                 └─ 224 (V = 3, inactive): Input[3]
                                          └─ 112 (V = 13, inactive): Op[1] (arity = 2)
                                                 └─ 225 (V = 5, inactive): Input[5]
                                                 └─ 226 (V = 1, inactive): Input[1]
                                   └─ 56 (V = 2, inactive): Input[2]
                                          └─ 113 (V = 18, inactive): Op[6] (arity = 1)
                                                 └─ 227 (V = 0, inactive): Input[0]
                                                 └─ 228 (V = 4, inactive): Input[4]
                                          └─ 114 (V = 6, inactive): Input[6]
                                                 └─ 229 (V = 7, inactive): Input[7]
                                                 └─ 230 (V = 6, inactive): Input[6]
                            └─ 28 (V = 19, inactive): Op[7] (arity = 1)
                                   └─ 57 (V = 19, inactive): Op[7] (arity = 1)
                                          └─ 115 (V = 19, inactive): Op[7] (arity = 1)
                                                 └─ 231 (V = 9, inactive): Constant[0] -> -3.02176
                                                 └─ 232 (V = 7, inactive): Input[7]
                                          └─ 116 (V = 14, inactive): Op[2] (arity = 2)
                                                 └─ 233 (V = 2, inactive): Input[2]
                                                 └─ 234 (V = 5, inactive): Input[5]
                                   └─ 58 (V = 5, inactive): Input[5]
                                          └─ 117 (V = 15, inactive): Op[3] (arity = 2)
                                                 └─ 235 (V = 3, inactive): Input[3]
                                                 └─ 236 (V = 4, inactive): Input[4]
                                          └─ 118 (V = 17, inactive): Op[5] (arity = 1)
                                                 └─ 237 (V = 0, inactive): Input[0]
                                                 └─ 238 (V = 3, inactive): Input[3]
                     └─ 14 (V = 18, inactive): Op[6] (arity = 1)
                            └─ 29 (V = 9, inactive): Constant[0] -> -5.14823
                                   └─ 59 (V = 17, inactive): Op[5] (arity = 1)
                                          └─ 119 (V = 19, inactive): Op[7] (arity = 1)
                                                 └─ 239 (V = 8, inactive): Input[8]
                                                 └─ 240 (V = 0, inactive): Input[0]
                                          └─ 120 (V = 12, inactive): Op[0] (arity = 2)
                                                 └─ 241 (V = 4, inactive): Input[4]
                                                 └─ 242 (V = 9, inactive): Constant[0] -> -2.34062
                                   └─ 60 (V = 3, inactive): Input[3]
                                          └─ 121 (V = 0, inactive): Input[0]
                                                 └─ 243 (V = 5, inactive): Input[5]
                                                 └─ 244 (V = 4, inactive): Input[4]
                                          └─ 122 (V = 15, inactive): Op[3] (arity = 2)
                                                 └─ 245 (V = 7, inactive): Input[7]
                                                 └─ 246 (V = 8, inactive): Input[8]
                            └─ 30 (V = 9, inactive): Constant[0] -> -3.48039
                                   └─ 61 (V = 7, inactive): Input[7]
                                          └─ 123 (V = 2, inactive): Input[2]
                                                 └─ 247 (V = 9, inactive): Constant[0] -> -5.34299
                                                 └─ 248 (V = 8, inactive): Input[8]
                                          └─ 124 (V = 14, inactive): Op[2] (arity = 2)
                                                 └─ 249 (V = 8, inactive): Input[8]
                                                 └─ 250 (V = 8, inactive): Input[8]
                                   └─ 62 (V = 14, inactive): Op[2] (arity = 2)
                                          └─ 125 (V = 17, inactive): Op[5] (arity = 1)
                                                 └─ 251 (V = 8, inactive): Input[8]
                                                 └─ 252 (V = 2, inactive): Input[2]
                                          └─ 126 (V = 8, inactive): Input[8]
                                                 └─ 253 (V = 2, inactive): Input[2]
                                                 └─ 254 (V = 5, inactive): Input[5]
","cos((sin((sqrt(cos(cos(x6))) + x5)) - (x0 - cos(x6))))",3.33668,"[3.33668]",0
Running,69641,2,1.958096563,1.58420395,0.373892613,1024,3,modular_1,single_kernel_inplace,1024,666,9,2,7,modular,0,0,3324115916,4.1594454033974815,3324115916,"[15,11,11,14,11,12,15,10,16,0,15,13,12,13,16,0,5,16,15,14,7,6,17,1,16,15,14,2,5,2,17,15,10,10,7,1,14,7,10,14,0,5,16,14,17,16,16,12,12,6,14,4,3,17,3,14,5,8,11,11,12,16,11,15,15,7,2,10,12,10,17,8,0,13,14,15,17,10,10,10,12,10,15,5,0,17,2,17,14,0,7,2,15,0,10,11,17,11,17,15,15,11,1,10,1,11,15,10,10,1,9,17,6,16,17,11,1,13,8,14,17,11,0,14,14,16,5,6,2,0,5,5,6,3,0,2,5,7,3,1,9,4,9,1,0,4,5,6,3,1,7,0,5,9,8,3,8,6,3,0,0,6,3,1,1,1,9,0,6,6,7,0,8,5,5,3,3,7,2,8,8,4,0,8,0,1,3,4,1,4,2,1,8,0,2,3,9,3,9,8,2,1,2,6,0,0,6,6,8,5,9,3,5,9,6,2,1,7,4,9,1,9,8,2,4,3,4,1,0,1,6,4,6,5,3,3,4,9,5,4,5,0,9,3,6,3,4,9,8,7,9,9,3,7,3]","[1,1,0,1,1,0,0,1,0,1,1,0,0,0,0,1,1,0,0,0,0,1,0,0,0,0,0,0,0,0,0,0,0,0,0,0,0,0,0,0,0,0,0,0,0,0,0,0,0,0,0,0,0,0,0,0,0,0,0,0,0,0,0,0,0,0,0,0,0,0,0,0,0,0,0,0,0,0,0,0,0,0,0,0,0,0,0,0,0,0,0,0,0,0,0,0,0,0,0,0,0,0,0,0,0,0,0,0,0,0,0,0,0,0,0,0,0,0,0,0,0,0,0,0,0,0,0,0,0,0,0,0,0,0,0,0,0,0,0,0,0,0,0,0,0,0,0,0,0,0,0,0,0,0,0,0,0,0,0,0,0,0,0,0,0,0,0,0,0,0,0,0,0,0,0,0,0,0,0,0,0,0,0,0,0,0,0,0,0,0,0,0,0,0,0,0,0,0,0,0,0,0,0,0,0,0,0,0,0,0,0,0,0,0,0,0,0,0,0,0,0,0,0,0,0,0,0,0,0,0,0,0,0,0,0,0,0,0,0,0,0,0,0,0,0,0,0,0,0,0,0,0,0,0,0]","[0.0206878,-0.845788,2.88572,1.61602,0.975812,4.32804,4.36004,2.28526,-3.8885,-2.15091,-0.612813,4.21012,0.417862,-4.43753,-4.72796,2.19047,3.05634,0.400116,-0.389244,1.2063,5.46301,5.51172,5.72823,4.32474,0.512334,-1.55558,2.55851,4.36316,1.20261,1.66468,-1.31533,2.10562,-2.30315,-3.34984,-2.01563,0.0567434,0.00876275,0.614206,-6.02957,3.84648,1.25511,-2.52431,4.75341,3.62545,3.45015,-2.23423,4.95879,4.79607,4.01691,-0.741275,5.71256,4.10841,-0.193895,5.86212,-3.96026,5.41378,2.63432,-1.95221,5.28219,3.64235,2.42989,1.48403,3.50099,4.27462,-2.51406,0.805231,-1.22382,-2.85487,-3.23029,-3.02446,-3.90035,3.20093,-2.17258,0.153102,-1.34923,1.50119,-2.61352,1.85231,4.24259,4.56413,-3.34034,0.622958,5.96573,-0.0885447,-4.79711,-4.28242,3.77757,-5.02349,-2.7666,3.98054,-4.32028,4.81151,-0.654845,-5.89344,1.97131,-5.96945,-4.53155,4.40497,-5.01427,3.82327,1.80364,5.55863,0.504791,4.31154,5.65149,5.59792,2.43323,4.55919,-1.67456,-5.37822,6.08322,0.589698,-3.41701,-4.91596,-0.697675,1.76483,0.918275,5.29649,-2.16701,-1.1431,1.35455,0.810001,5.18854,4.39419,1.46669,3.65685,3.04069,-5.61765,-5.13747,-0.4292,1.97584,-3.64817,-4.16391,-1.92434,2.80233,-3.58041,4.41212,-4.50543,6.01897,2.97434,0.799054,2.7499,1.69403,-4.29734,3.57216,-1.32213,5.7454,-0.212912,-3.49907,-1.77599,5.74865,2.11924,-2.0645,-3.96141,-2.13704,3.24886,0.705069,-5.38209,5.76609,5.11676,-5.73713,3.31007,3.6037,4.81005,2.99006,-1.93954,-5.15295,5.95975,-3.80589,-4.51118,-2.99245,5.52416,1.52619,-3.77515,1.70781,-2.40112,-2.58879,-4.18031,4.4249,-0.909984,4.82816,4.83512,4.47262,-1.03256,-4.32328,-4.93802,-1.95329,-3.4293,-3.65145,-3.19298,4.26209,-0.292252,2.42431,2.52068,-0.395176,0.413875,2.1855,3.22349,-0.904397,-3.49015,1.58933,5.12593,2.41712,4.55491,-5.42231,4.0383,-3.18531,3.72023,-5.14264,3.21169,2.42274,-5.18659,-1.87198,-4.46298,-4.42046,3.32695,5.29341,-3.39343,0.987649,-0.597804,3.24196,1.484,1.42131,-0.471612,5.07294,3.72844,-5.12243,2.78927,0.420084,-4.42209,4.95253,5.84223,-2.55906,1.74408,-3.30619,-3.76097,-4.95281,1.75195,-2.16136,3.33433,1.36681,-5.76779,1.44119,0.0913388,-2.88347,-1.21014,2.04446,2.68587,2.93882,3.98419,3.43733,4.19487,3.28006,-4.2168,0.387051]","[0,0,0,0,0,0,0,0,0,0,0,0,0,0,0,0,0,0,0,0,0,0,0,0,0,0,0,0,0,0,0,0,0,0,0,0,0,0,0,0,0,0,0,0,0,0,0,0,0,0,0,0,0,0,0,0,0,0,0,0,0,0,0,0,0,0,0,0,0,0,0,0,0,0,0,0,0,0,0,0,0,0,0,0,0,0,0,0,0,0,0,0,0,0,0,0,0,0,0,0,0,0,0,0,0,0,0,0,0,0,0,0,0,0,0,0,0,0,0,0,0,0,0,0,0,0,0,0,0,0,0,0,0,0,0,0,0,0,0,0,0,0,0,0,0,0,0,0,0,0,0,0,0,0,0,0,0,0,0,0,0,0,0,0,0,0,0,0,0,0,0,0,0,0,0,0,0,0,0,0,0,0,0,0,0,0,0,0,0,0,0,0,0,0,0,0,0,0,0,0,0,0,0,0,0,0,0,0,0,0,0,0,0,0,0,0,0,0,0,0,0,0,0,0,0,0,0,0,0,0,0,0,0,0,0,0,0,0,0,0,0,0,0,0,0,0,0,0,0,0,0,0,0,0,0]","Output
└─ 0 (V = 17, active): Op[5] (arity = 1)
       └─ 1 (V = 13, active): Op[1] (arity = 2)
              └─ 3 (V = 16, active): Op[4] (arity = 1)
                     └─ 7 (V = 12, active): Op[0] (arity = 2)
                            └─ 15 (V = 0, active): Input[0]
                                   └─ 31 (V = 17, inactive): Op[5] (arity = 1)
                                          └─ 63 (V = 17, inactive): Op[5] (arity = 1)
                                                 └─ 127 (V = 6, inactive): Input[6]
                                                 └─ 128 (V = 2, inactive): Input[2]
                                          └─ 64 (V = 17, inactive): Op[5] (arity = 1)
                                                 └─ 129 (V = 0, inactive): Input[0]
                                                 └─ 130 (V = 5, inactive): Input[5]
                                   └─ 32 (V = 12, inactive): Op[0] (arity = 2)
                                          └─ 65 (V = 7, inactive): Input[7]
                                                 └─ 131 (V = 5, inactive): Input[5]
                                                 └─ 132 (V = 6, inactive): Input[6]
                                          └─ 66 (V = 2, inactive): Input[2]
                                                 └─ 133 (V = 3, inactive): Input[3]
                                                 └─ 134 (V = 0, inactive): Input[0]
                            └─ 16 (V = 5, active): Input[5]
                                   └─ 33 (V = 12, inactive): Op[0] (arity = 2)
                                          └─ 67 (V = 12, inactive): Op[0] (arity = 2)
                                                 └─ 135 (V = 2, inactive): Input[2]
                                                 └─ 136 (V = 5, inactive): Input[5]
                                          └─ 68 (V = 14, inactive): Op[2] (arity = 2)
                                                 └─ 137 (V = 7, inactive): Input[7]
                                                 └─ 138 (V = 3, inactive): Input[3]
                                   └─ 34 (V = 7, inactive): Input[7]
                                          └─ 69 (V = 12, inactive): Op[0] (arity = 2)
                                                 └─ 139 (V = 1, inactive): Input[1]
                                                 └─ 140 (V = 9, inactive): Constant[0] -> 0.799054
                                          └─ 70 (V = 19, inactive): Op[7] (arity = 1)
                                                 └─ 141 (V = 4, inactive): Input[4]
                                                 └─ 142 (V = 9, inactive): Constant[0] -> 1.69403
                     └─ 8 (V = 18, inactive): Op[6] (arity = 1)
                            └─ 17 (V = 18, inactive): Op[6] (arity = 1)
                                   └─ 35 (V = 1, inactive): Input[1]
                                          └─ 71 (V = 8, inactive): Input[8]
                                                 └─ 143 (V = 1, inactive): Input[1]
                                                 └─ 144 (V = 0, inactive): Input[0]
                                          └─ 72 (V = 0, inactive): Input[0]
                                                 └─ 145 (V = 4, inactive): Input[4]
                                                 └─ 146 (V = 5, inactive): Input[5]
                                   └─ 36 (V = 16, inactive): Op[4] (arity = 1)
                                          └─ 73 (V = 15, inactive): Op[3] (arity = 2)
                                                 └─ 147 (V = 6, inactive): Input[6]
                                                 └─ 148 (V = 3, inactive): Input[3]
                                          └─ 74 (V = 16, inactive): Op[4] (arity = 1)
                                                 └─ 149 (V = 1, inactive): Input[1]
                                                 └─ 150 (V = 7, inactive): Input[7]
                            └─ 18 (V = 17, inactive): Op[5] (arity = 1)
                                   └─ 37 (V = 7, inactive): Input[7]
                                          └─ 75 (V = 17, inactive): Op[5] (arity = 1)
                                                 └─ 151 (V = 0, inactive): Input[0]
                                                 └─ 152 (V = 5, inactive): Input[5]
                                          └─ 76 (V = 19, inactive): Op[7] (arity = 1)
                                                 └─ 153 (V = 9, inactive): Constant[0] -> -3.96141
                                                 └─ 154 (V = 8, inactive): Input[8]
                                   └─ 38 (V = 12, inactive): Op[0] (arity = 2)
                                          └─ 77 (V = 12, inactive): Op[0] (arity = 2)
                                                 └─ 155 (V = 3, inactive): Input[3]
                                                 └─ 156 (V = 8, inactive): Input[8]
                                          └─ 78 (V = 12, inactive): Op[0] (arity = 2)
                                                 └─ 157 (V = 6, inactive): Input[6]
                                                 └─ 158 (V = 3, inactive): Input[3]
              └─ 4 (V = 13, active): Op[1] (arity = 2)
                     └─ 9 (V = 0, active): Input[0]
                            └─ 19 (V = 16, inactive): Op[4] (arity = 1)
                                   └─ 39 (V = 16, inactive): Op[4] (arity = 1)
                                          └─ 79 (V = 12, inactive): Op[0] (arity = 2)
                                                 └─ 159 (V = 0, inactive): Input[0]
                                                 └─ 160 (V = 0, inactive): Input[0]
                                          └─ 80 (V = 14, inactive): Op[2] (arity = 2)
                                                 └─ 161 (V = 6, inactive): Input[6]
                                                 └─ 162 (V = 3, inactive): Input[3]
                                   └─ 40 (V = 0, inactive): Input[0]
                                          └─ 81 (V = 12, inactive): Op[0] (arity = 2)
                                                 └─ 163 (V = 1, inactive): Input[1]
                                                 └─ 164 (V = 1, inactive): Input[1]
                                          └─ 82 (V = 17, inactive): Op[5] (arity = 1)
                                                 └─ 165 (V = 1, inactive): Input[1]
                                                 └─ 166 (V = 9, inactive): Constant[0] -> -5.15295
                            └─ 20 (V = 7, inactive): Input[7]
                                   └─ 41 (V = 5, inactive): Input[5]
                                          └─ 83 (V = 5, inactive): Input[5]
                                                 └─ 167 (V = 0, inactive): Input[0]
                                                 └─ 168 (V = 6, inactive): Input[6]
                                          └─ 84 (V = 0, inactive): Input[0]
                                                 └─ 169 (V = 6, inactive): Input[6]
                                                 └─ 170 (V = 7, inactive): Input[7]
                                   └─ 42 (V = 18, inactive): Op[6] (arity = 1)
                                          └─ 85 (V = 19, inactive): Op[7] (arity = 1)
                                                 └─ 171 (V = 0, inactive): Input[0]
                                                 └─ 172 (V = 8, inactive): Input[8]
                                          └─ 86 (V = 2, inactive): Input[2]
                                                 └─ 173 (V = 5, inactive): Input[5]
                                                 └─ 174 (V = 5, inactive): Input[5]
                     └─ 10 (V = 17, active): Op[5] (arity = 1)
                            └─ 21 (V = 6, active): Input[6]
                                   └─ 43 (V = 16, inactive): Op[4] (arity = 1)
                                          └─ 87 (V = 19, inactive): Op[7] (arity = 1)
                                                 └─ 175 (V = 3, inactive): Input[3]
                                                 └─ 176 (V = 3, inactive): Input[3]
                                          └─ 88 (V = 16, inactive): Op[4] (arity = 1)
                                                 └─ 177 (V = 7, inactive): Input[7]
                                                 └─ 178 (V = 2, inactive): Input[2]
                                   └─ 44 (V = 19, inactive): Op[7] (arity = 1)
                                          └─ 89 (V = 0, inactive): Input[0]
                                                 └─ 179 (V = 8, inactive): Input[8]
                                                 └─ 180 (V = 8, inactive): Input[8]
                                          └─ 90 (V = 7, inactive): Input[7]
                                                 └─ 181 (V = 4, inactive): Input[4]
                                                 └─ 182 (V = 0, inactive): Input[0]
                            └─ 22 (V = 19, inactive): Op[7] (arity = 1)
                                   └─ 45 (V = 18, inactive): Op[6] (arity = 1)
                                          └─ 91 (V = 2, inactive): Input[2]
                                                 └─ 183 (V = 8, inactive): Input[8]
                                                 └─ 184 (V = 0, inactive): Input[0]
                                          └─ 92 (V = 17, inactive): Op[5] (arity = 1)
                                                 └─ 185 (V = 1, inactive): Input[1]
                                                 └─ 186 (V = 3, inactive): Input[3]
                                   └─ 46 (V = 18, inactive): Op[6] (arity = 1)
                                          └─ 93 (V = 0, inactive): Input[0]
                                                 └─ 187 (V = 4, inactive): Input[4]
                                                 └─ 188 (V = 1, inactive): Input[1]
                                          └─ 94 (V = 12, inactive): Op[0] (arity = 2)
                                                 └─ 189 (V = 4, inactive): Input[4]
                                                 └─ 190 (V = 2, inactive): Input[2]
       └─ 2 (V = 13, inactive): Op[1] (arity = 2)
              └─ 5 (V = 14, inactive): Op[2] (arity = 2)
                     └─ 11 (V = 15, inactive): Op[3] (arity = 2)
                            └─ 23 (V = 1, inactive): Input[1]
                                   └─ 47 (V = 14, inactive): Op[2] (arity = 2)
                                          └─ 95 (V = 13, inactive): Op[1] (arity = 2)
                                                 └─ 191 (V = 1, inactive): Input[1]
                                                 └─ 192 (V = 8, inactive): Input[8]
                                          └─ 96 (V = 19, inactive): Op[7] (arity = 1)
                                                 └─ 193 (V = 0, inactive): Input[0]
                                                 └─ 194 (V = 2, inactive): Input[2]
                                   └─ 48 (V = 14, inactive): Op[2] (arity = 2)
                                          └─ 97 (V = 13, inactive): Op[1] (arity = 2)
                                                 └─ 195 (V = 3, inactive): Input[3]
                                                 └─ 196 (V = 9, inactive): Constant[0] -> 2.1855
                                          └─ 98 (V = 19, inactive): Op[7] (arity = 1)
                                                 └─ 197 (V = 3, inactive): Input[3]
                                                 └─ 198 (V = 9, inactive): Constant[0] -> -0.904397
                            └─ 24 (V = 18, inactive): Op[6] (arity = 1)
                                   └─ 49 (V = 6, inactive): Input[6]
                                          └─ 99 (V = 17, inactive): Op[5] (arity = 1)
                                                 └─ 199 (V = 8, inactive): Input[8]
                                                 └─ 200 (V = 2, inactive): Input[2]
                                          └─ 100 (V = 17, inactive): Op[5] (arity = 1)
                                                 └─ 201 (V = 1, inactive): Input[1]
                                                 └─ 202 (V = 2, inactive): Input[2]
                                   └─ 50 (V = 16, inactive): Op[4] (arity = 1)
                                          └─ 101 (V = 13, inactive): Op[1] (arity = 2)
                                                 └─ 203 (V = 6, inactive): Input[6]
                                                 └─ 204 (V = 0, inactive): Input[0]
                                          └─ 102 (V = 1, inactive): Input[1]
                                                 └─ 205 (V = 0, inactive): Input[0]
                                                 └─ 206 (V = 6, inactive): Input[6]
                     └─ 12 (V = 14, inactive): Op[2] (arity = 2)
                            └─ 25 (V = 17, inactive): Op[5] (arity = 1)
                                   └─ 51 (V = 4, inactive): Input[4]
                                          └─ 103 (V = 12, inactive): Op[0] (arity = 2)
                                                 └─ 207 (V = 6, inactive): Input[6]
                                                 └─ 208 (V = 8, inactive): Input[8]
                                          └─ 104 (V = 1, inactive): Input[1]
                                                 └─ 209 (V = 5, inactive): Input[5]
                                                 └─ 210 (V = 9, inactive): Constant[0] -> 2.42274
                                   └─ 52 (V = 3, inactive): Input[3]
                                          └─ 105 (V = 13, inactive): Op[1] (arity = 2)
                                                 └─ 211 (V = 3, inactive): Input[3]
                                                 └─ 212 (V = 5, inactive): Input[5]
                                          └─ 106 (V = 17, inactive): Op[5] (arity = 1)
                                                 └─ 213 (V = 9, inactive): Constant[0] -> -4.46298
                                                 └─ 214 (V = 6, inactive): Input[6]
                            └─ 26 (V = 16, inactive): Op[4] (arity = 1)
                                   └─ 53 (V = 19, inactive): Op[7] (arity = 1)
                                          └─ 107 (V = 12, inactive): Op[0] (arity = 2)
                                                 └─ 215 (V = 2, inactive): Input[2]
                                                 └─ 216 (V = 1, inactive): Input[1]
                                          └─ 108 (V = 12, inactive): Op[0] (arity = 2)
                                                 └─ 217 (V = 7, inactive): Input[7]
                                                 └─ 218 (V = 4, inactive): Input[4]
                                   └─ 54 (V = 3, inactive): Input[3]
                                          └─ 109 (V = 1, inactive): Input[1]
                                                 └─ 219 (V = 9, inactive): Constant[0] -> -0.597804
                                                 └─ 220 (V = 1, inactive): Input[1]
                                          └─ 110 (V = 9, inactive): Constant[0] -> 6.08322
                                                 └─ 221 (V = 9, inactive): Constant[0] -> 1.484
                                                 └─ 222 (V = 8, inactive): Input[8]
              └─ 6 (V = 17, inactive): Op[5] (arity = 1)
                     └─ 13 (V = 15, inactive): Op[3] (arity = 2)
                            └─ 27 (V = 2, inactive): Input[2]
                                   └─ 55 (V = 16, inactive): Op[4] (arity = 1)
                                          └─ 111 (V = 19, inactive): Op[7] (arity = 1)
                                                 └─ 223 (V = 2, inactive): Input[2]
                                                 └─ 224 (V = 4, inactive): Input[4]
                                          └─ 112 (V = 6, inactive): Input[6]
                                                 └─ 225 (V = 3, inactive): Input[3]
                                                 └─ 226 (V = 4, inactive): Input[4]
                                   └─ 56 (V = 5, inactive): Input[5]
                                          └─ 113 (V = 18, inactive): Op[6] (arity = 1)
                                                 └─ 227 (V = 1, inactive): Input[1]
                                                 └─ 228 (V = 0, inactive): Input[0]
                                          └─ 114 (V = 19, inactive): Op[7] (arity = 1)
                                                 └─ 229 (V = 1, inactive): Input[1]
                                                 └─ 230 (V = 6, inactive): Input[6]
                            └─ 28 (V = 5, inactive): Input[5]
                                   └─ 57 (V = 8, inactive): Input[8]
                                          └─ 115 (V = 13, inactive): Op[1] (arity = 2)
                                                 └─ 231 (V = 4, inactive): Input[4]
                                                 └─ 232 (V = 6, inactive): Input[6]
                                          └─ 116 (V = 1, inactive): Input[1]
                                                 └─ 233 (V = 5, inactive): Input[5]
                                                 └─ 234 (V = 3, inactive): Input[3]
                                   └─ 58 (V = 13, inactive): Op[1] (arity = 2)
                                          └─ 117 (V = 15, inactive): Op[3] (arity = 2)
                                                 └─ 235 (V = 3, inactive): Input[3]
                                                 └─ 236 (V = 4, inactive): Input[4]
                                          └─ 118 (V = 8, inactive): Input[8]
                                                 └─ 237 (V = 9, inactive): Constant[0] -> 1.75195
                                                 └─ 238 (V = 5, inactive): Input[5]
                     └─ 14 (V = 18, inactive): Op[6] (arity = 1)
                            └─ 29 (V = 2, inactive): Input[2]
                                   └─ 59 (V = 13, inactive): Op[1] (arity = 2)
                                          └─ 119 (V = 16, inactive): Op[4] (arity = 1)
                                                 └─ 239 (V = 4, inactive): Input[4]
                                                 └─ 240 (V = 5, inactive): Input[5]
                                          └─ 120 (V = 19, inactive): Op[7] (arity = 1)
                                                 └─ 241 (V = 0, inactive): Input[0]
                                                 └─ 242 (V = 9, inactive): Constant[0] -> 1.44119
                                   └─ 60 (V = 14, inactive): Op[2] (arity = 2)
                                          └─ 121 (V = 13, inactive): Op[1] (arity = 2)
                                                 └─ 243 (V = 3, inactive): Input[3]
                                                 └─ 244 (V = 6, inactive): Input[6]
                                          └─ 122 (V = 0, inactive): Input[0]
                                                 └─ 245 (V = 3, inactive): Input[3]
                                                 └─ 246 (V = 4, inactive): Input[4]
                            └─ 30 (V = 19, inactive): Op[7] (arity = 1)
                                   └─ 61 (V = 18, inactive): Op[6] (arity = 1)
                                          └─ 123 (V = 16, inactive): Op[4] (arity = 1)
                                                 └─ 247 (V = 9, inactive): Constant[0] -> 2.68587
                                                 └─ 248 (V = 8, inactive): Input[8]
                                          └─ 124 (V = 16, inactive): Op[4] (arity = 1)
                                                 └─ 249 (V = 7, inactive): Input[7]
                                                 └─ 250 (V = 9, inactive): Constant[0] -> 3.43733
                                   └─ 62 (V = 13, inactive): Op[1] (arity = 2)
                                          └─ 125 (V = 18, inactive): Op[6] (arity = 1)
                                                 └─ 251 (V = 9, inactive): Constant[0] -> 4.19487
                                                 └─ 252 (V = 3, inactive): Input[3]
                                          └─ 126 (V = 5, inactive): Input[5]
                                                 └─ 253 (V = 7, inactive): Input[7]
                                                 └─ 254 (V = 3, inactive): Input[3]
","cos((sin((x0 + x5)) - (x0 - cos(x6))))",3.27744,"[3.27744]",0
Running,71760,2,2.002224879,1.61890816,0.383316719,1024,3,modular_1,single_kernel_inplace,1024,666,9,2,7,modular,0,0,3324115916,4.1594454033974815,3324115916,"[15,11,11,14,11,12,15,10,16,0,15,13,12,13,16,0,5,16,15,14,7,6,17,1,16,15,14,2,5,2,17,15,10,10,7,1,14,7,10,14,0,5,16,14,17,16,16,12,12,6,14,4,3,17,3,14,5,8,11,11,12,16,11,15,15,7,2,10,12,10,17,8,0,13,14,15,17,10,10,10,12,10,15,5,0,17,2,17,14,0,7,2,15,0,10,11,17,11,17,15,15,11,1,10,1,11,15,10,10,1,9,17,6,16,17,11,1,13,8,14,17,11,0,14,14,16,5,6,2,0,5,5,6,3,0,2,5,7,3,1,9,4,9,1,0,4,5,6,3,1,7,0,5,9,8,3,8,6,3,0,0,6,3,1,1,1,9,0,6,6,7,0,8,5,5,3,3,7,2,8,8,4,0,8,0,1,3,4,1,4,2,1,8,0,2,3,9,3,9,8,2,1,2,6,0,0,6,6,8,5,9,3,5,9,6,2,1,7,4,9,1,9,8,2,4,3,4,1,0,1,6,4,6,5,3,3,4,9,5,4,5,0,9,3,6,3,4,9,8,7,9,9,3,7,3]","[1,1,0,1,1,0,0,1,0,1,1,0,0,0,0,1,1,0,0,0,0,1,0,0,0,0,0,0,0,0,0,0,0,0,0,0,0,0,0,0,0,0,0,0,0,0,0,0,0,0,0,0,0,0,0,0,0,0,0,0,0,0,0,0,0,0,0,0,0,0,0,0,0,0,0,0,0,0,0,0,0,0,0,0,0,0,0,0,0,0,0,0,0,0,0,0,0,0,0,0,0,0,0,0,0,0,0,0,0,0,0,0,0,0,0,0,0,0,0,0,0,0,0,0,0,0,0,0,0,0,0,0,0,0,0,0,0,0,0,0,0,0,0,0,0,0,0,0,0,0,0,0,0,0,0,0,0,0,0,0,0,0,0,0,0,0,0,0,0,0,0,0,0,0,0,0,0,0,0,0,0,0,0,0,0,0,0,0,0,0,0,0,0,0,0,0,0,0,0,0,0,0,0,0,0,0,0,0,0,0,0,0,0,0,0,0,0,0,0,0,0,0,0,0,0,0,0,0,0,0,0,0,0,0,0,0,0,0,0,0,0,0,0,0,0,0,0,0,0,0,0,0,0,0,0]","[0.0206878,-0.845788,2.88572,1.61602,0.975812,4.32804,4.36004,2.28526,-3.8885,-2.15091,-0.612813,4.21012,0.417862,-4.43753,-4.72796,2.19047,3.05634,0.400116,-0.389244,1.2063,5.46301,5.51172,5.72823,4.32474,0.512334,-1.55558,2.55851,4.36316,1.20261,1.66468,-1.31533,2.10562,-2.30315,-3.34984,-2.01563,0.0567434,0.00876275,0.614206,-6.02957,3.84648,1.25511,-2.52431,4.75341,3.62545,3.45015,-2.23423,4.95879,4.79607,4.01691,-0.741275,5.71256,4.10841,-0.193895,5.86212,-3.96026,5.41378,2.63432,-1.95221,5.28219,3.64235,2.42989,1.48403,3.50099,4.27462,-2.51406,0.805231,-1.22382,-2.85487,-3.23029,-3.02446,-3.90035,3.20093,-2.17258,0.153102,-1.34923,1.50119,-2.61352,1.85231,4.24259,4.56413,-3.34034,0.622958,5.96573,-0.0885447,-4.79711,-4.28242,3.77757,-5.02349,-2.7666,3.98054,-4.32028,4.81151,-0.654845,-5.89344,1.97131,-5.96945,-4.53155,4.40497,-5.01427,3.82327,1.80364,5.55863,0.504791,4.31154,5.65149,5.59792,2.43323,4.55919,-1.67456,-5.37822,6.08322,0.589698,-3.41701,-4.91596,-0.697675,1.76483,0.918275,5.29649,-2.16701,-1.1431,1.35455,0.810001,5.18854,4.39419,1.46669,3.65685,3.04069,-5.61765,-5.13747,-0.4292,1.97584,-3.64817,-4.16391,-1.92434,2.80233,-3.58041,4.41212,-4.50543,6.01897,2.97434,0.799054,2.7499,1.69403,-4.29734,3.57216,-1.32213,5.7454,-0.212912,-3.49907,-1.77599,5.74865,2.11924,-2.0645,-3.96141,-2.13704,3.24886,0.705069,-5.38209,5.76609,5.11676,-5.73713,3.31007,3.6037,4.81005,2.99006,-1.93954,-5.15295,5.95975,-3.80589,-4.51118,-2.99245,5.52416,1.52619,-3.77515,1.70781,-2.40112,-2.58879,-4.18031,4.4249,-0.909984,4.82816,4.83512,4.47262,-1.03256,-4.32328,-4.93802,-1.95329,-3.4293,-3.65145,-3.19298,4.26209,-0.292252,2.42431,2.52068,-0.395176,0.413875,2.1855,3.22349,-0.904397,-3.49015,1.58933,5.12593,2.41712,4.55491,-5.42231,4.0383,-3.18531,3.72023,-5.14264,3.21169,2.42274,-5.18659,-1.87198,-4.46298,-4.42046,3.32695,5.29341,-3.39343,0.987649,-0.597804,3.24196,1.484,1.42131,-0.471612,5.07294,3.72844,-5.12243,2.78927,0.420084,-4.42209,4.95253,5.84223,-2.55906,1.74408,-3.30619,-3.76097,-4.95281,1.75195,-2.16136,3.33433,1.36681,-5.76779,1.44119,0.0913388,-2.88347,-1.21014,2.04446,2.68587,2.93882,3.98419,3.43733,4.19487,3.28006,-4.2168,0.387051]","[0,0,0,0,0,0,0,0,0,0,0,0,0,0,0,0,0,0,0,0,0,0,0,0,0,0,0,0,0,0,0,0,0,0,0,0,0,0,0,0,0,0,0,0,0,0,0,0,0,0,0,0,0,0,0,0,0,0,0,0,0,0,0,0,0,0,0,0,0,0,0,0,0,0,0,0,0,0,0,0,0,0,0,0,0,0,0,0,0,0,0,0,0,0,0,0,0,0,0,0,0,0,0,0,0,0,0,0,0,0,0,0,0,0,0,0,0,0,0,0,0,0,0,0,0,0,0,0,0,0,0,0,0,0,0,0,0,0,0,0,0,0,0,0,0,0,0,0,0,0,0,0,0,0,0,0,0,0,0,0,0,0,0,0,0,0,0,0,0,0,0,0,0,0,0,0,0,0,0,0,0,0,0,0,0,0,0,0,0,0,0,0,0,0,0,0,0,0,0,0,0,0,0,0,0,0,0,0,0,0,0,0,0,0,0,0,0,0,0,0,0,0,0,0,0,0,0,0,0,0,0,0,0,0,0,0,0,0,0,0,0,0,0,0,0,0,0,0,0,0,0,0,0,0,0]","Output
└─ 0 (V = 17, active): Op[5] (arity = 1)
       └─ 1 (V = 13, active): Op[1] (arity = 2)
              └─ 3 (V = 16, active): Op[4] (arity = 1)
                     └─ 7 (V = 12, active): Op[0] (arity = 2)
                            └─ 15 (V = 0, active): Input[0]
                                   └─ 31 (V = 17, inactive): Op[5] (arity = 1)
                                          └─ 63 (V = 17, inactive): Op[5] (arity = 1)
                                                 └─ 127 (V = 6, inactive): Input[6]
                                                 └─ 128 (V = 2, inactive): Input[2]
                                          └─ 64 (V = 17, inactive): Op[5] (arity = 1)
                                                 └─ 129 (V = 0, inactive): Input[0]
                                                 └─ 130 (V = 5, inactive): Input[5]
                                   └─ 32 (V = 12, inactive): Op[0] (arity = 2)
                                          └─ 65 (V = 7, inactive): Input[7]
                                                 └─ 131 (V = 5, inactive): Input[5]
                                                 └─ 132 (V = 6, inactive): Input[6]
                                          └─ 66 (V = 2, inactive): Input[2]
                                                 └─ 133 (V = 3, inactive): Input[3]
                                                 └─ 134 (V = 0, inactive): Input[0]
                            └─ 16 (V = 5, active): Input[5]
                                   └─ 33 (V = 12, inactive): Op[0] (arity = 2)
                                          └─ 67 (V = 12, inactive): Op[0] (arity = 2)
                                                 └─ 135 (V = 2, inactive): Input[2]
                                                 └─ 136 (V = 5, inactive): Input[5]
                                          └─ 68 (V = 14, inactive): Op[2] (arity = 2)
                                                 └─ 137 (V = 7, inactive): Input[7]
                                                 └─ 138 (V = 3, inactive): Input[3]
                                   └─ 34 (V = 7, inactive): Input[7]
                                          └─ 69 (V = 12, inactive): Op[0] (arity = 2)
                                                 └─ 139 (V = 1, inactive): Input[1]
                                                 └─ 140 (V = 9, inactive): Constant[0] -> 0.799054
                                          └─ 70 (V = 19, inactive): Op[7] (arity = 1)
                                                 └─ 141 (V = 4, inactive): Input[4]
                                                 └─ 142 (V = 9, inactive): Constant[0] -> 1.69403
                     └─ 8 (V = 18, inactive): Op[6] (arity = 1)
                            └─ 17 (V = 18, inactive): Op[6] (arity = 1)
                                   └─ 35 (V = 1, inactive): Input[1]
                                          └─ 71 (V = 8, inactive): Input[8]
                                                 └─ 143 (V = 1, inactive): Input[1]
                                                 └─ 144 (V = 0, inactive): Input[0]
                                          └─ 72 (V = 0, inactive): Input[0]
                                                 └─ 145 (V = 4, inactive): Input[4]
                                                 └─ 146 (V = 5, inactive): Input[5]
                                   └─ 36 (V = 16, inactive): Op[4] (arity = 1)
                                          └─ 73 (V = 15, inactive): Op[3] (arity = 2)
                                                 └─ 147 (V = 6, inactive): Input[6]
                                                 └─ 148 (V = 3, inactive): Input[3]
                                          └─ 74 (V = 16, inactive): Op[4] (arity = 1)
                                                 └─ 149 (V = 1, inactive): Input[1]
                                                 └─ 150 (V = 7, inactive): Input[7]
                            └─ 18 (V = 17, inactive): Op[5] (arity = 1)
                                   └─ 37 (V = 7, inactive): Input[7]
                                          └─ 75 (V = 17, inactive): Op[5] (arity = 1)
                                                 └─ 151 (V = 0, inactive): Input[0]
                                                 └─ 152 (V = 5, inactive): Input[5]
                                          └─ 76 (V = 19, inactive): Op[7] (arity = 1)
                                                 └─ 153 (V = 9, inactive): Constant[0] -> -3.96141
                                                 └─ 154 (V = 8, inactive): Input[8]
                                   └─ 38 (V = 12, inactive): Op[0] (arity = 2)
                                          └─ 77 (V = 12, inactive): Op[0] (arity = 2)
                                                 └─ 155 (V = 3, inactive): Input[3]
                                                 └─ 156 (V = 8, inactive): Input[8]
                                          └─ 78 (V = 12, inactive): Op[0] (arity = 2)
                                                 └─ 157 (V = 6, inactive): Input[6]
                                                 └─ 158 (V = 3, inactive): Input[3]
              └─ 4 (V = 13, active): Op[1] (arity = 2)
                     └─ 9 (V = 0, active): Input[0]
                            └─ 19 (V = 16, inactive): Op[4] (arity = 1)
                                   └─ 39 (V = 16, inactive): Op[4] (arity = 1)
                                          └─ 79 (V = 12, inactive): Op[0] (arity = 2)
                                                 └─ 159 (V = 0, inactive): Input[0]
                                                 └─ 160 (V = 0, inactive): Input[0]
                                          └─ 80 (V = 14, inactive): Op[2] (arity = 2)
                                                 └─ 161 (V = 6, inactive): Input[6]
                                                 └─ 162 (V = 3, inactive): Input[3]
                                   └─ 40 (V = 0, inactive): Input[0]
                                          └─ 81 (V = 12, inactive): Op[0] (arity = 2)
                                                 └─ 163 (V = 1, inactive): Input[1]
                                                 └─ 164 (V = 1, inactive): Input[1]
                                          └─ 82 (V = 17, inactive): Op[5] (arity = 1)
                                                 └─ 165 (V = 1, inactive): Input[1]
                                                 └─ 166 (V = 9, inactive): Constant[0] -> -5.15295
                            └─ 20 (V = 7, inactive): Input[7]
                                   └─ 41 (V = 5, inactive): Input[5]
                                          └─ 83 (V = 5, inactive): Input[5]
                                                 └─ 167 (V = 0, inactive): Input[0]
                                                 └─ 168 (V = 6, inactive): Input[6]
                                          └─ 84 (V = 0, inactive): Input[0]
                                                 └─ 169 (V = 6, inactive): Input[6]
                                                 └─ 170 (V = 7, inactive): Input[7]
                                   └─ 42 (V = 18, inactive): Op[6] (arity = 1)
                                          └─ 85 (V = 19, inactive): Op[7] (arity = 1)
                                                 └─ 171 (V = 0, inactive): Input[0]
                                                 └─ 172 (V = 8, inactive): Input[8]
                                          └─ 86 (V = 2, inactive): Input[2]
                                                 └─ 173 (V = 5, inactive): Input[5]
                                                 └─ 174 (V = 5, inactive): Input[5]
                     └─ 10 (V = 17, active): Op[5] (arity = 1)
                            └─ 21 (V = 6, active): Input[6]
                                   └─ 43 (V = 16, inactive): Op[4] (arity = 1)
                                          └─ 87 (V = 19, inactive): Op[7] (arity = 1)
                                                 └─ 175 (V = 3, inactive): Input[3]
                                                 └─ 176 (V = 3, inactive): Input[3]
                                          └─ 88 (V = 16, inactive): Op[4] (arity = 1)
                                                 └─ 177 (V = 7, inactive): Input[7]
                                                 └─ 178 (V = 2, inactive): Input[2]
                                   └─ 44 (V = 19, inactive): Op[7] (arity = 1)
                                          └─ 89 (V = 0, inactive): Input[0]
                                                 └─ 179 (V = 8, inactive): Input[8]
                                                 └─ 180 (V = 8, inactive): Input[8]
                                          └─ 90 (V = 7, inactive): Input[7]
                                                 └─ 181 (V = 4, inactive): Input[4]
                                                 └─ 182 (V = 0, inactive): Input[0]
                            └─ 22 (V = 19, inactive): Op[7] (arity = 1)
                                   └─ 45 (V = 18, inactive): Op[6] (arity = 1)
                                          └─ 91 (V = 2, inactive): Input[2]
                                                 └─ 183 (V = 8, inactive): Input[8]
                                                 └─ 184 (V = 0, inactive): Input[0]
                                          └─ 92 (V = 17, inactive): Op[5] (arity = 1)
                                                 └─ 185 (V = 1, inactive): Input[1]
                                                 └─ 186 (V = 3, inactive): Input[3]
                                   └─ 46 (V = 18, inactive): Op[6] (arity = 1)
                                          └─ 93 (V = 0, inactive): Input[0]
                                                 └─ 187 (V = 4, inactive): Input[4]
                                                 └─ 188 (V = 1, inactive): Input[1]
                                          └─ 94 (V = 12, inactive): Op[0] (arity = 2)
                                                 └─ 189 (V = 4, inactive): Input[4]
                                                 └─ 190 (V = 2, inactive): Input[2]
       └─ 2 (V = 13, inactive): Op[1] (arity = 2)
              └─ 5 (V = 14, inactive): Op[2] (arity = 2)
                     └─ 11 (V = 15, inactive): Op[3] (arity = 2)
                            └─ 23 (V = 1, inactive): Input[1]
                                   └─ 47 (V = 14, inactive): Op[2] (arity = 2)
                                          └─ 95 (V = 13, inactive): Op[1] (arity = 2)
                                                 └─ 191 (V = 1, inactive): Input[1]
                                                 └─ 192 (V = 8, inactive): Input[8]
                                          └─ 96 (V = 19, inactive): Op[7] (arity = 1)
                                                 └─ 193 (V = 0, inactive): Input[0]
                                                 └─ 194 (V = 2, inactive): Input[2]
                                   └─ 48 (V = 14, inactive): Op[2] (arity = 2)
                                          └─ 97 (V = 13, inactive): Op[1] (arity = 2)
                                                 └─ 195 (V = 3, inactive): Input[3]
                                                 └─ 196 (V = 9, inactive): Constant[0] -> 2.1855
                                          └─ 98 (V = 19, inactive): Op[7] (arity = 1)
                                                 └─ 197 (V = 3, inactive): Input[3]
                                                 └─ 198 (V = 9, inactive): Constant[0] -> -0.904397
                            └─ 24 (V = 18, inactive): Op[6] (arity = 1)
                                   └─ 49 (V = 6, inactive): Input[6]
                                          └─ 99 (V = 17, inactive): Op[5] (arity = 1)
                                                 └─ 199 (V = 8, inactive): Input[8]
                                                 └─ 200 (V = 2, inactive): Input[2]
                                          └─ 100 (V = 17, inactive): Op[5] (arity = 1)
                                                 └─ 201 (V = 1, inactive): Input[1]
                                                 └─ 202 (V = 2, inactive): Input[2]
                                   └─ 50 (V = 16, inactive): Op[4] (arity = 1)
                                          └─ 101 (V = 13, inactive): Op[1] (arity = 2)
                                                 └─ 203 (V = 6, inactive): Input[6]
                                                 └─ 204 (V = 0, inactive): Input[0]
                                          └─ 102 (V = 1, inactive): Input[1]
                                                 └─ 205 (V = 0, inactive): Input[0]
                                                 └─ 206 (V = 6, inactive): Input[6]
                     └─ 12 (V = 14, inactive): Op[2] (arity = 2)
                            └─ 25 (V = 17, inactive): Op[5] (arity = 1)
                                   └─ 51 (V = 4, inactive): Input[4]
                                          └─ 103 (V = 12, inactive): Op[0] (arity = 2)
                                                 └─ 207 (V = 6, inactive): Input[6]
                                                 └─ 208 (V = 8, inactive): Input[8]
                                          └─ 104 (V = 1, inactive): Input[1]
                                                 └─ 209 (V = 5, inactive): Input[5]
                                                 └─ 210 (V = 9, inactive): Constant[0] -> 2.42274
                                   └─ 52 (V = 3, inactive): Input[3]
                                          └─ 105 (V = 13, inactive): Op[1] (arity = 2)
                                                 └─ 211 (V = 3, inactive): Input[3]
                                                 └─ 212 (V = 5, inactive): Input[5]
                                          └─ 106 (V = 17, inactive): Op[5] (arity = 1)
                                                 └─ 213 (V = 9, inactive): Constant[0] -> -4.46298
                                                 └─ 214 (V = 6, inactive): Input[6]
                            └─ 26 (V = 16, inactive): Op[4] (arity = 1)
                                   └─ 53 (V = 19, inactive): Op[7] (arity = 1)
                                          └─ 107 (V = 12, inactive): Op[0] (arity = 2)
                                                 └─ 215 (V = 2, inactive): Input[2]
                                                 └─ 216 (V = 1, inactive): Input[1]
                                          └─ 108 (V = 12, inactive): Op[0] (arity = 2)
                                                 └─ 217 (V = 7, inactive): Input[7]
                                                 └─ 218 (V = 4, inactive): Input[4]
                                   └─ 54 (V = 3, inactive): Input[3]
                                          └─ 109 (V = 1, inactive): Input[1]
                                                 └─ 219 (V = 9, inactive): Constant[0] -> -0.597804
                                                 └─ 220 (V = 1, inactive): Input[1]
                                          └─ 110 (V = 9, inactive): Constant[0] -> 6.08322
                                                 └─ 221 (V = 9, inactive): Constant[0] -> 1.484
                                                 └─ 222 (V = 8, inactive): Input[8]
              └─ 6 (V = 17, inactive): Op[5] (arity = 1)
                     └─ 13 (V = 15, inactive): Op[3] (arity = 2)
                            └─ 27 (V = 2, inactive): Input[2]
                                   └─ 55 (V = 16, inactive): Op[4] (arity = 1)
                                          └─ 111 (V = 19, inactive): Op[7] (arity = 1)
                                                 └─ 223 (V = 2, inactive): Input[2]
                                                 └─ 224 (V = 4, inactive): Input[4]
                                          └─ 112 (V = 6, inactive): Input[6]
                                                 └─ 225 (V = 3, inactive): Input[3]
                                                 └─ 226 (V = 4, inactive): Input[4]
                                   └─ 56 (V = 5, inactive): Input[5]
                                          └─ 113 (V = 18, inactive): Op[6] (arity = 1)
                                                 └─ 227 (V = 1, inactive): Input[1]
                                                 └─ 228 (V = 0, inactive): Input[0]
                                          └─ 114 (V = 19, inactive): Op[7] (arity = 1)
                                                 └─ 229 (V = 1, inactive): Input[1]
                                                 └─ 230 (V = 6, inactive): Input[6]
                            └─ 28 (V = 5, inactive): Input[5]
                                   └─ 57 (V = 8, inactive): Input[8]
                                          └─ 115 (V = 13, inactive): Op[1] (arity = 2)
                                                 └─ 231 (V = 4, inactive): Input[4]
                                                 └─ 232 (V = 6, inactive): Input[6]
                                          └─ 116 (V = 1, inactive): Input[1]
                                                 └─ 233 (V = 5, inactive): Input[5]
                                                 └─ 234 (V = 3, inactive): Input[3]
                                   └─ 58 (V = 13, inactive): Op[1] (arity = 2)
                                          └─ 117 (V = 15, inactive): Op[3] (arity = 2)
                                                 └─ 235 (V = 3, inactive): Input[3]
                                                 └─ 236 (V = 4, inactive): Input[4]
                                          └─ 118 (V = 8, inactive): Input[8]
                                                 └─ 237 (V = 9, inactive): Constant[0] -> 1.75195
                                                 └─ 238 (V = 5, inactive): Input[5]
                     └─ 14 (V = 18, inactive): Op[6] (arity = 1)
                            └─ 29 (V = 2, inactive): Input[2]
                                   └─ 59 (V = 13, inactive): Op[1] (arity = 2)
                                          └─ 119 (V = 16, inactive): Op[4] (arity = 1)
                                                 └─ 239 (V = 4, inactive): Input[4]
                                                 └─ 240 (V = 5, inactive): Input[5]
                                          └─ 120 (V = 19, inactive): Op[7] (arity = 1)
                                                 └─ 241 (V = 0, inactive): Input[0]
                                                 └─ 242 (V = 9, inactive): Constant[0] -> 1.44119
                                   └─ 60 (V = 14, inactive): Op[2] (arity = 2)
                                          └─ 121 (V = 13, inactive): Op[1] (arity = 2)
                                                 └─ 243 (V = 3, inactive): Input[3]
                                                 └─ 244 (V = 6, inactive): Input[6]
                                          └─ 122 (V = 0, inactive): Input[0]
                                                 └─ 245 (V = 3, inactive): Input[3]
                                                 └─ 246 (V = 4, inactive): Input[4]
                            └─ 30 (V = 19, inactive): Op[7] (arity = 1)
                                   └─ 61 (V = 18, inactive): Op[6] (arity = 1)
                                          └─ 123 (V = 16, inactive): Op[4] (arity = 1)
                                                 └─ 247 (V = 9, inactive): Constant[0] -> 2.68587
                                                 └─ 248 (V = 8, inactive): Input[8]
                                          └─ 124 (V = 16, inactive): Op[4] (arity = 1)
                                                 └─ 249 (V = 7, inactive): Input[7]
                                                 └─ 250 (V = 9, inactive): Constant[0] -> 3.43733
                                   └─ 62 (V = 13, inactive): Op[1] (arity = 2)
                                          └─ 125 (V = 18, inactive): Op[6] (arity = 1)
                                                 └─ 251 (V = 9, inactive): Constant[0] -> 4.19487
                                                 └─ 252 (V = 3, inactive): Input[3]
                                          └─ 126 (V = 5, inactive): Input[5]
                                                 └─ 253 (V = 7, inactive): Input[7]
                                                 └─ 254 (V = 3, inactive): Input[3]
","cos((sin((x0 + x5)) - (x0 - cos(x6))))",3.27744,"[3.27744]",0
Running,120602,4,3.126929587,2.516976577,0.60995301,1024,5,modular_1,single_kernel_inplace,1024,666,9,2,7,modular,0,0,3324115916,4.1594454033974815,3324115916,"[10,11,16,14,11,9,12,10,17,0,15,17,2,5,9,0,5,13,17,10,16,6,11,17,15,13,9,17,10,17,13,11,10,10,17,15,15,12,13,16,10,14,10,13,9,10,10,14,15,12,11,14,17,5,12,8,15,10,15,10,11,13,11,15,13,12,12,12,0,15,13,2,16,15,13,15,14,10,9,8,17,14,16,4,14,16,7,17,12,13,1,5,5,11,16,11,15,10,9,13,14,8,0,7,13,17,9,8,13,11,10,14,2,13,8,14,11,11,10,11,2,15,10,12,11,1,1,9,1,9,5,1,3,2,2,5,8,7,5,0,5,5,1,4,3,1,5,6,0,8,7,9,2,5,8,1,3,2,3,0,8,0,6,8,2,4,3,0,6,4,1,4,1,6,5,3,3,8,6,0,8,4,9,2,4,8,9,8,2,2,1,1,9,0,3,4,4,4,1,5,3,0,3,9,2,4,2,5,9,2,9,3,2,6,8,6,5,4,8,3,2,1,3,5,3,1,8,3,2,0,6,1,3,0,4,6,1,6,4,0,7,7,0,0,0,4,7,8,2,4,6,5,5,1,7]","[1,1,1,1,1,1,0,1,0,1,1,0,0,0,0,1,1,0,0,0,0,1,0,0,0,0,0,0,0,0,0,0,0,0,0,0,0,0,0,0,0,0,0,0,0,0,0,0,0,0,0,0,0,0,0,0,0,0,0,0,0,0,0,0,0,0,0,0,0,0,0,0,0,0,0,0,0,0,0,0,0,0,0,0,0,0,0,0,0,0,0,0,0,0,0,0,0,0,0,0,0,0,0,0,0,0,0,0,0,0,0,0,0,0,0,0,0,0,0,0,0,0,0,0,0,0,0,0,0,0,0,0,0,0,0,0,0,0,0,0,0,0,0,0,0,0,0,0,0,0,0,0,0,0,0,0,0,0,0,0,0,0,0,0,0,0,0,0,0,0,0,0,0,0,0,0,0,0,0,0,0,0,0,0,0,0,0,0,0,0,0,0,0,0,0,0,0,0,0,0,0,0,0,0,0,0,0,0,0,0,0,0,0,0,0,0,0,0,0,0,0,0,0,0,0,0,0,0,0,0,0,0,0,0,0,0,0,0,0,0,0,0,0,0,0,0,0,0,0,0,0,0,0,0,0]","[-4.93417,-0.845788,1.04072,1.61602,0.975812,2.97832,2.51271,2.28526,-2.16525,-2.15091,-0.612813,1.95841,-4.5628,2.31617,5.55402,1.88445,3.05634,-3.26839,0.501652,-0.37406,-5.87804,-2.66749,-5.36216,-2.74021,-3.35648,-5.66929,2.08951,1.27977,0.593711,0.287669,4.94445,-1.72171,-4.86367,-3.34984,-2.26474,3.73459,1.32141,2.409,-3.55355,-4.67769,-1.52458,2.20164,-1.05446,-1.85136,-4.45476,-3.60791,5.46115,1.98732,-4.22901,2.57034,1.58559,1.96882,0.459863,-0.400292,-2.98922,-0.412571,-4.15759,-3.15289,-1.56046,4.96721,0.832625,3.36917,1.13963,4.27462,-1.13654,-5.58765,-6.06768,-1.38372,-4.26769,5.89919,5.7614,-2.72143,-0.0771454,4.6219,0.52901,-5.05704,-1.37249,-3.09183,4.42419,0.293576,-1.92609,-5.77571,-0.0768477,2.80892,2.25159,1.90599,-2.4178,-5.02349,-2.34249,2.48767,1.16686,-2.26445,-2.86725,4.54857,1.20254,5.53187,1.58194,-3.0652,-3.49633,-3.37565,-4.72165,5.24741,-0.706921,4.43181,6.02552,3.61982,0.742845,-0.694667,-5.18342,-4.53422,-1.15381,0.00465725,-3.12411,-4.28833,5.03228,-4.43711,5.48106,3.00756,-4.13581,-1.83256,1.17309,3.24928,2.77883,-4.49078,-3.38241,-1.77491,5.9902,-2.02357,0.125052,-0.429039,1.72333,-1.76383,-5.22678,-2.89737,-1.90611,3.73128,-1.04225,-4.50543,-2.32714,-1.55781,1.70661,-4.06999,3.4741,3.24365,-3.07933,-4.84874,-4.67867,-0.364834,3.31422,-4.7137,-1.16643,-0.618585,-3.29142,3.44336,0.722386,3.15942,0.0558027,5.71947,-2.66325,-2.5714,-2.02011,-5.624,0.684489,2.54826,-5.68724,-3.30448,2.98697,1.87008,-1.96934,5.91386,-4.63542,0.106105,-1.97462,-3.52213,-1.20005,4.0056,-2.58879,-5.05924,1.17138,-1.16492,2.80998,-4.80381,0.831883,5.36738,-0.597906,1.4627,-0.571406,0.727649,4.55825,5.46751,5.23133,3.94882,-1.2482,5.90571,-0.81582,2.54967,1.04458,0.0853512,3.33594,-5.86855,-0.317209,3.55116,-4.35239,1.21074,3.48187,-0.946375,-1.70912,-3.60812,5.93061,-3.99665,-4.96727,-2.2245,1.01104,-3.65332,0.690071,1.06996,2.51399,-5.16973,-4.51049,-0.390354,2.62437,2.92822,1.76964,0.834226,0.384697,5.9796,4.53739,5.47615,-3.9944,-4.35369,-0.487924,2.45629,0.573626,-3.5293,4.23047,4.81208,3.4458,1.13211,2.86803,0.17782,-2.74657,-0.727258,3.28976,-4.79765,-4.66217,0.0505005,-4.82628,2.14366,1.93453,2.39157,-3.72213,3.73201,-3.11562,1.76363,6.08677]","[0,0,0,0,0,1,0,0,0,0,0,0,0,0,0,0,0,0,0,0,0,0,0,0,0,0,0,0,0,0,0,0,0,0,0,0,0,0,0,0,0,0,0,0,0,0,0,0,0,0,0,0,0,0,0,0,0,0,0,0,0,0,0,0,0,0,0,0,0,0,0,0,0,0,0,0,0,0,0,0,0,0,0,0,0,0,0,0,0,0,0,0,0,0,0,0,0,0,0,0,0,0,0,0,0,0,0,0,0,0,0,0,0,0,0,0,0,0,0,0,0,0,0,0,0,0,0,0,0,0,0,0,0,0,0,0,0,0,0,0,0,0,0,0,0,0,0,0,0,0,0,0,0,0,0,0,0,0,0,0,0,0,0,0,0,0,0,0,0,0,0,0,0,0,0,0,0,0,0,0,0,0,0,0,0,0,0,0,0,0,0,0,0,0,0,0,0,0,0,0,0,0,0,0,0,0,0,0,0,0,0,0,0,0,0,0,0,0,0,0,0,0,0,0,0,0,0,0,0,0,0,0,0,0,0,0,0,0,0,0,0,0,0,0,0,0,0,0,0,0,0,0,0,0,0]","Output
└─ 0 (V = 12, active): Op[0] (arity = 2)
       └─ 1 (V = 13, active): Op[1] (arity = 2)
              └─ 3 (V = 16, active): Op[4] (arity = 1)
                     └─ 7 (V = 12, active): Op[0] (arity = 2)
                            └─ 15 (V = 0, active): Input[0]
                                   └─ 31 (V = 13, inactive): Op[1] (arity = 2)
                                          └─ 63 (V = 17, inactive): Op[5] (arity = 1)
                                                 └─ 127 (V = 9, inactive): Constant[0] -> -2.02357
                                                 └─ 128 (V = 1, inactive): Input[1]
                                          └─ 64 (V = 15, inactive): Op[3] (arity = 2)
                                                 └─ 129 (V = 9, inactive): Constant[0] -> -0.429039
                                                 └─ 130 (V = 5, inactive): Input[5]
                                   └─ 32 (V = 12, inactive): Op[0] (arity = 2)
                                          └─ 65 (V = 14, inactive): Op[2] (arity = 2)
                                                 └─ 131 (V = 1, inactive): Input[1]
                                                 └─ 132 (V = 3, inactive): Input[3]
                                          └─ 66 (V = 14, inactive): Op[2] (arity = 2)
                                                 └─ 133 (V = 2, inactive): Input[2]
                                                 └─ 134 (V = 2, inactive): Input[2]
                            └─ 16 (V = 5, active): Input[5]
                                   └─ 33 (V = 12, inactive): Op[0] (arity = 2)
                                          └─ 67 (V = 14, inactive): Op[2] (arity = 2)
                                                 └─ 135 (V = 5, inactive): Input[5]
                                                 └─ 136 (V = 8, inactive): Input[8]
                                          └─ 68 (V = 0, inactive): Input[0]
                                                 └─ 137 (V = 7, inactive): Input[7]
                                                 └─ 138 (V = 5, inactive): Input[5]
                                   └─ 34 (V = 19, inactive): Op[7] (arity = 1)
                                          └─ 69 (V = 17, inactive): Op[5] (arity = 1)
                                                 └─ 139 (V = 0, inactive): Input[0]
                                                 └─ 140 (V = 5, inactive): Input[5]
                                          └─ 70 (V = 15, inactive): Op[3] (arity = 2)
                                                 └─ 141 (V = 5, inactive): Input[5]
                                                 └─ 142 (V = 1, inactive): Input[1]
                     └─ 8 (V = 19, inactive): Op[7] (arity = 1)
                            └─ 17 (V = 15, inactive): Op[3] (arity = 2)
                                   └─ 35 (V = 17, inactive): Op[5] (arity = 1)
                                          └─ 71 (V = 2, inactive): Input[2]
                                                 └─ 143 (V = 4, inactive): Input[4]
                                                 └─ 144 (V = 3, inactive): Input[3]
                                          └─ 72 (V = 18, inactive): Op[6] (arity = 1)
                                                 └─ 145 (V = 1, inactive): Input[1]
                                                 └─ 146 (V = 5, inactive): Input[5]
                                   └─ 36 (V = 17, inactive): Op[5] (arity = 1)
                                          └─ 73 (V = 17, inactive): Op[5] (arity = 1)
                                                 └─ 147 (V = 6, inactive): Input[6]
                                                 └─ 148 (V = 0, inactive): Input[0]
                                          └─ 74 (V = 15, inactive): Op[3] (arity = 2)
                                                 └─ 149 (V = 8, inactive): Input[8]
                                                 └─ 150 (V = 7, inactive): Input[7]
                            └─ 18 (V = 19, inactive): Op[7] (arity = 1)
                                   └─ 37 (V = 14, inactive): Op[2] (arity = 2)
                                          └─ 75 (V = 17, inactive): Op[5] (arity = 1)
                                                 └─ 151 (V = 9, inactive): Constant[0] -> -0.618585
                                                 └─ 152 (V = 2, inactive): Input[2]
                                          └─ 76 (V = 16, inactive): Op[4] (arity = 1)
                                                 └─ 153 (V = 5, inactive): Input[5]
                                                 └─ 154 (V = 8, inactive): Input[8]
                                   └─ 38 (V = 15, inactive): Op[3] (arity = 2)
                                          └─ 77 (V = 12, inactive): Op[0] (arity = 2)
                                                 └─ 155 (V = 1, inactive): Input[1]
                                                 └─ 156 (V = 3, inactive): Input[3]
                                          └─ 78 (V = 9, inactive): Constant[0] -> 4.42419
                                                 └─ 157 (V = 2, inactive): Input[2]
                                                 └─ 158 (V = 3, inactive): Input[3]
              └─ 4 (V = 13, active): Op[1] (arity = 2)
                     └─ 9 (V = 0, active): Input[0]
                            └─ 19 (V = 12, inactive): Op[0] (arity = 2)
                                   └─ 39 (V = 18, inactive): Op[6] (arity = 1)
                                          └─ 79 (V = 8, inactive): Input[8]
                                                 └─ 159 (V = 0, inactive): Input[0]
                                                 └─ 160 (V = 8, inactive): Input[8]
                                          └─ 80 (V = 19, inactive): Op[7] (arity = 1)
                                                 └─ 161 (V = 0, inactive): Input[0]
                                                 └─ 162 (V = 6, inactive): Input[6]
                                   └─ 40 (V = 12, inactive): Op[0] (arity = 2)
                                          └─ 81 (V = 16, inactive): Op[4] (arity = 1)
                                                 └─ 163 (V = 8, inactive): Input[8]
                                                 └─ 164 (V = 2, inactive): Input[2]
                                          └─ 82 (V = 18, inactive): Op[6] (arity = 1)
                                                 └─ 165 (V = 4, inactive): Input[4]
                                                 └─ 166 (V = 3, inactive): Input[3]
                            └─ 20 (V = 18, inactive): Op[6] (arity = 1)
                                   └─ 41 (V = 16, inactive): Op[4] (arity = 1)
                                          └─ 83 (V = 4, inactive): Input[4]
                                                 └─ 167 (V = 0, inactive): Input[0]
                                                 └─ 168 (V = 6, inactive): Input[6]
                                          └─ 84 (V = 16, inactive): Op[4] (arity = 1)
                                                 └─ 169 (V = 4, inactive): Input[4]
                                                 └─ 170 (V = 1, inactive): Input[1]
                                   └─ 42 (V = 12, inactive): Op[0] (arity = 2)
                                          └─ 85 (V = 18, inactive): Op[6] (arity = 1)
                                                 └─ 171 (V = 4, inactive): Input[4]
                                                 └─ 172 (V = 1, inactive): Input[1]
                                          └─ 86 (V = 7, inactive): Input[7]
                                                 └─ 173 (V = 6, inactive): Input[6]
                                                 └─ 174 (V = 5, inactive): Input[5]
                     └─ 10 (V = 17, active): Op[5] (arity = 1)
                            └─ 21 (V = 6, active): Input[6]
                                   └─ 43 (V = 15, inactive): Op[3] (arity = 2)
                                          └─ 87 (V = 19, inactive): Op[7] (arity = 1)
                                                 └─ 175 (V = 3, inactive): Input[3]
                                                 └─ 176 (V = 3, inactive): Input[3]
                                          └─ 88 (V = 14, inactive): Op[2] (arity = 2)
                                                 └─ 177 (V = 8, inactive): Input[8]
                                                 └─ 178 (V = 6, inactive): Input[6]
                                   └─ 44 (V = 9, inactive): Constant[0] -> -4.45476
                                          └─ 89 (V = 15, inactive): Op[3] (arity = 2)
                                                 └─ 179 (V = 0, inactive): Input[0]
                                                 └─ 180 (V = 8, inactive): Input[8]
                                          └─ 90 (V = 1, inactive): Input[1]
                                                 └─ 181 (V = 4, inactive): Input[4]
                                                 └─ 182 (V = 9, inactive): Constant[0] -> 0.831883
                            └─ 22 (V = 13, inactive): Op[1] (arity = 2)
                                   └─ 45 (V = 12, inactive): Op[0] (arity = 2)
                                          └─ 91 (V = 5, inactive): Input[5]
                                                 └─ 183 (V = 2, inactive): Input[2]
                                                 └─ 184 (V = 4, inactive): Input[4]
                                          └─ 92 (V = 5, inactive): Input[5]
                                                 └─ 185 (V = 8, inactive): Input[8]
                                                 └─ 186 (V = 9, inactive): Constant[0] -> -0.571406
                                   └─ 46 (V = 12, inactive): Op[0] (arity = 2)
                                          └─ 93 (V = 13, inactive): Op[1] (arity = 2)
                                                 └─ 187 (V = 8, inactive): Input[8]
                                                 └─ 188 (V = 2, inactive): Input[2]
                                          └─ 94 (V = 18, inactive): Op[6] (arity = 1)
                                                 └─ 189 (V = 2, inactive): Input[2]
                                                 └─ 190 (V = 1, inactive): Input[1]
       └─ 2 (V = 18, active): Op[6] (arity = 1)
              └─ 5 (V = 9, active): Constant[0] -> 2.97832
                     └─ 11 (V = 19, inactive): Op[7] (arity = 1)
                            └─ 23 (V = 19, inactive): Op[7] (arity = 1)
                                   └─ 47 (V = 16, inactive): Op[4] (arity = 1)
                                          └─ 95 (V = 13, inactive): Op[1] (arity = 2)
                                                 └─ 191 (V = 1, inactive): Input[1]
                                                 └─ 192 (V = 9, inactive): Constant[0] -> -1.2482
                                          └─ 96 (V = 17, inactive): Op[5] (arity = 1)
                                                 └─ 193 (V = 0, inactive): Input[0]
                                                 └─ 194 (V = 3, inactive): Input[3]
                                   └─ 48 (V = 17, inactive): Op[5] (arity = 1)
                                          └─ 97 (V = 12, inactive): Op[0] (arity = 2)
                                                 └─ 195 (V = 4, inactive): Input[4]
                                                 └─ 196 (V = 4, inactive): Input[4]
                                          └─ 98 (V = 9, inactive): Constant[0] -> -3.49633
                                                 └─ 197 (V = 4, inactive): Input[4]
                                                 └─ 198 (V = 1, inactive): Input[1]
                            └─ 24 (V = 17, inactive): Op[5] (arity = 1)
                                   └─ 49 (V = 14, inactive): Op[2] (arity = 2)
                                          └─ 99 (V = 15, inactive): Op[3] (arity = 2)
                                                 └─ 199 (V = 5, inactive): Input[5]
                                                 └─ 200 (V = 3, inactive): Input[3]
                                          └─ 100 (V = 16, inactive): Op[4] (arity = 1)
                                                 └─ 201 (V = 0, inactive): Input[0]
                                                 └─ 202 (V = 3, inactive): Input[3]
                                   └─ 50 (V = 13, inactive): Op[1] (arity = 2)
                                          └─ 101 (V = 8, inactive): Input[8]
                                                 └─ 203 (V = 9, inactive): Constant[0] -> 1.21074
                                                 └─ 204 (V = 2, inactive): Input[2]
                                          └─ 102 (V = 0, inactive): Input[0]
                                                 └─ 205 (V = 4, inactive): Input[4]
                                                 └─ 206 (V = 2, inactive): Input[2]
                     └─ 12 (V = 2, inactive): Input[2]
                            └─ 25 (V = 15, inactive): Op[3] (arity = 2)
                                   └─ 51 (V = 16, inactive): Op[4] (arity = 1)
                                          └─ 103 (V = 7, inactive): Input[7]
                                                 └─ 207 (V = 5, inactive): Input[5]
                                                 └─ 208 (V = 9, inactive): Constant[0] -> 5.93061
                                          └─ 104 (V = 15, inactive): Op[3] (arity = 2)
                                                 └─ 209 (V = 2, inactive): Input[2]
                                                 └─ 210 (V = 9, inactive): Constant[0] -> -4.96727
                                   └─ 52 (V = 19, inactive): Op[7] (arity = 1)
                                          └─ 105 (V = 19, inactive): Op[7] (arity = 1)
                                                 └─ 211 (V = 3, inactive): Input[3]
                                                 └─ 212 (V = 2, inactive): Input[2]
                                          └─ 106 (V = 9, inactive): Constant[0] -> 0.742845
                                                 └─ 213 (V = 6, inactive): Input[6]
                                                 └─ 214 (V = 8, inactive): Input[8]
                            └─ 26 (V = 9, inactive): Constant[0] -> 2.08951
                                   └─ 53 (V = 5, inactive): Input[5]
                                          └─ 107 (V = 8, inactive): Input[8]
                                                 └─ 215 (V = 6, inactive): Input[6]
                                                 └─ 216 (V = 5, inactive): Input[5]
                                          └─ 108 (V = 15, inactive): Op[3] (arity = 2)
                                                 └─ 217 (V = 4, inactive): Input[4]
                                                 └─ 218 (V = 8, inactive): Input[8]
                                   └─ 54 (V = 14, inactive): Op[2] (arity = 2)
                                          └─ 109 (V = 13, inactive): Op[1] (arity = 2)
                                                 └─ 219 (V = 3, inactive): Input[3]
                                                 └─ 220 (V = 2, inactive): Input[2]
                                          └─ 110 (V = 12, inactive): Op[0] (arity = 2)
                                                 └─ 221 (V = 1, inactive): Input[1]
                                                 └─ 222 (V = 3, inactive): Input[3]
              └─ 6 (V = 14, inactive): Op[2] (arity = 2)
                     └─ 13 (V = 5, inactive): Input[5]
                            └─ 27 (V = 19, inactive): Op[7] (arity = 1)
                                   └─ 55 (V = 8, inactive): Input[8]
                                          └─ 111 (V = 16, inactive): Op[4] (arity = 1)
                                                 └─ 223 (V = 5, inactive): Input[5]
                                                 └─ 224 (V = 3, inactive): Input[3]
                                          └─ 112 (V = 2, inactive): Input[2]
                                                 └─ 225 (V = 1, inactive): Input[1]
                                                 └─ 226 (V = 8, inactive): Input[8]
                                   └─ 56 (V = 17, inactive): Op[5] (arity = 1)
                                          └─ 113 (V = 15, inactive): Op[3] (arity = 2)
                                                 └─ 227 (V = 3, inactive): Input[3]
                                                 └─ 228 (V = 2, inactive): Input[2]
                                          └─ 114 (V = 8, inactive): Input[8]
                                                 └─ 229 (V = 0, inactive): Input[0]
                                                 └─ 230 (V = 6, inactive): Input[6]
                            └─ 28 (V = 12, inactive): Op[0] (arity = 2)
                                   └─ 57 (V = 12, inactive): Op[0] (arity = 2)
                                          └─ 115 (V = 16, inactive): Op[4] (arity = 1)
                                                 └─ 231 (V = 1, inactive): Input[1]
                                                 └─ 232 (V = 3, inactive): Input[3]
                                          └─ 116 (V = 13, inactive): Op[1] (arity = 2)
                                                 └─ 233 (V = 0, inactive): Input[0]
                                                 └─ 234 (V = 4, inactive): Input[4]
                                   └─ 58 (V = 17, inactive): Op[5] (arity = 1)
                                          └─ 117 (V = 13, inactive): Op[1] (arity = 2)
                                                 └─ 235 (V = 6, inactive): Input[6]
                                                 └─ 236 (V = 1, inactive): Input[1]
                                          └─ 118 (V = 12, inactive): Op[0] (arity = 2)
                                                 └─ 237 (V = 6, inactive): Input[6]
                                                 └─ 238 (V = 4, inactive): Input[4]
                     └─ 14 (V = 9, inactive): Constant[0] -> 5.55402
                            └─ 29 (V = 19, inactive): Op[7] (arity = 1)
                                   └─ 59 (V = 12, inactive): Op[0] (arity = 2)
                                          └─ 119 (V = 13, inactive): Op[1] (arity = 2)
                                                 └─ 239 (V = 0, inactive): Input[0]
                                                 └─ 240 (V = 7, inactive): Input[7]
                                          └─ 120 (V = 2, inactive): Input[2]
                                                 └─ 241 (V = 7, inactive): Input[7]
                                                 └─ 242 (V = 0, inactive): Input[0]
                                   └─ 60 (V = 13, inactive): Op[1] (arity = 2)
                                          └─ 121 (V = 17, inactive): Op[5] (arity = 1)
                                                 └─ 243 (V = 0, inactive): Input[0]
                                                 └─ 244 (V = 0, inactive): Input[0]
                                          └─ 122 (V = 12, inactive): Op[0] (arity = 2)
                                                 └─ 245 (V = 4, inactive): Input[4]
                                                 └─ 246 (V = 7, inactive): Input[7]
                            └─ 30 (V = 15, inactive): Op[3] (arity = 2)
                                   └─ 61 (V = 15, inactive): Op[3] (arity = 2)
                                          └─ 123 (V = 14, inactive): Op[2] (arity = 2)
                                                 └─ 247 (V = 8, inactive): Input[8]
                                                 └─ 248 (V = 2, inactive): Input[2]
                                          └─ 124 (V = 13, inactive): Op[1] (arity = 2)
                                                 └─ 249 (V = 4, inactive): Input[4]
                                                 └─ 250 (V = 6, inactive): Input[6]
                                   └─ 62 (V = 13, inactive): Op[1] (arity = 2)
                                          └─ 125 (V = 1, inactive): Input[1]
                                                 └─ 251 (V = 5, inactive): Input[5]
                                                 └─ 252 (V = 5, inactive): Input[5]
                                          └─ 126 (V = 1, inactive): Input[1]
                                                 └─ 253 (V = 1, inactive): Input[1]
                                                 └─ 254 (V = 7, inactive): Input[7]
","((sin((x0 + x5)) - (x0 - cos(x6))) + log(2.9783159498701473))",2.99361,"[2.99361]",0
Running,139292,4,3.666136768,2.967729877,0.698406891,1024,5,modular_1,single_kernel_inplace,1024,666,9,2,7,modular,0,0,3324115916,4.1594454033974815,3324115916,"[10,11,16,14,11,9,10,10,17,12,15,17,2,12,9,0,5,17,15,0,17,6,10,5,15,13,14,11,16,9,10,0,11,10,17,10,15,16,14,10,10,12,11,17,16,10,17,14,12,6,15,14,9,10,14,8,15,10,12,12,11,16,11,14,3,12,10,17,1,4,11,15,11,1,14,13,7,10,9,14,11,12,6,1,14,15,5,3,9,10,16,13,12,14,17,6,14,17,10,17,13,12,15,2,11,13,9,8,12,11,11,13,13,13,4,5,12,0,10,12,9,16,4,10,16,0,10,4,3,9,5,1,3,9,4,4,7,4,3,9,9,8,0,3,2,0,5,3,5,0,5,4,9,0,2,1,3,2,3,4,8,5,3,5,1,3,6,3,5,0,9,2,3,8,6,3,8,2,2,0,3,0,0,1,5,1,8,8,1,4,5,7,7,3,6,2,6,5,9,9,2,4,2,6,7,5,2,8,1,2,4,7,8,7,8,3,4,4,3,8,1,5,5,3,5,6,1,3,2,0,3,0,1,5,1,8,0,9,2,1,1,7,0,7,1,2,5,1,1,8,6,8,0,2,7]","[1,1,1,1,1,1,0,1,0,1,1,0,0,0,0,1,1,0,0,1,1,1,0,0,0,0,0,0,0,0,0,0,0,0,0,0,0,0,0,0,0,1,0,0,0,0,0,0,0,0,0,0,0,0,0,0,0,0,0,0,0,0,0,0,0,0,0,0,0,0,0,0,0,0,0,0,0,0,0,0,0,0,0,1,1,0,0,0,0,0,0,0,0,0,0,0,0,0,0,0,0,0,0,0,0,0,0,0,0,0,0,0,0,0,0,0,0,0,0,0,0,0,0,0,0,0,0,0,0,0,0,0,0,0,0,0,0,0,0,0,0,0,0,0,0,0,0,0,0,0,0,0,0,0,0,0,0,0,0,0,0,0,0,0,0,0,0,0,0,1,0,0,0,0,0,0,0,0,0,0,0,0,0,0,0,0,0,0,0,0,0,0,0,0,0,0,0,0,0,0,0,0,0,0,0,0,0,0,0,0,0,0,0,0,0,0,0,0,0,0,0,0,0,0,0,0,0,0,0,0,0,0,0,0,0,0,0,0,0,0,0,0,0,0,0,0,0,0,0,0,0,0,0,0,0]","[-4.93417,-0.845788,1.04072,1.61602,0.975812,2.97832,2.68514,2.28526,-2.16525,-1.46869,-0.612813,1.95841,-4.5628,3.79475,5.55402,1.88445,3.05634,-6.02191,-0.389244,-0.902504,-1.20376,-5.0382,5.67441,5.93063,-4.4267,-5.66929,5.9451,-0.235214,-1.12501,-5.14823,-4.37404,1.5773,6.08334,-3.34984,-2.26474,-4.46526,1.51249,-3.16174,3.99335,1.16019,-3.71706,-2.92751,4.72868,-3.85848,1.49431,-3.60791,1.86134,1.98732,1.31677,-0.741275,-3.25904,1.96882,-1.53305,2.77671,5.83302,-0.412571,-4.15759,-5.01062,-5.75954,-2.41482,4.48545,-4.74682,1.13963,-4.11343,-0.46156,-5.58765,2.03386,-5.0336,4.52866,0.268524,-5.29624,5.11237,-5.92377,-0.267069,-1.34923,-1.87615,-2.9998,-3.09183,4.42419,-1.21234,2.1721,-1.04634,-5.00264,-5.56352,5.94932,0.197581,2.5504,-3.54773,-5.6164,-2.14052,-1.77533,1.63681,3.48823,-5.15402,2.92271,1.33276,4.11454,-3.49189,3.52783,0.402261,2.73749,-3.60121,-3.66358,-5.18869,0.235299,-3.94964,0.742845,-0.694667,1.07559,5.32768,5.38863,2.98746,-2.87237,-4.28833,-4.12876,-1.41417,3.22101,-2.50889,-4.13581,-1.02118,0.890262,-5.11544,1.66965,0.56394,5.7464,1.36199,-1.06856,-1.86714,-0.135245,-0.429039,1.72333,-1.76383,-5.22678,-5.65764,-3.01262,5.5717,-3.91836,3.70677,0.179081,5.84911,0.799054,0.0959333,-4.80312,-4.07714,3.08475,-3.08342,0.688304,-0.347488,-2.72753,1.99183,2.76016,-1.00086,5.89256,-0.432557,-5.17185,3.15942,0.0558027,5.71947,-2.66325,1.30376,5.3723,2.06632,-5.39652,-2.11804,1.16722,2.25628,-0.586254,0.302185,-0.983245,2.45678,2.08876,-6.00037,5.55242,5.97876,-0.558371,1.96398,3.3915,0.283107,-5.42125,-4.76297,-2.9272,1.28301,4.47262,0.455714,-1.3054,-2.13286,6.03247,-3.48414,-3.65145,-1.12439,-5.48016,-1.20648,2.50401,-3.06177,2.60872,-3.48922,-1.8899,-4.64541,-0.904397,-3.16485,5.54629,6.05248,-3.68862,4.06805,4.1294,-3.77159,-2.93772,1.78422,-2.27897,-2.44971,-5.87808,2.44513,4.10382,4.89658,0.690071,-1.72133,-3.2216,-5.16973,3.69627,-4.95265,-2.37017,-1.17523,0.995583,-4.25049,-1.11102,-3.61593,5.6242,5.47615,-3.9944,-4.35369,3.61021,1.70362,2.97643,-2.39631,2.79752,5.23911,1.01441,4.87071,2.00307,1.71007,-5.288,1.48869,3.28976,2.40214,1.02779,4.87518,-0.986088,-2.71136,0.429538,3.48815,-3.72213,-3.7788,-5.49418,2.86586,6.08677]","[0,0,0,0,0,1,0,0,0,0,0,0,0,0,0,0,0,0,0,0,0,0,0,0,0,0,0,0,0,0,0,0,0,0,0,0,0,0,0,0,0,0,0,0,0,0,0,0,0,0,0,0,0,0,0,0,0,0,0,0,0,0,0,0,0,0,0,0,0,0,0,0,0,0,0,0,0,0,0,0,0,0,0,0,0,0,0,0,0,0,0,0,0,0,0,0,0,0,0,0,0,0,0,0,0,0,0,0,0,0,0,0,0,0,0,0,0,0,0,0,0,0,0,0,0,0,0,0,0,0,0,0,0,0,0,0,0,0,0,0,0,0,0,0,0,0,0,0,0,0,0,0,0,0,0,0,0,0,0,0,0,0,0,0,0,0,0,0,0,0,0,0,0,0,0,0,0,0,0,0,0,0,0,0,0,0,0,0,0,0,0,0,0,0,0,0,0,0,0,0,0,0,0,0,0,0,0,0,0,0,0,0,0,0,0,0,0,0,0,0,0,0,0,0,0,0,0,0,0,0,0,0,0,0,0,0,0,0,0,0,0,0,0,0,0,0,0,0,0,0,0,0,0,0,0]","Output
└─ 0 (V = 12, active): Op[0] (arity = 2)
       └─ 1 (V = 13, active): Op[1] (arity = 2)
              └─ 3 (V = 16, active): Op[4] (arity = 1)
                     └─ 7 (V = 12, active): Op[0] (arity = 2)
                            └─ 15 (V = 0, active): Input[0]
                                   └─ 31 (V = 0, inactive): Input[0]
                                          └─ 63 (V = 16, inactive): Op[4] (arity = 1)
                                                 └─ 127 (V = 4, inactive): Input[4]
                                                 └─ 128 (V = 3, inactive): Input[3]
                                          └─ 64 (V = 3, inactive): Input[3]
                                                 └─ 129 (V = 9, inactive): Constant[0] -> -0.429039
                                                 └─ 130 (V = 5, inactive): Input[5]
                                   └─ 32 (V = 13, inactive): Op[1] (arity = 2)
                                          └─ 65 (V = 14, inactive): Op[2] (arity = 2)
                                                 └─ 131 (V = 1, inactive): Input[1]
                                                 └─ 132 (V = 3, inactive): Input[3]
                                          └─ 66 (V = 12, inactive): Op[0] (arity = 2)
                                                 └─ 133 (V = 9, inactive): Constant[0] -> -5.65764
                                                 └─ 134 (V = 4, inactive): Input[4]
                            └─ 16 (V = 5, active): Input[5]
                                   └─ 33 (V = 12, inactive): Op[0] (arity = 2)
                                          └─ 67 (V = 19, inactive): Op[7] (arity = 1)
                                                 └─ 135 (V = 4, inactive): Input[4]
                                                 └─ 136 (V = 7, inactive): Input[7]
                                          └─ 68 (V = 1, inactive): Input[1]
                                                 └─ 137 (V = 4, inactive): Input[4]
                                                 └─ 138 (V = 3, inactive): Input[3]
                                   └─ 34 (V = 19, inactive): Op[7] (arity = 1)
                                          └─ 69 (V = 4, inactive): Input[4]
                                                 └─ 139 (V = 9, inactive): Constant[0] -> 5.84911
                                                 └─ 140 (V = 9, inactive): Constant[0] -> 0.799054
                                          └─ 70 (V = 13, inactive): Op[1] (arity = 2)
                                                 └─ 141 (V = 8, inactive): Input[8]
                                                 └─ 142 (V = 0, inactive): Input[0]
                     └─ 8 (V = 19, inactive): Op[7] (arity = 1)
                            └─ 17 (V = 19, inactive): Op[7] (arity = 1)
                                   └─ 35 (V = 12, inactive): Op[0] (arity = 2)
                                          └─ 71 (V = 17, inactive): Op[5] (arity = 1)
                                                 └─ 143 (V = 3, inactive): Input[3]
                                                 └─ 144 (V = 2, inactive): Input[2]
                                          └─ 72 (V = 13, inactive): Op[1] (arity = 2)
                                                 └─ 145 (V = 0, inactive): Input[0]
                                                 └─ 146 (V = 5, inactive): Input[5]
                                   └─ 36 (V = 17, inactive): Op[5] (arity = 1)
                                          └─ 73 (V = 1, inactive): Input[1]
                                                 └─ 147 (V = 3, inactive): Input[3]
                                                 └─ 148 (V = 5, inactive): Input[5]
                                          └─ 74 (V = 16, inactive): Op[4] (arity = 1)
                                                 └─ 149 (V = 0, inactive): Input[0]
                                                 └─ 150 (V = 5, inactive): Input[5]
                            └─ 18 (V = 17, inactive): Op[5] (arity = 1)
                                   └─ 37 (V = 18, inactive): Op[6] (arity = 1)
                                          └─ 75 (V = 15, inactive): Op[3] (arity = 2)
                                                 └─ 151 (V = 4, inactive): Input[4]
                                                 └─ 152 (V = 9, inactive): Constant[0] -> 5.89256
                                          └─ 76 (V = 7, inactive): Input[7]
                                                 └─ 153 (V = 0, inactive): Input[0]
                                                 └─ 154 (V = 2, inactive): Input[2]
                                   └─ 38 (V = 16, inactive): Op[4] (arity = 1)
                                          └─ 77 (V = 12, inactive): Op[0] (arity = 2)
                                                 └─ 155 (V = 1, inactive): Input[1]
                                                 └─ 156 (V = 3, inactive): Input[3]
                                          └─ 78 (V = 9, inactive): Constant[0] -> 4.42419
                                                 └─ 157 (V = 2, inactive): Input[2]
                                                 └─ 158 (V = 3, inactive): Input[3]
              └─ 4 (V = 13, active): Op[1] (arity = 2)
                     └─ 9 (V = 14, active): Op[2] (arity = 2)
                            └─ 19 (V = 0, active): Input[0]
                                   └─ 39 (V = 12, inactive): Op[0] (arity = 2)
                                          └─ 79 (V = 16, inactive): Op[4] (arity = 1)
                                                 └─ 159 (V = 4, inactive): Input[4]
                                                 └─ 160 (V = 8, inactive): Input[8]
                                          └─ 80 (V = 13, inactive): Op[1] (arity = 2)
                                                 └─ 161 (V = 5, inactive): Input[5]
                                                 └─ 162 (V = 3, inactive): Input[3]
                                   └─ 40 (V = 12, inactive): Op[0] (arity = 2)
                                          └─ 81 (V = 14, inactive): Op[2] (arity = 2)
                                                 └─ 163 (V = 5, inactive): Input[5]
                                                 └─ 164 (V = 1, inactive): Input[1]
                                          └─ 82 (V = 6, inactive): Input[6]
                                                 └─ 165 (V = 3, inactive): Input[3]
                                                 └─ 166 (V = 6, inactive): Input[6]
                            └─ 20 (V = 19, active): Op[7] (arity = 1)
                                   └─ 41 (V = 14, active): Op[2] (arity = 2)
                                          └─ 83 (V = 1, active): Input[1]
                                                 └─ 167 (V = 3, inactive): Input[3]
                                                 └─ 168 (V = 5, inactive): Input[5]
                                          └─ 84 (V = 16, active): Op[4] (arity = 1)
                                                 └─ 169 (V = 0, active): Input[0]
                                                 └─ 170 (V = 9, inactive): Constant[0] -> 2.08876
                                   └─ 42 (V = 13, inactive): Op[1] (arity = 2)
                                          └─ 85 (V = 17, inactive): Op[5] (arity = 1)
                                                 └─ 171 (V = 2, inactive): Input[2]
                                                 └─ 172 (V = 3, inactive): Input[3]
                                          └─ 86 (V = 5, inactive): Input[5]
                                                 └─ 173 (V = 8, inactive): Input[8]
                                                 └─ 174 (V = 6, inactive): Input[6]
                     └─ 10 (V = 17, active): Op[5] (arity = 1)
                            └─ 21 (V = 6, active): Input[6]
                                   └─ 43 (V = 19, inactive): Op[7] (arity = 1)
                                          └─ 87 (V = 3, inactive): Input[3]
                                                 └─ 175 (V = 3, inactive): Input[3]
                                                 └─ 176 (V = 8, inactive): Input[8]
                                          └─ 88 (V = 9, inactive): Constant[0] -> -5.6164
                                                 └─ 177 (V = 2, inactive): Input[2]
                                                 └─ 178 (V = 2, inactive): Input[2]
                                   └─ 44 (V = 18, inactive): Op[6] (arity = 1)
                                          └─ 89 (V = 12, inactive): Op[0] (arity = 2)
                                                 └─ 179 (V = 0, inactive): Input[0]
                                                 └─ 180 (V = 3, inactive): Input[3]
                                          └─ 90 (V = 18, inactive): Op[6] (arity = 1)
                                                 └─ 181 (V = 0, inactive): Input[0]
                                                 └─ 182 (V = 0, inactive): Input[0]
                            └─ 22 (V = 12, inactive): Op[0] (arity = 2)
                                   └─ 45 (V = 12, inactive): Op[0] (arity = 2)
                                          └─ 91 (V = 15, inactive): Op[3] (arity = 2)
                                                 └─ 183 (V = 1, inactive): Input[1]
                                                 └─ 184 (V = 5, inactive): Input[5]
                                          └─ 92 (V = 14, inactive): Op[2] (arity = 2)
                                                 └─ 185 (V = 1, inactive): Input[1]
                                                 └─ 186 (V = 8, inactive): Input[8]
                                   └─ 46 (V = 19, inactive): Op[7] (arity = 1)
                                          └─ 93 (V = 16, inactive): Op[4] (arity = 1)
                                                 └─ 187 (V = 8, inactive): Input[8]
                                                 └─ 188 (V = 1, inactive): Input[1]
                                          └─ 94 (V = 19, inactive): Op[7] (arity = 1)
                                                 └─ 189 (V = 4, inactive): Input[4]
                                                 └─ 190 (V = 5, inactive): Input[5]
       └─ 2 (V = 18, active): Op[6] (arity = 1)
              └─ 5 (V = 9, active): Constant[0] -> 2.97832
                     └─ 11 (V = 19, inactive): Op[7] (arity = 1)
                            └─ 23 (V = 5, inactive): Input[5]
                                   └─ 47 (V = 16, inactive): Op[4] (arity = 1)
                                          └─ 95 (V = 6, inactive): Input[6]
                                                 └─ 191 (V = 7, inactive): Input[7]
                                                 └─ 192 (V = 7, inactive): Input[7]
                                          └─ 96 (V = 16, inactive): Op[4] (arity = 1)
                                                 └─ 193 (V = 3, inactive): Input[3]
                                                 └─ 194 (V = 6, inactive): Input[6]
                                   └─ 48 (V = 14, inactive): Op[2] (arity = 2)
                                          └─ 97 (V = 19, inactive): Op[7] (arity = 1)
                                                 └─ 195 (V = 2, inactive): Input[2]
                                                 └─ 196 (V = 6, inactive): Input[6]
                                          └─ 98 (V = 12, inactive): Op[0] (arity = 2)
                                                 └─ 197 (V = 5, inactive): Input[5]
                                                 └─ 198 (V = 9, inactive): Constant[0] -> -0.904397
                            └─ 24 (V = 17, inactive): Op[5] (arity = 1)
                                   └─ 49 (V = 6, inactive): Input[6]
                                          └─ 99 (V = 19, inactive): Op[7] (arity = 1)
                                                 └─ 199 (V = 9, inactive): Constant[0] -> -3.16485
                                                 └─ 200 (V = 2, inactive): Input[2]
                                          └─ 100 (V = 15, inactive): Op[3] (arity = 2)
                                                 └─ 201 (V = 4, inactive): Input[4]
                                                 └─ 202 (V = 2, inactive): Input[2]
                                   └─ 50 (V = 17, inactive): Op[5] (arity = 1)
                                          └─ 101 (V = 14, inactive): Op[2] (arity = 2)
                                                 └─ 203 (V = 6, inactive): Input[6]
                                                 └─ 204 (V = 7, inactive): Input[7]
                                          └─ 102 (V = 17, inactive): Op[5] (arity = 1)
                                                 └─ 205 (V = 5, inactive): Input[5]
                                                 └─ 206 (V = 2, inactive): Input[2]
                     └─ 12 (V = 2, inactive): Input[2]
                            └─ 25 (V = 15, inactive): Op[3] (arity = 2)
                                   └─ 51 (V = 16, inactive): Op[4] (arity = 1)
                                          └─ 103 (V = 2, inactive): Input[2]
                                                 └─ 207 (V = 8, inactive): Input[8]
                                                 └─ 208 (V = 1, inactive): Input[1]
                                          └─ 104 (V = 13, inactive): Op[1] (arity = 2)
                                                 └─ 209 (V = 2, inactive): Input[2]
                                                 └─ 210 (V = 4, inactive): Input[4]
                                   └─ 52 (V = 9, inactive): Constant[0] -> -1.53305
                                          └─ 105 (V = 15, inactive): Op[3] (arity = 2)
                                                 └─ 211 (V = 7, inactive): Input[7]
                                                 └─ 212 (V = 8, inactive): Input[8]
                                          └─ 106 (V = 9, inactive): Constant[0] -> 0.742845
                                                 └─ 213 (V = 7, inactive): Input[7]
                                                 └─ 214 (V = 8, inactive): Input[8]
                            └─ 26 (V = 16, inactive): Op[4] (arity = 1)
                                   └─ 53 (V = 12, inactive): Op[0] (arity = 2)
                                          └─ 107 (V = 8, inactive): Input[8]
                                                 └─ 215 (V = 3, inactive): Input[3]
                                                 └─ 216 (V = 4, inactive): Input[4]
                                          └─ 108 (V = 14, inactive): Op[2] (arity = 2)
                                                 └─ 217 (V = 4, inactive): Input[4]
                                                 └─ 218 (V = 3, inactive): Input[3]
                                   └─ 54 (V = 16, inactive): Op[4] (arity = 1)
                                          └─ 109 (V = 13, inactive): Op[1] (arity = 2)
                                                 └─ 219 (V = 8, inactive): Input[8]
                                                 └─ 220 (V = 1, inactive): Input[1]
                                          └─ 110 (V = 13, inactive): Op[1] (arity = 2)
                                                 └─ 221 (V = 5, inactive): Input[5]
                                                 └─ 222 (V = 5, inactive): Input[5]
              └─ 6 (V = 12, inactive): Op[0] (arity = 2)
                     └─ 13 (V = 14, inactive): Op[2] (arity = 2)
                            └─ 27 (V = 13, inactive): Op[1] (arity = 2)
                                   └─ 55 (V = 8, inactive): Input[8]
                                          └─ 111 (V = 15, inactive): Op[3] (arity = 2)
                                                 └─ 223 (V = 3, inactive): Input[3]
                                                 └─ 224 (V = 5, inactive): Input[5]
                                          └─ 112 (V = 15, inactive): Op[3] (arity = 2)
                                                 └─ 225 (V = 6, inactive): Input[6]
                                                 └─ 226 (V = 1, inactive): Input[1]
                                   └─ 56 (V = 17, inactive): Op[5] (arity = 1)
                                          └─ 113 (V = 15, inactive): Op[3] (arity = 2)
                                                 └─ 227 (V = 3, inactive): Input[3]
                                                 └─ 228 (V = 2, inactive): Input[2]
                                          └─ 114 (V = 4, inactive): Input[4]
                                                 └─ 229 (V = 0, inactive): Input[0]
                                                 └─ 230 (V = 3, inactive): Input[3]
                            └─ 28 (V = 18, inactive): Op[6] (arity = 1)
                                   └─ 57 (V = 12, inactive): Op[0] (arity = 2)
                                          └─ 115 (V = 5, inactive): Input[5]
                                                 └─ 231 (V = 0, inactive): Input[0]
                                                 └─ 232 (V = 1, inactive): Input[1]
                                          └─ 116 (V = 14, inactive): Op[2] (arity = 2)
                                                 └─ 233 (V = 5, inactive): Input[5]
                                                 └─ 234 (V = 1, inactive): Input[1]
                                   └─ 58 (V = 14, inactive): Op[2] (arity = 2)
                                          └─ 117 (V = 0, inactive): Input[0]
                                                 └─ 235 (V = 8, inactive): Input[8]
                                                 └─ 236 (V = 0, inactive): Input[0]
                                          └─ 118 (V = 12, inactive): Op[0] (arity = 2)
                                                 └─ 237 (V = 9, inactive): Constant[0] -> 4.87071
                                                 └─ 238 (V = 2, inactive): Input[2]
                     └─ 14 (V = 9, inactive): Constant[0] -> 5.55402
                            └─ 29 (V = 9, inactive): Constant[0] -> -5.14823
                                   └─ 59 (V = 14, inactive): Op[2] (arity = 2)
                                          └─ 119 (V = 14, inactive): Op[2] (arity = 2)
                                                 └─ 239 (V = 1, inactive): Input[1]
                                                 └─ 240 (V = 1, inactive): Input[1]
                                          └─ 120 (V = 9, inactive): Constant[0] -> 0.890262
                                                 └─ 241 (V = 7, inactive): Input[7]
                                                 └─ 242 (V = 0, inactive): Input[0]
                                   └─ 60 (V = 13, inactive): Op[1] (arity = 2)
                                          └─ 121 (V = 18, inactive): Op[6] (arity = 1)
                                                 └─ 243 (V = 7, inactive): Input[7]
                                                 └─ 244 (V = 1, inactive): Input[1]
                                          └─ 122 (V = 4, inactive): Input[4]
                                                 └─ 245 (V = 2, inactive): Input[2]
                                                 └─ 246 (V = 5, inactive): Input[5]
                            └─ 30 (V = 12, inactive): Op[0] (arity = 2)
                                   └─ 61 (V = 18, inactive): Op[6] (arity = 1)
                                          └─ 123 (V = 12, inactive): Op[0] (arity = 2)
                                                 └─ 247 (V = 1, inactive): Input[1]
                                                 └─ 248 (V = 1, inactive): Input[1]
                                          └─ 124 (V = 18, inactive): Op[6] (arity = 1)
                                                 └─ 249 (V = 8, inactive): Input[8]
                                                 └─ 250 (V = 6, inactive): Input[6]
                                   └─ 62 (V = 13, inactive): Op[1] (arity = 2)
                                          └─ 125 (V = 0, inactive): Input[0]
                                                 └─ 251 (V = 8, inactive): Input[8]
                                                 └─ 252 (V = 0, inactive): Input[0]
                                          └─ 126 (V = 12, inactive): Op[0] (arity = 2)
                                                 └─ 253 (V = 2, inactive): Input[2]
                                                 └─ 254 (V = 7, inactive): Input[7]
","((sin((x0 + x5)) - ((x0 * sqrt((x1 * sin(x0)))) - cos(x6))) + log(2.9783159498701473))",2.80205,"[2.80205]",0
Running,151480,5,4.004868671,3.241969668,0.762899003,1024,6,modular_1,single_kernel_inplace,1024,666,9,2,7,modular,0,0,3324115916,4.1594454033974815,3324115916,"[10,11,16,14,11,9,10,10,14,12,15,1,12,14,9,0,5,17,15,0,17,6,17,12,15,16,6,17,10,9,10,14,13,10,5,10,15,16,14,12,16,12,11,17,16,15,9,16,11,6,15,14,9,10,4,3,13,13,0,12,13,16,11,14,3,16,10,12,5,5,14,12,17,1,4,13,17,10,9,14,17,13,0,1,13,14,12,1,14,10,14,5,0,17,17,13,10,11,2,17,13,12,15,17,11,13,9,0,4,16,14,12,13,13,13,12,12,17,16,12,9,16,13,10,4,10,10,8,8,9,5,1,6,2,4,5,8,7,1,1,5,8,0,3,1,1,0,3,5,8,3,4,9,2,2,1,3,9,3,4,8,8,3,1,1,5,2,3,5,1,9,1,1,0,3,8,8,9,3,0,4,2,0,1,4,7,9,5,8,4,5,5,4,3,3,3,6,5,5,3,2,4,2,6,6,3,2,8,6,2,4,7,1,7,8,5,6,7,0,2,3,3,1,6,5,0,0,3,0,5,3,0,1,5,1,4,4,2,8,1,1,7,0,7,7,7,2,1,1,0,6,3,4,5,7]","[1,1,1,1,1,1,0,1,0,1,1,0,0,0,0,1,1,0,0,1,1,1,0,0,0,0,0,0,0,0,0,0,0,0,0,0,0,0,0,0,0,1,0,0,0,0,0,0,0,0,0,0,0,0,0,0,0,0,0,0,0,0,0,0,0,0,0,0,0,0,0,0,0,0,0,0,0,0,0,0,0,0,0,1,1,0,0,0,0,0,0,0,0,0,0,0,0,0,0,0,0,0,0,0,0,0,0,0,0,0,0,0,0,0,0,0,0,0,0,0,0,0,0,0,0,0,0,0,0,0,0,0,0,0,0,0,0,0,0,0,0,0,0,0,0,0,0,0,0,0,0,0,0,0,0,0,0,0,0,0,0,0,0,0,0,0,0,0,0,1,1,0,0,0,0,0,0,0,0,0,0,0,0,0,0,0,0,0,0,0,0,0,0,0,0,0,0,0,0,0,0,0,0,0,0,0,0,0,0,0,0,0,0,0,0,0,0,0,0,0,0,0,0,0,0,0,0,0,0,0,0,0,0,0,0,0,0,0,0,0,0,0,0,0,0,0,0,0,0,0,0,0,0,0,0]","[-4.93417,-0.845788,1.04072,1.61602,0.975812,2.97832,1.49968,2.28526,-3.33097,-1.46869,-0.612813,-2.29781,0.792944,-4.84674,5.55402,1.88445,3.05634,-6.02191,-0.389244,-0.902504,-1.20376,-5.0382,5.72823,1.71936,-4.4267,-4.02877,0.678157,-0.944868,-3.9506,-5.14823,-4.37404,0.642133,0.374058,-3.34984,-4.3313,-4.46526,1.51249,-3.16174,1.72538,-5.815,1.12987,-2.92751,4.72868,-3.85848,1.49431,3.62146,3.46396,4.64917,4.29315,-0.741275,-3.25904,1.96882,-1.53305,5.19053,4.10118,-5.83503,1.97509,2.72588,-5.2368,-2.41482,-4.75422,-4.74682,-2.68738,-4.11343,-0.46156,3.32789,2.03386,-1.38372,-5.99078,-1.16959,-5.3359,-0.456062,-0.96996,-0.267069,0.33959,-1.87615,1.08953,-3.09183,4.42419,-1.21234,-0.920187,1.00384,4.57317,-5.56352,-3.89647,-3.17126,2.6749,3.85525,-2.75662,-2.14052,0.272434,-2.26445,1.38613,3.8911,2.92271,1.99389,0.400774,2.69566,2.48089,0.402261,2.73749,-3.60121,-3.66358,0.517099,0.235299,-3.94964,0.742845,-4.07931,0.0547225,2.38534,5.50537,0.299075,3.03799,-4.28833,0.879764,-0.35367,3.22101,5.98171,-0.0769714,-1.02118,0.890262,-5.11544,-3.26313,0.56394,-4.73546,-3.66145,-1.06856,5.50844,-0.95164,-0.429039,1.72333,-1.76383,-0.431672,-2.89737,-3.01262,3.73128,-1.04225,-4.50543,1.6098,3.78947,4.73538,0.0959333,-4.80312,-4.07714,2.15046,-5.36366,3.64926,-0.347488,-2.72753,-4.00013,-5.73294,-1.00086,5.89256,0.464598,-5.17185,3.15942,0.0558027,3.91252,-2.66325,1.30376,5.3723,-4.3017,-5.39652,4.81005,-4.11975,-2.27868,4.65084,0.302185,-0.983245,-1.60898,2.08876,-2.9415,-4.76077,0.736187,-0.0806434,-3.30338,-4.92984,-3.91092,-0.221569,-4.76297,-5.45249,0.99201,3.51032,0.455714,-0.597906,2.73196,-2.25138,-2.78477,5.17771,-1.12439,-5.48016,3.1248,-4.36504,-3.06177,-3.84869,0.413875,-5.55682,-4.20337,0.154322,-2.24583,5.54629,6.05248,-3.68862,4.06805,4.31883,-0.247556,-2.93772,1.78422,-2.03707,-2.44971,-5.87808,2.44513,-4.58399,4.89658,0.690071,-3.6686,-0.697608,2.8682,-2.33929,-1.13418,5.1276,-2.81508,0.660486,-1.13164,2.68311,-1.75689,-1.48785,5.47615,0.32589,-4.07243,3.61021,1.70362,2.97643,-2.39631,2.79752,-0.33176,-1.62763,-5.33978,-0.945465,1.71007,-5.288,1.48869,3.28976,2.40214,2.78057,-4.6451,3.23952,-2.71136,0.429538,-5.8386,-3.72213,-5.88488,1.93038,2.58523,6.08677]","[0,0,0,0,0,1,0,0,0,0,0,0,0,0,0,0,0,0,0,0,0,0,0,0,0,0,0,0,0,0,0,0,0,0,0,0,0,0,0,0,0,0,0,0,0,0,0,0,0,0,0,0,0,0,0,0,0,0,0,0,0,0,0,0,0,0,0,0,0,0,0,0,0,0,0,0,0,0,0,0,0,0,0,0,0,0,0,0,0,0,0,0,0,0,0,0,0,0,0,0,0,0,0,0,0,0,0,0,0,0,0,0,0,0,0,0,0,0,0,0,0,0,0,0,0,0,0,0,0,0,0,0,0,0,0,0,0,0,0,0,0,0,0,0,0,0,0,0,0,0,0,0,0,0,0,0,0,0,0,0,0,0,0,0,0,0,0,0,0,0,1,0,0,0,0,0,0,0,0,0,0,0,0,0,0,0,0,0,0,0,0,0,0,0,0,0,0,0,0,0,0,0,0,0,0,0,0,0,0,0,0,0,0,0,0,0,0,0,0,0,0,0,0,0,0,0,0,0,0,0,0,0,0,0,0,0,0,0,0,0,0,0,0,0,0,0,0,0,0,0,0,0,0,0,0]","Output
└─ 0 (V = 12, active): Op[0] (arity = 2)
       └─ 1 (V = 13, active): Op[1] (arity = 2)
              └─ 3 (V = 16, active): Op[4] (arity = 1)
                     └─ 7 (V = 12, active): Op[0] (arity = 2)
                            └─ 15 (V = 0, active): Input[0]
                                   └─ 31 (V = 16, inactive): Op[4] (arity = 1)
                                          └─ 63 (V = 16, inactive): Op[4] (arity = 1)
                                                 └─ 127 (V = 8, inactive): Input[8]
                                                 └─ 128 (V = 8, inactive): Input[8]
                                          └─ 64 (V = 3, inactive): Input[3]
                                                 └─ 129 (V = 9, inactive): Constant[0] -> -0.429039
                                                 └─ 130 (V = 5, inactive): Input[5]
                                   └─ 32 (V = 15, inactive): Op[3] (arity = 2)
                                          └─ 65 (V = 18, inactive): Op[6] (arity = 1)
                                                 └─ 131 (V = 1, inactive): Input[1]
                                                 └─ 132 (V = 6, inactive): Input[6]
                                          └─ 66 (V = 12, inactive): Op[0] (arity = 2)
                                                 └─ 133 (V = 2, inactive): Input[2]
                                                 └─ 134 (V = 4, inactive): Input[4]
                            └─ 16 (V = 5, active): Input[5]
                                   └─ 33 (V = 12, inactive): Op[0] (arity = 2)
                                          └─ 67 (V = 14, inactive): Op[2] (arity = 2)
                                                 └─ 135 (V = 5, inactive): Input[5]
                                                 └─ 136 (V = 8, inactive): Input[8]
                                          └─ 68 (V = 5, inactive): Input[5]
                                                 └─ 137 (V = 7, inactive): Input[7]
                                                 └─ 138 (V = 1, inactive): Input[1]
                                   └─ 34 (V = 5, inactive): Input[5]
                                          └─ 69 (V = 5, inactive): Input[5]
                                                 └─ 139 (V = 1, inactive): Input[1]
                                                 └─ 140 (V = 5, inactive): Input[5]
                                          └─ 70 (V = 16, inactive): Op[4] (arity = 1)
                                                 └─ 141 (V = 8, inactive): Input[8]
                                                 └─ 142 (V = 0, inactive): Input[0]
                     └─ 8 (V = 16, inactive): Op[4] (arity = 1)
                            └─ 17 (V = 19, inactive): Op[7] (arity = 1)
                                   └─ 35 (V = 12, inactive): Op[0] (arity = 2)
                                          └─ 71 (V = 14, inactive): Op[2] (arity = 2)
                                                 └─ 143 (V = 3, inactive): Input[3]
                                                 └─ 144 (V = 1, inactive): Input[1]
                                          └─ 72 (V = 19, inactive): Op[7] (arity = 1)
                                                 └─ 145 (V = 1, inactive): Input[1]
                                                 └─ 146 (V = 0, inactive): Input[0]
                                   └─ 36 (V = 17, inactive): Op[5] (arity = 1)
                                          └─ 73 (V = 1, inactive): Input[1]
                                                 └─ 147 (V = 3, inactive): Input[3]
                                                 └─ 148 (V = 5, inactive): Input[5]
                                          └─ 74 (V = 4, inactive): Input[4]
                                                 └─ 149 (V = 8, inactive): Input[8]
                                                 └─ 150 (V = 3, inactive): Input[3]
                            └─ 18 (V = 17, inactive): Op[5] (arity = 1)
                                   └─ 37 (V = 18, inactive): Op[6] (arity = 1)
                                          └─ 75 (V = 15, inactive): Op[3] (arity = 2)
                                                 └─ 151 (V = 4, inactive): Input[4]
                                                 └─ 152 (V = 9, inactive): Constant[0] -> 5.89256
                                          └─ 76 (V = 19, inactive): Op[7] (arity = 1)
                                                 └─ 153 (V = 2, inactive): Input[2]
                                                 └─ 154 (V = 2, inactive): Input[2]
                                   └─ 38 (V = 16, inactive): Op[4] (arity = 1)
                                          └─ 77 (V = 12, inactive): Op[0] (arity = 2)
                                                 └─ 155 (V = 1, inactive): Input[1]
                                                 └─ 156 (V = 3, inactive): Input[3]
                                          └─ 78 (V = 9, inactive): Constant[0] -> 4.42419
                                                 └─ 157 (V = 9, inactive): Constant[0] -> 3.91252
                                                 └─ 158 (V = 3, inactive): Input[3]
              └─ 4 (V = 13, active): Op[1] (arity = 2)
                     └─ 9 (V = 14, active): Op[2] (arity = 2)
                            └─ 19 (V = 0, active): Input[0]
                                   └─ 39 (V = 14, inactive): Op[2] (arity = 2)
                                          └─ 79 (V = 16, inactive): Op[4] (arity = 1)
                                                 └─ 159 (V = 4, inactive): Input[4]
                                                 └─ 160 (V = 8, inactive): Input[8]
                                          └─ 80 (V = 19, inactive): Op[7] (arity = 1)
                                                 └─ 161 (V = 8, inactive): Input[8]
                                                 └─ 162 (V = 3, inactive): Input[3]
                                   └─ 40 (V = 18, inactive): Op[6] (arity = 1)
                                          └─ 81 (V = 15, inactive): Op[3] (arity = 2)
                                                 └─ 163 (V = 1, inactive): Input[1]
                                                 └─ 164 (V = 1, inactive): Input[1]
                                          └─ 82 (V = 0, inactive): Input[0]
                                                 └─ 165 (V = 5, inactive): Input[5]
                                                 └─ 166 (V = 2, inactive): Input[2]
                            └─ 20 (V = 19, active): Op[7] (arity = 1)
                                   └─ 41 (V = 14, active): Op[2] (arity = 2)
                                          └─ 83 (V = 1, active): Input[1]
                                                 └─ 167 (V = 3, inactive): Input[3]
                                                 └─ 168 (V = 5, inactive): Input[5]
                                          └─ 84 (V = 15, active): Op[3] (arity = 2)
                                                 └─ 169 (V = 1, active): Input[1]
                                                 └─ 170 (V = 9, active): Constant[0] -> 2.08876
                                   └─ 42 (V = 13, inactive): Op[1] (arity = 2)
                                          └─ 85 (V = 16, inactive): Op[4] (arity = 1)
                                                 └─ 171 (V = 1, inactive): Input[1]
                                                 └─ 172 (V = 1, inactive): Input[1]
                                          └─ 86 (V = 14, inactive): Op[2] (arity = 2)
                                                 └─ 173 (V = 0, inactive): Input[0]
                                                 └─ 174 (V = 3, inactive): Input[3]
                     └─ 10 (V = 17, active): Op[5] (arity = 1)
                            └─ 21 (V = 6, active): Input[6]
                                   └─ 43 (V = 19, inactive): Op[7] (arity = 1)
                                          └─ 87 (V = 1, inactive): Input[1]
                                                 └─ 175 (V = 8, inactive): Input[8]
                                                 └─ 176 (V = 8, inactive): Input[8]
                                          └─ 88 (V = 16, inactive): Op[4] (arity = 1)
                                                 └─ 177 (V = 9, inactive): Constant[0] -> -3.91092
                                                 └─ 178 (V = 3, inactive): Input[3]
                                   └─ 44 (V = 18, inactive): Op[6] (arity = 1)
                                          └─ 89 (V = 12, inactive): Op[0] (arity = 2)
                                                 └─ 179 (V = 0, inactive): Input[0]
                                                 └─ 180 (V = 4, inactive): Input[4]
                                          └─ 90 (V = 16, inactive): Op[4] (arity = 1)
                                                 └─ 181 (V = 2, inactive): Input[2]
                                                 └─ 182 (V = 0, inactive): Input[0]
                            └─ 22 (V = 19, inactive): Op[7] (arity = 1)
                                   └─ 45 (V = 17, inactive): Op[5] (arity = 1)
                                          └─ 91 (V = 5, inactive): Input[5]
                                                 └─ 183 (V = 1, inactive): Input[1]
                                                 └─ 184 (V = 4, inactive): Input[4]
                                          └─ 92 (V = 0, inactive): Input[0]
                                                 └─ 185 (V = 7, inactive): Input[7]
                                                 └─ 186 (V = 9, inactive): Constant[0] -> -2.25138
                                   └─ 46 (V = 9, inactive): Constant[0] -> 3.46396
                                          └─ 93 (V = 19, inactive): Op[7] (arity = 1)
                                                 └─ 187 (V = 5, inactive): Input[5]
                                                 └─ 188 (V = 8, inactive): Input[8]
                                          └─ 94 (V = 19, inactive): Op[7] (arity = 1)
                                                 └─ 189 (V = 4, inactive): Input[4]
                                                 └─ 190 (V = 5, inactive): Input[5]
       └─ 2 (V = 18, active): Op[6] (arity = 1)
              └─ 5 (V = 9, active): Constant[0] -> 2.97832
                     └─ 11 (V = 1, inactive): Input[1]
                            └─ 23 (V = 14, inactive): Op[2] (arity = 2)
                                   └─ 47 (V = 18, inactive): Op[6] (arity = 1)
                                          └─ 95 (V = 15, inactive): Op[3] (arity = 2)
                                                 └─ 191 (V = 5, inactive): Input[5]
                                                 └─ 192 (V = 4, inactive): Input[4]
                                          └─ 96 (V = 12, inactive): Op[0] (arity = 2)
                                                 └─ 193 (V = 3, inactive): Input[3]
                                                 └─ 194 (V = 3, inactive): Input[3]
                                   └─ 48 (V = 13, inactive): Op[1] (arity = 2)
                                          └─ 97 (V = 13, inactive): Op[1] (arity = 2)
                                                 └─ 195 (V = 3, inactive): Input[3]
                                                 └─ 196 (V = 6, inactive): Input[6]
                                          └─ 98 (V = 2, inactive): Input[2]
                                                 └─ 197 (V = 5, inactive): Input[5]
                                                 └─ 198 (V = 5, inactive): Input[5]
                            └─ 24 (V = 17, inactive): Op[5] (arity = 1)
                                   └─ 49 (V = 6, inactive): Input[6]
                                          └─ 99 (V = 19, inactive): Op[7] (arity = 1)
                                                 └─ 199 (V = 3, inactive): Input[3]
                                                 └─ 200 (V = 2, inactive): Input[2]
                                          └─ 100 (V = 15, inactive): Op[3] (arity = 2)
                                                 └─ 201 (V = 4, inactive): Input[4]
                                                 └─ 202 (V = 2, inactive): Input[2]
                                   └─ 50 (V = 17, inactive): Op[5] (arity = 1)
                                          └─ 101 (V = 14, inactive): Op[2] (arity = 2)
                                                 └─ 203 (V = 6, inactive): Input[6]
                                                 └─ 204 (V = 6, inactive): Input[6]
                                          └─ 102 (V = 17, inactive): Op[5] (arity = 1)
                                                 └─ 205 (V = 3, inactive): Input[3]
                                                 └─ 206 (V = 2, inactive): Input[2]
                     └─ 12 (V = 14, inactive): Op[2] (arity = 2)
                            └─ 25 (V = 18, inactive): Op[6] (arity = 1)
                                   └─ 51 (V = 16, inactive): Op[4] (arity = 1)
                                          └─ 103 (V = 19, inactive): Op[7] (arity = 1)
                                                 └─ 207 (V = 8, inactive): Input[8]
                                                 └─ 208 (V = 6, inactive): Input[6]
                                          └─ 104 (V = 13, inactive): Op[1] (arity = 2)
                                                 └─ 209 (V = 2, inactive): Input[2]
                                                 └─ 210 (V = 4, inactive): Input[4]
                                   └─ 52 (V = 9, inactive): Constant[0] -> -1.53305
                                          └─ 105 (V = 15, inactive): Op[3] (arity = 2)
                                                 └─ 211 (V = 7, inactive): Input[7]
                                                 └─ 212 (V = 1, inactive): Input[1]
                                          └─ 106 (V = 9, inactive): Constant[0] -> 0.742845
                                                 └─ 213 (V = 7, inactive): Input[7]
                                                 └─ 214 (V = 8, inactive): Input[8]
                            └─ 26 (V = 6, inactive): Input[6]
                                   └─ 53 (V = 12, inactive): Op[0] (arity = 2)
                                          └─ 107 (V = 0, inactive): Input[0]
                                                 └─ 215 (V = 5, inactive): Input[5]
                                                 └─ 216 (V = 6, inactive): Input[6]
                                          └─ 108 (V = 4, inactive): Input[4]
                                                 └─ 217 (V = 7, inactive): Input[7]
                                                 └─ 218 (V = 0, inactive): Input[0]
                                   └─ 54 (V = 4, inactive): Input[4]
                                          └─ 109 (V = 18, inactive): Op[6] (arity = 1)
                                                 └─ 219 (V = 2, inactive): Input[2]
                                                 └─ 220 (V = 3, inactive): Input[3]
                                          └─ 110 (V = 16, inactive): Op[4] (arity = 1)
                                                 └─ 221 (V = 3, inactive): Input[3]
                                                 └─ 222 (V = 1, inactive): Input[1]
              └─ 6 (V = 12, inactive): Op[0] (arity = 2)
                     └─ 13 (V = 16, inactive): Op[4] (arity = 1)
                            └─ 27 (V = 19, inactive): Op[7] (arity = 1)
                                   └─ 55 (V = 3, inactive): Input[3]
                                          └─ 111 (V = 14, inactive): Op[2] (arity = 2)
                                                 └─ 223 (V = 6, inactive): Input[6]
                                                 └─ 224 (V = 5, inactive): Input[5]
                                          └─ 112 (V = 15, inactive): Op[3] (arity = 2)
                                                 └─ 225 (V = 0, inactive): Input[0]
                                                 └─ 226 (V = 0, inactive): Input[0]
                                   └─ 56 (V = 15, inactive): Op[3] (arity = 2)
                                          └─ 113 (V = 15, inactive): Op[3] (arity = 2)
                                                 └─ 227 (V = 3, inactive): Input[3]
                                                 └─ 228 (V = 0, inactive): Input[0]
                                          └─ 114 (V = 15, inactive): Op[3] (arity = 2)
                                                 └─ 229 (V = 5, inactive): Input[5]
                                                 └─ 230 (V = 3, inactive): Input[3]
                            └─ 28 (V = 12, inactive): Op[0] (arity = 2)
                                   └─ 57 (V = 15, inactive): Op[3] (arity = 2)
                                          └─ 115 (V = 14, inactive): Op[2] (arity = 2)
                                                 └─ 231 (V = 0, inactive): Input[0]
                                                 └─ 232 (V = 1, inactive): Input[1]
                                          └─ 116 (V = 14, inactive): Op[2] (arity = 2)
                                                 └─ 233 (V = 5, inactive): Input[5]
                                                 └─ 234 (V = 1, inactive): Input[1]
                                   └─ 58 (V = 0, inactive): Input[0]
                                          └─ 117 (V = 19, inactive): Op[7] (arity = 1)
                                                 └─ 235 (V = 4, inactive): Input[4]
                                                 └─ 236 (V = 4, inactive): Input[4]
                                          └─ 118 (V = 18, inactive): Op[6] (arity = 1)
                                                 └─ 237 (V = 2, inactive): Input[2]
                                                 └─ 238 (V = 8, inactive): Input[8]
                     └─ 14 (V = 9, inactive): Constant[0] -> 5.55402
                            └─ 29 (V = 9, inactive): Constant[0] -> -5.14823
                                   └─ 59 (V = 14, inactive): Op[2] (arity = 2)
                                          └─ 119 (V = 14, inactive): Op[2] (arity = 2)
                                                 └─ 239 (V = 1, inactive): Input[1]
                                                 └─ 240 (V = 1, inactive): Input[1]
                                          └─ 120 (V = 9, inactive): Constant[0] -> 0.890262
                                                 └─ 241 (V = 7, inactive): Input[7]
                                                 └─ 242 (V = 0, inactive): Input[0]
                                   └─ 60 (V = 15, inactive): Op[3] (arity = 2)
                                          └─ 121 (V = 18, inactive): Op[6] (arity = 1)
                                                 └─ 243 (V = 7, inactive): Input[7]
                                                 └─ 244 (V = 7, inactive): Input[7]
                                          └─ 122 (V = 15, inactive): Op[3] (arity = 2)
                                                 └─ 245 (V = 7, inactive): Input[7]
                                                 └─ 246 (V = 2, inactive): Input[2]
                            └─ 30 (V = 12, inactive): Op[0] (arity = 2)
                                   └─ 61 (V = 18, inactive): Op[6] (arity = 1)
                                          └─ 123 (V = 12, inactive): Op[0] (arity = 2)
                                                 └─ 247 (V = 1, inactive): Input[1]
                                                 └─ 248 (V = 1, inactive): Input[1]
                                          └─ 124 (V = 4, inactive): Input[4]
                                                 └─ 249 (V = 0, inactive): Input[0]
                                                 └─ 250 (V = 6, inactive): Input[6]
                                   └─ 62 (V = 13, inactive): Op[1] (arity = 2)
                                          └─ 125 (V = 12, inactive): Op[0] (arity = 2)
                                                 └─ 251 (V = 3, inactive): Input[3]
                                                 └─ 252 (V = 4, inactive): Input[4]
                                          └─ 126 (V = 12, inactive): Op[0] (arity = 2)
                                                 └─ 253 (V = 5, inactive): Input[5]
                                                 └─ 254 (V = 7, inactive): Input[7]
","((sin((x0 + x5)) - ((x0 * sqrt((x1 * (x1 / 2.0887604574390046)))) - cos(x6))) + log(2.9783159498701473))",2.74499,"[2.74499]",0
Running,210976,8,5.751251978999999,4.674920348,1.076331631,1024,9,modular_1,single_kernel_inplace,1024,666,9,2,7,modular,0,0,3324115916,4.1594454033974815,3324115916,"[10,11,16,14,11,9,12,10,14,12,15,17,2,5,9,11,5,12,16,16,17,6,10,5,15,13,13,17,11,14,10,0,14,10,4,15,11,16,13,10,10,12,13,17,17,10,17,13,15,6,17,14,9,11,13,8,16,13,11,1,10,4,11,15,14,11,12,17,12,3,13,15,0,17,15,13,11,3,14,10,11,12,14,1,13,15,5,17,9,3,12,13,12,14,16,6,15,3,10,17,13,17,15,2,12,13,9,8,10,14,9,16,0,13,4,12,7,0,7,3,5,11,4,17,16,5,10,9,1,1,3,5,8,0,0,0,7,4,5,1,7,9,1,0,5,0,5,2,9,9,0,4,9,0,7,8,4,2,3,0,3,2,3,0,1,4,5,3,5,0,9,8,3,8,0,4,8,3,2,4,3,0,9,1,7,1,8,4,1,8,1,5,2,0,4,4,8,5,2,6,2,4,8,6,8,5,2,8,1,2,4,7,6,1,8,3,2,7,3,1,1,8,0,3,0,5,0,0,8,0,9,2,9,7,5,3,0,6,2,6,1,4,2,5,1,2,0,3,5,6,1,0,6,2,7]","[1,1,1,1,1,1,0,1,0,1,1,0,0,0,0,1,1,0,0,1,1,1,0,0,0,0,0,0,0,0,0,1,1,0,0,0,0,0,0,1,0,1,0,0,0,0,0,0,0,0,0,0,0,0,0,0,0,0,0,0,0,0,0,0,0,1,0,0,0,0,0,0,0,0,0,0,0,0,0,1,1,0,0,1,1,0,0,0,0,0,0,0,0,0,0,0,0,0,0,0,0,0,0,0,0,0,0,0,0,0,0,0,0,0,0,0,0,0,0,0,0,0,0,0,0,0,0,0,0,0,0,1,1,0,0,0,0,0,0,0,0,0,0,0,0,0,0,0,0,0,0,0,0,0,0,0,0,0,0,1,1,1,1,0,0,0,0,0,0,1,1,0,0,0,0,0,0,0,0,0,0,0,0,0,0,0,0,0,0,0,0,0,0,0,0,0,0,0,0,0,0,0,0,0,0,0,0,0,0,0,0,0,0,0,0,0,0,0,0,0,0,0,0,0,0,0,0,0,0,0,0,0,0,0,0,0,0,0,0,0,0,0,0,0,0,0,0,0,0,0,0,0,0,0,0]","[-4.93417,-0.845788,1.04072,1.61602,0.975812,2.97832,2.51271,2.28526,-3.33097,-1.46869,-0.612813,1.95841,-4.5628,2.31617,5.55402,5.77822,3.05634,-4.04321,-2.95213,1.7712,-1.20376,5.51172,5.67441,5.93063,-3.35648,-5.66929,-2.57949,1.61975,5.8794,3.3728,-4.37404,5.64597,-1.35778,-3.34984,3.93947,3.61304,4.21589,-3.16174,-1.14093,1.16019,-3.71706,-2.92751,4.75532,-3.85848,-2.912,-3.60791,1.86134,5.34801,-4.22901,-0.741275,-3.66447,1.96882,-1.53305,-3.8597,3.73284,-0.412571,4.14719,1.91371,-5.58912,1.13862,5.85419,1.89717,1.13963,4.27462,-2.23837,-5.64749,-6.06768,-5.0336,-3.23029,-2.831,-4.89603,5.11237,-5.08765,-4.58239,-6.08327,-1.87615,3.2111,4.74046,1.61176,4.09723,2.1721,-1.04634,4.40176,-5.56352,-3.89647,0.197581,-3.28014,-3.35622,-5.6164,0.116423,-3.37168,-5.57444,3.48823,-5.15402,1.20254,1.33276,1.58194,2.25894,3.52783,0.402261,2.73749,3.99878,-3.66358,-5.18869,2.18734,-0.380425,0.742845,-0.694667,4.24811,-3.69011,6.08322,-4.04817,3.6284,-0.615743,-4.12876,1.388,5.56922,-2.50889,0.652207,4.10773,-3.92699,5.79511,1.66965,-3.41398,5.7464,1.20974,-1.06856,-2.02357,0.125052,-3.49219,-1.23706,-3.64817,3.00074,-4.99117,2.80233,-2.49469,-3.91836,-3.50287,-2.32714,2.97434,0.650784,-0.0224282,3.4741,-5.71509,4.22138,-3.08342,0.688304,-3.5952,-2.48695,-1.62956,3.72123,-1.00086,5.89256,-0.432557,3.43767,-5.08913,-1.83773,5.71947,-2.66325,1.95027,1.14949,4.69688,-5.39652,5.72691,1.16722,3.65495,-0.840918,0.302185,-0.983245,2.45678,2.08876,2.39317,5.55242,5.97876,-0.650412,4.59365,3.3915,-1.2088,-5.42125,-1.23632,-2.9272,1.28301,-2.652,0.455714,0.273094,-2.13286,6.03247,-3.4293,-3.65145,3.40768,5.23133,-5.45899,-1.90042,5.90571,4.60309,-3.41005,2.89194,-4.64541,-0.0818507,-5.27199,5.54629,6.05248,-5.47074,4.06805,3.6331,-3.77159,-2.93772,1.78422,3.72977,-2.44971,-5.87808,2.44513,-3.79856,-5.53342,0.690071,-1.72133,-5.2818,2.87046,3.69627,1.92965,-2.37017,-4.71633,5.54482,-2.65771,1.97178,-2.5556,-4.28892,-3.22596,-1.23521,-4.35369,-1.02755,4.28799,3.16782,2.58207,-3.74882,-3.76097,1.01441,2.26979,2.00307,1.88396,-5.288,-1.20758,2.3733,-4.7173,1.02779,4.87518,-1.6319,-4.35029,-0.636343,3.28112,-3.47843,4.83255,-4.8858,-3.94248,6.08677]","[0,0,0,0,0,1,0,0,0,0,0,0,0,0,0,0,0,0,0,0,0,0,0,0,0,0,0,0,0,0,0,0,0,0,0,0,0,0,0,0,0,0,0,0,0,0,0,0,0,0,0,0,0,0,0,0,0,0,0,0,0,0,0,0,0,0,0,0,0,0,0,0,0,0,0,0,0,0,0,0,0,0,0,0,0,0,0,0,0,0,0,0,0,0,0,0,0,0,0,0,0,0,0,0,0,0,0,0,0,0,0,0,0,0,0,0,0,0,0,0,0,0,0,0,0,0,0,0,0,0,0,0,0,0,0,0,0,0,0,0,0,0,0,0,0,0,0,0,0,0,0,0,0,0,0,0,0,0,0,0,0,0,0,0,0,0,0,0,0,0,1,0,0,0,0,0,0,0,0,0,0,0,0,0,0,0,0,0,0,0,0,0,0,0,0,0,0,0,0,0,0,0,0,0,0,0,0,0,0,0,0,0,0,0,0,0,0,0,0,0,0,0,0,0,0,0,0,0,0,0,0,0,0,0,0,0,0,0,0,0,0,0,0,0,0,0,0,0,0,0,0,0,0,0,0]","Output
└─ 0 (V = 12, active): Op[0] (arity = 2)
       └─ 1 (V = 13, active): Op[1] (arity = 2)
              └─ 3 (V = 16, active): Op[4] (arity = 1)
                     └─ 7 (V = 12, active): Op[0] (arity = 2)
                            └─ 15 (V = 13, active): Op[1] (arity = 2)
                                   └─ 31 (V = 0, active): Input[0]
                                          └─ 63 (V = 17, inactive): Op[5] (arity = 1)
                                                 └─ 127 (V = 9, inactive): Constant[0] -> -2.02357
                                                 └─ 128 (V = 1, inactive): Input[1]
                                          └─ 64 (V = 16, inactive): Op[4] (arity = 1)
                                                 └─ 129 (V = 1, inactive): Input[1]
                                                 └─ 130 (V = 3, inactive): Input[3]
                                   └─ 32 (V = 16, active): Op[4] (arity = 1)
                                          └─ 65 (V = 13, active): Op[1] (arity = 2)
                                                 └─ 131 (V = 5, active): Input[5]
                                                 └─ 132 (V = 8, active): Input[8]
                                          └─ 66 (V = 14, inactive): Op[2] (arity = 2)
                                                 └─ 133 (V = 0, inactive): Input[0]
                                                 └─ 134 (V = 0, inactive): Input[0]
                            └─ 16 (V = 5, active): Input[5]
                                   └─ 33 (V = 12, inactive): Op[0] (arity = 2)
                                          └─ 67 (V = 19, inactive): Op[7] (arity = 1)
                                                 └─ 135 (V = 0, inactive): Input[0]
                                                 └─ 136 (V = 7, inactive): Input[7]
                                          └─ 68 (V = 14, inactive): Op[2] (arity = 2)
                                                 └─ 137 (V = 4, inactive): Input[4]
                                                 └─ 138 (V = 5, inactive): Input[5]
                                   └─ 34 (V = 4, inactive): Input[4]
                                          └─ 69 (V = 3, inactive): Input[3]
                                                 └─ 139 (V = 1, inactive): Input[1]
                                                 └─ 140 (V = 7, inactive): Input[7]
                                          └─ 70 (V = 15, inactive): Op[3] (arity = 2)
                                                 └─ 141 (V = 9, inactive): Constant[0] -> -0.0224282
                                                 └─ 142 (V = 1, inactive): Input[1]
                     └─ 8 (V = 16, inactive): Op[4] (arity = 1)
                            └─ 17 (V = 14, inactive): Op[2] (arity = 2)
                                   └─ 35 (V = 17, inactive): Op[5] (arity = 1)
                                          └─ 71 (V = 17, inactive): Op[5] (arity = 1)
                                                 └─ 143 (V = 0, inactive): Input[0]
                                                 └─ 144 (V = 5, inactive): Input[5]
                                          └─ 72 (V = 0, inactive): Input[0]
                                                 └─ 145 (V = 0, inactive): Input[0]
                                                 └─ 146 (V = 5, inactive): Input[5]
                                   └─ 36 (V = 13, inactive): Op[1] (arity = 2)
                                          └─ 73 (V = 19, inactive): Op[7] (arity = 1)
                                                 └─ 147 (V = 2, inactive): Input[2]
                                                 └─ 148 (V = 9, inactive): Constant[0] -> -2.48695
                                          └─ 74 (V = 17, inactive): Op[5] (arity = 1)
                                                 └─ 149 (V = 9, inactive): Constant[0] -> -1.62956
                                                 └─ 150 (V = 0, inactive): Input[0]
                            └─ 18 (V = 18, inactive): Op[6] (arity = 1)
                                   └─ 37 (V = 18, inactive): Op[6] (arity = 1)
                                          └─ 75 (V = 15, inactive): Op[3] (arity = 2)
                                                 └─ 151 (V = 4, inactive): Input[4]
                                                 └─ 152 (V = 9, inactive): Constant[0] -> 5.89256
                                          └─ 76 (V = 13, inactive): Op[1] (arity = 2)
                                                 └─ 153 (V = 0, inactive): Input[0]
                                                 └─ 154 (V = 7, inactive): Input[7]
                                   └─ 38 (V = 15, inactive): Op[3] (arity = 2)
                                          └─ 77 (V = 3, inactive): Input[3]
                                                 └─ 155 (V = 8, inactive): Input[8]
                                                 └─ 156 (V = 4, inactive): Input[4]
                                          └─ 78 (V = 16, inactive): Op[4] (arity = 1)
                                                 └─ 157 (V = 2, inactive): Input[2]
                                                 └─ 158 (V = 3, inactive): Input[3]
              └─ 4 (V = 13, active): Op[1] (arity = 2)
                     └─ 9 (V = 14, active): Op[2] (arity = 2)
                            └─ 19 (V = 18, active): Op[6] (arity = 1)
                                   └─ 39 (V = 12, active): Op[0] (arity = 2)
                                          └─ 79 (V = 12, active): Op[0] (arity = 2)
                                                 └─ 159 (V = 0, active): Input[0]
                                                 └─ 160 (V = 3, active): Input[3]
                                          └─ 80 (V = 13, active): Op[1] (arity = 2)
                                                 └─ 161 (V = 2, active): Input[2]
                                                 └─ 162 (V = 3, active): Input[3]
                                   └─ 40 (V = 12, inactive): Op[0] (arity = 2)
                                          └─ 81 (V = 14, inactive): Op[2] (arity = 2)
                                                 └─ 163 (V = 0, inactive): Input[0]
                                                 └─ 164 (V = 1, inactive): Input[1]
                                          └─ 82 (V = 16, inactive): Op[4] (arity = 1)
                                                 └─ 165 (V = 4, inactive): Input[4]
                                                 └─ 166 (V = 5, inactive): Input[5]
                            └─ 20 (V = 19, active): Op[7] (arity = 1)
                                   └─ 41 (V = 14, active): Op[2] (arity = 2)
                                          └─ 83 (V = 1, active): Input[1]
                                                 └─ 167 (V = 3, inactive): Input[3]
                                                 └─ 168 (V = 5, inactive): Input[5]
                                          └─ 84 (V = 15, active): Op[3] (arity = 2)
                                                 └─ 169 (V = 0, active): Input[0]
                                                 └─ 170 (V = 9, active): Constant[0] -> 2.08876
                                   └─ 42 (V = 15, inactive): Op[3] (arity = 2)
                                          └─ 85 (V = 17, inactive): Op[5] (arity = 1)
                                                 └─ 171 (V = 8, inactive): Input[8]
                                                 └─ 172 (V = 3, inactive): Input[3]
                                          └─ 86 (V = 5, inactive): Input[5]
                                                 └─ 173 (V = 8, inactive): Input[8]
                                                 └─ 174 (V = 0, inactive): Input[0]
                     └─ 10 (V = 17, active): Op[5] (arity = 1)
                            └─ 21 (V = 6, active): Input[6]
                                   └─ 43 (V = 19, inactive): Op[7] (arity = 1)
                                          └─ 87 (V = 19, inactive): Op[7] (arity = 1)
                                                 └─ 175 (V = 4, inactive): Input[4]
                                                 └─ 176 (V = 8, inactive): Input[8]
                                          └─ 88 (V = 9, inactive): Constant[0] -> -5.6164
                                                 └─ 177 (V = 3, inactive): Input[3]
                                                 └─ 178 (V = 2, inactive): Input[2]
                                   └─ 44 (V = 19, inactive): Op[7] (arity = 1)
                                          └─ 89 (V = 3, inactive): Input[3]
                                                 └─ 179 (V = 4, inactive): Input[4]
                                                 └─ 180 (V = 3, inactive): Input[3]
                                          └─ 90 (V = 14, inactive): Op[2] (arity = 2)
                                                 └─ 181 (V = 0, inactive): Input[0]
                                                 └─ 182 (V = 9, inactive): Constant[0] -> -2.652
                            └─ 22 (V = 12, inactive): Op[0] (arity = 2)
                                   └─ 45 (V = 12, inactive): Op[0] (arity = 2)
                                          └─ 91 (V = 15, inactive): Op[3] (arity = 2)
                                                 └─ 183 (V = 1, inactive): Input[1]
                                                 └─ 184 (V = 7, inactive): Input[7]
                                          └─ 92 (V = 14, inactive): Op[2] (arity = 2)
                                                 └─ 185 (V = 1, inactive): Input[1]
                                                 └─ 186 (V = 8, inactive): Input[8]
                                   └─ 46 (V = 19, inactive): Op[7] (arity = 1)
                                          └─ 93 (V = 16, inactive): Op[4] (arity = 1)
                                                 └─ 187 (V = 4, inactive): Input[4]
                                                 └─ 188 (V = 1, inactive): Input[1]
                                          └─ 94 (V = 18, inactive): Op[6] (arity = 1)
                                                 └─ 189 (V = 8, inactive): Input[8]
                                                 └─ 190 (V = 1, inactive): Input[1]
       └─ 2 (V = 18, active): Op[6] (arity = 1)
              └─ 5 (V = 9, active): Constant[0] -> 2.97832
                     └─ 11 (V = 19, inactive): Op[7] (arity = 1)
                            └─ 23 (V = 5, inactive): Input[5]
                                   └─ 47 (V = 15, inactive): Op[3] (arity = 2)
                                          └─ 95 (V = 6, inactive): Input[6]
                                                 └─ 191 (V = 5, inactive): Input[5]
                                                 └─ 192 (V = 2, inactive): Input[2]
                                          └─ 96 (V = 17, inactive): Op[5] (arity = 1)
                                                 └─ 193 (V = 0, inactive): Input[0]
                                                 └─ 194 (V = 4, inactive): Input[4]
                                   └─ 48 (V = 17, inactive): Op[5] (arity = 1)
                                          └─ 97 (V = 3, inactive): Input[3]
                                                 └─ 195 (V = 4, inactive): Input[4]
                                                 └─ 196 (V = 8, inactive): Input[8]
                                          └─ 98 (V = 12, inactive): Op[0] (arity = 2)
                                                 └─ 197 (V = 5, inactive): Input[5]
                                                 └─ 198 (V = 2, inactive): Input[2]
                            └─ 24 (V = 17, inactive): Op[5] (arity = 1)
                                   └─ 49 (V = 6, inactive): Input[6]
                                          └─ 99 (V = 19, inactive): Op[7] (arity = 1)
                                                 └─ 199 (V = 6, inactive): Input[6]
                                                 └─ 200 (V = 2, inactive): Input[2]
                                          └─ 100 (V = 15, inactive): Op[3] (arity = 2)
                                                 └─ 201 (V = 4, inactive): Input[4]
                                                 └─ 202 (V = 8, inactive): Input[8]
                                   └─ 50 (V = 19, inactive): Op[7] (arity = 1)
                                          └─ 101 (V = 19, inactive): Op[7] (arity = 1)
                                                 └─ 203 (V = 6, inactive): Input[6]
                                                 └─ 204 (V = 8, inactive): Input[8]
                                          └─ 102 (V = 17, inactive): Op[5] (arity = 1)
                                                 └─ 205 (V = 5, inactive): Input[5]
                                                 └─ 206 (V = 2, inactive): Input[2]
                     └─ 12 (V = 2, inactive): Input[2]
                            └─ 25 (V = 15, inactive): Op[3] (arity = 2)
                                   └─ 51 (V = 16, inactive): Op[4] (arity = 1)
                                          └─ 103 (V = 2, inactive): Input[2]
                                                 └─ 207 (V = 8, inactive): Input[8]
                                                 └─ 208 (V = 1, inactive): Input[1]
                                          └─ 104 (V = 14, inactive): Op[2] (arity = 2)
                                                 └─ 209 (V = 2, inactive): Input[2]
                                                 └─ 210 (V = 4, inactive): Input[4]
                                   └─ 52 (V = 9, inactive): Constant[0] -> -1.53305
                                          └─ 105 (V = 15, inactive): Op[3] (arity = 2)
                                                 └─ 211 (V = 7, inactive): Input[7]
                                                 └─ 212 (V = 6, inactive): Input[6]
                                          └─ 106 (V = 9, inactive): Constant[0] -> 0.742845
                                                 └─ 213 (V = 1, inactive): Input[1]
                                                 └─ 214 (V = 8, inactive): Input[8]
                            └─ 26 (V = 15, inactive): Op[3] (arity = 2)
                                   └─ 53 (V = 13, inactive): Op[1] (arity = 2)
                                          └─ 107 (V = 8, inactive): Input[8]
                                                 └─ 215 (V = 3, inactive): Input[3]
                                                 └─ 216 (V = 2, inactive): Input[2]
                                          └─ 108 (V = 12, inactive): Op[0] (arity = 2)
                                                 └─ 217 (V = 7, inactive): Input[7]
                                                 └─ 218 (V = 3, inactive): Input[3]
                                   └─ 54 (V = 15, inactive): Op[3] (arity = 2)
                                          └─ 109 (V = 16, inactive): Op[4] (arity = 1)
                                                 └─ 219 (V = 1, inactive): Input[1]
                                                 └─ 220 (V = 1, inactive): Input[1]
                                          └─ 110 (V = 9, inactive): Constant[0] -> 6.08322
                                                 └─ 221 (V = 8, inactive): Input[8]
                                                 └─ 222 (V = 0, inactive): Input[0]
              └─ 6 (V = 14, inactive): Op[2] (arity = 2)
                     └─ 13 (V = 5, inactive): Input[5]
                            └─ 27 (V = 19, inactive): Op[7] (arity = 1)
                                   └─ 55 (V = 8, inactive): Input[8]
                                          └─ 111 (V = 18, inactive): Op[6] (arity = 1)
                                                 └─ 223 (V = 3, inactive): Input[3]
                                                 └─ 224 (V = 0, inactive): Input[0]
                                          └─ 112 (V = 0, inactive): Input[0]
                                                 └─ 225 (V = 5, inactive): Input[5]
                                                 └─ 226 (V = 0, inactive): Input[0]
                                   └─ 56 (V = 18, inactive): Op[6] (arity = 1)
                                          └─ 113 (V = 15, inactive): Op[3] (arity = 2)
                                                 └─ 227 (V = 0, inactive): Input[0]
                                                 └─ 228 (V = 8, inactive): Input[8]
                                          └─ 114 (V = 4, inactive): Input[4]
                                                 └─ 229 (V = 0, inactive): Input[0]
                                                 └─ 230 (V = 9, inactive): Constant[0] -> -1.02755
                            └─ 28 (V = 13, inactive): Op[1] (arity = 2)
                                   └─ 57 (V = 15, inactive): Op[3] (arity = 2)
                                          └─ 115 (V = 14, inactive): Op[2] (arity = 2)
                                                 └─ 231 (V = 2, inactive): Input[2]
                                                 └─ 232 (V = 9, inactive): Constant[0] -> 3.16782
                                          └─ 116 (V = 7, inactive): Input[7]
                                                 └─ 233 (V = 7, inactive): Input[7]
                                                 └─ 234 (V = 5, inactive): Input[5]
                                   └─ 58 (V = 13, inactive): Op[1] (arity = 2)
                                          └─ 117 (V = 0, inactive): Input[0]
                                                 └─ 235 (V = 3, inactive): Input[3]
                                                 └─ 236 (V = 0, inactive): Input[0]
                                          └─ 118 (V = 7, inactive): Input[7]
                                                 └─ 237 (V = 6, inactive): Input[6]
                                                 └─ 238 (V = 2, inactive): Input[2]
                     └─ 14 (V = 9, inactive): Constant[0] -> 5.55402
                            └─ 29 (V = 16, inactive): Op[4] (arity = 1)
                                   └─ 59 (V = 1, inactive): Input[1]
                                          └─ 119 (V = 3, inactive): Input[3]
                                                 └─ 239 (V = 6, inactive): Input[6]
                                                 └─ 240 (V = 1, inactive): Input[1]
                                          └─ 120 (V = 5, inactive): Input[5]
                                                 └─ 241 (V = 4, inactive): Input[4]
                                                 └─ 242 (V = 2, inactive): Input[2]
                                   └─ 60 (V = 12, inactive): Op[0] (arity = 2)
                                          └─ 121 (V = 13, inactive): Op[1] (arity = 2)
                                                 └─ 243 (V = 5, inactive): Input[5]
                                                 └─ 244 (V = 1, inactive): Input[1]
                                          └─ 122 (V = 4, inactive): Input[4]
                                                 └─ 245 (V = 2, inactive): Input[2]
                                                 └─ 246 (V = 0, inactive): Input[0]
                            └─ 30 (V = 12, inactive): Op[0] (arity = 2)
                                   └─ 61 (V = 4, inactive): Input[4]
                                          └─ 123 (V = 19, inactive): Op[7] (arity = 1)
                                                 └─ 247 (V = 3, inactive): Input[3]
                                                 └─ 248 (V = 5, inactive): Input[5]
                                          └─ 124 (V = 18, inactive): Op[6] (arity = 1)
                                                 └─ 249 (V = 6, inactive): Input[6]
                                                 └─ 250 (V = 1, inactive): Input[1]
                                   └─ 62 (V = 13, inactive): Op[1] (arity = 2)
                                          └─ 125 (V = 5, inactive): Input[5]
                                                 └─ 251 (V = 0, inactive): Input[0]
                                                 └─ 252 (V = 6, inactive): Input[6]
                                          └─ 126 (V = 12, inactive): Op[0] (arity = 2)
                                                 └─ 253 (V = 2, inactive): Input[2]
                                                 └─ 254 (V = 7, inactive): Input[7]
","((sin(((x0 - sin((x5 - x8))) + x5)) - ((log(((x0 + x3) + (x2 - x3))) * sqrt((x1 * (x0 / 2.0887604574390046)))) - cos(x6))) + log(2.9783159498701473))",2.29223,"[2.29223]",0
Running,273237,11,8.00991261,6.534494298,1.475418312,1024,12,modular_1,single_kernel_inplace,1024,666,9,2,7,modular,0,0,3324115916,4.1594454033974815,3324115916,"[10,11,16,14,11,9,12,10,14,12,15,17,11,12,16,11,5,12,17,16,12,6,12,17,11,17,13,12,11,9,13,0,14,17,17,15,15,17,13,10,10,12,9,17,13,16,17,7,10,16,11,14,9,11,12,12,11,5,15,0,11,4,11,15,14,11,14,17,10,11,14,10,17,9,14,7,11,1,2,10,11,0,6,1,14,15,5,17,14,10,16,17,15,14,17,17,15,14,10,0,13,12,14,7,12,10,7,8,14,15,11,13,2,16,4,14,12,0,1,12,13,16,1,16,11,15,2,9,8,1,3,5,4,0,0,5,9,4,1,3,9,3,1,5,2,0,5,3,7,0,7,7,6,5,7,1,4,9,0,0,3,2,3,8,2,3,4,3,6,0,9,2,3,5,6,3,8,4,9,0,7,0,0,1,5,1,9,5,1,8,4,0,8,1,2,8,2,3,1,7,2,0,2,6,1,5,2,3,1,5,4,7,0,0,3,6,6,8,9,1,4,3,3,2,7,8,1,5,2,4,5,9,0,0,6,9,5,4,2,9,2,8,2,1,1,7,7,7,1,6,6,7,5,1,7]","[1,1,1,1,1,1,0,1,0,1,1,0,0,0,0,1,1,0,0,1,1,1,0,0,0,0,0,0,0,0,0,1,1,0,0,0,0,0,0,1,0,1,1,0,0,0,0,0,0,0,0,0,0,0,0,0,0,0,0,0,0,0,0,0,0,1,0,0,0,0,0,0,0,0,0,0,0,0,0,1,1,0,0,1,1,0,0,0,0,0,0,0,0,0,0,0,0,0,0,0,0,0,0,0,0,0,0,0,0,0,0,0,0,0,0,0,0,0,0,0,0,0,0,0,0,0,0,0,0,0,0,1,1,0,0,0,0,0,0,0,0,0,0,0,0,0,0,0,0,0,0,0,0,0,0,0,0,0,0,1,1,1,1,0,0,0,0,0,0,1,0,0,0,0,0,0,0,0,0,0,0,0,0,0,0,0,0,0,0,0,0,0,0,0,0,0,0,0,0,0,0,0,0,0,0,0,0,0,0,0,0,0,0,0,0,0,0,0,0,0,0,0,0,0,0,0,0,0,0,0,0,0,0,0,0,0,0,0,0,0,0,0,0,0,0,0,0,0,0,0,0,0,0,0,0]","[-4.93417,-0.845788,1.04072,1.61602,0.975812,2.97832,1.32847,2.28526,-3.33097,-1.46869,-0.612813,-0.540739,-5.49512,3.79475,-4.72796,5.77822,3.05634,-0.410203,-5.84296,1.7712,-6.06455,-5.0382,1.90218,-2.74021,-5.45111,-4.38923,-2.57949,5.21441,5.8794,-5.14823,4.94445,5.64597,-1.35778,-5.22693,-2.26474,3.73459,1.32141,-1.87197,-3.55355,1.16019,-3.71706,-2.92751,0.61909,-3.85848,4.51955,-3.50027,5.63502,-1.39049,1.20581,-1.06151,1.58559,1.96882,-1.53305,-3.8597,1.53616,0.523947,-2.7503,-3.95077,-1.56046,4.22075,4.48545,1.89717,1.13963,4.27462,-2.23837,-5.64749,4.01701,-5.0336,0.0207985,-1.91986,-4.78738,-0.706306,4.09912,-5.67502,-1.34923,-0.126507,3.2111,3.36084,-0.339651,4.09723,2.1721,-2.28405,-5.00264,-5.56352,5.94932,0.197581,2.5504,-5.02349,-2.7666,-2.14052,-1.77533,-2.03704,-3.67619,-5.15402,2.92271,4.64574,1.58194,-0.839187,3.52783,1.62605,2.73749,0.634562,6.0353,3.8876,2.18734,-5.30634,2.42156,0.852452,4.35696,5.78291,5.61912,-2.80448,-3.12411,-0.318243,-4.12876,-5.75078,3.22101,-2.50889,1.12449,-1.02118,-5.74315,-5.11544,1.22645,-3.04295,-4.61958,-4.31277,5.30745,-2.02357,1.00732,-3.49219,-1.23706,-3.64817,0.173271,-4.99117,2.80233,3.73128,1.55758,3.70677,1.6098,5.25718,0.799054,-0.485786,3.4741,-0.599289,3.08475,-3.08342,0.688304,-0.347488,3.54876,1.99183,5.74865,-3.52155,0.0640921,-3.01016,3.43767,3.15942,-1.83773,1.23283,2.24191,1.95027,1.14949,4.69688,-5.39652,2.54826,2.83153,2.25628,-2.25378,0.302185,-1.96934,2.45678,2.08876,-2.44947,5.55242,-1.31126,-0.558371,1.96398,-3.12839,3.49634,1.30603,-4.76297,5.96429,1.28301,5.96739,0.455714,-1.3054,-2.13286,-2.48362,-1.8119,-3.65145,0.964096,-5.73675,0.324356,2.42431,-0.813811,-3.41833,-0.806431,5.42754,-0.250888,-5.2884,2.34546,5.54629,3.55116,-3.68862,4.06805,4.49423,4.48424,-2.93772,-4.53486,3.72977,-2.49393,-5.87808,2.44513,-5.03928,2.0128,1.57222,3.90517,3.46638,-0.914118,-5.7406,1.92965,-2.55419,1.43286,1.76964,2.36204,2.88223,-0.0701741,2.72075,1.93097,-3.9944,-5.08366,3.97452,-3.58642,1.45517,-0.0509855,-2.42554,-2.8232,4.96588,-5.1435,5.29477,-0.102353,-5.89386,1.55226,2.40405,2.03475,1.02779,1.57845,-4.82628,4.38218,0.429538,3.28112,2.96898,-1.27195,-3.11562,2.69133,6.08677]","[0,0,0,0,0,1,0,0,0,0,0,0,0,0,0,0,0,0,0,0,0,0,0,0,0,0,0,0,0,0,0,0,0,0,0,0,0,0,0,0,0,0,1,0,0,0,0,0,0,0,0,0,0,0,0,0,0,0,0,0,0,0,0,0,0,0,0,0,0,0,0,0,0,0,0,0,0,0,0,0,0,0,0,0,0,0,0,0,0,0,0,0,0,0,0,0,0,0,0,0,0,0,0,0,0,0,0,0,0,0,0,0,0,0,0,0,0,0,0,0,0,0,0,0,0,0,0,0,0,0,0,0,0,0,0,0,0,0,0,0,0,0,0,0,0,0,0,0,0,0,0,0,0,0,0,0,0,0,0,0,0,0,0,0,0,0,0,0,0,0,0,0,0,0,0,0,0,0,0,0,0,0,0,0,0,0,0,0,0,0,0,0,0,0,0,0,0,0,0,0,0,0,0,0,0,0,0,0,0,0,0,0,0,0,0,0,0,0,0,0,0,0,0,0,0,0,0,0,0,0,0,0,0,0,0,0,0,0,0,0,0,0,0,0,0,0,0,0,0,0,0,0,0,0,0]","Output
└─ 0 (V = 12, active): Op[0] (arity = 2)
       └─ 1 (V = 13, active): Op[1] (arity = 2)
              └─ 3 (V = 16, active): Op[4] (arity = 1)
                     └─ 7 (V = 12, active): Op[0] (arity = 2)
                            └─ 15 (V = 13, active): Op[1] (arity = 2)
                                   └─ 31 (V = 0, active): Input[0]
                                          └─ 63 (V = 17, inactive): Op[5] (arity = 1)
                                                 └─ 127 (V = 9, inactive): Constant[0] -> -2.02357
                                                 └─ 128 (V = 8, inactive): Input[8]
                                          └─ 64 (V = 16, inactive): Op[4] (arity = 1)
                                                 └─ 129 (V = 1, inactive): Input[1]
                                                 └─ 130 (V = 3, inactive): Input[3]
                                   └─ 32 (V = 16, active): Op[4] (arity = 1)
                                          └─ 65 (V = 13, active): Op[1] (arity = 2)
                                                 └─ 131 (V = 5, active): Input[5]
                                                 └─ 132 (V = 4, active): Input[4]
                                          └─ 66 (V = 16, inactive): Op[4] (arity = 1)
                                                 └─ 133 (V = 0, inactive): Input[0]
                                                 └─ 134 (V = 0, inactive): Input[0]
                            └─ 16 (V = 5, active): Input[5]
                                   └─ 33 (V = 19, inactive): Op[7] (arity = 1)
                                          └─ 67 (V = 19, inactive): Op[7] (arity = 1)
                                                 └─ 135 (V = 5, inactive): Input[5]
                                                 └─ 136 (V = 9, inactive): Constant[0] -> 1.55758
                                          └─ 68 (V = 12, inactive): Op[0] (arity = 2)
                                                 └─ 137 (V = 4, inactive): Input[4]
                                                 └─ 138 (V = 1, inactive): Input[1]
                                   └─ 34 (V = 19, inactive): Op[7] (arity = 1)
                                          └─ 69 (V = 13, inactive): Op[1] (arity = 2)
                                                 └─ 139 (V = 3, inactive): Input[3]
                                                 └─ 140 (V = 9, inactive): Constant[0] -> 0.799054
                                          └─ 70 (V = 16, inactive): Op[4] (arity = 1)
                                                 └─ 141 (V = 3, inactive): Input[3]
                                                 └─ 142 (V = 1, inactive): Input[1]
                     └─ 8 (V = 16, inactive): Op[4] (arity = 1)
                            └─ 17 (V = 14, inactive): Op[2] (arity = 2)
                                   └─ 35 (V = 17, inactive): Op[5] (arity = 1)
                                          └─ 71 (V = 12, inactive): Op[0] (arity = 2)
                                                 └─ 143 (V = 5, inactive): Input[5]
                                                 └─ 144 (V = 2, inactive): Input[2]
                                          └─ 72 (V = 19, inactive): Op[7] (arity = 1)
                                                 └─ 145 (V = 0, inactive): Input[0]
                                                 └─ 146 (V = 5, inactive): Input[5]
                                   └─ 36 (V = 17, inactive): Op[5] (arity = 1)
                                          └─ 73 (V = 9, inactive): Constant[0] -> -5.67502
                                                 └─ 147 (V = 3, inactive): Input[3]
                                                 └─ 148 (V = 7, inactive): Input[7]
                                          └─ 74 (V = 16, inactive): Op[4] (arity = 1)
                                                 └─ 149 (V = 0, inactive): Input[0]
                                                 └─ 150 (V = 7, inactive): Input[7]
                            └─ 18 (V = 19, inactive): Op[7] (arity = 1)
                                   └─ 37 (V = 19, inactive): Op[7] (arity = 1)
                                          └─ 75 (V = 7, inactive): Input[7]
                                                 └─ 151 (V = 7, inactive): Input[7]
                                                 └─ 152 (V = 6, inactive): Input[6]
                                          └─ 76 (V = 13, inactive): Op[1] (arity = 2)
                                                 └─ 153 (V = 5, inactive): Input[5]
                                                 └─ 154 (V = 7, inactive): Input[7]
                                   └─ 38 (V = 15, inactive): Op[3] (arity = 2)
                                          └─ 77 (V = 1, inactive): Input[1]
                                                 └─ 155 (V = 1, inactive): Input[1]
                                                 └─ 156 (V = 4, inactive): Input[4]
                                          └─ 78 (V = 2, inactive): Input[2]
                                                 └─ 157 (V = 9, inactive): Constant[0] -> 1.23283
                                                 └─ 158 (V = 0, inactive): Input[0]
              └─ 4 (V = 13, active): Op[1] (arity = 2)
                     └─ 9 (V = 14, active): Op[2] (arity = 2)
                            └─ 19 (V = 18, active): Op[6] (arity = 1)
                                   └─ 39 (V = 12, active): Op[0] (arity = 2)
                                          └─ 79 (V = 12, active): Op[0] (arity = 2)
                                                 └─ 159 (V = 0, active): Input[0]
                                                 └─ 160 (V = 3, active): Input[3]
                                          └─ 80 (V = 13, active): Op[1] (arity = 2)
                                                 └─ 161 (V = 2, active): Input[2]
                                                 └─ 162 (V = 3, active): Input[3]
                                   └─ 40 (V = 12, inactive): Op[0] (arity = 2)
                                          └─ 81 (V = 0, inactive): Input[0]
                                                 └─ 163 (V = 8, inactive): Input[8]
                                                 └─ 164 (V = 2, inactive): Input[2]
                                          └─ 82 (V = 6, inactive): Input[6]
                                                 └─ 165 (V = 3, inactive): Input[3]
                                                 └─ 166 (V = 4, inactive): Input[4]
                            └─ 20 (V = 14, active): Op[2] (arity = 2)
                                   └─ 41 (V = 14, active): Op[2] (arity = 2)
                                          └─ 83 (V = 1, active): Input[1]
                                                 └─ 167 (V = 3, inactive): Input[3]
                                                 └─ 168 (V = 6, inactive): Input[6]
                                          └─ 84 (V = 16, active): Op[4] (arity = 1)
                                                 └─ 169 (V = 0, active): Input[0]
                                                 └─ 170 (V = 9, inactive): Constant[0] -> 2.08876
                                   └─ 42 (V = 9, active): Constant[0] -> 0.61909
                                          └─ 85 (V = 17, inactive): Op[5] (arity = 1)
                                                 └─ 171 (V = 2, inactive): Input[2]
                                                 └─ 172 (V = 3, inactive): Input[3]
                                          └─ 86 (V = 5, inactive): Input[5]
                                                 └─ 173 (V = 5, inactive): Input[5]
                                                 └─ 174 (V = 6, inactive): Input[6]
                     └─ 10 (V = 17, active): Op[5] (arity = 1)
                            └─ 21 (V = 6, active): Input[6]
                                   └─ 43 (V = 19, inactive): Op[7] (arity = 1)
                                          └─ 87 (V = 19, inactive): Op[7] (arity = 1)
                                                 └─ 175 (V = 3, inactive): Input[3]
                                                 └─ 176 (V = 8, inactive): Input[8]
                                          └─ 88 (V = 16, inactive): Op[4] (arity = 1)
                                                 └─ 177 (V = 4, inactive): Input[4]
                                                 └─ 178 (V = 9, inactive): Constant[0] -> 1.30603
                                   └─ 44 (V = 15, inactive): Op[3] (arity = 2)
                                          └─ 89 (V = 12, inactive): Op[0] (arity = 2)
                                                 └─ 179 (V = 0, inactive): Input[0]
                                                 └─ 180 (V = 7, inactive): Input[7]
                                          └─ 90 (V = 18, inactive): Op[6] (arity = 1)
                                                 └─ 181 (V = 0, inactive): Input[0]
                                                 └─ 182 (V = 0, inactive): Input[0]
                            └─ 22 (V = 14, inactive): Op[2] (arity = 2)
                                   └─ 45 (V = 18, inactive): Op[6] (arity = 1)
                                          └─ 91 (V = 19, inactive): Op[7] (arity = 1)
                                                 └─ 183 (V = 1, inactive): Input[1]
                                                 └─ 184 (V = 5, inactive): Input[5]
                                          └─ 92 (V = 17, inactive): Op[5] (arity = 1)
                                                 └─ 185 (V = 1, inactive): Input[1]
                                                 └─ 186 (V = 9, inactive): Constant[0] -> -2.48362
                                   └─ 46 (V = 19, inactive): Op[7] (arity = 1)
                                          └─ 93 (V = 16, inactive): Op[4] (arity = 1)
                                                 └─ 187 (V = 5, inactive): Input[5]
                                                 └─ 188 (V = 1, inactive): Input[1]
                                          └─ 94 (V = 19, inactive): Op[7] (arity = 1)
                                                 └─ 189 (V = 8, inactive): Input[8]
                                                 └─ 190 (V = 4, inactive): Input[4]
       └─ 2 (V = 18, active): Op[6] (arity = 1)
              └─ 5 (V = 9, active): Constant[0] -> 2.97832
                     └─ 11 (V = 19, inactive): Op[7] (arity = 1)
                            └─ 23 (V = 19, inactive): Op[7] (arity = 1)
                                   └─ 47 (V = 7, inactive): Input[7]
                                          └─ 95 (V = 19, inactive): Op[7] (arity = 1)
                                                 └─ 191 (V = 0, inactive): Input[0]
                                                 └─ 192 (V = 8, inactive): Input[8]
                                          └─ 96 (V = 17, inactive): Op[5] (arity = 1)
                                                 └─ 193 (V = 1, inactive): Input[1]
                                                 └─ 194 (V = 2, inactive): Input[2]
                                   └─ 48 (V = 12, inactive): Op[0] (arity = 2)
                                          └─ 97 (V = 16, inactive): Op[4] (arity = 1)
                                                 └─ 195 (V = 8, inactive): Input[8]
                                                 └─ 196 (V = 2, inactive): Input[2]
                                          └─ 98 (V = 12, inactive): Op[0] (arity = 2)
                                                 └─ 197 (V = 3, inactive): Input[3]
                                                 └─ 198 (V = 1, inactive): Input[1]
                            └─ 24 (V = 13, inactive): Op[1] (arity = 2)
                                   └─ 49 (V = 18, inactive): Op[6] (arity = 1)
                                          └─ 99 (V = 0, inactive): Input[0]
                                                 └─ 199 (V = 7, inactive): Input[7]
                                                 └─ 200 (V = 2, inactive): Input[2]
                                          └─ 100 (V = 15, inactive): Op[3] (arity = 2)
                                                 └─ 201 (V = 0, inactive): Input[0]
                                                 └─ 202 (V = 2, inactive): Input[2]
                                   └─ 50 (V = 13, inactive): Op[1] (arity = 2)
                                          └─ 101 (V = 14, inactive): Op[2] (arity = 2)
                                                 └─ 203 (V = 6, inactive): Input[6]
                                                 └─ 204 (V = 1, inactive): Input[1]
                                          └─ 102 (V = 16, inactive): Op[4] (arity = 1)
                                                 └─ 205 (V = 5, inactive): Input[5]
                                                 └─ 206 (V = 2, inactive): Input[2]
                     └─ 12 (V = 13, inactive): Op[1] (arity = 2)
                            └─ 25 (V = 19, inactive): Op[7] (arity = 1)
                                   └─ 51 (V = 16, inactive): Op[4] (arity = 1)
                                          └─ 103 (V = 7, inactive): Input[7]
                                                 └─ 207 (V = 3, inactive): Input[3]
                                                 └─ 208 (V = 1, inactive): Input[1]
                                          └─ 104 (V = 14, inactive): Op[2] (arity = 2)
                                                 └─ 209 (V = 5, inactive): Input[5]
                                                 └─ 210 (V = 4, inactive): Input[4]
                                   └─ 52 (V = 9, inactive): Constant[0] -> -1.53305
                                          └─ 105 (V = 12, inactive): Op[0] (arity = 2)
                                                 └─ 211 (V = 7, inactive): Input[7]
                                                 └─ 212 (V = 0, inactive): Input[0]
                                          └─ 106 (V = 7, inactive): Input[7]
                                                 └─ 213 (V = 0, inactive): Input[0]
                                                 └─ 214 (V = 3, inactive): Input[3]
                            └─ 26 (V = 15, inactive): Op[3] (arity = 2)
                                   └─ 53 (V = 13, inactive): Op[1] (arity = 2)
                                          └─ 107 (V = 8, inactive): Input[8]
                                                 └─ 215 (V = 6, inactive): Input[6]
                                                 └─ 216 (V = 6, inactive): Input[6]
                                          └─ 108 (V = 16, inactive): Op[4] (arity = 1)
                                                 └─ 217 (V = 8, inactive): Input[8]
                                                 └─ 218 (V = 9, inactive): Constant[0] -> -5.7406
                                   └─ 54 (V = 14, inactive): Op[2] (arity = 2)
                                          └─ 109 (V = 17, inactive): Op[5] (arity = 1)
                                                 └─ 219 (V = 1, inactive): Input[1]
                                                 └─ 220 (V = 4, inactive): Input[4]
                                          └─ 110 (V = 13, inactive): Op[1] (arity = 2)
                                                 └─ 221 (V = 3, inactive): Input[3]
                                                 └─ 222 (V = 3, inactive): Input[3]
              └─ 6 (V = 14, inactive): Op[2] (arity = 2)
                     └─ 13 (V = 14, inactive): Op[2] (arity = 2)
                            └─ 27 (V = 14, inactive): Op[2] (arity = 2)
                                   └─ 55 (V = 14, inactive): Op[2] (arity = 2)
                                          └─ 111 (V = 15, inactive): Op[3] (arity = 2)
                                                 └─ 223 (V = 2, inactive): Input[2]
                                                 └─ 224 (V = 7, inactive): Input[7]
                                          └─ 112 (V = 2, inactive): Input[2]
                                                 └─ 225 (V = 8, inactive): Input[8]
                                                 └─ 226 (V = 1, inactive): Input[1]
                                   └─ 56 (V = 13, inactive): Op[1] (arity = 2)
                                          └─ 113 (V = 18, inactive): Op[6] (arity = 1)
                                                 └─ 227 (V = 5, inactive): Input[5]
                                                 └─ 228 (V = 2, inactive): Input[2]
                                          └─ 114 (V = 4, inactive): Input[4]
                                                 └─ 229 (V = 4, inactive): Input[4]
                                                 └─ 230 (V = 5, inactive): Input[5]
                            └─ 28 (V = 13, inactive): Op[1] (arity = 2)
                                   └─ 57 (V = 5, inactive): Input[5]
                                          └─ 115 (V = 16, inactive): Op[4] (arity = 1)
                                                 └─ 231 (V = 9, inactive): Constant[0] -> -3.58642
                                                 └─ 232 (V = 0, inactive): Input[0]
                                          └─ 116 (V = 14, inactive): Op[2] (arity = 2)
                                                 └─ 233 (V = 0, inactive): Input[0]
                                                 └─ 234 (V = 6, inactive): Input[6]
                                   └─ 58 (V = 17, inactive): Op[5] (arity = 1)
                                          └─ 117 (V = 0, inactive): Input[0]
                                                 └─ 235 (V = 9, inactive): Constant[0] -> -2.8232
                                                 └─ 236 (V = 5, inactive): Input[5]
                                          └─ 118 (V = 1, inactive): Input[1]
                                                 └─ 237 (V = 4, inactive): Input[4]
                                                 └─ 238 (V = 2, inactive): Input[2]
                     └─ 14 (V = 18, inactive): Op[6] (arity = 1)
                            └─ 29 (V = 9, inactive): Constant[0] -> -5.14823
                                   └─ 59 (V = 0, inactive): Input[0]
                                          └─ 119 (V = 14, inactive): Op[2] (arity = 2)
                                                 └─ 239 (V = 9, inactive): Constant[0] -> -0.102353
                                                 └─ 240 (V = 2, inactive): Input[2]
                                          └─ 120 (V = 15, inactive): Op[3] (arity = 2)
                                                 └─ 241 (V = 8, inactive): Input[8]
                                                 └─ 242 (V = 2, inactive): Input[2]
                                   └─ 60 (V = 13, inactive): Op[1] (arity = 2)
                                          └─ 121 (V = 18, inactive): Op[6] (arity = 1)
                                                 └─ 243 (V = 1, inactive): Input[1]
                                                 └─ 244 (V = 1, inactive): Input[1]
                                          └─ 122 (V = 1, inactive): Input[1]
                                                 └─ 245 (V = 7, inactive): Input[7]
                                                 └─ 246 (V = 7, inactive): Input[7]
                            └─ 30 (V = 15, inactive): Op[3] (arity = 2)
                                   └─ 61 (V = 4, inactive): Input[4]
                                          └─ 123 (V = 18, inactive): Op[6] (arity = 1)
                                                 └─ 247 (V = 7, inactive): Input[7]
                                                 └─ 248 (V = 1, inactive): Input[1]
                                          └─ 124 (V = 13, inactive): Op[1] (arity = 2)
                                                 └─ 249 (V = 6, inactive): Input[6]
                                                 └─ 250 (V = 6, inactive): Input[6]
                                   └─ 62 (V = 13, inactive): Op[1] (arity = 2)
                                          └─ 125 (V = 17, inactive): Op[5] (arity = 1)
                                                 └─ 251 (V = 7, inactive): Input[7]
                                                 └─ 252 (V = 5, inactive): Input[5]
                                          └─ 126 (V = 2, inactive): Input[2]
                                                 └─ 253 (V = 1, inactive): Input[1]
                                                 └─ 254 (V = 7, inactive): Input[7]
","((sin(((x0 - sin((x5 - x4))) + x5)) - ((log(((x0 + x3) + (x2 - x3))) * ((x1 * sin(x0)) * 0.6190896037747002)) - cos(x6))) + log(2.9783159498701473))",2.25621,"[2.25621]",0
Running,278649,14,8.956301966,7.431831337,1.524470629,1024,1,modular_1,single_kernel_inplace,1024,666,9,2,7,modular,0,0,3324115916,4.1594454033974815,3324115916,"[10,11,16,14,11,9,12,10,14,12,15,17,11,12,16,11,5,12,17,16,12,6,12,17,11,17,13,12,11,9,13,0,14,17,17,15,15,17,13,10,10,12,9,17,13,16,17,7,10,16,11,14,9,11,12,12,11,5,15,0,11,4,11,15,14,11,14,17,10,11,14,10,17,9,14,7,11,1,2,10,11,0,6,1,14,15,5,17,14,10,16,17,15,14,17,17,15,14,10,0,13,12,14,7,12,10,7,8,14,15,11,13,2,16,4,14,12,0,1,12,13,16,1,16,11,15,2,9,8,1,3,5,4,0,0,5,9,4,1,3,9,3,1,5,2,0,5,3,7,0,7,7,6,5,7,1,4,9,0,0,3,2,3,8,2,3,4,3,6,0,9,2,3,5,6,3,8,4,9,0,7,0,0,1,5,1,9,5,1,8,4,0,8,1,2,8,2,3,1,7,2,0,2,6,1,5,2,3,1,5,4,7,0,0,3,6,6,8,9,1,4,3,3,2,7,8,1,5,2,4,5,9,0,0,6,9,5,4,2,9,2,8,2,1,1,7,7,7,1,6,6,7,5,1,7]","[1,1,1,1,1,1,0,1,0,1,1,0,0,0,0,1,1,0,0,1,1,1,0,0,0,0,0,0,0,0,0,1,1,0,0,0,0,0,0,1,0,1,1,0,0,0,0,0,0,0,0,0,0,0,0,0,0,0,0,0,0,0,0,0,0,1,0,0,0,0,0,0,0,0,0,0,0,0,0,1,1,0,0,1,1,0,0,0,0,0,0,0,0,0,0,0,0,0,0,0,0,0,0,0,0,0,0,0,0,0,0,0,0,0,0,0,0,0,0,0,0,0,0,0,0,0,0,0,0,0,0,1,1,0,0,0,0,0,0,0,0,0,0,0,0,0,0,0,0,0,0,0,0,0,0,0,0,0,0,1,1,1,1,0,0,0,0,0,0,1,0,0,0,0,0,0,0,0,0,0,0,0,0,0,0,0,0,0,0,0,0,0,0,0,0,0,0,0,0,0,0,0,0,0,0,0,0,0,0,0,0,0,0,0,0,0,0,0,0,0,0,0,0,0,0,0,0,0,0,0,0,0,0,0,0,0,0,0,0,0,0,0,0,0,0,0,0,0,0,0,0,0,0,0,0]","[-4.93417,-0.845788,1.04072,1.61602,0.975812,2.97832,1.32847,2.28526,-3.33097,-1.46869,-0.612813,-0.540739,-5.49512,3.79475,-4.72796,5.77822,3.05634,-0.410203,-5.84296,1.7712,-6.06455,-5.0382,1.90218,-2.74021,-5.45111,-4.38923,-2.57949,5.21441,5.8794,-5.14823,4.94445,5.64597,-1.35778,-5.22693,-2.26474,3.73459,1.32141,-1.87197,-3.55355,1.16019,-3.71706,-2.92751,0.61909,-3.85848,4.51955,-3.50027,5.63502,-1.39049,1.20581,-1.06151,1.58559,1.96882,-1.53305,-3.8597,1.53616,0.523947,-2.7503,-3.95077,-1.56046,4.22075,4.48545,1.89717,1.13963,4.27462,-2.23837,-5.64749,4.01701,-5.0336,0.0207985,-1.91986,-4.78738,-0.706306,4.09912,-5.67502,-1.34923,-0.126507,3.2111,3.36084,-0.339651,4.09723,2.1721,-2.28405,-5.00264,-5.56352,5.94932,0.197581,2.5504,-5.02349,-2.7666,-2.14052,-1.77533,-2.03704,-3.67619,-5.15402,2.92271,4.64574,1.58194,-0.839187,3.52783,1.62605,2.73749,0.634562,6.0353,3.8876,2.18734,-5.30634,2.42156,0.852452,4.35696,5.78291,5.61912,-2.80448,-3.12411,-0.318243,-4.12876,-5.75078,3.22101,-2.50889,1.12449,-1.02118,-5.74315,-5.11544,1.22645,-3.04295,-4.61958,-4.31277,5.30745,-2.02357,1.00732,-3.49219,-1.23706,-3.64817,0.173271,-4.99117,2.80233,3.73128,1.55758,3.70677,1.6098,5.25718,0.799054,-0.485786,3.4741,-0.599289,3.08475,-3.08342,0.688304,-0.347488,3.54876,1.99183,5.74865,-3.52155,0.0640921,-3.01016,3.43767,3.15942,-1.83773,1.23283,2.24191,1.95027,1.14949,4.69688,-5.39652,2.54826,2.83153,2.25628,-2.25378,0.302185,-1.96934,2.45678,2.08876,-2.44947,5.55242,-1.31126,-0.558371,1.96398,-3.12839,3.49634,1.30603,-4.76297,5.96429,1.28301,5.96739,0.455714,-1.3054,-2.13286,-2.48362,-1.8119,-3.65145,0.964096,-5.73675,0.324356,2.42431,-0.813811,-3.41833,-0.806431,5.42754,-0.250888,-5.2884,2.34546,5.54629,3.55116,-3.68862,4.06805,4.49423,4.48424,-2.93772,-4.53486,3.72977,-2.49393,-5.87808,2.44513,-5.03928,2.0128,1.57222,3.90517,3.46638,-0.914118,-5.7406,1.92965,-2.55419,1.43286,1.76964,2.36204,2.88223,-0.0701741,2.72075,1.93097,-3.9944,-5.08366,3.97452,-3.58642,1.45517,-0.0509855,-2.42554,-2.8232,4.96588,-5.1435,5.29477,-0.102353,-5.89386,1.55226,2.40405,2.03475,1.02779,1.57845,-4.82628,4.38218,0.429538,3.28112,2.96898,-1.27195,-3.11562,2.69133,6.08677]","[0,0,0,0,0,1,0,0,0,0,0,0,0,0,0,0,0,0,0,0,0,0,0,0,0,0,0,0,0,0,0,0,0,0,0,0,0,0,0,0,0,0,1,0,0,0,0,0,0,0,0,0,0,0,0,0,0,0,0,0,0,0,0,0,0,0,0,0,0,0,0,0,0,0,0,0,0,0,0,0,0,0,0,0,0,0,0,0,0,0,0,0,0,0,0,0,0,0,0,0,0,0,0,0,0,0,0,0,0,0,0,0,0,0,0,0,0,0,0,0,0,0,0,0,0,0,0,0,0,0,0,0,0,0,0,0,0,0,0,0,0,0,0,0,0,0,0,0,0,0,0,0,0,0,0,0,0,0,0,0,0,0,0,0,0,0,0,0,0,0,0,0,0,0,0,0,0,0,0,0,0,0,0,0,0,0,0,0,0,0,0,0,0,0,0,0,0,0,0,0,0,0,0,0,0,0,0,0,0,0,0,0,0,0,0,0,0,0,0,0,0,0,0,0,0,0,0,0,0,0,0,0,0,0,0,0,0,0,0,0,0,0,0,0,0,0,0,0,0,0,0,0,0,0,0]","Output
└─ 0 (V = 12, active): Op[0] (arity = 2)
       └─ 1 (V = 13, active): Op[1] (arity = 2)
              └─ 3 (V = 16, active): Op[4] (arity = 1)
                     └─ 7 (V = 12, active): Op[0] (arity = 2)
                            └─ 15 (V = 13, active): Op[1] (arity = 2)
                                   └─ 31 (V = 0, active): Input[0]
                                          └─ 63 (V = 17, inactive): Op[5] (arity = 1)
                                                 └─ 127 (V = 9, inactive): Constant[0] -> -2.02357
                                                 └─ 128 (V = 8, inactive): Input[8]
                                          └─ 64 (V = 16, inactive): Op[4] (arity = 1)
                                                 └─ 129 (V = 1, inactive): Input[1]
                                                 └─ 130 (V = 3, inactive): Input[3]
                                   └─ 32 (V = 16, active): Op[4] (arity = 1)
                                          └─ 65 (V = 13, active): Op[1] (arity = 2)
                                                 └─ 131 (V = 5, active): Input[5]
                                                 └─ 132 (V = 4, active): Input[4]
                                          └─ 66 (V = 16, inactive): Op[4] (arity = 1)
                                                 └─ 133 (V = 0, inactive): Input[0]
                                                 └─ 134 (V = 0, inactive): Input[0]
                            └─ 16 (V = 5, active): Input[5]
                                   └─ 33 (V = 19, inactive): Op[7] (arity = 1)
                                          └─ 67 (V = 19, inactive): Op[7] (arity = 1)
                                                 └─ 135 (V = 5, inactive): Input[5]
                                                 └─ 136 (V = 9, inactive): Constant[0] -> 1.55758
                                          └─ 68 (V = 12, inactive): Op[0] (arity = 2)
                                                 └─ 137 (V = 4, inactive): Input[4]
                                                 └─ 138 (V = 1, inactive): Input[1]
                                   └─ 34 (V = 19, inactive): Op[7] (arity = 1)
                                          └─ 69 (V = 13, inactive): Op[1] (arity = 2)
                                                 └─ 139 (V = 3, inactive): Input[3]
                                                 └─ 140 (V = 9, inactive): Constant[0] -> 0.799054
                                          └─ 70 (V = 16, inactive): Op[4] (arity = 1)
                                                 └─ 141 (V = 3, inactive): Input[3]
                                                 └─ 142 (V = 1, inactive): Input[1]
                     └─ 8 (V = 16, inactive): Op[4] (arity = 1)
                            └─ 17 (V = 14, inactive): Op[2] (arity = 2)
                                   └─ 35 (V = 17, inactive): Op[5] (arity = 1)
                                          └─ 71 (V = 12, inactive): Op[0] (arity = 2)
                                                 └─ 143 (V = 5, inactive): Input[5]
                                                 └─ 144 (V = 2, inactive): Input[2]
                                          └─ 72 (V = 19, inactive): Op[7] (arity = 1)
                                                 └─ 145 (V = 0, inactive): Input[0]
                                                 └─ 146 (V = 5, inactive): Input[5]
                                   └─ 36 (V = 17, inactive): Op[5] (arity = 1)
                                          └─ 73 (V = 9, inactive): Constant[0] -> -5.67502
                                                 └─ 147 (V = 3, inactive): Input[3]
                                                 └─ 148 (V = 7, inactive): Input[7]
                                          └─ 74 (V = 16, inactive): Op[4] (arity = 1)
                                                 └─ 149 (V = 0, inactive): Input[0]
                                                 └─ 150 (V = 7, inactive): Input[7]
                            └─ 18 (V = 19, inactive): Op[7] (arity = 1)
                                   └─ 37 (V = 19, inactive): Op[7] (arity = 1)
                                          └─ 75 (V = 7, inactive): Input[7]
                                                 └─ 151 (V = 7, inactive): Input[7]
                                                 └─ 152 (V = 6, inactive): Input[6]
                                          └─ 76 (V = 13, inactive): Op[1] (arity = 2)
                                                 └─ 153 (V = 5, inactive): Input[5]
                                                 └─ 154 (V = 7, inactive): Input[7]
                                   └─ 38 (V = 15, inactive): Op[3] (arity = 2)
                                          └─ 77 (V = 1, inactive): Input[1]
                                                 └─ 155 (V = 1, inactive): Input[1]
                                                 └─ 156 (V = 4, inactive): Input[4]
                                          └─ 78 (V = 2, inactive): Input[2]
                                                 └─ 157 (V = 9, inactive): Constant[0] -> 1.23283
                                                 └─ 158 (V = 0, inactive): Input[0]
              └─ 4 (V = 13, active): Op[1] (arity = 2)
                     └─ 9 (V = 14, active): Op[2] (arity = 2)
                            └─ 19 (V = 18, active): Op[6] (arity = 1)
                                   └─ 39 (V = 12, active): Op[0] (arity = 2)
                                          └─ 79 (V = 12, active): Op[0] (arity = 2)
                                                 └─ 159 (V = 0, active): Input[0]
                                                 └─ 160 (V = 3, active): Input[3]
                                          └─ 80 (V = 13, active): Op[1] (arity = 2)
                                                 └─ 161 (V = 2, active): Input[2]
                                                 └─ 162 (V = 3, active): Input[3]
                                   └─ 40 (V = 12, inactive): Op[0] (arity = 2)
                                          └─ 81 (V = 0, inactive): Input[0]
                                                 └─ 163 (V = 8, inactive): Input[8]
                                                 └─ 164 (V = 2, inactive): Input[2]
                                          └─ 82 (V = 6, inactive): Input[6]
                                                 └─ 165 (V = 3, inactive): Input[3]
                                                 └─ 166 (V = 4, inactive): Input[4]
                            └─ 20 (V = 14, active): Op[2] (arity = 2)
                                   └─ 41 (V = 14, active): Op[2] (arity = 2)
                                          └─ 83 (V = 1, active): Input[1]
                                                 └─ 167 (V = 3, inactive): Input[3]
                                                 └─ 168 (V = 6, inactive): Input[6]
                                          └─ 84 (V = 16, active): Op[4] (arity = 1)
                                                 └─ 169 (V = 0, active): Input[0]
                                                 └─ 170 (V = 9, inactive): Constant[0] -> 2.08876
                                   └─ 42 (V = 9, active): Constant[0] -> 0.61909
                                          └─ 85 (V = 17, inactive): Op[5] (arity = 1)
                                                 └─ 171 (V = 2, inactive): Input[2]
                                                 └─ 172 (V = 3, inactive): Input[3]
                                          └─ 86 (V = 5, inactive): Input[5]
                                                 └─ 173 (V = 5, inactive): Input[5]
                                                 └─ 174 (V = 6, inactive): Input[6]
                     └─ 10 (V = 17, active): Op[5] (arity = 1)
                            └─ 21 (V = 6, active): Input[6]
                                   └─ 43 (V = 19, inactive): Op[7] (arity = 1)
                                          └─ 87 (V = 19, inactive): Op[7] (arity = 1)
                                                 └─ 175 (V = 3, inactive): Input[3]
                                                 └─ 176 (V = 8, inactive): Input[8]
                                          └─ 88 (V = 16, inactive): Op[4] (arity = 1)
                                                 └─ 177 (V = 4, inactive): Input[4]
                                                 └─ 178 (V = 9, inactive): Constant[0] -> 1.30603
                                   └─ 44 (V = 15, inactive): Op[3] (arity = 2)
                                          └─ 89 (V = 12, inactive): Op[0] (arity = 2)
                                                 └─ 179 (V = 0, inactive): Input[0]
                                                 └─ 180 (V = 7, inactive): Input[7]
                                          └─ 90 (V = 18, inactive): Op[6] (arity = 1)
                                                 └─ 181 (V = 0, inactive): Input[0]
                                                 └─ 182 (V = 0, inactive): Input[0]
                            └─ 22 (V = 14, inactive): Op[2] (arity = 2)
                                   └─ 45 (V = 18, inactive): Op[6] (arity = 1)
                                          └─ 91 (V = 19, inactive): Op[7] (arity = 1)
                                                 └─ 183 (V = 1, inactive): Input[1]
                                                 └─ 184 (V = 5, inactive): Input[5]
                                          └─ 92 (V = 17, inactive): Op[5] (arity = 1)
                                                 └─ 185 (V = 1, inactive): Input[1]
                                                 └─ 186 (V = 9, inactive): Constant[0] -> -2.48362
                                   └─ 46 (V = 19, inactive): Op[7] (arity = 1)
                                          └─ 93 (V = 16, inactive): Op[4] (arity = 1)
                                                 └─ 187 (V = 5, inactive): Input[5]
                                                 └─ 188 (V = 1, inactive): Input[1]
                                          └─ 94 (V = 19, inactive): Op[7] (arity = 1)
                                                 └─ 189 (V = 8, inactive): Input[8]
                                                 └─ 190 (V = 4, inactive): Input[4]
       └─ 2 (V = 18, active): Op[6] (arity = 1)
              └─ 5 (V = 9, active): Constant[0] -> 2.97832
                     └─ 11 (V = 19, inactive): Op[7] (arity = 1)
                            └─ 23 (V = 19, inactive): Op[7] (arity = 1)
                                   └─ 47 (V = 7, inactive): Input[7]
                                          └─ 95 (V = 19, inactive): Op[7] (arity = 1)
                                                 └─ 191 (V = 0, inactive): Input[0]
                                                 └─ 192 (V = 8, inactive): Input[8]
                                          └─ 96 (V = 17, inactive): Op[5] (arity = 1)
                                                 └─ 193 (V = 1, inactive): Input[1]
                                                 └─ 194 (V = 2, inactive): Input[2]
                                   └─ 48 (V = 12, inactive): Op[0] (arity = 2)
                                          └─ 97 (V = 16, inactive): Op[4] (arity = 1)
                                                 └─ 195 (V = 8, inactive): Input[8]
                                                 └─ 196 (V = 2, inactive): Input[2]
                                          └─ 98 (V = 12, inactive): Op[0] (arity = 2)
                                                 └─ 197 (V = 3, inactive): Input[3]
                                                 └─ 198 (V = 1, inactive): Input[1]
                            └─ 24 (V = 13, inactive): Op[1] (arity = 2)
                                   └─ 49 (V = 18, inactive): Op[6] (arity = 1)
                                          └─ 99 (V = 0, inactive): Input[0]
                                                 └─ 199 (V = 7, inactive): Input[7]
                                                 └─ 200 (V = 2, inactive): Input[2]
                                          └─ 100 (V = 15, inactive): Op[3] (arity = 2)
                                                 └─ 201 (V = 0, inactive): Input[0]
                                                 └─ 202 (V = 2, inactive): Input[2]
                                   └─ 50 (V = 13, inactive): Op[1] (arity = 2)
                                          └─ 101 (V = 14, inactive): Op[2] (arity = 2)
                                                 └─ 203 (V = 6, inactive): Input[6]
                                                 └─ 204 (V = 1, inactive): Input[1]
                                          └─ 102 (V = 16, inactive): Op[4] (arity = 1)
                                                 └─ 205 (V = 5, inactive): Input[5]
                                                 └─ 206 (V = 2, inactive): Input[2]
                     └─ 12 (V = 13, inactive): Op[1] (arity = 2)
                            └─ 25 (V = 19, inactive): Op[7] (arity = 1)
                                   └─ 51 (V = 16, inactive): Op[4] (arity = 1)
                                          └─ 103 (V = 7, inactive): Input[7]
                                                 └─ 207 (V = 3, inactive): Input[3]
                                                 └─ 208 (V = 1, inactive): Input[1]
                                          └─ 104 (V = 14, inactive): Op[2] (arity = 2)
                                                 └─ 209 (V = 5, inactive): Input[5]
                                                 └─ 210 (V = 4, inactive): Input[4]
                                   └─ 52 (V = 9, inactive): Constant[0] -> -1.53305
                                          └─ 105 (V = 12, inactive): Op[0] (arity = 2)
                                                 └─ 211 (V = 7, inactive): Input[7]
                                                 └─ 212 (V = 0, inactive): Input[0]
                                          └─ 106 (V = 7, inactive): Input[7]
                                                 └─ 213 (V = 0, inactive): Input[0]
                                                 └─ 214 (V = 3, inactive): Input[3]
                            └─ 26 (V = 15, inactive): Op[3] (arity = 2)
                                   └─ 53 (V = 13, inactive): Op[1] (arity = 2)
                                          └─ 107 (V = 8, inactive): Input[8]
                                                 └─ 215 (V = 6, inactive): Input[6]
                                                 └─ 216 (V = 6, inactive): Input[6]
                                          └─ 108 (V = 16, inactive): Op[4] (arity = 1)
                                                 └─ 217 (V = 8, inactive): Input[8]
                                                 └─ 218 (V = 9, inactive): Constant[0] -> -5.7406
                                   └─ 54 (V = 14, inactive): Op[2] (arity = 2)
                                          └─ 109 (V = 17, inactive): Op[5] (arity = 1)
                                                 └─ 219 (V = 1, inactive): Input[1]
                                                 └─ 220 (V = 4, inactive): Input[4]
                                          └─ 110 (V = 13, inactive): Op[1] (arity = 2)
                                                 └─ 221 (V = 3, inactive): Input[3]
                                                 └─ 222 (V = 3, inactive): Input[3]
              └─ 6 (V = 14, inactive): Op[2] (arity = 2)
                     └─ 13 (V = 14, inactive): Op[2] (arity = 2)
                            └─ 27 (V = 14, inactive): Op[2] (arity = 2)
                                   └─ 55 (V = 14, inactive): Op[2] (arity = 2)
                                          └─ 111 (V = 15, inactive): Op[3] (arity = 2)
                                                 └─ 223 (V = 2, inactive): Input[2]
                                                 └─ 224 (V = 7, inactive): Input[7]
                                          └─ 112 (V = 2, inactive): Input[2]
                                                 └─ 225 (V = 8, inactive): Input[8]
                                                 └─ 226 (V = 1, inactive): Input[1]
                                   └─ 56 (V = 13, inactive): Op[1] (arity = 2)
                                          └─ 113 (V = 18, inactive): Op[6] (arity = 1)
                                                 └─ 227 (V = 5, inactive): Input[5]
                                                 └─ 228 (V = 2, inactive): Input[2]
                                          └─ 114 (V = 4, inactive): Input[4]
                                                 └─ 229 (V = 4, inactive): Input[4]
                                                 └─ 230 (V = 5, inactive): Input[5]
                            └─ 28 (V = 13, inactive): Op[1] (arity = 2)
                                   └─ 57 (V = 5, inactive): Input[5]
                                          └─ 115 (V = 16, inactive): Op[4] (arity = 1)
                                                 └─ 231 (V = 9, inactive): Constant[0] -> -3.58642
                                                 └─ 232 (V = 0, inactive): Input[0]
                                          └─ 116 (V = 14, inactive): Op[2] (arity = 2)
                                                 └─ 233 (V = 0, inactive): Input[0]
                                                 └─ 234 (V = 6, inactive): Input[6]
                                   └─ 58 (V = 17, inactive): Op[5] (arity = 1)
                                          └─ 117 (V = 0, inactive): Input[0]
                                                 └─ 235 (V = 9, inactive): Constant[0] -> -2.8232
                                                 └─ 236 (V = 5, inactive): Input[5]
                                          └─ 118 (V = 1, inactive): Input[1]
                                                 └─ 237 (V = 4, inactive): Input[4]
                                                 └─ 238 (V = 2, inactive): Input[2]
                     └─ 14 (V = 18, inactive): Op[6] (arity = 1)
                            └─ 29 (V = 9, inactive): Constant[0] -> -5.14823
                                   └─ 59 (V = 0, inactive): Input[0]
                                          └─ 119 (V = 14, inactive): Op[2] (arity = 2)
                                                 └─ 239 (V = 9, inactive): Constant[0] -> -0.102353
                                                 └─ 240 (V = 2, inactive): Input[2]
                                          └─ 120 (V = 15, inactive): Op[3] (arity = 2)
                                                 └─ 241 (V = 8, inactive): Input[8]
                                                 └─ 242 (V = 2, inactive): Input[2]
                                   └─ 60 (V = 13, inactive): Op[1] (arity = 2)
                                          └─ 121 (V = 18, inactive): Op[6] (arity = 1)
                                                 └─ 243 (V = 1, inactive): Input[1]
                                                 └─ 244 (V = 1, inactive): Input[1]
                                          └─ 122 (V = 1, inactive): Input[1]
                                                 └─ 245 (V = 7, inactive): Input[7]
                                                 └─ 246 (V = 7, inactive): Input[7]
                            └─ 30 (V = 15, inactive): Op[3] (arity = 2)
                                   └─ 61 (V = 4, inactive): Input[4]
                                          └─ 123 (V = 18, inactive): Op[6] (arity = 1)
                                                 └─ 247 (V = 7, inactive): Input[7]
                                                 └─ 248 (V = 1, inactive): Input[1]
                                          └─ 124 (V = 13, inactive): Op[1] (arity = 2)
                                                 └─ 249 (V = 6, inactive): Input[6]
                                                 └─ 250 (V = 6, inactive): Input[6]
                                   └─ 62 (V = 13, inactive): Op[1] (arity = 2)
                                          └─ 125 (V = 17, inactive): Op[5] (arity = 1)
                                                 └─ 251 (V = 7, inactive): Input[7]
                                                 └─ 252 (V = 5, inactive): Input[5]
                                          └─ 126 (V = 2, inactive): Input[2]
                                                 └─ 253 (V = 1, inactive): Input[1]
                                                 └─ 254 (V = 7, inactive): Input[7]
","((sin(((x0 - sin((x5 - x4))) + x5)) - ((log(((x0 + x3) + (x2 - x3))) * ((x1 * sin(x0)) * 0.6190896037747002)) - cos(x6))) + log(2.9783159498701473))",2.25621,"[2.25621]",0
Running,337818,16,10.525591573,8.667954539,1.857637034,1024,3,modular_1,single_kernel_inplace,1024,666,9,2,7,modular,0,0,3324115916,4.1594454033974815,3324115916,"[10,11,16,14,11,9,15,10,14,12,15,11,8,11,17,11,5,4,0,16,12,6,12,11,17,15,3,13,16,13,13,0,14,10,5,15,15,5,14,10,9,12,14,17,11,16,17,7,16,3,1,12,7,13,13,1,1,11,2,17,4,10,15,6,17,11,7,1,3,10,11,10,14,12,0,14,10,17,0,10,11,2,13,1,14,17,5,17,14,10,17,17,15,14,17,7,17,11,3,3,11,4,13,15,3,0,17,10,2,14,4,15,16,2,4,6,14,1,13,7,4,13,1,16,11,15,10,9,8,5,0,5,4,9,9,0,9,4,1,9,0,9,3,0,7,8,5,1,1,0,0,2,6,9,7,1,1,7,5,0,3,2,3,8,5,4,9,3,5,0,9,3,1,8,2,3,8,4,9,0,7,6,7,7,9,5,0,5,1,8,4,5,0,8,4,3,2,0,4,0,2,8,7,0,4,2,8,2,5,2,1,8,5,3,9,3,1,7,0,5,5,9,6,5,5,2,1,7,3,3,6,6,8,2,0,6,4,5,5,0,0,1,0,2,3,1,9,6,9,2,3,8,0,5,5]","[1,1,1,1,1,1,0,1,0,1,1,0,0,0,0,1,1,0,0,1,1,1,0,0,0,0,0,0,0,0,0,1,1,0,0,0,0,0,0,1,0,1,1,0,0,0,0,0,0,0,0,0,0,0,0,0,0,0,0,0,0,0,0,0,0,1,0,0,0,0,0,0,0,0,0,0,0,0,0,1,1,0,0,1,1,1,0,0,0,0,0,0,0,0,0,0,0,0,0,0,0,0,0,0,0,0,0,0,0,0,0,0,0,0,0,0,0,0,0,0,0,0,0,0,0,0,0,0,0,0,0,1,1,0,0,0,0,0,0,0,0,0,0,0,0,0,0,0,0,0,0,0,0,0,0,0,0,0,0,1,1,1,1,0,0,0,0,0,0,1,0,1,0,0,0,0,0,0,0,0,0,0,0,0,0,0,0,0,0,0,0,0,0,0,0,0,0,0,0,0,0,0,0,0,0,0,0,0,0,0,0,0,0,0,0,0,0,0,0,0,0,0,0,0,0,0,0,0,0,0,0,0,0,0,0,0,0,0,0,0,0,0,0,0,0,0,0,0,0,0,0,0,0,0,0]","[-4.93417,-0.845788,1.04072,4.14274,0.975812,2.97832,-3.82877,2.28526,-3.33097,-1.46869,-0.612813,3.99742,4.56232,-2.51076,-5.6671,5.77822,3.05634,-2.49085,-4.40127,1.7712,-6.06455,-5.0382,1.90218,-5.01914,5.71751,-5.15607,-3.52049,3.34252,5.85743,5.27872,3.68077,5.64597,-1.35778,-5.55523,-3.04127,3.73459,-3.40174,-5.3909,2.27205,1.16019,-0.833478,-2.92751,-1.73328,-3.85848,-5.65318,-3.50027,5.63502,5.71511,-0.420747,-1.36377,-4.77827,4.49072,-0.151013,-5.85072,1.45974,3.31857,2.08071,-3.71141,-2.38533,-1.4468,1.7535,0.964236,-3.98958,3.70559,2.95368,-5.64749,-5.20262,4.3553,-2.80133,-5.57249,1.56374,-0.706306,1.15253,4.00564,-2.6557,1.25523,5.46699,-2.52334,0.244135,4.09723,2.1721,-5.31513,-4.28283,-5.56352,5.94932,-3.5162,2.5504,1.93484,-2.7666,-2.14052,-5.08673,5.23621,-3.67619,-5.15402,2.92271,-2.06189,-0.657677,-5.04674,-2.48666,-4.25606,-2.12601,-2.78876,3.07838,-1.78192,5.78552,-4.14071,-4.20089,-2.34024,-4.64417,-4.71753,5.13777,0.216672,-5.01265,-1.5401,-4.12876,5.09917,-3.11629,0.582194,3.18181,-3.32641,-2.71647,1.81448,4.10033,1.72313,-3.9297,-5.14266,-1.33208,-2.02357,1.00732,-4.81111,1.96678,-3.64817,0.173271,-5.76086,-4.04813,-0.570829,-5.5968,-1.69422,-1.05246,-6.06161,4.59417,-3.7001,-5.0784,3.34517,2.16604,-3.70681,3.1599,-3.3315,-1.93197,5.50686,5.36063,-3.49839,0.0640921,4.65401,4.12375,-0.863313,-2.00567,4.6636,2.49652,1.95027,1.14949,4.69688,-5.39652,-2.44025,0.789376,1.98548,2.30447,0.302185,1.4218,2.45678,2.08876,5.24628,-1.5562,5.25268,-2.49565,1.96398,-3.12839,3.49634,1.30603,-4.76297,5.96429,-5.32414,-1.65797,5.89724,-5.57718,5.84348,5.77254,-1.8119,-3.65145,0.964096,-5.73675,5.97275,2.96252,-1.55106,4.87301,-0.763138,2.27373,1.32127,-0.373859,4.58553,5.13576,1.37169,-6.08253,3.123,4.61338,2.42913,0.770478,-4.36327,-1.64613,-2.50864,-2.00767,-1.37489,-0.707167,-3.28126,-2.31028,1.36931,-3.61067,-4.78151,2.07286,0.32544,-0.845265,-0.459846,4.17396,6.06222,-2.71769,-2.72308,-1.1845,3.268,2.38962,-1.91467,-4.96867,-2.31384,4.82326,-3.72562,2.22077,-1.12871,3.26336,-1.6825,-0.156223,-4.39,3.3626,0.296097,5.74706,-0.804354,5.57612,-5.11632,3.00176,2.9871,-5.51839,5.56058,-0.115108,-3.88286,1.30614,-1.5246,4.78957]","[0,0,0,0,0,1,0,0,0,0,0,0,0,0,0,0,0,0,0,0,0,0,0,0,0,0,0,0,0,0,0,0,0,0,0,0,0,0,0,0,0,0,0,0,0,0,0,0,0,0,0,0,0,0,0,0,0,0,0,0,0,0,0,0,0,0,0,0,0,0,0,0,0,0,0,0,0,0,0,0,0,0,0,0,0,0,0,0,0,0,0,0,0,0,0,0,0,0,0,0,0,0,0,0,0,0,0,0,0,0,0,0,0,0,0,0,0,0,0,0,0,0,0,0,0,0,0,0,0,0,0,0,0,0,0,0,0,0,0,0,0,0,0,0,0,0,0,0,0,0,0,0,0,0,0,0,0,0,0,0,0,0,0,0,0,0,0,0,0,0,0,0,0,0,0,0,0,0,0,0,0,0,0,0,0,0,0,0,0,0,0,0,0,0,0,0,0,0,0,0,0,0,0,0,0,0,0,0,0,0,0,0,0,0,0,0,0,0,0,0,0,0,0,0,0,0,0,0,0,0,0,0,0,0,0,0,0,0,0,0,0,0,0,0,0,0,0,0,0,0,0,0,0,0,0]","Output
└─ 0 (V = 12, active): Op[0] (arity = 2)
       └─ 1 (V = 13, active): Op[1] (arity = 2)
              └─ 3 (V = 16, active): Op[4] (arity = 1)
                     └─ 7 (V = 12, active): Op[0] (arity = 2)
                            └─ 15 (V = 13, active): Op[1] (arity = 2)
                                   └─ 31 (V = 0, active): Input[0]
                                          └─ 63 (V = 6, inactive): Input[6]
                                                 └─ 127 (V = 9, inactive): Constant[0] -> -2.02357
                                                 └─ 128 (V = 8, inactive): Input[8]
                                          └─ 64 (V = 19, inactive): Op[7] (arity = 1)
                                                 └─ 129 (V = 5, inactive): Input[5]
                                                 └─ 130 (V = 0, inactive): Input[0]
                                   └─ 32 (V = 16, active): Op[4] (arity = 1)
                                          └─ 65 (V = 13, active): Op[1] (arity = 2)
                                                 └─ 131 (V = 5, active): Input[5]
                                                 └─ 132 (V = 4, active): Input[4]
                                          └─ 66 (V = 7, inactive): Input[7]
                                                 └─ 133 (V = 9, inactive): Constant[0] -> -5.76086
                                                 └─ 134 (V = 9, inactive): Constant[0] -> -4.04813
                            └─ 16 (V = 5, active): Input[5]
                                   └─ 33 (V = 12, inactive): Op[0] (arity = 2)
                                          └─ 67 (V = 1, inactive): Input[1]
                                                 └─ 135 (V = 0, inactive): Input[0]
                                                 └─ 136 (V = 9, inactive): Constant[0] -> -5.5968
                                          └─ 68 (V = 3, inactive): Input[3]
                                                 └─ 137 (V = 4, inactive): Input[4]
                                                 └─ 138 (V = 1, inactive): Input[1]
                                   └─ 34 (V = 5, inactive): Input[5]
                                          └─ 69 (V = 12, inactive): Op[0] (arity = 2)
                                                 └─ 139 (V = 9, inactive): Constant[0] -> -6.06161
                                                 └─ 140 (V = 0, inactive): Input[0]
                                          └─ 70 (V = 13, inactive): Op[1] (arity = 2)
                                                 └─ 141 (V = 9, inactive): Constant[0] -> -3.7001
                                                 └─ 142 (V = 3, inactive): Input[3]
                     └─ 8 (V = 16, inactive): Op[4] (arity = 1)
                            └─ 17 (V = 4, inactive): Input[4]
                                   └─ 35 (V = 17, inactive): Op[5] (arity = 1)
                                          └─ 71 (V = 12, inactive): Op[0] (arity = 2)
                                                 └─ 143 (V = 0, inactive): Input[0]
                                                 └─ 144 (V = 7, inactive): Input[7]
                                          └─ 72 (V = 16, inactive): Op[4] (arity = 1)
                                                 └─ 145 (V = 8, inactive): Input[8]
                                                 └─ 146 (V = 5, inactive): Input[5]
                                   └─ 36 (V = 17, inactive): Op[5] (arity = 1)
                                          └─ 73 (V = 14, inactive): Op[2] (arity = 2)
                                                 └─ 147 (V = 1, inactive): Input[1]
                                                 └─ 148 (V = 1, inactive): Input[1]
                                          └─ 74 (V = 0, inactive): Input[0]
                                                 └─ 149 (V = 0, inactive): Input[0]
                                                 └─ 150 (V = 0, inactive): Input[0]
                            └─ 18 (V = 0, inactive): Input[0]
                                   └─ 37 (V = 5, inactive): Input[5]
                                          └─ 75 (V = 16, inactive): Op[4] (arity = 1)
                                                 └─ 151 (V = 2, inactive): Input[2]
                                                 └─ 152 (V = 6, inactive): Input[6]
                                          └─ 76 (V = 12, inactive): Op[0] (arity = 2)
                                                 └─ 153 (V = 9, inactive): Constant[0] -> 4.65401
                                                 └─ 154 (V = 7, inactive): Input[7]
                                   └─ 38 (V = 16, inactive): Op[4] (arity = 1)
                                          └─ 77 (V = 19, inactive): Op[7] (arity = 1)
                                                 └─ 155 (V = 1, inactive): Input[1]
                                                 └─ 156 (V = 1, inactive): Input[1]
                                          └─ 78 (V = 0, inactive): Input[0]
                                                 └─ 157 (V = 7, inactive): Input[7]
                                                 └─ 158 (V = 5, inactive): Input[5]
              └─ 4 (V = 13, active): Op[1] (arity = 2)
                     └─ 9 (V = 14, active): Op[2] (arity = 2)
                            └─ 19 (V = 18, active): Op[6] (arity = 1)
                                   └─ 39 (V = 12, active): Op[0] (arity = 2)
                                          └─ 79 (V = 12, active): Op[0] (arity = 2)
                                                 └─ 159 (V = 0, active): Input[0]
                                                 └─ 160 (V = 3, active): Input[3]
                                          └─ 80 (V = 13, active): Op[1] (arity = 2)
                                                 └─ 161 (V = 2, active): Input[2]
                                                 └─ 162 (V = 3, active): Input[3]
                                   └─ 40 (V = 9, inactive): Constant[0] -> -0.833478
                                          └─ 81 (V = 2, inactive): Input[2]
                                                 └─ 163 (V = 8, inactive): Input[8]
                                                 └─ 164 (V = 5, inactive): Input[5]
                                          └─ 82 (V = 15, inactive): Op[3] (arity = 2)
                                                 └─ 165 (V = 4, inactive): Input[4]
                                                 └─ 166 (V = 9, inactive): Constant[0] -> 2.30447
                            └─ 20 (V = 14, active): Op[2] (arity = 2)
                                   └─ 41 (V = 14, active): Op[2] (arity = 2)
                                          └─ 83 (V = 1, active): Input[1]
                                                 └─ 167 (V = 3, inactive): Input[3]
                                                 └─ 168 (V = 5, inactive): Input[5]
                                          └─ 84 (V = 16, active): Op[4] (arity = 1)
                                                 └─ 169 (V = 0, active): Input[0]
                                                 └─ 170 (V = 9, inactive): Constant[0] -> 2.08876
                                   └─ 42 (V = 16, active): Op[4] (arity = 1)
                                          └─ 85 (V = 19, active): Op[7] (arity = 1)
                                                 └─ 171 (V = 3, active): Input[3]
                                                 └─ 172 (V = 1, inactive): Input[1]
                                          └─ 86 (V = 5, inactive): Input[5]
                                                 └─ 173 (V = 8, inactive): Input[8]
                                                 └─ 174 (V = 2, inactive): Input[2]
                     └─ 10 (V = 17, active): Op[5] (arity = 1)
                            └─ 21 (V = 6, active): Input[6]
                                   └─ 43 (V = 19, inactive): Op[7] (arity = 1)
                                          └─ 87 (V = 19, inactive): Op[7] (arity = 1)
                                                 └─ 175 (V = 3, inactive): Input[3]
                                                 └─ 176 (V = 8, inactive): Input[8]
                                          └─ 88 (V = 16, inactive): Op[4] (arity = 1)
                                                 └─ 177 (V = 4, inactive): Input[4]
                                                 └─ 178 (V = 9, inactive): Constant[0] -> 1.30603
                                   └─ 44 (V = 13, inactive): Op[1] (arity = 2)
                                          └─ 89 (V = 12, inactive): Op[0] (arity = 2)
                                                 └─ 179 (V = 0, inactive): Input[0]
                                                 └─ 180 (V = 7, inactive): Input[7]
                                          └─ 90 (V = 19, inactive): Op[7] (arity = 1)
                                                 └─ 181 (V = 6, inactive): Input[6]
                                                 └─ 182 (V = 7, inactive): Input[7]
                            └─ 22 (V = 14, inactive): Op[2] (arity = 2)
                                   └─ 45 (V = 18, inactive): Op[6] (arity = 1)
                                          └─ 91 (V = 19, inactive): Op[7] (arity = 1)
                                                 └─ 183 (V = 7, inactive): Input[7]
                                                 └─ 184 (V = 9, inactive): Constant[0] -> -5.57718
                                          └─ 92 (V = 17, inactive): Op[5] (arity = 1)
                                                 └─ 185 (V = 5, inactive): Input[5]
                                                 └─ 186 (V = 0, inactive): Input[0]
                                   └─ 46 (V = 19, inactive): Op[7] (arity = 1)
                                          └─ 93 (V = 16, inactive): Op[4] (arity = 1)
                                                 └─ 187 (V = 5, inactive): Input[5]
                                                 └─ 188 (V = 1, inactive): Input[1]
                                          └─ 94 (V = 19, inactive): Op[7] (arity = 1)
                                                 └─ 189 (V = 8, inactive): Input[8]
                                                 └─ 190 (V = 4, inactive): Input[4]
       └─ 2 (V = 18, active): Op[6] (arity = 1)
              └─ 5 (V = 9, active): Constant[0] -> 2.97832
                     └─ 11 (V = 13, inactive): Op[1] (arity = 2)
                            └─ 23 (V = 13, inactive): Op[1] (arity = 2)
                                   └─ 47 (V = 7, inactive): Input[7]
                                          └─ 95 (V = 7, inactive): Input[7]
                                                 └─ 191 (V = 5, inactive): Input[5]
                                                 └─ 192 (V = 0, inactive): Input[0]
                                          └─ 96 (V = 19, inactive): Op[7] (arity = 1)
                                                 └─ 193 (V = 8, inactive): Input[8]
                                                 └─ 194 (V = 4, inactive): Input[4]
                                   └─ 48 (V = 18, inactive): Op[6] (arity = 1)
                                          └─ 97 (V = 13, inactive): Op[1] (arity = 2)
                                                 └─ 195 (V = 3, inactive): Input[3]
                                                 └─ 196 (V = 2, inactive): Input[2]
                                          └─ 98 (V = 3, inactive): Input[3]
                                                 └─ 197 (V = 0, inactive): Input[0]
                                                 └─ 198 (V = 4, inactive): Input[4]
                            └─ 24 (V = 19, inactive): Op[7] (arity = 1)
                                   └─ 49 (V = 3, inactive): Input[3]
                                          └─ 99 (V = 3, inactive): Input[3]
                                                 └─ 199 (V = 0, inactive): Input[0]
                                                 └─ 200 (V = 2, inactive): Input[2]
                                          └─ 100 (V = 13, inactive): Op[1] (arity = 2)
                                                 └─ 201 (V = 8, inactive): Input[8]
                                                 └─ 202 (V = 7, inactive): Input[7]
                                   └─ 50 (V = 1, inactive): Input[1]
                                          └─ 101 (V = 4, inactive): Input[4]
                                                 └─ 203 (V = 0, inactive): Input[0]
                                                 └─ 204 (V = 4, inactive): Input[4]
                                          └─ 102 (V = 15, inactive): Op[3] (arity = 2)
                                                 └─ 205 (V = 2, inactive): Input[2]
                                                 └─ 206 (V = 8, inactive): Input[8]
                     └─ 12 (V = 8, inactive): Input[8]
                            └─ 25 (V = 17, inactive): Op[5] (arity = 1)
                                   └─ 51 (V = 14, inactive): Op[2] (arity = 2)
                                          └─ 103 (V = 17, inactive): Op[5] (arity = 1)
                                                 └─ 207 (V = 2, inactive): Input[2]
                                                 └─ 208 (V = 5, inactive): Input[5]
                                          └─ 104 (V = 3, inactive): Input[3]
                                                 └─ 209 (V = 2, inactive): Input[2]
                                                 └─ 210 (V = 1, inactive): Input[1]
                                   └─ 52 (V = 7, inactive): Input[7]
                                          └─ 105 (V = 0, inactive): Input[0]
                                                 └─ 211 (V = 8, inactive): Input[8]
                                                 └─ 212 (V = 5, inactive): Input[5]
                                          └─ 106 (V = 19, inactive): Op[7] (arity = 1)
                                                 └─ 213 (V = 3, inactive): Input[3]
                                                 └─ 214 (V = 9, inactive): Constant[0] -> -2.31028
                            └─ 26 (V = 3, inactive): Input[3]
                                   └─ 53 (V = 15, inactive): Op[3] (arity = 2)
                                          └─ 107 (V = 12, inactive): Op[0] (arity = 2)
                                                 └─ 215 (V = 3, inactive): Input[3]
                                                 └─ 216 (V = 1, inactive): Input[1]
                                          └─ 108 (V = 2, inactive): Input[2]
                                                 └─ 217 (V = 7, inactive): Input[7]
                                                 └─ 218 (V = 0, inactive): Input[0]
                                   └─ 54 (V = 15, inactive): Op[3] (arity = 2)
                                          └─ 109 (V = 16, inactive): Op[4] (arity = 1)
                                                 └─ 219 (V = 5, inactive): Input[5]
                                                 └─ 220 (V = 5, inactive): Input[5]
                                          └─ 110 (V = 4, inactive): Input[4]
                                                 └─ 221 (V = 9, inactive): Constant[0] -> -0.459846
                                                 └─ 222 (V = 6, inactive): Input[6]
              └─ 6 (V = 17, inactive): Op[5] (arity = 1)
                     └─ 13 (V = 13, inactive): Op[1] (arity = 2)
                            └─ 27 (V = 15, inactive): Op[3] (arity = 2)
                                   └─ 55 (V = 1, inactive): Input[1]
                                          └─ 111 (V = 17, inactive): Op[5] (arity = 1)
                                                 └─ 223 (V = 5, inactive): Input[5]
                                                 └─ 224 (V = 5, inactive): Input[5]
                                          └─ 112 (V = 18, inactive): Op[6] (arity = 1)
                                                 └─ 225 (V = 2, inactive): Input[2]
                                                 └─ 226 (V = 1, inactive): Input[1]
                                   └─ 56 (V = 1, inactive): Input[1]
                                          └─ 113 (V = 2, inactive): Input[2]
                                                 └─ 227 (V = 7, inactive): Input[7]
                                                 └─ 228 (V = 3, inactive): Input[3]
                                          └─ 114 (V = 4, inactive): Input[4]
                                                 └─ 229 (V = 3, inactive): Input[3]
                                                 └─ 230 (V = 6, inactive): Input[6]
                            └─ 28 (V = 18, inactive): Op[6] (arity = 1)
                                   └─ 57 (V = 13, inactive): Op[1] (arity = 2)
                                          └─ 115 (V = 6, inactive): Input[6]
                                                 └─ 231 (V = 6, inactive): Input[6]
                                                 └─ 232 (V = 8, inactive): Input[8]
                                          └─ 116 (V = 16, inactive): Op[4] (arity = 1)
                                                 └─ 233 (V = 2, inactive): Input[2]
                                                 └─ 234 (V = 0, inactive): Input[0]
                                   └─ 58 (V = 2, inactive): Input[2]
                                          └─ 117 (V = 1, inactive): Input[1]
                                                 └─ 235 (V = 6, inactive): Input[6]
                                                 └─ 236 (V = 4, inactive): Input[4]
                                          └─ 118 (V = 15, inactive): Op[3] (arity = 2)
                                                 └─ 237 (V = 5, inactive): Input[5]
                                                 └─ 238 (V = 5, inactive): Input[5]
                     └─ 14 (V = 19, inactive): Op[7] (arity = 1)
                            └─ 29 (V = 15, inactive): Op[3] (arity = 2)
                                   └─ 59 (V = 19, inactive): Op[7] (arity = 1)
                                          └─ 119 (V = 7, inactive): Input[7]
                                                 └─ 239 (V = 0, inactive): Input[0]
                                                 └─ 240 (V = 0, inactive): Input[0]
                                          └─ 120 (V = 4, inactive): Input[4]
                                                 └─ 241 (V = 1, inactive): Input[1]
                                                 └─ 242 (V = 0, inactive): Input[0]
                                   └─ 60 (V = 4, inactive): Input[4]
                                          └─ 121 (V = 15, inactive): Op[3] (arity = 2)
                                                 └─ 243 (V = 2, inactive): Input[2]
                                                 └─ 244 (V = 3, inactive): Input[3]
                                          └─ 122 (V = 1, inactive): Input[1]
                                                 └─ 245 (V = 1, inactive): Input[1]
                                                 └─ 246 (V = 9, inactive): Constant[0] -> 3.00176
                            └─ 30 (V = 15, inactive): Op[3] (arity = 2)
                                   └─ 61 (V = 12, inactive): Op[0] (arity = 2)
                                          └─ 123 (V = 18, inactive): Op[6] (arity = 1)
                                                 └─ 247 (V = 6, inactive): Input[6]
                                                 └─ 248 (V = 9, inactive): Constant[0] -> -5.51839
                                          └─ 124 (V = 13, inactive): Op[1] (arity = 2)
                                                 └─ 249 (V = 2, inactive): Input[2]
                                                 └─ 250 (V = 3, inactive): Input[3]
                                   └─ 62 (V = 17, inactive): Op[5] (arity = 1)
                                          └─ 125 (V = 17, inactive): Op[5] (arity = 1)
                                                 └─ 251 (V = 8, inactive): Input[8]
                                                 └─ 252 (V = 0, inactive): Input[0]
                                          └─ 126 (V = 12, inactive): Op[0] (arity = 2)
                                                 └─ 253 (V = 5, inactive): Input[5]
                                                 └─ 254 (V = 5, inactive): Input[5]
","((sin(((x0 - sin((x5 - x4))) + x5)) - ((log(((x0 + x3) + (x2 - x3))) * ((x1 * sin(x0)) * sin(sqrt(x3)))) - cos(x6))) + log(2.9783159498701473))",2.18663,"[2.18663]",0
Running,556225,22,16.020211789999998,12.537179315,3.483032475,1024,9,modular_1,single_kernel_inplace,1024,666,9,2,7,modular,0,0,3324115916,4.1594454033974815,3324115916,"[10,11,10,14,11,10,15,10,5,12,15,15,15,11,14,11,5,12,0,16,12,12,14,14,17,10,3,8,10,13,12,0,14,10,5,17,6,5,14,10,13,12,14,15,6,5,17,12,11,4,1,12,7,12,10,16,1,11,15,0,10,16,11,13,14,11,7,12,10,10,11,16,2,11,8,7,5,10,13,10,11,8,5,1,13,17,5,9,12,8,12,12,16,17,17,14,13,11,3,3,6,11,14,15,9,5,17,15,2,6,14,3,2,6,14,0,12,9,13,0,17,10,17,16,11,16,10,9,8,5,0,5,4,2,9,0,9,2,7,1,1,6,3,7,2,6,9,1,1,1,0,2,6,0,5,5,4,7,5,0,3,2,3,8,5,9,9,3,1,0,9,3,1,5,2,1,8,3,4,5,5,6,7,7,9,7,0,5,4,6,7,9,2,2,9,5,2,8,0,6,7,2,0,2,2,2,8,0,9,9,6,0,0,3,5,0,4,6,8,5,2,7,2,5,3,4,1,5,2,3,6,7,8,0,0,6,3,0,0,6,5,9,5,5,1,2,6,5,9,6,5,7,0,1,2]","[1,1,1,1,1,1,1,1,0,1,1,1,1,1,0,1,1,0,0,1,1,1,0,1,0,1,0,1,1,0,0,1,1,0,0,0,0,0,0,1,0,1,1,1,1,0,0,1,0,0,0,1,1,0,0,0,0,1,1,0,0,0,0,0,0,1,0,0,0,0,0,0,0,0,0,0,0,0,0,1,1,0,0,1,1,1,0,1,0,0,0,0,0,0,0,1,1,0,0,0,0,0,0,1,1,0,0,0,0,0,0,0,0,0,0,1,1,1,0,0,0,0,0,0,0,0,0,0,0,0,0,1,1,0,0,0,0,0,0,0,0,0,0,0,0,0,0,0,0,0,0,0,0,0,0,0,0,0,0,1,1,1,1,0,0,0,0,0,0,1,1,1,0,0,0,0,0,0,0,0,0,0,0,0,0,0,0,0,0,0,0,1,0,1,1,0,0,0,0,0,0,0,0,0,0,0,0,1,0,0,0,0,0,0,0,0,0,0,0,0,0,0,0,0,0,0,0,0,0,0,0,0,0,1,1,0,0,0,0,0,0,0,0,0,0,0,0,0,0,0,0,0,0,0,0]","[-4.93417,-0.845788,4.46127,4.14274,0.975812,3.39065,-3.82877,2.28526,4.88942,-1.46869,5.40699,3.78017,2.82908,-2.51076,0.236816,5.77822,3.05634,-1.73817,-4.40127,1.7712,-6.06455,-2.84887,4.97581,4.68639,-2.42639,-1.07531,-3.52049,-5.98293,0.945153,4.75516,5.5194,5.64597,-1.35778,-5.55523,-3.04127,-4.92979,1.91099,-5.3909,2.27205,1.16019,-1.11421,-2.92751,-1.73328,-4.22929,4.6989,0.660689,5.63502,4.63028,-4.32445,-5.65555,-4.77827,4.49072,-0.151013,-3.74357,-2.83758,-0.55534,1.07159,-3.71141,5.5544,4.18846,-4.48362,-1.17409,1.13963,3.2208,-2.23837,-5.64749,-5.20262,1.11675,3.24441,-5.57249,1.56374,-5.82053,5.67876,-5.77478,-4.14585,-0.126507,2.80242,-0.392285,-3.66811,4.09723,2.1721,4.25389,0.819556,-5.56352,0.693807,-3.5162,5.10336,-3.52493,3.8085,-1.37798,5.22189,3.15922,-1.28104,-3.96592,5.57671,-4.84538,5.49169,-5.04674,-2.48666,-4.25606,1.44831,0.133804,6.0353,4.00383,-1.02806,3.05755,-4.20089,-2.04606,-4.64417,4.52814,-5.41802,-0.695392,-2.24316,5.48373,-4.45672,1.29065,4.97596,0.0839658,3.18181,-3.58585,-5.80771,4.57732,-5.30184,1.72313,-3.9297,1.85941,-1.33208,-2.02357,2.21739,-4.81111,-0.116296,-3.64817,0.173271,0.034579,-4.04813,-0.570829,-5.5968,-5.25534,3.74626,2.21123,6.04047,-2.11609,-5.0784,-4.86773,5.89033,5.82428,3.95552,-3.3315,-1.93197,-0.563433,5.36063,-3.49839,0.0640921,-5.01976,4.80586,-3.76003,2.80844,4.6636,2.49652,1.95027,1.14949,4.69688,-5.39652,-2.44025,0.789376,-2.16064,2.30447,0.302185,-5.2101,2.45678,2.08876,5.24628,-1.5562,-1.31126,-2.49565,-0.777054,-3.12839,3.88639,2.77195,0.510183,2.46577,-5.32414,-1.65797,5.89724,-0.908721,-1.69063,5.77254,-3.07719,-2.05814,-4.4468,-3.16437,4.19346,-3.46686,-5.72981,-3.98142,-1.17349,-2.93545,-4.82488,-0.675097,-3.93868,1.87285,0.158143,-0.631933,-3.93556,-1.53769,2.42913,0.770478,1.5079,0.908629,5.11327,-1.56753,3.86568,-2.09689,-3.28126,2.79889,-0.288373,0.596544,6.051,-1.99204,5.43905,-5.56102,-4.83777,2.95278,6.06222,-2.55614,1.07887,-1.1845,0.906132,-4.35579,-1.91467,0.977857,-1.84089,4.82326,-2.83343,-0.11007,-1.12871,4.12688,4.30651,-5.67256,-3.09277,1.65406,-2.47983,1.50184,1.65287,3.18236,0.213708,-3.57982,-5.43899,-5.51839,-5.69892,0.626271,2.71844,2.79616,-4.62874,5.35435]","[0,0,0,0,0,0,0,0,0,0,0,0,0,0,0,0,0,0,0,0,0,0,0,0,0,0,0,0,0,0,0,0,0,0,0,0,0,0,0,0,0,0,0,0,0,0,0,0,0,0,0,0,0,0,0,0,0,0,0,0,0,0,0,0,0,0,0,0,0,0,0,0,0,0,0,0,0,0,0,0,0,0,0,0,0,0,0,1,0,0,0,0,0,0,0,0,0,0,0,0,0,0,0,0,1,0,0,0,0,0,0,0,0,0,0,0,0,1,0,0,0,0,0,0,0,0,0,0,0,0,0,0,0,0,0,0,0,0,0,0,0,0,0,0,0,0,0,0,0,0,0,0,0,0,0,0,0,0,0,0,0,0,0,0,0,0,0,0,0,0,1,0,0,0,0,0,0,0,0,0,0,0,0,0,0,0,0,0,0,0,0,1,0,0,1,0,0,0,0,0,0,0,0,0,0,0,0,0,0,0,0,0,0,0,0,0,0,0,0,0,0,0,0,0,0,0,0,0,0,0,0,0,0,0,0,0,0,0,0,0,0,0,0,0,0,0,0,0,0,0,0,0,0,0,0]","Output
└─ 0 (V = 12, active): Op[0] (arity = 2)
       └─ 1 (V = 13, active): Op[1] (arity = 2)
              └─ 3 (V = 16, active): Op[4] (arity = 1)
                     └─ 7 (V = 12, active): Op[0] (arity = 2)
                            └─ 15 (V = 13, active): Op[1] (arity = 2)
                                   └─ 31 (V = 0, active): Input[0]
                                          └─ 63 (V = 15, inactive): Op[3] (arity = 2)
                                                 └─ 127 (V = 9, inactive): Constant[0] -> -2.02357
                                                 └─ 128 (V = 8, inactive): Input[8]
                                          └─ 64 (V = 16, inactive): Op[4] (arity = 1)
                                                 └─ 129 (V = 5, inactive): Input[5]
                                                 └─ 130 (V = 0, inactive): Input[0]
                                   └─ 32 (V = 16, active): Op[4] (arity = 1)
                                          └─ 65 (V = 13, active): Op[1] (arity = 2)
                                                 └─ 131 (V = 5, active): Input[5]
                                                 └─ 132 (V = 4, active): Input[4]
                                          └─ 66 (V = 7, inactive): Input[7]
                                                 └─ 133 (V = 2, inactive): Input[2]
                                                 └─ 134 (V = 9, inactive): Constant[0] -> -4.04813
                            └─ 16 (V = 5, active): Input[5]
                                   └─ 33 (V = 12, inactive): Op[0] (arity = 2)
                                          └─ 67 (V = 14, inactive): Op[2] (arity = 2)
                                                 └─ 135 (V = 0, inactive): Input[0]
                                                 └─ 136 (V = 9, inactive): Constant[0] -> -5.5968
                                          └─ 68 (V = 12, inactive): Op[0] (arity = 2)
                                                 └─ 137 (V = 2, inactive): Input[2]
                                                 └─ 138 (V = 7, inactive): Input[7]
                                   └─ 34 (V = 5, inactive): Input[5]
                                          └─ 69 (V = 12, inactive): Op[0] (arity = 2)
                                                 └─ 139 (V = 1, inactive): Input[1]
                                                 └─ 140 (V = 1, inactive): Input[1]
                                          └─ 70 (V = 13, inactive): Op[1] (arity = 2)
                                                 └─ 141 (V = 6, inactive): Input[6]
                                                 └─ 142 (V = 3, inactive): Input[3]
                     └─ 8 (V = 5, inactive): Input[5]
                            └─ 17 (V = 14, inactive): Op[2] (arity = 2)
                                   └─ 35 (V = 19, inactive): Op[7] (arity = 1)
                                          └─ 71 (V = 18, inactive): Op[6] (arity = 1)
                                                 └─ 143 (V = 7, inactive): Input[7]
                                                 └─ 144 (V = 2, inactive): Input[2]
                                          └─ 72 (V = 2, inactive): Input[2]
                                                 └─ 145 (V = 6, inactive): Input[6]
                                                 └─ 146 (V = 9, inactive): Constant[0] -> 3.95552
                                   └─ 36 (V = 6, inactive): Input[6]
                                          └─ 73 (V = 13, inactive): Op[1] (arity = 2)
                                                 └─ 147 (V = 1, inactive): Input[1]
                                                 └─ 148 (V = 1, inactive): Input[1]
                                          └─ 74 (V = 8, inactive): Input[8]
                                                 └─ 149 (V = 1, inactive): Input[1]
                                                 └─ 150 (V = 0, inactive): Input[0]
                            └─ 18 (V = 0, inactive): Input[0]
                                   └─ 37 (V = 5, inactive): Input[5]
                                          └─ 75 (V = 7, inactive): Input[7]
                                                 └─ 151 (V = 2, inactive): Input[2]
                                                 └─ 152 (V = 6, inactive): Input[6]
                                          └─ 76 (V = 5, inactive): Input[5]
                                                 └─ 153 (V = 0, inactive): Input[0]
                                                 └─ 154 (V = 5, inactive): Input[5]
                                   └─ 38 (V = 16, inactive): Op[4] (arity = 1)
                                          └─ 77 (V = 12, inactive): Op[0] (arity = 2)
                                                 └─ 155 (V = 5, inactive): Input[5]
                                                 └─ 156 (V = 4, inactive): Input[4]
                                          └─ 78 (V = 15, inactive): Op[3] (arity = 2)
                                                 └─ 157 (V = 7, inactive): Input[7]
                                                 └─ 158 (V = 5, inactive): Input[5]
              └─ 4 (V = 13, active): Op[1] (arity = 2)
                     └─ 9 (V = 14, active): Op[2] (arity = 2)
                            └─ 19 (V = 18, active): Op[6] (arity = 1)
                                   └─ 39 (V = 12, active): Op[0] (arity = 2)
                                          └─ 79 (V = 12, active): Op[0] (arity = 2)
                                                 └─ 159 (V = 0, active): Input[0]
                                                 └─ 160 (V = 3, active): Input[3]
                                          └─ 80 (V = 13, active): Op[1] (arity = 2)
                                                 └─ 161 (V = 2, active): Input[2]
                                                 └─ 162 (V = 3, active): Input[3]
                                   └─ 40 (V = 15, inactive): Op[3] (arity = 2)
                                          └─ 81 (V = 8, inactive): Input[8]
                                                 └─ 163 (V = 8, inactive): Input[8]
                                                 └─ 164 (V = 5, inactive): Input[5]
                                          └─ 82 (V = 5, inactive): Input[5]
                                                 └─ 165 (V = 9, inactive): Constant[0] -> -2.16064
                                                 └─ 166 (V = 9, inactive): Constant[0] -> 2.30447
                            └─ 20 (V = 14, active): Op[2] (arity = 2)
                                   └─ 41 (V = 14, active): Op[2] (arity = 2)
                                          └─ 83 (V = 1, active): Input[1]
                                                 └─ 167 (V = 3, inactive): Input[3]
                                                 └─ 168 (V = 1, inactive): Input[1]
                                          └─ 84 (V = 15, active): Op[3] (arity = 2)
                                                 └─ 169 (V = 0, active): Input[0]
                                                 └─ 170 (V = 9, active): Constant[0] -> 2.08876
                                   └─ 42 (V = 16, active): Op[4] (arity = 1)
                                          └─ 85 (V = 19, active): Op[7] (arity = 1)
                                                 └─ 171 (V = 3, active): Input[3]
                                                 └─ 172 (V = 1, inactive): Input[1]
                                          └─ 86 (V = 5, inactive): Input[5]
                                                 └─ 173 (V = 5, inactive): Input[5]
                                                 └─ 174 (V = 2, inactive): Input[2]
                     └─ 10 (V = 17, active): Op[5] (arity = 1)
                            └─ 21 (V = 14, active): Op[2] (arity = 2)
                                   └─ 43 (V = 17, active): Op[5] (arity = 1)
                                          └─ 87 (V = 9, active): Constant[0] -> -3.52493
                                                 └─ 175 (V = 1, inactive): Input[1]
                                                 └─ 176 (V = 8, inactive): Input[8]
                                          └─ 88 (V = 14, inactive): Op[2] (arity = 2)
                                                 └─ 177 (V = 3, inactive): Input[3]
                                                 └─ 178 (V = 4, inactive): Input[4]
                                   └─ 44 (V = 6, active): Input[6]
                                          └─ 89 (V = 8, inactive): Input[8]
                                                 └─ 179 (V = 5, inactive): Input[5]
                                                 └─ 180 (V = 5, inactive): Input[5]
                                          └─ 90 (V = 14, inactive): Op[2] (arity = 2)
                                                 └─ 181 (V = 6, inactive): Input[6]
                                                 └─ 182 (V = 7, inactive): Input[7]
                            └─ 22 (V = 16, inactive): Op[4] (arity = 1)
                                   └─ 45 (V = 5, inactive): Input[5]
                                          └─ 91 (V = 14, inactive): Op[2] (arity = 2)
                                                 └─ 183 (V = 7, inactive): Input[7]
                                                 └─ 184 (V = 9, inactive): Constant[0] -> -0.908721
                                          └─ 92 (V = 18, inactive): Op[6] (arity = 1)
                                                 └─ 185 (V = 7, inactive): Input[7]
                                                 └─ 186 (V = 0, inactive): Input[0]
                                   └─ 46 (V = 19, inactive): Op[7] (arity = 1)
                                          └─ 93 (V = 19, inactive): Op[7] (arity = 1)
                                                 └─ 187 (V = 5, inactive): Input[5]
                                                 └─ 188 (V = 4, inactive): Input[4]
                                          └─ 94 (V = 19, inactive): Op[7] (arity = 1)
                                                 └─ 189 (V = 6, inactive): Input[6]
                                                 └─ 190 (V = 7, inactive): Input[7]
       └─ 2 (V = 12, active): Op[0] (arity = 2)
              └─ 5 (V = 12, active): Op[0] (arity = 2)
                     └─ 11 (V = 17, active): Op[5] (arity = 1)
                            └─ 23 (V = 16, active): Op[4] (arity = 1)
                                   └─ 47 (V = 14, active): Op[2] (arity = 2)
                                          └─ 95 (V = 16, active): Op[4] (arity = 1)
                                                 └─ 191 (V = 9, active): Constant[0] -> 4.19346
                                                 └─ 192 (V = 2, inactive): Input[2]
                                          └─ 96 (V = 15, active): Op[3] (arity = 2)
                                                 └─ 193 (V = 2, active): Input[2]
                                                 └─ 194 (V = 9, active): Constant[0] -> -3.98142
                                   └─ 48 (V = 13, inactive): Op[1] (arity = 2)
                                          └─ 97 (V = 13, inactive): Op[1] (arity = 2)
                                                 └─ 195 (V = 5, inactive): Input[5]
                                                 └─ 196 (V = 2, inactive): Input[2]
                                          └─ 98 (V = 3, inactive): Input[3]
                                                 └─ 197 (V = 8, inactive): Input[8]
                                                 └─ 198 (V = 0, inactive): Input[0]
                            └─ 24 (V = 19, inactive): Op[7] (arity = 1)
                                   └─ 49 (V = 4, inactive): Input[4]
                                          └─ 99 (V = 3, inactive): Input[3]
                                                 └─ 199 (V = 6, inactive): Input[6]
                                                 └─ 200 (V = 7, inactive): Input[7]
                                          └─ 100 (V = 6, inactive): Input[6]
                                                 └─ 201 (V = 2, inactive): Input[2]
                                                 └─ 202 (V = 0, inactive): Input[0]
                                   └─ 50 (V = 1, inactive): Input[1]
                                          └─ 101 (V = 13, inactive): Op[1] (arity = 2)
                                                 └─ 203 (V = 2, inactive): Input[2]
                                                 └─ 204 (V = 2, inactive): Input[2]
                                          └─ 102 (V = 16, inactive): Op[4] (arity = 1)
                                                 └─ 205 (V = 2, inactive): Input[2]
                                                 └─ 206 (V = 8, inactive): Input[8]
                     └─ 12 (V = 17, active): Op[5] (arity = 1)
                            └─ 25 (V = 12, active): Op[0] (arity = 2)
                                   └─ 51 (V = 14, active): Op[2] (arity = 2)
                                          └─ 103 (V = 17, active): Op[5] (arity = 1)
                                                 └─ 207 (V = 0, active): Input[0]
                                                 └─ 208 (V = 9, inactive): Constant[0] -> 0.908629
                                          └─ 104 (V = 9, active): Constant[0] -> -1.02806
                                                 └─ 209 (V = 9, inactive): Constant[0] -> 5.11327
                                                 └─ 210 (V = 6, inactive): Input[6]
                                   └─ 52 (V = 7, active): Input[7]
                                          └─ 105 (V = 5, inactive): Input[5]
                                                 └─ 211 (V = 0, inactive): Input[0]
                                                 └─ 212 (V = 0, inactive): Input[0]
                                          └─ 106 (V = 19, inactive): Op[7] (arity = 1)
                                                 └─ 213 (V = 3, inactive): Input[3]
                                                 └─ 214 (V = 5, inactive): Input[5]
                            └─ 26 (V = 3, inactive): Input[3]
                                   └─ 53 (V = 14, inactive): Op[2] (arity = 2)
                                          └─ 107 (V = 17, inactive): Op[5] (arity = 1)
                                                 └─ 215 (V = 0, inactive): Input[0]
                                                 └─ 216 (V = 4, inactive): Input[4]
                                          └─ 108 (V = 2, inactive): Input[2]
                                                 └─ 217 (V = 6, inactive): Input[6]
                                                 └─ 218 (V = 8, inactive): Input[8]
                                   └─ 54 (V = 12, inactive): Op[0] (arity = 2)
                                          └─ 109 (V = 6, inactive): Input[6]
                                                 └─ 219 (V = 5, inactive): Input[5]
                                                 └─ 220 (V = 2, inactive): Input[2]
                                          └─ 110 (V = 16, inactive): Op[4] (arity = 1)
                                                 └─ 221 (V = 7, inactive): Input[7]
                                                 └─ 222 (V = 2, inactive): Input[2]
              └─ 6 (V = 17, active): Op[5] (arity = 1)
                     └─ 13 (V = 13, active): Op[1] (arity = 2)
                            └─ 27 (V = 8, active): Input[8]
                                   └─ 55 (V = 18, inactive): Op[6] (arity = 1)
                                          └─ 111 (V = 3, inactive): Input[3]
                                                 └─ 223 (V = 5, inactive): Input[5]
                                                 └─ 224 (V = 3, inactive): Input[3]
                                          └─ 112 (V = 2, inactive): Input[2]
                                                 └─ 225 (V = 4, inactive): Input[4]
                                                 └─ 226 (V = 1, inactive): Input[1]
                                   └─ 56 (V = 1, inactive): Input[1]
                                          └─ 113 (V = 6, inactive): Input[6]
                                                 └─ 227 (V = 5, inactive): Input[5]
                                                 └─ 228 (V = 2, inactive): Input[2]
                                          └─ 114 (V = 16, inactive): Op[4] (arity = 1)
                                                 └─ 229 (V = 3, inactive): Input[3]
                                                 └─ 230 (V = 6, inactive): Input[6]
                            └─ 28 (V = 12, active): Op[0] (arity = 2)
                                   └─ 57 (V = 13, active): Op[1] (arity = 2)
                                          └─ 115 (V = 0, active): Input[0]
                                                 └─ 231 (V = 7, inactive): Input[7]
                                                 └─ 232 (V = 8, inactive): Input[8]
                                          └─ 116 (V = 14, active): Op[2] (arity = 2)
                                                 └─ 233 (V = 0, active): Input[0]
                                                 └─ 234 (V = 0, active): Input[0]
                                   └─ 58 (V = 17, active): Op[5] (arity = 1)
                                          └─ 117 (V = 9, active): Constant[0] -> 0.0839658
                                                 └─ 235 (V = 6, inactive): Input[6]
                                                 └─ 236 (V = 3, inactive): Input[3]
                                          └─ 118 (V = 15, inactive): Op[3] (arity = 2)
                                                 └─ 237 (V = 0, inactive): Input[0]
                                                 └─ 238 (V = 0, inactive): Input[0]
                     └─ 14 (V = 16, inactive): Op[4] (arity = 1)
                            └─ 29 (V = 15, inactive): Op[3] (arity = 2)
                                   └─ 59 (V = 0, inactive): Input[0]
                                          └─ 119 (V = 0, inactive): Input[0]
                                                 └─ 239 (V = 6, inactive): Input[6]
                                                 └─ 240 (V = 5, inactive): Input[5]
                                          └─ 120 (V = 19, inactive): Op[7] (arity = 1)
                                                 └─ 241 (V = 9, inactive): Constant[0] -> -2.47983
                                                 └─ 242 (V = 5, inactive): Input[5]
                                   └─ 60 (V = 12, inactive): Op[0] (arity = 2)
                                          └─ 121 (V = 12, inactive): Op[0] (arity = 2)
                                                 └─ 243 (V = 5, inactive): Input[5]
                                                 └─ 244 (V = 1, inactive): Input[1]
                                          └─ 122 (V = 19, inactive): Op[7] (arity = 1)
                                                 └─ 245 (V = 2, inactive): Input[2]
                                                 └─ 246 (V = 6, inactive): Input[6]
                            └─ 30 (V = 14, inactive): Op[2] (arity = 2)
                                   └─ 61 (V = 18, inactive): Op[6] (arity = 1)
                                          └─ 123 (V = 18, inactive): Op[6] (arity = 1)
                                                 └─ 247 (V = 5, inactive): Input[5]
                                                 └─ 248 (V = 9, inactive): Constant[0] -> -5.51839
                                          └─ 124 (V = 13, inactive): Op[1] (arity = 2)
                                                 └─ 249 (V = 6, inactive): Input[6]
                                                 └─ 250 (V = 5, inactive): Input[5]
                                   └─ 62 (V = 13, inactive): Op[1] (arity = 2)
                                          └─ 125 (V = 18, inactive): Op[6] (arity = 1)
                                                 └─ 251 (V = 7, inactive): Input[7]
                                                 └─ 252 (V = 0, inactive): Input[0]
                                          └─ 126 (V = 12, inactive): Op[0] (arity = 2)
                                                 └─ 253 (V = 1, inactive): Input[1]
                                                 └─ 254 (V = 2, inactive): Input[2]
","((sin(((x0 - sin((x5 - x4))) + x5)) - ((log(((x0 + x3) + (x2 - x3))) * ((x1 * (x0 / 2.0887604574390046)) * sin(sqrt(x3)))) - cos((cos(-3.5249252263647106) * x6)))) + ((cos(sin((sin(4.193457241918562) * (x2 / -3.9814235666621793)))) + cos(((cos(x0) * -1.0280551816299717) + x7))) + cos((x8 - ((x0 - (x0 * x0)) + cos(0.08396584477578362))))))",1.20498,"[1.20498]",0
Running,557318,22,16.046182690000002,12.552996409,3.493186281,1024,9,modular_1,single_kernel_inplace,1024,666,9,2,7,modular,0,0,3324115916,4.1594454033974815,3324115916,"[10,11,10,14,11,10,15,10,5,12,15,15,15,11,14,11,5,12,0,16,12,12,14,14,17,10,3,8,10,13,12,0,14,10,5,17,6,5,14,10,13,12,14,15,6,5,17,12,11,4,1,12,7,12,10,16,1,11,15,0,10,16,11,13,14,11,7,12,10,10,11,16,2,11,8,7,5,10,13,10,11,8,5,1,13,17,5,9,12,8,12,12,16,17,17,14,13,11,3,3,6,11,14,15,9,5,17,15,2,6,14,3,2,6,14,0,12,9,13,0,17,10,17,16,11,16,10,9,8,5,0,5,4,2,9,0,9,2,7,1,1,6,3,7,2,6,9,1,1,1,0,2,6,0,5,5,4,7,5,0,3,2,3,8,5,9,9,3,1,0,9,3,1,5,2,1,8,3,4,5,5,6,7,7,9,7,0,5,4,6,7,9,2,2,9,5,2,8,0,6,7,2,0,2,2,2,8,0,9,9,6,0,0,3,5,0,4,6,8,5,2,7,2,5,3,4,1,5,2,3,6,7,8,0,0,6,3,0,0,6,5,9,5,5,1,2,6,5,9,6,5,7,0,1,2]","[1,1,1,1,1,1,1,1,0,1,1,1,1,1,0,1,1,0,0,1,1,1,0,1,0,1,0,1,1,0,0,1,1,0,0,0,0,0,0,1,0,1,1,1,1,0,0,1,0,0,0,1,1,0,0,0,0,1,1,0,0,0,0,0,0,1,0,0,0,0,0,0,0,0,0,0,0,0,0,1,1,0,0,1,1,1,0,1,0,0,0,0,0,0,0,1,1,0,0,0,0,0,0,1,1,0,0,0,0,0,0,0,0,0,0,1,1,1,0,0,0,0,0,0,0,0,0,0,0,0,0,1,1,0,0,0,0,0,0,0,0,0,0,0,0,0,0,0,0,0,0,0,0,0,0,0,0,0,0,1,1,1,1,0,0,0,0,0,0,1,1,1,0,0,0,0,0,0,0,0,0,0,0,0,0,0,0,0,0,0,0,1,0,1,1,0,0,0,0,0,0,0,0,0,0,0,0,1,0,0,0,0,0,0,0,0,0,0,0,0,0,0,0,0,0,0,0,0,0,0,0,0,0,1,1,0,0,0,0,0,0,0,0,0,0,0,0,0,0,0,0,0,0,0,0]","[-4.93417,-0.845788,4.46127,4.14274,0.975812,3.39065,-3.82877,2.28526,4.88942,-1.46869,5.40699,3.78017,2.82908,-2.51076,0.236816,5.77822,3.05634,-1.73817,-4.40127,1.7712,-6.06455,-2.84887,4.97581,4.68639,-2.42639,-1.07531,-3.52049,-5.98293,0.945153,4.75516,5.5194,5.64597,-1.35778,-5.55523,-3.04127,-4.92979,1.91099,-5.3909,2.27205,1.16019,-1.11421,-2.92751,-1.73328,-4.22929,4.6989,0.660689,5.63502,4.63028,-4.32445,-5.65555,-4.77827,4.49072,-0.151013,-3.74357,-2.83758,-0.55534,1.07159,-3.71141,5.5544,4.18846,-4.48362,-1.17409,1.13963,3.2208,-2.23837,-5.64749,-5.20262,1.11675,3.24441,-5.57249,1.56374,-5.82053,5.67876,-5.77478,-4.14585,-0.126507,2.80242,-0.392285,-3.66811,4.09723,2.1721,4.25389,0.819556,-5.56352,0.693807,-3.5162,5.10336,-3.52493,3.8085,-1.37798,5.22189,3.15922,-1.28104,-3.96592,5.57671,-4.84538,5.49169,-5.04674,-2.48666,-4.25606,1.44831,0.133804,6.0353,4.00383,-1.02806,3.05755,-4.20089,-2.04606,-4.64417,4.52814,-5.41802,-0.695392,-2.24316,5.48373,-4.45672,1.29065,4.97596,0.0839658,3.18181,-3.58585,-5.80771,4.57732,-5.30184,1.72313,-3.9297,1.85941,-1.33208,-2.02357,2.21739,-4.81111,-0.116296,-3.64817,0.173271,0.034579,-4.04813,-0.570829,-5.5968,-5.25534,3.74626,2.21123,6.04047,-2.11609,-5.0784,-4.86773,5.89033,5.82428,3.95552,-3.3315,-1.93197,-0.563433,5.36063,-3.49839,0.0640921,-5.01976,4.80586,-3.76003,2.80844,4.6636,2.49652,1.95027,1.14949,4.69688,-5.39652,-2.44025,0.789376,-2.16064,2.30447,0.302185,-5.2101,2.45678,2.08876,5.24628,-1.5562,-1.31126,-2.49565,-0.777054,-3.12839,3.88639,2.77195,0.510183,2.46577,-5.32414,-1.65797,5.89724,-0.908721,-1.69063,5.77254,-3.07719,-2.05814,-4.4468,-3.16437,4.19346,-3.46686,-5.72981,-3.98142,-1.17349,-2.93545,-4.82488,-0.675097,-3.93868,1.87285,0.158143,-0.631933,-3.93556,-1.53769,2.42913,0.770478,1.5079,0.908629,5.11327,-1.56753,3.86568,-2.09689,-3.28126,2.79889,-0.288373,0.596544,6.051,-1.99204,5.43905,-5.56102,-4.83777,2.95278,6.06222,-2.55614,1.07887,-1.1845,0.906132,-4.35579,-1.91467,0.977857,-1.84089,4.82326,-2.83343,-0.11007,-1.12871,4.12688,4.30651,-5.67256,-3.09277,1.65406,-2.47983,1.50184,1.65287,3.18236,0.213708,-3.57982,-5.43899,-5.51839,-5.69892,0.626271,2.71844,2.79616,-4.62874,5.35435]","[0,0,0,0,0,0,0,0,0,0,0,0,0,0,0,0,0,0,0,0,0,0,0,0,0,0,0,0,0,0,0,0,0,0,0,0,0,0,0,0,0,0,0,0,0,0,0,0,0,0,0,0,0,0,0,0,0,0,0,0,0,0,0,0,0,0,0,0,0,0,0,0,0,0,0,0,0,0,0,0,0,0,0,0,0,0,0,1,0,0,0,0,0,0,0,0,0,0,0,0,0,0,0,0,1,0,0,0,0,0,0,0,0,0,0,0,0,1,0,0,0,0,0,0,0,0,0,0,0,0,0,0,0,0,0,0,0,0,0,0,0,0,0,0,0,0,0,0,0,0,0,0,0,0,0,0,0,0,0,0,0,0,0,0,0,0,0,0,0,0,1,0,0,0,0,0,0,0,0,0,0,0,0,0,0,0,0,0,0,0,0,1,0,0,1,0,0,0,0,0,0,0,0,0,0,0,0,0,0,0,0,0,0,0,0,0,0,0,0,0,0,0,0,0,0,0,0,0,0,0,0,0,0,0,0,0,0,0,0,0,0,0,0,0,0,0,0,0,0,0,0,0,0,0,0]","Output
└─ 0 (V = 12, active): Op[0] (arity = 2)
       └─ 1 (V = 13, active): Op[1] (arity = 2)
              └─ 3 (V = 16, active): Op[4] (arity = 1)
                     └─ 7 (V = 12, active): Op[0] (arity = 2)
                            └─ 15 (V = 13, active): Op[1] (arity = 2)
                                   └─ 31 (V = 0, active): Input[0]
                                          └─ 63 (V = 15, inactive): Op[3] (arity = 2)
                                                 └─ 127 (V = 9, inactive): Constant[0] -> -2.02357
                                                 └─ 128 (V = 8, inactive): Input[8]
                                          └─ 64 (V = 16, inactive): Op[4] (arity = 1)
                                                 └─ 129 (V = 5, inactive): Input[5]
                                                 └─ 130 (V = 0, inactive): Input[0]
                                   └─ 32 (V = 16, active): Op[4] (arity = 1)
                                          └─ 65 (V = 13, active): Op[1] (arity = 2)
                                                 └─ 131 (V = 5, active): Input[5]
                                                 └─ 132 (V = 4, active): Input[4]
                                          └─ 66 (V = 7, inactive): Input[7]
                                                 └─ 133 (V = 2, inactive): Input[2]
                                                 └─ 134 (V = 9, inactive): Constant[0] -> -4.04813
                            └─ 16 (V = 5, active): Input[5]
                                   └─ 33 (V = 12, inactive): Op[0] (arity = 2)
                                          └─ 67 (V = 14, inactive): Op[2] (arity = 2)
                                                 └─ 135 (V = 0, inactive): Input[0]
                                                 └─ 136 (V = 9, inactive): Constant[0] -> -5.5968
                                          └─ 68 (V = 12, inactive): Op[0] (arity = 2)
                                                 └─ 137 (V = 2, inactive): Input[2]
                                                 └─ 138 (V = 7, inactive): Input[7]
                                   └─ 34 (V = 5, inactive): Input[5]
                                          └─ 69 (V = 12, inactive): Op[0] (arity = 2)
                                                 └─ 139 (V = 1, inactive): Input[1]
                                                 └─ 140 (V = 1, inactive): Input[1]
                                          └─ 70 (V = 13, inactive): Op[1] (arity = 2)
                                                 └─ 141 (V = 6, inactive): Input[6]
                                                 └─ 142 (V = 3, inactive): Input[3]
                     └─ 8 (V = 5, inactive): Input[5]
                            └─ 17 (V = 14, inactive): Op[2] (arity = 2)
                                   └─ 35 (V = 19, inactive): Op[7] (arity = 1)
                                          └─ 71 (V = 18, inactive): Op[6] (arity = 1)
                                                 └─ 143 (V = 7, inactive): Input[7]
                                                 └─ 144 (V = 2, inactive): Input[2]
                                          └─ 72 (V = 2, inactive): Input[2]
                                                 └─ 145 (V = 6, inactive): Input[6]
                                                 └─ 146 (V = 9, inactive): Constant[0] -> 3.95552
                                   └─ 36 (V = 6, inactive): Input[6]
                                          └─ 73 (V = 13, inactive): Op[1] (arity = 2)
                                                 └─ 147 (V = 1, inactive): Input[1]
                                                 └─ 148 (V = 1, inactive): Input[1]
                                          └─ 74 (V = 8, inactive): Input[8]
                                                 └─ 149 (V = 1, inactive): Input[1]
                                                 └─ 150 (V = 0, inactive): Input[0]
                            └─ 18 (V = 0, inactive): Input[0]
                                   └─ 37 (V = 5, inactive): Input[5]
                                          └─ 75 (V = 7, inactive): Input[7]
                                                 └─ 151 (V = 2, inactive): Input[2]
                                                 └─ 152 (V = 6, inactive): Input[6]
                                          └─ 76 (V = 5, inactive): Input[5]
                                                 └─ 153 (V = 0, inactive): Input[0]
                                                 └─ 154 (V = 5, inactive): Input[5]
                                   └─ 38 (V = 16, inactive): Op[4] (arity = 1)
                                          └─ 77 (V = 12, inactive): Op[0] (arity = 2)
                                                 └─ 155 (V = 5, inactive): Input[5]
                                                 └─ 156 (V = 4, inactive): Input[4]
                                          └─ 78 (V = 15, inactive): Op[3] (arity = 2)
                                                 └─ 157 (V = 7, inactive): Input[7]
                                                 └─ 158 (V = 5, inactive): Input[5]
              └─ 4 (V = 13, active): Op[1] (arity = 2)
                     └─ 9 (V = 14, active): Op[2] (arity = 2)
                            └─ 19 (V = 18, active): Op[6] (arity = 1)
                                   └─ 39 (V = 12, active): Op[0] (arity = 2)
                                          └─ 79 (V = 12, active): Op[0] (arity = 2)
                                                 └─ 159 (V = 0, active): Input[0]
                                                 └─ 160 (V = 3, active): Input[3]
                                          └─ 80 (V = 13, active): Op[1] (arity = 2)
                                                 └─ 161 (V = 2, active): Input[2]
                                                 └─ 162 (V = 3, active): Input[3]
                                   └─ 40 (V = 15, inactive): Op[3] (arity = 2)
                                          └─ 81 (V = 8, inactive): Input[8]
                                                 └─ 163 (V = 8, inactive): Input[8]
                                                 └─ 164 (V = 5, inactive): Input[5]
                                          └─ 82 (V = 5, inactive): Input[5]
                                                 └─ 165 (V = 9, inactive): Constant[0] -> -2.16064
                                                 └─ 166 (V = 9, inactive): Constant[0] -> 2.30447
                            └─ 20 (V = 14, active): Op[2] (arity = 2)
                                   └─ 41 (V = 14, active): Op[2] (arity = 2)
                                          └─ 83 (V = 1, active): Input[1]
                                                 └─ 167 (V = 3, inactive): Input[3]
                                                 └─ 168 (V = 1, inactive): Input[1]
                                          └─ 84 (V = 15, active): Op[3] (arity = 2)
                                                 └─ 169 (V = 0, active): Input[0]
                                                 └─ 170 (V = 9, active): Constant[0] -> 2.08876
                                   └─ 42 (V = 16, active): Op[4] (arity = 1)
                                          └─ 85 (V = 19, active): Op[7] (arity = 1)
                                                 └─ 171 (V = 3, active): Input[3]
                                                 └─ 172 (V = 1, inactive): Input[1]
                                          └─ 86 (V = 5, inactive): Input[5]
                                                 └─ 173 (V = 5, inactive): Input[5]
                                                 └─ 174 (V = 2, inactive): Input[2]
                     └─ 10 (V = 17, active): Op[5] (arity = 1)
                            └─ 21 (V = 14, active): Op[2] (arity = 2)
                                   └─ 43 (V = 17, active): Op[5] (arity = 1)
                                          └─ 87 (V = 9, active): Constant[0] -> -3.52493
                                                 └─ 175 (V = 1, inactive): Input[1]
                                                 └─ 176 (V = 8, inactive): Input[8]
                                          └─ 88 (V = 14, inactive): Op[2] (arity = 2)
                                                 └─ 177 (V = 3, inactive): Input[3]
                                                 └─ 178 (V = 4, inactive): Input[4]
                                   └─ 44 (V = 6, active): Input[6]
                                          └─ 89 (V = 8, inactive): Input[8]
                                                 └─ 179 (V = 5, inactive): Input[5]
                                                 └─ 180 (V = 5, inactive): Input[5]
                                          └─ 90 (V = 14, inactive): Op[2] (arity = 2)
                                                 └─ 181 (V = 6, inactive): Input[6]
                                                 └─ 182 (V = 7, inactive): Input[7]
                            └─ 22 (V = 16, inactive): Op[4] (arity = 1)
                                   └─ 45 (V = 5, inactive): Input[5]
                                          └─ 91 (V = 14, inactive): Op[2] (arity = 2)
                                                 └─ 183 (V = 7, inactive): Input[7]
                                                 └─ 184 (V = 9, inactive): Constant[0] -> -0.908721
                                          └─ 92 (V = 18, inactive): Op[6] (arity = 1)
                                                 └─ 185 (V = 7, inactive): Input[7]
                                                 └─ 186 (V = 0, inactive): Input[0]
                                   └─ 46 (V = 19, inactive): Op[7] (arity = 1)
                                          └─ 93 (V = 19, inactive): Op[7] (arity = 1)
                                                 └─ 187 (V = 5, inactive): Input[5]
                                                 └─ 188 (V = 4, inactive): Input[4]
                                          └─ 94 (V = 19, inactive): Op[7] (arity = 1)
                                                 └─ 189 (V = 6, inactive): Input[6]
                                                 └─ 190 (V = 7, inactive): Input[7]
       └─ 2 (V = 12, active): Op[0] (arity = 2)
              └─ 5 (V = 12, active): Op[0] (arity = 2)
                     └─ 11 (V = 17, active): Op[5] (arity = 1)
                            └─ 23 (V = 16, active): Op[4] (arity = 1)
                                   └─ 47 (V = 14, active): Op[2] (arity = 2)
                                          └─ 95 (V = 16, active): Op[4] (arity = 1)
                                                 └─ 191 (V = 9, active): Constant[0] -> 4.19346
                                                 └─ 192 (V = 2, inactive): Input[2]
                                          └─ 96 (V = 15, active): Op[3] (arity = 2)
                                                 └─ 193 (V = 2, active): Input[2]
                                                 └─ 194 (V = 9, active): Constant[0] -> -3.98142
                                   └─ 48 (V = 13, inactive): Op[1] (arity = 2)
                                          └─ 97 (V = 13, inactive): Op[1] (arity = 2)
                                                 └─ 195 (V = 5, inactive): Input[5]
                                                 └─ 196 (V = 2, inactive): Input[2]
                                          └─ 98 (V = 3, inactive): Input[3]
                                                 └─ 197 (V = 8, inactive): Input[8]
                                                 └─ 198 (V = 0, inactive): Input[0]
                            └─ 24 (V = 19, inactive): Op[7] (arity = 1)
                                   └─ 49 (V = 4, inactive): Input[4]
                                          └─ 99 (V = 3, inactive): Input[3]
                                                 └─ 199 (V = 6, inactive): Input[6]
                                                 └─ 200 (V = 7, inactive): Input[7]
                                          └─ 100 (V = 6, inactive): Input[6]
                                                 └─ 201 (V = 2, inactive): Input[2]
                                                 └─ 202 (V = 0, inactive): Input[0]
                                   └─ 50 (V = 1, inactive): Input[1]
                                          └─ 101 (V = 13, inactive): Op[1] (arity = 2)
                                                 └─ 203 (V = 2, inactive): Input[2]
                                                 └─ 204 (V = 2, inactive): Input[2]
                                          └─ 102 (V = 16, inactive): Op[4] (arity = 1)
                                                 └─ 205 (V = 2, inactive): Input[2]
                                                 └─ 206 (V = 8, inactive): Input[8]
                     └─ 12 (V = 17, active): Op[5] (arity = 1)
                            └─ 25 (V = 12, active): Op[0] (arity = 2)
                                   └─ 51 (V = 14, active): Op[2] (arity = 2)
                                          └─ 103 (V = 17, active): Op[5] (arity = 1)
                                                 └─ 207 (V = 0, active): Input[0]
                                                 └─ 208 (V = 9, inactive): Constant[0] -> 0.908629
                                          └─ 104 (V = 9, active): Constant[0] -> -1.02806
                                                 └─ 209 (V = 9, inactive): Constant[0] -> 5.11327
                                                 └─ 210 (V = 6, inactive): Input[6]
                                   └─ 52 (V = 7, active): Input[7]
                                          └─ 105 (V = 5, inactive): Input[5]
                                                 └─ 211 (V = 0, inactive): Input[0]
                                                 └─ 212 (V = 0, inactive): Input[0]
                                          └─ 106 (V = 19, inactive): Op[7] (arity = 1)
                                                 └─ 213 (V = 3, inactive): Input[3]
                                                 └─ 214 (V = 5, inactive): Input[5]
                            └─ 26 (V = 3, inactive): Input[3]
                                   └─ 53 (V = 14, inactive): Op[2] (arity = 2)
                                          └─ 107 (V = 17, inactive): Op[5] (arity = 1)
                                                 └─ 215 (V = 0, inactive): Input[0]
                                                 └─ 216 (V = 4, inactive): Input[4]
                                          └─ 108 (V = 2, inactive): Input[2]
                                                 └─ 217 (V = 6, inactive): Input[6]
                                                 └─ 218 (V = 8, inactive): Input[8]
                                   └─ 54 (V = 12, inactive): Op[0] (arity = 2)
                                          └─ 109 (V = 6, inactive): Input[6]
                                                 └─ 219 (V = 5, inactive): Input[5]
                                                 └─ 220 (V = 2, inactive): Input[2]
                                          └─ 110 (V = 16, inactive): Op[4] (arity = 1)
                                                 └─ 221 (V = 7, inactive): Input[7]
                                                 └─ 222 (V = 2, inactive): Input[2]
              └─ 6 (V = 17, active): Op[5] (arity = 1)
                     └─ 13 (V = 13, active): Op[1] (arity = 2)
                            └─ 27 (V = 8, active): Input[8]
                                   └─ 55 (V = 18, inactive): Op[6] (arity = 1)
                                          └─ 111 (V = 3, inactive): Input[3]
                                                 └─ 223 (V = 5, inactive): Input[5]
                                                 └─ 224 (V = 3, inactive): Input[3]
                                          └─ 112 (V = 2, inactive): Input[2]
                                                 └─ 225 (V = 4, inactive): Input[4]
                                                 └─ 226 (V = 1, inactive): Input[1]
                                   └─ 56 (V = 1, inactive): Input[1]
                                          └─ 113 (V = 6, inactive): Input[6]
                                                 └─ 227 (V = 5, inactive): Input[5]
                                                 └─ 228 (V = 2, inactive): Input[2]
                                          └─ 114 (V = 16, inactive): Op[4] (arity = 1)
                                                 └─ 229 (V = 3, inactive): Input[3]
                                                 └─ 230 (V = 6, inactive): Input[6]
                            └─ 28 (V = 12, active): Op[0] (arity = 2)
                                   └─ 57 (V = 13, active): Op[1] (arity = 2)
                                          └─ 115 (V = 0, active): Input[0]
                                                 └─ 231 (V = 7, inactive): Input[7]
                                                 └─ 232 (V = 8, inactive): Input[8]
                                          └─ 116 (V = 14, active): Op[2] (arity = 2)
                                                 └─ 233 (V = 0, active): Input[0]
                                                 └─ 234 (V = 0, active): Input[0]
                                   └─ 58 (V = 17, active): Op[5] (arity = 1)
                                          └─ 117 (V = 9, active): Constant[0] -> 0.0839658
                                                 └─ 235 (V = 6, inactive): Input[6]
                                                 └─ 236 (V = 3, inactive): Input[3]
                                          └─ 118 (V = 15, inactive): Op[3] (arity = 2)
                                                 └─ 237 (V = 0, inactive): Input[0]
                                                 └─ 238 (V = 0, inactive): Input[0]
                     └─ 14 (V = 16, inactive): Op[4] (arity = 1)
                            └─ 29 (V = 15, inactive): Op[3] (arity = 2)
                                   └─ 59 (V = 0, inactive): Input[0]
                                          └─ 119 (V = 0, inactive): Input[0]
                                                 └─ 239 (V = 6, inactive): Input[6]
                                                 └─ 240 (V = 5, inactive): Input[5]
                                          └─ 120 (V = 19, inactive): Op[7] (arity = 1)
                                                 └─ 241 (V = 9, inactive): Constant[0] -> -2.47983
                                                 └─ 242 (V = 5, inactive): Input[5]
                                   └─ 60 (V = 12, inactive): Op[0] (arity = 2)
                                          └─ 121 (V = 12, inactive): Op[0] (arity = 2)
                                                 └─ 243 (V = 5, inactive): Input[5]
                                                 └─ 244 (V = 1, inactive): Input[1]
                                          └─ 122 (V = 19, inactive): Op[7] (arity = 1)
                                                 └─ 245 (V = 2, inactive): Input[2]
                                                 └─ 246 (V = 6, inactive): Input[6]
                            └─ 30 (V = 14, inactive): Op[2] (arity = 2)
                                   └─ 61 (V = 18, inactive): Op[6] (arity = 1)
                                          └─ 123 (V = 18, inactive): Op[6] (arity = 1)
                                                 └─ 247 (V = 5, inactive): Input[5]
                                                 └─ 248 (V = 9, inactive): Constant[0] -> -5.51839
                                          └─ 124 (V = 13, inactive): Op[1] (arity = 2)
                                                 └─ 249 (V = 6, inactive): Input[6]
                                                 └─ 250 (V = 5, inactive): Input[5]
                                   └─ 62 (V = 13, inactive): Op[1] (arity = 2)
                                          └─ 125 (V = 18, inactive): Op[6] (arity = 1)
                                                 └─ 251 (V = 7, inactive): Input[7]
                                                 └─ 252 (V = 0, inactive): Input[0]
                                          └─ 126 (V = 12, inactive): Op[0] (arity = 2)
                                                 └─ 253 (V = 1, inactive): Input[1]
                                                 └─ 254 (V = 2, inactive): Input[2]
","((sin(((x0 - sin((x5 - x4))) + x5)) - ((log(((x0 + x3) + (x2 - x3))) * ((x1 * (x0 / 2.0887604574390046)) * sin(sqrt(x3)))) - cos((cos(-3.5249252263647106) * x6)))) + ((cos(sin((sin(4.193457241918562) * (x2 / -3.9814235666621793)))) + cos(((cos(x0) * -1.0280551816299717) + x7))) + cos((x8 - ((x0 - (x0 * x0)) + cos(0.08396584477578362))))))",1.20498,"[1.20498]",0
Running,724934,32,22.575883899,17.51955508,5.056328819,1024,3,modular_1,single_kernel_inplace,1024,666,9,2,7,modular,0,0,3324115916,4.1594454033974815,3324115916,"[10,11,10,14,11,10,15,10,10,12,15,17,15,11,14,11,5,11,0,16,12,12,10,15,17,10,14,8,10,13,15,0,14,10,13,15,6,15,11,10,13,12,14,15,6,10,17,12,10,10,1,12,7,15,10,9,1,11,15,17,17,14,10,13,17,11,17,17,16,13,14,11,13,11,10,7,10,10,13,10,11,15,5,1,13,17,12,9,12,8,12,17,15,17,11,15,13,11,3,11,6,13,14,15,13,17,17,13,13,12,4,16,10,17,12,0,12,9,15,7,11,12,17,2,4,16,13,9,8,5,0,5,4,0,9,0,9,2,1,1,0,7,3,5,6,8,2,0,1,6,1,2,6,1,9,3,4,7,3,0,3,2,3,8,5,9,9,3,1,0,9,3,1,5,4,6,7,2,7,0,5,0,7,6,2,7,3,5,3,7,4,0,3,2,9,3,1,0,4,0,1,0,8,2,4,2,5,0,5,9,9,8,1,3,3,0,5,8,1,0,2,8,4,8,5,2,4,8,3,3,5,0,8,0,0,4,1,5,7,7,5,0,7,1,5,2,6,7,7,2,3,7,0,3,0]","[1,1,1,1,1,1,1,1,0,1,1,1,1,1,0,1,1,0,0,1,1,1,0,1,0,1,0,1,1,0,0,1,1,0,0,0,0,0,0,1,0,1,1,1,1,0,0,1,0,0,0,1,1,0,0,0,0,1,1,0,0,0,0,0,0,1,0,0,0,0,0,0,0,0,0,0,0,0,0,1,1,0,0,1,1,1,0,1,0,0,0,0,0,0,0,1,1,0,0,0,0,0,0,1,1,0,0,0,0,0,0,0,0,0,0,1,1,1,0,0,0,0,0,0,0,0,0,0,0,0,0,1,1,0,0,0,0,0,0,0,0,0,0,0,0,0,0,0,0,0,0,0,0,0,0,0,0,0,0,1,1,1,1,0,0,0,0,0,0,1,1,1,0,0,0,0,0,0,0,0,0,0,0,0,0,0,0,0,0,0,0,1,0,1,1,0,0,0,0,0,0,0,0,0,0,0,0,1,0,1,1,0,0,0,0,0,0,0,0,0,0,0,0,0,0,0,0,0,0,0,0,0,0,1,1,0,0,0,0,0,0,0,0,0,0,0,0,0,0,0,0,0,0,0,0]","[-4.93417,-0.845788,4.46127,-2.02926,0.975812,3.39065,-3.82877,2.28526,-4.02643,-1.46869,-0.612813,4.30847,2.82908,-2.51076,0.236816,5.77822,3.05634,2.15281,-4.40127,1.7712,-6.06455,-2.84887,-2.11894,0.867508,2.08141,-1.07531,3.8153,-5.81144,0.945153,5.27872,-3.75705,5.64597,-1.35778,-5.55523,1.51884,3.73459,-5.24316,3.64878,-1.43119,1.16019,-1.11421,-2.92751,-1.73328,-4.22929,4.6989,3.73939,5.63502,4.63028,-0.257448,-0.883328,-3.39327,4.49072,-0.151013,2.36497,-2.83758,-0.738175,1.07159,-3.71141,5.5544,-1.4468,5.02678,4.22848,-3.13513,3.2208,2.95368,-5.64749,-4.25432,-5.0336,3.44113,-5.14433,0.31499,2.6774,2.65315,-5.77478,-1.42945,-0.126507,-5.51161,-0.392285,-3.66811,4.09723,2.1721,-0.328283,0.819556,-5.56352,0.693807,-3.5162,5.47644,-3.52493,3.8085,-1.37798,5.22189,5.23621,-3.67619,-3.96592,-5.16365,-1.38672,5.49169,-5.04674,-2.48666,5.91942,-4.64416,2.75892,6.0353,4.00383,-1.79593,1.02308,-4.20089,-5.72566,2.77998,-0.400908,5.13777,1.15554,-0.264638,-5.04885,3.91548,1.29065,4.97596,-6.00821,2.78358,-3.32641,5.82644,-3.02881,-5.30184,-1.17748,-4.61633,-2.41857,0.452402,-2.02357,1.00732,-4.81111,-0.116296,-3.64817,0.173271,2.58945,-4.04813,-0.570829,-2.50444,-5.25534,-1.05246,2.21123,4.59417,2.95413,-5.0784,-0.374566,-4.28486,0.0400675,1.04196,4.51389,-1.93197,-4.53001,-0.00470382,-3.49839,0.0640921,-0.350346,-0.860055,-3.17737,2.80844,4.6636,-5.35563,1.95027,1.14949,4.69688,-5.39652,-4.94224,0.789376,-2.16064,2.30447,0.302185,-5.2101,2.45678,2.08876,5.24628,-1.5562,-1.31126,-2.89987,-4.90641,-4.24632,1.07033,0.19791,-4.76297,2.46577,1.28301,-1.65797,0.255944,-3.5942,-1.69063,3.61228,-1.8119,5.05906,3.14402,-5.73675,-1.6121,3.78671,-5.72981,-3.3344,5.80969,2.26812,1.32127,-0.373859,4.58553,-4.3115,-5.20076,-4.31733,1.69528,4.61338,2.42913,2.6421,1.5079,-5.0864,-2.5794,1.93872,-1.37489,-5.5144,-3.28126,0.922531,-0.288373,1.30792,-0.864191,2.06004,-3.91211,-5.56102,-0.145191,1.40258,-6.04468,-2.71769,-2.72308,-4.48797,-5.54228,2.38962,-1.91467,3.97452,0.558069,-0.00644792,-2.83343,2.22077,-0.18645,-5.49932,-1.6825,5.76594,-3.46117,2.10478,2.43803,4.25751,-4.96022,-2.27058,0.213708,-0.725636,2.93233,-2.51163,5.56058,-0.115108,2.71844,-4.47472,3.74017,-5.82567]","[0,0,0,0,0,0,0,0,0,0,0,0,0,0,0,0,0,0,0,0,0,0,0,0,0,0,0,0,0,0,0,0,0,0,0,0,0,0,0,0,0,0,0,0,0,0,0,0,0,0,0,0,0,0,0,0,0,0,0,0,0,0,0,0,0,0,0,0,0,0,0,0,0,0,0,0,0,0,0,0,0,0,0,0,0,0,0,1,0,0,0,0,0,0,0,0,0,0,0,0,0,0,0,0,0,0,0,0,0,0,0,0,0,0,0,0,0,1,0,0,0,0,0,0,0,0,0,0,0,0,0,0,0,0,0,0,0,0,0,0,0,0,0,0,0,0,0,0,0,0,0,0,0,0,0,0,0,0,0,0,0,0,0,0,0,0,0,0,0,0,1,0,0,0,0,0,0,0,0,0,0,0,0,0,0,0,0,0,0,0,0,0,0,0,1,0,0,0,0,0,0,0,0,0,0,0,0,0,0,1,1,0,0,0,0,0,0,0,0,0,0,0,0,0,0,0,0,0,0,0,0,0,0,0,0,0,0,0,0,0,0,0,0,0,0,0,0,0,0,0,0,0,0,0,0]","Output
└─ 0 (V = 12, active): Op[0] (arity = 2)
       └─ 1 (V = 13, active): Op[1] (arity = 2)
              └─ 3 (V = 16, active): Op[4] (arity = 1)
                     └─ 7 (V = 12, active): Op[0] (arity = 2)
                            └─ 15 (V = 13, active): Op[1] (arity = 2)
                                   └─ 31 (V = 0, active): Input[0]
                                          └─ 63 (V = 15, inactive): Op[3] (arity = 2)
                                                 └─ 127 (V = 9, inactive): Constant[0] -> -2.02357
                                                 └─ 128 (V = 8, inactive): Input[8]
                                          └─ 64 (V = 19, inactive): Op[7] (arity = 1)
                                                 └─ 129 (V = 5, inactive): Input[5]
                                                 └─ 130 (V = 0, inactive): Input[0]
                                   └─ 32 (V = 16, active): Op[4] (arity = 1)
                                          └─ 65 (V = 13, active): Op[1] (arity = 2)
                                                 └─ 131 (V = 5, active): Input[5]
                                                 └─ 132 (V = 4, active): Input[4]
                                          └─ 66 (V = 19, inactive): Op[7] (arity = 1)
                                                 └─ 133 (V = 0, inactive): Input[0]
                                                 └─ 134 (V = 9, inactive): Constant[0] -> -4.04813
                            └─ 16 (V = 5, active): Input[5]
                                   └─ 33 (V = 12, inactive): Op[0] (arity = 2)
                                          └─ 67 (V = 19, inactive): Op[7] (arity = 1)
                                                 └─ 135 (V = 0, inactive): Input[0]
                                                 └─ 136 (V = 9, inactive): Constant[0] -> -2.50444
                                          └─ 68 (V = 18, inactive): Op[6] (arity = 1)
                                                 └─ 137 (V = 2, inactive): Input[2]
                                                 └─ 138 (V = 1, inactive): Input[1]
                                   └─ 34 (V = 15, inactive): Op[3] (arity = 2)
                                          └─ 69 (V = 15, inactive): Op[3] (arity = 2)
                                                 └─ 139 (V = 1, inactive): Input[1]
                                                 └─ 140 (V = 0, inactive): Input[0]
                                          └─ 70 (V = 16, inactive): Op[4] (arity = 1)
                                                 └─ 141 (V = 7, inactive): Input[7]
                                                 └─ 142 (V = 3, inactive): Input[3]
                     └─ 8 (V = 12, inactive): Op[0] (arity = 2)
                            └─ 17 (V = 13, inactive): Op[1] (arity = 2)
                                   └─ 35 (V = 17, inactive): Op[5] (arity = 1)
                                          └─ 71 (V = 13, inactive): Op[1] (arity = 2)
                                                 └─ 143 (V = 5, inactive): Input[5]
                                                 └─ 144 (V = 6, inactive): Input[6]
                                          └─ 72 (V = 15, inactive): Op[3] (arity = 2)
                                                 └─ 145 (V = 8, inactive): Input[8]
                                                 └─ 146 (V = 2, inactive): Input[2]
                                   └─ 36 (V = 6, inactive): Input[6]
                                          └─ 73 (V = 13, inactive): Op[1] (arity = 2)
                                                 └─ 147 (V = 0, inactive): Input[0]
                                                 └─ 148 (V = 1, inactive): Input[1]
                                          └─ 74 (V = 12, inactive): Op[0] (arity = 2)
                                                 └─ 149 (V = 6, inactive): Input[6]
                                                 └─ 150 (V = 1, inactive): Input[1]
                            └─ 18 (V = 0, inactive): Input[0]
                                   └─ 37 (V = 17, inactive): Op[5] (arity = 1)
                                          └─ 75 (V = 7, inactive): Input[7]
                                                 └─ 151 (V = 2, inactive): Input[2]
                                                 └─ 152 (V = 6, inactive): Input[6]
                                          └─ 76 (V = 12, inactive): Op[0] (arity = 2)
                                                 └─ 153 (V = 1, inactive): Input[1]
                                                 └─ 154 (V = 9, inactive): Constant[0] -> -0.860055
                                   └─ 38 (V = 13, inactive): Op[1] (arity = 2)
                                          └─ 77 (V = 12, inactive): Op[0] (arity = 2)
                                                 └─ 155 (V = 3, inactive): Input[3]
                                                 └─ 156 (V = 4, inactive): Input[4]
                                          └─ 78 (V = 15, inactive): Op[3] (arity = 2)
                                                 └─ 157 (V = 7, inactive): Input[7]
                                                 └─ 158 (V = 3, inactive): Input[3]
              └─ 4 (V = 13, active): Op[1] (arity = 2)
                     └─ 9 (V = 14, active): Op[2] (arity = 2)
                            └─ 19 (V = 18, active): Op[6] (arity = 1)
                                   └─ 39 (V = 12, active): Op[0] (arity = 2)
                                          └─ 79 (V = 12, active): Op[0] (arity = 2)
                                                 └─ 159 (V = 0, active): Input[0]
                                                 └─ 160 (V = 3, active): Input[3]
                                          └─ 80 (V = 13, active): Op[1] (arity = 2)
                                                 └─ 161 (V = 2, active): Input[2]
                                                 └─ 162 (V = 3, active): Input[3]
                                   └─ 40 (V = 15, inactive): Op[3] (arity = 2)
                                          └─ 81 (V = 17, inactive): Op[5] (arity = 1)
                                                 └─ 163 (V = 8, inactive): Input[8]
                                                 └─ 164 (V = 5, inactive): Input[5]
                                          └─ 82 (V = 5, inactive): Input[5]
                                                 └─ 165 (V = 9, inactive): Constant[0] -> -2.16064
                                                 └─ 166 (V = 9, inactive): Constant[0] -> 2.30447
                            └─ 20 (V = 14, active): Op[2] (arity = 2)
                                   └─ 41 (V = 14, active): Op[2] (arity = 2)
                                          └─ 83 (V = 1, active): Input[1]
                                                 └─ 167 (V = 3, inactive): Input[3]
                                                 └─ 168 (V = 1, inactive): Input[1]
                                          └─ 84 (V = 15, active): Op[3] (arity = 2)
                                                 └─ 169 (V = 0, active): Input[0]
                                                 └─ 170 (V = 9, active): Constant[0] -> 2.08876
                                   └─ 42 (V = 16, active): Op[4] (arity = 1)
                                          └─ 85 (V = 19, active): Op[7] (arity = 1)
                                                 └─ 171 (V = 3, active): Input[3]
                                                 └─ 172 (V = 1, inactive): Input[1]
                                          └─ 86 (V = 14, inactive): Op[2] (arity = 2)
                                                 └─ 173 (V = 5, inactive): Input[5]
                                                 └─ 174 (V = 4, inactive): Input[4]
                     └─ 10 (V = 17, active): Op[5] (arity = 1)
                            └─ 21 (V = 14, active): Op[2] (arity = 2)
                                   └─ 43 (V = 17, active): Op[5] (arity = 1)
                                          └─ 87 (V = 9, active): Constant[0] -> -3.52493
                                                 └─ 175 (V = 6, inactive): Input[6]
                                                 └─ 176 (V = 7, inactive): Input[7]
                                          └─ 88 (V = 14, inactive): Op[2] (arity = 2)
                                                 └─ 177 (V = 2, inactive): Input[2]
                                                 └─ 178 (V = 7, inactive): Input[7]
                                   └─ 44 (V = 6, active): Input[6]
                                          └─ 89 (V = 8, inactive): Input[8]
                                                 └─ 179 (V = 0, inactive): Input[0]
                                                 └─ 180 (V = 5, inactive): Input[5]
                                          └─ 90 (V = 14, inactive): Op[2] (arity = 2)
                                                 └─ 181 (V = 0, inactive): Input[0]
                                                 └─ 182 (V = 7, inactive): Input[7]
                            └─ 22 (V = 12, inactive): Op[0] (arity = 2)
                                   └─ 45 (V = 12, inactive): Op[0] (arity = 2)
                                          └─ 91 (V = 19, inactive): Op[7] (arity = 1)
                                                 └─ 183 (V = 6, inactive): Input[6]
                                                 └─ 184 (V = 2, inactive): Input[2]
                                          └─ 92 (V = 17, inactive): Op[5] (arity = 1)
                                                 └─ 185 (V = 7, inactive): Input[7]
                                                 └─ 186 (V = 3, inactive): Input[3]
                                   └─ 46 (V = 19, inactive): Op[7] (arity = 1)
                                          └─ 93 (V = 19, inactive): Op[7] (arity = 1)
                                                 └─ 187 (V = 5, inactive): Input[5]
                                                 └─ 188 (V = 3, inactive): Input[3]
                                          └─ 94 (V = 13, inactive): Op[1] (arity = 2)
                                                 └─ 189 (V = 7, inactive): Input[7]
                                                 └─ 190 (V = 4, inactive): Input[4]
       └─ 2 (V = 12, active): Op[0] (arity = 2)
              └─ 5 (V = 12, active): Op[0] (arity = 2)
                     └─ 11 (V = 19, active): Op[7] (arity = 1)
                            └─ 23 (V = 17, active): Op[5] (arity = 1)
                                   └─ 47 (V = 14, active): Op[2] (arity = 2)
                                          └─ 95 (V = 17, active): Op[5] (arity = 1)
                                                 └─ 191 (V = 0, active): Input[0]
                                                 └─ 192 (V = 3, inactive): Input[3]
                                          └─ 96 (V = 15, active): Op[3] (arity = 2)
                                                 └─ 193 (V = 2, active): Input[2]
                                                 └─ 194 (V = 9, active): Constant[0] -> -3.3344
                                   └─ 48 (V = 12, inactive): Op[0] (arity = 2)
                                          └─ 97 (V = 13, inactive): Op[1] (arity = 2)
                                                 └─ 195 (V = 3, inactive): Input[3]
                                                 └─ 196 (V = 1, inactive): Input[1]
                                          └─ 98 (V = 3, inactive): Input[3]
                                                 └─ 197 (V = 0, inactive): Input[0]
                                                 └─ 198 (V = 4, inactive): Input[4]
                            └─ 24 (V = 19, inactive): Op[7] (arity = 1)
                                   └─ 49 (V = 12, inactive): Op[0] (arity = 2)
                                          └─ 99 (V = 13, inactive): Op[1] (arity = 2)
                                                 └─ 199 (V = 0, inactive): Input[0]
                                                 └─ 200 (V = 1, inactive): Input[1]
                                          └─ 100 (V = 6, inactive): Input[6]
                                                 └─ 201 (V = 0, inactive): Input[0]
                                                 └─ 202 (V = 8, inactive): Input[8]
                                   └─ 50 (V = 1, inactive): Input[1]
                                          └─ 101 (V = 15, inactive): Op[3] (arity = 2)
                                                 └─ 203 (V = 2, inactive): Input[2]
                                                 └─ 204 (V = 4, inactive): Input[4]
                                          └─ 102 (V = 16, inactive): Op[4] (arity = 1)
                                                 └─ 205 (V = 2, inactive): Input[2]
                                                 └─ 206 (V = 5, inactive): Input[5]
                     └─ 12 (V = 17, active): Op[5] (arity = 1)
                            └─ 25 (V = 12, active): Op[0] (arity = 2)
                                   └─ 51 (V = 14, active): Op[2] (arity = 2)
                                          └─ 103 (V = 17, active): Op[5] (arity = 1)
                                                 └─ 207 (V = 0, active): Input[0]
                                                 └─ 208 (V = 5, inactive): Input[5]
                                          └─ 104 (V = 15, active): Op[3] (arity = 2)
                                                 └─ 209 (V = 9, active): Constant[0] -> -2.5794
                                                 └─ 210 (V = 9, active): Constant[0] -> 1.93872
                                   └─ 52 (V = 7, active): Input[7]
                                          └─ 105 (V = 19, inactive): Op[7] (arity = 1)
                                                 └─ 211 (V = 8, inactive): Input[8]
                                                 └─ 212 (V = 1, inactive): Input[1]
                                          └─ 106 (V = 19, inactive): Op[7] (arity = 1)
                                                 └─ 213 (V = 3, inactive): Input[3]
                                                 └─ 214 (V = 3, inactive): Input[3]
                            └─ 26 (V = 16, inactive): Op[4] (arity = 1)
                                   └─ 53 (V = 17, inactive): Op[5] (arity = 1)
                                          └─ 107 (V = 15, inactive): Op[3] (arity = 2)
                                                 └─ 215 (V = 0, inactive): Input[0]
                                                 └─ 216 (V = 5, inactive): Input[5]
                                          └─ 108 (V = 15, inactive): Op[3] (arity = 2)
                                                 └─ 217 (V = 8, inactive): Input[8]
                                                 └─ 218 (V = 1, inactive): Input[1]
                                   └─ 54 (V = 12, inactive): Op[0] (arity = 2)
                                          └─ 109 (V = 14, inactive): Op[2] (arity = 2)
                                                 └─ 219 (V = 0, inactive): Input[0]
                                                 └─ 220 (V = 2, inactive): Input[2]
                                          └─ 110 (V = 4, inactive): Input[4]
                                                 └─ 221 (V = 8, inactive): Input[8]
                                                 └─ 222 (V = 4, inactive): Input[4]
              └─ 6 (V = 17, active): Op[5] (arity = 1)
                     └─ 13 (V = 13, active): Op[1] (arity = 2)
                            └─ 27 (V = 8, active): Input[8]
                                   └─ 55 (V = 9, inactive): Constant[0] -> -0.738175
                                          └─ 111 (V = 18, inactive): Op[6] (arity = 1)
                                                 └─ 223 (V = 8, inactive): Input[8]
                                                 └─ 224 (V = 5, inactive): Input[5]
                                          └─ 112 (V = 12, inactive): Op[0] (arity = 2)
                                                 └─ 225 (V = 2, inactive): Input[2]
                                                 └─ 226 (V = 4, inactive): Input[4]
                                   └─ 56 (V = 1, inactive): Input[1]
                                          └─ 113 (V = 19, inactive): Op[7] (arity = 1)
                                                 └─ 227 (V = 8, inactive): Input[8]
                                                 └─ 228 (V = 3, inactive): Input[3]
                                          └─ 114 (V = 14, inactive): Op[2] (arity = 2)
                                                 └─ 229 (V = 3, inactive): Input[3]
                                                 └─ 230 (V = 5, inactive): Input[5]
                            └─ 28 (V = 12, active): Op[0] (arity = 2)
                                   └─ 57 (V = 13, active): Op[1] (arity = 2)
                                          └─ 115 (V = 0, active): Input[0]
                                                 └─ 231 (V = 0, inactive): Input[0]
                                                 └─ 232 (V = 8, inactive): Input[8]
                                          └─ 116 (V = 14, active): Op[2] (arity = 2)
                                                 └─ 233 (V = 0, active): Input[0]
                                                 └─ 234 (V = 0, active): Input[0]
                                   └─ 58 (V = 17, active): Op[5] (arity = 1)
                                          └─ 117 (V = 9, active): Constant[0] -> -6.00821
                                                 └─ 235 (V = 4, inactive): Input[4]
                                                 └─ 236 (V = 1, inactive): Input[1]
                                          └─ 118 (V = 17, inactive): Op[5] (arity = 1)
                                                 └─ 237 (V = 5, inactive): Input[5]
                                                 └─ 238 (V = 7, inactive): Input[7]
                     └─ 14 (V = 16, inactive): Op[4] (arity = 1)
                            └─ 29 (V = 15, inactive): Op[3] (arity = 2)
                                   └─ 59 (V = 19, inactive): Op[7] (arity = 1)
                                          └─ 119 (V = 7, inactive): Input[7]
                                                 └─ 239 (V = 7, inactive): Input[7]
                                                 └─ 240 (V = 5, inactive): Input[5]
                                          └─ 120 (V = 13, inactive): Op[1] (arity = 2)
                                                 └─ 241 (V = 0, inactive): Input[0]
                                                 └─ 242 (V = 7, inactive): Input[7]
                                   └─ 60 (V = 19, inactive): Op[7] (arity = 1)
                                          └─ 121 (V = 14, inactive): Op[2] (arity = 2)
                                                 └─ 243 (V = 1, inactive): Input[1]
                                                 └─ 244 (V = 5, inactive): Input[5]
                                          └─ 122 (V = 19, inactive): Op[7] (arity = 1)
                                                 └─ 245 (V = 2, inactive): Input[2]
                                                 └─ 246 (V = 6, inactive): Input[6]
                            └─ 30 (V = 17, inactive): Op[5] (arity = 1)
                                   └─ 61 (V = 16, inactive): Op[4] (arity = 1)
                                          └─ 123 (V = 2, inactive): Input[2]
                                                 └─ 247 (V = 7, inactive): Input[7]
                                                 └─ 248 (V = 7, inactive): Input[7]
                                          └─ 124 (V = 4, inactive): Input[4]
                                                 └─ 249 (V = 2, inactive): Input[2]
                                                 └─ 250 (V = 3, inactive): Input[3]
                                   └─ 62 (V = 12, inactive): Op[0] (arity = 2)
                                          └─ 125 (V = 18, inactive): Op[6] (arity = 1)
                                                 └─ 251 (V = 7, inactive): Input[7]
                                                 └─ 252 (V = 0, inactive): Input[0]
                                          └─ 126 (V = 15, inactive): Op[3] (arity = 2)
                                                 └─ 253 (V = 3, inactive): Input[3]
                                                 └─ 254 (V = 0, inactive): Input[0]
","((sin(((x0 - sin((x5 - x4))) + x5)) - ((log(((x0 + x3) + (x2 - x3))) * ((x1 * (x0 / 2.0887604574390046)) * sin(sqrt(x3)))) - cos((cos(-3.5249252263647106) * x6)))) + ((sqrt(cos((cos(x0) * (x2 / -3.334403485128885)))) + cos(((cos(x0) * (-2.5794012703228493 / 1.9387182591391046)) + x7))) + cos((x8 - ((x0 - (x0 * x0)) + cos(-6.008214351763659))))))",1.17842,"[1.17842]",0
Running,1031632,41,32.04098834,23.888289945,8.152698395,1024,12,modular_1,single_kernel_inplace,1024,666,9,2,7,modular,0,0,3324115916,4.1594454033974815,3324115916,"[10,11,10,14,11,10,15,10,14,12,15,12,15,11,11,11,5,12,10,16,12,11,1,15,17,10,14,8,10,13,12,0,14,11,3,15,6,16,17,10,2,12,14,14,6,16,12,12,6,17,3,12,7,11,17,15,17,11,15,12,14,14,10,12,0,11,17,17,12,13,13,0,3,17,16,7,14,13,17,10,11,16,14,1,13,17,12,15,7,8,16,10,4,14,11,15,13,7,3,17,9,10,13,15,11,13,11,13,10,17,14,13,11,11,6,15,14,15,15,4,4,13,10,15,14,16,13,5,8,4,9,5,4,1,9,0,9,0,6,6,3,9,9,2,9,7,2,8,8,2,1,1,6,6,5,5,9,0,7,0,3,2,3,8,5,6,8,4,1,0,9,3,1,5,0,0,1,6,7,0,4,0,7,9,2,0,1,5,3,9,7,0,3,2,9,9,2,9,7,9,7,5,2,2,9,7,4,0,5,0,9,7,2,2,8,0,5,7,8,4,4,2,4,9,3,3,7,0,5,2,1,0,8,0,0,0,1,1,1,1,1,2,3,8,5,7,9,6,2,4,9,0,0,3,0]","[1,1,1,1,1,1,1,1,0,1,1,1,1,1,0,1,1,0,0,1,1,1,0,1,1,1,0,1,1,0,0,1,1,0,0,0,0,0,0,1,0,1,1,1,1,0,0,1,0,1,0,1,1,0,0,0,0,1,1,0,0,0,0,0,0,1,0,0,0,0,0,0,0,0,0,0,0,0,0,1,1,0,0,1,1,1,0,1,0,0,0,0,0,0,0,1,1,0,0,1,0,0,0,1,1,0,0,0,0,0,0,0,0,0,0,1,1,1,0,0,0,0,0,0,0,0,0,0,0,0,0,1,1,0,0,0,0,0,0,0,0,0,0,0,0,0,0,0,0,0,0,0,0,0,0,0,0,0,0,1,1,1,1,0,0,0,0,0,0,1,1,1,0,0,0,1,0,0,0,0,0,0,0,0,0,0,0,0,0,0,0,1,0,1,1,0,0,0,0,1,0,0,0,0,0,0,0,1,0,1,1,0,0,0,0,0,0,0,0,0,0,0,0,0,0,0,0,0,0,0,0,1,0,1,0,1,0,0,0,0,0,0,0,0,0,0,0,0,0,0,0,0,0,0,0]","[-4.93417,-0.845788,4.46127,-2.02926,0.975812,3.39065,-3.82877,2.28526,-1.34866,5.22461,-0.612813,-5.68828,2.19519,-2.51076,-3.01839,5.77822,3.05634,-4.25342,-0.778237,1.7712,-6.06455,-5.34683,5.47627,0.867508,2.08141,-1.07531,3.8153,-5.81144,0.945153,5.27872,-1.63577,5.64597,-1.35778,3.00819,-4.76336,-0.314755,-5.24316,-5.23518,1.01759,1.16019,4.41062,-2.92751,-1.73328,-0.591006,4.6989,-0.828088,1.28311,4.63028,-3.15751,-1.45081,-5.11078,0.824199,-0.151013,-1.34488,-3.24527,0.0650844,-2.64403,-2.62418,5.5544,2.02444,0.384356,-1.01341,-5.89392,-1.00983,1.39529,-5.64749,-4.25432,-5.0336,-0.0094697,-5.14433,5.67885,2.52408,-5.80968,3.66892,4.76294,-0.126507,1.22375,2.5306,4.20921,5.46244,2.1721,5.98927,1.22059,-5.56352,0.693807,-3.5162,5.47644,6.036,-3.24922,-1.37798,-0.226696,1.03587,0.959152,0.0170091,-2.3685,-1.38672,5.49169,-4.06755,-2.48666,5.93137,-0.555624,5.33387,5.76499,4.00383,-1.04594,-1.13922,-0.0909621,-5.72566,2.28412,3.37778,-5.24039,0.0570248,3.93549,-4.08942,-0.210627,4.44848,4.17717,-1.07866,-1.21379,0.40924,-2.88566,-2.78355,1.8421,-5.41221,-5.20414,3.15438,0.452402,0.294582,1.00732,1.72273,-2.78065,-3.64817,4.53962,-0.882974,-4.04813,-0.570829,-2.50444,3.12952,3.06871,5.92448,-4.81981,4.72876,-4.78028,-1.87969,3.41093,1.88648,1.04196,-2.13049,-4.84356,-0.805732,3.45267,-4.3385,0.0640921,2.83009,-2.07291,-2.58992,-4.20105,-6.03329,3.85461,1.95027,1.14949,4.69688,-5.39652,-4.94224,-5.90224,0.262024,-2.05567,2.17005,-5.2101,2.45678,2.08876,5.24628,-1.5562,-1.31126,-2.0453,-4.27345,-0.575469,-2.10096,2.00743,-4.76297,-2.86174,0.613954,-2.34287,4.60283,-0.0042228,-1.66498,-1.1872,0.949588,5.05906,2.8309,0.451953,-4.16698,3.78671,-5.72981,-3.3344,3.64826,-0.481132,-4.69924,2.43258,3.86767,-5.4436,4.55204,-5.03393,-0.360209,4.13846,1.7187,0.467266,1.5079,-5.0864,-4.98696,1.93872,2.58776,-1.2057,-2.77548,-2.75542,-0.288373,1.30792,-5.10438,0.250052,-3.42209,4.12168,2.03023,1.40258,-4.11899,5.07989,0.724528,1.06087,-0.942898,-5.93404,-3.84832,3.0215,0.558069,-0.00644792,-2.83343,2.22077,3.86871,-5.49932,-5.5045,2.93071,4.10028,-4.31866,2.27143,4.98642,0.751451,-5.99493,5.324,1.29362,-4.56378,-4.41759,-0.611699,-5.78483,-1.23789,3.79734,3.74017,-5.82567]","[0,0,0,0,0,0,0,0,0,0,0,0,0,0,0,0,0,0,0,0,0,0,0,0,0,0,0,0,0,0,0,0,0,0,0,0,0,0,0,0,0,0,0,0,0,0,0,0,0,0,0,0,0,0,0,0,0,0,0,0,0,0,0,0,0,0,0,0,0,0,0,0,0,0,0,0,0,0,0,0,0,0,0,0,0,0,0,0,0,0,0,0,0,0,0,0,0,0,0,0,0,0,0,0,0,0,0,0,0,0,0,0,0,0,0,0,0,0,0,0,0,0,0,0,0,0,0,0,0,0,0,0,0,0,0,0,0,0,0,0,0,0,0,0,0,0,0,0,0,0,0,0,0,0,0,0,0,0,0,0,0,0,0,0,0,0,0,0,0,0,1,0,0,0,0,0,0,0,0,0,0,0,0,0,0,0,0,0,0,0,0,0,0,0,1,0,0,0,0,1,0,0,0,0,0,0,0,0,0,0,1,0,0,0,0,0,0,0,0,0,0,0,0,0,0,0,0,0,0,0,0,0,0,0,0,0,0,0,0,0,0,0,0,0,0,0,0,0,0,0,0,0,0,0,0]","Output
└─ 0 (V = 12, active): Op[0] (arity = 2)
       └─ 1 (V = 13, active): Op[1] (arity = 2)
              └─ 3 (V = 16, active): Op[4] (arity = 1)
                     └─ 7 (V = 12, active): Op[0] (arity = 2)
                            └─ 15 (V = 13, active): Op[1] (arity = 2)
                                   └─ 31 (V = 0, active): Input[0]
                                          └─ 63 (V = 14, inactive): Op[2] (arity = 2)
                                                 └─ 127 (V = 5, inactive): Input[5]
                                                 └─ 128 (V = 8, inactive): Input[8]
                                          └─ 64 (V = 0, inactive): Input[0]
                                                 └─ 129 (V = 4, inactive): Input[4]
                                                 └─ 130 (V = 9, inactive): Constant[0] -> -2.78065
                                   └─ 32 (V = 16, active): Op[4] (arity = 1)
                                          └─ 65 (V = 13, active): Op[1] (arity = 2)
                                                 └─ 131 (V = 5, active): Input[5]
                                                 └─ 132 (V = 4, active): Input[4]
                                          └─ 66 (V = 19, inactive): Op[7] (arity = 1)
                                                 └─ 133 (V = 1, inactive): Input[1]
                                                 └─ 134 (V = 9, inactive): Constant[0] -> -4.04813
                            └─ 16 (V = 5, active): Input[5]
                                   └─ 33 (V = 13, inactive): Op[1] (arity = 2)
                                          └─ 67 (V = 19, inactive): Op[7] (arity = 1)
                                                 └─ 135 (V = 0, inactive): Input[0]
                                                 └─ 136 (V = 9, inactive): Constant[0] -> -2.50444
                                          └─ 68 (V = 14, inactive): Op[2] (arity = 2)
                                                 └─ 137 (V = 0, inactive): Input[0]
                                                 └─ 138 (V = 6, inactive): Input[6]
                                   └─ 34 (V = 3, inactive): Input[3]
                                          └─ 69 (V = 15, inactive): Op[3] (arity = 2)
                                                 └─ 139 (V = 6, inactive): Input[6]
                                                 └─ 140 (V = 3, inactive): Input[3]
                                          └─ 70 (V = 15, inactive): Op[3] (arity = 2)
                                                 └─ 141 (V = 9, inactive): Constant[0] -> 4.72876
                                                 └─ 142 (V = 9, inactive): Constant[0] -> -4.78028
                     └─ 8 (V = 16, inactive): Op[4] (arity = 1)
                            └─ 17 (V = 14, inactive): Op[2] (arity = 2)
                                   └─ 35 (V = 17, inactive): Op[5] (arity = 1)
                                          └─ 71 (V = 0, inactive): Input[0]
                                                 └─ 143 (V = 2, inactive): Input[2]
                                                 └─ 144 (V = 9, inactive): Constant[0] -> 3.41093
                                          └─ 72 (V = 3, inactive): Input[3]
                                                 └─ 145 (V = 7, inactive): Input[7]
                                                 └─ 146 (V = 2, inactive): Input[2]
                                   └─ 36 (V = 6, inactive): Input[6]
                                          └─ 73 (V = 19, inactive): Op[7] (arity = 1)
                                                 └─ 147 (V = 8, inactive): Input[8]
                                                 └─ 148 (V = 8, inactive): Input[8]
                                          └─ 74 (V = 18, inactive): Op[6] (arity = 1)
                                                 └─ 149 (V = 2, inactive): Input[2]
                                                 └─ 150 (V = 1, inactive): Input[1]
                            └─ 18 (V = 12, inactive): Op[0] (arity = 2)
                                   └─ 37 (V = 18, inactive): Op[6] (arity = 1)
                                          └─ 75 (V = 7, inactive): Input[7]
                                                 └─ 151 (V = 1, inactive): Input[1]
                                                 └─ 152 (V = 6, inactive): Input[6]
                                          └─ 76 (V = 16, inactive): Op[4] (arity = 1)
                                                 └─ 153 (V = 6, inactive): Input[6]
                                                 └─ 154 (V = 5, inactive): Input[5]
                                   └─ 38 (V = 19, inactive): Op[7] (arity = 1)
                                          └─ 77 (V = 15, inactive): Op[3] (arity = 2)
                                                 └─ 155 (V = 5, inactive): Input[5]
                                                 └─ 156 (V = 9, inactive): Constant[0] -> -4.20105
                                          └─ 78 (V = 19, inactive): Op[7] (arity = 1)
                                                 └─ 157 (V = 0, inactive): Input[0]
                                                 └─ 158 (V = 7, inactive): Input[7]
              └─ 4 (V = 13, active): Op[1] (arity = 2)
                     └─ 9 (V = 14, active): Op[2] (arity = 2)
                            └─ 19 (V = 18, active): Op[6] (arity = 1)
                                   └─ 39 (V = 12, active): Op[0] (arity = 2)
                                          └─ 79 (V = 12, active): Op[0] (arity = 2)
                                                 └─ 159 (V = 0, active): Input[0]
                                                 └─ 160 (V = 3, active): Input[3]
                                          └─ 80 (V = 13, active): Op[1] (arity = 2)
                                                 └─ 161 (V = 2, active): Input[2]
                                                 └─ 162 (V = 3, active): Input[3]
                                   └─ 40 (V = 2, inactive): Input[2]
                                          └─ 81 (V = 18, inactive): Op[6] (arity = 1)
                                                 └─ 163 (V = 8, inactive): Input[8]
                                                 └─ 164 (V = 5, inactive): Input[5]
                                          └─ 82 (V = 16, inactive): Op[4] (arity = 1)
                                                 └─ 165 (V = 6, inactive): Input[6]
                                                 └─ 166 (V = 8, inactive): Input[8]
                            └─ 20 (V = 14, active): Op[2] (arity = 2)
                                   └─ 41 (V = 14, active): Op[2] (arity = 2)
                                          └─ 83 (V = 1, active): Input[1]
                                                 └─ 167 (V = 4, inactive): Input[4]
                                                 └─ 168 (V = 1, inactive): Input[1]
                                          └─ 84 (V = 15, active): Op[3] (arity = 2)
                                                 └─ 169 (V = 0, active): Input[0]
                                                 └─ 170 (V = 9, active): Constant[0] -> 2.08876
                                   └─ 42 (V = 16, active): Op[4] (arity = 1)
                                          └─ 85 (V = 19, active): Op[7] (arity = 1)
                                                 └─ 171 (V = 3, active): Input[3]
                                                 └─ 172 (V = 1, inactive): Input[1]
                                          └─ 86 (V = 14, inactive): Op[2] (arity = 2)
                                                 └─ 173 (V = 5, inactive): Input[5]
                                                 └─ 174 (V = 0, inactive): Input[0]
                     └─ 10 (V = 17, active): Op[5] (arity = 1)
                            └─ 21 (V = 13, active): Op[1] (arity = 2)
                                   └─ 43 (V = 16, active): Op[4] (arity = 1)
                                          └─ 87 (V = 17, active): Op[5] (arity = 1)
                                                 └─ 175 (V = 0, active): Input[0]
                                                 └─ 176 (V = 1, inactive): Input[1]
                                          └─ 88 (V = 7, inactive): Input[7]
                                                 └─ 177 (V = 6, inactive): Input[6]
                                                 └─ 178 (V = 7, inactive): Input[7]
                                   └─ 44 (V = 6, active): Input[6]
                                          └─ 89 (V = 8, inactive): Input[8]
                                                 └─ 179 (V = 0, inactive): Input[0]
                                                 └─ 180 (V = 4, inactive): Input[4]
                                          └─ 90 (V = 18, inactive): Op[6] (arity = 1)
                                                 └─ 181 (V = 0, inactive): Input[0]
                                                 └─ 182 (V = 7, inactive): Input[7]
                            └─ 22 (V = 1, inactive): Input[1]
                                   └─ 45 (V = 18, inactive): Op[6] (arity = 1)
                                          └─ 91 (V = 12, inactive): Op[0] (arity = 2)
                                                 └─ 183 (V = 9, inactive): Constant[0] -> 4.60283
                                                 └─ 184 (V = 2, inactive): Input[2]
                                          └─ 92 (V = 4, inactive): Input[4]
                                                 └─ 185 (V = 0, inactive): Input[0]
                                                 └─ 186 (V = 1, inactive): Input[1]
                                   └─ 46 (V = 14, inactive): Op[2] (arity = 2)
                                          └─ 93 (V = 16, inactive): Op[4] (arity = 1)
                                                 └─ 187 (V = 5, inactive): Input[5]
                                                 └─ 188 (V = 3, inactive): Input[3]
                                          └─ 94 (V = 13, inactive): Op[1] (arity = 2)
                                                 └─ 189 (V = 9, inactive): Constant[0] -> 2.8309
                                                 └─ 190 (V = 7, inactive): Input[7]
       └─ 2 (V = 12, active): Op[0] (arity = 2)
              └─ 5 (V = 12, active): Op[0] (arity = 2)
                     └─ 11 (V = 14, active): Op[2] (arity = 2)
                            └─ 23 (V = 17, active): Op[5] (arity = 1)
                                   └─ 47 (V = 14, active): Op[2] (arity = 2)
                                          └─ 95 (V = 17, active): Op[5] (arity = 1)
                                                 └─ 191 (V = 0, active): Input[0]
                                                 └─ 192 (V = 3, inactive): Input[3]
                                          └─ 96 (V = 15, active): Op[3] (arity = 2)
                                                 └─ 193 (V = 2, active): Input[2]
                                                 └─ 194 (V = 9, active): Constant[0] -> -3.3344
                                   └─ 48 (V = 6, inactive): Input[6]
                                          └─ 97 (V = 7, inactive): Input[7]
                                                 └─ 195 (V = 9, inactive): Constant[0] -> 3.64826
                                                 └─ 196 (V = 2, inactive): Input[2]
                                          └─ 98 (V = 3, inactive): Input[3]
                                                 └─ 197 (V = 9, inactive): Constant[0] -> -4.69924
                                                 └─ 198 (V = 7, inactive): Input[7]
                            └─ 24 (V = 19, active): Op[7] (arity = 1)
                                   └─ 49 (V = 19, active): Op[7] (arity = 1)
                                          └─ 99 (V = 19, active): Op[7] (arity = 1)
                                                 └─ 199 (V = 9, active): Constant[0] -> 3.86767
                                                 └─ 200 (V = 7, inactive): Input[7]
                                          └─ 100 (V = 9, inactive): Constant[0] -> -0.555624
                                                 └─ 201 (V = 5, inactive): Input[5]
                                                 └─ 202 (V = 2, inactive): Input[2]
                                   └─ 50 (V = 3, inactive): Input[3]
                                          └─ 101 (V = 12, inactive): Op[0] (arity = 2)
                                                 └─ 203 (V = 2, inactive): Input[2]
                                                 └─ 204 (V = 9, inactive): Constant[0] -> 4.13846
                                          └─ 102 (V = 15, inactive): Op[3] (arity = 2)
                                                 └─ 205 (V = 7, inactive): Input[7]
                                                 └─ 206 (V = 4, inactive): Input[4]
                     └─ 12 (V = 17, active): Op[5] (arity = 1)
                            └─ 25 (V = 12, active): Op[0] (arity = 2)
                                   └─ 51 (V = 14, active): Op[2] (arity = 2)
                                          └─ 103 (V = 17, active): Op[5] (arity = 1)
                                                 └─ 207 (V = 0, active): Input[0]
                                                 └─ 208 (V = 5, inactive): Input[5]
                                          └─ 104 (V = 13, active): Op[1] (arity = 2)
                                                 └─ 209 (V = 0, active): Input[0]
                                                 └─ 210 (V = 9, active): Constant[0] -> 1.93872
                                   └─ 52 (V = 7, active): Input[7]
                                          └─ 105 (V = 15, inactive): Op[3] (arity = 2)
                                                 └─ 211 (V = 7, inactive): Input[7]
                                                 └─ 212 (V = 2, inactive): Input[2]
                                          └─ 106 (V = 13, inactive): Op[1] (arity = 2)
                                                 └─ 213 (V = 2, inactive): Input[2]
                                                 └─ 214 (V = 8, inactive): Input[8]
                            └─ 26 (V = 16, inactive): Op[4] (arity = 1)
                                   └─ 53 (V = 13, inactive): Op[1] (arity = 2)
                                          └─ 107 (V = 15, inactive): Op[3] (arity = 2)
                                                 └─ 215 (V = 0, inactive): Input[0]
                                                 └─ 216 (V = 5, inactive): Input[5]
                                          └─ 108 (V = 12, inactive): Op[0] (arity = 2)
                                                 └─ 217 (V = 7, inactive): Input[7]
                                                 └─ 218 (V = 8, inactive): Input[8]
                                   └─ 54 (V = 19, inactive): Op[7] (arity = 1)
                                          └─ 109 (V = 19, inactive): Op[7] (arity = 1)
                                                 └─ 219 (V = 4, inactive): Input[4]
                                                 └─ 220 (V = 4, inactive): Input[4]
                                          └─ 110 (V = 16, inactive): Op[4] (arity = 1)
                                                 └─ 221 (V = 2, inactive): Input[2]
                                                 └─ 222 (V = 4, inactive): Input[4]
              └─ 6 (V = 17, active): Op[5] (arity = 1)
                     └─ 13 (V = 13, active): Op[1] (arity = 2)
                            └─ 27 (V = 8, active): Input[8]
                                   └─ 55 (V = 17, inactive): Op[5] (arity = 1)
                                          └─ 111 (V = 15, inactive): Op[3] (arity = 2)
                                                 └─ 223 (V = 9, inactive): Constant[0] -> -4.11899
                                                 └─ 224 (V = 3, inactive): Input[3]
                                          └─ 112 (V = 13, inactive): Op[1] (arity = 2)
                                                 └─ 225 (V = 3, inactive): Input[3]
                                                 └─ 226 (V = 7, inactive): Input[7]
                                   └─ 56 (V = 19, inactive): Op[7] (arity = 1)
                                          └─ 113 (V = 13, inactive): Op[1] (arity = 2)
                                                 └─ 227 (V = 0, inactive): Input[0]
                                                 └─ 228 (V = 5, inactive): Input[5]
                                          └─ 114 (V = 6, inactive): Input[6]
                                                 └─ 229 (V = 2, inactive): Input[2]
                                                 └─ 230 (V = 1, inactive): Input[1]
                            └─ 28 (V = 12, active): Op[0] (arity = 2)
                                   └─ 57 (V = 13, active): Op[1] (arity = 2)
                                          └─ 115 (V = 17, active): Op[5] (arity = 1)
                                                 └─ 231 (V = 0, active): Input[0]
                                                 └─ 232 (V = 8, inactive): Input[8]
                                          └─ 116 (V = 16, active): Op[4] (arity = 1)
                                                 └─ 233 (V = 0, active): Input[0]
                                                 └─ 234 (V = 0, inactive): Input[0]
                                   └─ 58 (V = 17, active): Op[5] (arity = 1)
                                          └─ 117 (V = 17, active): Op[5] (arity = 1)
                                                 └─ 235 (V = 0, active): Input[0]
                                                 └─ 236 (V = 1, inactive): Input[1]
                                          └─ 118 (V = 17, inactive): Op[5] (arity = 1)
                                                 └─ 237 (V = 1, inactive): Input[1]
                                                 └─ 238 (V = 1, inactive): Input[1]
                     └─ 14 (V = 13, inactive): Op[1] (arity = 2)
                            └─ 29 (V = 15, inactive): Op[3] (arity = 2)
                                   └─ 59 (V = 14, inactive): Op[2] (arity = 2)
                                          └─ 119 (V = 4, inactive): Input[4]
                                                 └─ 239 (V = 1, inactive): Input[1]
                                                 └─ 240 (V = 1, inactive): Input[1]
                                          └─ 120 (V = 4, inactive): Input[4]
                                                 └─ 241 (V = 2, inactive): Input[2]
                                                 └─ 242 (V = 3, inactive): Input[3]
                                   └─ 60 (V = 16, inactive): Op[4] (arity = 1)
                                          └─ 121 (V = 15, inactive): Op[3] (arity = 2)
                                                 └─ 243 (V = 8, inactive): Input[8]
                                                 └─ 244 (V = 5, inactive): Input[5]
                                          └─ 122 (V = 12, inactive): Op[0] (arity = 2)
                                                 └─ 245 (V = 7, inactive): Input[7]
                                                 └─ 246 (V = 9, inactive): Constant[0] -> 1.29362
                            └─ 30 (V = 14, inactive): Op[2] (arity = 2)
                                   └─ 61 (V = 16, inactive): Op[4] (arity = 1)
                                          └─ 123 (V = 17, inactive): Op[5] (arity = 1)
                                                 └─ 247 (V = 6, inactive): Input[6]
                                                 └─ 248 (V = 2, inactive): Input[2]
                                          └─ 124 (V = 16, inactive): Op[4] (arity = 1)
                                                 └─ 249 (V = 4, inactive): Input[4]
                                                 └─ 250 (V = 9, inactive): Constant[0] -> -5.78483
                                   └─ 62 (V = 12, inactive): Op[0] (arity = 2)
                                          └─ 125 (V = 18, inactive): Op[6] (arity = 1)
                                                 └─ 251 (V = 0, inactive): Input[0]
                                                 └─ 252 (V = 0, inactive): Input[0]
                                          └─ 126 (V = 15, inactive): Op[3] (arity = 2)
                                                 └─ 253 (V = 3, inactive): Input[3]
                                                 └─ 254 (V = 0, inactive): Input[0]
","((sin(((x0 - sin((x5 - x4))) + x5)) - ((log(((x0 + x3) + (x2 - x3))) * ((x1 * (x0 / 2.0887604574390046)) * sin(sqrt(x3)))) - cos((sin(cos(x0)) - x6)))) + (((cos((cos(x0) * (x2 / -3.334403485128885))) * sqrt(sqrt(sqrt(3.8676680448370675)))) + cos(((cos(x0) * (x0 - 1.9387182591391046)) + x7))) + cos((x8 - ((cos(x0) - sin(x0)) + cos(cos(x0)))))))",0.955964,"[0.955964]",0
Running,1114693,45,35.46591722,26.599862629,8.866054591,1024,3,modular_1,single_kernel_inplace,1024,666,9,2,7,modular,0,0,3324115916,4.1594454033974815,3324115916,"[10,11,10,14,11,10,15,10,1,12,15,12,15,11,11,11,5,2,14,16,12,11,10,15,17,10,0,8,10,13,10,0,14,14,10,2,11,2,6,10,3,12,14,14,6,16,5,12,11,10,6,12,7,9,0,10,16,11,15,0,16,2,3,14,5,11,13,7,13,7,10,17,17,17,10,16,14,17,3,10,11,4,17,1,13,17,14,15,14,6,12,7,5,13,9,15,13,10,10,17,15,16,14,15,11,14,16,4,15,10,10,17,16,4,12,15,14,15,15,8,15,13,9,13,16,13,15,2,2,8,8,5,4,4,2,8,4,7,1,3,1,6,3,1,9,1,9,5,7,4,9,1,5,6,6,8,7,3,0,0,3,2,3,2,3,0,5,2,4,0,9,3,9,2,0,0,4,0,0,3,7,0,8,1,2,9,5,9,1,1,9,0,9,2,9,5,8,2,1,9,0,4,2,5,5,2,0,0,7,0,9,2,8,6,0,2,8,4,8,5,9,2,4,6,3,6,7,8,9,1,6,0,2,0,0,4,4,6,9,1,4,8,0,2,0,5,3,5,4,6,9,0,1,0,6]","[1,1,1,1,1,1,1,1,0,1,1,1,1,1,0,1,1,0,0,1,1,1,0,1,1,1,0,1,1,0,0,1,1,0,0,0,0,0,0,1,0,1,1,1,1,0,0,1,0,1,0,1,1,0,0,0,0,1,1,0,0,0,0,0,0,1,0,0,0,0,0,0,0,0,0,0,0,0,0,1,1,0,0,1,1,1,0,1,0,0,0,0,0,0,0,1,1,0,0,1,1,0,0,1,1,0,0,0,0,0,0,0,0,0,0,1,1,1,0,0,0,0,0,0,0,0,0,0,0,0,0,1,1,0,0,0,0,0,0,0,0,0,0,0,0,0,0,0,0,0,0,0,0,0,0,0,0,0,0,1,1,1,1,0,0,0,0,0,0,1,1,1,0,0,0,1,0,0,0,0,0,0,0,0,0,0,0,0,0,0,0,1,0,1,1,0,0,0,0,1,0,1,0,0,0,0,0,1,0,1,1,0,0,0,0,0,0,0,0,0,0,0,0,0,0,0,0,0,0,0,0,1,0,1,0,1,0,0,0,0,0,0,0,0,0,0,0,0,0,0,0,0,0,0,0]","[-4.93417,-0.845788,3.02154,-2.02926,0.975812,3.39065,-3.82877,2.28526,-3.98461,5.22461,-0.612813,-5.68828,-5.49409,-2.51076,-3.96296,5.77822,3.05634,2.41205,2.93864,-2.26949,-6.06455,-5.34683,3.19499,0.867508,2.08141,-1.07531,-3.63393,-5.81144,0.945153,1.08912,-0.453915,5.64597,-1.35778,5.31458,0.0881056,4.80098,2.06623,-5.50453,3.9905,1.16019,-3.23155,-2.92751,-1.73328,-0.591006,4.6989,-3.0918,1.63874,4.63028,1.52949,5.20165,-4.7296,0.824199,-1.90511,3.65129,-0.321499,-3.92977,3.37236,-2.62418,5.5544,3.00525,2.96613,-4.90786,-2.1682,-0.800148,2.98945,-5.64749,-5.61888,5.15187,-5.47153,-2.50168,0.654298,2.86784,1.27138,3.06865,4.72623,4.61276,1.22375,-4.36519,-3.52661,5.46244,2.1721,1.12504,5.52662,-5.56352,0.693807,-3.5162,0.664241,6.036,3.82528,1.46924,0.901829,3.4505,3.2937,6.01591,-5.25373,-4.3519,5.49169,2.68982,-0.463712,5.93137,-1.28225,2.66156,5.14967,4.00383,-1.04594,1.03481,-5.83197,-3.15001,3.97537,-6.01589,3.19834,2.1175,-1.24123,-2.26359,-0.659605,4.44848,4.17717,-1.07866,-1.21379,5.25702,-3.2834,-0.869954,-0.707841,-4.48931,3.05537,4.57089,1.14692,-5.9916,1.48596,-5.99489,1.52762,-3.64817,4.53962,-5.52789,3.39288,0.606745,-0.975389,-0.162546,-0.890033,2.48757,-3.28782,-2.23589,5.65272,0.576291,3.41093,-2.50277,-6.07112,-2.21743,-5.53088,-4.79729,-2.35037,-4.3385,-0.221637,-1.30302,-1.07424,-2.78268,5.62487,-4.28253,1.5481,1.95027,1.14949,4.69688,-5.39652,-3.85235,3.46297,5.71247,1.59076,1.03617,3.56237,2.45678,2.08876,5.24628,-4.04611,-3.30224,0.113554,-4.27345,-1.92181,-2.30707,-1.57627,0.346343,4.88294,0.771702,4.739,-0.629934,4.46296,1.0943,-5.51536,2.16827,-5.94047,-4.60663,1.80215,-4.16698,5.22861,-5.72981,-3.3344,3.69153,-1.6158,-2.6965,4.75406,3.86767,-2.24333,-1.97463,-5.47921,5.2877,1.38156,-4.30635,0.769485,1.5079,5.36355,-4.98696,1.93872,-2.66691,-1.57899,-5.62166,-4.14249,3.17343,-3.01445,-3.15922,0.250052,-0.303811,1.03293,-5.44602,-0.625072,2.02939,-4.42605,1.25326,1.06087,2.30435,0.437923,-4.56191,5.95455,0.558069,1.23438,-2.83343,2.22077,-4.03464,1.45254,-2.95449,-1.25767,-0.739491,-2.60263,3.78113,-0.666539,0.475151,5.83058,-4.95479,3.83917,5.8407,-0.704144,-2.4967,-5.78483,-1.23789,-2.17214,-4.94966,5.72088]","[0,0,0,0,0,0,0,0,0,0,0,0,0,0,0,0,0,0,0,0,0,0,0,0,0,0,0,0,0,0,0,0,0,0,0,0,0,0,0,0,0,0,0,0,0,0,0,0,0,0,0,0,0,0,0,0,0,0,0,0,0,0,0,0,0,0,0,0,0,0,0,0,0,0,0,0,0,0,0,0,0,0,0,0,0,0,0,0,0,0,0,0,0,0,0,0,0,0,0,0,0,0,0,0,0,0,0,0,0,0,0,0,0,0,0,0,0,0,0,0,0,0,0,0,0,0,0,0,0,0,0,0,0,0,0,0,0,0,0,0,0,0,0,0,0,0,0,0,0,0,0,0,0,0,0,0,0,0,0,0,0,0,0,0,0,0,0,0,0,0,1,0,0,0,0,0,0,0,0,0,0,0,0,0,0,0,0,0,0,0,0,0,0,0,1,0,0,0,0,1,0,0,0,0,0,0,0,0,0,0,1,0,0,0,0,0,0,0,0,0,0,0,0,0,0,0,0,0,0,0,0,0,0,0,0,0,0,0,0,0,0,0,0,0,0,0,0,0,0,0,0,0,0,0,0]","Output
└─ 0 (V = 12, active): Op[0] (arity = 2)
       └─ 1 (V = 13, active): Op[1] (arity = 2)
              └─ 3 (V = 16, active): Op[4] (arity = 1)
                     └─ 7 (V = 12, active): Op[0] (arity = 2)
                            └─ 15 (V = 13, active): Op[1] (arity = 2)
                                   └─ 31 (V = 0, active): Input[0]
                                          └─ 63 (V = 16, inactive): Op[4] (arity = 1)
                                                 └─ 127 (V = 2, inactive): Input[2]
                                                 └─ 128 (V = 2, inactive): Input[2]
                                          └─ 64 (V = 5, inactive): Input[5]
                                                 └─ 129 (V = 8, inactive): Input[8]
                                                 └─ 130 (V = 8, inactive): Input[8]
                                   └─ 32 (V = 16, active): Op[4] (arity = 1)
                                          └─ 65 (V = 13, active): Op[1] (arity = 2)
                                                 └─ 131 (V = 5, active): Input[5]
                                                 └─ 132 (V = 4, active): Input[4]
                                          └─ 66 (V = 15, inactive): Op[3] (arity = 2)
                                                 └─ 133 (V = 4, inactive): Input[4]
                                                 └─ 134 (V = 2, inactive): Input[2]
                            └─ 16 (V = 5, active): Input[5]
                                   └─ 33 (V = 16, inactive): Op[4] (arity = 1)
                                          └─ 67 (V = 7, inactive): Input[7]
                                                 └─ 135 (V = 8, inactive): Input[8]
                                                 └─ 136 (V = 4, inactive): Input[4]
                                          └─ 68 (V = 15, inactive): Op[3] (arity = 2)
                                                 └─ 137 (V = 7, inactive): Input[7]
                                                 └─ 138 (V = 1, inactive): Input[1]
                                   └─ 34 (V = 12, inactive): Op[0] (arity = 2)
                                          └─ 69 (V = 7, inactive): Input[7]
                                                 └─ 139 (V = 3, inactive): Input[3]
                                                 └─ 140 (V = 1, inactive): Input[1]
                                          └─ 70 (V = 12, inactive): Op[0] (arity = 2)
                                                 └─ 141 (V = 6, inactive): Input[6]
                                                 └─ 142 (V = 3, inactive): Input[3]
                     └─ 8 (V = 1, inactive): Input[1]
                            └─ 17 (V = 2, inactive): Input[2]
                                   └─ 35 (V = 2, inactive): Input[2]
                                          └─ 71 (V = 19, inactive): Op[7] (arity = 1)
                                                 └─ 143 (V = 1, inactive): Input[1]
                                                 └─ 144 (V = 9, inactive): Constant[0] -> 3.41093
                                          └─ 72 (V = 19, inactive): Op[7] (arity = 1)
                                                 └─ 145 (V = 1, inactive): Input[1]
                                                 └─ 146 (V = 9, inactive): Constant[0] -> -6.07112
                                   └─ 36 (V = 13, inactive): Op[1] (arity = 2)
                                          └─ 73 (V = 19, inactive): Op[7] (arity = 1)
                                                 └─ 147 (V = 5, inactive): Input[5]
                                                 └─ 148 (V = 7, inactive): Input[7]
                                          └─ 74 (V = 12, inactive): Op[0] (arity = 2)
                                                 └─ 149 (V = 4, inactive): Input[4]
                                                 └─ 150 (V = 9, inactive): Constant[0] -> -2.35037
                            └─ 18 (V = 16, inactive): Op[4] (arity = 1)
                                   └─ 37 (V = 2, inactive): Input[2]
                                          └─ 75 (V = 18, inactive): Op[6] (arity = 1)
                                                 └─ 151 (V = 1, inactive): Input[1]
                                                 └─ 152 (V = 5, inactive): Input[5]
                                          └─ 76 (V = 16, inactive): Op[4] (arity = 1)
                                                 └─ 153 (V = 6, inactive): Input[6]
                                                 └─ 154 (V = 6, inactive): Input[6]
                                   └─ 38 (V = 6, inactive): Input[6]
                                          └─ 77 (V = 19, inactive): Op[7] (arity = 1)
                                                 └─ 155 (V = 8, inactive): Input[8]
                                                 └─ 156 (V = 7, inactive): Input[7]
                                          └─ 78 (V = 3, inactive): Input[3]
                                                 └─ 157 (V = 3, inactive): Input[3]
                                                 └─ 158 (V = 0, inactive): Input[0]
              └─ 4 (V = 13, active): Op[1] (arity = 2)
                     └─ 9 (V = 14, active): Op[2] (arity = 2)
                            └─ 19 (V = 18, active): Op[6] (arity = 1)
                                   └─ 39 (V = 12, active): Op[0] (arity = 2)
                                          └─ 79 (V = 12, active): Op[0] (arity = 2)
                                                 └─ 159 (V = 0, active): Input[0]
                                                 └─ 160 (V = 3, active): Input[3]
                                          └─ 80 (V = 13, active): Op[1] (arity = 2)
                                                 └─ 161 (V = 2, active): Input[2]
                                                 └─ 162 (V = 3, active): Input[3]
                                   └─ 40 (V = 3, inactive): Input[3]
                                          └─ 81 (V = 4, inactive): Input[4]
                                                 └─ 163 (V = 2, inactive): Input[2]
                                                 └─ 164 (V = 3, inactive): Input[3]
                                          └─ 82 (V = 19, inactive): Op[7] (arity = 1)
                                                 └─ 165 (V = 0, inactive): Input[0]
                                                 └─ 166 (V = 5, inactive): Input[5]
                            └─ 20 (V = 14, active): Op[2] (arity = 2)
                                   └─ 41 (V = 14, active): Op[2] (arity = 2)
                                          └─ 83 (V = 1, active): Input[1]
                                                 └─ 167 (V = 2, inactive): Input[2]
                                                 └─ 168 (V = 4, inactive): Input[4]
                                          └─ 84 (V = 15, active): Op[3] (arity = 2)
                                                 └─ 169 (V = 0, active): Input[0]
                                                 └─ 170 (V = 9, active): Constant[0] -> 2.08876
                                   └─ 42 (V = 16, active): Op[4] (arity = 1)
                                          └─ 85 (V = 19, active): Op[7] (arity = 1)
                                                 └─ 171 (V = 3, active): Input[3]
                                                 └─ 172 (V = 9, inactive): Constant[0] -> -4.04611
                                          └─ 86 (V = 16, inactive): Op[4] (arity = 1)
                                                 └─ 173 (V = 2, inactive): Input[2]
                                                 └─ 174 (V = 0, inactive): Input[0]
                     └─ 10 (V = 17, active): Op[5] (arity = 1)
                            └─ 21 (V = 13, active): Op[1] (arity = 2)
                                   └─ 43 (V = 16, active): Op[4] (arity = 1)
                                          └─ 87 (V = 17, active): Op[5] (arity = 1)
                                                 └─ 175 (V = 0, active): Input[0]
                                                 └─ 176 (V = 4, inactive): Input[4]
                                          └─ 88 (V = 16, inactive): Op[4] (arity = 1)
                                                 └─ 177 (V = 0, inactive): Input[0]
                                                 └─ 178 (V = 0, inactive): Input[0]
                                   └─ 44 (V = 6, active): Input[6]
                                          └─ 89 (V = 6, inactive): Input[6]
                                                 └─ 179 (V = 3, inactive): Input[3]
                                                 └─ 180 (V = 7, inactive): Input[7]
                                          └─ 90 (V = 14, inactive): Op[2] (arity = 2)
                                                 └─ 181 (V = 0, inactive): Input[0]
                                                 └─ 182 (V = 8, inactive): Input[8]
                            └─ 22 (V = 12, inactive): Op[0] (arity = 2)
                                   └─ 45 (V = 18, inactive): Op[6] (arity = 1)
                                          └─ 91 (V = 7, inactive): Input[7]
                                                 └─ 183 (V = 1, inactive): Input[1]
                                                 └─ 184 (V = 2, inactive): Input[2]
                                          └─ 92 (V = 5, inactive): Input[5]
                                                 └─ 185 (V = 9, inactive): Constant[0] -> 1.0943
                                                 └─ 186 (V = 5, inactive): Input[5]
                                   └─ 46 (V = 5, inactive): Input[5]
                                          └─ 93 (V = 15, inactive): Op[3] (arity = 2)
                                                 └─ 187 (V = 9, inactive): Constant[0] -> 2.16827
                                                 └─ 188 (V = 1, inactive): Input[1]
                                          └─ 94 (V = 9, inactive): Constant[0] -> -5.25373
                                                 └─ 189 (V = 1, inactive): Input[1]
                                                 └─ 190 (V = 9, inactive): Constant[0] -> 1.80215
       └─ 2 (V = 12, active): Op[0] (arity = 2)
              └─ 5 (V = 12, active): Op[0] (arity = 2)
                     └─ 11 (V = 14, active): Op[2] (arity = 2)
                            └─ 23 (V = 17, active): Op[5] (arity = 1)
                                   └─ 47 (V = 14, active): Op[2] (arity = 2)
                                          └─ 95 (V = 17, active): Op[5] (arity = 1)
                                                 └─ 191 (V = 0, active): Input[0]
                                                 └─ 192 (V = 9, inactive): Constant[0] -> 5.22861
                                          └─ 96 (V = 15, active): Op[3] (arity = 2)
                                                 └─ 193 (V = 2, active): Input[2]
                                                 └─ 194 (V = 9, active): Constant[0] -> -3.3344
                                   └─ 48 (V = 13, inactive): Op[1] (arity = 2)
                                          └─ 97 (V = 12, inactive): Op[0] (arity = 2)
                                                 └─ 195 (V = 5, inactive): Input[5]
                                                 └─ 196 (V = 8, inactive): Input[8]
                                          └─ 98 (V = 12, inactive): Op[0] (arity = 2)
                                                 └─ 197 (V = 2, inactive): Input[2]
                                                 └─ 198 (V = 1, inactive): Input[1]
                            └─ 24 (V = 19, active): Op[7] (arity = 1)
                                   └─ 49 (V = 12, active): Op[0] (arity = 2)
                                          └─ 99 (V = 19, active): Op[7] (arity = 1)
                                                 └─ 199 (V = 9, active): Constant[0] -> 3.86767
                                                 └─ 200 (V = 0, inactive): Input[0]
                                          └─ 100 (V = 17, active): Op[5] (arity = 1)
                                                 └─ 201 (V = 4, active): Input[4]
                                                 └─ 202 (V = 2, inactive): Input[2]
                                   └─ 50 (V = 6, inactive): Input[6]
                                          └─ 101 (V = 18, inactive): Op[6] (arity = 1)
                                                 └─ 203 (V = 5, inactive): Input[5]
                                                 └─ 204 (V = 5, inactive): Input[5]
                                          └─ 102 (V = 16, inactive): Op[4] (arity = 1)
                                                 └─ 205 (V = 2, inactive): Input[2]
                                                 └─ 206 (V = 0, inactive): Input[0]
                     └─ 12 (V = 17, active): Op[5] (arity = 1)
                            └─ 25 (V = 12, active): Op[0] (arity = 2)
                                   └─ 51 (V = 14, active): Op[2] (arity = 2)
                                          └─ 103 (V = 17, active): Op[5] (arity = 1)
                                                 └─ 207 (V = 0, active): Input[0]
                                                 └─ 208 (V = 7, inactive): Input[7]
                                          └─ 104 (V = 13, active): Op[1] (arity = 2)
                                                 └─ 209 (V = 0, active): Input[0]
                                                 └─ 210 (V = 9, active): Constant[0] -> 1.93872
                                   └─ 52 (V = 7, active): Input[7]
                                          └─ 105 (V = 16, inactive): Op[4] (arity = 1)
                                                 └─ 211 (V = 2, inactive): Input[2]
                                                 └─ 212 (V = 8, inactive): Input[8]
                                          └─ 106 (V = 18, inactive): Op[6] (arity = 1)
                                                 └─ 213 (V = 6, inactive): Input[6]
                                                 └─ 214 (V = 0, inactive): Input[0]
                            └─ 26 (V = 0, inactive): Input[0]
                                   └─ 53 (V = 9, inactive): Constant[0] -> 3.65129
                                          └─ 107 (V = 4, inactive): Input[4]
                                                 └─ 215 (V = 2, inactive): Input[2]
                                                 └─ 216 (V = 8, inactive): Input[8]
                                          └─ 108 (V = 17, inactive): Op[5] (arity = 1)
                                                 └─ 217 (V = 4, inactive): Input[4]
                                                 └─ 218 (V = 8, inactive): Input[8]
                                   └─ 54 (V = 0, inactive): Input[0]
                                          └─ 109 (V = 12, inactive): Op[0] (arity = 2)
                                                 └─ 219 (V = 5, inactive): Input[5]
                                                 └─ 220 (V = 9, inactive): Constant[0] -> 1.03293
                                          └─ 110 (V = 12, inactive): Op[0] (arity = 2)
                                                 └─ 221 (V = 2, inactive): Input[2]
                                                 └─ 222 (V = 4, inactive): Input[4]
              └─ 6 (V = 17, active): Op[5] (arity = 1)
                     └─ 13 (V = 13, active): Op[1] (arity = 2)
                            └─ 27 (V = 8, active): Input[8]
                                   └─ 55 (V = 12, inactive): Op[0] (arity = 2)
                                          └─ 111 (V = 19, inactive): Op[7] (arity = 1)
                                                 └─ 223 (V = 6, inactive): Input[6]
                                                 └─ 224 (V = 3, inactive): Input[3]
                                          └─ 112 (V = 18, inactive): Op[6] (arity = 1)
                                                 └─ 225 (V = 6, inactive): Input[6]
                                                 └─ 226 (V = 7, inactive): Input[7]
                                   └─ 56 (V = 18, inactive): Op[6] (arity = 1)
                                          └─ 113 (V = 4, inactive): Input[4]
                                                 └─ 227 (V = 8, inactive): Input[8]
                                                 └─ 228 (V = 9, inactive): Constant[0] -> 0.437923
                                          └─ 114 (V = 14, inactive): Op[2] (arity = 2)
                                                 └─ 229 (V = 1, inactive): Input[1]
                                                 └─ 230 (V = 6, inactive): Input[6]
                            └─ 28 (V = 12, active): Op[0] (arity = 2)
                                   └─ 57 (V = 13, active): Op[1] (arity = 2)
                                          └─ 115 (V = 17, active): Op[5] (arity = 1)
                                                 └─ 231 (V = 0, active): Input[0]
                                                 └─ 232 (V = 2, inactive): Input[2]
                                          └─ 116 (V = 16, active): Op[4] (arity = 1)
                                                 └─ 233 (V = 0, active): Input[0]
                                                 └─ 234 (V = 0, inactive): Input[0]
                                   └─ 58 (V = 17, active): Op[5] (arity = 1)
                                          └─ 117 (V = 17, active): Op[5] (arity = 1)
                                                 └─ 235 (V = 4, active): Input[4]
                                                 └─ 236 (V = 4, inactive): Input[4]
                                          └─ 118 (V = 17, inactive): Op[5] (arity = 1)
                                                 └─ 237 (V = 6, inactive): Input[6]
                                                 └─ 238 (V = 9, inactive): Constant[0] -> -1.25767
                     └─ 14 (V = 13, inactive): Op[1] (arity = 2)
                            └─ 29 (V = 15, inactive): Op[3] (arity = 2)
                                   └─ 59 (V = 0, inactive): Input[0]
                                          └─ 119 (V = 8, inactive): Input[8]
                                                 └─ 239 (V = 1, inactive): Input[1]
                                                 └─ 240 (V = 4, inactive): Input[4]
                                          └─ 120 (V = 17, inactive): Op[5] (arity = 1)
                                                 └─ 241 (V = 8, inactive): Input[8]
                                                 └─ 242 (V = 0, inactive): Input[0]
                                   └─ 60 (V = 18, inactive): Op[6] (arity = 1)
                                          └─ 121 (V = 15, inactive): Op[3] (arity = 2)
                                                 └─ 243 (V = 2, inactive): Input[2]
                                                 └─ 244 (V = 0, inactive): Input[0]
                                          └─ 122 (V = 9, inactive): Constant[0] -> -0.707841
                                                 └─ 245 (V = 5, inactive): Input[5]
                                                 └─ 246 (V = 3, inactive): Input[3]
                            └─ 30 (V = 12, inactive): Op[0] (arity = 2)
                                   └─ 61 (V = 2, inactive): Input[2]
                                          └─ 123 (V = 15, inactive): Op[3] (arity = 2)
                                                 └─ 247 (V = 5, inactive): Input[5]
                                                 └─ 248 (V = 4, inactive): Input[4]
                                          └─ 124 (V = 18, inactive): Op[6] (arity = 1)
                                                 └─ 249 (V = 6, inactive): Input[6]
                                                 └─ 250 (V = 9, inactive): Constant[0] -> -5.78483
                                   └─ 62 (V = 3, inactive): Input[3]
                                          └─ 125 (V = 15, inactive): Op[3] (arity = 2)
                                                 └─ 251 (V = 0, inactive): Input[0]
                                                 └─ 252 (V = 1, inactive): Input[1]
                                          └─ 126 (V = 17, inactive): Op[5] (arity = 1)
                                                 └─ 253 (V = 0, inactive): Input[0]
                                                 └─ 254 (V = 6, inactive): Input[6]
","((sin(((x0 - sin((x5 - x4))) + x5)) - ((log(((x0 + x3) + (x2 - x3))) * ((x1 * (x0 / 2.0887604574390046)) * sin(sqrt(x3)))) - cos((sin(cos(x0)) - x6)))) + (((cos((cos(x0) * (x2 / -3.334403485128885))) * sqrt((sqrt(3.8676680448370675) + cos(x4)))) + cos(((cos(x0) * (x0 - 1.9387182591391046)) + x7))) + cos((x8 - ((cos(x0) - sin(x0)) + cos(cos(x4)))))))",0.917086,"[0.917086]",0
Running,1658871,64,53.829591124,39.36794928,14.461641844,1024,3,modular_1,single_kernel_inplace,1024,666,9,2,7,modular,0,0,3324115916,4.1594454033974815,3324115916,"[10,11,10,14,11,10,15,10,10,12,15,12,15,11,14,11,5,17,12,16,12,11,5,15,17,10,11,8,10,17,13,0,14,11,11,13,16,17,13,10,13,12,14,13,6,16,14,12,11,10,16,12,7,15,0,16,0,11,15,14,16,16,13,0,10,11,16,9,12,12,15,17,14,11,16,10,10,13,11,10,11,11,12,1,13,17,12,15,14,2,12,10,10,4,11,15,13,15,17,17,15,16,15,15,11,6,5,5,8,15,17,17,13,10,14,15,12,15,17,17,16,10,12,13,6,14,14,2,6,1,7,5,4,9,9,0,9,5,2,6,3,0,0,4,9,1,1,9,4,2,7,4,5,6,4,1,1,7,0,0,3,2,3,9,7,4,4,8,4,0,9,3,7,3,7,0,2,9,9,2,1,1,5,6,2,3,8,8,2,9,7,0,4,2,9,8,8,4,9,9,5,3,6,0,4,6,9,0,8,0,9,4,3,8,8,7,7,0,3,1,6,4,1,8,1,8,5,8,9,9,0,0,9,0,9,0,2,1,6,0,3,7,3,2,8,6,6,8,7,0,3,6,1,1,2]","[1,1,1,1,1,1,1,1,0,1,1,1,1,1,0,1,1,0,0,1,1,1,0,1,1,1,0,1,1,0,0,1,1,0,0,0,0,0,0,1,0,1,1,1,1,0,0,1,0,1,0,1,1,0,0,0,0,1,1,0,0,0,0,0,0,1,0,0,0,0,0,0,0,0,0,0,0,0,0,1,1,0,0,1,1,1,0,1,1,0,0,0,0,0,0,1,1,0,0,1,1,0,0,1,1,0,0,0,0,0,0,0,0,0,0,1,1,1,0,0,0,0,0,0,0,0,0,0,0,0,0,1,1,0,0,0,0,0,0,0,0,0,0,0,0,0,0,0,0,0,0,0,0,0,0,0,0,0,0,1,1,1,1,0,0,0,0,0,0,1,1,1,0,0,0,1,0,1,0,0,0,0,0,0,0,0,0,0,0,0,0,1,0,1,1,0,0,0,0,1,0,1,0,0,0,0,0,1,0,1,1,0,0,0,0,0,0,0,0,0,0,0,0,0,0,0,0,0,0,0,0,1,0,1,1,1,0,0,0,0,0,0,0,0,0,0,0,0,0,0,0,0,0,0,0]","[-4.93417,-0.845788,4.46127,-2.02926,0.975812,3.39065,3.25008,2.28526,3.87935,5.22461,4.73168,-5.68828,2.19519,-2.51076,-2.93171,5.77822,3.05634,2.51348,-0.358158,-0.997646,-6.06455,-5.34683,-1.25923,0.867508,2.08141,-1.07531,-2.62248,-5.81144,0.945153,0.551974,-1.63521,5.64597,-1.35778,4.02407,2.35286,-1.71085,-5.42824,3.27941,2.58076,1.16019,-3.41506,-2.92751,-1.73328,-3.77897,4.6989,-0.828088,-5.65063,4.63028,1.52949,-1.60278,3.38858,1.8616,-0.151013,-4.06059,-5.71092,1.68159,4.86171,-2.62418,5.5544,2.95406,2.50166,4.92815,4.3117,5.35028,-4.46445,-5.64749,3.66881,3.44026,-4.43451,-2.44003,-6.04523,-5.08161,-1.97757,-2.89354,-2.03289,2.54493,-2.16046,2.31652,4.36464,5.46244,2.1721,0.800647,5.7078,-5.56352,0.693807,-3.5162,5.47644,6.036,3.7438,4.03659,-4.62707,1.03587,2.47578,1.95155,1.22155,-1.38672,-0.508502,2.58384,-2.46443,5.93137,4.63088,-4.12474,5.35685,4.00383,-1.04594,-4.47463,-0.150765,1.04523,-2.72032,-2.81443,4.50647,4.07424,-1.08362,0.360238,3.59167,4.44848,-0.651743,-4.55212,3.0551,1.5154,-0.816674,-2.40908,1.23507,-4.94691,-4.10726,5.43756,-3.12069,-0.475006,-0.419384,-0.325953,-2.61361,-4.84439,4.53962,-1.62972,4.71784,-1.3469,-2.50444,2.07349,-2.51497,0.177661,-4.81981,5.04878,3.47372,1.03104,1.40152,1.53286,-4.39867,-0.39059,-0.997266,5.84117,-4.48604,2.56713,0.816185,-0.303291,-5.95886,2.74193,4.79073,-4.06829,0.454926,1.95027,1.14949,4.69688,-5.39652,-3.72013,3.28235,1.52613,-1.39079,-1.27484,5.35552,2.45678,2.08876,5.24628,1.41966,4.39436,4.74328,-4.27345,-1.87217,0.899904,-0.396526,-3.74828,2.91385,-3.33309,4.33631,4.66028,-0.0042228,1.19191,-5.85975,1.6794,-5.87823,-2.33922,1.14622,-4.16698,-0.213278,-5.72981,-2.69973,-5.70353,-6.08688,4.61863,5.85245,2.27123,1.27846,4.22049,-2.64663,-0.345506,-3.41384,3.59763,1.30824,-4.90683,4.03515,0.686475,1.93872,5.78433,-1.72656,3.20534,1.75252,-0.226056,1.41876,-0.366393,4.27606,0.989481,0.111504,-3.18772,-2.63633,2.40058,3.73118,-6.08711,4.15064,2.83369,-5.78666,-1.14421,-3.57374,0.558069,3.06252,-2.83343,0.68892,3.86871,1.17338,-4.04077,-0.895155,0.976871,-1.24482,-0.359583,0.628356,2.68326,0.136987,-0.869091,2.93556,-5.42007,-0.232408,3.40574,-5.96221,3.55536,-5.644,1.09137,1.42769]","[0,0,0,0,0,0,0,0,0,0,0,0,0,0,0,0,0,0,0,0,0,0,0,0,0,0,0,0,0,0,0,0,0,0,0,0,0,0,0,0,0,0,0,0,0,0,0,0,0,0,0,0,0,0,0,0,0,0,0,0,0,0,0,0,0,0,0,0,0,0,0,0,0,0,0,0,0,0,0,0,0,0,0,0,0,0,0,0,0,0,0,0,0,0,0,0,0,0,0,0,0,0,0,0,0,0,0,0,0,0,0,0,0,0,0,0,0,0,0,0,0,0,0,0,0,0,0,0,0,0,0,0,0,0,0,0,0,0,0,0,0,0,0,0,0,0,0,0,0,0,0,0,0,0,0,0,0,0,0,0,0,0,0,0,0,0,0,0,0,0,1,0,0,0,0,0,0,1,0,0,0,0,0,0,0,0,0,0,0,0,0,0,0,0,1,0,0,0,0,1,0,0,0,0,0,0,0,0,0,0,1,0,0,0,0,0,0,0,0,0,0,0,0,0,0,0,0,0,0,0,0,0,0,0,1,0,0,0,0,0,0,0,0,0,0,0,0,0,0,0,0,0,0,0,0]","Output
└─ 0 (V = 12, active): Op[0] (arity = 2)
       └─ 1 (V = 13, active): Op[1] (arity = 2)
              └─ 3 (V = 16, active): Op[4] (arity = 1)
                     └─ 7 (V = 12, active): Op[0] (arity = 2)
                            └─ 15 (V = 13, active): Op[1] (arity = 2)
                                   └─ 31 (V = 0, active): Input[0]
                                          └─ 63 (V = 0, inactive): Input[0]
                                                 └─ 127 (V = 2, inactive): Input[2]
                                                 └─ 128 (V = 6, inactive): Input[6]
                                          └─ 64 (V = 12, inactive): Op[0] (arity = 2)
                                                 └─ 129 (V = 1, inactive): Input[1]
                                                 └─ 130 (V = 7, inactive): Input[7]
                                   └─ 32 (V = 16, active): Op[4] (arity = 1)
                                          └─ 65 (V = 13, active): Op[1] (arity = 2)
                                                 └─ 131 (V = 5, active): Input[5]
                                                 └─ 132 (V = 4, active): Input[4]
                                          └─ 66 (V = 18, inactive): Op[6] (arity = 1)
                                                 └─ 133 (V = 9, inactive): Constant[0] -> -1.62972
                                                 └─ 134 (V = 9, inactive): Constant[0] -> 4.71784
                            └─ 16 (V = 5, active): Input[5]
                                   └─ 33 (V = 13, inactive): Op[1] (arity = 2)
                                          └─ 67 (V = 9, inactive): Constant[0] -> 3.44026
                                                 └─ 135 (V = 0, inactive): Input[0]
                                                 └─ 136 (V = 9, inactive): Constant[0] -> -2.50444
                                          └─ 68 (V = 14, inactive): Op[2] (arity = 2)
                                                 └─ 137 (V = 5, inactive): Input[5]
                                                 └─ 138 (V = 2, inactive): Input[2]
                                   └─ 34 (V = 13, inactive): Op[1] (arity = 2)
                                          └─ 69 (V = 14, inactive): Op[2] (arity = 2)
                                                 └─ 139 (V = 6, inactive): Input[6]
                                                 └─ 140 (V = 3, inactive): Input[3]
                                          └─ 70 (V = 17, inactive): Op[5] (arity = 1)
                                                 └─ 141 (V = 0, inactive): Input[0]
                                                 └─ 142 (V = 0, inactive): Input[0]
                     └─ 8 (V = 12, inactive): Op[0] (arity = 2)
                            └─ 17 (V = 19, inactive): Op[7] (arity = 1)
                                   └─ 35 (V = 15, inactive): Op[3] (arity = 2)
                                          └─ 71 (V = 19, inactive): Op[7] (arity = 1)
                                                 └─ 143 (V = 4, inactive): Input[4]
                                                 └─ 144 (V = 9, inactive): Constant[0] -> 1.40152
                                          └─ 72 (V = 16, inactive): Op[4] (arity = 1)
                                                 └─ 145 (V = 1, inactive): Input[1]
                                                 └─ 146 (V = 1, inactive): Input[1]
                                   └─ 36 (V = 18, inactive): Op[6] (arity = 1)
                                          └─ 73 (V = 13, inactive): Op[1] (arity = 2)
                                                 └─ 147 (V = 9, inactive): Constant[0] -> -0.39059
                                                 └─ 148 (V = 4, inactive): Input[4]
                                          └─ 74 (V = 18, inactive): Op[6] (arity = 1)
                                                 └─ 149 (V = 2, inactive): Input[2]
                                                 └─ 150 (V = 7, inactive): Input[7]
                            └─ 18 (V = 14, inactive): Op[2] (arity = 2)
                                   └─ 37 (V = 19, inactive): Op[7] (arity = 1)
                                          └─ 75 (V = 12, inactive): Op[0] (arity = 2)
                                                 └─ 151 (V = 4, inactive): Input[4]
                                                 └─ 152 (V = 5, inactive): Input[5]
                                          └─ 76 (V = 12, inactive): Op[0] (arity = 2)
                                                 └─ 153 (V = 6, inactive): Input[6]
                                                 └─ 154 (V = 4, inactive): Input[4]
                                   └─ 38 (V = 15, inactive): Op[3] (arity = 2)
                                          └─ 77 (V = 15, inactive): Op[3] (arity = 2)
                                                 └─ 155 (V = 1, inactive): Input[1]
                                                 └─ 156 (V = 1, inactive): Input[1]
                                          └─ 78 (V = 13, inactive): Op[1] (arity = 2)
                                                 └─ 157 (V = 7, inactive): Input[7]
                                                 └─ 158 (V = 0, inactive): Input[0]
              └─ 4 (V = 13, active): Op[1] (arity = 2)
                     └─ 9 (V = 14, active): Op[2] (arity = 2)
                            └─ 19 (V = 18, active): Op[6] (arity = 1)
                                   └─ 39 (V = 12, active): Op[0] (arity = 2)
                                          └─ 79 (V = 12, active): Op[0] (arity = 2)
                                                 └─ 159 (V = 0, active): Input[0]
                                                 └─ 160 (V = 3, active): Input[3]
                                          └─ 80 (V = 13, active): Op[1] (arity = 2)
                                                 └─ 161 (V = 2, active): Input[2]
                                                 └─ 162 (V = 3, active): Input[3]
                                   └─ 40 (V = 15, inactive): Op[3] (arity = 2)
                                          └─ 81 (V = 13, inactive): Op[1] (arity = 2)
                                                 └─ 163 (V = 9, inactive): Constant[0] -> -3.72013
                                                 └─ 164 (V = 7, inactive): Input[7]
                                          └─ 82 (V = 14, inactive): Op[2] (arity = 2)
                                                 └─ 165 (V = 4, inactive): Input[4]
                                                 └─ 166 (V = 4, inactive): Input[4]
                            └─ 20 (V = 14, active): Op[2] (arity = 2)
                                   └─ 41 (V = 14, active): Op[2] (arity = 2)
                                          └─ 83 (V = 1, active): Input[1]
                                                 └─ 167 (V = 8, inactive): Input[8]
                                                 └─ 168 (V = 4, inactive): Input[4]
                                          └─ 84 (V = 15, active): Op[3] (arity = 2)
                                                 └─ 169 (V = 0, active): Input[0]
                                                 └─ 170 (V = 9, active): Constant[0] -> 2.08876
                                   └─ 42 (V = 16, active): Op[4] (arity = 1)
                                          └─ 85 (V = 19, active): Op[7] (arity = 1)
                                                 └─ 171 (V = 3, active): Input[3]
                                                 └─ 172 (V = 7, inactive): Input[7]
                                          └─ 86 (V = 14, inactive): Op[2] (arity = 2)
                                                 └─ 173 (V = 3, inactive): Input[3]
                                                 └─ 174 (V = 7, inactive): Input[7]
                     └─ 10 (V = 17, active): Op[5] (arity = 1)
                            └─ 21 (V = 13, active): Op[1] (arity = 2)
                                   └─ 43 (V = 15, active): Op[3] (arity = 2)
                                          └─ 87 (V = 17, active): Op[5] (arity = 1)
                                                 └─ 175 (V = 0, active): Input[0]
                                                 └─ 176 (V = 2, inactive): Input[2]
                                          └─ 88 (V = 16, active): Op[4] (arity = 1)
                                                 └─ 177 (V = 9, active): Constant[0] -> 0.899904
                                                 └─ 178 (V = 9, inactive): Constant[0] -> -0.396526
                                   └─ 44 (V = 6, active): Input[6]
                                          └─ 89 (V = 2, inactive): Input[2]
                                                 └─ 179 (V = 2, inactive): Input[2]
                                                 └─ 180 (V = 1, inactive): Input[1]
                                          └─ 90 (V = 14, inactive): Op[2] (arity = 2)
                                                 └─ 181 (V = 1, inactive): Input[1]
                                                 └─ 182 (V = 5, inactive): Input[5]
                            └─ 22 (V = 5, inactive): Input[5]
                                   └─ 45 (V = 18, inactive): Op[6] (arity = 1)
                                          └─ 91 (V = 12, inactive): Op[0] (arity = 2)
                                                 └─ 183 (V = 6, inactive): Input[6]
                                                 └─ 184 (V = 2, inactive): Input[2]
                                          └─ 92 (V = 12, inactive): Op[0] (arity = 2)
                                                 └─ 185 (V = 3, inactive): Input[3]
                                                 └─ 186 (V = 8, inactive): Input[8]
                                   └─ 46 (V = 16, inactive): Op[4] (arity = 1)
                                          └─ 93 (V = 4, inactive): Input[4]
                                                 └─ 187 (V = 8, inactive): Input[8]
                                                 └─ 188 (V = 2, inactive): Input[2]
                                          └─ 94 (V = 13, inactive): Op[1] (arity = 2)
                                                 └─ 189 (V = 9, inactive): Constant[0] -> -2.33922
                                                 └─ 190 (V = 7, inactive): Input[7]
       └─ 2 (V = 12, active): Op[0] (arity = 2)
              └─ 5 (V = 12, active): Op[0] (arity = 2)
                     └─ 11 (V = 14, active): Op[2] (arity = 2)
                            └─ 23 (V = 17, active): Op[5] (arity = 1)
                                   └─ 47 (V = 14, active): Op[2] (arity = 2)
                                          └─ 95 (V = 17, active): Op[5] (arity = 1)
                                                 └─ 191 (V = 0, active): Input[0]
                                                 └─ 192 (V = 4, inactive): Input[4]
                                          └─ 96 (V = 15, active): Op[3] (arity = 2)
                                                 └─ 193 (V = 2, active): Input[2]
                                                 └─ 194 (V = 9, active): Constant[0] -> -2.69973
                                   └─ 48 (V = 13, inactive): Op[1] (arity = 2)
                                          └─ 97 (V = 17, inactive): Op[5] (arity = 1)
                                                 └─ 195 (V = 8, inactive): Input[8]
                                                 └─ 196 (V = 8, inactive): Input[8]
                                          └─ 98 (V = 19, inactive): Op[7] (arity = 1)
                                                 └─ 197 (V = 4, inactive): Input[4]
                                                 └─ 198 (V = 9, inactive): Constant[0] -> 5.85245
                            └─ 24 (V = 19, active): Op[7] (arity = 1)
                                   └─ 49 (V = 12, active): Op[0] (arity = 2)
                                          └─ 99 (V = 19, active): Op[7] (arity = 1)
                                                 └─ 199 (V = 9, active): Constant[0] -> 2.27123
                                                 └─ 200 (V = 5, inactive): Input[5]
                                          └─ 100 (V = 17, active): Op[5] (arity = 1)
                                                 └─ 201 (V = 3, active): Input[3]
                                                 └─ 202 (V = 6, inactive): Input[6]
                                   └─ 50 (V = 18, inactive): Op[6] (arity = 1)
                                          └─ 101 (V = 18, inactive): Op[6] (arity = 1)
                                                 └─ 203 (V = 0, inactive): Input[0]
                                                 └─ 204 (V = 4, inactive): Input[4]
                                          └─ 102 (V = 17, inactive): Op[5] (arity = 1)
                                                 └─ 205 (V = 6, inactive): Input[6]
                                                 └─ 206 (V = 9, inactive): Constant[0] -> 1.30824
                     └─ 12 (V = 17, active): Op[5] (arity = 1)
                            └─ 25 (V = 12, active): Op[0] (arity = 2)
                                   └─ 51 (V = 14, active): Op[2] (arity = 2)
                                          └─ 103 (V = 17, active): Op[5] (arity = 1)
                                                 └─ 207 (V = 0, active): Input[0]
                                                 └─ 208 (V = 8, inactive): Input[8]
                                          └─ 104 (V = 13, active): Op[1] (arity = 2)
                                                 └─ 209 (V = 0, active): Input[0]
                                                 └─ 210 (V = 9, active): Constant[0] -> 1.93872
                                   └─ 52 (V = 7, active): Input[7]
                                          └─ 105 (V = 6, inactive): Input[6]
                                                 └─ 211 (V = 4, inactive): Input[4]
                                                 └─ 212 (V = 3, inactive): Input[3]
                                          └─ 106 (V = 5, inactive): Input[5]
                                                 └─ 213 (V = 8, inactive): Input[8]
                                                 └─ 214 (V = 8, inactive): Input[8]
                            └─ 26 (V = 13, inactive): Op[1] (arity = 2)
                                   └─ 53 (V = 17, inactive): Op[5] (arity = 1)
                                          └─ 107 (V = 5, inactive): Input[5]
                                                 └─ 215 (V = 7, inactive): Input[7]
                                                 └─ 216 (V = 7, inactive): Input[7]
                                          └─ 108 (V = 8, inactive): Input[8]
                                                 └─ 217 (V = 0, inactive): Input[0]
                                                 └─ 218 (V = 3, inactive): Input[3]
                                   └─ 54 (V = 0, inactive): Input[0]
                                          └─ 109 (V = 17, inactive): Op[5] (arity = 1)
                                                 └─ 219 (V = 1, inactive): Input[1]
                                                 └─ 220 (V = 6, inactive): Input[6]
                                          └─ 110 (V = 19, inactive): Op[7] (arity = 1)
                                                 └─ 221 (V = 4, inactive): Input[4]
                                                 └─ 222 (V = 1, inactive): Input[1]
              └─ 6 (V = 17, active): Op[5] (arity = 1)
                     └─ 13 (V = 13, active): Op[1] (arity = 2)
                            └─ 27 (V = 8, active): Input[8]
                                   └─ 55 (V = 18, inactive): Op[6] (arity = 1)
                                          └─ 111 (V = 19, inactive): Op[7] (arity = 1)
                                                 └─ 223 (V = 8, inactive): Input[8]
                                                 └─ 224 (V = 1, inactive): Input[1]
                                          └─ 112 (V = 15, inactive): Op[3] (arity = 2)
                                                 └─ 225 (V = 8, inactive): Input[8]
                                                 └─ 226 (V = 5, inactive): Input[5]
                                   └─ 56 (V = 0, inactive): Input[0]
                                          └─ 113 (V = 12, inactive): Op[0] (arity = 2)
                                                 └─ 227 (V = 8, inactive): Input[8]
                                                 └─ 228 (V = 9, inactive): Constant[0] -> -5.78666
                                          └─ 114 (V = 16, inactive): Op[4] (arity = 1)
                                                 └─ 229 (V = 9, inactive): Constant[0] -> -1.14421
                                                 └─ 230 (V = 0, inactive): Input[0]
                            └─ 28 (V = 12, active): Op[0] (arity = 2)
                                   └─ 57 (V = 13, active): Op[1] (arity = 2)
                                          └─ 115 (V = 17, active): Op[5] (arity = 1)
                                                 └─ 231 (V = 0, active): Input[0]
                                                 └─ 232 (V = 9, inactive): Constant[0] -> 3.06252
                                          └─ 116 (V = 14, active): Op[2] (arity = 2)
                                                 └─ 233 (V = 0, active): Input[0]
                                                 └─ 234 (V = 9, active): Constant[0] -> 0.68892
                                   └─ 58 (V = 17, active): Op[5] (arity = 1)
                                          └─ 117 (V = 17, active): Op[5] (arity = 1)
                                                 └─ 235 (V = 0, active): Input[0]
                                                 └─ 236 (V = 2, inactive): Input[2]
                                          └─ 118 (V = 19, inactive): Op[7] (arity = 1)
                                                 └─ 237 (V = 1, inactive): Input[1]
                                                 └─ 238 (V = 6, inactive): Input[6]
                     └─ 14 (V = 16, inactive): Op[4] (arity = 1)
                            └─ 29 (V = 19, inactive): Op[7] (arity = 1)
                                   └─ 59 (V = 16, inactive): Op[4] (arity = 1)
                                          └─ 119 (V = 19, inactive): Op[7] (arity = 1)
                                                 └─ 239 (V = 0, inactive): Input[0]
                                                 └─ 240 (V = 3, inactive): Input[3]
                                          └─ 120 (V = 18, inactive): Op[6] (arity = 1)
                                                 └─ 241 (V = 7, inactive): Input[7]
                                                 └─ 242 (V = 3, inactive): Input[3]
                                   └─ 60 (V = 18, inactive): Op[6] (arity = 1)
                                          └─ 121 (V = 12, inactive): Op[0] (arity = 2)
                                                 └─ 243 (V = 2, inactive): Input[2]
                                                 └─ 244 (V = 8, inactive): Input[8]
                                          └─ 122 (V = 14, inactive): Op[2] (arity = 2)
                                                 └─ 245 (V = 6, inactive): Input[6]
                                                 └─ 246 (V = 6, inactive): Input[6]
                            └─ 30 (V = 15, inactive): Op[3] (arity = 2)
                                   └─ 61 (V = 18, inactive): Op[6] (arity = 1)
                                          └─ 123 (V = 15, inactive): Op[3] (arity = 2)
                                                 └─ 247 (V = 8, inactive): Input[8]
                                                 └─ 248 (V = 7, inactive): Input[7]
                                          └─ 124 (V = 6, inactive): Input[6]
                                                 └─ 249 (V = 0, inactive): Input[0]
                                                 └─ 250 (V = 3, inactive): Input[3]
                                   └─ 62 (V = 15, inactive): Op[3] (arity = 2)
                                          └─ 125 (V = 16, inactive): Op[4] (arity = 1)
                                                 └─ 251 (V = 6, inactive): Input[6]
                                                 └─ 252 (V = 1, inactive): Input[1]
                                          └─ 126 (V = 16, inactive): Op[4] (arity = 1)
                                                 └─ 253 (V = 1, inactive): Input[1]
                                                 └─ 254 (V = 2, inactive): Input[2]
","((sin(((x0 - sin((x5 - x4))) + x5)) - ((log(((x0 + x3) + (x2 - x3))) * ((x1 * (x0 / 2.0887604574390046)) * sin(sqrt(x3)))) - cos(((cos(x0) / sin(0.899904258399066)) - x6)))) + (((cos((cos(x0) * (x2 / -2.6997331972374083))) * sqrt((sqrt(2.271230308979046) + cos(x3)))) + cos(((cos(x0) * (x0 - 1.9387182591391046)) + x7))) + cos((x8 - ((cos(x0) - (x0 * 0.6889197967958838)) + cos(cos(x0)))))))",0.792098,"[0.792098]",0
Running,1937302,74,64.083129727,46.822099482,17.261030245,1024,3,modular_1,single_kernel_inplace,1024,666,9,2,7,modular,0,0,3324115916,4.1594454033974815,3324115916,"[10,11,10,14,11,10,15,10,10,12,15,12,15,11,11,11,5,17,14,16,12,11,6,15,17,10,12,8,10,17,4,0,14,11,5,14,16,11,16,10,13,12,14,13,6,16,14,12,11,10,16,12,7,6,11,11,0,11,15,6,5,5,10,0,10,11,16,4,14,14,15,17,12,11,5,10,5,12,16,10,11,12,12,1,13,17,17,15,14,10,10,16,17,16,12,15,13,8,7,17,15,16,15,15,11,16,11,1,8,15,4,2,13,10,8,15,12,15,6,14,13,12,0,2,14,14,15,0,7,6,7,5,4,8,9,5,8,0,2,7,6,7,7,9,9,4,8,9,4,4,4,2,5,7,0,7,1,2,8,0,3,2,3,2,8,9,8,8,5,0,9,3,1,0,4,0,2,9,6,9,1,7,5,9,2,1,2,8,4,0,7,0,4,2,9,3,8,4,1,9,9,3,9,4,4,6,9,0,4,0,9,5,0,8,7,5,1,0,3,5,6,1,9,8,6,8,5,0,8,7,7,0,9,0,9,0,5,3,6,0,2,3,9,9,9,6,6,3,0,0,3,6,0,0,2]","[1,1,1,1,1,1,1,1,0,1,1,1,1,1,0,1,1,0,0,1,1,1,0,1,1,1,0,1,1,0,0,1,1,0,0,0,0,0,0,1,0,1,1,1,1,0,0,1,0,1,0,1,1,0,0,0,0,1,1,0,0,0,0,0,0,1,0,0,0,0,0,0,0,0,0,0,0,0,0,1,1,0,0,1,1,1,0,1,1,0,0,0,0,0,0,1,1,0,0,1,1,0,0,1,1,0,0,0,0,0,0,0,0,0,0,1,1,1,0,0,0,0,0,0,0,0,0,0,0,0,0,1,1,0,0,0,0,0,0,0,0,0,0,0,0,0,0,0,0,0,0,0,0,0,0,0,0,0,0,1,1,1,1,0,0,0,0,0,0,1,1,1,0,0,0,1,0,1,0,0,0,0,0,0,0,0,0,0,0,0,0,1,0,1,1,0,0,0,0,1,0,1,0,0,0,0,0,1,0,1,1,0,0,0,0,0,0,0,0,0,0,0,0,0,0,0,0,0,0,0,0,1,0,1,1,1,0,0,0,0,0,0,0,0,0,0,0,0,0,0,0,0,0,0,0]","[-4.93417,5.49908,-3.92796,-2.02926,0.975812,3.39065,0.529453,2.28526,-0.692641,5.22461,4.73168,-5.68828,2.19519,-2.51076,2.54951,5.77822,3.05634,2.51348,4.98404,-0.997646,-6.06455,-5.34683,-2.39171,0.867508,2.08141,-1.07531,-1.01198,-5.81144,0.945153,0.551974,-4.20957,-3.04855,-1.35778,4.02407,-2.80587,0.661656,-5.42824,2.26289,0.0339337,1.16019,-2.95798,-2.92751,-1.73328,-3.77897,4.6989,-3.35061,-5.65063,4.63028,1.52949,-1.60278,3.38858,1.8616,-0.151013,-0.95242,4.73451,0.128931,4.86171,-2.62418,-3.57288,1.33077,3.69745,-0.427185,-4.00702,5.35028,-4.46445,-5.64749,3.66881,5.48136,4.3065,-2.90603,-6.04523,-5.08161,3.97328,-2.89354,4.50151,2.54493,4.43929,-2.99643,-1.78849,5.46244,2.1721,5.0632,5.7078,-5.56352,0.693807,-3.5162,4.01242,-0.675232,-3.95063,-2.34975,2.64785,0.400278,3.34844,-4.36259,-2.81257,-1.38672,-0.508502,3.34606,-5.4102,5.93137,4.63088,-3.31548,5.35685,4.00383,-1.04594,-4.45823,-1.71107,-2.27721,-2.72032,-2.81443,5.45043,4.13457,-1.08362,0.360238,-0.870642,4.44848,1.42936,-4.55212,2.06059,3.01794,-2.68048,-3.12612,1.47676,-0.729486,1.90354,5.43756,-4.67461,2.68974,-0.474222,-3.21085,3.40994,-4.84439,4.53962,5.68331,4.71784,-4.97289,2.39687,3.21968,-2.51497,0.742886,5.94735,-2.14887,1.50558,-4.98812,1.40152,5.61107,-5.94311,-0.39059,-0.997266,-1.51627,-5.64136,2.22995,0.816185,2.49512,1.99766,-2.67556,4.79073,-2.63901,1.6152,1.95027,1.14949,4.69688,-5.39652,-2.03153,2.90028,-4.62077,6.01215,-1.27484,1.75035,-2.9,2.08876,5.24628,0.44813,-5.87756,-3.6235,-4.27345,-3.50609,0.899904,-5.91742,-4.41116,2.91385,2.21258,-5.44069,-1.64754,-5.76985,4.68877,-3.05824,1.6794,2.04199,1.26696,1.14622,-4.16698,-0.213278,-5.72981,2.66208,5.7354,-6.08688,4.61863,5.05866,2.27123,-0.986469,4.79189,0.503485,2.52018,-3.41384,3.59763,1.30824,-4.90683,0.685063,0.686475,1.73836,-1.29087,1.21373,-3.45948,1.18828,-4.31784,-3.45485,-5.58357,4.27606,-1.11339,0.111504,-2.17869,-1.46301,2.40058,3.78386,-5.14266,4.15064,5.4469,3.41923,-5.38379,-3.09723,0.558069,3.06252,-2.83343,0.691597,3.86871,3.43703,1.9461,-0.895155,-0.0841994,3.96699,-2.15693,2.32558,5.38853,-2.16047,-0.869091,2.93556,0.786113,1.48728,5.48382,2.42777,3.55536,5.11802,-0.562012,1.42769]","[0,0,0,0,0,0,0,0,0,0,0,0,0,0,0,0,0,0,0,0,0,0,0,0,0,0,0,0,0,0,0,0,0,0,0,0,0,0,0,0,0,0,0,0,0,0,0,0,0,0,0,0,0,0,0,0,0,0,0,0,0,0,0,0,0,0,0,0,0,0,0,0,0,0,0,0,0,0,0,0,0,0,0,0,0,0,0,0,0,0,0,0,0,0,0,0,0,0,0,0,0,0,0,0,0,0,0,0,0,0,0,0,0,0,0,0,0,0,0,0,0,0,0,0,0,0,0,0,0,0,0,0,0,0,0,0,0,0,0,0,0,0,0,0,0,0,0,0,0,0,0,0,0,0,0,0,0,0,0,0,0,0,0,0,0,0,0,0,0,0,1,0,0,0,0,0,0,1,0,0,0,0,0,0,0,0,0,0,0,0,0,0,0,0,1,0,0,0,0,1,0,0,0,0,0,0,0,0,0,0,1,0,0,0,0,0,0,0,0,0,0,0,0,0,0,0,0,0,0,0,0,0,0,0,1,0,0,0,0,0,0,0,0,0,0,0,0,0,0,0,0,0,0,0,0]","Output
└─ 0 (V = 12, active): Op[0] (arity = 2)
       └─ 1 (V = 13, active): Op[1] (arity = 2)
              └─ 3 (V = 16, active): Op[4] (arity = 1)
                     └─ 7 (V = 12, active): Op[0] (arity = 2)
                            └─ 15 (V = 13, active): Op[1] (arity = 2)
                                   └─ 31 (V = 0, active): Input[0]
                                          └─ 63 (V = 0, inactive): Input[0]
                                                 └─ 127 (V = 0, inactive): Input[0]
                                                 └─ 128 (V = 7, inactive): Input[7]
                                          └─ 64 (V = 12, inactive): Op[0] (arity = 2)
                                                 └─ 129 (V = 6, inactive): Input[6]
                                                 └─ 130 (V = 7, inactive): Input[7]
                                   └─ 32 (V = 16, active): Op[4] (arity = 1)
                                          └─ 65 (V = 13, active): Op[1] (arity = 2)
                                                 └─ 131 (V = 5, active): Input[5]
                                                 └─ 132 (V = 4, active): Input[4]
                                          └─ 66 (V = 18, inactive): Op[6] (arity = 1)
                                                 └─ 133 (V = 8, inactive): Input[8]
                                                 └─ 134 (V = 9, inactive): Constant[0] -> 4.71784
                            └─ 16 (V = 5, active): Input[5]
                                   └─ 33 (V = 13, inactive): Op[1] (arity = 2)
                                          └─ 67 (V = 4, inactive): Input[4]
                                                 └─ 135 (V = 5, inactive): Input[5]
                                                 └─ 136 (V = 8, inactive): Input[8]
                                          └─ 68 (V = 16, inactive): Op[4] (arity = 1)
                                                 └─ 137 (V = 0, inactive): Input[0]
                                                 └─ 138 (V = 2, inactive): Input[2]
                                   └─ 34 (V = 5, inactive): Input[5]
                                          └─ 69 (V = 16, inactive): Op[4] (arity = 1)
                                                 └─ 139 (V = 7, inactive): Input[7]
                                                 └─ 140 (V = 6, inactive): Input[6]
                                          └─ 70 (V = 17, inactive): Op[5] (arity = 1)
                                                 └─ 141 (V = 7, inactive): Input[7]
                                                 └─ 142 (V = 7, inactive): Input[7]
                     └─ 8 (V = 12, inactive): Op[0] (arity = 2)
                            └─ 17 (V = 19, inactive): Op[7] (arity = 1)
                                   └─ 35 (V = 16, inactive): Op[4] (arity = 1)
                                          └─ 71 (V = 19, inactive): Op[7] (arity = 1)
                                                 └─ 143 (V = 9, inactive): Constant[0] -> -4.98812
                                                 └─ 144 (V = 9, inactive): Constant[0] -> 1.40152
                                          └─ 72 (V = 14, inactive): Op[2] (arity = 2)
                                                 └─ 145 (V = 4, inactive): Input[4]
                                                 └─ 146 (V = 8, inactive): Input[8]
                                   └─ 36 (V = 18, inactive): Op[6] (arity = 1)
                                          └─ 73 (V = 13, inactive): Op[1] (arity = 2)
                                                 └─ 147 (V = 9, inactive): Constant[0] -> -0.39059
                                                 └─ 148 (V = 4, inactive): Input[4]
                                          └─ 74 (V = 5, inactive): Input[5]
                                                 └─ 149 (V = 4, inactive): Input[4]
                                                 └─ 150 (V = 4, inactive): Input[4]
                            └─ 18 (V = 16, inactive): Op[4] (arity = 1)
                                   └─ 37 (V = 13, inactive): Op[1] (arity = 2)
                                          └─ 75 (V = 12, inactive): Op[0] (arity = 2)
                                                 └─ 151 (V = 2, inactive): Input[2]
                                                 └─ 152 (V = 5, inactive): Input[5]
                                          └─ 76 (V = 5, inactive): Input[5]
                                                 └─ 153 (V = 7, inactive): Input[7]
                                                 └─ 154 (V = 0, inactive): Input[0]
                                   └─ 38 (V = 18, inactive): Op[6] (arity = 1)
                                          └─ 77 (V = 14, inactive): Op[2] (arity = 2)
                                                 └─ 155 (V = 7, inactive): Input[7]
                                                 └─ 156 (V = 1, inactive): Input[1]
                                          └─ 78 (V = 18, inactive): Op[6] (arity = 1)
                                                 └─ 157 (V = 2, inactive): Input[2]
                                                 └─ 158 (V = 8, inactive): Input[8]
              └─ 4 (V = 13, active): Op[1] (arity = 2)
                     └─ 9 (V = 14, active): Op[2] (arity = 2)
                            └─ 19 (V = 18, active): Op[6] (arity = 1)
                                   └─ 39 (V = 12, active): Op[0] (arity = 2)
                                          └─ 79 (V = 12, active): Op[0] (arity = 2)
                                                 └─ 159 (V = 0, active): Input[0]
                                                 └─ 160 (V = 3, active): Input[3]
                                          └─ 80 (V = 13, active): Op[1] (arity = 2)
                                                 └─ 161 (V = 2, active): Input[2]
                                                 └─ 162 (V = 3, active): Input[3]
                                   └─ 40 (V = 15, inactive): Op[3] (arity = 2)
                                          └─ 81 (V = 14, inactive): Op[2] (arity = 2)
                                                 └─ 163 (V = 2, inactive): Input[2]
                                                 └─ 164 (V = 8, inactive): Input[8]
                                          └─ 82 (V = 14, inactive): Op[2] (arity = 2)
                                                 └─ 165 (V = 9, inactive): Constant[0] -> -4.62077
                                                 └─ 166 (V = 8, inactive): Input[8]
                            └─ 20 (V = 14, active): Op[2] (arity = 2)
                                   └─ 41 (V = 14, active): Op[2] (arity = 2)
                                          └─ 83 (V = 1, active): Input[1]
                                                 └─ 167 (V = 8, inactive): Input[8]
                                                 └─ 168 (V = 5, inactive): Input[5]
                                          └─ 84 (V = 15, active): Op[3] (arity = 2)
                                                 └─ 169 (V = 0, active): Input[0]
                                                 └─ 170 (V = 9, active): Constant[0] -> 2.08876
                                   └─ 42 (V = 16, active): Op[4] (arity = 1)
                                          └─ 85 (V = 19, active): Op[7] (arity = 1)
                                                 └─ 171 (V = 3, active): Input[3]
                                                 └─ 172 (V = 1, inactive): Input[1]
                                          └─ 86 (V = 19, inactive): Op[7] (arity = 1)
                                                 └─ 173 (V = 0, inactive): Input[0]
                                                 └─ 174 (V = 4, inactive): Input[4]
                     └─ 10 (V = 17, active): Op[5] (arity = 1)
                            └─ 21 (V = 13, active): Op[1] (arity = 2)
                                   └─ 43 (V = 15, active): Op[3] (arity = 2)
                                          └─ 87 (V = 17, active): Op[5] (arity = 1)
                                                 └─ 175 (V = 0, active): Input[0]
                                                 └─ 176 (V = 2, inactive): Input[2]
                                          └─ 88 (V = 16, active): Op[4] (arity = 1)
                                                 └─ 177 (V = 9, active): Constant[0] -> 0.899904
                                                 └─ 178 (V = 6, inactive): Input[6]
                                   └─ 44 (V = 6, active): Input[6]
                                          └─ 89 (V = 12, inactive): Op[0] (arity = 2)
                                                 └─ 179 (V = 9, inactive): Constant[0] -> -4.41116
                                                 └─ 180 (V = 1, inactive): Input[1]
                                          └─ 90 (V = 12, inactive): Op[0] (arity = 2)
                                                 └─ 181 (V = 7, inactive): Input[7]
                                                 └─ 182 (V = 5, inactive): Input[5]
                            └─ 22 (V = 6, inactive): Input[6]
                                   └─ 45 (V = 18, inactive): Op[6] (arity = 1)
                                          └─ 91 (V = 18, inactive): Op[6] (arity = 1)
                                                 └─ 183 (V = 9, inactive): Constant[0] -> -1.64754
                                                 └─ 184 (V = 2, inactive): Input[2]
                                          └─ 92 (V = 19, inactive): Op[7] (arity = 1)
                                                 └─ 185 (V = 1, inactive): Input[1]
                                                 └─ 186 (V = 2, inactive): Input[2]
                                   └─ 46 (V = 16, inactive): Op[4] (arity = 1)
                                          └─ 93 (V = 18, inactive): Op[6] (arity = 1)
                                                 └─ 187 (V = 8, inactive): Input[8]
                                                 └─ 188 (V = 4, inactive): Input[4]
                                          └─ 94 (V = 14, inactive): Op[2] (arity = 2)
                                                 └─ 189 (V = 0, inactive): Input[0]
                                                 └─ 190 (V = 7, inactive): Input[7]
       └─ 2 (V = 12, active): Op[0] (arity = 2)
              └─ 5 (V = 12, active): Op[0] (arity = 2)
                     └─ 11 (V = 14, active): Op[2] (arity = 2)
                            └─ 23 (V = 17, active): Op[5] (arity = 1)
                                   └─ 47 (V = 14, active): Op[2] (arity = 2)
                                          └─ 95 (V = 17, active): Op[5] (arity = 1)
                                                 └─ 191 (V = 0, active): Input[0]
                                                 └─ 192 (V = 4, inactive): Input[4]
                                          └─ 96 (V = 15, active): Op[3] (arity = 2)
                                                 └─ 193 (V = 2, active): Input[2]
                                                 └─ 194 (V = 9, active): Constant[0] -> 2.66208
                                   └─ 48 (V = 13, inactive): Op[1] (arity = 2)
                                          └─ 97 (V = 8, inactive): Input[8]
                                                 └─ 195 (V = 3, inactive): Input[3]
                                                 └─ 196 (V = 8, inactive): Input[8]
                                          └─ 98 (V = 7, inactive): Input[7]
                                                 └─ 197 (V = 4, inactive): Input[4]
                                                 └─ 198 (V = 1, inactive): Input[1]
                            └─ 24 (V = 19, active): Op[7] (arity = 1)
                                   └─ 49 (V = 12, active): Op[0] (arity = 2)
                                          └─ 99 (V = 19, active): Op[7] (arity = 1)
                                                 └─ 199 (V = 9, active): Constant[0] -> 2.27123
                                                 └─ 200 (V = 9, inactive): Constant[0] -> -0.986469
                                          └─ 100 (V = 17, active): Op[5] (arity = 1)
                                                 └─ 201 (V = 3, active): Input[3]
                                                 └─ 202 (V = 9, inactive): Constant[0] -> 0.503485
                                   └─ 50 (V = 18, inactive): Op[6] (arity = 1)
                                          └─ 101 (V = 18, inactive): Op[6] (arity = 1)
                                                 └─ 203 (V = 4, inactive): Input[4]
                                                 └─ 204 (V = 4, inactive): Input[4]
                                          └─ 102 (V = 17, inactive): Op[5] (arity = 1)
                                                 └─ 205 (V = 6, inactive): Input[6]
                                                 └─ 206 (V = 9, inactive): Constant[0] -> 1.30824
                     └─ 12 (V = 17, active): Op[5] (arity = 1)
                            └─ 25 (V = 12, active): Op[0] (arity = 2)
                                   └─ 51 (V = 14, active): Op[2] (arity = 2)
                                          └─ 103 (V = 17, active): Op[5] (arity = 1)
                                                 └─ 207 (V = 0, active): Input[0]
                                                 └─ 208 (V = 4, inactive): Input[4]
                                          └─ 104 (V = 13, active): Op[1] (arity = 2)
                                                 └─ 209 (V = 0, active): Input[0]
                                                 └─ 210 (V = 9, active): Constant[0] -> 1.73836
                                   └─ 52 (V = 7, active): Input[7]
                                          └─ 105 (V = 18, inactive): Op[6] (arity = 1)
                                                 └─ 211 (V = 5, inactive): Input[5]
                                                 └─ 212 (V = 0, inactive): Input[0]
                                          └─ 106 (V = 13, inactive): Op[1] (arity = 2)
                                                 └─ 213 (V = 8, inactive): Input[8]
                                                 └─ 214 (V = 7, inactive): Input[7]
                            └─ 26 (V = 14, inactive): Op[2] (arity = 2)
                                   └─ 53 (V = 6, inactive): Input[6]
                                          └─ 107 (V = 1, inactive): Input[1]
                                                 └─ 215 (V = 5, inactive): Input[5]
                                                 └─ 216 (V = 1, inactive): Input[1]
                                          └─ 108 (V = 8, inactive): Input[8]
                                                 └─ 217 (V = 0, inactive): Input[0]
                                                 └─ 218 (V = 3, inactive): Input[3]
                                   └─ 54 (V = 13, inactive): Op[1] (arity = 2)
                                          └─ 109 (V = 17, inactive): Op[5] (arity = 1)
                                                 └─ 219 (V = 5, inactive): Input[5]
                                                 └─ 220 (V = 6, inactive): Input[6]
                                          └─ 110 (V = 4, inactive): Input[4]
                                                 └─ 221 (V = 1, inactive): Input[1]
                                                 └─ 222 (V = 9, inactive): Constant[0] -> -1.46301
              └─ 6 (V = 17, active): Op[5] (arity = 1)
                     └─ 13 (V = 13, active): Op[1] (arity = 2)
                            └─ 27 (V = 8, active): Input[8]
                                   └─ 55 (V = 13, inactive): Op[1] (arity = 2)
                                          └─ 111 (V = 2, inactive): Input[2]
                                                 └─ 223 (V = 8, inactive): Input[8]
                                                 └─ 224 (V = 6, inactive): Input[6]
                                          └─ 112 (V = 15, inactive): Op[3] (arity = 2)
                                                 └─ 225 (V = 8, inactive): Input[8]
                                                 └─ 226 (V = 5, inactive): Input[5]
                                   └─ 56 (V = 0, inactive): Input[0]
                                          └─ 113 (V = 12, inactive): Op[0] (arity = 2)
                                                 └─ 227 (V = 0, inactive): Input[0]
                                                 └─ 228 (V = 8, inactive): Input[8]
                                          └─ 114 (V = 8, inactive): Input[8]
                                                 └─ 229 (V = 7, inactive): Input[7]
                                                 └─ 230 (V = 7, inactive): Input[7]
                            └─ 28 (V = 12, active): Op[0] (arity = 2)
                                   └─ 57 (V = 13, active): Op[1] (arity = 2)
                                          └─ 115 (V = 17, active): Op[5] (arity = 1)
                                                 └─ 231 (V = 0, active): Input[0]
                                                 └─ 232 (V = 9, inactive): Constant[0] -> 3.06252
                                          └─ 116 (V = 14, active): Op[2] (arity = 2)
                                                 └─ 233 (V = 0, active): Input[0]
                                                 └─ 234 (V = 9, active): Constant[0] -> 0.691597
                                   └─ 58 (V = 17, active): Op[5] (arity = 1)
                                          └─ 117 (V = 17, active): Op[5] (arity = 1)
                                                 └─ 235 (V = 0, active): Input[0]
                                                 └─ 236 (V = 5, inactive): Input[5]
                                          └─ 118 (V = 6, inactive): Input[6]
                                                 └─ 237 (V = 3, inactive): Input[3]
                                                 └─ 238 (V = 6, inactive): Input[6]
                     └─ 14 (V = 13, inactive): Op[1] (arity = 2)
                            └─ 29 (V = 19, inactive): Op[7] (arity = 1)
                                   └─ 59 (V = 6, inactive): Input[6]
                                          └─ 119 (V = 16, inactive): Op[4] (arity = 1)
                                                 └─ 239 (V = 0, inactive): Input[0]
                                                 └─ 240 (V = 2, inactive): Input[2]
                                          └─ 120 (V = 15, inactive): Op[3] (arity = 2)
                                                 └─ 241 (V = 3, inactive): Input[3]
                                                 └─ 242 (V = 9, inactive): Constant[0] -> 2.32558
                                   └─ 60 (V = 5, inactive): Input[5]
                                          └─ 121 (V = 14, inactive): Op[2] (arity = 2)
                                                 └─ 243 (V = 9, inactive): Constant[0] -> 5.38853
                                                 └─ 244 (V = 9, inactive): Constant[0] -> -2.16047
                                          └─ 122 (V = 0, inactive): Input[0]
                                                 └─ 245 (V = 6, inactive): Input[6]
                                                 └─ 246 (V = 6, inactive): Input[6]
                            └─ 30 (V = 4, inactive): Input[4]
                                   └─ 61 (V = 5, inactive): Input[5]
                                          └─ 123 (V = 2, inactive): Input[2]
                                                 └─ 247 (V = 3, inactive): Input[3]
                                                 └─ 248 (V = 0, inactive): Input[0]
                                          └─ 124 (V = 16, inactive): Op[4] (arity = 1)
                                                 └─ 249 (V = 0, inactive): Input[0]
                                                 └─ 250 (V = 3, inactive): Input[3]
                                   └─ 62 (V = 12, inactive): Op[0] (arity = 2)
                                          └─ 125 (V = 16, inactive): Op[4] (arity = 1)
                                                 └─ 251 (V = 6, inactive): Input[6]
                                                 └─ 252 (V = 0, inactive): Input[0]
                                          └─ 126 (V = 17, inactive): Op[5] (arity = 1)
                                                 └─ 253 (V = 0, inactive): Input[0]
                                                 └─ 254 (V = 2, inactive): Input[2]
","((sin(((x0 - sin((x5 - x4))) + x5)) - ((log(((x0 + x3) + (x2 - x3))) * ((x1 * (x0 / 2.0887604574390046)) * sin(sqrt(x3)))) - cos(((cos(x0) / sin(0.899904258399066)) - x6)))) + (((cos((cos(x0) * (x2 / 2.6620836775690524))) * sqrt((sqrt(2.271230308979046) + cos(x3)))) + cos(((cos(x0) * (x0 - 1.7383588511456116)) + x7))) + cos((x8 - ((cos(x0) - (x0 * 0.6915965504391055)) + cos(cos(x0)))))))",0.780216,"[0.780216]",0
Running,2114701,77,67.655052379,48.81890658,18.836145799,1024,6,modular_1,single_kernel_inplace,1024,666,9,2,7,modular,0,0,3324115916,4.1594454033974815,3324115916,"[10,11,10,14,11,10,15,10,11,12,15,12,15,11,11,11,5,17,8,16,12,11,14,15,17,10,9,4,10,0,4,0,14,11,12,0,13,11,11,10,15,12,14,13,6,11,12,12,11,10,16,12,7,6,14,6,15,11,15,6,5,5,10,10,4,11,13,4,17,16,15,2,5,16,17,16,9,13,12,10,11,13,12,1,13,17,17,15,14,14,10,12,16,16,8,15,13,8,7,17,15,16,6,15,11,10,12,1,10,11,15,12,14,10,4,15,12,15,6,14,5,12,0,2,16,11,15,4,7,6,5,5,8,8,7,5,3,0,2,4,3,7,7,9,8,7,1,9,1,1,4,2,3,5,4,6,0,2,8,0,3,2,3,2,8,4,8,8,5,0,9,3,1,0,4,0,2,9,1,9,5,2,6,0,1,7,3,8,4,0,2,0,3,2,9,3,9,0,4,9,9,3,9,9,4,9,0,9,5,0,9,7,9,6,2,5,1,6,0,5,1,5,5,9,6,2,8,7,8,7,5,0,9,0,9,0,5,3,1,0,2,3,3,9,9,6,6,3,5,0,2,6,5,0,2]","[1,1,1,1,1,1,1,1,0,1,1,1,1,1,0,1,1,0,0,1,1,1,0,1,1,1,0,1,1,0,0,1,1,0,0,0,0,0,0,1,0,1,1,1,1,0,0,1,0,1,0,1,1,0,0,0,0,1,1,0,0,0,0,0,0,1,0,0,0,0,0,0,0,0,0,0,0,0,0,1,1,0,0,1,1,1,0,1,1,0,0,0,0,0,0,1,1,0,0,1,1,0,0,1,1,0,0,0,0,0,0,0,0,0,0,1,1,1,0,0,0,0,0,0,0,0,0,0,0,0,0,1,1,0,0,0,0,0,0,0,0,0,0,0,0,0,0,0,0,0,0,0,0,0,0,0,0,0,0,1,1,1,1,0,0,0,0,0,0,1,1,1,0,0,0,1,0,1,0,0,0,0,0,0,0,0,0,0,0,0,0,1,0,1,1,0,0,0,0,1,0,1,0,0,0,0,0,1,0,1,1,0,0,0,0,0,0,0,0,0,0,0,0,0,0,0,0,0,0,0,0,1,0,1,1,1,0,0,0,0,0,0,0,0,0,0,0,0,0,0,0,0,0,0,0]","[-4.93417,5.49908,-3.92796,-2.02926,0.975812,-3.83227,0.529453,2.28526,5.57647,5.22461,4.73168,-5.68828,2.19519,-2.51076,2.54951,5.77822,4.24089,2.51348,-5.78552,-0.997646,-6.06455,-5.34683,-0.225422,0.867508,2.08141,-0.507366,3.19469,-0.290063,0.945153,1.3641,-4.20957,-3.04855,-1.35778,4.02407,-5.17566,-1.80554,-3.5647,2.58094,0.182532,1.16019,2.68293,-2.92751,-1.73328,-3.77897,4.6989,-1.79034,-5.21621,4.63028,1.52949,-1.60278,3.38858,1.8616,-0.151013,-0.95242,1.343,5.9718,-2.63081,-2.62418,-3.57288,1.33077,3.69745,-0.427185,-4.00702,2.53649,1.1211,-5.64749,3.04076,5.48136,-1.44455,3.82186,-6.04523,2.22997,4.1369,-2.51305,4.8493,-1.56173,3.03673,-0.0309637,-5.4704,5.46244,2.1721,5.76003,5.7078,-5.56352,0.693807,-3.5162,4.01242,-0.675232,-3.95063,-4.84353,2.64785,-5.94032,1.8286,-3.55755,-3.66023,-1.38672,-0.508502,3.34606,-5.4102,5.93137,1.51348,-3.31548,-5.12638,4.00383,-1.04594,5.03248,-5.59332,-2.27721,2.89702,-2.77148,-2.21601,-3.53859,-2.16968,0.360238,-4.43619,4.44848,1.42936,-4.55212,2.06059,3.01794,4.52406,-3.12612,1.47676,-0.729486,-5.44991,2.65674,-4.67461,-5.78028,5.39146,-4.06917,2.86667,-4.84439,-0.521205,5.68331,5.84343,-4.97289,-1.68531,3.21968,-2.51497,-3.76252,-0.792104,-2.14887,1.50558,-4.89587,4.61996,-3.53723,1.04608,-1.4182,-3.10387,5.07545,-1.85416,2.22995,2.34583,2.37985,-5.84575,-0.818823,-2.95444,-2.63901,1.6152,1.95027,1.14949,4.69688,-5.39652,-2.03153,2.90028,2.61738,6.01215,-1.27484,1.75035,-2.9,2.08876,5.24628,0.44813,-5.87756,-3.6235,-4.27345,-3.50609,0.899904,2.80975,-4.41116,2.14446,-1.23371,-0.65766,1.20162,-4.6592,-1.9906,-5.89304,1.6794,2.04199,-3.51503,-1.6206,-4.16698,4.78819,-5.72981,2.66208,-3.47017,-0.65392,-1.40234,3.97931,2.27123,-0.986469,4.79189,0.503485,0.360683,-3.41384,5.11914,-1.61384,0.589808,1.76429,0.686475,1.73836,-4.06522,5.02648,-1.37323,-3.27386,-4.31784,-3.45485,3.95917,-0.999155,-2.93852,-5.36913,-2.74758,-1.99741,5.65869,-5.16767,5.95267,-4.97515,5.23432,3.41923,-5.38379,0.295444,0.558069,3.06252,-2.83343,0.691597,3.86871,3.43703,1.9461,0.253433,-0.0841994,3.96699,-2.15693,2.82529,5.38853,-2.16047,-0.869091,2.93556,0.786113,-5.67525,5.48382,5.89267,5.64673,-5.30819,-0.562012,1.42769]","[0,0,0,0,0,0,0,0,0,0,0,0,0,0,0,0,0,0,0,0,0,0,0,0,0,0,0,0,0,0,0,0,0,0,0,0,0,0,0,0,0,0,0,0,0,0,0,0,0,0,0,0,0,0,0,0,0,0,0,0,0,0,0,0,0,0,0,0,0,0,0,0,0,0,0,0,0,0,0,0,0,0,0,0,0,0,0,0,0,0,0,0,0,0,0,0,0,0,0,0,0,0,0,0,0,0,0,0,0,0,0,0,0,0,0,0,0,0,0,0,0,0,0,0,0,0,0,0,0,0,0,0,0,0,0,0,0,0,0,0,0,0,0,0,0,0,0,0,0,0,0,0,0,0,0,0,0,0,0,0,0,0,0,0,0,0,0,0,0,0,1,0,0,0,0,0,0,1,0,0,0,0,0,0,0,0,0,0,0,0,0,0,0,0,1,0,0,0,0,1,0,0,0,0,0,0,0,1,0,0,1,0,0,0,0,0,0,0,0,0,0,0,0,0,0,0,0,0,0,0,0,0,0,0,1,0,0,0,0,0,0,0,0,0,0,0,0,0,0,0,0,0,0,0,0]","Output
└─ 0 (V = 12, active): Op[0] (arity = 2)
       └─ 1 (V = 13, active): Op[1] (arity = 2)
              └─ 3 (V = 16, active): Op[4] (arity = 1)
                     └─ 7 (V = 12, active): Op[0] (arity = 2)
                            └─ 15 (V = 13, active): Op[1] (arity = 2)
                                   └─ 31 (V = 0, active): Input[0]
                                          └─ 63 (V = 12, inactive): Op[0] (arity = 2)
                                                 └─ 127 (V = 4, inactive): Input[4]
                                                 └─ 128 (V = 7, inactive): Input[7]
                                          └─ 64 (V = 4, inactive): Input[4]
                                                 └─ 129 (V = 6, inactive): Input[6]
                                                 └─ 130 (V = 5, inactive): Input[5]
                                   └─ 32 (V = 16, active): Op[4] (arity = 1)
                                          └─ 65 (V = 13, active): Op[1] (arity = 2)
                                                 └─ 131 (V = 5, active): Input[5]
                                                 └─ 132 (V = 8, active): Input[8]
                                          └─ 66 (V = 15, inactive): Op[3] (arity = 2)
                                                 └─ 133 (V = 8, inactive): Input[8]
                                                 └─ 134 (V = 7, inactive): Input[7]
                            └─ 16 (V = 5, active): Input[5]
                                   └─ 33 (V = 13, inactive): Op[1] (arity = 2)
                                          └─ 67 (V = 4, inactive): Input[4]
                                                 └─ 135 (V = 5, inactive): Input[5]
                                                 └─ 136 (V = 3, inactive): Input[3]
                                          └─ 68 (V = 19, inactive): Op[7] (arity = 1)
                                                 └─ 137 (V = 0, inactive): Input[0]
                                                 └─ 138 (V = 2, inactive): Input[2]
                                   └─ 34 (V = 14, inactive): Op[2] (arity = 2)
                                          └─ 69 (V = 18, inactive): Op[6] (arity = 1)
                                                 └─ 139 (V = 4, inactive): Input[4]
                                                 └─ 140 (V = 3, inactive): Input[3]
                                          └─ 70 (V = 17, inactive): Op[5] (arity = 1)
                                                 └─ 141 (V = 7, inactive): Input[7]
                                                 └─ 142 (V = 7, inactive): Input[7]
                     └─ 8 (V = 13, inactive): Op[1] (arity = 2)
                            └─ 17 (V = 19, inactive): Op[7] (arity = 1)
                                   └─ 35 (V = 0, inactive): Input[0]
                                          └─ 71 (V = 2, inactive): Input[2]
                                                 └─ 143 (V = 9, inactive): Constant[0] -> -4.89587
                                                 └─ 144 (V = 8, inactive): Input[8]
                                          └─ 72 (V = 5, inactive): Input[5]
                                                 └─ 145 (V = 7, inactive): Input[7]
                                                 └─ 146 (V = 1, inactive): Input[1]
                                   └─ 36 (V = 15, inactive): Op[3] (arity = 2)
                                          └─ 73 (V = 18, inactive): Op[6] (arity = 1)
                                                 └─ 147 (V = 9, inactive): Constant[0] -> -1.4182
                                                 └─ 148 (V = 1, inactive): Input[1]
                                          └─ 74 (V = 19, inactive): Op[7] (arity = 1)
                                                 └─ 149 (V = 1, inactive): Input[1]
                                                 └─ 150 (V = 4, inactive): Input[4]
                            └─ 18 (V = 8, inactive): Input[8]
                                   └─ 37 (V = 13, inactive): Op[1] (arity = 2)
                                          └─ 75 (V = 18, inactive): Op[6] (arity = 1)
                                                 └─ 151 (V = 2, inactive): Input[2]
                                                 └─ 152 (V = 3, inactive): Input[3]
                                          └─ 76 (V = 9, inactive): Constant[0] -> 3.03673
                                                 └─ 153 (V = 5, inactive): Input[5]
                                                 └─ 154 (V = 4, inactive): Input[4]
                                   └─ 38 (V = 13, inactive): Op[1] (arity = 2)
                                          └─ 77 (V = 15, inactive): Op[3] (arity = 2)
                                                 └─ 155 (V = 6, inactive): Input[6]
                                                 └─ 156 (V = 0, inactive): Input[0]
                                          └─ 78 (V = 14, inactive): Op[2] (arity = 2)
                                                 └─ 157 (V = 2, inactive): Input[2]
                                                 └─ 158 (V = 8, inactive): Input[8]
              └─ 4 (V = 13, active): Op[1] (arity = 2)
                     └─ 9 (V = 14, active): Op[2] (arity = 2)
                            └─ 19 (V = 18, active): Op[6] (arity = 1)
                                   └─ 39 (V = 12, active): Op[0] (arity = 2)
                                          └─ 79 (V = 12, active): Op[0] (arity = 2)
                                                 └─ 159 (V = 0, active): Input[0]
                                                 └─ 160 (V = 3, active): Input[3]
                                          └─ 80 (V = 13, active): Op[1] (arity = 2)
                                                 └─ 161 (V = 2, active): Input[2]
                                                 └─ 162 (V = 3, active): Input[3]
                                   └─ 40 (V = 17, inactive): Op[5] (arity = 1)
                                          └─ 81 (V = 15, inactive): Op[3] (arity = 2)
                                                 └─ 163 (V = 2, inactive): Input[2]
                                                 └─ 164 (V = 8, inactive): Input[8]
                                          └─ 82 (V = 14, inactive): Op[2] (arity = 2)
                                                 └─ 165 (V = 4, inactive): Input[4]
                                                 └─ 166 (V = 8, inactive): Input[8]
                            └─ 20 (V = 14, active): Op[2] (arity = 2)
                                   └─ 41 (V = 14, active): Op[2] (arity = 2)
                                          └─ 83 (V = 1, active): Input[1]
                                                 └─ 167 (V = 8, inactive): Input[8]
                                                 └─ 168 (V = 5, inactive): Input[5]
                                          └─ 84 (V = 15, active): Op[3] (arity = 2)
                                                 └─ 169 (V = 0, active): Input[0]
                                                 └─ 170 (V = 9, active): Constant[0] -> 2.08876
                                   └─ 42 (V = 16, active): Op[4] (arity = 1)
                                          └─ 85 (V = 19, active): Op[7] (arity = 1)
                                                 └─ 171 (V = 3, active): Input[3]
                                                 └─ 172 (V = 1, inactive): Input[1]
                                          └─ 86 (V = 19, inactive): Op[7] (arity = 1)
                                                 └─ 173 (V = 0, inactive): Input[0]
                                                 └─ 174 (V = 4, inactive): Input[4]
                     └─ 10 (V = 17, active): Op[5] (arity = 1)
                            └─ 21 (V = 13, active): Op[1] (arity = 2)
                                   └─ 43 (V = 15, active): Op[3] (arity = 2)
                                          └─ 87 (V = 17, active): Op[5] (arity = 1)
                                                 └─ 175 (V = 0, active): Input[0]
                                                 └─ 176 (V = 2, inactive): Input[2]
                                          └─ 88 (V = 16, active): Op[4] (arity = 1)
                                                 └─ 177 (V = 9, active): Constant[0] -> 0.899904
                                                 └─ 178 (V = 1, inactive): Input[1]
                                   └─ 44 (V = 6, active): Input[6]
                                          └─ 89 (V = 16, inactive): Op[4] (arity = 1)
                                                 └─ 179 (V = 9, inactive): Constant[0] -> -4.41116
                                                 └─ 180 (V = 5, inactive): Input[5]
                                          └─ 90 (V = 12, inactive): Op[0] (arity = 2)
                                                 └─ 181 (V = 2, inactive): Input[2]
                                                 └─ 182 (V = 6, inactive): Input[6]
                            └─ 22 (V = 16, inactive): Op[4] (arity = 1)
                                   └─ 45 (V = 13, inactive): Op[1] (arity = 2)
                                          └─ 91 (V = 14, inactive): Op[2] (arity = 2)
                                                 └─ 183 (V = 0, inactive): Input[0]
                                                 └─ 184 (V = 1, inactive): Input[1]
                                          └─ 92 (V = 18, inactive): Op[6] (arity = 1)
                                                 └─ 185 (V = 7, inactive): Input[7]
                                                 └─ 186 (V = 3, inactive): Input[3]
                                   └─ 46 (V = 14, inactive): Op[2] (arity = 2)
                                          └─ 93 (V = 18, inactive): Op[6] (arity = 1)
                                                 └─ 187 (V = 8, inactive): Input[8]
                                                 └─ 188 (V = 4, inactive): Input[4]
                                          └─ 94 (V = 8, inactive): Input[8]
                                                 └─ 189 (V = 0, inactive): Input[0]
                                                 └─ 190 (V = 2, inactive): Input[2]
       └─ 2 (V = 12, active): Op[0] (arity = 2)
              └─ 5 (V = 12, active): Op[0] (arity = 2)
                     └─ 11 (V = 14, active): Op[2] (arity = 2)
                            └─ 23 (V = 17, active): Op[5] (arity = 1)
                                   └─ 47 (V = 14, active): Op[2] (arity = 2)
                                          └─ 95 (V = 17, active): Op[5] (arity = 1)
                                                 └─ 191 (V = 0, active): Input[0]
                                                 └─ 192 (V = 3, inactive): Input[3]
                                          └─ 96 (V = 15, active): Op[3] (arity = 2)
                                                 └─ 193 (V = 2, active): Input[2]
                                                 └─ 194 (V = 9, active): Constant[0] -> 2.66208
                                   └─ 48 (V = 13, inactive): Op[1] (arity = 2)
                                          └─ 97 (V = 8, inactive): Input[8]
                                                 └─ 195 (V = 3, inactive): Input[3]
                                                 └─ 196 (V = 9, inactive): Constant[0] -> -0.65392
                                          └─ 98 (V = 7, inactive): Input[7]
                                                 └─ 197 (V = 0, inactive): Input[0]
                                                 └─ 198 (V = 4, inactive): Input[4]
                            └─ 24 (V = 19, active): Op[7] (arity = 1)
                                   └─ 49 (V = 12, active): Op[0] (arity = 2)
                                          └─ 99 (V = 19, active): Op[7] (arity = 1)
                                                 └─ 199 (V = 9, active): Constant[0] -> 2.27123
                                                 └─ 200 (V = 9, inactive): Constant[0] -> -0.986469
                                          └─ 100 (V = 17, active): Op[5] (arity = 1)
                                                 └─ 201 (V = 3, active): Input[3]
                                                 └─ 202 (V = 9, inactive): Constant[0] -> 0.503485
                                   └─ 50 (V = 18, inactive): Op[6] (arity = 1)
                                          └─ 101 (V = 18, inactive): Op[6] (arity = 1)
                                                 └─ 203 (V = 9, inactive): Constant[0] -> 0.360683
                                                 └─ 204 (V = 4, inactive): Input[4]
                                          └─ 102 (V = 6, inactive): Input[6]
                                                 └─ 205 (V = 9, inactive): Constant[0] -> 5.11914
                                                 └─ 206 (V = 0, inactive): Input[0]
                     └─ 12 (V = 17, active): Op[5] (arity = 1)
                            └─ 25 (V = 12, active): Op[0] (arity = 2)
                                   └─ 51 (V = 14, active): Op[2] (arity = 2)
                                          └─ 103 (V = 17, active): Op[5] (arity = 1)
                                                 └─ 207 (V = 9, active): Constant[0] -> 0.589808
                                                 └─ 208 (V = 5, inactive): Input[5]
                                          └─ 104 (V = 13, active): Op[1] (arity = 2)
                                                 └─ 209 (V = 0, active): Input[0]
                                                 └─ 210 (V = 9, active): Constant[0] -> 1.73836
                                   └─ 52 (V = 7, active): Input[7]
                                          └─ 105 (V = 12, inactive): Op[0] (arity = 2)
                                                 └─ 211 (V = 7, inactive): Input[7]
                                                 └─ 212 (V = 9, inactive): Constant[0] -> 5.02648
                                          └─ 106 (V = 14, inactive): Op[2] (arity = 2)
                                                 └─ 213 (V = 6, inactive): Input[6]
                                                 └─ 214 (V = 2, inactive): Input[2]
                            └─ 26 (V = 9, inactive): Constant[0] -> 3.19469
                                   └─ 53 (V = 6, inactive): Input[6]
                                          └─ 107 (V = 1, inactive): Input[1]
                                                 └─ 215 (V = 5, inactive): Input[5]
                                                 └─ 216 (V = 1, inactive): Input[1]
                                          └─ 108 (V = 12, inactive): Op[0] (arity = 2)
                                                 └─ 217 (V = 6, inactive): Input[6]
                                                 └─ 218 (V = 0, inactive): Input[0]
                                   └─ 54 (V = 16, inactive): Op[4] (arity = 1)
                                          └─ 109 (V = 13, inactive): Op[1] (arity = 2)
                                                 └─ 219 (V = 5, inactive): Input[5]
                                                 └─ 220 (V = 1, inactive): Input[1]
                                          └─ 110 (V = 17, inactive): Op[5] (arity = 1)
                                                 └─ 221 (V = 5, inactive): Input[5]
                                                 └─ 222 (V = 5, inactive): Input[5]
              └─ 6 (V = 17, active): Op[5] (arity = 1)
                     └─ 13 (V = 13, active): Op[1] (arity = 2)
                            └─ 27 (V = 4, active): Input[4]
                                   └─ 55 (V = 6, inactive): Input[6]
                                          └─ 111 (V = 14, inactive): Op[2] (arity = 2)
                                                 └─ 223 (V = 9, inactive): Constant[0] -> 5.65869
                                                 └─ 224 (V = 6, inactive): Input[6]
                                          └─ 112 (V = 16, inactive): Op[4] (arity = 1)
                                                 └─ 225 (V = 2, inactive): Input[2]
                                                 └─ 226 (V = 8, inactive): Input[8]
                                   └─ 56 (V = 17, inactive): Op[5] (arity = 1)
                                          └─ 113 (V = 12, inactive): Op[0] (arity = 2)
                                                 └─ 227 (V = 7, inactive): Input[7]
                                                 └─ 228 (V = 8, inactive): Input[8]
                                          └─ 114 (V = 4, inactive): Input[4]
                                                 └─ 229 (V = 7, inactive): Input[7]
                                                 └─ 230 (V = 5, inactive): Input[5]
                            └─ 28 (V = 12, active): Op[0] (arity = 2)
                                   └─ 57 (V = 13, active): Op[1] (arity = 2)
                                          └─ 115 (V = 17, active): Op[5] (arity = 1)
                                                 └─ 231 (V = 0, active): Input[0]
                                                 └─ 232 (V = 9, inactive): Constant[0] -> 3.06252
                                          └─ 116 (V = 14, active): Op[2] (arity = 2)
                                                 └─ 233 (V = 0, active): Input[0]
                                                 └─ 234 (V = 9, active): Constant[0] -> 0.691597
                                   └─ 58 (V = 17, active): Op[5] (arity = 1)
                                          └─ 117 (V = 17, active): Op[5] (arity = 1)
                                                 └─ 235 (V = 0, active): Input[0]
                                                 └─ 236 (V = 5, inactive): Input[5]
                                          └─ 118 (V = 6, inactive): Input[6]
                                                 └─ 237 (V = 3, inactive): Input[3]
                                                 └─ 238 (V = 1, inactive): Input[1]
                     └─ 14 (V = 13, inactive): Op[1] (arity = 2)
                            └─ 29 (V = 0, inactive): Input[0]
                                   └─ 59 (V = 6, inactive): Input[6]
                                          └─ 119 (V = 16, inactive): Op[4] (arity = 1)
                                                 └─ 239 (V = 0, inactive): Input[0]
                                                 └─ 240 (V = 2, inactive): Input[2]
                                          └─ 120 (V = 5, inactive): Input[5]
                                                 └─ 241 (V = 3, inactive): Input[3]
                                                 └─ 242 (V = 3, inactive): Input[3]
                                   └─ 60 (V = 5, inactive): Input[5]
                                          └─ 121 (V = 14, inactive): Op[2] (arity = 2)
                                                 └─ 243 (V = 9, inactive): Constant[0] -> 5.38853
                                                 └─ 244 (V = 9, inactive): Constant[0] -> -2.16047
                                          └─ 122 (V = 0, inactive): Input[0]
                                                 └─ 245 (V = 6, inactive): Input[6]
                                                 └─ 246 (V = 6, inactive): Input[6]
                            └─ 30 (V = 4, inactive): Input[4]
                                   └─ 61 (V = 5, inactive): Input[5]
                                          └─ 123 (V = 2, inactive): Input[2]
                                                 └─ 247 (V = 3, inactive): Input[3]
                                                 └─ 248 (V = 5, inactive): Input[5]
                                          └─ 124 (V = 18, inactive): Op[6] (arity = 1)
                                                 └─ 249 (V = 0, inactive): Input[0]
                                                 └─ 250 (V = 2, inactive): Input[2]
                                   └─ 62 (V = 12, inactive): Op[0] (arity = 2)
                                          └─ 125 (V = 13, inactive): Op[1] (arity = 2)
                                                 └─ 251 (V = 6, inactive): Input[6]
                                                 └─ 252 (V = 5, inactive): Input[5]
                                          └─ 126 (V = 17, inactive): Op[5] (arity = 1)
                                                 └─ 253 (V = 0, inactive): Input[0]
                                                 └─ 254 (V = 2, inactive): Input[2]
","((sin(((x0 - sin((x5 - x8))) + x5)) - ((log(((x0 + x3) + (x2 - x3))) * ((x1 * (x0 / 2.0887604574390046)) * sin(sqrt(x3)))) - cos(((cos(x0) / sin(0.899904258399066)) - x6)))) + (((cos((cos(x0) * (x2 / 2.6620836775690524))) * sqrt((sqrt(2.271230308979046) + cos(x3)))) + cos(((cos(0.5898083486358896) * (x0 - 1.7383588511456116)) + x7))) + cos((x4 - ((cos(x0) - (x0 * 0.6915965504391055)) + cos(cos(x0)))))))",0.760188,"[0.760188]",0
