generation,total_time_seconds,evaluations,mse_train,r2_train,mse_test,r2_test,size,structure,problem,run,version
0,1.14708,128,0.0283807,-0.877541,0.0282407,-0.844629,11,sqrt((x2/((exp(x6)+x3)+sqrt(log(x7))))),feynman_I_9_18,13,GP-GOMEA (original)
1,64.0907,5524,0.00953896,0.368945,0.00963393,0.37073,34,((exp(sin(sin(x0)))+sin(cos(exp(cos(x2)))))/((sqrt(sqrt(x3))+(cos(sin(x2))+log((x5*x3))))/(sqrt((x4+x0))/(sqrt(sin(x2))*x7)))),feynman_I_9_18,13,GP-GOMEA (original)
2,122.718,11289,0.00536263,0.645233,0.0054537,0.643774,28,sqrt((((((x0*x0)*(x4*x4))+log(log(x1)))/((x8+(-7.097000/x1))*((x4+x5)*(x7+x8))))*x2)),feynman_I_9_18,13,GP-GOMEA (original)
3,186.138,17476,0.00321932,0.787024,0.00325605,0.787321,43,((sqrt(sqrt((exp(x8)*(x3*x8))))+sqrt((exp((-4.879000/x8))+x0)))/((exp(((x3-x4)/x2))*(sqrt(x7)/log((x1*x0))))-(x4*(sin(log(x6))+(cos(x3)-sqrt(x8)))))),feynman_I_9_18,13,GP-GOMEA (original)
4,256.387,24273,0.00321932,0.787024,0.00325605,0.787321,43,((sqrt(sqrt((exp(x8)*(x3*x8))))+sqrt((exp((-4.879000/x8))+x0)))/((exp(((x3-x4)/x2))*(sqrt(x7)/log((x1*x0))))-(x4*(sin(log(x6))+(cos(x3)-sqrt(x8)))))),feynman_I_9_18,13,GP-GOMEA (original)
5,329.303,31507,0.0030091,0.800931,0.00304365,0.801195,46,((sqrt(sqrt((exp(x8)*(x3*x8))))+sqrt((exp((-4.879000/x8))+(sin(x8)*x8))))/((exp(((x3-x4)/x2))*(sqrt(x7)/log((x1*x0))))-(x4*(sin(log(x6))+(cos(x3)-sin(x8)))))),feynman_I_9_18,13,GP-GOMEA (original)
6,410.105,39219,0.00287927,0.809521,0.0028869,0.811433,47,((sqrt(sqrt((exp(x8)*(x3*x8))))+sqrt((exp((-4.879000/x0))+(sin(x8)*x8))))/((exp(((x3-x4)/x2))*(sqrt(x7)/log((x1*x0))))-(x4*(sin((x6+4.881000))+(cos(x3)-sin(x8)))))),feynman_I_9_18,13,GP-GOMEA (original)
7,496.533,47126,0.00282655,0.813008,0.00283518,0.814811,47,((sqrt(sqrt((exp(x8)*(x3*x8))))+sqrt((exp((-4.879000/x3))+(sin(x8)*x8))))/((exp(((x3-x4)/x2))*(sqrt(x7)/log((x1*x0))))-(x4*(sin((x6+4.881000))+(cos(x3)-sin(x8)))))),feynman_I_9_18,13,GP-GOMEA (original)
8,579.345,54626,0.0026232,0.826461,0.00262456,0.828569,47,((sqrt(sqrt((exp(x8)*(x3*x6))))+sqrt((exp((-4.879000+x3))+(sin(x8)*x8))))/((exp(((x3-x4)/x2))*(sqrt(x7)/log((x1*x0))))-(x4*(sin((x6+4.881000))+(cos(x3)-sin(x1)))))),feynman_I_9_18,13,GP-GOMEA (original)
9,669.21,62731,0.0026232,0.826461,0.00262456,0.828569,47,((sqrt(sqrt((exp(x8)*(x3*x6))))+sqrt((exp((-4.879000+x3))+(sin(x8)*x8))))/((exp(((x3-x4)/x2))*(sqrt(x7)/log((x1*x0))))-(x4*(sin((x6+4.881000))+(cos(x3)-sin(x1)))))),feynman_I_9_18,13,GP-GOMEA (original)
9,764.604,71431,0.0151208,-0.000325254,0.0153262,-0.00107869,1,0.283000,feynman_I_9_18,13,GP-GOMEA (original)
10,875.553,81756,0.0151208,-0.000325254,0.0153262,-0.00107869,1,0.283000,feynman_I_9_18,13,GP-GOMEA (original)
11,965.22,89656,0.0151208,-0.000325254,0.0153262,-0.00107869,1,0.283000,feynman_I_9_18,13,GP-GOMEA (original)
12,1059.97,97954,0.0151208,-0.000325254,0.0153262,-0.00107869,1,0.283000,feynman_I_9_18,13,GP-GOMEA (original)
13,1162.2,106698,0.0151208,-0.000325254,0.0153262,-0.00107869,1,0.283000,feynman_I_9_18,13,GP-GOMEA (original)
14,1268.41,115694,0.0151208,-0.000325254,0.0153262,-0.00107869,1,0.283000,feynman_I_9_18,13,GP-GOMEA (original)
15,1373.26,124502,0.00220902,0.853861,0.00222727,0.854519,49,((sqrt(sqrt((exp(x8)*(x3*x6))))+((exp((-4.879000+x3))+(sin(x6)*x8))+sin(x7)))/((exp(((x3-x4)/x2))*(sqrt(x7)/log((x1*x0))))-(x4*(sin((x6+4.881000))+(cos(x3)-sin(x1)))))),feynman_I_9_18,13,GP-GOMEA (original)
16,1482.04,133364,0.00219064,0.855077,0.00221802,0.855123,49,((sqrt(sqrt((exp(x8)*(x3*x6))))+((exp((-4.879000/x3))+(sin(x6)*x8))+sin(x7)))/((exp(((x3-x4)/x2))*(sqrt(x7)/log((x1*x0))))-(x4*(sin((x6+4.881000))+(cos(x3)-sin(x1)))))),feynman_I_9_18,13,GP-GOMEA (original)
17,1591.1,142019,0.00172197,0.886082,0.001832,0.880337,35,((((((x1*x0)*x8)*((x1/x7)+sqrt(x4)))/(sqrt(x8)*((0.888000+x5)*(x7+x1))))*x2)*cos((log(log(x3))/cos(sqrt(log(x5)))))),feynman_I_9_18,13,GP-GOMEA (original)
18,1693.02,150414,0.00147091,0.902691,0.0015151,0.901037,35,((((((x1*x0)*x8)*((x6/x7)+sqrt(x4)))/(sqrt(x8)*((0.888000+x5)*(x7+x1))))*x2)*cos((log(log(x3))/cos(sqrt(log(x5)))))),feynman_I_9_18,13,GP-GOMEA (original)
19,1792.82,158807,0.00124404,0.9177,0.00126755,0.917206,35,((((((x1*x0)*x8)*((x6/x7)+sqrt(x4)))/(sqrt(x8)*((0.888000+x5)*(x7+x1))))*x2)*cos((log(log(x3))/cos(sin(log(x5)))))),feynman_I_9_18,13,GP-GOMEA (original)
19,1889.05,166979,0.00123865,0.918057,0.00123419,0.919385,35,((((((x1*x0)*x8)*((x6/x7)+sqrt(x4)))/(sqrt(x8)*((0.888000+x5)*(x7+x1))))*x2)*sqrt((cos(log(x3))+cos(sin(log(x7)))))),feynman_I_9_18,13,GP-GOMEA (original)
20,1992.69,177832,0.00123865,0.918057,0.00123419,0.919385,35,((((((x1*x0)*x8)*((x6/x7)+sqrt(x4)))/(sqrt(x8)*((0.888000+x5)*(x7+x1))))*x2)*sqrt((cos(log(x3))+cos(sin(log(x7)))))),feynman_I_9_18,13,GP-GOMEA (original)
21,2090.22,185967,0.00123865,0.918057,0.00123419,0.919385,35,((((((x1*x0)*x8)*((x6/x7)+sqrt(x4)))/(sqrt(x8)*((0.888000+x5)*(x7+x1))))*x2)*sqrt((cos(log(x3))+cos(sin(log(x7)))))),feynman_I_9_18,13,GP-GOMEA (original)
22,2187.85,194017,0.00105001,0.930536,0.00106647,0.93034,44,((((((x1*x0)*x8)*((x6/x7)+sqrt(x4)))/(sqrt(x8)*((0.888000+x5)*(x7+x1))))*x2)*((cos(log(x3))+cos(sin(log(x7))))*exp((sqrt(sqrt(x2))*log((x1/x3)))))),feynman_I_9_18,13,GP-GOMEA (original)
23,2283.47,201803,0.000992096,0.934367,0.00100988,0.934037,45,((((((x1*x0)*x8)*((x6/x7)+sqrt(x4)))/(sqrt(x8)*((0.888000+x5)*(x7+x1))))*x2)*((cos(log(x3))+cos(sin(log(x5))))*exp((sqrt((x5+x1))*log((x1/x3)))))),feynman_I_9_18,13,GP-GOMEA (original)
24,2378.01,209320,0.000992096,0.934367,0.00100988,0.934037,45,((((((x1*x0)*x8)*((x6/x7)+sqrt(x4)))/(sqrt(x8)*((0.888000+x5)*(x7+x1))))*x2)*((cos(log(x3))+cos(sin(log(x5))))*exp((sqrt((x5+x1))*log((x1/x3)))))),feynman_I_9_18,13,GP-GOMEA (original)
25,2478.04,217288,0.000831778,0.944973,0.000853011,0.944283,42,((((((x1*x0)*x8)*((x6/x7)+sqrt(x4)))/(sqrt(x8)*((0.888000+x5)*(x7+x1))))*x2)*sqrt((cos(log(x3))+(sin(log(x7))/((1.474000+x3)/(x1+x4)))))),feynman_I_9_18,13,GP-GOMEA (original)
26,2579.36,225137,0.000739181,0.951099,0.000760823,0.950304,41,((((((x1*x0)*x8)*((x6/x7)+sqrt(x4)))/(sqrt(x8)*((0.888000+x5)*(x7+x1))))*x2)*sqrt((cos(log(x3))+(sin(x0)/((1.474000*x3)/(x1+x4)))))),feynman_I_9_18,13,GP-GOMEA (original)
27,2685.27,233261,0.000739181,0.951099,0.000760823,0.950304,41,((((((x1*x0)*x8)*((x6/x7)+sqrt(x4)))/(sqrt(x8)*((0.888000+x5)*(x7+x1))))*x2)*sqrt((cos(log(x3))+(sin(x0)/((1.474000*x3)/(x1+x4)))))),feynman_I_9_18,13,GP-GOMEA (original)
28,2784.82,240917,0.000739181,0.951099,0.000760823,0.950304,41,((((((x1*x0)*x8)*((x6/x7)+sqrt(x4)))/(sqrt(x8)*((0.888000+x5)*(x7+x1))))*x2)*sqrt((cos(log(x3))+(sin(x0)/((1.474000*x3)/(x1+x4)))))),feynman_I_9_18,13,GP-GOMEA (original)
29,2886.0,248613,0.000739181,0.951099,0.000760823,0.950304,41,((((((x1*x0)*x8)*((x6/x7)+sqrt(x4)))/(sqrt(x8)*((0.888000+x5)*(x7+x1))))*x2)*sqrt((cos(log(x3))+(sin(x0)/((1.474000*x3)/(x1+x4)))))),feynman_I_9_18,13,GP-GOMEA (original)
29,2985.72,256303,0.000739181,0.951099,0.000760823,0.950304,41,((((((x1*x0)*x8)*((x6/x7)+sqrt(x4)))/(sqrt(x8)*((0.888000+x5)*(x7+x1))))*x2)*sqrt((cos(log(x3))+(sin(x0)/((1.474000*x3)/(x1+x4)))))),feynman_I_9_18,13,GP-GOMEA (original)
30,3089.39,266600,0.000739181,0.951099,0.000760823,0.950304,41,((((((x1*x0)*x8)*((x6/x7)+sqrt(x4)))/(sqrt(x8)*((0.888000+x5)*(x7+x1))))*x2)*sqrt((cos(log(x3))+(sin(x0)/((1.474000*x3)/(x1+x4)))))),feynman_I_9_18,13,GP-GOMEA (original)
31,3191.48,274444,0.000739181,0.951099,0.000760823,0.950304,41,((((((x1*x0)*x8)*((x6/x7)+sqrt(x4)))/(sqrt(x8)*((0.888000+x5)*(x7+x1))))*x2)*sqrt((cos(log(x3))+(sin(x0)/((1.474000*x3)/(x1+x4)))))),feynman_I_9_18,13,GP-GOMEA (original)
32,3295.44,282399,0.000739181,0.951099,0.000760823,0.950304,41,((((((x1*x0)*x8)*((x6/x7)+sqrt(x4)))/(sqrt(x8)*((0.888000+x5)*(x7+x1))))*x2)*sqrt((cos(log(x3))+(sin(x0)/((1.474000*x3)/(x1+x4)))))),feynman_I_9_18,13,GP-GOMEA (original)
33,3396.75,290111,0.000739181,0.951099,0.000760823,0.950304,41,((((((x1*x0)*x8)*((x6/x7)+sqrt(x4)))/(sqrt(x8)*((0.888000+x5)*(x7+x1))))*x2)*sqrt((cos(log(x3))+(sin(x0)/((1.474000*x3)/(x1+x4)))))),feynman_I_9_18,13,GP-GOMEA (original)
34,3496.1,297665,0.000739181,0.951099,0.000760823,0.950304,41,((((((x1*x0)*x8)*((x6/x7)+sqrt(x4)))/(sqrt(x8)*((0.888000+x5)*(x7+x1))))*x2)*sqrt((cos(log(x3))+(sin(x0)/((1.474000*x3)/(x1+x4)))))),feynman_I_9_18,13,GP-GOMEA (original)
35,3597.13,305391,0.000739181,0.951099,0.000760823,0.950304,41,((((((x1*x0)*x8)*((x6/x7)+sqrt(x4)))/(sqrt(x8)*((0.888000+x5)*(x7+x1))))*x2)*sqrt((cos(log(x3))+(sin(x0)/((1.474000*x3)/(x1+x4)))))),feynman_I_9_18,13,GP-GOMEA (original)
0,1.01219,128,0.0169411,-0.120748,0.01661,-0.117278,16,sqrt(exp(((cos((x0-x7))+log(cos(x6)))-exp(exp((x8-x8)))))),feynman_I_9_18,25,GP-GOMEA (original)
1,65.2633,5869,0.00497962,0.67057,0.0047873,0.677979,28,(cos(exp(sin(sin(sqrt(x3)))))/(sqrt(exp((cos(x0)+sin(x2))))/sin((((x1*x2)*cos(x7))/(log(x5)*sqrt(x3)))))),feynman_I_9_18,25,GP-GOMEA (original)
2,119.177,11183,0.0042738,0.717265,0.00420844,0.716917,32,(cos(exp(sin(sin(sqrt(x4)))))/(sqrt(exp((cos(x0)+sin(x2))))/((((x1*x2)*cos(x7))/(log(x5)*sqrt(x3)))-log(exp(cos(x3)))))),feynman_I_9_18,25,GP-GOMEA (original)
3,177.471,16816,0.0042738,0.717265,0.00420844,0.716917,32,(cos(exp(sin(sin(sqrt(x4)))))/(sqrt(exp((cos(x0)+sin(x2))))/((((x1*x2)*cos(x7))/(log(x5)*sqrt(x3)))-log(exp(cos(x3)))))),feynman_I_9_18,25,GP-GOMEA (original)
4,233.799,22367,0.0042738,0.717265,0.00420844,0.716917,32,(cos(exp(sin(sin(sqrt(x4)))))/(sqrt(exp((cos(x0)+sin(x2))))/((((x1*x2)*cos(x7))/(log(x5)*sqrt(x3)))-log(exp(cos(x3)))))),feynman_I_9_18,25,GP-GOMEA (original)
5,294.469,28366,0.00341239,0.774252,0.00334879,0.774742,33,(cos(exp(sin(sin(sqrt(x4)))))/(sqrt(exp(exp(cos(x0))))/((((x1*x2)*cos(x7))/(log(x5)*sqrt(x3)))-log((sin(x2)/(x5/x4)))))),feynman_I_9_18,25,GP-GOMEA (original)
6,369.712,35724,0.00341239,0.774252,0.00334879,0.774742,33,(cos(exp(sin(sin(sqrt(x4)))))/(sqrt(exp(exp(cos(x0))))/((((x1*x2)*cos(x7))/(log(x5)*sqrt(x3)))-log((sin(x2)/(x5/x4)))))),feynman_I_9_18,25,GP-GOMEA (original)
7,450.169,43475,0.00341239,0.774252,0.00334879,0.774742,33,(cos(exp(sin(sin(sqrt(x4)))))/(sqrt(exp(exp(cos(x0))))/((((x1*x2)*cos(x7))/(log(x5)*sqrt(x3)))-log((sin(x2)/(x5/x4)))))),feynman_I_9_18,25,GP-GOMEA (original)
8,538.02,51524,0.00288464,0.809165,0.00266067,0.821028,27,(log(exp(((log(x2)*(x4+x6))+exp(log(x8)))))*exp((((x0-x3)-(log(x7)+x5))/exp(sqrt(sqrt(x1)))))),feynman_I_9_18,25,GP-GOMEA (original)
9,631.779,59804,0.00288464,0.809165,0.00266067,0.821028,27,(log(exp(((log(x2)*(x4+x6))+exp(log(x8)))))*exp((((x0-x3)-(log(x7)+x5))/exp(sqrt(sqrt(x1)))))),feynman_I_9_18,25,GP-GOMEA (original)
9,733.96,68597,0.0175886,-0.163582,0.0172029,-0.157166,18,cos(sqrt(((log(sin(x4))*sin((x4+x8)))+(cos(cos(5.443000))+sqrt(sin(x0)))))),feynman_I_9_18,25,GP-GOMEA (original)
10,857.109,79402,0.0175886,-0.163582,0.0172029,-0.157166,18,cos(sqrt(((log(sin(x4))*sin((x4+x8)))+(cos(cos(5.443000))+sqrt(sin(x0)))))),feynman_I_9_18,25,GP-GOMEA (original)
11,960.623,87826,0.0175886,-0.163582,0.0172029,-0.157166,18,cos(sqrt(((log(sin(x4))*sin((x4+x8)))+(cos(cos(5.443000))+sqrt(sin(x0)))))),feynman_I_9_18,25,GP-GOMEA (original)
12,1069.54,95711,0.0175886,-0.163582,0.0172029,-0.157166,18,cos(sqrt(((log(sin(x4))*sin((x4+x8)))+(cos(cos(5.443000))+sqrt(sin(x0)))))),feynman_I_9_18,25,GP-GOMEA (original)
13,1182.34,103550,0.0175886,-0.163582,0.0172029,-0.157166,18,cos(sqrt(((log(sin(x4))*sin((x4+x8)))+(cos(cos(5.443000))+sqrt(sin(x0)))))),feynman_I_9_18,25,GP-GOMEA (original)
14,1294.98,111150,0.0175886,-0.163582,0.0172029,-0.157166,18,cos(sqrt(((log(sin(x4))*sin((x4+x8)))+(cos(cos(5.443000))+sqrt(sin(x0)))))),feynman_I_9_18,25,GP-GOMEA (original)
15,1406.15,118596,0.0175886,-0.163582,0.0172029,-0.157166,18,cos(sqrt(((log(sin(x4))*sin((x4+x8)))+(cos(cos(5.443000))+sqrt(sin(x0)))))),feynman_I_9_18,25,GP-GOMEA (original)
16,1523.73,126358,0.0175886,-0.163582,0.0172029,-0.157166,18,cos(sqrt(((log(sin(x4))*sin((x4+x8)))+(cos(cos(5.443000))+sqrt(sin(x0)))))),feynman_I_9_18,25,GP-GOMEA (original)
17,1643.85,134076,0.00259896,0.828065,0.00246506,0.834186,29,exp(((sqrt(((x2+x1)-(x3-x4)))-exp((log(x6)*(x3/-17.195000))))-(log((x5/sqrt(x8)))+sin(log((11.744000*x0)))))),feynman_I_9_18,25,GP-GOMEA (original)
18,1769.31,141920,0.00259896,0.828065,0.00246506,0.834186,29,exp(((sqrt(((x4+x2)-(x3-x1)))-exp((log(x6)*(x3/-17.195000))))-(log((x5/sqrt(x8)))+sin(log((11.744000*x0)))))),feynman_I_9_18,25,GP-GOMEA (original)
19,1892.32,149400,0.00259896,0.828065,0.00246506,0.834186,29,exp(((sqrt(((x4+x2)-(x3-x1)))-exp((log(x6)*(x3/-17.195000))))-(log((x5/sqrt(x8)))+sin(log((11.744000*x0)))))),feynman_I_9_18,25,GP-GOMEA (original)
19,2016.36,156889,0.00259896,0.828065,0.00246506,0.834186,29,exp(((sqrt(((x4+x2)-(x3-x1)))-exp((log(x6)*(x3/-17.195000))))-(log((x5/sqrt(x8)))+sin(log((11.744000*x0)))))),feynman_I_9_18,25,GP-GOMEA (original)
20,2120.78,167487,0.00259896,0.828065,0.00246506,0.834186,29,exp(((sqrt(((x4+x2)-(x3-x1)))-exp((log(x6)*(x3/-17.195000))))-(log((x5/sqrt(x8)))+sin(log((11.744000*x0)))))),feynman_I_9_18,25,GP-GOMEA (original)
21,2247.04,174977,0.00259896,0.828065,0.00246506,0.834186,29,exp(((sqrt(((x4+x2)-(x3-x1)))-exp((log(x6)*(x3/-17.195000))))-(log((x5/sqrt(x8)))+sin(log((11.744000*x0)))))),feynman_I_9_18,25,GP-GOMEA (original)
22,2381.99,182818,0.00240618,0.840818,0.00229271,0.845779,33,exp(((sqrt(((x4+x2)-(x3-x1)))-(cos(log(x6))+((x1-x7)*(x8-x8))))-(log((x5/sqrt(x8)))+sin(log((11.744000*x0)))))),feynman_I_9_18,25,GP-GOMEA (original)
23,2515.63,190277,0.00239526,0.841541,0.00229699,0.845492,38,(cos(exp(sin(sin(sqrt(x4)))))/(sqrt(exp(exp(cos(x0))))/((((x1*x2)*cos(x7))/(log(x5)*sqrt(x3)))-(sin((x7/1.603000))*((x2/x8)/(x8*-7.811000)))))),feynman_I_9_18,25,GP-GOMEA (original)
24,2641.63,197421,0.00239526,0.841541,0.00229699,0.845492,38,(cos(exp(sin(sin(sqrt(x4)))))/(sqrt(exp(exp(cos(x0))))/((((x1*x2)*cos(x7))/(log(x5)*sqrt(x3)))-(sin((x7/1.603000))*((x2/x8)/(x8*-7.811000)))))),feynman_I_9_18,25,GP-GOMEA (original)
25,2770.38,204697,0.00215963,0.857129,0.00209759,0.858904,39,(cos(exp(sin(sin(sqrt(x4)))))/(sqrt(exp(exp(cos(x0))))/((((x1*x2)*cos(x7))/(log(x5)*sqrt(x3)))-(((x7/1.603000)-x6)*((x2/x8)/(x8*-7.811000)))))),feynman_I_9_18,25,GP-GOMEA (original)
26,2895.56,211771,0.00208143,0.862302,0.00202028,0.864104,39,(cos(exp(sin(sin(sqrt(x4)))))/(sqrt(exp(exp(cos(x0))))/((((x1*x2)*cos(x7))/(log(x5)*sqrt(x3)))-(((x7/x0)-x6)*((x2/x8)/(x8*-7.811000)))))),feynman_I_9_18,25,GP-GOMEA (original)
27,3018.98,218687,0.00208143,0.862302,0.00202028,0.864104,39,(cos(exp(sin(sin(sqrt(x4)))))/(sqrt(exp(exp(cos(x0))))/((((x1*x2)*cos(x7))/(log(x5)*sqrt(x3)))-(((x7/x0)-x6)*((x2/x8)/(x8*-7.811000)))))),feynman_I_9_18,25,GP-GOMEA (original)
28,3133.48,225218,0.00208143,0.862302,0.00202028,0.864104,39,(cos(exp(sin(sin(sqrt(x4)))))/(sqrt(exp(exp(cos(x0))))/((((x1*x2)*cos(x7))/(log(x5)*sqrt(x3)))-(((x7/x0)-x6)*((x2/x8)/(x8*-7.811000)))))),feynman_I_9_18,25,GP-GOMEA (original)
29,3251.24,231835,0.00208143,0.862302,0.00202028,0.864104,39,(cos(exp(sin(sin(sqrt(x4)))))/(sqrt(exp(exp(cos(x0))))/((((x1*x2)*cos(x7))/(log(x5)*sqrt(x3)))-(((x7/x0)-x6)*((x2/x8)/(x8*-7.811000)))))),feynman_I_9_18,25,GP-GOMEA (original)
29,3366.73,238321,0.00208143,0.862302,0.00202028,0.864104,39,(cos(exp(sin(sin(sqrt(x4)))))/(sqrt(exp(exp(cos(x0))))/((((x1*x2)*cos(x7))/(log(x5)*sqrt(x3)))-(((x7/x0)-x6)*((x2/x8)/(x8*-7.811000)))))),feynman_I_9_18,25,GP-GOMEA (original)
30,3474.09,249630,0.00208143,0.862302,0.00202028,0.864104,39,(cos(exp(sin(sin(sqrt(x4)))))/(sqrt(exp(exp(cos(x0))))/((((x1*x2)*cos(x7))/(log(x5)*sqrt(x3)))-(((x7/x0)-x6)*((x2/x8)/(x8*-7.811000)))))),feynman_I_9_18,25,GP-GOMEA (original)
31,3581.65,255927,0.00208143,0.862302,0.00202028,0.864104,39,(cos(exp(sin(sin(sqrt(x4)))))/(sqrt(exp(exp(cos(x0))))/((((x1*x2)*cos(x7))/(log(x5)*sqrt(x3)))-(((x7/x0)-x6)*((x2/x8)/(x8*-7.811000)))))),feynman_I_9_18,25,GP-GOMEA (original)
0,1.3272,128,0.042568,-1.81611,0.0419273,-1.88329,2,log(x0),feynman_I_9_18,0,GP-GOMEA (original)
1,68.0043,5911,0.0111653,0.261354,0.0105194,0.276593,32,((exp(cos((x6/(x2*x0))))+(((sin(x1)+x0)+log(log(x8)))*(sqrt(7.001000)/x7)))/(14.496000+sin(exp((exp(x6)/(6.382000-x1)))))),feynman_I_9_18,0,GP-GOMEA (original)
2,119.235,11437,0.00989012,0.345714,0.00945814,0.349574,33,((exp(cos((x6/(x2*x0))))+(((sin(x1)+x0)+log((x2*x4)))*(sqrt(7.001000)/x7)))/(14.496000+sin(exp((exp(x6)/(6.382000-x1)))))),feynman_I_9_18,0,GP-GOMEA (original)
3,176.518,17391,0.00543277,0.640592,0.00524668,0.639192,34,((((log(sin(x6))*(sqrt(x3)+exp(x8)))*sin(sqrt((x7*x3))))+(x0/x3))*sqrt((exp((log(x4)*x2))/((x5+(x3/x2))/x1)))),feynman_I_9_18,0,GP-GOMEA (original)
4,242.919,24204,0.00419243,0.722648,0.00397604,0.726572,33,((exp(cos(((x5-x4)/(x2*x0))))*(((x1+x0)+log(sqrt(x2)))*(sqrt(7.001000)/x7)))/(14.496000+sin(exp((exp(x6)/(6.382000-x6)))))),feynman_I_9_18,0,GP-GOMEA (original)
5,319.729,32062,0.00318096,0.789562,0.00294906,0.797196,35,((exp(cos(((x5-x1)/(x2*x0))))*(((sin(x1)+x6)+log((x1*x4)))*(sqrt(7.001000)/x7)))/(14.496000+sin(exp((exp(x8)/(6.382000-x4)))))),feynman_I_9_18,0,GP-GOMEA (original)
6,399.812,39699,0.00318096,0.789562,0.00294906,0.797196,35,((exp(cos(((x5-x1)/(x2*x0))))*(((sin(x1)+x6)+log((x1*x4)))*(sqrt(7.001000)/x7)))/(14.496000+sin(exp((exp(x8)/(6.382000-x4)))))),feynman_I_9_18,0,GP-GOMEA (original)
7,477.936,47301,0.00318096,0.789562,0.00294906,0.797196,35,((exp(cos(((x5-x1)/(x2*x0))))*(((sin(x1)+x6)+log((x1*x4)))*(sqrt(7.001000)/x7)))/(14.496000+sin(exp((exp(x8)/(6.382000-x4)))))),feynman_I_9_18,0,GP-GOMEA (original)
8,562.481,55195,0.00314738,0.791783,0.00291953,0.799227,35,((exp(cos(((x5-x1)/(x2*x0))))*(((sin(x1)+x6)+log((x1*x4)))*(sqrt(7.001000)/x7)))/(14.496000+sin(exp((exp(x8)/(6.382000-x2)))))),feynman_I_9_18,0,GP-GOMEA (original)
9,649.872,63130,0.00309794,0.795054,0.00287013,0.802625,35,((exp(cos(((x5-x1)/(x2*x0))))*(((sin(x8)+x6)+log((x1*x4)))*(sqrt(7.001000)/x7)))/(14.496000+sin(exp((exp(x8)/(6.382000-x2)))))),feynman_I_9_18,0,GP-GOMEA (original)
9,745.07,71733,0.0176765,-0.169396,0.0173949,-0.196225,3,cos(log(x5)),feynman_I_9_18,0,GP-GOMEA (original)
10,865.732,81950,0.0176765,-0.169396,0.0173949,-0.196225,3,cos(log(x5)),feynman_I_9_18,0,GP-GOMEA (original)
11,968.38,90860,0.00154096,0.898057,0.00138964,0.904436,40,((exp(cos(((x5-x1)/(x2*x0))))*(((log(x8)+x6)+((x1*x4)/(x3-x0)))*(sqrt(7.001000)/x7)))/(14.496000+sin(((cos(x8)*x5)/(sqrt(x7)+x2))))),feynman_I_9_18,0,GP-GOMEA (original)
12,1072.36,99450,0.00127955,0.915351,0.00114406,0.921324,40,((exp(cos(((x5-x1)/(x2*x0))))*(((log(x8)+x6)+((x1*x4)/(x3-x0)))*(sqrt(7.001000)/x7)))/(14.496000+sin(((cos(x2)*x5)/(cos(x6)+x2))))),feynman_I_9_18,0,GP-GOMEA (original)
13,1189.21,108598,0.00123065,0.918586,0.00109821,0.924477,42,((exp(cos(((x5-x1)/(x2*x0))))*(((log(x8)+x6)+((x1*x4)/(x3-x0)))*(sqrt(7.001000)/x7)))/(14.496000+sin(((cos(x2)*(6.382000-x2))/log((x7*x2)))))),feynman_I_9_18,0,GP-GOMEA (original)
14,1311.61,117794,0.00121423,0.919672,0.00108766,0.925203,40,((exp(cos(((x5-x1)/(x2*x0))))*(((log(x8)+x6)+((x1*x4)/(x3-x0)))*(sqrt(7.001000)/x7)))/(14.496000+sin(((cos(x2)*x5)/cos((x7-x5)))))),feynman_I_9_18,0,GP-GOMEA (original)
15,1423.67,126056,0.00119658,0.920839,0.00107861,0.925825,39,((exp(cos(((x5-x1)/(x2*x0))))*(((log(x8)+x6)+((x1*x4)/(x3-x0)))*(sqrt(7.001000)/x7)))/(14.496000+sin(((cos(x2)*x5)/exp(cos(x1)))))),feynman_I_9_18,0,GP-GOMEA (original)
16,1535.38,134212,0.00119658,0.920839,0.00107861,0.925825,39,((exp(cos(((x5-x1)/(x2*x0))))*(((log(x8)+x6)+((x1*x4)/(x3-x0)))*(sqrt(7.001000)/x7)))/(14.496000+sin(((cos(x2)*x5)/exp(cos(x1)))))),feynman_I_9_18,0,GP-GOMEA (original)
17,1639.55,141866,0.00119658,0.920839,0.00107861,0.925825,39,((exp(cos(((x5-x1)/(x2*x0))))*(((log(x8)+x6)+((x1*x4)/(x3-x0)))*(sqrt(7.001000)/x7)))/(14.496000+sin(((cos(x2)*x5)/exp(cos(x1)))))),feynman_I_9_18,0,GP-GOMEA (original)
18,1745.38,149737,0.00119658,0.920839,0.00107861,0.925825,39,((exp(cos(((x5-x1)/(x2*x0))))*(((log(x8)+x6)+((x1*x4)/(x3-x0)))*(sqrt(7.001000)/x7)))/(14.496000+sin(((cos(x2)*x5)/exp(cos(x1)))))),feynman_I_9_18,0,GP-GOMEA (original)
19,1848.34,157484,0.00119658,0.920839,0.00107861,0.925825,39,((exp(cos(((x5-x1)/(x2*x0))))*(((log(x8)+x6)+((x1*x4)/(x3-x0)))*(sqrt(7.001000)/x7)))/(14.496000+sin(((cos(x2)*x5)/exp(cos(x1)))))),feynman_I_9_18,0,GP-GOMEA (original)
19,1947.92,164866,0.0011821,0.921797,0.00105956,0.927135,41,((exp(cos(((x5-x1)/(x2*x0))))*(((log(x8)+x6)+((x1*x4)/(x3-x0)))*(sqrt(7.001000)/x7)))/(14.496000+sin(((cos(x2)*(6.382000-x5))/exp(cos(x1)))))),feynman_I_9_18,0,GP-GOMEA (original)
20,2056.28,176269,0.0011821,0.921797,0.00105956,0.927135,41,((exp(cos(((x5-x1)/(x2*x0))))*(((log(x8)+x6)+((x1*x4)/(x3-x0)))*(sqrt(7.001000)/x7)))/(14.496000+sin(((cos(x2)*(6.382000-x5))/exp(cos(x1)))))),feynman_I_9_18,0,GP-GOMEA (original)
21,2156.91,183672,0.0011821,0.921797,0.00105956,0.927135,41,((exp(cos(((x5-x1)/(x2*x0))))*(((log(x8)+x6)+((x1*x4)/(x3-x0)))*(sqrt(7.001000)/x7)))/(14.496000+sin(((cos(x2)*(6.382000-x5))/exp(cos(x1)))))),feynman_I_9_18,0,GP-GOMEA (original)
22,2261.78,191194,0.0011821,0.921797,0.00105956,0.927135,41,((exp(cos(((x5-x1)/(x2*x0))))*(((log(x8)+x6)+((x1*x4)/(x3-x0)))*(sqrt(7.001000)/x7)))/(14.496000+sin(((cos(x2)*(6.382000-x5))/exp(cos(x1)))))),feynman_I_9_18,0,GP-GOMEA (original)
23,2361.86,198240,0.0011821,0.921797,0.00105956,0.927135,41,((exp(cos(((x5-x1)/(x2*x0))))*(((log(x8)+x6)+((x1*x4)/(x3-x0)))*(sqrt(7.001000)/x7)))/(14.496000+sin(((cos(x2)*(6.382000-x5))/exp(cos(x1)))))),feynman_I_9_18,0,GP-GOMEA (original)
24,2460.14,205289,0.0011821,0.921797,0.00105956,0.927135,41,((exp(cos(((x5-x1)/(x2*x0))))*(((log(x8)+x6)+((x1*x4)/(x3-x0)))*(sqrt(7.001000)/x7)))/(14.496000+sin(((cos(x2)*(6.382000-x5))/exp(cos(x1)))))),feynman_I_9_18,0,GP-GOMEA (original)
25,2551.35,211700,0.0011821,0.921797,0.00105956,0.927135,41,((exp(cos(((x5-x1)/(x2*x0))))*(((log(x8)+x6)+((x1*x4)/(x3-x0)))*(sqrt(7.001000)/x7)))/(14.496000+sin(((cos(x2)*(6.382000-x5))/exp(cos(x1)))))),feynman_I_9_18,0,GP-GOMEA (original)
26,2640.66,218062,0.0011821,0.921797,0.00105956,0.927135,41,((exp(cos(((x5-x1)/(x2*x0))))*(((log(x8)+x6)+((x1*x4)/(x3-x0)))*(sqrt(7.001000)/x7)))/(14.496000+sin(((cos(x2)*(6.382000-x5))/exp(cos(x1)))))),feynman_I_9_18,0,GP-GOMEA (original)
27,2732.79,224531,0.0011821,0.921797,0.00105956,0.927135,41,((exp(cos(((x5-x1)/(x2*x0))))*(((log(x8)+x6)+((x1*x4)/(x3-x0)))*(sqrt(7.001000)/x7)))/(14.496000+sin(((cos(x2)*(6.382000-x5))/exp(cos(x1)))))),feynman_I_9_18,0,GP-GOMEA (original)
28,2822.1,230812,0.0011821,0.921797,0.00105956,0.927135,41,((exp(cos(((x5-x1)/(x2*x0))))*(((log(x8)+x6)+((x1*x4)/(x3-x0)))*(sqrt(7.001000)/x7)))/(14.496000+sin(((cos(x2)*(6.382000-x5))/exp(cos(x1)))))),feynman_I_9_18,0,GP-GOMEA (original)
29,2912.65,237093,0.0011821,0.921797,0.00105956,0.927135,41,((exp(cos(((x5-x1)/(x2*x0))))*(((log(x8)+x6)+((x1*x4)/(x3-x0)))*(sqrt(7.001000)/x7)))/(14.496000+sin(((cos(x2)*(6.382000-x5))/exp(cos(x1)))))),feynman_I_9_18,0,GP-GOMEA (original)
29,3009.75,243720,0.0011821,0.921797,0.00105956,0.927135,41,((exp(cos(((x5-x1)/(x2*x0))))*(((log(x8)+x6)+((x1*x4)/(x3-x0)))*(sqrt(7.001000)/x7)))/(14.496000+sin(((cos(x2)*(6.382000-x5))/exp(cos(x1)))))),feynman_I_9_18,0,GP-GOMEA (original)
30,3120.03,255092,0.0011821,0.921797,0.00105956,0.927135,41,((exp(cos(((x5-x1)/(x2*x0))))*(((log(x8)+x6)+((x1*x4)/(x3-x0)))*(sqrt(7.001000)/x7)))/(14.496000+sin(((cos(x2)*(6.382000-x5))/exp(cos(x1)))))),feynman_I_9_18,0,GP-GOMEA (original)
31,3217.57,261708,0.0011821,0.921797,0.00105956,0.927135,41,((exp(cos(((x5-x1)/(x2*x0))))*(((log(x8)+x6)+((x1*x4)/(x3-x0)))*(sqrt(7.001000)/x7)))/(14.496000+sin(((cos(x2)*(6.382000-x5))/exp(cos(x1)))))),feynman_I_9_18,0,GP-GOMEA (original)
32,3305.18,267579,0.0011821,0.921797,0.00105956,0.927135,41,((exp(cos(((x5-x1)/(x2*x0))))*(((log(x8)+x6)+((x1*x4)/(x3-x0)))*(sqrt(7.001000)/x7)))/(14.496000+sin(((cos(x2)*(6.382000-x5))/exp(cos(x1)))))),feynman_I_9_18,0,GP-GOMEA (original)
33,3403.18,274269,0.0011821,0.921797,0.00105956,0.927135,41,((exp(cos(((x5-x1)/(x2*x0))))*(((log(x8)+x6)+((x1*x4)/(x3-x0)))*(sqrt(7.001000)/x7)))/(14.496000+sin(((cos(x2)*(6.382000-x5))/exp(cos(x1)))))),feynman_I_9_18,0,GP-GOMEA (original)
34,3498.43,280693,0.0011821,0.921797,0.00105956,0.927135,41,((exp(cos(((x5-x1)/(x2*x0))))*(((log(x8)+x6)+((x1*x4)/(x3-x0)))*(sqrt(7.001000)/x7)))/(14.496000+sin(((cos(x2)*(6.382000-x5))/exp(cos(x1)))))),feynman_I_9_18,0,GP-GOMEA (original)
35,3588.78,286746,0.0011821,0.921797,0.00105956,0.927135,41,((exp(cos(((x5-x1)/(x2*x0))))*(((log(x8)+x6)+((x1*x4)/(x3-x0)))*(sqrt(7.001000)/x7)))/(14.496000+sin(((cos(x2)*(6.382000-x5))/exp(cos(x1)))))),feynman_I_9_18,0,GP-GOMEA (original)
0,1.04707,128,0.0142151,0.0595953,0.0151664,0.0600796,20,sin((sin(sqrt((sin(x8)+log(-16.531000))))+log((((x7--7.146000)-sqrt(x4))*cos(cos(5.403000)))))),feynman_I_9_18,12,GP-GOMEA (original)
1,60.6013,5928,0.00621653,0.588742,0.00676937,0.580475,28,sqrt((cos(cos(((x0*x0)/(0.024000-x5))))/(exp(((x2-x7)/(x1/-1.520000)))+(sqrt((13.827000/x4))-log(exp(x0)))))),feynman_I_9_18,12,GP-GOMEA (original)
2,119.653,12109,0.00574489,0.619944,0.00619437,0.61611,29,sqrt((cos(cos(((x0*x0)/(0.024000-x5))))/(exp(((x2-x7)/(x1/-1.520000)))+(((13.827000/x4)/x7)-log(exp(x0)))))),feynman_I_9_18,12,GP-GOMEA (original)
3,184.636,18742,0.00560527,0.629181,0.00609604,0.622204,27,(log(sqrt((log(x1)+sqrt((x2*x0)))))-(exp((((x5+x5)*cos(x5))+x3))*cos((sin(log(x4))-cos(x7))))),feynman_I_9_18,12,GP-GOMEA (original)
4,258.818,26159,0.00533188,0.647267,0.00567723,0.648159,31,sqrt((cos(cos(((x0*x0)/(0.024000-x5))))/(exp(((x2-x7)/(x1/-1.520000)))+(((13.827000/x4)/(x6+x7))-log(exp(x0)))))),feynman_I_9_18,12,GP-GOMEA (original)
5,334.552,33707,0.00533188,0.647267,0.00567723,0.648159,31,sqrt((cos(cos(((x0*x0)/(0.024000-x5))))/(exp(((x2-x7)/(x1/-1.520000)))+(((13.827000/x4)/(x6+x7))-log(exp(x0)))))),feynman_I_9_18,12,GP-GOMEA (original)
6,423.475,42287,0.00533188,0.647267,0.00567723,0.648159,31,sqrt((cos(cos(((x0*x0)/(0.024000-x5))))/(exp(((x2-x7)/(x1/-1.520000)))+(((13.827000/x4)/(x6+x7))-log(exp(x0)))))),feynman_I_9_18,12,GP-GOMEA (original)
7,515.986,51333,0.00533188,0.647267,0.00567723,0.648159,31,sqrt((cos(cos(((x0*x0)/(0.024000-x5))))/(exp(((x2-x7)/(x1/-1.520000)))+(((13.827000/x4)/(x6+x7))-log(exp(x0)))))),feynman_I_9_18,12,GP-GOMEA (original)
8,609.266,60127,0.00533188,0.647267,0.00567723,0.648159,31,sqrt((cos(cos(((x0*x0)/(0.024000-x5))))/(exp(((x2-x7)/(x1/-1.520000)))+(((13.827000/x4)/(x6+x7))-log(exp(x0)))))),feynman_I_9_18,12,GP-GOMEA (original)
9,702.104,68743,0.00522256,0.654499,0.00559178,0.653455,24,(sin(sin(sqrt(((x2/x5)/(x1-x5)))))*cos((cos(sin(cos(x0)))*log((cos(x1)+(x7/x0)))))),feynman_I_9_18,12,GP-GOMEA (original)
9,797.644,77520,0.0202304,-0.338355,0.0208863,-0.29441,12,log((cos(sqrt(log(sqrt(x7))))-sin(sin(sin(sqrt(19.611000)))))),feynman_I_9_18,12,GP-GOMEA (original)
10,915.642,87921,0.0202304,-0.338355,0.0208863,-0.29441,12,log((cos(sqrt(log(sqrt(x7))))-sin(sin(sin(sqrt(19.611000)))))),feynman_I_9_18,12,GP-GOMEA (original)
11,1007.53,96036,0.00424243,0.71934,0.00449015,0.721727,28,(cos(sqrt((log((x7+16.368000))*x3)))+exp((sqrt((cos(x1)-sqrt(x4)))/(log(sqrt(x5))+((x7-x0)*(x3-x2)))))),feynman_I_9_18,12,GP-GOMEA (original)
12,1103.05,104213,0.00405199,0.731938,0.00437391,0.728931,37,(cos(((log((x0*16.368000))*x3)/(log((x8/x0))-x3)))+exp((sqrt((cos(x1)-sqrt(x0)))/(((x5-x0)-(x3/x7))+(sqrt(x7)*(x3-x2)))))),feynman_I_9_18,12,GP-GOMEA (original)
13,1211.05,113115,0.00308621,0.79583,0.00330828,0.794972,29,(cos(sqrt((log((x7+16.368000))*x3)))+exp((sqrt((cos(x1)-sqrt(x6)))/(log((x5-x4))+((x7-x0)*(x3-x2)))))),feynman_I_9_18,12,GP-GOMEA (original)
14,1324.72,122200,0.00308621,0.79583,0.00330828,0.794972,29,(cos(sqrt((log((x7+16.368000))*x3)))+exp((sqrt((cos(x1)-sqrt(x6)))/(log((x5-x4))+((x7-x0)*(x3-x2)))))),feynman_I_9_18,12,GP-GOMEA (original)
15,1439.12,131163,0.00308621,0.79583,0.00330828,0.794972,29,(cos(sqrt((log((x7+16.368000))*x3)))+exp((sqrt((cos(x1)-sqrt(x6)))/(log((x5-x4))+((x7-x0)*(x3-x2)))))),feynman_I_9_18,12,GP-GOMEA (original)
16,1556.42,139996,0.00308621,0.79583,0.00330828,0.794972,29,(cos(sqrt((log((x7+16.368000))*x3)))+exp((sqrt((cos(x1)-sqrt(x6)))/(log((x5-x4))+((x7-x0)*(x3-x2)))))),feynman_I_9_18,12,GP-GOMEA (original)
17,1674.86,148938,0.00254593,0.831572,0.00270678,0.83225,31,(cos(sqrt((log((x7+16.368000))*x3)))+exp((sqrt((cos(x1)-sqrt(x6)))/(((x5-x4)-log(x7))+((x7-x0)*(x3-x2)))))),feynman_I_9_18,12,GP-GOMEA (original)
18,1792.66,157703,0.00254593,0.831572,0.00270678,0.83225,31,(cos(sqrt((log((x7+16.368000))*x3)))+exp((sqrt((cos(x1)-sqrt(x6)))/(((x5-x4)-log(x7))+((x7-x0)*(x3-x2)))))),feynman_I_9_18,12,GP-GOMEA (original)
19,1922.66,166843,0.00254593,0.831572,0.00270678,0.83225,31,(cos(sqrt((log((x7+16.368000))*x3)))+exp((sqrt((cos(x1)-sqrt(x6)))/(((x5-x4)-log(x7))+((x7-x0)*(x3-x2)))))),feynman_I_9_18,12,GP-GOMEA (original)
19,2054.23,175910,0.00254593,0.831572,0.00270678,0.83225,31,(cos(sqrt((log((x7+16.368000))*x3)))+exp((sqrt((cos(x1)-sqrt(x6)))/(((x5-x4)-log(x7))+((x7-x0)*(x3-x2)))))),feynman_I_9_18,12,GP-GOMEA (original)
20,2164.57,186130,0.00254593,0.831572,0.00270678,0.83225,31,(cos(sqrt((log((x7+16.368000))*x3)))+exp((sqrt((cos(x1)-sqrt(x6)))/(((x5-x4)-log(x7))+((x7-x0)*(x3-x2)))))),feynman_I_9_18,12,GP-GOMEA (original)
21,2299.77,194819,0.00254593,0.831572,0.00270678,0.83225,31,(cos(sqrt((log((x7+16.368000))*x3)))+exp((sqrt((cos(x1)-sqrt(x6)))/(((x5-x4)-log(x7))+((x7-x0)*(x3-x2)))))),feynman_I_9_18,12,GP-GOMEA (original)
22,2435.5,203403,0.00254593,0.831572,0.00270678,0.83225,31,(cos(sqrt((log((x7+16.368000))*x3)))+exp((sqrt((cos(x1)-sqrt(x6)))/(((x5-x4)-log(x7))+((x7-x0)*(x3-x2)))))),feynman_I_9_18,12,GP-GOMEA (original)
23,2569.42,211675,0.00254593,0.831572,0.00270678,0.83225,31,(cos(sqrt((log((x7+16.368000))*x3)))+exp((sqrt((cos(x1)-sqrt(x6)))/(((x5-x4)-log(x7))+((x7-x0)*(x3-x2)))))),feynman_I_9_18,12,GP-GOMEA (original)
24,2695.47,219418,0.00254593,0.831572,0.00270678,0.83225,31,(cos(sqrt((log((x7+16.368000))*x3)))+exp((sqrt((cos(x1)-sqrt(x6)))/(((x5-x4)-log(x7))+((x7-x0)*(x3-x2)))))),feynman_I_9_18,12,GP-GOMEA (original)
25,2820.61,227202,0.00254593,0.831572,0.00270678,0.83225,31,(cos(sqrt((log((x7+16.368000))*x3)))+exp((sqrt((cos(x1)-sqrt(x6)))/(((x5-x4)-log(x7))+((x7-x0)*(x3-x2)))))),feynman_I_9_18,12,GP-GOMEA (original)
26,2946.12,234907,0.00254593,0.831572,0.00270678,0.83225,31,(cos(sqrt((log((x7+16.368000))*x3)))+exp((sqrt((cos(x1)-sqrt(x6)))/(((x5-x4)-log(x7))+((x7-x0)*(x3-x2)))))),feynman_I_9_18,12,GP-GOMEA (original)
27,3069.1,242519,0.00254593,0.831572,0.00270678,0.83225,31,(cos(sqrt((log((x7+16.368000))*x3)))+exp((sqrt((cos(x1)-sqrt(x6)))/(((x5-x4)-log(x7))+((x7-x0)*(x3-x2)))))),feynman_I_9_18,12,GP-GOMEA (original)
28,3193.97,250115,0.00254593,0.831572,0.00270678,0.83225,31,(cos(sqrt((log((x7+16.368000))*x3)))+exp((sqrt((cos(x1)-sqrt(x6)))/(((x5-x4)-log(x7))+((x7-x0)*(x3-x2)))))),feynman_I_9_18,12,GP-GOMEA (original)
29,3310.38,257192,0.00254593,0.831572,0.00270678,0.83225,31,(cos(sqrt((log((x7+16.368000))*x3)))+exp((sqrt((cos(x1)-sqrt(x6)))/(((x5-x4)-log(x7))+((x7-x0)*(x3-x2)))))),feynman_I_9_18,12,GP-GOMEA (original)
29,3428.69,264335,0.00254593,0.831572,0.00270678,0.83225,31,(cos(sqrt((log((x7+16.368000))*x3)))+exp((sqrt((cos(x1)-sqrt(x6)))/(((x5-x4)-log(x7))+((x7-x0)*(x3-x2)))))),feynman_I_9_18,12,GP-GOMEA (original)
30,3544.38,275385,0.00254593,0.831572,0.00270678,0.83225,31,(cos(sqrt((log((x7+16.368000))*x3)))+exp((sqrt((cos(x1)-sqrt(x6)))/(((x5-x4)-log(x7))+((x7-x0)*(x3-x2)))))),feynman_I_9_18,12,GP-GOMEA (original)
0,1.09096,128,0.0279319,-0.847851,0.0262964,-0.832297,3,(0.589000/x3),feynman_I_9_18,21,GP-GOMEA (original)
1,66.5872,5667,0.00680584,0.549756,0.00653336,0.544765,22,sqrt(((((x1*x0)-sin(x4))/x5)*(exp(log((x7/x7)))/(x7-cos((x2-x3)))))),feynman_I_9_18,21,GP-GOMEA (original)
2,119.285,11024,0.00545703,0.638987,0.00525268,0.634001,22,sqrt(((((x1*x0)-sqrt(log(x3)))/x5)*(cos(log((-7.099000/10.010000)))/(x7-cos(exp(x2)))))),feynman_I_9_18,21,GP-GOMEA (original)
3,179.24,17290,0.00545703,0.638987,0.00525268,0.634001,22,sqrt(((((x1*x0)-sqrt(log(x3)))/x5)*(cos(log((-7.099000/10.010000)))/(x7-cos(exp(x2)))))),feynman_I_9_18,21,GP-GOMEA (original)
4,246.183,24231,0.00517843,0.657418,0.00497729,0.653189,22,(((sqrt((log(x1)*x6))*(((x0/x3)*x8)*x2))+cos(cos(log(sin(x8)))))/sqrt(-16.128000)),feynman_I_9_18,21,GP-GOMEA (original)
5,321.571,31978,0.00517843,0.657418,0.00497729,0.653189,22,(((sqrt((log(x1)*x6))*(((x0/x3)*x8)*x2))+cos(cos(log(sin(x8)))))/sqrt(-16.128000)),feynman_I_9_18,21,GP-GOMEA (original)
6,407.837,40343,0.00517843,0.657418,0.00497729,0.653189,22,(((sqrt((log(x1)*x6))*(((x0/x3)*x8)*x2))+cos(cos(log(sin(x8)))))/sqrt(-16.128000)),feynman_I_9_18,21,GP-GOMEA (original)
7,499.381,48805,0.00456699,0.697868,0.00443863,0.690722,26,sqrt(((((x1*x0)-sqrt((x3/x5)))/x5)*(cos(sin((x6*x8)))/(log((10.851000+3.990000))-cos(exp(x2)))))),feynman_I_9_18,21,GP-GOMEA (original)
8,595.651,57391,0.00454663,0.699215,0.00443036,0.691298,26,sqrt(((((x1*x0)-sqrt((x3/x5)))/x5)*(cos(sin((x6*x8)))/(log((10.851000+x7))-cos(exp(x2)))))),feynman_I_9_18,21,GP-GOMEA (original)
9,699.634,66069,0.00378764,0.749427,0.0036409,0.746307,30,(((cos(((x2*x0)-x5))+sqrt(exp(log(x6))))*(x1/(exp(sqrt(-11.247000))/3.828000)))/sqrt((exp(sqrt((x3-x8)))/exp(sqrt(x8))))),feynman_I_9_18,21,GP-GOMEA (original)
9,803.913,74727,0.0209578,-0.386474,0.0208013,-0.449408,2,sin(-16.078000),feynman_I_9_18,21,GP-GOMEA (original)
10,936.216,86154,0.0209578,-0.386474,0.0208013,-0.449408,2,sin(-16.078000),feynman_I_9_18,21,GP-GOMEA (original)
11,1035.5,94228,0.00283342,0.812553,0.00273861,0.809177,29,(((cos(((x2*x0)-x5))+sqrt(exp((x6/x7))))*(x1/(x7+x3)))/sqrt((exp(sqrt((x3-x6)))/exp(sqrt(x8))))),feynman_I_9_18,21,GP-GOMEA (original)
12,1134.93,102290,0.00264645,0.824923,0.00254677,0.822545,29,(((cos(((x2*x0)-x5))+sqrt(exp((x6/x3))))*(x1/(x7+x3)))/sqrt((exp(sqrt((x3-x4)))/exp(sqrt(x8))))),feynman_I_9_18,21,GP-GOMEA (original)
13,1230.0,110037,0.0022942,0.848226,0.00223,0.844616,28,(((cos(((x2*x0)-x5))+sqrt(exp(log(x6))))*(x1/(x7+x3)))/sqrt((exp(sqrt((x3-x4)))/exp(sqrt(x8))))),feynman_I_9_18,21,GP-GOMEA (original)
14,1326.16,117788,0.00227484,0.849507,0.00218353,0.847855,28,(((cos(((x2*x0)-x5))+sqrt(exp(log(x6))))*(x1/(x7+x3)))/sqrt((exp(sqrt((x7-x4)))/exp(sqrt(x8))))),feynman_I_9_18,21,GP-GOMEA (original)
15,1424.16,125768,0.00227484,0.849507,0.00218353,0.847855,28,(((cos(((x2*x0)-x5))+sqrt(exp(log(x6))))*(x1/(x7+x3)))/sqrt((exp(sqrt((x7-x4)))/exp(sqrt(x8))))),feynman_I_9_18,21,GP-GOMEA (original)
16,1522.25,133731,0.00227484,0.849507,0.00218353,0.847855,28,(((cos(((x2*x0)-x5))+sqrt(exp(log(x6))))*(x1/(x7+x3)))/sqrt((exp(sqrt((x7-x4)))/exp(sqrt(x8))))),feynman_I_9_18,21,GP-GOMEA (original)
17,1618.58,141538,0.00184874,0.877696,0.00176417,0.877075,30,(((cos(((x2*x0)-x5))+sqrt(exp(log(x6))))*(x1/(x7+x3)))/sqrt((exp(sqrt((x7-x4)))/exp((x8/log(x3)))))),feynman_I_9_18,21,GP-GOMEA (original)
18,1715.07,149242,0.00184874,0.877696,0.00176417,0.877075,30,(((cos(((x2*x0)-x5))+sqrt(exp(log(x6))))*(x1/(x7+x3)))/sqrt((exp(sqrt((x7-x4)))/exp((x8/log(x3)))))),feynman_I_9_18,21,GP-GOMEA (original)
19,1813.97,157025,0.00184874,0.877696,0.00176417,0.877075,30,(((cos(((x2*x0)-x5))+sqrt(exp(log(x6))))*(x1/(x7+x3)))/sqrt((exp(sqrt((x7-x4)))/exp((x8/log(x3)))))),feynman_I_9_18,21,GP-GOMEA (original)
19,1909.22,164377,0.00184874,0.877696,0.00176417,0.877075,30,(((cos(((x2*x0)-x5))+sqrt(exp(log(x6))))*(x1/(x7+x3)))/sqrt((exp(sqrt((x7-x4)))/exp((x8/log(x3)))))),feynman_I_9_18,21,GP-GOMEA (original)
20,2035.11,176790,0.00184874,0.877696,0.00176417,0.877075,30,(((cos(((x2*x0)-x5))+sqrt(exp(log(x6))))*(x1/(x7+x3)))/sqrt((exp(sqrt((x7-x4)))/exp((x8/log(x3)))))),feynman_I_9_18,21,GP-GOMEA (original)
21,2134.01,184426,0.00184874,0.877696,0.00176417,0.877075,30,(((cos(((x2*x0)-x5))+sqrt(exp(log(x6))))*(x1/(x7+x3)))/sqrt((exp(sqrt((x7-x4)))/exp((x8/log(x3)))))),feynman_I_9_18,21,GP-GOMEA (original)
22,2232.38,191886,0.00184874,0.877696,0.00176417,0.877075,30,(((cos(((x2*x0)-x5))+sqrt(exp(log(x6))))*(x1/(x7+x3)))/sqrt((exp(sqrt((x7-x4)))/exp((x8/log(x3)))))),feynman_I_9_18,21,GP-GOMEA (original)
23,2326.4,199000,0.00184874,0.877696,0.00176417,0.877075,30,(((cos(((x2*x0)-x5))+sqrt(exp(log(x6))))*(x1/(x7+x3)))/sqrt((exp(sqrt((x7-x4)))/exp((x8/log(x3)))))),feynman_I_9_18,21,GP-GOMEA (original)
24,2423.39,206254,0.00184874,0.877696,0.00176417,0.877075,30,(((cos(((x2*x0)-x5))+sqrt(exp(log(x6))))*(x1/(x7+x3)))/sqrt((exp(sqrt((x7-x4)))/exp((x8/log(x3)))))),feynman_I_9_18,21,GP-GOMEA (original)
25,2519.57,213304,0.00184874,0.877696,0.00176417,0.877075,30,(((cos(((x2*x0)-x5))+sqrt(exp(log(x6))))*(x1/(x7+x3)))/sqrt((exp(sqrt((x7-x4)))/exp((x8/log(x3)))))),feynman_I_9_18,21,GP-GOMEA (original)
26,2614.19,220241,0.00184874,0.877696,0.00176417,0.877075,30,(((cos(((x2*x0)-x5))+sqrt(exp(log(x6))))*(x1/(x7+x3)))/sqrt((exp(sqrt((x7-x4)))/exp((x8/log(x3)))))),feynman_I_9_18,21,GP-GOMEA (original)
27,2710.6,227399,0.00184874,0.877696,0.00176417,0.877075,30,(((cos(((x2*x0)-x5))+sqrt(exp(log(x6))))*(x1/(x7+x3)))/sqrt((exp(sqrt((x7-x4)))/exp((x8/log(x3)))))),feynman_I_9_18,21,GP-GOMEA (original)
28,2809.06,234497,0.00184874,0.877696,0.00176417,0.877075,30,(((cos(((x2*x0)-x5))+sqrt(exp(log(x6))))*(x1/(x7+x3)))/sqrt((exp(sqrt((x7-x4)))/exp((x8/log(x3)))))),feynman_I_9_18,21,GP-GOMEA (original)
29,2902.98,241236,0.00184874,0.877696,0.00176417,0.877075,30,(((cos(((x2*x0)-x5))+sqrt(exp(log(x6))))*(x1/(x7+x3)))/sqrt((exp(sqrt((x7-x4)))/exp((x8/log(x3)))))),feynman_I_9_18,21,GP-GOMEA (original)
29,2998.22,248107,0.00184874,0.877696,0.00176417,0.877075,30,(((cos(((x2*x0)-x5))+sqrt(exp(log(x6))))*(x1/(x7+x3)))/sqrt((exp(sqrt((x7-x4)))/exp((x8/log(x3)))))),feynman_I_9_18,21,GP-GOMEA (original)
30,3129.44,261176,0.00184874,0.877696,0.00176417,0.877075,30,(((cos(((x2*x0)-x5))+sqrt(exp(log(x6))))*(x1/(x7+x3)))/sqrt((exp(sqrt((x7-x4)))/exp((x8/log(x3)))))),feynman_I_9_18,21,GP-GOMEA (original)
31,3222.39,267843,0.00184874,0.877696,0.00176417,0.877075,30,(((cos(((x2*x0)-x5))+sqrt(exp(log(x6))))*(x1/(x7+x3)))/sqrt((exp(sqrt((x7-x4)))/exp((x8/log(x3)))))),feynman_I_9_18,21,GP-GOMEA (original)
32,3313.59,274462,0.00184874,0.877696,0.00176417,0.877075,30,(((cos(((x2*x0)-x5))+sqrt(exp(log(x6))))*(x1/(x7+x3)))/sqrt((exp(sqrt((x7-x4)))/exp((x8/log(x3)))))),feynman_I_9_18,21,GP-GOMEA (original)
33,3403.97,281032,0.00184874,0.877696,0.00176417,0.877075,30,(((cos(((x2*x0)-x5))+sqrt(exp(log(x6))))*(x1/(x7+x3)))/sqrt((exp(sqrt((x7-x4)))/exp((x8/log(x3)))))),feynman_I_9_18,21,GP-GOMEA (original)
34,3493.53,287592,0.00184874,0.877696,0.00176417,0.877075,30,(((cos(((x2*x0)-x5))+sqrt(exp(log(x6))))*(x1/(x7+x3)))/sqrt((exp(sqrt((x7-x4)))/exp((x8/log(x3)))))),feynman_I_9_18,21,GP-GOMEA (original)
35,3586.74,294547,0.00184874,0.877696,0.00176417,0.877075,30,(((cos(((x2*x0)-x5))+sqrt(exp(log(x6))))*(x1/(x7+x3)))/sqrt((exp(sqrt((x7-x4)))/exp((x8/log(x3)))))),feynman_I_9_18,21,GP-GOMEA (original)
0,1.09943,128,0.0492148,-2.25583,0.0509268,-2.27873,28,(sin(exp(cos((sin(x5)+(3.775000+x8)))))-cos(((exp(sin(13.177000))+(cos(x7)/sqrt(x8)))-log((sin(x8)-(x3/x8)))))),feynman_I_9_18,24,GP-GOMEA (original)
1,63.6431,5595,0.00894499,0.40824,0.00889357,0.427421,8,(log(sqrt(sqrt(sqrt(exp(x2)))))*x1),feynman_I_9_18,24,GP-GOMEA (original)
2,119.633,11130,0.00885687,0.414069,0.00901725,0.419459,35,((log(sin(cos(cos(-19.823000))))/x1)+((sqrt(sqrt(exp(x0)))*(sqrt((x1*-3.493000))/(x7*sqrt(x8))))*sin(((log(x2)+sin(x2))/(x6-(x8-x3)))))),feynman_I_9_18,24,GP-GOMEA (original)
3,179.96,17444,0.00715458,0.526685,0.00738674,0.524432,34,(sqrt(log(sin((log(x2)-(x7/x6)))))+((x6*(sqrt((x1*-3.493000))/(x7+sqrt(x8))))*sin(((log(x2)+sin(x4))/(x6-(x8-x3)))))),feynman_I_9_18,24,GP-GOMEA (original)
4,241.257,23909,0.00571642,0.621827,0.00586503,0.622402,32,(log(log(exp(log((x8*x0)))))+((x6*(sqrt((x1*-3.493000))/(x7+log(x7))))*sin(((log(x2)+sin(x1))/(x6-(x0-x3)))))),feynman_I_9_18,24,GP-GOMEA (original)
5,308.376,30910,0.00544944,0.63949,0.00561438,0.63854,32,(log(log(exp(log((x8*x0)))))+((x6*(sqrt((x1*-3.493000))/(x7+log(x7))))*sin(((log(x2)+sin(x8))/(x6-(x4-x5)))))),feynman_I_9_18,24,GP-GOMEA (original)
6,377.853,38022,0.00544944,0.63949,0.00561438,0.63854,32,(log(log(exp(log((x8*x0)))))+((x6*(sqrt((x1*-3.493000))/(x7+log(x7))))*sin(((log(x2)+sin(x8))/(x6-(x4-x5)))))),feynman_I_9_18,24,GP-GOMEA (original)
7,453.269,45758,0.00505415,0.66564,0.00500295,0.677904,32,(log(log(exp(log((x1*x0)))))+((x6*(sqrt((x1*-3.493000))/(x7+log(x7))))*sin(((log(x2)+sin(x8))/(x6-(x4-x5)))))),feynman_I_9_18,24,GP-GOMEA (original)
8,531.905,53750,0.00434589,0.712495,0.00441674,0.715645,29,(cos(((log(sin(x7))*((x3-x7)*(x3/9.369000)))-sqrt(sqrt((x3*x5)))))+log((sqrt(x0)+sin(((x2*x1)/x7))))),feynman_I_9_18,24,GP-GOMEA (original)
9,609.209,61579,0.00434589,0.712495,0.00441674,0.715645,29,(cos(((log(sin(x7))*((x3-x7)*(x3/9.369000)))-sqrt(sqrt((x3*x5)))))+log((sqrt(x0)+sin(((x2*x1)/x7))))),feynman_I_9_18,24,GP-GOMEA (original)
9,696.216,69991,0.0265803,-0.758435,0.0270216,-0.739683,40,(sqrt(sin((exp((x0+x5))*(exp(x2)*exp(x2)))))/(log((((8.204000/x7)/log(x6))/(sin(x6)+(x7-x7))))+sqrt((((x7*x4)-log(x8))-log((x1+x8)))))),feynman_I_9_18,24,GP-GOMEA (original)
10,820.779,80881,0.0265803,-0.758435,0.0270216,-0.739683,40,(sqrt(sin((exp((x0+x5))*(exp(x2)*exp(x2)))))/(log((((8.204000/x7)/log(x6))/(sin(x6)+(x7-x7))))+sqrt((((x7*x4)-log(x8))-log((x1+x8)))))),feynman_I_9_18,24,GP-GOMEA (original)
11,905.72,88973,0.0265803,-0.758435,0.0270216,-0.739683,40,(sqrt(sin((exp((x0+x5))*(exp(x2)*exp(x2)))))/(log((((8.204000/x7)/log(x6))/(sin(x6)+(x7-x7))))+sqrt((((x7*x4)-log(x8))-log((x1+x8)))))),feynman_I_9_18,24,GP-GOMEA (original)
12,997.055,97011,0.00380575,0.748229,0.00388003,0.750199,39,(((exp(log((x1*x0)))+(cos(sqrt(x1))*-4.628000))/exp(x3))+((x6*(sqrt((x8*-3.493000))/(x7+log(x3))))*sin(((log(x2)+sin(13.604000))/(x6-(x0-x5)))))),feynman_I_9_18,24,GP-GOMEA (original)
13,1092.87,105060,0.00354746,0.765316,0.00362412,0.766675,39,(((exp(log((x1*x0)))+(cos(sqrt(x1))*-4.628000))/exp(x3))+((x6*(sqrt((x1*-3.493000))/(x7+log(x3))))*sin(((log(x2)+sin(x8))/(x6-(x0-x5)))))),feynman_I_9_18,24,GP-GOMEA (original)
14,1196.28,113421,0.00317698,0.789825,0.00327368,0.789237,40,((((log((x1*x0))*x3)+(cos(sqrt(x1))*-4.628000))/exp(x3))+((x6*(sqrt((x0*-3.493000))/(x7+log(x3))))*sin(((log(x2)+sin(13.604000))/(x6-(x4-x5)))))),feynman_I_9_18,24,GP-GOMEA (original)
15,1298.51,121773,0.00307914,0.796298,0.00310353,0.800191,43,(((exp(log((x2*x0)))+(cos(sqrt(x1))*-4.628000))/exp(x3))+((x6*(sqrt((x1*-3.493000))/(x7+log(x3))))*(((log(x2)+sin(x8))/(x6-(x0-x5)))*sin(log(exp(x4)))))),feynman_I_9_18,24,GP-GOMEA (original)
16,1395.91,129934,0.00265993,0.824031,0.00276153,0.822209,30,(cos(((((x2/x8)*(x1/17.976000))*sin((x4+x6)))+sqrt(sqrt((x3*x5)))))+log((sqrt(x0)+sin(((x2*x1)/x7))))),feynman_I_9_18,24,GP-GOMEA (original)
17,1493.59,138071,0.00265993,0.824031,0.00276153,0.822209,30,(cos(((((x2/x8)*(x1/17.976000))*sin((x4+x6)))+sqrt(sqrt((x3*x5)))))+log((sqrt(x0)+sin(((x2*x1)/x7))))),feynman_I_9_18,24,GP-GOMEA (original)
18,1582.6,145591,0.00258058,0.82928,0.00267602,0.827714,29,(cos((((sqrt(x2)*(x1/17.976000))*sin((x4+x6)))+sqrt(sqrt((x3*x5)))))+log((sqrt(x0)+sin(((x2*x1)/x7))))),feynman_I_9_18,24,GP-GOMEA (original)
19,1671.04,153126,0.00252176,0.833172,0.00260985,0.831975,29,(cos((((sqrt(x2)*(x0/17.976000))*sin((x4+x6)))+sqrt(sqrt((x3*x5)))))+log((sqrt(x0)+sin(((x2*x1)/x7))))),feynman_I_9_18,24,GP-GOMEA (original)
19,1759.06,160628,0.00252176,0.833172,0.00260985,0.831975,29,(cos((((sqrt(x2)*(x0/17.976000))*sin((x4+x6)))+sqrt(sqrt((x3*x5)))))+log((sqrt(x0)+sin(((x2*x1)/x7))))),feynman_I_9_18,24,GP-GOMEA (original)
20,1864.88,171160,0.00252176,0.833172,0.00260985,0.831975,29,(cos((((sqrt(x2)*(x0/17.976000))*sin((x4+x6)))+sqrt(sqrt((x3*x5)))))+log((sqrt(x0)+sin(((x2*x1)/x7))))),feynman_I_9_18,24,GP-GOMEA (original)
21,1955.21,178635,0.00252176,0.833172,0.00260985,0.831975,29,(cos((((sqrt(x2)*(x0/17.976000))*sin((x4+x6)))+sqrt(sqrt((x3*x5)))))+log((sqrt(x0)+sin(((x2*x1)/x7))))),feynman_I_9_18,24,GP-GOMEA (original)
22,2042.54,185648,0.00252176,0.833172,0.00260985,0.831975,29,(cos((((sqrt(x2)*(x0/17.976000))*sin((x4+x6)))+sqrt(sqrt((x3*x5)))))+log((sqrt(x0)+sin(((x2*x1)/x7))))),feynman_I_9_18,24,GP-GOMEA (original)
23,2133.11,192850,0.00252176,0.833172,0.00260985,0.831975,29,(cos((((sqrt(x2)*(x0/17.976000))*sin((x4+x6)))+sqrt(sqrt((x3*x5)))))+log((sqrt(x0)+sin(((x2*x1)/x7))))),feynman_I_9_18,24,GP-GOMEA (original)
24,2224.73,200156,0.00252176,0.833172,0.00260985,0.831975,29,(cos((((sqrt(x2)*(x0/17.976000))*sin((x4+x6)))+sqrt(sqrt((x3*x5)))))+log((sqrt(x0)+sin(((x2*x1)/x7))))),feynman_I_9_18,24,GP-GOMEA (original)
25,2317.5,207388,0.00252176,0.833172,0.00260985,0.831975,29,(cos((((sqrt(x2)*(x0/17.976000))*sin((x4+x6)))+sqrt(sqrt((x3*x5)))))+log((sqrt(x0)+sin(((x2*x1)/x7))))),feynman_I_9_18,24,GP-GOMEA (original)
26,2412.22,214501,0.00230806,0.847309,0.0022885,0.852663,45,(((((log(x2)-sin(x2))-(cos(x4)/(x5--0.992000)))+x1)/sqrt((cos((x0*x0))+((x1*x5)*(x7/x0)))))/((cos(sqrt(log(x8)))-(cos(sqrt(x3))/x6))*sqrt(sin(cos(log(x6)))))),feynman_I_9_18,24,GP-GOMEA (original)
27,2511.02,221801,0.00228096,0.849102,0.00225647,0.854726,43,(((((log(x2)-sin(x2))-(cos(x4)/x7))+x1)/sqrt((cos((x6*x0))+((x7*x5)*(x1/x0)))))/((cos(sqrt(log(x8)))-(cos(sqrt(x3))/x6))*sqrt(sin(cos(log(x6)))))),feynman_I_9_18,24,GP-GOMEA (original)
28,2617.38,229405,0.00224698,0.85135,0.00222647,0.856657,43,(((((log(x2)-sin(x2))-(cos(x4)/x7))+x1)/sqrt((cos((x0*x0))+((x1*x5)*(x7/x0)))))/((cos(sqrt(log(x8)))-(cos(sqrt(x3))/x6))*sqrt(sin(cos(log(x6)))))),feynman_I_9_18,24,GP-GOMEA (original)
29,2722.13,236820,0.00224698,0.85135,0.00222647,0.856657,43,(((((log(x2)-sin(x2))-(cos(x4)/x7))+x1)/sqrt((cos((x0*x0))+((x1*x5)*(x7/x0)))))/((cos(sqrt(log(x8)))-(cos(sqrt(x3))/x6))*sqrt(sin(cos(log(x6)))))),feynman_I_9_18,24,GP-GOMEA (original)
29,2824.87,244052,0.00224698,0.85135,0.00222647,0.856657,43,(((((log(x2)-sin(x2))-(cos(x4)/x7))+x1)/sqrt((cos((x0*x0))+((x1*x5)*(x7/x0)))))/((cos(sqrt(log(x8)))-(cos(sqrt(x3))/x6))*sqrt(sin(cos(log(x6)))))),feynman_I_9_18,24,GP-GOMEA (original)
30,2928.18,254626,0.00224698,0.85135,0.00222647,0.856657,43,(((((log(x2)-sin(x2))-(cos(x4)/x7))+x1)/sqrt((cos((x0*x0))+((x1*x5)*(x7/x0)))))/((cos(sqrt(log(x8)))-(cos(sqrt(x3))/x6))*sqrt(sin(cos(log(x6)))))),feynman_I_9_18,24,GP-GOMEA (original)
31,3026.62,261610,0.00224698,0.85135,0.00222647,0.856657,43,(((((log(x2)-sin(x2))-(cos(x4)/x7))+x1)/sqrt((cos((x0*x0))+((x1*x5)*(x7/x0)))))/((cos(sqrt(log(x8)))-(cos(sqrt(x3))/x6))*sqrt(sin(cos(log(x6)))))),feynman_I_9_18,24,GP-GOMEA (original)
32,3122.68,268439,0.00224698,0.85135,0.00222647,0.856657,43,(((((log(x2)-sin(x2))-(cos(x4)/x7))+x1)/sqrt((cos((x0*x0))+((x1*x5)*(x7/x0)))))/((cos(sqrt(log(x8)))-(cos(sqrt(x3))/x6))*sqrt(sin(cos(log(x6)))))),feynman_I_9_18,24,GP-GOMEA (original)
33,3218.66,275235,0.00224698,0.85135,0.00222647,0.856657,43,(((((log(x2)-sin(x2))-(cos(x4)/x7))+x1)/sqrt((cos((x0*x0))+((x1*x5)*(x7/x0)))))/((cos(sqrt(log(x8)))-(cos(sqrt(x3))/x6))*sqrt(sin(cos(log(x6)))))),feynman_I_9_18,24,GP-GOMEA (original)
34,3311.52,281801,0.00224698,0.85135,0.00222647,0.856657,43,(((((log(x2)-sin(x2))-(cos(x4)/x7))+x1)/sqrt((cos((x0*x0))+((x1*x5)*(x7/x0)))))/((cos(sqrt(log(x8)))-(cos(sqrt(x3))/x6))*sqrt(sin(cos(log(x6)))))),feynman_I_9_18,24,GP-GOMEA (original)
35,3404.86,288416,0.00224698,0.85135,0.00222647,0.856657,43,(((((log(x2)-sin(x2))-(cos(x4)/x7))+x1)/sqrt((cos((x0*x0))+((x1*x5)*(x7/x0)))))/((cos(sqrt(log(x8)))-(cos(sqrt(x3))/x6))*sqrt(sin(cos(log(x6)))))),feynman_I_9_18,24,GP-GOMEA (original)
36,3496.54,294928,0.00224698,0.85135,0.00222647,0.856657,43,(((((log(x2)-sin(x2))-(cos(x4)/x7))+x1)/sqrt((cos((x0*x0))+((x1*x5)*(x7/x0)))))/((cos(sqrt(log(x8)))-(cos(sqrt(x3))/x6))*sqrt(sin(cos(log(x6)))))),feynman_I_9_18,24,GP-GOMEA (original)
37,3587.4,301316,0.00224698,0.85135,0.00222647,0.856657,43,(((((log(x2)-sin(x2))-(cos(x4)/x7))+x1)/sqrt((cos((x0*x0))+((x1*x5)*(x7/x0)))))/((cos(sqrt(log(x8)))-(cos(sqrt(x3))/x6))*sqrt(sin(cos(log(x6)))))),feynman_I_9_18,24,GP-GOMEA (original)
0,1.11562,128,0.0238193,-0.575778,0.0229263,-0.577701,9,(cos(sqrt(log(x5)))/(x6+log(x0))),feynman_I_9_18,17,GP-GOMEA (original)
1,68.0642,5418,0.009204,0.391105,0.00920323,0.366669,19,exp((sqrt(log(((x2*x1)*(x8/x7))))-exp((sin(x1)/sqrt((x0+x5)))))),feynman_I_9_18,17,GP-GOMEA (original)
2,119.387,10280,0.00693393,0.541282,0.00655166,0.54914,38,((sqrt((((x1*x3)+(x4-x1))*exp(x0)))-((cos(cos(4.765000))-((x3/x3)*x4))/x7))/(((x5*sqrt((x3*x5)))/x2)+(x6+(x7+x3)))),feynman_I_9_18,17,GP-GOMEA (original)
3,175.352,15743,0.00594575,0.606656,0.00566444,0.610195,37,((sqrt((((x1*x3)+(x2-x8))*exp(x0)))-sin((cos(cos(x7))-((x2/x3)*x6))))/(((x5*sqrt((x3*x5)))/x2)+(x0+(x7+x3)))),feynman_I_9_18,17,GP-GOMEA (original)
4,237.18,21981,0.0034218,0.773629,0.00322882,0.777805,41,((sqrt(((exp(x1)+log(x6))*exp(x0)))-sin((sqrt(cos(x5))-((x1/x3)*x4))))/(((x5*sqrt((x3*x5)))/x2)+(sin(((x2+x4)-cos(x8)))+(x7+x3)))),feynman_I_9_18,17,GP-GOMEA (original)
5,304.472,28457,0.00334064,0.778998,0.00315266,0.783046,41,((sqrt(((exp(x1)+log(x6))*exp(x0)))-sin((sqrt(cos(x5))-((x2/x3)*x4))))/(((x5*sqrt((x3*x5)))/x2)+(sin(((x2+x4)-cos(x8)))+(x7+x3)))),feynman_I_9_18,17,GP-GOMEA (original)
6,379.336,35592,0.00330689,0.781231,0.00309556,0.786976,42,((sqrt(((exp(x1)+log(x6))*exp(x0)))-sin((sqrt((x5/x7))-((x2/x3)*x4))))/(((x5*sqrt((x3*x5)))/x2)+(sin(((x6+x4)-cos(x8)))+(x7+x3)))),feynman_I_9_18,17,GP-GOMEA (original)
7,463.248,43410,0.00302904,0.799612,0.00287211,0.802352,41,((sqrt(((exp(x1)+log(x6))*exp(x0)))-sin((sqrt((x5/x7))-(log(x2)*x4))))/(((x5*sqrt((x3*x7)))/x2)+(sin(((x6+x4)-cos(x8)))+(x7+x3)))),feynman_I_9_18,17,GP-GOMEA (original)
8,549.865,51356,0.00302904,0.799612,0.00287211,0.802352,41,((sqrt(((exp(x1)+log(x6))*exp(x0)))-sin((sqrt((x5/x7))-(log(x2)*x4))))/(((x5*sqrt((x3*x7)))/x2)+(sin(((x6+x4)-cos(x8)))+(x7+x3)))),feynman_I_9_18,17,GP-GOMEA (original)
9,634.966,59338,0.00302715,0.799737,0.002878,0.801947,41,((sqrt(((exp(x1)+log(x6))*exp(x0)))-sin((sqrt((x5/x3))-(log(x2)*x4))))/(((x5*sqrt((x3*x7)))/x2)+(sin(((x6+x4)-cos(x8)))+(x7+x3)))),feynman_I_9_18,17,GP-GOMEA (original)
9,719.121,67343,0.0274643,-0.816918,0.0272187,-0.873086,43,((exp(cos((cos(x4)-(x7-x6))))+cos(cos(cos((x3-x4)))))/((exp(((x3-x1)-(x8*x3)))+exp(log((x4+x1))))+(cos(log(sin(x5)))+log((exp(x7)-(7.249000/x4)))))),feynman_I_9_18,17,GP-GOMEA (original)
10,834.903,77666,0.0274643,-0.816918,0.0272187,-0.873086,43,((exp(cos((cos(x4)-(x7-x6))))+cos(cos(cos((x3-x4)))))/((exp(((x3-x1)-(x8*x3)))+exp(log((x4+x1))))+(cos(log(sin(x5)))+log((exp(x7)-(7.249000/x4)))))),feynman_I_9_18,17,GP-GOMEA (original)
11,919.807,85574,0.0274643,-0.816918,0.0272187,-0.873086,43,((exp(cos((cos(x4)-(x7-x6))))+cos(cos(cos((x3-x4)))))/((exp(((x3-x1)-(x8*x3)))+exp(log((x4+x1))))+(cos(log(sin(x5)))+log((exp(x7)-(7.249000/x4)))))),feynman_I_9_18,17,GP-GOMEA (original)
12,1011.45,93529,0.00301027,0.800854,0.00287131,0.802407,41,((sqrt(((exp(x1)+log(x6))*exp(x0)))-sin((sqrt((x3/x3))-(log(x2)*x4))))/(((x5*sqrt((x3*x7)))/x2)+(sin(((x6+x8)-cos(x8)))+(x7+x3)))),feynman_I_9_18,17,GP-GOMEA (original)
13,1107.27,101610,0.00259207,0.82852,0.00255364,0.824269,22,((x2/((x3*((x5-x4)/x1))+((x7+cos(x8))+((x5+x6)/-7.114000))))*x0),feynman_I_9_18,17,GP-GOMEA (original)
14,1214.82,109806,0.00239371,0.841643,0.00236629,0.837161,22,((x2/((x3*((x5-x4)/x1))+((x7+cos(x8))+((x1+x6)/-4.447000))))*x0),feynman_I_9_18,17,GP-GOMEA (original)
15,1324.85,118126,0.00239371,0.841643,0.00236629,0.837161,22,((x2/((x3*((x5-x4)/x1))+((x7+cos(x8))+((x1+x6)/-4.447000))))*x0),feynman_I_9_18,17,GP-GOMEA (original)
16,1441.01,126593,0.00134585,0.910964,0.00132279,0.908971,49,((sqrt(((exp(x1)+log(x6))*exp(x0)))-sin((((x3/x3)*sin(x4))-(log(x2)*x1))))/(((x5*((x3*x7)/(x8+x4)))/x2)+(sin(((x6+x6)-cos(x8)))+(sqrt((x5/x6))+x3)))),feynman_I_9_18,17,GP-GOMEA (original)
17,1560.47,135085,0.00106007,0.929871,0.00102469,0.929485,48,((sqrt(((exp(x1)+log(x6))*exp(x0)))-sin(((log(x7)*sin(x4))-(log(x2)*x1))))/(((x5*((x3*x7)/(x8+x4)))/x2)+(sin(((x6+x6)-cos(x8)))+(sqrt((x5/x6))+x3)))),feynman_I_9_18,17,GP-GOMEA (original)
18,1687.18,144098,0.000767669,0.949214,0.000747595,0.948553,48,((sqrt(((exp(x1)+log(x6))*exp(x0)))-sin(((log(x7)*sin(x4))-(log(x2)*x1))))/(((x5*((x3*x7)/(x8+x4)))/x2)+(sin(((x6+x6)-cos(x8)))+(sqrt((x5-x6))*x3)))),feynman_I_9_18,17,GP-GOMEA (original)
19,1807.9,152655,0.000737911,0.951183,0.00071195,0.951006,48,((sqrt(((exp(x1)+log(x6))*exp(x0)))-sin(((log(x7)*sin(x2))-(log(x2)*x1))))/(((x5*((x3*x7)/(x8+x4)))/x2)+(sin(((x6+x6)-cos(x8)))+(sqrt((x5-x6))*x3)))),feynman_I_9_18,17,GP-GOMEA (original)
19,1930.34,161418,0.000737911,0.951183,0.00071195,0.951006,48,((sqrt(((exp(x1)+log(x6))*exp(x0)))-sin(((log(x7)*sin(x2))-(log(x2)*x1))))/(((x5*((x3*x7)/(x8+x4)))/x2)+(sin(((x6+x6)-cos(x8)))+(sqrt((x5-x6))*x3)))),feynman_I_9_18,17,GP-GOMEA (original)
20,2037.61,171923,0.000737911,0.951183,0.00071195,0.951006,48,((sqrt(((exp(x1)+log(x6))*exp(x0)))-sin(((log(x7)*sin(x2))-(log(x2)*x1))))/(((x5*((x3*x7)/(x8+x4)))/x2)+(sin(((x6+x6)-cos(x8)))+(sqrt((x5-x6))*x3)))),feynman_I_9_18,17,GP-GOMEA (original)
21,2158.59,180514,0.000693638,0.954112,0.000677389,0.953385,48,((sqrt(((exp(x1)+log(x6))*exp(x0)))-sin(((log(x7)*sin(x2))-(log(x2)*x1))))/(((x5*((x3*x7)/(x8+x4)))/x2)+(sin(((x6+x4)-cos(x8)))+(sqrt((x5-x6))*x3)))),feynman_I_9_18,17,GP-GOMEA (original)
22,2279.59,188960,0.000693638,0.954112,0.000677389,0.953385,48,((sqrt(((exp(x1)+log(x6))*exp(x0)))-sin(((log(x7)*sin(x2))-(log(x2)*x1))))/(((x5*((x3*x7)/(x8+x4)))/x2)+(sin(((x6+x4)-cos(x8)))+(sqrt((x5-x6))*x3)))),feynman_I_9_18,17,GP-GOMEA (original)
23,2401.91,197494,0.000684957,0.954686,0.000664172,0.954294,46,((sqrt(((exp(x1)+log(x6))*exp(x0)))-sin((sqrt((x3/x4))-(log(x2)*x1))))/(((x5*((x3*x7)/(x8+x4)))/x2)+(sin(((x6+x6)-cos(x8)))+exp(sqrt((x7-x6)))))),feynman_I_9_18,17,GP-GOMEA (original)
24,2521.04,205860,0.000684957,0.954686,0.000664172,0.954294,46,((sqrt(((exp(x1)+log(x6))*exp(x0)))-sin((sqrt((x3/x4))-(log(x2)*x1))))/(((x5*((x3*x7)/(x8+x4)))/x2)+(sin(((x6+x6)-cos(x8)))+exp(sqrt((x7-x6)))))),feynman_I_9_18,17,GP-GOMEA (original)
25,2636.13,213896,0.000671514,0.955576,0.000654441,0.954964,48,((sqrt(((exp(x1)+log(x6))*exp(x0)))-sin(((log(x7)*sqrt(1.082000))-(log(x2)*x1))))/(((x5*((x3*x7)/(x8+x4)))/x2)+(sin(((x6+x4)-cos(x8)))+(sqrt((x5-x6))*x3)))),feynman_I_9_18,17,GP-GOMEA (original)
26,2751.05,221797,0.000671514,0.955576,0.000654441,0.954964,48,((sqrt(((exp(x1)+log(x6))*exp(x0)))-sin(((log(x7)*sqrt(1.082000))-(log(x2)*x1))))/(((x5*((x3*x7)/(x8+x4)))/x2)+(sin(((x6+x4)-cos(x8)))+(sqrt((x5-x6))*x3)))),feynman_I_9_18,17,GP-GOMEA (original)
27,2861.29,229301,0.000671514,0.955576,0.000654441,0.954964,48,((sqrt(((exp(x1)+log(x6))*exp(x0)))-sin(((log(x7)*sqrt(1.082000))-(log(x2)*x1))))/(((x5*((x3*x7)/(x8+x4)))/x2)+(sin(((x6+x4)-cos(x8)))+(sqrt((x5-x6))*x3)))),feynman_I_9_18,17,GP-GOMEA (original)
28,2970.51,236799,0.000671514,0.955576,0.000654441,0.954964,48,((sqrt(((exp(x1)+log(x6))*exp(x0)))-sin(((log(x7)*sqrt(1.082000))-(log(x2)*x1))))/(((x5*((x3*x7)/(x8+x4)))/x2)+(sin(((x6+x4)-cos(x8)))+(sqrt((x5-x6))*x3)))),feynman_I_9_18,17,GP-GOMEA (original)
29,3075.74,243914,0.000671514,0.955576,0.000654441,0.954964,48,((sqrt(((exp(x1)+log(x6))*exp(x0)))-sin(((log(x7)*sqrt(1.082000))-(log(x2)*x1))))/(((x5*((x3*x7)/(x8+x4)))/x2)+(sin(((x6+x4)-cos(x8)))+(sqrt((x5-x6))*x3)))),feynman_I_9_18,17,GP-GOMEA (original)
29,3175.84,250686,0.000671514,0.955576,0.000654441,0.954964,48,((sqrt(((exp(x1)+log(x6))*exp(x0)))-sin(((log(x7)*sqrt(1.082000))-(log(x2)*x1))))/(((x5*((x3*x7)/(x8+x4)))/x2)+(sin(((x6+x4)-cos(x8)))+(sqrt((x5-x6))*x3)))),feynman_I_9_18,17,GP-GOMEA (original)
30,3293.42,261771,0.000671514,0.955576,0.000654441,0.954964,48,((sqrt(((exp(x1)+log(x6))*exp(x0)))-sin(((log(x7)*sqrt(1.082000))-(log(x2)*x1))))/(((x5*((x3*x7)/(x8+x4)))/x2)+(sin(((x6+x4)-cos(x8)))+(sqrt((x5-x6))*x3)))),feynman_I_9_18,17,GP-GOMEA (original)
31,3392.51,268528,0.000671514,0.955576,0.000654441,0.954964,48,((sqrt(((exp(x1)+log(x6))*exp(x0)))-sin(((log(x7)*sqrt(1.082000))-(log(x2)*x1))))/(((x5*((x3*x7)/(x8+x4)))/x2)+(sin(((x6+x4)-cos(x8)))+(sqrt((x5-x6))*x3)))),feynman_I_9_18,17,GP-GOMEA (original)
32,3491.55,275141,0.000671514,0.955576,0.000654441,0.954964,48,((sqrt(((exp(x1)+log(x6))*exp(x0)))-sin(((log(x7)*sqrt(1.082000))-(log(x2)*x1))))/(((x5*((x3*x7)/(x8+x4)))/x2)+(sin(((x6+x4)-cos(x8)))+(sqrt((x5-x6))*x3)))),feynman_I_9_18,17,GP-GOMEA (original)
33,3591.09,281800,0.000671514,0.955576,0.000654441,0.954964,48,((sqrt(((exp(x1)+log(x6))*exp(x0)))-sin(((log(x7)*sqrt(1.082000))-(log(x2)*x1))))/(((x5*((x3*x7)/(x8+x4)))/x2)+(sin(((x6+x4)-cos(x8)))+(sqrt((x5-x6))*x3)))),feynman_I_9_18,17,GP-GOMEA (original)
0,1.16346,128,0.0281366,-0.861393,0.0281443,-0.823448,7,sin(sin(exp(exp(log(cos(x8)))))),feynman_I_9_18,29,GP-GOMEA (original)
1,68.1773,5806,0.00971416,0.357354,0.0100487,0.348952,25,((sin(log(sqrt((x2*x7))))+(log(((x2*x0)/(x5*x4)))/sqrt(sin((x8*x8)))))/(x7/x1)),feynman_I_9_18,29,GP-GOMEA (original)
2,125.949,11119,0.00723722,0.521218,0.00772263,0.499656,40,(((((sin(8.455000)*(x1/x0))-(x1+log(x2)))/(cos(cos(x6))-((x8-x6)+(x5+x0))))-(sqrt(cos(log(x0)))-sin(x8)))+sin((10.714000*log(cos((17.817000-x6)))))),feynman_I_9_18,29,GP-GOMEA (original)
3,187.46,16774,0.00680876,0.549563,0.0074416,0.517864,46,(((((sin(8.455000)*(x1/x0))-(x1+log(x2)))/(cos(cos(x6))-((x0-x1)+(x7+x0))))-(sqrt(cos(log(x0)))-sin(x8)))+sin(((-4.716000-(exp(x5)+(x7-2.235000)))*log(cos(sqrt(x6)))))),feynman_I_9_18,29,GP-GOMEA (original)
4,254.652,22919,0.00520782,0.655474,0.00546264,0.64608,38,((sin(log(log((x0*x5))))*(log((sin(x2)*(x3*x3)))+x2))*sin(((exp(sin(x8))/((x5-x1)-sin(x3)))/((sin(x0)+cos(x6))+sqrt(exp(x7)))))),feynman_I_9_18,29,GP-GOMEA (original)
5,330.543,30050,0.00485478,0.678829,0.00514604,0.666592,38,((sin(log(log((x0*x5))))*(log((sin(13.594000)*(x7*x3)))+x2))*sin(((exp(sin(x2))/((x5-x1)-sin(x3)))/((sin(x0)+cos(x6))+sqrt(exp(x7)))))),feynman_I_9_18,29,GP-GOMEA (original)
6,412.376,37795,0.00376523,0.750909,0.00360577,0.766385,34,(cos(sin((sqrt((x2--13.576000))/sqrt(sqrt(x8)))))*(((x0/((x5/x7)+(x3-x1)))*exp(sin(log(18.265000))))/(log(exp((x7-x2)))+cos(x4)))),feynman_I_9_18,29,GP-GOMEA (original)
7,503.915,46104,0.00314379,0.792021,0.003042,0.802911,34,(cos(sin((sqrt((x5--13.576000))/sqrt(sqrt(x8)))))*(((x0/((x5/x7)+(x3-x1)))*exp(sin(log(18.265000))))/(log(exp((x7-x2)))+cos(x4)))),feynman_I_9_18,29,GP-GOMEA (original)
8,609.782,55637,0.00312146,0.793498,0.00321555,0.791667,34,(cos(sin((sqrt((x5--13.576000))/sqrt(sqrt(x8)))))*(((x0/((x5/x7)+(x3-x1)))*exp(sin(log(18.265000))))/(log(exp((x7-x2)))+cos(x6)))),feynman_I_9_18,29,GP-GOMEA (original)
9,717.73,65026,0.00312146,0.793498,0.00321555,0.791667,34,(cos(sin((sqrt((x5--13.576000))/sqrt(sqrt(x8)))))*(((x0/((x5/x7)+(x3-x1)))*exp(sin(log(18.265000))))/(log(exp((x7-x2)))+cos(x6)))),feynman_I_9_18,29,GP-GOMEA (original)
9,826.482,74472,0.0168179,-0.112599,0.017299,-0.120788,19,sin((sin(sqrt((sqrt(x7)+sqrt(x4))))/sqrt((log(sqrt(x4))+(exp(x7)/exp(x1)))))),feynman_I_9_18,29,GP-GOMEA (original)
10,946.933,85479,0.0168179,-0.112599,0.017299,-0.120788,19,sin((sin(sqrt((sqrt(x7)+sqrt(x4))))/sqrt((log(sqrt(x4))+(exp(x7)/exp(x1)))))),feynman_I_9_18,29,GP-GOMEA (original)
11,1061.43,95000,0.00218177,0.855664,0.00219612,0.857715,34,(cos(sin((sqrt((x5-x6))/sqrt(sqrt(x8)))))*(((x0/((x5/x7)+(x3-2.235000)))*exp(sin(log(x1))))/(log(exp((x7-x2)))+cos(x4)))),feynman_I_9_18,29,GP-GOMEA (original)
12,1176.2,104441,0.00218177,0.855664,0.00219612,0.857715,34,(cos(sin((sqrt((x5-x6))/sqrt(sqrt(x8)))))*(((x0/((x5/x7)+(x3-2.235000)))*exp(sin(log(x1))))/(log(exp((x7-x2)))+cos(x4)))),feynman_I_9_18,29,GP-GOMEA (original)
13,1293.44,113995,0.00218177,0.855664,0.00219612,0.857715,34,(cos(sin((sqrt((x5-x6))/sqrt(sqrt(x8)))))*(((x0/((x5/x7)+(x3-2.235000)))*exp(sin(log(x1))))/(log(exp((x7-x2)))+cos(x4)))),feynman_I_9_18,29,GP-GOMEA (original)
14,1406.04,122953,0.00146557,0.903045,0.00156405,0.898666,43,(x2/(((((-1.035000*1.557000)+(x6-x5))*((x5-x0)/x0))-((cos(x5)+(x3/x1))*(x7-log(x6))))/(((log(x8)+log(x4))-(cos(x5)+x8))-exp(sqrt(log(x4)))))),feynman_I_9_18,29,GP-GOMEA (original)
15,1516.95,131617,0.00146557,0.903045,0.00156405,0.898666,43,(x2/(((((-1.035000*1.557000)+(x6-x5))*((x5-x0)/x0))-((cos(x5)+(x3/x1))*(x7-log(x6))))/(((log(x8)+log(x4))-(cos(x5)+x8))-exp(sqrt(log(x4)))))),feynman_I_9_18,29,GP-GOMEA (original)
16,1616.85,139981,0.00146557,0.903045,0.00156405,0.898666,43,(x2/(((((-1.035000*1.557000)+(x6-x5))*((x5-x0)/x0))-((cos(x5)+(x3/x1))*(x7-log(x6))))/(((log(x8)+log(x4))-(cos(x5)+x8))-exp(sqrt(log(x4)))))),feynman_I_9_18,29,GP-GOMEA (original)
17,1712.38,148054,0.00146557,0.903045,0.00156405,0.898666,43,(x2/(((((-1.035000*1.557000)+(x6-x5))*((x5-x0)/x0))-((cos(x5)+(x3/x1))*(x7-log(x6))))/(((log(x8)+log(x4))-(cos(x5)+x8))-exp(sqrt(log(x4)))))),feynman_I_9_18,29,GP-GOMEA (original)
18,1800.87,155640,0.00146557,0.903045,0.00156405,0.898666,43,(x2/(((((-1.035000*1.557000)+(x6-x5))*((x5-x0)/x0))-((cos(x5)+(x3/x1))*(x7-log(x6))))/(((log(x8)+log(x4))-(cos(x5)+x8))-exp(sqrt(log(x4)))))),feynman_I_9_18,29,GP-GOMEA (original)
19,1892.61,163390,0.00135192,0.910563,0.00142854,0.907446,42,(x2/((((sin(-1.035000)+(x6-x5))*((x5-x0)/x0))-((cos(x5)+(x3/x1))*(x7-log(x6))))/(((log(x8)+log(x4))-(cos(x5)+x8))-exp(sqrt(log(x4)))))),feynman_I_9_18,29,GP-GOMEA (original)
19,1986.65,170881,0.00118942,0.921313,0.00124864,0.919101,42,(x2/((((sin(-1.035000)+(x6-x5))*((x5-x0)/x0))-((cos(x7)+(x3/x1))*(x7-log(x6))))/(((log(x8)+log(x4))-(cos(x5)+x8))-exp(sqrt(log(x4)))))),feynman_I_9_18,29,GP-GOMEA (original)
20,2096.71,181304,0.00118942,0.921313,0.00124864,0.919101,42,(x2/((((sin(-1.035000)+(x6-x5))*((x5-x0)/x0))-((cos(x7)+(x3/x1))*(x7-log(x6))))/(((log(x8)+log(x4))-(cos(x5)+x8))-exp(sqrt(log(x4)))))),feynman_I_9_18,29,GP-GOMEA (original)
21,2193.89,188911,0.00118942,0.921313,0.00124864,0.919101,42,(x2/((((sin(-1.035000)+(x6-x5))*((x5-x0)/x0))-((cos(x7)+(x3/x1))*(x7-log(x6))))/(((log(x8)+log(x4))-(cos(x5)+x8))-exp(sqrt(log(x4)))))),feynman_I_9_18,29,GP-GOMEA (original)
22,2290.94,196506,0.00118942,0.921313,0.00124864,0.919101,42,(x2/((((sin(-1.035000)+(x6-x5))*((x5-x0)/x0))-((cos(x7)+(x3/x1))*(x7-log(x6))))/(((log(x8)+log(x4))-(cos(x5)+x8))-exp(sqrt(log(x4)))))),feynman_I_9_18,29,GP-GOMEA (original)
23,2388.53,204017,0.00118942,0.921313,0.00124864,0.919101,42,(x2/((((sin(-1.035000)+(x6-x5))*((x5-x0)/x0))-((cos(x7)+(x3/x1))*(x7-log(x6))))/(((log(x8)+log(x4))-(cos(x5)+x8))-exp(sqrt(log(x4)))))),feynman_I_9_18,29,GP-GOMEA (original)
24,2487.62,211439,0.00118942,0.921313,0.00124864,0.919101,42,(x2/((((sin(-1.035000)+(x6-x5))*((x5-x0)/x0))-((cos(x7)+(x3/x1))*(x7-log(x6))))/(((log(x8)+log(x4))-(cos(x5)+x8))-exp(sqrt(log(x4)))))),feynman_I_9_18,29,GP-GOMEA (original)
25,2593.34,218992,0.00118942,0.921313,0.00124864,0.919101,42,(x2/((((sin(-1.035000)+(x6-x5))*((x5-x0)/x0))-((cos(x7)+(x3/x1))*(x7-log(x6))))/(((log(x8)+log(x4))-(cos(x5)+x8))-exp(sqrt(log(x4)))))),feynman_I_9_18,29,GP-GOMEA (original)
26,2700.13,226422,0.00118942,0.921313,0.00124864,0.919101,42,(x2/((((sin(-1.035000)+(x6-x5))*((x5-x0)/x0))-((cos(x7)+(x3/x1))*(x7-log(x6))))/(((log(x8)+log(x4))-(cos(x5)+x8))-exp(sqrt(log(x4)))))),feynman_I_9_18,29,GP-GOMEA (original)
27,2810.29,233922,0.00118942,0.921313,0.00124864,0.919101,42,(x2/((((sin(-1.035000)+(x6-x5))*((x5-x0)/x0))-((cos(x7)+(x3/x1))*(x7-log(x6))))/(((log(x8)+log(x4))-(cos(x5)+x8))-exp(sqrt(log(x4)))))),feynman_I_9_18,29,GP-GOMEA (original)
28,2924.05,241523,0.00118942,0.921313,0.00124864,0.919101,42,(x2/((((sin(-1.035000)+(x6-x5))*((x5-x0)/x0))-((cos(x7)+(x3/x1))*(x7-log(x6))))/(((log(x8)+log(x4))-(cos(x5)+x8))-exp(sqrt(log(x4)))))),feynman_I_9_18,29,GP-GOMEA (original)
29,3043.25,249383,0.00117568,0.922222,0.00118263,0.923379,74,(((((sqrt(-1.717000)-(x1*x0))/-7.669000)*sqrt((log(x4)+log(x6))))+((((x8*x0)/(x7-x4))+x6)/((sqrt(x5)+exp(-9.638000))*exp((x3/x2)))))+(((x0/((x5-x8)-(x8-2.235000)))/exp(sin((x0-x1))))/((exp((x7-x7))+((x0+x5)+(x2*x5)))-(x4-((-7.634000-x7)*sin(x7)))))),feynman_I_9_18,29,GP-GOMEA (original)
29,3163.09,257342,0.00111598,0.926171,0.00113062,0.926748,74,(((((sqrt(-1.717000)-(x1*x0))/-7.669000)*sqrt((log(x4)+log(x6))))+((((x8*x0)/(x7-x4))+x6)/((sqrt(x5)+exp(-9.638000))*exp((x3/x2)))))+(((x0/((x5-x8)-(x8-2.235000)))/exp(sin((x0-x1))))/((exp((x7-x7))*((x5+x5)+(x2*x5)))-(x4-((-7.634000-x7)*sin(x7)))))),feynman_I_9_18,29,GP-GOMEA (original)
30,3287.36,269327,0.00111598,0.926171,0.00113062,0.926748,74,(((((sqrt(-1.717000)-(x1*x0))/-7.669000)*sqrt((log(x4)+log(x6))))+((((x8*x0)/(x7-x4))+x6)/((sqrt(x5)+exp(-9.638000))*exp((x3/x2)))))+(((x0/((x5-x8)-(x8-2.235000)))/exp(sin((x0-x1))))/((exp((x7-x7))*((x5+x5)+(x2*x5)))-(x4-((-7.634000-x7)*sin(x7)))))),feynman_I_9_18,29,GP-GOMEA (original)
31,3406.37,277203,0.00110345,0.927001,0.00112617,0.927036,74,(((((sqrt(-1.717000)-(x1*x0))/-7.669000)*sqrt((log(x4)+log(x6))))+((((x8*x0)/(x7-x4))+x6)/((sqrt(x5)+exp(-9.638000))*exp((x3/x2)))))+(((x0/((x5-x8)-(x8-2.235000)))/exp(sin((x0-x1))))/((exp((x7-x7))*((x5+x3)+(x2*x5)))-(x4-((-11.161000-x7)*sin(x7)))))),feynman_I_9_18,29,GP-GOMEA (original)
32,3522.68,284931,0.0010561,0.930133,0.00108297,0.929835,72,(((((sqrt(-1.717000)-(x1*x0))/-7.669000)*sqrt((log(x4)+log(x6))))+((((x8*x0)/(x7-x4))+x6)/((sqrt(x5)+exp(-17.551000))*exp((x3/x2)))))+(((x0/((x5-x8)-(x8-2.235000)))/exp(sin((x0-x1))))/((sin((x2-x7))+((x5*x5)+x8))-(x4-((-7.634000*x7)*sin(x7)))))),feynman_I_9_18,29,GP-GOMEA (original)
0,1.02519,128,0.0382863,-1.53285,0.039225,-1.48673,3,(x8/x3),feynman_I_9_18,20,GP-GOMEA (original)
1,48.8155,5066,0.00972735,0.356482,0.0102422,0.35068,17,(sqrt((cos((sqrt(x6)+(x0+x4)))-(sin((x7+x8))*x2)))/x3),feynman_I_9_18,20,GP-GOMEA (original)
2,94.7107,10361,0.00702206,0.535452,0.00740311,0.530668,13,log(sqrt(((sqrt(x1)-((x0/x2)/sqrt(x4)))+x0))),feynman_I_9_18,20,GP-GOMEA (original)
3,145.07,16260,0.00685286,0.546645,0.00721114,0.542839,23,log(((x5/x5)+(((x0*(x6/x6))-(log(x7)/exp(x8)))/(sin((x2+x1))+x3)))),feynman_I_9_18,20,GP-GOMEA (original)
4,196.235,22323,0.00658407,0.564428,0.00694329,0.55982,23,log(((x5/x5)+(((x0*(x6/x6))-(log(x7)/exp(x1)))/(sin((x2+x1))+x3)))),feynman_I_9_18,20,GP-GOMEA (original)
5,251.429,28848,0.00644448,0.573662,0.00682163,0.567532,20,exp((((log(sin(x8))+cos(sqrt(x2)))/sin((cos(x0)+-7.343000)))-(log(x7)-log(x1)))),feynman_I_9_18,20,GP-GOMEA (original)
6,312.494,36020,0.00644448,0.573662,0.00682163,0.567532,20,exp((((log(sin(x8))+cos(sqrt(x2)))/sin((cos(x0)+-7.343000)))-(log(x7)-log(x1)))),feynman_I_9_18,20,GP-GOMEA (original)
7,379.515,43650,0.0061693,0.591866,0.00603627,0.617322,18,(exp((((x0+(x2*x0))+((x1-x7)*(x5-x1)))/x5))/x3),feynman_I_9_18,20,GP-GOMEA (original)
8,446.337,51582,0.00403371,0.733148,0.00395496,0.749269,18,(exp((((x0+(x2*x6))+((x4-x7)*(x5-x1)))/x5))/x3),feynman_I_9_18,20,GP-GOMEA (original)
9,514.536,59548,0.00403371,0.733148,0.00395496,0.749269,18,(exp((((x0+(x2*x6))+((x4-x7)*(x5-x1)))/x5))/x3),feynman_I_9_18,20,GP-GOMEA (original)
9,593.932,68730,0.0164253,-0.0866241,0.0167894,-0.0643928,23,(sqrt((cos(sqrt(exp(x8)))/sin(exp(cos(x2)))))*sqrt((sin(sin((x4/x3)))/sqrt(exp((x8+x8)))))),feynman_I_9_18,20,GP-GOMEA (original)
10,716.405,79669,0.0164253,-0.0866241,0.0167894,-0.0643928,23,(sqrt((cos(sqrt(exp(x8)))/sin(exp(cos(x2)))))*sqrt((sin(sin((x4/x3)))/sqrt(exp((x8+x8)))))),feynman_I_9_18,20,GP-GOMEA (original)
11,797.151,88823,0.0164253,-0.0866241,0.0167894,-0.0643928,23,(sqrt((cos(sqrt(exp(x8)))/sin(exp(cos(x2)))))*sqrt((sin(sin((x4/x3)))/sqrt(exp((x8+x8)))))),feynman_I_9_18,20,GP-GOMEA (original)
12,880.787,98090,0.0164253,-0.0866241,0.0167894,-0.0643928,23,(sqrt((cos(sqrt(exp(x8)))/sin(exp(cos(x2)))))*sqrt((sin(sin((x4/x3)))/sqrt(exp((x8+x8)))))),feynman_I_9_18,20,GP-GOMEA (original)
13,969.349,107539,0.0164253,-0.0866241,0.0167894,-0.0643928,23,(sqrt((cos(sqrt(exp(x8)))/sin(exp(cos(x2)))))*sqrt((sin(sin((x4/x3)))/sqrt(exp((x8+x8)))))),feynman_I_9_18,20,GP-GOMEA (original)
14,1064.14,116963,0.00362869,0.759942,0.00377985,0.76037,18,(exp((((x0+(x2*x1))+((x0-x7)-(x5-x1)))/x5))/x3),feynman_I_9_18,20,GP-GOMEA (original)
15,1161.96,126475,0.00309972,0.794936,0.00327695,0.792253,18,(exp((((x0+(x2*x1))+((x0-x7)-(x5-x4)))/x5))/x3),feynman_I_9_18,20,GP-GOMEA (original)
16,1261.01,135804,0.00309972,0.794936,0.00327695,0.792253,18,(exp((((x0+(x2*x1))+((x0-x7)-(x5-x4)))/x5))/x3),feynman_I_9_18,20,GP-GOMEA (original)
17,1357.91,144875,0.00309972,0.794936,0.00327695,0.792253,18,(exp((((x0+(x2*x1))+((x0-x7)-(x5-x4)))/x5))/x3),feynman_I_9_18,20,GP-GOMEA (original)
18,1448.38,153406,0.00309972,0.794936,0.00327695,0.792253,18,(exp((((x0+(x2*x1))+((x0-x7)-(x5-x4)))/x5))/x3),feynman_I_9_18,20,GP-GOMEA (original)
19,1536.99,161638,0.00309972,0.794936,0.00327695,0.792253,18,(exp((((x0+(x2*x1))+((x0-x7)-(x5-x4)))/x5))/x3),feynman_I_9_18,20,GP-GOMEA (original)
19,1626.28,169765,0.00309972,0.794936,0.00327695,0.792253,18,(exp((((x0+(x2*x1))+((x0-x7)-(x5-x4)))/x5))/x3),feynman_I_9_18,20,GP-GOMEA (original)
20,1743.05,180979,0.00309972,0.794936,0.00327695,0.792253,18,(exp((((x0+(x2*x1))+((x0-x7)-(x5-x4)))/x5))/x3),feynman_I_9_18,20,GP-GOMEA (original)
21,1832.13,188953,0.00244664,0.838141,0.00240463,0.847555,21,(exp((((x0+(x2*x1))+((x0-x7)-(x5-x4)))/sqrt(exp(sqrt(x3)))))/x3),feynman_I_9_18,20,GP-GOMEA (original)
22,1923.4,197211,0.0020645,0.863422,0.00212077,0.86555,24,(exp((((x0+(x2*x1))+((x8-x7)-(x5-x4)))/sqrt((cos(x3)-(x5*x2)))))/x3),feynman_I_9_18,20,GP-GOMEA (original)
23,2018.31,205672,0.00197435,0.869386,0.00199597,0.873462,24,(exp((((x0+(x2*x1))+((x8-x7)-(x5-x4)))/sqrt((cos(x3)-(x5+x1)))))/x3),feynman_I_9_18,20,GP-GOMEA (original)
24,2112.21,213981,0.00196217,0.870191,0.00194675,0.876583,24,(exp((((x0+(x2*x1))+((x8-x7)-(x5-x4)))/sqrt((cos(x1)-(x5+x2)))))/x3),feynman_I_9_18,20,GP-GOMEA (original)
25,2209.4,222474,0.00196217,0.870191,0.00194675,0.876583,24,(exp((((x0+(x2*x1))+((x8-x7)-(x5-x4)))/sqrt((cos(x1)-(x5+x2)))))/x3),feynman_I_9_18,20,GP-GOMEA (original)
26,2301.22,230488,0.00196217,0.870191,0.00194675,0.876583,24,(exp((((x0+(x2*x1))+((x8-x7)-(x5-x4)))/sqrt((cos(x1)-(x5+x2)))))/x3),feynman_I_9_18,20,GP-GOMEA (original)
27,2394.08,238628,0.00196217,0.870191,0.00194675,0.876583,24,(exp((((x0+(x2*x1))+((x8-x7)-(x5-x4)))/sqrt((cos(x1)-(x5+x2)))))/x3),feynman_I_9_18,20,GP-GOMEA (original)
28,2484.15,246357,0.00196217,0.870191,0.00194675,0.876583,24,(exp((((x0+(x2*x1))+((x8-x7)-(x5-x4)))/sqrt((cos(x1)-(x5+x2)))))/x3),feynman_I_9_18,20,GP-GOMEA (original)
29,2573.79,254155,0.00196217,0.870191,0.00194675,0.876583,24,(exp((((x0+(x2*x1))+((x8-x7)-(x5-x4)))/sqrt((cos(x1)-(x5+x2)))))/x3),feynman_I_9_18,20,GP-GOMEA (original)
29,2665.03,261967,0.00196217,0.870191,0.00194675,0.876583,24,(exp((((x0+(x2*x1))+((x8-x7)-(x5-x4)))/sqrt((cos(x1)-(x5+x2)))))/x3),feynman_I_9_18,20,GP-GOMEA (original)
30,2787.34,273871,0.00196217,0.870191,0.00194675,0.876583,24,(exp((((x0+(x2*x1))+((x8-x7)-(x5-x4)))/sqrt((cos(x1)-(x5+x2)))))/x3),feynman_I_9_18,20,GP-GOMEA (original)
31,2879.84,281773,0.00196217,0.870191,0.00194675,0.876583,24,(exp((((x0+(x2*x1))+((x8-x7)-(x5-x4)))/sqrt((cos(x1)-(x5+x2)))))/x3),feynman_I_9_18,20,GP-GOMEA (original)
32,2972.42,289610,0.00196217,0.870191,0.00194675,0.876583,24,(exp((((x0+(x2*x1))+((x8-x7)-(x5-x4)))/sqrt((cos(x1)-(x5+x2)))))/x3),feynman_I_9_18,20,GP-GOMEA (original)
33,3063.7,297401,0.00196217,0.870191,0.00194675,0.876583,24,(exp((((x0+(x2*x1))+((x8-x7)-(x5-x4)))/sqrt((cos(x1)-(x5+x2)))))/x3),feynman_I_9_18,20,GP-GOMEA (original)
34,3155.2,305179,0.00196217,0.870191,0.00194675,0.876583,24,(exp((((x0+(x2*x1))+((x8-x7)-(x5-x4)))/sqrt((cos(x1)-(x5+x2)))))/x3),feynman_I_9_18,20,GP-GOMEA (original)
35,3247.58,312955,0.00196217,0.870191,0.00194675,0.876583,24,(exp((((x0+(x2*x1))+((x8-x7)-(x5-x4)))/sqrt((cos(x1)-(x5+x2)))))/x3),feynman_I_9_18,20,GP-GOMEA (original)
36,3340.52,320648,0.00196217,0.870191,0.00194675,0.876583,24,(exp((((x0+(x2*x1))+((x8-x7)-(x5-x4)))/sqrt((cos(x1)-(x5+x2)))))/x3),feynman_I_9_18,20,GP-GOMEA (original)
37,3436.99,328550,0.00196217,0.870191,0.00194675,0.876583,24,(exp((((x0+(x2*x1))+((x8-x7)-(x5-x4)))/sqrt((cos(x1)-(x5+x2)))))/x3),feynman_I_9_18,20,GP-GOMEA (original)
38,3529.07,336029,0.00196217,0.870191,0.00194675,0.876583,24,(exp((((x0+(x2*x1))+((x8-x7)-(x5-x4)))/sqrt((cos(x1)-(x5+x2)))))/x3),feynman_I_9_18,20,GP-GOMEA (original)
0,1.06968,128,0.0164317,-0.0870466,0.0155647,-0.089921,9,sin(sin((x8/(sqrt(cos(x5))+x3)))),feynman_I_9_18,23,GP-GOMEA (original)
1,63.0739,5206,0.0108168,0.284406,0.010705,0.250378,18,sqrt((log(cos(sqrt(exp(x5))))+((x8/exp((x5/x1)))/(x8/cos(x3))))),feynman_I_9_18,23,GP-GOMEA (original)
2,124.112,10710,0.00807885,0.465539,0.00778108,0.455129,19,((sin(cos((x1+log(x6))))-x8)/(((x8*(cos(-4.122000)+-8.981000))/x8)/x2)),feynman_I_9_18,23,GP-GOMEA (original)
3,195.259,17127,0.00687058,0.545473,0.0067372,0.528227,42,((cos(log(((x5/x0)*sin(x8))))+(cos(log((x5-x2)))/(cos(log(x2))/log(x3))))/(exp(sqrt(((x1/x0)/(x2*x1))))+exp((sqrt((x6-x7))*(sqrt(-2.798000)/x1))))),feynman_I_9_18,23,GP-GOMEA (original)
4,271.444,23904,0.00400611,0.734974,0.00398819,0.720726,40,((cos(log((sqrt(x4)*sin(x3))))+(cos(log((x5-x2)))/(cos(log(x2))/x4)))/(exp(sqrt(((x1/x0)/(x0*x0))))+exp((sqrt((x6-x7))*(sqrt(x3)/x1))))),feynman_I_9_18,23,GP-GOMEA (original)
5,353.316,30890,0.00400611,0.734974,0.00398819,0.720726,40,((cos(log((sqrt(x4)*sin(x3))))+(cos(log((x5-x2)))/(cos(log(x2))/x4)))/(exp(sqrt(((x1/x0)/(x0*x0))))+exp((sqrt((x6-x7))*(sqrt(x3)/x1))))),feynman_I_9_18,23,GP-GOMEA (original)
6,443.65,38565,0.00400568,0.735002,0.00397631,0.721559,40,((cos(log((sqrt(x5)*sin(0.718000))))+(cos(log((x5-x2)))/(cos(log(x2))/x4)))/(exp(sqrt(((x1/x0)/(x0*x0))))+exp((sqrt((x6-x7))*(sqrt(x3)/x1))))),feynman_I_9_18,23,GP-GOMEA (original)
7,538.882,46571,0.00400568,0.735002,0.00397631,0.721559,40,((cos(log((sqrt(x5)*sin(0.718000))))+(cos(log((x5-x2)))/(cos(log(x2))/x4)))/(exp(sqrt(((x1/x0)/(x0*x0))))+exp((sqrt((x6-x7))*(sqrt(x3)/x1))))),feynman_I_9_18,23,GP-GOMEA (original)
8,640.245,55002,0.00400568,0.735002,0.00397631,0.721559,40,((cos(log((sqrt(x5)*sin(0.718000))))+(cos(log((x5-x2)))/(cos(log(x2))/x4)))/(exp(sqrt(((x1/x0)/(x0*x0))))+exp((sqrt((x6-x7))*(sqrt(x3)/x1))))),feynman_I_9_18,23,GP-GOMEA (original)
9,742.113,63223,0.00318822,0.789082,0.00318528,0.77695,44,((cos(log((sqrt(x5)*sqrt(0.718000))))+(cos(log((x5-x2)))/(cos(log(x2))/x4)))/(exp((((x1/x0)/(x0*x0))/(sin(x3)+x8)))+exp((sqrt((x6-x7))*(sqrt(x3)/x1))))),feynman_I_9_18,23,GP-GOMEA (original)
9,846.685,71968,0.016804,-0.111678,0.0161648,-0.131939,9,sqrt(sin(log(sqrt((sqrt(x0)*sin(x1)))))),feynman_I_9_18,23,GP-GOMEA (original)
10,970.946,82603,0.016804,-0.111678,0.0161648,-0.131939,9,sqrt(sin(log(sqrt((sqrt(x0)*sin(x1)))))),feynman_I_9_18,23,GP-GOMEA (original)
11,1077.76,91147,0.016804,-0.111678,0.0161648,-0.131939,9,sqrt(sin(log(sqrt((sqrt(x0)*sin(x1)))))),feynman_I_9_18,23,GP-GOMEA (original)
12,1187.31,99766,0.016804,-0.111678,0.0161648,-0.131939,9,sqrt(sin(log(sqrt((sqrt(x0)*sin(x1)))))),feynman_I_9_18,23,GP-GOMEA (original)
13,1296.97,108134,0.016804,-0.111678,0.0161648,-0.131939,9,sqrt(sin(log(sqrt((sqrt(x0)*sin(x1)))))),feynman_I_9_18,23,GP-GOMEA (original)
14,1411.8,116265,0.016804,-0.111678,0.0161648,-0.131939,9,sqrt(sin(log(sqrt((sqrt(x0)*sin(x1)))))),feynman_I_9_18,23,GP-GOMEA (original)
15,1534.56,124472,0.00312045,0.793565,0.00307614,0.784593,37,(sin((sqrt(((x1+x2)+(x0-x5)))/(sin((x4-10.974000))+x7)))*(sqrt((((x6/x3)*x1)/log(sqrt(x3))))+exp(((x7*(x5+x6))-exp(x7))))),feynman_I_9_18,23,GP-GOMEA (original)
16,1656.45,132412,0.00311635,0.793836,0.00307298,0.784814,37,(sin((sqrt(((x1+x2)+(x0-x5)))/(sin((x4-10.974000))+x7)))*(sqrt((((x6/x3)*x1)/log(sqrt(x3))))+exp(((x7*(x5+x2))-exp(x7))))),feynman_I_9_18,23,GP-GOMEA (original)
17,1772.03,139701,0.00302683,0.799759,0.00287511,0.79867,43,(((log((exp(x2)*x0))/log(((x5-x4)*exp(x7))))/(cos((log(x8)-cos(x0)))+cos((log(x1)*sqrt(x5)))))*sqrt(((x8/((x1*x5)/(x6*x4)))*(cos(x0)-x1)))),feynman_I_9_18,23,GP-GOMEA (original)
18,1884.16,146806,0.00254738,0.831477,0.00244503,0.828786,43,(((log((exp(x2)*x0))/log(((x5-x4)*exp(x7))))/(cos((log(-19.080000)-cos(x0)))+cos((log(x1)*sqrt(x5)))))*sqrt(((x8/((x1*x5)/(x6*x4)))*(cos(x0)-x1)))),feynman_I_9_18,23,GP-GOMEA (original)
19,2000.44,153927,0.00254738,0.831477,0.00244503,0.828786,43,(((log((exp(x2)*x0))/log(((x5-x4)*exp(x7))))/(cos((log(-19.080000)-cos(x0)))+cos((log(x1)*sqrt(x5)))))*sqrt(((x8/((x1*x5)/(x6*x4)))*(cos(x0)-x1)))),feynman_I_9_18,23,GP-GOMEA (original)
19,2118.49,161147,0.00254738,0.831477,0.00244503,0.828786,43,(((log((exp(x2)*x0))/log(((x5-x4)*exp(x7))))/(cos((log(-19.080000)-cos(x0)))+cos((log(x1)*sqrt(x5)))))*sqrt(((x8/((x1*x5)/(x6*x4)))*(cos(x0)-x1)))),feynman_I_9_18,23,GP-GOMEA (original)
20,2229.39,171993,0.00254738,0.831477,0.00244503,0.828786,43,(((log((exp(x2)*x0))/log(((x5-x4)*exp(x7))))/(cos((log(-19.080000)-cos(x0)))+cos((log(x1)*sqrt(x5)))))*sqrt(((x8/((x1*x5)/(x6*x4)))*(cos(x0)-x1)))),feynman_I_9_18,23,GP-GOMEA (original)
21,2344.82,179056,0.00232956,0.845886,0.0022182,0.84467,48,(((log((exp(x2)*x0))/log(((x5-x4)*exp(x7))))/(cos((log(x8)-cos(x0)))+cos((log(x1)*sqrt(x7)))))*(sqrt((((x6/x3)*x8)/log(sqrt(x3))))+exp(((x7*(x5+1.123000))-exp(x7))))),feynman_I_9_18,23,GP-GOMEA (original)
22,2459.24,186001,0.00232836,0.845966,0.00221758,0.844714,48,(((log((exp(x2)*x0))/log(((x5-x4)*exp(x7))))/(cos((log(x8)-cos(x0)))+cos((log(x1)*sqrt(x7)))))*(sqrt((((x6/x3)*x8)/log(sqrt(x3))))+exp(((x7*(x0+x6))-exp(x7))))),feynman_I_9_18,23,GP-GOMEA (original)
23,2574.16,192890,0.00225441,0.850858,0.00215599,0.849026,48,(((log((exp(x2)*x0))/log(((x5/x4)*exp(x7))))/(cos((log(x8)-cos(x0)))+cos((log(x1)*sqrt(x7)))))*(sqrt((((x6/x3)*x8)/log(sqrt(x5))))+exp(((x7*(x4+x2))-exp(x7))))),feynman_I_9_18,23,GP-GOMEA (original)
24,2688.68,199635,0.00224536,0.851457,0.00214753,0.849619,48,(((log((exp(x2)*x0))/log(((x5/x4)*exp(x7))))/(cos((log(x8)-cos(x0)))+cos((log(x1)*sqrt(x7)))))*(sqrt((((x6/x3)*x8)/log(sqrt(x5))))+exp(((x7*(x5+x2))-exp(x7))))),feynman_I_9_18,23,GP-GOMEA (original)
25,2808.45,206529,0.00224536,0.851457,0.00214753,0.849619,48,(((log((exp(x2)*x0))/log(((x5/x4)*exp(x7))))/(cos((log(x8)-cos(x0)))+cos((log(x1)*sqrt(x7)))))*(sqrt((((x6/x3)*x8)/log(sqrt(x5))))+exp(((x7*(x5+x2))-exp(x7))))),feynman_I_9_18,23,GP-GOMEA (original)
26,2926.06,213281,0.00224536,0.851457,0.00214753,0.849619,48,(((log((exp(x2)*x0))/log(((x5/x4)*exp(x7))))/(cos((log(x8)-cos(x0)))+cos((log(x1)*sqrt(x7)))))*(sqrt((((x6/x3)*x8)/log(sqrt(x5))))+exp(((x7*(x5+x2))-exp(x7))))),feynman_I_9_18,23,GP-GOMEA (original)
27,3045.89,220234,0.00224536,0.851457,0.00214753,0.849619,48,(((log((exp(x2)*x0))/log(((x5/x4)*exp(x7))))/(cos((log(x8)-cos(x0)))+cos((log(x1)*sqrt(x7)))))*(sqrt((((x6/x3)*x8)/log(sqrt(x5))))+exp(((x7*(x5+x2))-exp(x7))))),feynman_I_9_18,23,GP-GOMEA (original)
28,3164.25,227145,0.00188855,0.875062,0.00188274,0.868161,46,(((log((exp(x2)*x0))/log(((x5-x4)*exp(x7))))/(cos((log(-19.080000)-cos(x0)))+cos((log(x1)*sqrt(x7)))))*sqrt(((x8/((x3*x2)/(x6*x2)))*(cos(x0)-sqrt((x4+x6)))))),feynman_I_9_18,23,GP-GOMEA (original)
29,3281.34,233883,0.00172719,0.885737,0.00169634,0.881214,46,(((log((exp(x2)*x0))/log(((x5-x4)*exp(x7))))/(cos((log(-19.080000)-cos(x0)))+cos((log(x1)*sqrt(x7)))))*sqrt(((x8/((x3*x2)/(x6*x2)))*(cos(x0)-sqrt((x4+x4)))))),feynman_I_9_18,23,GP-GOMEA (original)
29,3400.7,240804,0.00172719,0.885737,0.00169634,0.881214,46,(((log((exp(x2)*x0))/log(((x5-x4)*exp(x7))))/(cos((log(-19.080000)-cos(x0)))+cos((log(x1)*sqrt(x7)))))*sqrt(((x8/((x3*x2)/(x6*x2)))*(cos(x0)-sqrt((x4+x4)))))),feynman_I_9_18,23,GP-GOMEA (original)
30,3528.83,252888,0.00172719,0.885737,0.00169634,0.881214,46,(((log((exp(x2)*x0))/log(((x5-x4)*exp(x7))))/(cos((log(-19.080000)-cos(x0)))+cos((log(x1)*sqrt(x7)))))*sqrt(((x8/((x3*x2)/(x6*x2)))*(cos(x0)-sqrt((x4+x4)))))),feynman_I_9_18,23,GP-GOMEA (original)
0,1.16203,128,0.0222492,-0.471908,0.0216991,-0.441452,8,(x0/((x5/log(x6))/x4)),feynman_I_9_18,10,GP-GOMEA (original)
1,59.4351,5545,0.00992714,0.343265,0.00966978,0.357644,18,(sqrt((x1*(sin(x2)/sqrt((x5-x0)))))-sin(sin(cos((x0/exp(x0)))))),feynman_I_9_18,10,GP-GOMEA (original)
2,110.327,10981,0.0085802,0.432373,0.00832814,0.446768,18,(sqrt((x1*(sin(x2)/sqrt((x5-x0)))))-sin(sin(cos((x0/exp(x1)))))),feynman_I_9_18,10,GP-GOMEA (original)
3,164.574,16886,0.00591344,0.608793,0.00600817,0.600882,33,sqrt((((log((x3*x8))*((11.096000/x2)*cos(x7)))*((log(x2)/sqrt(-17.056000))/exp(sin(x6))))*(x0/exp(((x3/x1)-(x6/4.460000)))))),feynman_I_9_18,10,GP-GOMEA (original)
4,228.399,23716,0.0048168,0.681342,0.00495658,0.670738,32,sqrt((((log((x3*x8))*((11.096000/x2)*cos(x7)))*((log(x2)/sqrt(-17.056000))/exp(sin(x2))))*(x0/exp(((x3/x1)-log(x0)))))),feynman_I_9_18,10,GP-GOMEA (original)
5,290.856,30523,0.00481192,0.681665,0.004889,0.675228,32,sqrt((((log((x3*x6))*((11.096000/x2)*cos(x7)))*((log(x2)/sqrt(-17.056000))/exp(sin(x2))))*(x0/exp(((x3/x1)-log(x0)))))),feynman_I_9_18,10,GP-GOMEA (original)
6,362.342,38153,0.00411375,0.727853,0.00414288,0.724792,31,sqrt((((log((x3*x6))*((11.096000/x2)*cos(x7)))*((log(x2)/x5)/exp(sin(x2))))*(x0/exp(((x3/x1)-log(x0)))))),feynman_I_9_18,10,GP-GOMEA (original)
7,443.727,46606,0.00388866,0.742744,0.00395439,0.737313,31,sqrt((((log((x3*x6))*((11.096000/x2)*cos(x7)))*((log(x2)/x5)/exp(sin(x2))))*(x0/exp(((x3/x1)-log(x4)))))),feynman_I_9_18,10,GP-GOMEA (original)
8,535.12,55565,0.00388866,0.742744,0.00395439,0.737313,31,sqrt((((log((x3*x6))*((11.096000/x2)*cos(x7)))*((log(x2)/x5)/exp(sin(x2))))*(x0/exp(((x3/x1)-log(x4)))))),feynman_I_9_18,10,GP-GOMEA (original)
9,622.074,63973,0.0038852,0.742972,0.00405344,0.730733,31,sqrt((((log((x3*x6))*((11.096000/x2)*cos(x7)))*((log(x2)/x5)/exp(sin(x2))))*(x0/exp(((x3/x1)-log(x8)))))),feynman_I_9_18,10,GP-GOMEA (original)
9,706.932,72044,0.028559,-0.889336,0.0278082,-0.847277,6,sin(log((cos(x1)--19.567000))),feynman_I_9_18,10,GP-GOMEA (original)
10,806.819,81766,0.028559,-0.889336,0.0278082,-0.847277,6,sin(log((cos(x1)--19.567000))),feynman_I_9_18,10,GP-GOMEA (original)
11,894.273,89887,0.028559,-0.889336,0.0278082,-0.847277,6,sin(log((cos(x1)--19.567000))),feynman_I_9_18,10,GP-GOMEA (original)
12,987.461,98287,0.028559,-0.889336,0.0278082,-0.847277,6,sin(log((cos(x1)--19.567000))),feynman_I_9_18,10,GP-GOMEA (original)
13,1080.02,106310,0.028559,-0.889336,0.0278082,-0.847277,6,sin(log((cos(x1)--19.567000))),feynman_I_9_18,10,GP-GOMEA (original)
14,1180.63,114585,0.028559,-0.889336,0.0278082,-0.847277,6,sin(log((cos(x1)--19.567000))),feynman_I_9_18,10,GP-GOMEA (original)
15,1285.97,123181,0.028559,-0.889336,0.0278082,-0.847277,6,sin(log((cos(x1)--19.567000))),feynman_I_9_18,10,GP-GOMEA (original)
16,1394.86,131784,0.028559,-0.889336,0.0278082,-0.847277,6,sin(log((cos(x1)--19.567000))),feynman_I_9_18,10,GP-GOMEA (original)
17,1501.89,140188,0.028559,-0.889336,0.0278082,-0.847277,6,sin(log((cos(x1)--19.567000))),feynman_I_9_18,10,GP-GOMEA (original)
18,1609.07,148476,0.00295548,0.804479,0.00298271,0.801861,25,(log(((sqrt((x1*x2))+sqrt(cos(x5)))+(log(x0)/((x7-x4)-log(x8)))))-sin(sin(cos(log(x6))))),feynman_I_9_18,10,GP-GOMEA (original)
19,1720.32,156666,0.00295548,0.804479,0.00298271,0.801861,25,(log(((sqrt((x1*x2))+sqrt(cos(x5)))+(log(x0)/((x7-x4)-log(x8)))))-sin(sin(cos(log(x6))))),feynman_I_9_18,10,GP-GOMEA (original)
19,1837.55,165037,0.00295548,0.804479,0.00298271,0.801861,25,(log(((sqrt((x1*x2))+sqrt(cos(x5)))+(log(x0)/((x7-x4)-log(x8)))))-sin(sin(cos(log(x6))))),feynman_I_9_18,10,GP-GOMEA (original)
20,1933.76,175574,0.00295548,0.804479,0.00298271,0.801861,25,(log(((sqrt((x1*x2))+sqrt(cos(x5)))+(log(x0)/((x7-x4)-log(x8)))))-sin(sin(cos(log(x6))))),feynman_I_9_18,10,GP-GOMEA (original)
21,2062.1,184501,0.00295548,0.804479,0.00298271,0.801861,25,(log(((sqrt((x1*x2))+sqrt(cos(x5)))+(log(x0)/((x7-x4)-log(x8)))))-sin(sin(cos(log(x6))))),feynman_I_9_18,10,GP-GOMEA (original)
22,2190.73,193119,0.00295548,0.804479,0.00298271,0.801861,25,(log(((sqrt((x1*x2))+sqrt(cos(x5)))+(log(x0)/((x7-x4)-log(x8)))))-sin(sin(cos(log(x6))))),feynman_I_9_18,10,GP-GOMEA (original)
23,2328.52,201958,0.00295548,0.804479,0.00298271,0.801861,25,(log(((sqrt((x1*x2))+sqrt(cos(x5)))+(log(x0)/((x7-x4)-log(x8)))))-sin(sin(cos(log(x6))))),feynman_I_9_18,10,GP-GOMEA (original)
24,2464.99,210499,0.00295548,0.804479,0.00298271,0.801861,25,(log(((sqrt((x1*x2))+sqrt(cos(x5)))+(log(x0)/((x7-x4)-log(x8)))))-sin(sin(cos(log(x6))))),feynman_I_9_18,10,GP-GOMEA (original)
25,2603.49,219179,0.00240945,0.840602,0.00253344,0.831705,35,((log(sqrt(((-4.613000*x6)-(x7*x0))))-(cos((x5/exp(x4)))/-3.478000))/((((x3/sqrt(x2))*log(exp(x7)))/log((x1*(x0+x0))))-x8)),feynman_I_9_18,10,GP-GOMEA (original)
26,2743.62,227852,0.00221666,0.853356,0.00236363,0.842986,35,((log(sqrt(((-4.613000*x6)-(x7*x2))))-(cos((x5/exp(x4)))/-3.478000))/((((x3/sqrt(x2))*log(exp(x7)))/log((x1*(x0+x0))))-x8)),feynman_I_9_18,10,GP-GOMEA (original)
27,2877.17,235987,0.00221666,0.853356,0.00236363,0.842986,35,((log(sqrt(((-4.613000*x6)-(x7*x2))))-(cos((x5/exp(x4)))/-3.478000))/((((x3/sqrt(x2))*log(exp(x7)))/log((x1*(x0+x0))))-x8)),feynman_I_9_18,10,GP-GOMEA (original)
28,3011.7,244133,0.00214404,0.85816,0.00217212,0.855708,56,(((x0*(x2/(x3+(x2/x3))))/(((x5+cos(x1))*(sin(-11.893000)*log(x7)))/(((x3/x7)+(x7/x3))-(sqrt(8.389000)/(x5*x1)))))*log((cos(log((x1-x5)))*(((x1/x3)*(1.467000*x8))-((x0-x4)-x0))))),feynman_I_9_18,10,GP-GOMEA (original)
29,3154.1,252802,0.00138346,0.908476,0.00133014,0.91164,56,(((x0*(x2/(x3+(x1/-17.432000))))/(((x5+cos(x1))*(sin(-11.893000)*log(x7)))/(((x3/x7)+(x7/x3))-(sqrt(8.389000)/(x5*x1)))))*log((cos(log((x0-x7)))*(((x6/x5)*(1.467000*x8))-((x0-x4)-x0))))),feynman_I_9_18,10,GP-GOMEA (original)
29,3292.3,261214,0.00086347,0.942877,0.000850839,0.943479,56,(((x0*(x2/(x3-(x2/-17.432000))))/(((x5+cos(x1))*(sin(-11.893000)*log(x7)))/(((x3/x7)+(x7/x3))-(sqrt(8.389000)/(x5*x1)))))*log((exp(log((x0-x7)))*(((x6/x5)*(1.467000*x8))-((x0-x4)-x0))))),feynman_I_9_18,10,GP-GOMEA (original)
30,3392.45,271155,0.00086347,0.942877,0.000850839,0.943479,56,(((x0*(x2/(x3-(x2/-17.432000))))/(((x5+cos(x1))*(sin(-11.893000)*log(x7)))/(((x3/x7)+(x7/x3))-(sqrt(8.389000)/(x5*x1)))))*log((exp(log((x0-x7)))*(((x6/x5)*(1.467000*x8))-((x0-x4)-x0))))),feynman_I_9_18,10,GP-GOMEA (original)
31,3530.57,279727,0.000860494,0.943074,0.000854585,0.943231,58,(((x0*(x2/(x3-(x2/-17.432000))))/(((x5+cos(x1))*(sin(-11.893000)*log(x7)))/(((x3/x5)+(x5/x3))-(sqrt(8.389000)/(x5*x1)))))*log((exp(((x1-x7)/exp(17.666000)))*(((x6/x5)*(1.467000*x8))-((x0-x4)-x0))))),feynman_I_9_18,10,GP-GOMEA (original)
0,1.05445,128,0.0488716,-2.23312,0.0487742,-2.28934,26,exp(((log(sqrt((x4-x8)))-log((log(x1)*sin(x2))))-cos((((-1.521000/x2)*log(x6))*sqrt((x7-x6)))))),feynman_I_9_18,22,GP-GOMEA (original)
1,59.2659,5654,0.00886482,0.413543,0.00882699,0.404706,13,((x1/(log(((x1/x3)*exp(5.573000)))+x3))*x0),feynman_I_9_18,22,GP-GOMEA (original)
2,117.423,11750,0.00882988,0.415854,0.00864671,0.416864,19,sqrt(exp((((x4-(x3+x5))-(cos(x8)-x6))+log((exp(x1)-cos(x1)))))),feynman_I_9_18,22,GP-GOMEA (original)
3,176.566,17904,0.00652854,0.568101,0.00645373,0.564759,19,sqrt(exp((((x4-(x3+x5))-(cos(x2)-x6))+log((exp(x1)-cos(x1)))))),feynman_I_9_18,22,GP-GOMEA (original)
4,236.921,24110,0.00652854,0.568101,0.00645373,0.564759,19,sqrt(exp((((x4-(x3+x5))-(cos(x2)-x6))+log((exp(x1)-cos(x1)))))),feynman_I_9_18,22,GP-GOMEA (original)
5,307.06,31413,0.00562214,0.628064,0.00537461,0.637536,19,sqrt(exp((((x4-(x7+x5))-(cos(x2)-x6))+log((exp(x1)-cos(x0)))))),feynman_I_9_18,22,GP-GOMEA (original)
6,384.895,39489,0.00562214,0.628064,0.00537461,0.637536,19,sqrt(exp((((x4-(x7+x5))-(cos(x2)-x6))+log((exp(x1)-cos(x0)))))),feynman_I_9_18,22,GP-GOMEA (original)
7,462.502,47575,0.0054457,0.639737,0.00534873,0.639281,23,(sin(sqrt((sin(x2)-x2)))/sqrt(((((x5/x1)*(x7-x0))-sin(x3))+cos(sqrt(exp(x0)))))),feynman_I_9_18,22,GP-GOMEA (original)
8,540.494,55527,0.00535704,0.645602,0.00522155,0.647858,23,(sin(sqrt((sin(x2)-x2)))/sqrt(((((x5/x1)*(x7-x0))-sin(x3))+cos(sqrt(exp(x4)))))),feynman_I_9_18,22,GP-GOMEA (original)
9,623.988,63944,0.00489359,0.676262,0.00475849,0.679087,37,(exp((log(x2)+(cos(cos(x0))-((x3-x1)+(x5/x3)))))+((exp(((x3+-9.323000)-(x5+x1)))+((x4/exp(x7))*sqrt((x8*x0))))/cos(-13.163000))),feynman_I_9_18,22,GP-GOMEA (original)
9,712.791,72658,0.0161404,-0.0677777,0.0158144,-0.0665252,24,((sin(cos(((x3-x3)+(x2/x2))))/sqrt(sin(sin((x0+x7)))))/exp(sin(sin(sqrt((x3*x4)))))),feynman_I_9_18,22,GP-GOMEA (original)
10,819.935,82711,0.0161404,-0.0677777,0.0158144,-0.0665252,24,((sin(cos(((x3-x3)+(x2/x2))))/sqrt(sin(sin((x0+x7)))))/exp(sin(sin(sqrt((x3*x4)))))),feynman_I_9_18,22,GP-GOMEA (original)
11,912.134,91350,0.00432315,0.713999,0.00420737,0.716254,43,(exp(((x2-sqrt(sqrt(x2)))+(cos(cos(x0))-((x3-x1)+(x5/x3)))))+((exp(((x3*-9.323000)-(x5+x7)))+((x4/exp(x7))*((x0*x0)*(x8/x3))))/cos(-13.163000))),feynman_I_9_18,22,GP-GOMEA (original)
12,1008.5,100062,0.00372772,0.753391,0.00361883,0.755945,19,sqrt(exp((((x0-(x7+x5))-(cos(x2)-x4))+log((exp(x1)-cos(x6)))))),feynman_I_9_18,22,GP-GOMEA (original)
13,1112.95,109111,0.00372772,0.753391,0.00361883,0.755945,19,sqrt(exp((((x0-(x7+x5))-(cos(x2)-x4))+log((exp(x1)-cos(x6)))))),feynman_I_9_18,22,GP-GOMEA (original)
14,1220.87,118414,0.00360569,0.761463,0.00360089,0.757156,20,sqrt(exp((((x0-(x7+x5))-(cos(x2)-x6))+log((exp(x1)-(x6-x8)))))),feynman_I_9_18,22,GP-GOMEA (original)
15,1330.77,127550,0.0031126,0.794085,0.00306153,0.79353,39,((x1/(exp(((x2-x7)*sin(-6.997000)))+(((1.513000-x4)-(x0-x3))/(log(x0)-cos(x5)))))*log((log(((x0+x6)*(x7+x0)))+(sqrt(log(x4))/11.873000)))),feynman_I_9_18,22,GP-GOMEA (original)
16,1451.13,137232,0.0031126,0.794085,0.00306153,0.79353,39,((x1/(exp(((x2-x7)*sin(-6.997000)))+(((1.513000-x4)-(x0-x3))/(log(x0)-cos(x5)))))*log((log(((x0+x6)*(x7+x0)))+(sqrt(log(x4))/11.873000)))),feynman_I_9_18,22,GP-GOMEA (original)
17,1569.55,146213,0.0031126,0.794085,0.00306153,0.79353,39,((x1/(exp(((x2-x7)*sin(-6.997000)))+(((1.513000-x4)-(x0-x3))/(log(x0)-cos(x5)))))*log((log(((x0+x6)*(x7+x0)))+(sqrt(log(x4))/11.873000)))),feynman_I_9_18,22,GP-GOMEA (original)
18,1682.81,154507,0.00302193,0.800083,0.00297084,0.799646,39,((x1/(exp(((x2-x7)*sin(-6.997000)))+(((0.794000-x4)-(x0-x3))/(log(x0)-cos(10.402000)))))*log((log(((x0+x6)*(x7+x6)))+(sqrt(log(x4))/11.873000)))),feynman_I_9_18,22,GP-GOMEA (original)
19,1799.24,162748,0.00278257,0.815918,0.00277973,0.812534,46,((x1/(exp(((x2-x7)*sin(5.567000)))+(((0.794000-x0)-(x6-x5))/(log(x0)-cos(10.402000)))))*exp(((((x1/x1)-sqrt(x4))-sin(x3))/(sqrt(cos(x4))-((x4*x0)*(x0*x6)))))),feynman_I_9_18,22,GP-GOMEA (original)
19,1911.01,170570,0.00250632,0.834193,0.00245698,0.834301,46,(exp((log(x2)+(cos((x0+-2.147000))-((x3-x1)+(x5/x3)))))+((exp(((x1+-9.323000)*(x5-x4)))+((x4/exp(x7))*sqrt((x0*x6))))/cos(((log(x8)+log(x8))/log(sqrt(11.271000)))))),feynman_I_9_18,22,GP-GOMEA (original)
20,2001.19,179917,0.00250632,0.834193,0.00245698,0.834301,46,(exp((log(x2)+(cos((x0+-2.147000))-((x3-x1)+(x5/x3)))))+((exp(((x1+-9.323000)*(x5-x4)))+((x4/exp(x7))*sqrt((x0*x6))))/cos(((log(x8)+log(x8))/log(sqrt(11.271000)))))),feynman_I_9_18,22,GP-GOMEA (original)
21,2113.01,187653,0.00222949,0.852507,0.00216667,0.853879,49,(exp(((x2-cos(cos(x2)))+(cos((x0+-2.147000))-((x3-x1)+(x5/x3)))))+((exp(((x0+-9.323000)*(x7-x6)))+((x4/exp(x7))*sqrt((x0*x6))))/cos(((log(x0)+log(x8))/log(sqrt(11.271000)))))),feynman_I_9_18,22,GP-GOMEA (original)
22,2228.19,195576,0.00222464,0.852828,0.00216194,0.854198,49,(exp(((x2-cos(cos(x2)))+(cos((x0+-2.147000))-((x3-x1)+(x5/x3)))))+((exp(((x7+-9.323000)*(x5-x6)))+((x4/exp(x7))*sqrt((x0*x6))))/cos(((log(x0)+log(x8))/log(sqrt(11.271000)))))),feynman_I_9_18,22,GP-GOMEA (original)
23,2340.12,203214,0.00222464,0.852828,0.00216194,0.854198,49,(exp(((x2-cos(cos(x2)))+(cos((x0+-2.147000))-((x3-x1)+(x5/x3)))))+((exp(((x7+-9.323000)*(x5-x6)))+((x4/exp(x7))*sqrt((x0*x6))))/cos(((log(x0)+log(x8))/log(sqrt(11.271000)))))),feynman_I_9_18,22,GP-GOMEA (original)
24,2447.3,210500,0.00197049,0.869641,0.00197244,0.866978,46,(exp((log(x2)+(cos((x0+-2.147000))-((x3-x1)+(x5/x3)))))+((exp(((x3+-9.323000)-(x5-x7)))+((x4/exp(x7))*sqrt((x0*x6))))/cos(((log(x0)+log(x8))/log(sqrt(-8.755000)))))),feynman_I_9_18,22,GP-GOMEA (original)
25,2550.85,217536,0.00182435,0.879309,0.0017738,0.880374,49,(exp(((x2-sqrt(cos(x3)))+(cos((x0+-2.147000))-((x3-x1)+(x5/x3)))))+((exp(((x3+-9.323000)-(x5/x6)))+((x4/exp(x7))*sqrt((x8*x6))))/cos(((log(x0)+log(x8))/log(sqrt(11.271000)))))),feynman_I_9_18,22,GP-GOMEA (original)
26,2653.54,224516,0.00182156,0.879494,0.00177056,0.880593,48,(exp(((x2-sqrt(cos(x3)))+(cos((x0+-2.147000))-((x3-x1)+(x5/x3)))))+((log(((x3+-9.323000)-sqrt(x5)))+((x4/exp(x7))*sqrt((x8*x6))))/cos(((log(x0)+log(x8))/log(sqrt(11.271000)))))),feynman_I_9_18,22,GP-GOMEA (original)
27,2758.89,231717,0.00182156,0.879494,0.00177056,0.880593,48,(exp(((x2-sqrt(cos(x3)))+(cos((x0+-2.147000))-((x3-x1)+(x5/x3)))))+((log(((x3+-9.323000)-sqrt(x5)))+((x4/exp(x7))*sqrt((x8*x6))))/cos(((log(x0)+log(x8))/log(sqrt(11.271000)))))),feynman_I_9_18,22,GP-GOMEA (original)
28,2862.65,238766,0.00177306,0.882702,0.00177255,0.880459,49,(exp(((x2-sqrt(sqrt(x2)))+(cos((x0+-2.147000))-((x3-x1)+(x5/x3)))))+((log(((x3+-9.323000)-(x7-x7)))+((x4/exp(x7))*sqrt((x8*x6))))/cos(((log(x0)+log(x8))/log(sqrt(-8.755000)))))),feynman_I_9_18,22,GP-GOMEA (original)
29,2967.94,245838,0.00167565,0.889147,0.00167068,0.887329,49,(exp(((x2-sqrt(sqrt(x2)))+(cos((x0+-2.147000))-((x3-x1)+(x5/x3)))))+((exp(((x3+-9.323000)-(x7-x7)))+((x4/exp(x7))*sqrt((x4*x6))))/cos(((log(x0)+log(x8))/log(sqrt(-8.755000)))))),feynman_I_9_18,22,GP-GOMEA (original)
29,3073.75,252999,0.00163135,0.892077,0.00162513,0.890401,49,(exp(((x2-sqrt(sqrt(x2)))+(cos((x0+-2.147000))-((x3-x1)+(x5/x3)))))+((exp(((x3+-9.323000)-(x5-x7)))+((x4/exp(x7))*sqrt((x4*x6))))/cos(((log(x0)+log(x8))/log(sqrt(-8.755000)))))),feynman_I_9_18,22,GP-GOMEA (original)
30,3175.28,264144,0.00163135,0.892077,0.00162513,0.890401,49,(exp(((x2-sqrt(sqrt(x2)))+(cos((x0+-2.147000))-((x3-x1)+(x5/x3)))))+((exp(((x3+-9.323000)-(x5-x7)))+((x4/exp(x7))*sqrt((x4*x6))))/cos(((log(x0)+log(x8))/log(sqrt(-8.755000)))))),feynman_I_9_18,22,GP-GOMEA (original)
31,3276.59,270942,0.00160931,0.893535,0.00160351,0.891859,49,(exp(((x2-sqrt(sqrt(x2)))+(cos((x0+-2.147000))-((x3-x1)+(x5/x3)))))+((exp(((x3+-9.323000)*(x5/x7)))+((x4/exp(x7))*sqrt((x4*x6))))/cos(((log(x0)+log(x8))/log(sqrt(-8.755000)))))),feynman_I_9_18,22,GP-GOMEA (original)
32,3371.17,277363,0.00160931,0.893535,0.00160351,0.891859,49,(exp(((x2-sqrt(sqrt(x2)))+(cos((x0+-2.147000))-((x3-x1)+(x5/x3)))))+((exp(((x3+-9.323000)*(x5/x7)))+((x4/exp(x7))*sqrt((x4*x6))))/cos(((log(x0)+log(x8))/log(sqrt(-8.755000)))))),feynman_I_9_18,22,GP-GOMEA (original)
33,3464.54,283683,0.00157386,0.895881,0.00154811,0.895595,49,(exp(((x2-sqrt(sqrt(1.793000)))+(cos((x0+-2.147000))-((x3-x1)+(x5/x3)))))+((exp(((x3+-9.323000)*(x5/x7)))+((x4/exp(x7))*sqrt((x4*x6))))/cos(((log(x0)+log(x8))/log(sqrt(-8.755000)))))),feynman_I_9_18,22,GP-GOMEA (original)
34,3560.24,290173,0.00157386,0.895881,0.00154811,0.895595,49,(exp(((x2-sqrt(sqrt(1.793000)))+(cos((x0+-2.147000))-((x3-x1)+(x5/x3)))))+((exp(((x3+-9.323000)*(x5/x7)))+((x4/exp(x7))*sqrt((x4*x6))))/cos(((log(x0)+log(x8))/log(sqrt(-8.755000)))))),feynman_I_9_18,22,GP-GOMEA (original)
0,1.32841,128,0.042568,-1.81611,0.0443284,-1.76025,2,log(x0),feynman_I_9_18,1,GP-GOMEA (original)
1,67.8488,5911,0.0111653,0.261354,0.0121789,0.24164,32,((exp(cos((x6/(x2*x0))))+(((sin(x1)+x0)+log(log(x8)))*(sqrt(7.001000)/x7)))/(14.496000+sin(exp((exp(x6)/(6.382000-x1)))))),feynman_I_9_18,1,GP-GOMEA (original)
2,118.988,11437,0.00989012,0.345714,0.0105861,0.340821,33,((exp(cos((x6/(x2*x0))))+(((sin(x1)+x0)+log((x2*x4)))*(sqrt(7.001000)/x7)))/(14.496000+sin(exp((exp(x6)/(6.382000-x1)))))),feynman_I_9_18,1,GP-GOMEA (original)
3,176.143,17391,0.00543277,0.640592,0.00588505,0.633549,34,((((log(sin(x6))*(sqrt(x3)+exp(x8)))*sin(sqrt((x7*x3))))+(x0/x3))*sqrt((exp((log(x4)*x2))/((x5+(x3/x2))/x1)))),feynman_I_9_18,1,GP-GOMEA (original)
4,242.368,24204,0.00419243,0.722648,0.00462614,0.711939,33,((exp(cos(((x5-x4)/(x2*x0))))*(((x1+x0)+log(sqrt(x2)))*(sqrt(7.001000)/x7)))/(14.496000+sin(exp((exp(x6)/(6.382000-x6)))))),feynman_I_9_18,1,GP-GOMEA (original)
5,319.043,32062,0.00318096,0.789562,0.00361587,0.774846,35,((exp(cos(((x5-x1)/(x2*x0))))*(((sin(x1)+x6)+log((x1*x4)))*(sqrt(7.001000)/x7)))/(14.496000+sin(exp((exp(x8)/(6.382000-x4)))))),feynman_I_9_18,1,GP-GOMEA (original)
6,398.991,39699,0.00318096,0.789562,0.00361587,0.774846,35,((exp(cos(((x5-x1)/(x2*x0))))*(((sin(x1)+x6)+log((x1*x4)))*(sqrt(7.001000)/x7)))/(14.496000+sin(exp((exp(x8)/(6.382000-x4)))))),feynman_I_9_18,1,GP-GOMEA (original)
7,476.911,47301,0.00318096,0.789562,0.00361587,0.774846,35,((exp(cos(((x5-x1)/(x2*x0))))*(((sin(x1)+x6)+log((x1*x4)))*(sqrt(7.001000)/x7)))/(14.496000+sin(exp((exp(x8)/(6.382000-x4)))))),feynman_I_9_18,1,GP-GOMEA (original)
8,561.156,55195,0.00314738,0.791783,0.00355512,0.778629,35,((exp(cos(((x5-x1)/(x2*x0))))*(((sin(x1)+x6)+log((x1*x4)))*(sqrt(7.001000)/x7)))/(14.496000+sin(exp((exp(x8)/(6.382000-x2)))))),feynman_I_9_18,1,GP-GOMEA (original)
9,648.358,63130,0.00309794,0.795054,0.00348652,0.782901,35,((exp(cos(((x5-x1)/(x2*x0))))*(((sin(x8)+x6)+log((x1*x4)))*(sqrt(7.001000)/x7)))/(14.496000+sin(exp((exp(x8)/(6.382000-x2)))))),feynman_I_9_18,1,GP-GOMEA (original)
9,743.256,71733,0.0176765,-0.169396,0.0184337,-0.147834,3,cos(log(x5)),feynman_I_9_18,1,GP-GOMEA (original)
10,863.714,81950,0.0176765,-0.169396,0.0184337,-0.147834,3,cos(log(x5)),feynman_I_9_18,1,GP-GOMEA (original)
11,966.035,90860,0.00154096,0.898057,0.0017835,0.888945,40,((exp(cos(((x5-x1)/(x2*x0))))*(((log(x8)+x6)+((x1*x4)/(x3-x0)))*(sqrt(7.001000)/x7)))/(14.496000+sin(((cos(x8)*x5)/(sqrt(x7)+x2))))),feynman_I_9_18,1,GP-GOMEA (original)
12,1069.63,99450,0.00127955,0.915351,0.00148377,0.907608,40,((exp(cos(((x5-x1)/(x2*x0))))*(((log(x8)+x6)+((x1*x4)/(x3-x0)))*(sqrt(7.001000)/x7)))/(14.496000+sin(((cos(x2)*x5)/(cos(x6)+x2))))),feynman_I_9_18,1,GP-GOMEA (original)
13,1186.09,108598,0.00123065,0.918586,0.00142263,0.911416,42,((exp(cos(((x5-x1)/(x2*x0))))*(((log(x8)+x6)+((x1*x4)/(x3-x0)))*(sqrt(7.001000)/x7)))/(14.496000+sin(((cos(x2)*(6.382000-x2))/log((x7*x2)))))),feynman_I_9_18,1,GP-GOMEA (original)
14,1308.06,117794,0.00121423,0.919672,0.00139587,0.913081,40,((exp(cos(((x5-x1)/(x2*x0))))*(((log(x8)+x6)+((x1*x4)/(x3-x0)))*(sqrt(7.001000)/x7)))/(14.496000+sin(((cos(x2)*x5)/cos((x7-x5)))))),feynman_I_9_18,1,GP-GOMEA (original)
15,1419.83,126056,0.00119658,0.920839,0.00137594,0.914322,39,((exp(cos(((x5-x1)/(x2*x0))))*(((log(x8)+x6)+((x1*x4)/(x3-x0)))*(sqrt(7.001000)/x7)))/(14.496000+sin(((cos(x2)*x5)/exp(cos(x1)))))),feynman_I_9_18,1,GP-GOMEA (original)
16,1531.29,134212,0.00119658,0.920839,0.00137594,0.914322,39,((exp(cos(((x5-x1)/(x2*x0))))*(((log(x8)+x6)+((x1*x4)/(x3-x0)))*(sqrt(7.001000)/x7)))/(14.496000+sin(((cos(x2)*x5)/exp(cos(x1)))))),feynman_I_9_18,1,GP-GOMEA (original)
17,1635.27,141866,0.00119658,0.920839,0.00137594,0.914322,39,((exp(cos(((x5-x1)/(x2*x0))))*(((log(x8)+x6)+((x1*x4)/(x3-x0)))*(sqrt(7.001000)/x7)))/(14.496000+sin(((cos(x2)*x5)/exp(cos(x1)))))),feynman_I_9_18,1,GP-GOMEA (original)
18,1740.94,149737,0.00119658,0.920839,0.00137594,0.914322,39,((exp(cos(((x5-x1)/(x2*x0))))*(((log(x8)+x6)+((x1*x4)/(x3-x0)))*(sqrt(7.001000)/x7)))/(14.496000+sin(((cos(x2)*x5)/exp(cos(x1)))))),feynman_I_9_18,1,GP-GOMEA (original)
19,1843.7,157484,0.00119658,0.920839,0.00137594,0.914322,39,((exp(cos(((x5-x1)/(x2*x0))))*(((log(x8)+x6)+((x1*x4)/(x3-x0)))*(sqrt(7.001000)/x7)))/(14.496000+sin(((cos(x2)*x5)/exp(cos(x1)))))),feynman_I_9_18,1,GP-GOMEA (original)
19,1943.19,164866,0.0011821,0.921797,0.0013639,0.915072,41,((exp(cos(((x5-x1)/(x2*x0))))*(((log(x8)+x6)+((x1*x4)/(x3-x0)))*(sqrt(7.001000)/x7)))/(14.496000+sin(((cos(x2)*(6.382000-x5))/exp(cos(x1)))))),feynman_I_9_18,1,GP-GOMEA (original)
20,2051.37,176269,0.0011821,0.921797,0.0013639,0.915072,41,((exp(cos(((x5-x1)/(x2*x0))))*(((log(x8)+x6)+((x1*x4)/(x3-x0)))*(sqrt(7.001000)/x7)))/(14.496000+sin(((cos(x2)*(6.382000-x5))/exp(cos(x1)))))),feynman_I_9_18,1,GP-GOMEA (original)
21,2151.72,183672,0.0011821,0.921797,0.0013639,0.915072,41,((exp(cos(((x5-x1)/(x2*x0))))*(((log(x8)+x6)+((x1*x4)/(x3-x0)))*(sqrt(7.001000)/x7)))/(14.496000+sin(((cos(x2)*(6.382000-x5))/exp(cos(x1)))))),feynman_I_9_18,1,GP-GOMEA (original)
22,2256.3,191194,0.0011821,0.921797,0.0013639,0.915072,41,((exp(cos(((x5-x1)/(x2*x0))))*(((log(x8)+x6)+((x1*x4)/(x3-x0)))*(sqrt(7.001000)/x7)))/(14.496000+sin(((cos(x2)*(6.382000-x5))/exp(cos(x1)))))),feynman_I_9_18,1,GP-GOMEA (original)
23,2357.18,198240,0.0011821,0.921797,0.0013639,0.915072,41,((exp(cos(((x5-x1)/(x2*x0))))*(((log(x8)+x6)+((x1*x4)/(x3-x0)))*(sqrt(7.001000)/x7)))/(14.496000+sin(((cos(x2)*(6.382000-x5))/exp(cos(x1)))))),feynman_I_9_18,1,GP-GOMEA (original)
24,2455.19,205289,0.0011821,0.921797,0.0013639,0.915072,41,((exp(cos(((x5-x1)/(x2*x0))))*(((log(x8)+x6)+((x1*x4)/(x3-x0)))*(sqrt(7.001000)/x7)))/(14.496000+sin(((cos(x2)*(6.382000-x5))/exp(cos(x1)))))),feynman_I_9_18,1,GP-GOMEA (original)
25,2546.55,211700,0.0011821,0.921797,0.0013639,0.915072,41,((exp(cos(((x5-x1)/(x2*x0))))*(((log(x8)+x6)+((x1*x4)/(x3-x0)))*(sqrt(7.001000)/x7)))/(14.496000+sin(((cos(x2)*(6.382000-x5))/exp(cos(x1)))))),feynman_I_9_18,1,GP-GOMEA (original)
26,2635.64,218062,0.0011821,0.921797,0.0013639,0.915072,41,((exp(cos(((x5-x1)/(x2*x0))))*(((log(x8)+x6)+((x1*x4)/(x3-x0)))*(sqrt(7.001000)/x7)))/(14.496000+sin(((cos(x2)*(6.382000-x5))/exp(cos(x1)))))),feynman_I_9_18,1,GP-GOMEA (original)
27,2728.52,224531,0.0011821,0.921797,0.0013639,0.915072,41,((exp(cos(((x5-x1)/(x2*x0))))*(((log(x8)+x6)+((x1*x4)/(x3-x0)))*(sqrt(7.001000)/x7)))/(14.496000+sin(((cos(x2)*(6.382000-x5))/exp(cos(x1)))))),feynman_I_9_18,1,GP-GOMEA (original)
28,2817.48,230812,0.0011821,0.921797,0.0013639,0.915072,41,((exp(cos(((x5-x1)/(x2*x0))))*(((log(x8)+x6)+((x1*x4)/(x3-x0)))*(sqrt(7.001000)/x7)))/(14.496000+sin(((cos(x2)*(6.382000-x5))/exp(cos(x1)))))),feynman_I_9_18,1,GP-GOMEA (original)
29,2908.89,237093,0.0011821,0.921797,0.0013639,0.915072,41,((exp(cos(((x5-x1)/(x2*x0))))*(((log(x8)+x6)+((x1*x4)/(x3-x0)))*(sqrt(7.001000)/x7)))/(14.496000+sin(((cos(x2)*(6.382000-x5))/exp(cos(x1)))))),feynman_I_9_18,1,GP-GOMEA (original)
29,3005.78,243720,0.0011821,0.921797,0.0013639,0.915072,41,((exp(cos(((x5-x1)/(x2*x0))))*(((log(x8)+x6)+((x1*x4)/(x3-x0)))*(sqrt(7.001000)/x7)))/(14.496000+sin(((cos(x2)*(6.382000-x5))/exp(cos(x1)))))),feynman_I_9_18,1,GP-GOMEA (original)
30,3115.75,255092,0.0011821,0.921797,0.0013639,0.915072,41,((exp(cos(((x5-x1)/(x2*x0))))*(((log(x8)+x6)+((x1*x4)/(x3-x0)))*(sqrt(7.001000)/x7)))/(14.496000+sin(((cos(x2)*(6.382000-x5))/exp(cos(x1)))))),feynman_I_9_18,1,GP-GOMEA (original)
31,3212.83,261708,0.0011821,0.921797,0.0013639,0.915072,41,((exp(cos(((x5-x1)/(x2*x0))))*(((log(x8)+x6)+((x1*x4)/(x3-x0)))*(sqrt(7.001000)/x7)))/(14.496000+sin(((cos(x2)*(6.382000-x5))/exp(cos(x1)))))),feynman_I_9_18,1,GP-GOMEA (original)
32,3300.05,267579,0.0011821,0.921797,0.0013639,0.915072,41,((exp(cos(((x5-x1)/(x2*x0))))*(((log(x8)+x6)+((x1*x4)/(x3-x0)))*(sqrt(7.001000)/x7)))/(14.496000+sin(((cos(x2)*(6.382000-x5))/exp(cos(x1)))))),feynman_I_9_18,1,GP-GOMEA (original)
33,3397.42,274269,0.0011821,0.921797,0.0013639,0.915072,41,((exp(cos(((x5-x1)/(x2*x0))))*(((log(x8)+x6)+((x1*x4)/(x3-x0)))*(sqrt(7.001000)/x7)))/(14.496000+sin(((cos(x2)*(6.382000-x5))/exp(cos(x1)))))),feynman_I_9_18,1,GP-GOMEA (original)
34,3492.47,280693,0.0011821,0.921797,0.0013639,0.915072,41,((exp(cos(((x5-x1)/(x2*x0))))*(((log(x8)+x6)+((x1*x4)/(x3-x0)))*(sqrt(7.001000)/x7)))/(14.496000+sin(((cos(x2)*(6.382000-x5))/exp(cos(x1)))))),feynman_I_9_18,1,GP-GOMEA (original)
35,3581.84,286746,0.0011821,0.921797,0.0013639,0.915072,41,((exp(cos(((x5-x1)/(x2*x0))))*(((log(x8)+x6)+((x1*x4)/(x3-x0)))*(sqrt(7.001000)/x7)))/(14.496000+sin(((cos(x2)*(6.382000-x5))/exp(cos(x1)))))),feynman_I_9_18,1,GP-GOMEA (original)
0,1.01228,128,0.0397476,-1.62953,0.0394512,-1.72481,4,sin(cos(sqrt(x2))),feynman_I_9_18,18,GP-GOMEA (original)
1,53.5739,5284,0.0120177,0.204963,0.0114666,0.208027,11,sin(log(exp(((sqrt(x2)/x5)/sqrt(log(x7)))))),feynman_I_9_18,18,GP-GOMEA (original)
2,99.2189,10524,0.00889127,0.411793,0.00827238,0.428645,26,(log(log((exp(sqrt(x0))+exp(log(x1)))))/sqrt((((sin(x5)*(x0/x4))+((x2-x4)-2.017000))/cos(x7)))),feynman_I_9_18,18,GP-GOMEA (original)
3,152.438,16568,0.00742604,0.508726,0.00684925,0.526937,29,exp((((sin(cos(x3))*(x7-(x1*x2)))/(log(x3)*x0))-(sin(sqrt((x7+x8)))-(log(sin(x0))*(x0/x4))))),feynman_I_9_18,18,GP-GOMEA (original)
4,214.061,23396,0.00724211,0.520895,0.00667404,0.539039,26,exp((((sin(cos(x5))*(x7-(x1*x2)))/(log(x3)*x0))-(sin(sqrt((x7+x8)))-log(log(sin(x1)))))),feynman_I_9_18,18,GP-GOMEA (original)
5,282.934,30915,0.00707318,0.53207,0.00647606,0.552713,26,exp((((sin(cos(x5))*(x7-(x1*x2)))/(log(x3)*x0))-(sin(sqrt((x7+x0)))-log(cos(sin(x1)))))),feynman_I_9_18,18,GP-GOMEA (original)
6,348.578,38102,0.00416269,0.724615,0.00390772,0.730102,20,(sqrt(exp((((x5*x2)/(x3+x1))-((x7*x5)/(x0+x1)))))*sqrt(x4)),feynman_I_9_18,18,GP-GOMEA (original)
7,421.333,45669,0.00416269,0.724615,0.00390772,0.730102,20,(sqrt(exp((((x5*x2)/(x3+x1))-((x7*x5)/(x0+x1)))))*sqrt(x4)),feynman_I_9_18,18,GP-GOMEA (original)
8,497.053,53358,0.00406548,0.731046,0.00380504,0.737194,20,(sqrt(exp((((x5*x1)/(x3+x4))-((x7*x5)/(x0+x2)))))*sqrt(x4)),feynman_I_9_18,18,GP-GOMEA (original)
9,581.566,61853,0.00398932,0.736084,0.00368571,0.745436,28,sqrt((exp((((x5*x1)/(x7+x1))-((x3*x5)/(x0+x2))))*(x8+(log(x6)*(cos(x3)+log(3.713000)))))),feynman_I_9_18,18,GP-GOMEA (original)
9,669.96,70515,0.027816,-0.840181,0.027552,-0.902958,3,log(sqrt(x4)),feynman_I_9_18,18,GP-GOMEA (original)
10,805.137,81676,0.027816,-0.840181,0.027552,-0.902958,3,log(sqrt(x4)),feynman_I_9_18,18,GP-GOMEA (original)
11,884.362,89853,0.00326282,0.784146,0.0029994,0.792838,31,sqrt((exp((((x5*x2)/(x7+x1))-((x3*x5)/(x0+x1))))*(x8+((x6-log(x5))+(sin(-15.484000)/(x4+x2)))))),feynman_I_9_18,18,GP-GOMEA (original)
12,958.437,97793,0.00286827,0.810248,0.00263358,0.818104,31,sqrt((exp((((x5*x2)/(x7+x1))-((x3*x5)/(x0+x1))))*(x8+((x6-log(x7))+(sin(-15.484000)/(x2+x2)))))),feynman_I_9_18,18,GP-GOMEA (original)
13,1030.17,105258,0.00286827,0.810248,0.00263358,0.818104,31,sqrt((exp((((x5*x2)/(x7+x1))-((x3*x5)/(x0+x1))))*(x8+((x6-log(x7))+(sin(-15.484000)/(x2+x2)))))),feynman_I_9_18,18,GP-GOMEA (original)
14,1103.01,112899,0.00279443,0.815133,0.00256307,0.822974,27,sqrt((exp((((x5*x2)/(x7+x1))-((x3*x5)/(x0+x1))))*(x8+log(((x4*x2)-log(x7)))))),feynman_I_9_18,18,GP-GOMEA (original)
15,1177.05,120300,0.0026756,0.822994,0.00245518,0.830426,31,sqrt((exp((((x5*x2)/(x7+x1))-((x3*x5)/(x0+x1))))*(x8+((x6-log(x7))+(sin(x7)/(x2+x2)))))),feynman_I_9_18,18,GP-GOMEA (original)
16,1253.19,127829,0.0026756,0.822994,0.00245518,0.830426,31,sqrt((exp((((x5*x2)/(x7+x1))-((x3*x5)/(x0+x1))))*(x8+((x6-log(x7))+(sin(x7)/(x2+x2)))))),feynman_I_9_18,18,GP-GOMEA (original)
17,1338.47,135825,0.00250708,0.834143,0.0024021,0.834092,38,((sqrt((sin(sqrt(x1))+(log(x1)+log(x4))))/((((x7/x0)*(x3-x2))+x5)-((x6+log(x7))+(x1-(x7/x5)))))-sqrt(sqrt(log(sin(sin(-0.890000)))))),feynman_I_9_18,18,GP-GOMEA (original)
18,1428.15,143890,0.00250708,0.834143,0.0024021,0.834092,38,((sqrt((sin(sqrt(x1))+(log(x1)+log(x4))))/((((x7/x0)*(x3-x2))+x5)-((x6+log(x7))+(x1-(x7/x5)))))-sqrt(sqrt(log(sin(sin(-0.890000)))))),feynman_I_9_18,18,GP-GOMEA (original)
19,1526.91,152424,0.00221068,0.853751,0.00211055,0.854229,39,((sqrt((sin(sqrt(x1))+(log(x1)+log(x4))))/((((x7/x0)*(x3-x2))+x5)-((x6+log(x3))+(x1-(x7/x5)))))/sqrt(sqrt(sin(sqrt((-0.890000-x7)))))),feynman_I_9_18,18,GP-GOMEA (original)
19,1628.93,160656,0.00207527,0.862709,0.00200964,0.861199,41,((sqrt((sin(sqrt(x1))+(log(x1)+log(x4))))/((((x7/x0)*(x3-x2))+x5)-((x6+(x3/x5))+(x1-(x7/x5)))))/sqrt(sqrt(sin((sqrt(x3)*sqrt(x6)))))),feynman_I_9_18,18,GP-GOMEA (original)
20,1758.69,172486,0.00207527,0.862709,0.00200964,0.861199,41,((sqrt((sin(sqrt(x1))+(log(x1)+log(x4))))/((((x7/x0)*(x3-x2))+x5)-((x6+(x3/x5))+(x1-(x7/x5)))))/sqrt(sqrt(sin((sqrt(x3)*sqrt(x6)))))),feynman_I_9_18,18,GP-GOMEA (original)
21,1849.89,179801,0.00185685,0.877159,0.0017599,0.878447,41,((sqrt((sin(sqrt(x1))+(log(x1)+log(x4))))/((((x7/x0)*(x3-x2))+x5)-((x6+(x3/x5))+(x1-(x7/x5)))))/sqrt(sqrt(sin((sqrt(x1)*sqrt(x3)))))),feynman_I_9_18,18,GP-GOMEA (original)
22,1935.45,186751,0.00185685,0.877159,0.0017599,0.878447,41,((sqrt((sin(sqrt(x1))+(log(x1)+log(x4))))/((((x7/x0)*(x3-x2))+x5)-((x6+(x3/x5))+(x1-(x7/x5)))))/sqrt(sqrt(sin((sqrt(x1)*sqrt(x3)))))),feynman_I_9_18,18,GP-GOMEA (original)
23,2023.73,193906,0.0017266,0.885776,0.00168524,0.883605,37,((sqrt((sin(sqrt(x1))+(log(x1)+log(x1))))/((((x7/x0)*(x3/x2))+x5)-((x6+x4)+(x1-(x2/x5)))))-sqrt(sqrt(sin(log(log(-0.890000)))))),feynman_I_9_18,18,GP-GOMEA (original)
24,2109.83,200912,0.00166571,0.889804,0.00159286,0.889985,31,sin((sqrt((sin(sqrt(x5))+(log(x1)+log(x1))))/((((x7/x0)*(x3/x2))+x5)-((x6+x4)+(x1-(x4/4.848000)))))),feynman_I_9_18,18,GP-GOMEA (original)
25,2197.45,208151,0.00147458,0.902448,0.00146235,0.898999,37,((sqrt((sin(sqrt(x3))+(log(x1)+log(x1))))/((((x7/x0)*(x3/x2))+x5)-((x6+x4)+(x1-log(x2)))))/sqrt(sqrt(sin(sqrt((x5-x8)))))),feynman_I_9_18,18,GP-GOMEA (original)
26,2279.66,215045,0.0014528,0.903889,0.00144096,0.900476,37,((sqrt((sin(sqrt(x5))+(log(x1)+log(x1))))/((((x7/x0)*(x3/x2))+x5)-((x6+x4)+(x1-log(x2)))))/sqrt(sqrt(sin(sqrt((x5-x8)))))),feynman_I_9_18,18,GP-GOMEA (original)
27,2364.16,222104,0.0014528,0.903889,0.00144096,0.900476,37,((sqrt((sin(sqrt(x5))+(log(x1)+log(x1))))/((((x7/x0)*(x3/x2))+x5)-((x6+x4)+(x1-log(x2)))))/sqrt(sqrt(sin(sqrt((x5-x8)))))),feynman_I_9_18,18,GP-GOMEA (original)
28,2446.29,228898,0.0014528,0.903889,0.00144096,0.900476,37,((sqrt((sin(sqrt(x5))+(log(x1)+log(x1))))/((((x7/x0)*(x3/x2))+x5)-((x6+x4)+(x1-log(x2)))))/sqrt(sqrt(sin(sqrt((x5-x8)))))),feynman_I_9_18,18,GP-GOMEA (original)
29,2532.05,235829,0.00130103,0.91393,0.00125254,0.91349,40,((sqrt((sin(sqrt(x5))+(log(x1)+log(x1))))/((((x7/x0)*(x3/x2))+x5)-((x6+x4)+(x1-log(x2)))))*sqrt(sqrt(sin(((x5-x8)*(-3.420000/x5)))))),feynman_I_9_18,18,GP-GOMEA (original)
29,2618.88,242864,0.00113347,0.925014,0.0010626,0.926609,38,((sqrt(((sqrt(x5)/x0)+(log(x1)+log(x1))))/((((x7/x0)*(x3/x2))+x5)-((x6+x4)+(x1-log(x2)))))*sqrt(sqrt(log(sqrt((x3*x8)))))),feynman_I_9_18,18,GP-GOMEA (original)
30,2756.29,255869,0.00113347,0.925014,0.0010626,0.926609,38,((sqrt(((sqrt(x5)/x0)+(log(x1)+log(x1))))/((((x7/x0)*(x3/x2))+x5)-((x6+x4)+(x1-log(x2)))))*sqrt(sqrt(log(sqrt((x3*x8)))))),feynman_I_9_18,18,GP-GOMEA (original)
31,2840.28,262686,0.00110334,0.927008,0.00103165,0.928747,38,((sqrt(((sqrt(x3)/x0)+(log(x1)+log(x1))))/((((x7/x0)*(x3/x2))+x5)-((x6+x4)+(x1-log(x2)))))*sqrt(sqrt(log(sqrt((x3*x8)))))),feynman_I_9_18,18,GP-GOMEA (original)
32,2921.47,269240,0.00110334,0.927008,0.00103165,0.928747,38,((sqrt(((sqrt(x3)/x0)+(log(x1)+log(x1))))/((((x7/x0)*(x3/x2))+x5)-((x6+x4)+(x1-log(x2)))))*sqrt(sqrt(log(sqrt((x3*x8)))))),feynman_I_9_18,18,GP-GOMEA (original)
33,3002.51,275844,0.00102697,0.93206,0.000932537,0.935592,40,((sqrt(((sqrt(x3)/x0)+(log(x1)+log(x1))))/((((x7/x0)*(x3/x2))+x5)-((x6+x4)+(x1-log(x2)))))*sqrt(sqrt(sin(((-0.890000-x8)*sqrt(-3.420000)))))),feynman_I_9_18,18,GP-GOMEA (original)
34,3082.08,282343,0.00102697,0.93206,0.000932537,0.935592,40,((sqrt(((sqrt(x3)/x0)+(log(x1)+log(x1))))/((((x7/x0)*(x3/x2))+x5)-((x6+x4)+(x1-log(x2)))))*sqrt(sqrt(sin(((-0.890000-x8)*sqrt(-3.420000)))))),feynman_I_9_18,18,GP-GOMEA (original)
35,3164.43,289066,0.00102697,0.93206,0.000932537,0.935592,40,((sqrt(((sqrt(x3)/x0)+(log(x1)+log(x1))))/((((x7/x0)*(x3/x2))+x5)-((x6+x4)+(x1-log(x2)))))*sqrt(sqrt(sin(((-0.890000-x8)*sqrt(-3.420000)))))),feynman_I_9_18,18,GP-GOMEA (original)
36,3245.38,295728,0.00102697,0.93206,0.000932537,0.935592,40,((sqrt(((sqrt(x3)/x0)+(log(x1)+log(x1))))/((((x7/x0)*(x3/x2))+x5)-((x6+x4)+(x1-log(x2)))))*sqrt(sqrt(sin(((-0.890000-x8)*sqrt(-3.420000)))))),feynman_I_9_18,18,GP-GOMEA (original)
37,3328.07,302573,0.00102697,0.93206,0.000932537,0.935592,40,((sqrt(((sqrt(x3)/x0)+(log(x1)+log(x1))))/((((x7/x0)*(x3/x2))+x5)-((x6+x4)+(x1-log(x2)))))*sqrt(sqrt(sin(((-0.890000-x8)*sqrt(-3.420000)))))),feynman_I_9_18,18,GP-GOMEA (original)
38,3407.46,309191,0.00102697,0.93206,0.000932537,0.935592,40,((sqrt(((sqrt(x3)/x0)+(log(x1)+log(x1))))/((((x7/x0)*(x3/x2))+x5)-((x6+x4)+(x1-log(x2)))))*sqrt(sqrt(sin(((-0.890000-x8)*sqrt(-3.420000)))))),feynman_I_9_18,18,GP-GOMEA (original)
39,3484.6,315634,0.00102697,0.93206,0.000932537,0.935592,40,((sqrt(((sqrt(x3)/x0)+(log(x1)+log(x1))))/((((x7/x0)*(x3/x2))+x5)-((x6+x4)+(x1-log(x2)))))*sqrt(sqrt(sin(((-0.890000-x8)*sqrt(-3.420000)))))),feynman_I_9_18,18,GP-GOMEA (original)
39,3560.89,321995,0.00102697,0.93206,0.000932537,0.935592,40,((sqrt(((sqrt(x3)/x0)+(log(x1)+log(x1))))/((((x7/x0)*(x3/x2))+x5)-((x6+x4)+(x1-log(x2)))))*sqrt(sqrt(sin(((-0.890000-x8)*sqrt(-3.420000)))))),feynman_I_9_18,18,GP-GOMEA (original)
0,1.35448,128,0.042568,-1.81611,0.0433167,-1.79939,2,log(x0),feynman_I_9_18,7,GP-GOMEA (original)
1,67.3147,5911,0.0111653,0.261354,0.0116688,0.245887,32,((exp(cos((x6/(x2*x0))))+(((sin(x1)+x0)+log(log(x8)))*(sqrt(7.001000)/x7)))/(14.496000+sin(exp((exp(x6)/(6.382000-x1)))))),feynman_I_9_18,7,GP-GOMEA (original)
2,117.828,11437,0.00989012,0.345714,0.0101453,0.344351,33,((exp(cos((x6/(x2*x0))))+(((sin(x1)+x0)+log((x2*x4)))*(sqrt(7.001000)/x7)))/(14.496000+sin(exp((exp(x6)/(6.382000-x1)))))),feynman_I_9_18,7,GP-GOMEA (original)
3,174.074,17391,0.00543277,0.640592,0.00572153,0.630239,34,((((log(sin(x6))*(sqrt(x3)+exp(x8)))*sin(sqrt((x7*x3))))+(x0/x3))*sqrt((exp((log(x4)*x2))/((x5+(x3/x2))/x1)))),feynman_I_9_18,7,GP-GOMEA (original)
4,240.891,24204,0.00419243,0.722648,0.00435918,0.718283,33,((exp(cos(((x5-x4)/(x2*x0))))*(((x1+x0)+log(sqrt(x2)))*(sqrt(7.001000)/x7)))/(14.496000+sin(exp((exp(x6)/(6.382000-x6)))))),feynman_I_9_18,7,GP-GOMEA (original)
5,316.485,32062,0.00318096,0.789562,0.00322385,0.791655,35,((exp(cos(((x5-x1)/(x2*x0))))*(((sin(x1)+x6)+log((x1*x4)))*(sqrt(7.001000)/x7)))/(14.496000+sin(exp((exp(x8)/(6.382000-x4)))))),feynman_I_9_18,7,GP-GOMEA (original)
6,397.567,39699,0.00318096,0.789562,0.00322385,0.791655,35,((exp(cos(((x5-x1)/(x2*x0))))*(((sin(x1)+x6)+log((x1*x4)))*(sqrt(7.001000)/x7)))/(14.496000+sin(exp((exp(x8)/(6.382000-x4)))))),feynman_I_9_18,7,GP-GOMEA (original)
7,476.85,47301,0.00318096,0.789562,0.00322385,0.791655,35,((exp(cos(((x5-x1)/(x2*x0))))*(((sin(x1)+x6)+log((x1*x4)))*(sqrt(7.001000)/x7)))/(14.496000+sin(exp((exp(x8)/(6.382000-x4)))))),feynman_I_9_18,7,GP-GOMEA (original)
8,562.081,55195,0.00314738,0.791783,0.00321213,0.792412,35,((exp(cos(((x5-x1)/(x2*x0))))*(((sin(x1)+x6)+log((x1*x4)))*(sqrt(7.001000)/x7)))/(14.496000+sin(exp((exp(x8)/(6.382000-x2)))))),feynman_I_9_18,7,GP-GOMEA (original)
9,650.797,63130,0.00309794,0.795054,0.00317895,0.794556,35,((exp(cos(((x5-x1)/(x2*x0))))*(((sin(x8)+x6)+log((x1*x4)))*(sqrt(7.001000)/x7)))/(14.496000+sin(exp((exp(x8)/(6.382000-x2)))))),feynman_I_9_18,7,GP-GOMEA (original)
9,747.016,71733,0.0176765,-0.169396,0.0174698,-0.129008,3,cos(log(x5)),feynman_I_9_18,7,GP-GOMEA (original)
10,869.159,81950,0.0176765,-0.169396,0.0174698,-0.129008,3,cos(log(x5)),feynman_I_9_18,7,GP-GOMEA (original)
11,972.487,90860,0.00154096,0.898057,0.00157378,0.898293,40,((exp(cos(((x5-x1)/(x2*x0))))*(((log(x8)+x6)+((x1*x4)/(x3-x0)))*(sqrt(7.001000)/x7)))/(14.496000+sin(((cos(x8)*x5)/(sqrt(x7)+x2))))),feynman_I_9_18,7,GP-GOMEA (original)
12,1077.21,99450,0.00127955,0.915351,0.00134876,0.912835,40,((exp(cos(((x5-x1)/(x2*x0))))*(((log(x8)+x6)+((x1*x4)/(x3-x0)))*(sqrt(7.001000)/x7)))/(14.496000+sin(((cos(x2)*x5)/(cos(x6)+x2))))),feynman_I_9_18,7,GP-GOMEA (original)
13,1194.86,108598,0.00123065,0.918586,0.0013019,0.915863,42,((exp(cos(((x5-x1)/(x2*x0))))*(((log(x8)+x6)+((x1*x4)/(x3-x0)))*(sqrt(7.001000)/x7)))/(14.496000+sin(((cos(x2)*(6.382000-x2))/log((x7*x2)))))),feynman_I_9_18,7,GP-GOMEA (original)
14,1318.09,117794,0.00121423,0.919672,0.00128414,0.917011,40,((exp(cos(((x5-x1)/(x2*x0))))*(((log(x8)+x6)+((x1*x4)/(x3-x0)))*(sqrt(7.001000)/x7)))/(14.496000+sin(((cos(x2)*x5)/cos((x7-x5)))))),feynman_I_9_18,7,GP-GOMEA (original)
15,1431.09,126056,0.00119658,0.920839,0.00126972,0.917943,39,((exp(cos(((x5-x1)/(x2*x0))))*(((log(x8)+x6)+((x1*x4)/(x3-x0)))*(sqrt(7.001000)/x7)))/(14.496000+sin(((cos(x2)*x5)/exp(cos(x1)))))),feynman_I_9_18,7,GP-GOMEA (original)
16,1543.2,134212,0.00119658,0.920839,0.00126972,0.917943,39,((exp(cos(((x5-x1)/(x2*x0))))*(((log(x8)+x6)+((x1*x4)/(x3-x0)))*(sqrt(7.001000)/x7)))/(14.496000+sin(((cos(x2)*x5)/exp(cos(x1)))))),feynman_I_9_18,7,GP-GOMEA (original)
17,1647.34,141866,0.00119658,0.920839,0.00126972,0.917943,39,((exp(cos(((x5-x1)/(x2*x0))))*(((log(x8)+x6)+((x1*x4)/(x3-x0)))*(sqrt(7.001000)/x7)))/(14.496000+sin(((cos(x2)*x5)/exp(cos(x1)))))),feynman_I_9_18,7,GP-GOMEA (original)
18,1753.15,149737,0.00119658,0.920839,0.00126972,0.917943,39,((exp(cos(((x5-x1)/(x2*x0))))*(((log(x8)+x6)+((x1*x4)/(x3-x0)))*(sqrt(7.001000)/x7)))/(14.496000+sin(((cos(x2)*x5)/exp(cos(x1)))))),feynman_I_9_18,7,GP-GOMEA (original)
19,1856.11,157484,0.00119658,0.920839,0.00126972,0.917943,39,((exp(cos(((x5-x1)/(x2*x0))))*(((log(x8)+x6)+((x1*x4)/(x3-x0)))*(sqrt(7.001000)/x7)))/(14.496000+sin(((cos(x2)*x5)/exp(cos(x1)))))),feynman_I_9_18,7,GP-GOMEA (original)
19,1955.56,164866,0.0011821,0.921797,0.00125879,0.918649,41,((exp(cos(((x5-x1)/(x2*x0))))*(((log(x8)+x6)+((x1*x4)/(x3-x0)))*(sqrt(7.001000)/x7)))/(14.496000+sin(((cos(x2)*(6.382000-x5))/exp(cos(x1)))))),feynman_I_9_18,7,GP-GOMEA (original)
20,2063.86,176269,0.0011821,0.921797,0.00125879,0.918649,41,((exp(cos(((x5-x1)/(x2*x0))))*(((log(x8)+x6)+((x1*x4)/(x3-x0)))*(sqrt(7.001000)/x7)))/(14.496000+sin(((cos(x2)*(6.382000-x5))/exp(cos(x1)))))),feynman_I_9_18,7,GP-GOMEA (original)
21,2164.52,183672,0.0011821,0.921797,0.00125879,0.918649,41,((exp(cos(((x5-x1)/(x2*x0))))*(((log(x8)+x6)+((x1*x4)/(x3-x0)))*(sqrt(7.001000)/x7)))/(14.496000+sin(((cos(x2)*(6.382000-x5))/exp(cos(x1)))))),feynman_I_9_18,7,GP-GOMEA (original)
22,2269.47,191194,0.0011821,0.921797,0.00125879,0.918649,41,((exp(cos(((x5-x1)/(x2*x0))))*(((log(x8)+x6)+((x1*x4)/(x3-x0)))*(sqrt(7.001000)/x7)))/(14.496000+sin(((cos(x2)*(6.382000-x5))/exp(cos(x1)))))),feynman_I_9_18,7,GP-GOMEA (original)
23,2370.18,198240,0.0011821,0.921797,0.00125879,0.918649,41,((exp(cos(((x5-x1)/(x2*x0))))*(((log(x8)+x6)+((x1*x4)/(x3-x0)))*(sqrt(7.001000)/x7)))/(14.496000+sin(((cos(x2)*(6.382000-x5))/exp(cos(x1)))))),feynman_I_9_18,7,GP-GOMEA (original)
24,2468.48,205289,0.0011821,0.921797,0.00125879,0.918649,41,((exp(cos(((x5-x1)/(x2*x0))))*(((log(x8)+x6)+((x1*x4)/(x3-x0)))*(sqrt(7.001000)/x7)))/(14.496000+sin(((cos(x2)*(6.382000-x5))/exp(cos(x1)))))),feynman_I_9_18,7,GP-GOMEA (original)
25,2558.96,211700,0.0011821,0.921797,0.00125879,0.918649,41,((exp(cos(((x5-x1)/(x2*x0))))*(((log(x8)+x6)+((x1*x4)/(x3-x0)))*(sqrt(7.001000)/x7)))/(14.496000+sin(((cos(x2)*(6.382000-x5))/exp(cos(x1)))))),feynman_I_9_18,7,GP-GOMEA (original)
26,2648.29,218062,0.0011821,0.921797,0.00125879,0.918649,41,((exp(cos(((x5-x1)/(x2*x0))))*(((log(x8)+x6)+((x1*x4)/(x3-x0)))*(sqrt(7.001000)/x7)))/(14.496000+sin(((cos(x2)*(6.382000-x5))/exp(cos(x1)))))),feynman_I_9_18,7,GP-GOMEA (original)
27,2741.3,224531,0.0011821,0.921797,0.00125879,0.918649,41,((exp(cos(((x5-x1)/(x2*x0))))*(((log(x8)+x6)+((x1*x4)/(x3-x0)))*(sqrt(7.001000)/x7)))/(14.496000+sin(((cos(x2)*(6.382000-x5))/exp(cos(x1)))))),feynman_I_9_18,7,GP-GOMEA (original)
28,2830.48,230812,0.0011821,0.921797,0.00125879,0.918649,41,((exp(cos(((x5-x1)/(x2*x0))))*(((log(x8)+x6)+((x1*x4)/(x3-x0)))*(sqrt(7.001000)/x7)))/(14.496000+sin(((cos(x2)*(6.382000-x5))/exp(cos(x1)))))),feynman_I_9_18,7,GP-GOMEA (original)
29,2922.42,237093,0.0011821,0.921797,0.00125879,0.918649,41,((exp(cos(((x5-x1)/(x2*x0))))*(((log(x8)+x6)+((x1*x4)/(x3-x0)))*(sqrt(7.001000)/x7)))/(14.496000+sin(((cos(x2)*(6.382000-x5))/exp(cos(x1)))))),feynman_I_9_18,7,GP-GOMEA (original)
29,3019.07,243720,0.0011821,0.921797,0.00125879,0.918649,41,((exp(cos(((x5-x1)/(x2*x0))))*(((log(x8)+x6)+((x1*x4)/(x3-x0)))*(sqrt(7.001000)/x7)))/(14.496000+sin(((cos(x2)*(6.382000-x5))/exp(cos(x1)))))),feynman_I_9_18,7,GP-GOMEA (original)
30,3129.41,255092,0.0011821,0.921797,0.00125879,0.918649,41,((exp(cos(((x5-x1)/(x2*x0))))*(((log(x8)+x6)+((x1*x4)/(x3-x0)))*(sqrt(7.001000)/x7)))/(14.496000+sin(((cos(x2)*(6.382000-x5))/exp(cos(x1)))))),feynman_I_9_18,7,GP-GOMEA (original)
31,3226.71,261708,0.0011821,0.921797,0.00125879,0.918649,41,((exp(cos(((x5-x1)/(x2*x0))))*(((log(x8)+x6)+((x1*x4)/(x3-x0)))*(sqrt(7.001000)/x7)))/(14.496000+sin(((cos(x2)*(6.382000-x5))/exp(cos(x1)))))),feynman_I_9_18,7,GP-GOMEA (original)
32,3314.04,267579,0.0011821,0.921797,0.00125879,0.918649,41,((exp(cos(((x5-x1)/(x2*x0))))*(((log(x8)+x6)+((x1*x4)/(x3-x0)))*(sqrt(7.001000)/x7)))/(14.496000+sin(((cos(x2)*(6.382000-x5))/exp(cos(x1)))))),feynman_I_9_18,7,GP-GOMEA (original)
33,3411.61,274269,0.0011821,0.921797,0.00125879,0.918649,41,((exp(cos(((x5-x1)/(x2*x0))))*(((log(x8)+x6)+((x1*x4)/(x3-x0)))*(sqrt(7.001000)/x7)))/(14.496000+sin(((cos(x2)*(6.382000-x5))/exp(cos(x1)))))),feynman_I_9_18,7,GP-GOMEA (original)
34,3506.82,280693,0.0011821,0.921797,0.00125879,0.918649,41,((exp(cos(((x5-x1)/(x2*x0))))*(((log(x8)+x6)+((x1*x4)/(x3-x0)))*(sqrt(7.001000)/x7)))/(14.496000+sin(((cos(x2)*(6.382000-x5))/exp(cos(x1)))))),feynman_I_9_18,7,GP-GOMEA (original)
35,3596.37,286746,0.0011821,0.921797,0.00125879,0.918649,41,((exp(cos(((x5-x1)/(x2*x0))))*(((log(x8)+x6)+((x1*x4)/(x3-x0)))*(sqrt(7.001000)/x7)))/(14.496000+sin(((cos(x2)*(6.382000-x5))/exp(cos(x1)))))),feynman_I_9_18,7,GP-GOMEA (original)
0,1.15126,128,0.0254452,-0.683337,0.0261008,-0.637418,14,(log(exp(sin(exp(sin(x7)))))*sin(cos(cos(sin((x6-x8)))))),feynman_I_9_18,19,GP-GOMEA (original)
1,67.8226,5714,0.00861351,0.430169,0.00906176,0.431516,44,(cos((cos(log((x2-x1)))/sqrt((sqrt(x7)*exp(x8)))))+((((sin(3.136000)*(x6/x4))+sqrt(cos(-17.169000)))/((sqrt(x7)-(0.763000*x4))+sin((x2+0.562000))))-cos(sqrt((log(x0)*sin(-3.762000)))))),feynman_I_9_18,19,GP-GOMEA (original)
2,120.44,10591,0.00522847,0.654108,0.00532509,0.665933,30,exp(((log(sqrt((x3*x2)))+log((sqrt(x8)/sin(x8))))-((log((x7/x0))+exp(cos(x3)))+sqrt(((x1-x3)+sin(x6)))))),feynman_I_9_18,19,GP-GOMEA (original)
3,176.986,16089,0.00522847,0.654108,0.00532509,0.665933,30,exp(((log(sqrt((x3*x2)))+log((sqrt(x8)/sin(x8))))-((log((x7/x0))+exp(cos(x3)))+sqrt(((x1-x3)+sin(x6)))))),feynman_I_9_18,19,GP-GOMEA (original)
4,239.328,22096,0.00419381,0.722557,0.00437675,0.725427,30,exp(((log(sqrt((x3*x2)))+log((sqrt(x8)*sin(x8))))-((log((x7/x0))+exp(cos(x7)))+sqrt(((x1-x3)+sin(x6)))))),feynman_I_9_18,19,GP-GOMEA (original)
5,308.238,28457,0.00395786,0.738165,0.00413223,0.740767,30,exp(((log(sqrt((x3*x2)))+log((sqrt(x6)*sin(x8))))-((log((x7/x0))+exp(cos(x7)))+sqrt(((x1-x3)+sin(x2)))))),feynman_I_9_18,19,GP-GOMEA (original)
6,390.587,35582,0.00390144,0.741898,0.00411654,0.741751,30,exp(((log(sqrt((x3*x2)))+log((sqrt(x6)*sin(x8))))-((log((x7/x0))+exp(cos(x7)))+sqrt(((x1-x3)+sin(x4)))))),feynman_I_9_18,19,GP-GOMEA (original)
7,478.903,43174,0.00334218,0.778896,0.00355839,0.776766,31,(x8/(((x7/cos(cos(x0)))+exp((cos(x1)+(x8/x2))))-((cos((x0-x5))+(x4/(x3-x0)))+sqrt(exp(log(x6)))))),feynman_I_9_18,19,GP-GOMEA (original)
8,576.078,51319,0.00334218,0.778896,0.00355839,0.776766,31,(x8/(((x7/cos(cos(x0)))+exp((cos(x1)+(x8/x2))))-((cos((x0-x5))+(x4/(x3-x0)))+sqrt(exp(log(x6)))))),feynman_I_9_18,19,GP-GOMEA (original)
9,677.763,59605,0.00334218,0.778896,0.00355839,0.776766,31,(x8/(((x7/cos(cos(x0)))+exp((cos(x1)+(x8/x2))))-((cos((x0-x5))+(x4/(x3-x0)))+sqrt(exp(log(x6)))))),feynman_I_9_18,19,GP-GOMEA (original)
9,783.158,68118,0.0226141,-0.496051,0.0237342,-0.488955,3,log(sqrt(x1)),feynman_I_9_18,19,GP-GOMEA (original)
10,918.558,79714,0.0226141,-0.496051,0.0237342,-0.488955,3,log(sqrt(x1)),feynman_I_9_18,19,GP-GOMEA (original)
11,1021.59,87885,0.0226141,-0.496051,0.0237342,-0.488955,3,log(sqrt(x1)),feynman_I_9_18,19,GP-GOMEA (original)
12,1128.42,96116,0.0226141,-0.496051,0.0237342,-0.488955,3,log(sqrt(x1)),feynman_I_9_18,19,GP-GOMEA (original)
13,1244.04,104603,0.00318164,0.789517,0.00332333,0.791513,69,((((((x2*x0)/(-16.875000+x8))/(exp(x7)/(x6+x1)))*((sqrt(x4)+log(x7))-((x6/-12.218000)/(x5/x2))))*(((log(x1)-exp(x1))-sqrt(exp(x4)))-x8))-(exp(((log(x1)-sin(x8))-cos(cos(x0))))/((sin((x4/x5))+((x2*x7)/(x3-x7)))+exp(sqrt(sin(x7)))))),feynman_I_9_18,19,GP-GOMEA (original)
14,1364.71,113332,0.00242544,0.839544,0.00253061,0.841244,69,((((((x2*x0)/(-16.875000+x8))/(exp(x7)/(x6+x1)))*((sqrt(x4)+log(x7))-((x6/-12.218000)/(x5/x2))))*(((log(x1)-exp(x1))-sqrt(exp(x4)))-x8))-(exp(((log(x2)-log(x8))-cos(cos(x1))))/((sin((x2/x5))+((x2*x7)/(x3-x7)))*sqrt(sqrt(sin(9.759000)))))),feynman_I_9_18,19,GP-GOMEA (original)
15,1490.87,122199,0.00231203,0.847046,0.00240143,0.849348,69,((((((x2*x0)/(-16.875000+x8))/(exp(x7)/(x6+x1)))*((sqrt(x4)+log(x7))-((x6/-12.218000)/(x5/x4))))*(((log(x1)-exp(x1))-sqrt(exp(x4)))-x8))-(exp(((log(x2)-log(x4))-cos(cos(x1))))/((sin((x7-x5))+((x2*x7)/(x3-x7)))*sqrt(sqrt(sin(9.759000)))))),feynman_I_9_18,19,GP-GOMEA (original)
16,1622.4,131126,0.00231203,0.847046,0.00240143,0.849348,69,((((((x2*x0)/(-16.875000+x8))/(exp(x7)/(x6+x1)))*((sqrt(x4)+log(x7))-((x6/-12.218000)/(x5/x4))))*(((log(x1)-exp(x1))-sqrt(exp(x4)))-x8))-(exp(((log(x2)-log(x4))-cos(cos(x1))))/((sin((x7-x5))+((x2*x7)/(x3-x7)))*sqrt(sqrt(sin(9.759000)))))),feynman_I_9_18,19,GP-GOMEA (original)
17,1753.17,140097,0.00231203,0.847046,0.00240143,0.849348,69,((((((x2*x0)/(-16.875000+x8))/(exp(x7)/(x6+x1)))*((sqrt(x4)+log(x7))-((x6/-12.218000)/(x5/x4))))*(((log(x1)-exp(x1))-sqrt(exp(x4)))-x8))-(exp(((log(x2)-log(x4))-cos(cos(x1))))/((sin((x7-x5))+((x2*x7)/(x3-x7)))*sqrt(sqrt(sin(9.759000)))))),feynman_I_9_18,19,GP-GOMEA (original)
18,1885.5,148979,0.00226101,0.850422,0.00240985,0.848819,47,(((((log(x2)*exp(x0))+((x0-x7)+(x2/x2)))+(x4+((x5*x1)-(x7/x6))))/((x0+exp(x5))/((x5-sin(x6))/(x3*sin(x2)))))*exp(sin((sqrt(x3)/cos(cos(x2)))))),feynman_I_9_18,19,GP-GOMEA (original)
19,2015.37,157494,0.00184969,0.877633,0.00202841,0.872749,51,(((((log(x2)*exp(x0))+((x0-x7)+(x2/x2)))+(x4+((x5*x1)-(x7/x6))))/(((x3/exp(x5))+exp(x5))/((x5-sin(x6))/(x3*sin(x2)))))*exp(sin((sqrt(sqrt(x8))*cos(cos(x2)))))),feynman_I_9_18,19,GP-GOMEA (original)
19,2153.25,166032,0.001745,0.884559,0.00187642,0.882284,50,(((((log(x2)*exp(x0))+((x0-x7)+(x2/x2)))+(x4+((x5*x1)-(x7/x6))))/(((x3/-17.241000)+exp(x5))/((x5-sin(2.042000))/(x3*sin(x2)))))*exp(sin((sqrt(sqrt(x8))*cos(cos(x2)))))),feynman_I_9_18,19,GP-GOMEA (original)
20,2289.17,179496,0.001745,0.884559,0.00187642,0.882284,50,(((((log(x2)*exp(x0))+((x0-x7)+(x2/x2)))+(x4+((x5*x1)-(x7/x6))))/(((x3/-17.241000)+exp(x5))/((x5-sin(2.042000))/(x3*sin(x2)))))*exp(sin((sqrt(sqrt(x8))*cos(cos(x2)))))),feynman_I_9_18,19,GP-GOMEA (original)
21,2434.28,188023,0.00154247,0.897957,0.00166615,0.895475,78,((((((x2*x0)/(-16.875000+x8))/(exp(x7)/(x6+x1)))*((sqrt(x4)+log(x7))-((x3/-12.218000)/(x5/x7))))*(((log(x1)-exp(x1))-sqrt(exp(x4)))-(((x7-x5)+sin(x8))/sin(sin(x6)))))-(exp(((log(x2)-cos(x1))-cos(cos(x1))))/((sin((x0--2.083000))+((x2*x7)/(x3-x7)))*sqrt(sqrt(sqrt(x6)))))),feynman_I_9_18,19,GP-GOMEA (original)
22,2580.66,196326,0.00146486,0.903091,0.00157656,0.901096,78,((((((x2*x0)/(-16.875000+x8))/(exp(x7)/(x6+x1)))*((sqrt(x4)+log(x7))-((x3/-12.218000)/(x5/x7))))*(((log(x1)-exp(x1))-sqrt(exp(x4)))-(((x7-x5)+sin(x8))/sin(sin(x6)))))-(exp(((log(x2)-cos(x1))-cos(cos(x1))))/((sin((x0-x3))+((x2+x7)/(x3-x7)))*sqrt(sqrt(sin(x6)))))),feynman_I_9_18,19,GP-GOMEA (original)
23,2743.71,205151,0.00138939,0.908084,0.0014814,0.907065,78,((((((x2*x0)/(-16.875000+x4))/(exp(x7)/(x6+x1)))*((sqrt(x8)+log(x7))-((x3/-12.218000)/(x5/x7))))*(((log(x1)-exp(x1))-sqrt(exp(x4)))-(((x7-x5)+sin(x8))/sin(sin(x6)))))-(exp(((log(x2)-cos(x1))-cos(cos(x0))))/((sin((x0-x3))+((x2+x8)/(x3-x7)))*sqrt(exp(sin(x6)))))),feynman_I_9_18,19,GP-GOMEA (original)
24,2910.78,213833,0.00136617,0.90962,0.00146027,0.908391,78,((((((x2*x0)/(-16.875000+x4))/(exp(x7)/(x6+x1)))*((sqrt(x8)+log(x7))-((x3/-12.218000)/(x5/x7))))*(((log(x1)-exp(x1))-sqrt(exp(x4)))-(((x7-x5)+sin(x4))/sin(sin(x6)))))-(exp(((log(x2)-cos(x1))-cos(cos(x1))))/((sin((x0-x3))+((x2+x8)/(x3-x7)))*sqrt(exp(sin(x6)))))),feynman_I_9_18,19,GP-GOMEA (original)
25,3073.9,222218,0.00122971,0.918648,0.00130332,0.918237,79,((((((x2*x0)/(-16.875000+x8))/(exp(x7)/(x6+x1)))*((sqrt(x4)+log(x7))-((x3/-12.218000)/(x5/x7))))*(((log(x1)-exp(x1))-sqrt(exp(x4)))-(((x7-x5)+sin(x8))/sin((x1/x8)))))-(exp(((log(x2)-cos(x1))-cos(cos(x2))))/((sin((x0-x3))+((x2+x3)/(x3-x7)))*sqrt(sqrt(sin(x4)))))),feynman_I_9_18,19,GP-GOMEA (original)
26,3235.96,230420,0.00105809,0.930001,0.00114099,0.928421,78,((((((x2*x0)/(-16.875000+x8))/(exp(x7)/(x6+x4)))*((sqrt(x8)+log(x7))-((x3/-12.218000)/(x5/x7))))*(((log(x1)-exp(x1))-sqrt(exp(x4)))-(((x7-x5)+sin(x8))/sin(sin(x6)))))-(exp(((log(x2)-cos(x1))-cos(cos(x1))))/((sin((x0-x3))+((x2+x3)/(x3-x7)))*sqrt(sqrt(sqrt(x4)))))),feynman_I_9_18,19,GP-GOMEA (original)
27,3395.57,238292,0.000924427,0.938844,0.00100543,0.936925,81,((((((x2*x0)/(-16.875000+x8))/(exp(x7)/(x6+x1)))*((sqrt(x8)+log(x7))-((x3/-12.218000)/(x5/x7))))*(((log(x1)-exp(x1))-(exp(x4)-(x1*x4)))-(((x7-x5)+sin(0.792000))/sin(sin(x2)))))-(exp(((log(x2)-cos(x1))-cos(cos(x2))))/((sin((x0-x3))+((x2+x1)/(x3-x7)))*sqrt(exp(sqrt(x4)))))),feynman_I_9_18,19,GP-GOMEA (original)
28,3550.01,245871,0.000916498,0.939369,0.000982081,0.93839,81,((((((x2*x0)/(-16.875000+x8))/(exp(x7)/(x6+x1)))*((sqrt(x8)+log(x7))-((x3/-12.218000)/(x5/x7))))*(((log(x1)-exp(x1))-(exp(x4)-(x1*x4)))-(((x7-x5)+sin(2.042000))/sin(sin(x6)))))-(exp(((log(x2)-cos(x1))-cos(cos(x2))))/((sin((x0-x3))+((x2+x1)/(x3-x7)))*sqrt(exp(sqrt(x4)))))),feynman_I_9_18,19,GP-GOMEA (original)
0,1.09886,128,0.042568,-1.81611,0.0432571,-1.78757,2,log(x0),feynman_I_9_18,3,GP-GOMEA (original)
1,63.0398,5911,0.0111653,0.261354,0.0113206,0.27048,32,((exp(cos((x6/(x2*x0))))+(((sin(x1)+x0)+log(log(x8)))*(sqrt(7.001000)/x7)))/(14.496000+sin(exp((exp(x6)/(6.382000-x1)))))),feynman_I_9_18,3,GP-GOMEA (original)
2,112.324,11437,0.00989012,0.345714,0.010148,0.346043,33,((exp(cos((x6/(x2*x0))))+(((sin(x1)+x0)+log((x2*x4)))*(sqrt(7.001000)/x7)))/(14.496000+sin(exp((exp(x6)/(6.382000-x1)))))),feynman_I_9_18,3,GP-GOMEA (original)
3,167.491,17391,0.00543277,0.640592,0.00547357,0.647273,34,((((log(sin(x6))*(sqrt(x3)+exp(x8)))*sin(sqrt((x7*x3))))+(x0/x3))*sqrt((exp((log(x4)*x2))/((x5+(x3/x2))/x1)))),feynman_I_9_18,3,GP-GOMEA (original)
4,227.189,24204,0.00419243,0.722648,0.00422921,0.727462,33,((exp(cos(((x5-x4)/(x2*x0))))*(((x1+x0)+log(sqrt(x2)))*(sqrt(7.001000)/x7)))/(14.496000+sin(exp((exp(x6)/(6.382000-x6)))))),feynman_I_9_18,3,GP-GOMEA (original)
5,299.066,32062,0.00318096,0.789562,0.00331122,0.786619,35,((exp(cos(((x5-x1)/(x2*x0))))*(((sin(x1)+x6)+log((x1*x4)))*(sqrt(7.001000)/x7)))/(14.496000+sin(exp((exp(x8)/(6.382000-x4)))))),feynman_I_9_18,3,GP-GOMEA (original)
6,369.904,39699,0.00318096,0.789562,0.00331122,0.786619,35,((exp(cos(((x5-x1)/(x2*x0))))*(((sin(x1)+x6)+log((x1*x4)))*(sqrt(7.001000)/x7)))/(14.496000+sin(exp((exp(x8)/(6.382000-x4)))))),feynman_I_9_18,3,GP-GOMEA (original)
7,443.679,47301,0.00318096,0.789562,0.00331122,0.786619,35,((exp(cos(((x5-x1)/(x2*x0))))*(((sin(x1)+x6)+log((x1*x4)))*(sqrt(7.001000)/x7)))/(14.496000+sin(exp((exp(x8)/(6.382000-x4)))))),feynman_I_9_18,3,GP-GOMEA (original)
8,524.315,55195,0.00314738,0.791783,0.00325071,0.790518,35,((exp(cos(((x5-x1)/(x2*x0))))*(((sin(x1)+x6)+log((x1*x4)))*(sqrt(7.001000)/x7)))/(14.496000+sin(exp((exp(x8)/(6.382000-x2)))))),feynman_I_9_18,3,GP-GOMEA (original)
9,604.494,63130,0.00309794,0.795054,0.00320308,0.793587,35,((exp(cos(((x5-x1)/(x2*x0))))*(((sin(x8)+x6)+log((x1*x4)))*(sqrt(7.001000)/x7)))/(14.496000+sin(exp((exp(x8)/(6.382000-x2)))))),feynman_I_9_18,3,GP-GOMEA (original)
9,695.815,71733,0.0176765,-0.169396,0.0181737,-0.171146,3,cos(log(x5)),feynman_I_9_18,3,GP-GOMEA (original)
10,811.976,81950,0.0176765,-0.169396,0.0181737,-0.171146,3,cos(log(x5)),feynman_I_9_18,3,GP-GOMEA (original)
11,910.689,90860,0.00154096,0.898057,0.00157126,0.898745,40,((exp(cos(((x5-x1)/(x2*x0))))*(((log(x8)+x6)+((x1*x4)/(x3-x0)))*(sqrt(7.001000)/x7)))/(14.496000+sin(((cos(x8)*x5)/(sqrt(x7)+x2))))),feynman_I_9_18,3,GP-GOMEA (original)
12,1010.78,99450,0.00127955,0.915351,0.0012943,0.916593,40,((exp(cos(((x5-x1)/(x2*x0))))*(((log(x8)+x6)+((x1*x4)/(x3-x0)))*(sqrt(7.001000)/x7)))/(14.496000+sin(((cos(x2)*x5)/(cos(x6)+x2))))),feynman_I_9_18,3,GP-GOMEA (original)
13,1123.46,108598,0.00123065,0.918586,0.00124078,0.920042,42,((exp(cos(((x5-x1)/(x2*x0))))*(((log(x8)+x6)+((x1*x4)/(x3-x0)))*(sqrt(7.001000)/x7)))/(14.496000+sin(((cos(x2)*(6.382000-x2))/log((x7*x2)))))),feynman_I_9_18,3,GP-GOMEA (original)
14,1241.83,117794,0.00121423,0.919672,0.00121714,0.921565,40,((exp(cos(((x5-x1)/(x2*x0))))*(((log(x8)+x6)+((x1*x4)/(x3-x0)))*(sqrt(7.001000)/x7)))/(14.496000+sin(((cos(x2)*x5)/cos((x7-x5)))))),feynman_I_9_18,3,GP-GOMEA (original)
15,1350.63,126056,0.00119658,0.920839,0.00119439,0.923031,39,((exp(cos(((x5-x1)/(x2*x0))))*(((log(x8)+x6)+((x1*x4)/(x3-x0)))*(sqrt(7.001000)/x7)))/(14.496000+sin(((cos(x2)*x5)/exp(cos(x1)))))),feynman_I_9_18,3,GP-GOMEA (original)
16,1458.86,134212,0.00119658,0.920839,0.00119439,0.923031,39,((exp(cos(((x5-x1)/(x2*x0))))*(((log(x8)+x6)+((x1*x4)/(x3-x0)))*(sqrt(7.001000)/x7)))/(14.496000+sin(((cos(x2)*x5)/exp(cos(x1)))))),feynman_I_9_18,3,GP-GOMEA (original)
17,1560.01,141866,0.00119658,0.920839,0.00119439,0.923031,39,((exp(cos(((x5-x1)/(x2*x0))))*(((log(x8)+x6)+((x1*x4)/(x3-x0)))*(sqrt(7.001000)/x7)))/(14.496000+sin(((cos(x2)*x5)/exp(cos(x1)))))),feynman_I_9_18,3,GP-GOMEA (original)
18,1663.0,149737,0.00119658,0.920839,0.00119439,0.923031,39,((exp(cos(((x5-x1)/(x2*x0))))*(((log(x8)+x6)+((x1*x4)/(x3-x0)))*(sqrt(7.001000)/x7)))/(14.496000+sin(((cos(x2)*x5)/exp(cos(x1)))))),feynman_I_9_18,3,GP-GOMEA (original)
19,1763.32,157484,0.00119658,0.920839,0.00119439,0.923031,39,((exp(cos(((x5-x1)/(x2*x0))))*(((log(x8)+x6)+((x1*x4)/(x3-x0)))*(sqrt(7.001000)/x7)))/(14.496000+sin(((cos(x2)*x5)/exp(cos(x1)))))),feynman_I_9_18,3,GP-GOMEA (original)
19,1860.52,164866,0.0011821,0.921797,0.00118043,0.923931,41,((exp(cos(((x5-x1)/(x2*x0))))*(((log(x8)+x6)+((x1*x4)/(x3-x0)))*(sqrt(7.001000)/x7)))/(14.496000+sin(((cos(x2)*(6.382000-x5))/exp(cos(x1)))))),feynman_I_9_18,3,GP-GOMEA (original)
20,1966.17,176269,0.0011821,0.921797,0.00118043,0.923931,41,((exp(cos(((x5-x1)/(x2*x0))))*(((log(x8)+x6)+((x1*x4)/(x3-x0)))*(sqrt(7.001000)/x7)))/(14.496000+sin(((cos(x2)*(6.382000-x5))/exp(cos(x1)))))),feynman_I_9_18,3,GP-GOMEA (original)
21,2064.32,183672,0.0011821,0.921797,0.00118043,0.923931,41,((exp(cos(((x5-x1)/(x2*x0))))*(((log(x8)+x6)+((x1*x4)/(x3-x0)))*(sqrt(7.001000)/x7)))/(14.496000+sin(((cos(x2)*(6.382000-x5))/exp(cos(x1)))))),feynman_I_9_18,3,GP-GOMEA (original)
22,2166.85,191194,0.0011821,0.921797,0.00118043,0.923931,41,((exp(cos(((x5-x1)/(x2*x0))))*(((log(x8)+x6)+((x1*x4)/(x3-x0)))*(sqrt(7.001000)/x7)))/(14.496000+sin(((cos(x2)*(6.382000-x5))/exp(cos(x1)))))),feynman_I_9_18,3,GP-GOMEA (original)
23,2265.28,198240,0.0011821,0.921797,0.00118043,0.923931,41,((exp(cos(((x5-x1)/(x2*x0))))*(((log(x8)+x6)+((x1*x4)/(x3-x0)))*(sqrt(7.001000)/x7)))/(14.496000+sin(((cos(x2)*(6.382000-x5))/exp(cos(x1)))))),feynman_I_9_18,3,GP-GOMEA (original)
24,2360.84,205289,0.0011821,0.921797,0.00118043,0.923931,41,((exp(cos(((x5-x1)/(x2*x0))))*(((log(x8)+x6)+((x1*x4)/(x3-x0)))*(sqrt(7.001000)/x7)))/(14.496000+sin(((cos(x2)*(6.382000-x5))/exp(cos(x1)))))),feynman_I_9_18,3,GP-GOMEA (original)
25,2449.11,211700,0.0011821,0.921797,0.00118043,0.923931,41,((exp(cos(((x5-x1)/(x2*x0))))*(((log(x8)+x6)+((x1*x4)/(x3-x0)))*(sqrt(7.001000)/x7)))/(14.496000+sin(((cos(x2)*(6.382000-x5))/exp(cos(x1)))))),feynman_I_9_18,3,GP-GOMEA (original)
26,2536.47,218062,0.0011821,0.921797,0.00118043,0.923931,41,((exp(cos(((x5-x1)/(x2*x0))))*(((log(x8)+x6)+((x1*x4)/(x3-x0)))*(sqrt(7.001000)/x7)))/(14.496000+sin(((cos(x2)*(6.382000-x5))/exp(cos(x1)))))),feynman_I_9_18,3,GP-GOMEA (original)
27,2625.94,224531,0.0011821,0.921797,0.00118043,0.923931,41,((exp(cos(((x5-x1)/(x2*x0))))*(((log(x8)+x6)+((x1*x4)/(x3-x0)))*(sqrt(7.001000)/x7)))/(14.496000+sin(((cos(x2)*(6.382000-x5))/exp(cos(x1)))))),feynman_I_9_18,3,GP-GOMEA (original)
28,2713.08,230812,0.0011821,0.921797,0.00118043,0.923931,41,((exp(cos(((x5-x1)/(x2*x0))))*(((log(x8)+x6)+((x1*x4)/(x3-x0)))*(sqrt(7.001000)/x7)))/(14.496000+sin(((cos(x2)*(6.382000-x5))/exp(cos(x1)))))),feynman_I_9_18,3,GP-GOMEA (original)
29,2801.08,237093,0.0011821,0.921797,0.00118043,0.923931,41,((exp(cos(((x5-x1)/(x2*x0))))*(((log(x8)+x6)+((x1*x4)/(x3-x0)))*(sqrt(7.001000)/x7)))/(14.496000+sin(((cos(x2)*(6.382000-x5))/exp(cos(x1)))))),feynman_I_9_18,3,GP-GOMEA (original)
29,2895.62,243720,0.0011821,0.921797,0.00118043,0.923931,41,((exp(cos(((x5-x1)/(x2*x0))))*(((log(x8)+x6)+((x1*x4)/(x3-x0)))*(sqrt(7.001000)/x7)))/(14.496000+sin(((cos(x2)*(6.382000-x5))/exp(cos(x1)))))),feynman_I_9_18,3,GP-GOMEA (original)
30,3003.5,255092,0.0011821,0.921797,0.00118043,0.923931,41,((exp(cos(((x5-x1)/(x2*x0))))*(((log(x8)+x6)+((x1*x4)/(x3-x0)))*(sqrt(7.001000)/x7)))/(14.496000+sin(((cos(x2)*(6.382000-x5))/exp(cos(x1)))))),feynman_I_9_18,3,GP-GOMEA (original)
31,3098.61,261708,0.0011821,0.921797,0.00118043,0.923931,41,((exp(cos(((x5-x1)/(x2*x0))))*(((log(x8)+x6)+((x1*x4)/(x3-x0)))*(sqrt(7.001000)/x7)))/(14.496000+sin(((cos(x2)*(6.382000-x5))/exp(cos(x1)))))),feynman_I_9_18,3,GP-GOMEA (original)
32,3184.27,267579,0.0011821,0.921797,0.00118043,0.923931,41,((exp(cos(((x5-x1)/(x2*x0))))*(((log(x8)+x6)+((x1*x4)/(x3-x0)))*(sqrt(7.001000)/x7)))/(14.496000+sin(((cos(x2)*(6.382000-x5))/exp(cos(x1)))))),feynman_I_9_18,3,GP-GOMEA (original)
33,3279.72,274269,0.0011821,0.921797,0.00118043,0.923931,41,((exp(cos(((x5-x1)/(x2*x0))))*(((log(x8)+x6)+((x1*x4)/(x3-x0)))*(sqrt(7.001000)/x7)))/(14.496000+sin(((cos(x2)*(6.382000-x5))/exp(cos(x1)))))),feynman_I_9_18,3,GP-GOMEA (original)
34,3373.25,280693,0.0011821,0.921797,0.00118043,0.923931,41,((exp(cos(((x5-x1)/(x2*x0))))*(((log(x8)+x6)+((x1*x4)/(x3-x0)))*(sqrt(7.001000)/x7)))/(14.496000+sin(((cos(x2)*(6.382000-x5))/exp(cos(x1)))))),feynman_I_9_18,3,GP-GOMEA (original)
35,3461.16,286746,0.0011821,0.921797,0.00118043,0.923931,41,((exp(cos(((x5-x1)/(x2*x0))))*(((log(x8)+x6)+((x1*x4)/(x3-x0)))*(sqrt(7.001000)/x7)))/(14.496000+sin(((cos(x2)*(6.382000-x5))/exp(cos(x1)))))),feynman_I_9_18,3,GP-GOMEA (original)
36,3548.59,292765,0.0011821,0.921797,0.00118043,0.923931,41,((exp(cos(((x5-x1)/(x2*x0))))*(((log(x8)+x6)+((x1*x4)/(x3-x0)))*(sqrt(7.001000)/x7)))/(14.496000+sin(((cos(x2)*(6.382000-x5))/exp(cos(x1)))))),feynman_I_9_18,3,GP-GOMEA (original)
0,1.36687,128,0.042568,-1.81611,0.0421953,-1.70451,2,log(x0),feynman_I_9_18,4,GP-GOMEA (original)
1,63.4713,5911,0.0111653,0.261354,0.0115873,0.257309,32,((exp(cos((x6/(x2*x0))))+(((sin(x1)+x0)+log(log(x8)))*(sqrt(7.001000)/x7)))/(14.496000+sin(exp((exp(x6)/(6.382000-x1)))))),feynman_I_9_18,4,GP-GOMEA (original)
2,112.824,11437,0.00989012,0.345714,0.0101441,0.349811,33,((exp(cos((x6/(x2*x0))))+(((sin(x1)+x0)+log((x2*x4)))*(sqrt(7.001000)/x7)))/(14.496000+sin(exp((exp(x6)/(6.382000-x1)))))),feynman_I_9_18,4,GP-GOMEA (original)
3,168.011,17391,0.00543277,0.640592,0.00550459,0.647182,34,((((log(sin(x6))*(sqrt(x3)+exp(x8)))*sin(sqrt((x7*x3))))+(x0/x3))*sqrt((exp((log(x4)*x2))/((x5+(x3/x2))/x1)))),feynman_I_9_18,4,GP-GOMEA (original)
4,227.824,24204,0.00419243,0.722648,0.00426248,0.726796,33,((exp(cos(((x5-x4)/(x2*x0))))*(((x1+x0)+log(sqrt(x2)))*(sqrt(7.001000)/x7)))/(14.496000+sin(exp((exp(x6)/(6.382000-x6)))))),feynman_I_9_18,4,GP-GOMEA (original)
5,299.758,32062,0.00318096,0.789562,0.00329835,0.788591,35,((exp(cos(((x5-x1)/(x2*x0))))*(((sin(x1)+x6)+log((x1*x4)))*(sqrt(7.001000)/x7)))/(14.496000+sin(exp((exp(x8)/(6.382000-x4)))))),feynman_I_9_18,4,GP-GOMEA (original)
6,370.589,39699,0.00318096,0.789562,0.00329835,0.788591,35,((exp(cos(((x5-x1)/(x2*x0))))*(((sin(x1)+x6)+log((x1*x4)))*(sqrt(7.001000)/x7)))/(14.496000+sin(exp((exp(x8)/(6.382000-x4)))))),feynman_I_9_18,4,GP-GOMEA (original)
7,444.499,47301,0.00318096,0.789562,0.00329835,0.788591,35,((exp(cos(((x5-x1)/(x2*x0))))*(((sin(x1)+x6)+log((x1*x4)))*(sqrt(7.001000)/x7)))/(14.496000+sin(exp((exp(x8)/(6.382000-x4)))))),feynman_I_9_18,4,GP-GOMEA (original)
8,525.46,55195,0.00314738,0.791783,0.00325579,0.791319,35,((exp(cos(((x5-x1)/(x2*x0))))*(((sin(x1)+x6)+log((x1*x4)))*(sqrt(7.001000)/x7)))/(14.496000+sin(exp((exp(x8)/(6.382000-x2)))))),feynman_I_9_18,4,GP-GOMEA (original)
9,605.779,63130,0.00309794,0.795054,0.00320169,0.794787,35,((exp(cos(((x5-x1)/(x2*x0))))*(((sin(x8)+x6)+log((x1*x4)))*(sqrt(7.001000)/x7)))/(14.496000+sin(exp((exp(x8)/(6.382000-x2)))))),feynman_I_9_18,4,GP-GOMEA (original)
9,697.227,71733,0.0176765,-0.169396,0.0184499,-0.18255,3,cos(log(x5)),feynman_I_9_18,4,GP-GOMEA (original)
10,813.489,81950,0.0176765,-0.169396,0.0184499,-0.18255,3,cos(log(x5)),feynman_I_9_18,4,GP-GOMEA (original)
11,912.357,90860,0.00154096,0.898057,0.00157227,0.899225,40,((exp(cos(((x5-x1)/(x2*x0))))*(((log(x8)+x6)+((x1*x4)/(x3-x0)))*(sqrt(7.001000)/x7)))/(14.496000+sin(((cos(x8)*x5)/(sqrt(x7)+x2))))),feynman_I_9_18,4,GP-GOMEA (original)
12,1012.63,99450,0.00127955,0.915351,0.00129684,0.916879,40,((exp(cos(((x5-x1)/(x2*x0))))*(((log(x8)+x6)+((x1*x4)/(x3-x0)))*(sqrt(7.001000)/x7)))/(14.496000+sin(((cos(x2)*x5)/(cos(x6)+x2))))),feynman_I_9_18,4,GP-GOMEA (original)
13,1125.48,108598,0.00123065,0.918586,0.00124911,0.919938,42,((exp(cos(((x5-x1)/(x2*x0))))*(((log(x8)+x6)+((x1*x4)/(x3-x0)))*(sqrt(7.001000)/x7)))/(14.496000+sin(((cos(x2)*(6.382000-x2))/log((x7*x2)))))),feynman_I_9_18,4,GP-GOMEA (original)
14,1244.04,117794,0.00121423,0.919672,0.00122644,0.921391,40,((exp(cos(((x5-x1)/(x2*x0))))*(((log(x8)+x6)+((x1*x4)/(x3-x0)))*(sqrt(7.001000)/x7)))/(14.496000+sin(((cos(x2)*x5)/cos((x7-x5)))))),feynman_I_9_18,4,GP-GOMEA (original)
15,1353.02,126056,0.00119658,0.920839,0.00120172,0.922976,39,((exp(cos(((x5-x1)/(x2*x0))))*(((log(x8)+x6)+((x1*x4)/(x3-x0)))*(sqrt(7.001000)/x7)))/(14.496000+sin(((cos(x2)*x5)/exp(cos(x1)))))),feynman_I_9_18,4,GP-GOMEA (original)
16,1461.37,134212,0.00119658,0.920839,0.00120172,0.922976,39,((exp(cos(((x5-x1)/(x2*x0))))*(((log(x8)+x6)+((x1*x4)/(x3-x0)))*(sqrt(7.001000)/x7)))/(14.496000+sin(((cos(x2)*x5)/exp(cos(x1)))))),feynman_I_9_18,4,GP-GOMEA (original)
17,1562.73,141866,0.00119658,0.920839,0.00120172,0.922976,39,((exp(cos(((x5-x1)/(x2*x0))))*(((log(x8)+x6)+((x1*x4)/(x3-x0)))*(sqrt(7.001000)/x7)))/(14.496000+sin(((cos(x2)*x5)/exp(cos(x1)))))),feynman_I_9_18,4,GP-GOMEA (original)
18,1665.95,149737,0.00119658,0.920839,0.00120172,0.922976,39,((exp(cos(((x5-x1)/(x2*x0))))*(((log(x8)+x6)+((x1*x4)/(x3-x0)))*(sqrt(7.001000)/x7)))/(14.496000+sin(((cos(x2)*x5)/exp(cos(x1)))))),feynman_I_9_18,4,GP-GOMEA (original)
19,1766.48,157484,0.00119658,0.920839,0.00120172,0.922976,39,((exp(cos(((x5-x1)/(x2*x0))))*(((log(x8)+x6)+((x1*x4)/(x3-x0)))*(sqrt(7.001000)/x7)))/(14.496000+sin(((cos(x2)*x5)/exp(cos(x1)))))),feynman_I_9_18,4,GP-GOMEA (original)
19,1863.85,164866,0.0011821,0.921797,0.0011907,0.923682,41,((exp(cos(((x5-x1)/(x2*x0))))*(((log(x8)+x6)+((x1*x4)/(x3-x0)))*(sqrt(7.001000)/x7)))/(14.496000+sin(((cos(x2)*(6.382000-x5))/exp(cos(x1)))))),feynman_I_9_18,4,GP-GOMEA (original)
20,1969.71,176269,0.0011821,0.921797,0.0011907,0.923682,41,((exp(cos(((x5-x1)/(x2*x0))))*(((log(x8)+x6)+((x1*x4)/(x3-x0)))*(sqrt(7.001000)/x7)))/(14.496000+sin(((cos(x2)*(6.382000-x5))/exp(cos(x1)))))),feynman_I_9_18,4,GP-GOMEA (original)
21,2068.1,183672,0.0011821,0.921797,0.0011907,0.923682,41,((exp(cos(((x5-x1)/(x2*x0))))*(((log(x8)+x6)+((x1*x4)/(x3-x0)))*(sqrt(7.001000)/x7)))/(14.496000+sin(((cos(x2)*(6.382000-x5))/exp(cos(x1)))))),feynman_I_9_18,4,GP-GOMEA (original)
22,2170.73,191194,0.0011821,0.921797,0.0011907,0.923682,41,((exp(cos(((x5-x1)/(x2*x0))))*(((log(x8)+x6)+((x1*x4)/(x3-x0)))*(sqrt(7.001000)/x7)))/(14.496000+sin(((cos(x2)*(6.382000-x5))/exp(cos(x1)))))),feynman_I_9_18,4,GP-GOMEA (original)
23,2269.91,198240,0.0011821,0.921797,0.0011907,0.923682,41,((exp(cos(((x5-x1)/(x2*x0))))*(((log(x8)+x6)+((x1*x4)/(x3-x0)))*(sqrt(7.001000)/x7)))/(14.496000+sin(((cos(x2)*(6.382000-x5))/exp(cos(x1)))))),feynman_I_9_18,4,GP-GOMEA (original)
24,2365.61,205289,0.0011821,0.921797,0.0011907,0.923682,41,((exp(cos(((x5-x1)/(x2*x0))))*(((log(x8)+x6)+((x1*x4)/(x3-x0)))*(sqrt(7.001000)/x7)))/(14.496000+sin(((cos(x2)*(6.382000-x5))/exp(cos(x1)))))),feynman_I_9_18,4,GP-GOMEA (original)
25,2454.69,211700,0.0011821,0.921797,0.0011907,0.923682,41,((exp(cos(((x5-x1)/(x2*x0))))*(((log(x8)+x6)+((x1*x4)/(x3-x0)))*(sqrt(7.001000)/x7)))/(14.496000+sin(((cos(x2)*(6.382000-x5))/exp(cos(x1)))))),feynman_I_9_18,4,GP-GOMEA (original)
26,2542.15,218062,0.0011821,0.921797,0.0011907,0.923682,41,((exp(cos(((x5-x1)/(x2*x0))))*(((log(x8)+x6)+((x1*x4)/(x3-x0)))*(sqrt(7.001000)/x7)))/(14.496000+sin(((cos(x2)*(6.382000-x5))/exp(cos(x1)))))),feynman_I_9_18,4,GP-GOMEA (original)
27,2632.1,224531,0.0011821,0.921797,0.0011907,0.923682,41,((exp(cos(((x5-x1)/(x2*x0))))*(((log(x8)+x6)+((x1*x4)/(x3-x0)))*(sqrt(7.001000)/x7)))/(14.496000+sin(((cos(x2)*(6.382000-x5))/exp(cos(x1)))))),feynman_I_9_18,4,GP-GOMEA (original)
28,2719.4,230812,0.0011821,0.921797,0.0011907,0.923682,41,((exp(cos(((x5-x1)/(x2*x0))))*(((log(x8)+x6)+((x1*x4)/(x3-x0)))*(sqrt(7.001000)/x7)))/(14.496000+sin(((cos(x2)*(6.382000-x5))/exp(cos(x1)))))),feynman_I_9_18,4,GP-GOMEA (original)
29,2808.19,237093,0.0011821,0.921797,0.0011907,0.923682,41,((exp(cos(((x5-x1)/(x2*x0))))*(((log(x8)+x6)+((x1*x4)/(x3-x0)))*(sqrt(7.001000)/x7)))/(14.496000+sin(((cos(x2)*(6.382000-x5))/exp(cos(x1)))))),feynman_I_9_18,4,GP-GOMEA (original)
29,2902.99,243720,0.0011821,0.921797,0.0011907,0.923682,41,((exp(cos(((x5-x1)/(x2*x0))))*(((log(x8)+x6)+((x1*x4)/(x3-x0)))*(sqrt(7.001000)/x7)))/(14.496000+sin(((cos(x2)*(6.382000-x5))/exp(cos(x1)))))),feynman_I_9_18,4,GP-GOMEA (original)
30,3010.9,255092,0.0011821,0.921797,0.0011907,0.923682,41,((exp(cos(((x5-x1)/(x2*x0))))*(((log(x8)+x6)+((x1*x4)/(x3-x0)))*(sqrt(7.001000)/x7)))/(14.496000+sin(((cos(x2)*(6.382000-x5))/exp(cos(x1)))))),feynman_I_9_18,4,GP-GOMEA (original)
31,3106.16,261708,0.0011821,0.921797,0.0011907,0.923682,41,((exp(cos(((x5-x1)/(x2*x0))))*(((log(x8)+x6)+((x1*x4)/(x3-x0)))*(sqrt(7.001000)/x7)))/(14.496000+sin(((cos(x2)*(6.382000-x5))/exp(cos(x1)))))),feynman_I_9_18,4,GP-GOMEA (original)
32,3191.5,267579,0.0011821,0.921797,0.0011907,0.923682,41,((exp(cos(((x5-x1)/(x2*x0))))*(((log(x8)+x6)+((x1*x4)/(x3-x0)))*(sqrt(7.001000)/x7)))/(14.496000+sin(((cos(x2)*(6.382000-x5))/exp(cos(x1)))))),feynman_I_9_18,4,GP-GOMEA (original)
33,3287.11,274269,0.0011821,0.921797,0.0011907,0.923682,41,((exp(cos(((x5-x1)/(x2*x0))))*(((log(x8)+x6)+((x1*x4)/(x3-x0)))*(sqrt(7.001000)/x7)))/(14.496000+sin(((cos(x2)*(6.382000-x5))/exp(cos(x1)))))),feynman_I_9_18,4,GP-GOMEA (original)
34,3380.77,280693,0.0011821,0.921797,0.0011907,0.923682,41,((exp(cos(((x5-x1)/(x2*x0))))*(((log(x8)+x6)+((x1*x4)/(x3-x0)))*(sqrt(7.001000)/x7)))/(14.496000+sin(((cos(x2)*(6.382000-x5))/exp(cos(x1)))))),feynman_I_9_18,4,GP-GOMEA (original)
35,3468.8,286746,0.0011821,0.921797,0.0011907,0.923682,41,((exp(cos(((x5-x1)/(x2*x0))))*(((log(x8)+x6)+((x1*x4)/(x3-x0)))*(sqrt(7.001000)/x7)))/(14.496000+sin(((cos(x2)*(6.382000-x5))/exp(cos(x1)))))),feynman_I_9_18,4,GP-GOMEA (original)
36,3556.34,292765,0.0011821,0.921797,0.0011907,0.923682,41,((exp(cos(((x5-x1)/(x2*x0))))*(((log(x8)+x6)+((x1*x4)/(x3-x0)))*(sqrt(7.001000)/x7)))/(14.496000+sin(((cos(x2)*(6.382000-x5))/exp(cos(x1)))))),feynman_I_9_18,4,GP-GOMEA (original)
0,1.26344,128,0.0739845,-3.89448,0.0722944,-3.69654,25,exp(((exp(exp(sin(x3)))/sin(sqrt((-18.507000-x0))))/sqrt(((log(x0)-(x8+x3))*(cos(x6)-log(10.180000)))))),feynman_I_9_18,9,GP-GOMEA (original)
1,60.3553,5725,0.0104192,0.310714,0.0108431,0.295585,19,exp(((sin(x0)/sin(((-18.507000-x0)-(x3-x3))))/sqrt(cos(log((x7/x1)))))),feynman_I_9_18,9,GP-GOMEA (original)
2,113.183,11257,0.00908817,0.398767,0.00878179,0.429499,14,sqrt(((cos((x0*x1))*sin((cos(x2)-sin(-17.876000))))/x5)),feynman_I_9_18,9,GP-GOMEA (original)
3,166.644,17166,0.00855873,0.433793,0.00861167,0.440551,32,(cos(sqrt((log((x2+7.193000))-log(log(x8)))))*(((cos(sin(x5))+x2)*x1)-sin(((log(x3)*x5)/((x6+x2)*(x4*x0)))))),feynman_I_9_18,9,GP-GOMEA (original)
4,222.436,23308,0.00619364,0.590257,0.00670389,0.564487,17,exp((log(x0)-(sqrt(sqrt((x6+-5.548000)))*sqrt(((x2-x3)+log(x1)))))),feynman_I_9_18,9,GP-GOMEA (original)
5,283.456,30071,0.00616087,0.592424,0.00622217,0.595782,17,exp((log(x0)-(sqrt(sqrt((x6+-5.548000)))*sqrt(((x2-x5)+log(x1)))))),feynman_I_9_18,9,GP-GOMEA (original)
6,349.116,37201,0.00615668,0.592702,0.00641605,0.583187,17,exp((log(x0)-(sqrt(sqrt((x6+-5.548000)))*sqrt(((x2-x7)+log(x1)))))),feynman_I_9_18,9,GP-GOMEA (original)
7,416.24,44449,0.0057896,0.616986,0.0061841,0.598255,17,exp((log(x0)-(sqrt(log((x5+x5)))*sqrt(((x2-x3)+log(x1)))))),feynman_I_9_18,9,GP-GOMEA (original)
8,487.043,52008,0.0038517,0.745189,0.00395727,0.74292,23,(((x2/x5)*sqrt(sqrt(x0)))*sin((sqrt(((x1*x1)/(x3-x6)))/(exp(sin(x6))/x0)))),feynman_I_9_18,9,GP-GOMEA (original)
9,555.672,59376,0.0037031,0.75502,0.00384682,0.750095,23,(((x2/x5)*sqrt(sqrt(x0)))*sin((sqrt(((x1*x1)/(x3-x6)))/(exp(sin(x0))/x0)))),feynman_I_9_18,9,GP-GOMEA (original)
9,619.498,66677,0.0231901,-0.534151,0.0226712,-0.472816,5,((x4*x7)/14.828000),feynman_I_9_18,9,GP-GOMEA (original)
10,734.148,76833,0.0231901,-0.534151,0.0226712,-0.472816,5,((x4*x7)/14.828000),feynman_I_9_18,9,GP-GOMEA (original)
11,796.836,83983,0.0035688,0.763904,0.00369013,0.760274,26,(((x2/x5)*sqrt(sqrt(exp((x0/x7)))))*sin((sqrt(((x1*x1)/(x3-x6)))/(exp(sin(x0))/x0)))),feynman_I_9_18,9,GP-GOMEA (original)
12,859.588,91071,0.00340659,0.774636,0.00351199,0.771847,26,(((x2/x5)*sqrt(sqrt(exp((x8/x7)))))*sin((sqrt(((x1*x1)/(x3-x6)))/(exp(sin(x0))/x0)))),feynman_I_9_18,9,GP-GOMEA (original)
13,923.252,98230,0.00340659,0.774636,0.00351199,0.771847,26,(((x2/x5)*sqrt(sqrt(exp((x8/x7)))))*sin((sqrt(((x1*x1)/(x3-x6)))/(exp(sin(x0))/x0)))),feynman_I_9_18,9,GP-GOMEA (original)
14,990.788,105817,0.00340659,0.774636,0.00351199,0.771847,26,(((x2/x5)*sqrt(sqrt(exp((x8/x7)))))*sin((sqrt(((x1*x1)/(x3-x6)))/(exp(sin(x0))/x0)))),feynman_I_9_18,9,GP-GOMEA (original)
15,1057.45,113151,0.00340659,0.774636,0.00351199,0.771847,26,(((x2/x5)*sqrt(sqrt(exp((x8/x7)))))*sin((sqrt(((x1*x1)/(x3-x6)))/(exp(sin(x0))/x0)))),feynman_I_9_18,9,GP-GOMEA (original)
16,1125.66,120413,0.00312482,0.793276,0.00314654,0.795588,26,(((x2/x5)*sqrt(sqrt(exp((x8/2.271000)))))*sin((sqrt(((x1*x1)/(x3-x6)))/(exp(sin(x0))/x0)))),feynman_I_9_18,9,GP-GOMEA (original)
17,1198.03,127944,0.00312482,0.793276,0.00314654,0.795588,26,(((x2/x5)*sqrt(sqrt(exp((x8/2.271000)))))*sin((sqrt(((x1*x1)/(x3-x6)))/(exp(sin(x0))/x0)))),feynman_I_9_18,9,GP-GOMEA (original)
18,1268.72,135149,0.00312482,0.793276,0.00314654,0.795588,26,(((x2/x5)*sqrt(sqrt(exp((x8/2.271000)))))*sin((sqrt(((x1*x1)/(x3-x6)))/(exp(sin(x0))/x0)))),feynman_I_9_18,9,GP-GOMEA (original)
19,1338.25,142304,0.0024423,0.838428,0.00252275,0.836111,29,(((x2/x5)*sqrt(sqrt(((x8/2.271000)-(x8*x4)))))*sin((sqrt(((x1*x1)/(x3-x6)))/(exp(sin(x0))/x0)))),feynman_I_9_18,9,GP-GOMEA (original)
19,1405.81,149213,0.0024423,0.838428,0.00252275,0.836111,29,(((x2/x5)*sqrt(sqrt(((x8/2.271000)-(x8*x4)))))*sin((sqrt(((x1*x1)/(x3-x6)))/(exp(sin(x0))/x0)))),feynman_I_9_18,9,GP-GOMEA (original)
20,1509.17,159909,0.0024423,0.838428,0.00252275,0.836111,29,(((x2/x5)*sqrt(sqrt(((x8/2.271000)-(x8*x4)))))*sin((sqrt(((x1*x1)/(x3-x6)))/(exp(sin(x0))/x0)))),feynman_I_9_18,9,GP-GOMEA (original)
21,1578.4,166814,0.00242394,0.839643,0.00248966,0.838261,29,(((x2/x5)*sqrt(sqrt(((x8/2.271000)-(x8*x4)))))*sin((sqrt(((x1*x1)/(x3-x6)))/(exp(sin(x4))/x0)))),feynman_I_9_18,9,GP-GOMEA (original)
22,1652.08,173954,0.00189555,0.874599,0.00189079,0.877166,31,(((x2/x5)*(sqrt(((x0/2.271000)+(x8*x4)))*sin(-18.048000)))*sin((sqrt(((x1*x1)/(x3-x6)))/(exp(sin(x0))/x0)))),feynman_I_9_18,9,GP-GOMEA (original)
23,1728.72,181195,0.00188217,0.875484,0.00184815,0.879936,31,(((x2/x5)*(sqrt(((x6/2.271000)+(x8*x4)))*sin(-18.048000)))*sin((sqrt(((x1*x1)/(x3-x6)))/(exp(sin(x0))/x0)))),feynman_I_9_18,9,GP-GOMEA (original)
24,1805.93,188395,0.00188217,0.875484,0.00184815,0.879936,31,(((x2/x5)*(sqrt(((x6/2.271000)+(x8*x4)))*sin(-18.048000)))*sin((sqrt(((x1*x1)/(x3-x6)))/(exp(sin(x0))/x0)))),feynman_I_9_18,9,GP-GOMEA (original)
25,1882.37,195438,0.00188217,0.875484,0.00184815,0.879936,31,(((x2/x5)*(sqrt(((x6/2.271000)+(x8*x4)))*sin(-18.048000)))*sin((sqrt(((x1*x1)/(x3-x6)))/(exp(sin(x0))/x0)))),feynman_I_9_18,9,GP-GOMEA (original)
26,1961.24,202692,0.00173648,0.885122,0.00173353,0.887383,31,(((x2/x5)*(sqrt(((x6/x5)+(x8*x4)))*sin(-18.048000)))*sin((sqrt(((x1*x1)/(x3-x6)))/(exp(sin(x0))/x0)))),feynman_I_9_18,9,GP-GOMEA (original)
27,2036.49,209656,0.00172807,0.885679,0.00171201,0.888781,31,(((x2/x5)*(sqrt(((x6/x5)+(x8*x4)))*sin(-18.048000)))*sin((sqrt(((x1*x1)/(x3-x6)))/(exp(sin(x4))/x0)))),feynman_I_9_18,9,GP-GOMEA (original)
28,2110.54,216439,0.00172807,0.885679,0.00171201,0.888781,31,(((x2/x5)*(sqrt(((x6/x5)+(x8*x4)))*sin(-18.048000)))*sin((sqrt(((x1*x1)/(x3-x6)))/(exp(sin(x4))/x0)))),feynman_I_9_18,9,GP-GOMEA (original)
29,2190.63,223821,0.00172269,0.886034,0.00173736,0.887134,31,(((x2/x5)*(sqrt(((x0/x5)+(x8*x4)))*sin(-18.048000)))*sin((sqrt(((x1*x1)/(x3-x6)))/(exp(sin(x0))/x0)))),feynman_I_9_18,9,GP-GOMEA (original)
29,2268.9,230980,0.00172269,0.886034,0.00173736,0.887134,31,(((x2/x5)*(sqrt(((x0/x5)+(x8*x4)))*sin(-18.048000)))*sin((sqrt(((x1*x1)/(x3-x6)))/(exp(sin(x0))/x0)))),feynman_I_9_18,9,GP-GOMEA (original)
30,2378.16,242085,0.00172269,0.886034,0.00173736,0.887134,31,(((x2/x5)*(sqrt(((x0/x5)+(x8*x4)))*sin(-18.048000)))*sin((sqrt(((x1*x1)/(x3-x6)))/(exp(sin(x0))/x0)))),feynman_I_9_18,9,GP-GOMEA (original)
31,2455.83,249206,0.00172269,0.886034,0.00173736,0.887134,31,(((x2/x5)*(sqrt(((x0/x5)+(x8*x4)))*sin(-18.048000)))*sin((sqrt(((x1*x1)/(x3-x6)))/(exp(sin(x0))/x0)))),feynman_I_9_18,9,GP-GOMEA (original)
32,2530.17,256059,0.00172269,0.886034,0.00173736,0.887134,31,(((x2/x5)*(sqrt(((x0/x5)+(x8*x4)))*sin(-18.048000)))*sin((sqrt(((x1*x1)/(x3-x6)))/(exp(sin(x0))/x0)))),feynman_I_9_18,9,GP-GOMEA (original)
33,2603.39,262777,0.00172269,0.886034,0.00173736,0.887134,31,(((x2/x5)*(sqrt(((x0/x5)+(x8*x4)))*sin(-18.048000)))*sin((sqrt(((x1*x1)/(x3-x6)))/(exp(sin(x0))/x0)))),feynman_I_9_18,9,GP-GOMEA (original)
34,2677.88,269572,0.00172269,0.886034,0.00173736,0.887134,31,(((x2/x5)*(sqrt(((x0/x5)+(x8*x4)))*sin(-18.048000)))*sin((sqrt(((x1*x1)/(x3-x6)))/(exp(sin(x0))/x0)))),feynman_I_9_18,9,GP-GOMEA (original)
35,2755.62,276529,0.00172269,0.886034,0.00173736,0.887134,31,(((x2/x5)*(sqrt(((x0/x5)+(x8*x4)))*sin(-18.048000)))*sin((sqrt(((x1*x1)/(x3-x6)))/(exp(sin(x0))/x0)))),feynman_I_9_18,9,GP-GOMEA (original)
36,2832.49,283450,0.00171524,0.886528,0.00173135,0.887524,31,(((x2/x5)*(sqrt(((x0/x5)+(x1*x4)))*sin(-18.048000)))*sin((sqrt(((x8*x1)/(x3-x6)))/(exp(sin(x0))/x0)))),feynman_I_9_18,9,GP-GOMEA (original)
37,2910.97,290574,0.00171524,0.886528,0.00173135,0.887524,31,(((x2/x5)*(sqrt(((x0/x5)+(x1*x4)))*sin(-18.048000)))*sin((sqrt(((x8*x1)/(x3-x6)))/(exp(sin(x0))/x0)))),feynman_I_9_18,9,GP-GOMEA (original)
38,2989.85,297779,0.00171524,0.886528,0.00173135,0.887524,31,(((x2/x5)*(sqrt(((x0/x5)+(x1*x4)))*sin(-18.048000)))*sin((sqrt(((x8*x1)/(x3-x6)))/(exp(sin(x0))/x0)))),feynman_I_9_18,9,GP-GOMEA (original)
39,3066.99,304807,0.00171524,0.886528,0.00173135,0.887524,31,(((x2/x5)*(sqrt(((x0/x5)+(x1*x4)))*sin(-18.048000)))*sin((sqrt(((x8*x1)/(x3-x6)))/(exp(sin(x0))/x0)))),feynman_I_9_18,9,GP-GOMEA (original)
39,3143.82,311755,0.00171524,0.886528,0.00173135,0.887524,31,(((x2/x5)*(sqrt(((x0/x5)+(x1*x4)))*sin(-18.048000)))*sin((sqrt(((x8*x1)/(x3-x6)))/(exp(sin(x0))/x0)))),feynman_I_9_18,9,GP-GOMEA (original)
40,3259.49,323384,0.00171524,0.886528,0.00173135,0.887524,31,(((x2/x5)*(sqrt(((x0/x5)+(x1*x4)))*sin(-18.048000)))*sin((sqrt(((x8*x1)/(x3-x6)))/(exp(sin(x0))/x0)))),feynman_I_9_18,9,GP-GOMEA (original)
41,3337.3,330334,0.00171524,0.886528,0.00173135,0.887524,31,(((x2/x5)*(sqrt(((x0/x5)+(x1*x4)))*sin(-18.048000)))*sin((sqrt(((x8*x1)/(x3-x6)))/(exp(sin(x0))/x0)))),feynman_I_9_18,9,GP-GOMEA (original)
42,3414.77,337227,0.00171524,0.886528,0.00173135,0.887524,31,(((x2/x5)*(sqrt(((x0/x5)+(x1*x4)))*sin(-18.048000)))*sin((sqrt(((x8*x1)/(x3-x6)))/(exp(sin(x0))/x0)))),feynman_I_9_18,9,GP-GOMEA (original)
43,3492.92,344184,0.00171524,0.886528,0.00173135,0.887524,31,(((x2/x5)*(sqrt(((x0/x5)+(x1*x4)))*sin(-18.048000)))*sin((sqrt(((x8*x1)/(x3-x6)))/(exp(sin(x0))/x0)))),feynman_I_9_18,9,GP-GOMEA (original)
44,3570.75,351066,0.00171524,0.886528,0.00173135,0.887524,31,(((x2/x5)*(sqrt(((x0/x5)+(x1*x4)))*sin(-18.048000)))*sin((sqrt(((x8*x1)/(x3-x6)))/(exp(sin(x0))/x0)))),feynman_I_9_18,9,GP-GOMEA (original)
0,1.18317,128,0.0348813,-1.30759,0.0353839,-1.34742,3,exp(cos(x3)),feynman_I_9_18,15,GP-GOMEA (original)
1,73.6042,6091,0.0109116,0.278139,0.0110451,0.267255,44,((sqrt((log((x3+x2))/sqrt(sin(x6))))*sin(sqrt(x1)))/(exp(((log(x0)-(x7-x8))*cos(sqrt(x3))))/((cos(cos(x0))*exp(log(x7)))/((cos(x2)+(17.826000-x7))-sqrt(exp(x3)))))),feynman_I_9_18,15,GP-GOMEA (original)
2,138.305,11635,0.00741744,0.509295,0.00728046,0.517004,34,exp(((sin((sin(x7)-cos(x1)))+cos(x7))*((sqrt((x5-x6))/((x7*x2)+sin(x1)))*(((x2+x7)-log(x4))-(x8/exp(x7)))))),feynman_I_9_18,15,GP-GOMEA (original)
3,213.511,18000,0.0054175,0.641602,0.00548694,0.635989,33,(((exp(log(sqrt(x2)))/(log(exp(x3))+(sin(x7)+(x7+x6))))+exp((((x1*x8)+(-7.309000-x6))-(cos(x7)-(x6*x4)))))*x0),feynman_I_9_18,15,GP-GOMEA (original)
4,295.941,25032,0.00481863,0.681221,0.00479864,0.681651,34,exp(((sin((sin(x7)-cos(x1)))+cos(x7))*((sqrt((x5-x4))/((x7*x2)*sqrt(x8)))*(((x2+x3)-log(x0))-(x8/exp(12.242000)))))),feynman_I_9_18,15,GP-GOMEA (original)
5,387.856,32760,0.00481044,0.681763,0.004797,0.68176,34,exp(((sin((sin(x7)-cos(x1)))+cos(x7))*((sqrt((x5-x4))/((x7*x2)*sqrt(x8)))*(((x2+x3)-log(x0))-(x2/exp(x5)))))),feynman_I_9_18,15,GP-GOMEA (original)
6,487.946,40963,0.00378351,0.7497,0.00372169,0.753098,35,exp(((sin((sin(x7)-cos(x1)))+cos(x7))*((sqrt((x5-x4))/((x7*x2)*sqrt(x0)))*(((x2+x3)-log(x8))-(exp(x2)/exp(12.242000)))))),feynman_I_9_18,15,GP-GOMEA (original)
7,601.636,50096,0.0037835,0.749701,0.00372168,0.753098,35,exp(((sin((sin(x7)-cos(x1)))+cos(x7))*((sqrt((x5-x4))/((x7*x2)*sqrt(x0)))*(((x2+x3)-log(x8))-(exp(x0)/exp(12.242000)))))),feynman_I_9_18,15,GP-GOMEA (original)
8,724.72,59760,0.00366869,0.757296,0.00364729,0.758033,35,exp(((sin((sin(x7)-cos(x1)))+cos(x7))*((sqrt((x5-x4))/((x7*x2)*sqrt(x0)))*(((x2+x3)-log(x8))-(exp(x6)/exp(x7)))))),feynman_I_9_18,15,GP-GOMEA (original)
9,858.096,70119,0.00352645,0.766706,0.00346876,0.769877,34,exp(((sin((sin(x7)-cos(x1)))+cos(x7))*((sqrt((x5-x4))/((x7*x2)*sqrt(x0)))*(((x2+x3)-log(x8))-(cos(x1)/x4))))),feynman_I_9_18,15,GP-GOMEA (original)
9,988.045,80009,0.0236099,-0.561923,0.0235056,-0.559397,19,cos((sqrt((sin((x5*x3))/exp(sqrt(x5))))+cos((sqrt(sqrt(x5))/exp(log(7.238000)))))),feynman_I_9_18,15,GP-GOMEA (original)
10,1123.61,91361,0.0236099,-0.561923,0.0235056,-0.559397,19,cos((sqrt((sin((x5*x3))/exp(sqrt(x5))))+cos((sqrt(sqrt(x5))/exp(log(7.238000)))))),feynman_I_9_18,15,GP-GOMEA (original)
11,1256.45,101132,0.0236099,-0.561923,0.0235056,-0.559397,19,cos((sqrt((sin((x5*x3))/exp(sqrt(x5))))+cos((sqrt(sqrt(x5))/exp(log(7.238000)))))),feynman_I_9_18,15,GP-GOMEA (original)
12,1390.48,110758,0.0236099,-0.561923,0.0235056,-0.559397,19,cos((sqrt((sin((x5*x3))/exp(sqrt(x5))))+cos((sqrt(sqrt(x5))/exp(log(7.238000)))))),feynman_I_9_18,15,GP-GOMEA (original)
13,1519.32,119879,0.0236099,-0.561923,0.0235056,-0.559397,19,cos((sqrt((sin((x5*x3))/exp(sqrt(x5))))+cos((sqrt(sqrt(x5))/exp(log(7.238000)))))),feynman_I_9_18,15,GP-GOMEA (original)
14,1645.22,128789,0.00311661,0.793819,0.0030913,0.794919,37,exp(((((sin(x7)-cos(x1))/sqrt(sqrt(x6)))+cos(x7))*((sqrt((x5-x4))/((x7*x2)*sqrt(x0)))*(((x2+x3)-log(x8))-(cos(x1)/x2))))),feynman_I_9_18,15,GP-GOMEA (original)
15,1768.77,137563,0.00311275,0.794074,0.00310009,0.794336,39,exp(((((sin(x7)-cos(x1))/sqrt(sqrt(x6)))+cos(x7))*((sqrt((x5-x4))/((x7*x2)*sqrt(x0)))*(((x2+x3)-log(x8))-(cos(x1)/(x7/x3)))))),feynman_I_9_18,15,GP-GOMEA (original)
16,1891.38,146127,0.00311275,0.794074,0.00310009,0.794336,39,exp(((((sin(x7)-cos(x1))/sqrt(sqrt(x6)))+cos(x7))*((sqrt((x5-x4))/((x7*x2)*sqrt(x0)))*(((x2+x3)-log(x8))-(cos(x1)/(x7/x3)))))),feynman_I_9_18,15,GP-GOMEA (original)
17,2015.41,154742,0.00311113,0.794182,0.00309491,0.794679,39,exp(((((sin(x7)-cos(x1))/sqrt(sqrt(x6)))+cos(x7))*((sqrt((x5-x4))/((x7*x2)*sqrt(x0)))*(((x2+x3)-log(x8))-(cos(x1)/(x7/3.101000)))))),feynman_I_9_18,15,GP-GOMEA (original)
18,2139.15,163320,0.00311113,0.794182,0.00309491,0.794679,39,exp(((((sin(x7)-cos(x1))/sqrt(sqrt(x6)))+cos(x7))*((sqrt((x5-x4))/((x7*x2)*sqrt(x0)))*(((x2+x3)-log(x8))-(cos(x1)/(x7/3.101000)))))),feynman_I_9_18,15,GP-GOMEA (original)
19,2264.52,171966,0.00302112,0.800136,0.00314069,0.791642,37,(((exp((sqrt(x2)-sin(x0)))/((x3*cos(x4))+((x7-x6)+(x7+x3))))+exp((((x1*x8)+(-7.309000-x6))-(cos(x5)-(x6*x2)))))*x0),feynman_I_9_18,15,GP-GOMEA (original)
19,2390.24,180596,0.00302112,0.800136,0.00314069,0.791642,37,(((exp((sqrt(x2)-sin(x0)))/((x3*cos(x4))+((x7-x6)+(x7+x3))))+exp((((x1*x8)+(-7.309000-x6))-(cos(x5)-(x6*x2)))))*x0),feynman_I_9_18,15,GP-GOMEA (original)
20,2516.29,192452,0.00302112,0.800136,0.00314069,0.791642,37,(((exp((sqrt(x2)-sin(x0)))/((x3*cos(x4))+((x7-x6)+(x7+x3))))+exp((((x1*x8)+(-7.309000-x6))-(cos(x5)-(x6*x2)))))*x0),feynman_I_9_18,15,GP-GOMEA (original)
21,2642.67,200900,0.00280173,0.81465,0.00285628,0.81051,36,sqrt(((log(log(exp(x2)))/(((x3/x0)*(x7/x1))*((x3/x4)+cos(x7))))+exp((((x1*x8)+(-7.309000-x6))-(cos(x5)-(x6*x0)))))),feynman_I_9_18,15,GP-GOMEA (original)
22,2780.34,209740,0.00233372,0.845611,0.00240483,0.84046,32,((((log(exp(x2))+cos(sin(x1)))/log(x3))*(sin(((x0/x7)/x5))*(x1-(cos(x6)/4.319000))))/log(exp(log((x7/sqrt(x4)))))),feynman_I_9_18,15,GP-GOMEA (original)
23,2913.1,217941,0.00213057,0.859051,0.00215057,0.857328,32,((((log(exp(x2))+cos(sin(x6)))/log(x3))*(sin(((x0/x7)/x5))*(x1-(cos(x6)/x4))))/log(exp(log((x7/sqrt(x4)))))),feynman_I_9_18,15,GP-GOMEA (original)
24,3046.84,226121,0.00198813,0.868475,0.002029,0.865393,34,((((log(exp(x2))+cos(sin(x1)))/log(x3))*(sin(((x0/x7)/x5))*(x1-(cos(x6)/(x7/x4)))))/log(exp(log((x7/sqrt(x4)))))),feynman_I_9_18,15,GP-GOMEA (original)
25,3180.58,234256,0.00198813,0.868475,0.002029,0.865393,34,((((log(exp(x2))+cos(sin(x1)))/log(x3))*(sin(((x0/x7)/x5))*(x1-(cos(x6)/(x7/x4)))))/log(exp(log((x7/sqrt(x4)))))),feynman_I_9_18,15,GP-GOMEA (original)
26,3309.46,242027,0.00198813,0.868475,0.002029,0.865393,34,((((log(exp(x2))+cos(sin(x1)))/log(x3))*(sin(((x0/x7)/x5))*(x1-(cos(x6)/(x7/x4)))))/log(exp(log((x7/sqrt(x4)))))),feynman_I_9_18,15,GP-GOMEA (original)
27,3437.14,249838,0.00198813,0.868475,0.002029,0.865393,34,((((log(exp(x2))+cos(sin(x1)))/log(x3))*(sin(((x0/x7)/x5))*(x1-(cos(x6)/(x7/x4)))))/log(exp(log((x7/sqrt(x4)))))),feynman_I_9_18,15,GP-GOMEA (original)
28,3566.99,257694,0.00198813,0.868475,0.002029,0.865393,34,((((log(exp(x2))+cos(sin(x1)))/log(x3))*(sin(((x0/x7)/x5))*(x1-(cos(x6)/(x7/x4)))))/log(exp(log((x7/sqrt(x4)))))),feynman_I_9_18,15,GP-GOMEA (original)
0,1.36326,128,0.042568,-1.81611,0.0445072,-2.24205,2,log(x0),feynman_I_9_18,2,GP-GOMEA (original)
1,69.0493,5911,0.0111653,0.261354,0.0100102,0.270825,32,((exp(cos((x6/(x2*x0))))+(((sin(x1)+x0)+log(log(x8)))*(sqrt(7.001000)/x7)))/(14.496000+sin(exp((exp(x6)/(6.382000-x1)))))),feynman_I_9_18,2,GP-GOMEA (original)
2,121.248,11437,0.00989012,0.345714,0.00916595,0.332323,33,((exp(cos((x6/(x2*x0))))+(((sin(x1)+x0)+log((x2*x4)))*(sqrt(7.001000)/x7)))/(14.496000+sin(exp((exp(x6)/(6.382000-x1)))))),feynman_I_9_18,2,GP-GOMEA (original)
3,179.663,17391,0.00543277,0.640592,0.00530686,0.613431,34,((((log(sin(x6))*(sqrt(x3)+exp(x8)))*sin(sqrt((x7*x3))))+(x0/x3))*sqrt((exp((log(x4)*x2))/((x5+(x3/x2))/x1)))),feynman_I_9_18,2,GP-GOMEA (original)
4,247.12,24204,0.00419243,0.722648,0.00397607,0.71037,33,((exp(cos(((x5-x4)/(x2*x0))))*(((x1+x0)+log(sqrt(x2)))*(sqrt(7.001000)/x7)))/(14.496000+sin(exp((exp(x6)/(6.382000-x6)))))),feynman_I_9_18,2,GP-GOMEA (original)
5,325.419,32062,0.00318096,0.789562,0.00285619,0.791946,35,((exp(cos(((x5-x1)/(x2*x0))))*(((sin(x1)+x6)+log((x1*x4)))*(sqrt(7.001000)/x7)))/(14.496000+sin(exp((exp(x8)/(6.382000-x4)))))),feynman_I_9_18,2,GP-GOMEA (original)
6,407.013,39699,0.00318096,0.789562,0.00285619,0.791946,35,((exp(cos(((x5-x1)/(x2*x0))))*(((sin(x1)+x6)+log((x1*x4)))*(sqrt(7.001000)/x7)))/(14.496000+sin(exp((exp(x8)/(6.382000-x4)))))),feynman_I_9_18,2,GP-GOMEA (original)
7,486.473,47301,0.00318096,0.789562,0.00285619,0.791946,35,((exp(cos(((x5-x1)/(x2*x0))))*(((sin(x1)+x6)+log((x1*x4)))*(sqrt(7.001000)/x7)))/(14.496000+sin(exp((exp(x8)/(6.382000-x4)))))),feynman_I_9_18,2,GP-GOMEA (original)
8,572.733,55195,0.00314738,0.791783,0.0028154,0.794918,35,((exp(cos(((x5-x1)/(x2*x0))))*(((sin(x1)+x6)+log((x1*x4)))*(sqrt(7.001000)/x7)))/(14.496000+sin(exp((exp(x8)/(6.382000-x2)))))),feynman_I_9_18,2,GP-GOMEA (original)
9,661.501,63130,0.00309794,0.795054,0.00276179,0.798822,35,((exp(cos(((x5-x1)/(x2*x0))))*(((sin(x8)+x6)+log((x1*x4)))*(sqrt(7.001000)/x7)))/(14.496000+sin(exp((exp(x8)/(6.382000-x2)))))),feynman_I_9_18,2,GP-GOMEA (original)
9,758.102,71733,0.0176765,-0.169396,0.0167762,-0.222031,3,cos(log(x5)),feynman_I_9_18,2,GP-GOMEA (original)
10,881.093,81950,0.0176765,-0.169396,0.0167762,-0.222031,3,cos(log(x5)),feynman_I_9_18,2,GP-GOMEA (original)
11,985.794,90860,0.00154096,0.898057,0.00143663,0.895352,40,((exp(cos(((x5-x1)/(x2*x0))))*(((log(x8)+x6)+((x1*x4)/(x3-x0)))*(sqrt(7.001000)/x7)))/(14.496000+sin(((cos(x8)*x5)/(sqrt(x7)+x2))))),feynman_I_9_18,2,GP-GOMEA (original)
12,1091.93,99450,0.00127955,0.915351,0.00117791,0.914197,40,((exp(cos(((x5-x1)/(x2*x0))))*(((log(x8)+x6)+((x1*x4)/(x3-x0)))*(sqrt(7.001000)/x7)))/(14.496000+sin(((cos(x2)*x5)/(cos(x6)+x2))))),feynman_I_9_18,2,GP-GOMEA (original)
13,1211.23,108598,0.00123065,0.918586,0.00113049,0.917651,42,((exp(cos(((x5-x1)/(x2*x0))))*(((log(x8)+x6)+((x1*x4)/(x3-x0)))*(sqrt(7.001000)/x7)))/(14.496000+sin(((cos(x2)*(6.382000-x2))/log((x7*x2)))))),feynman_I_9_18,2,GP-GOMEA (original)
14,1336.11,117794,0.00121423,0.919672,0.00112935,0.917734,40,((exp(cos(((x5-x1)/(x2*x0))))*(((log(x8)+x6)+((x1*x4)/(x3-x0)))*(sqrt(7.001000)/x7)))/(14.496000+sin(((cos(x2)*x5)/cos((x7-x5)))))),feynman_I_9_18,2,GP-GOMEA (original)
15,1450.72,126056,0.00119658,0.920839,0.00111248,0.918963,39,((exp(cos(((x5-x1)/(x2*x0))))*(((log(x8)+x6)+((x1*x4)/(x3-x0)))*(sqrt(7.001000)/x7)))/(14.496000+sin(((cos(x2)*x5)/exp(cos(x1)))))),feynman_I_9_18,2,GP-GOMEA (original)
16,1565.1,134212,0.00119658,0.920839,0.00111248,0.918963,39,((exp(cos(((x5-x1)/(x2*x0))))*(((log(x8)+x6)+((x1*x4)/(x3-x0)))*(sqrt(7.001000)/x7)))/(14.496000+sin(((cos(x2)*x5)/exp(cos(x1)))))),feynman_I_9_18,2,GP-GOMEA (original)
17,1671.75,141866,0.00119658,0.920839,0.00111248,0.918963,39,((exp(cos(((x5-x1)/(x2*x0))))*(((log(x8)+x6)+((x1*x4)/(x3-x0)))*(sqrt(7.001000)/x7)))/(14.496000+sin(((cos(x2)*x5)/exp(cos(x1)))))),feynman_I_9_18,2,GP-GOMEA (original)
18,1780.04,149737,0.00119658,0.920839,0.00111248,0.918963,39,((exp(cos(((x5-x1)/(x2*x0))))*(((log(x8)+x6)+((x1*x4)/(x3-x0)))*(sqrt(7.001000)/x7)))/(14.496000+sin(((cos(x2)*x5)/exp(cos(x1)))))),feynman_I_9_18,2,GP-GOMEA (original)
19,1885.45,157484,0.00119658,0.920839,0.00111248,0.918963,39,((exp(cos(((x5-x1)/(x2*x0))))*(((log(x8)+x6)+((x1*x4)/(x3-x0)))*(sqrt(7.001000)/x7)))/(14.496000+sin(((cos(x2)*x5)/exp(cos(x1)))))),feynman_I_9_18,2,GP-GOMEA (original)
19,1987.18,164866,0.0011821,0.921797,0.0010933,0.92036,41,((exp(cos(((x5-x1)/(x2*x0))))*(((log(x8)+x6)+((x1*x4)/(x3-x0)))*(sqrt(7.001000)/x7)))/(14.496000+sin(((cos(x2)*(6.382000-x5))/exp(cos(x1)))))),feynman_I_9_18,2,GP-GOMEA (original)
20,2097.99,176269,0.0011821,0.921797,0.0010933,0.92036,41,((exp(cos(((x5-x1)/(x2*x0))))*(((log(x8)+x6)+((x1*x4)/(x3-x0)))*(sqrt(7.001000)/x7)))/(14.496000+sin(((cos(x2)*(6.382000-x5))/exp(cos(x1)))))),feynman_I_9_18,2,GP-GOMEA (original)
21,2201.09,183672,0.0011821,0.921797,0.0010933,0.92036,41,((exp(cos(((x5-x1)/(x2*x0))))*(((log(x8)+x6)+((x1*x4)/(x3-x0)))*(sqrt(7.001000)/x7)))/(14.496000+sin(((cos(x2)*(6.382000-x5))/exp(cos(x1)))))),feynman_I_9_18,2,GP-GOMEA (original)
22,2308.79,191194,0.0011821,0.921797,0.0010933,0.92036,41,((exp(cos(((x5-x1)/(x2*x0))))*(((log(x8)+x6)+((x1*x4)/(x3-x0)))*(sqrt(7.001000)/x7)))/(14.496000+sin(((cos(x2)*(6.382000-x5))/exp(cos(x1)))))),feynman_I_9_18,2,GP-GOMEA (original)
23,2411.58,198240,0.0011821,0.921797,0.0010933,0.92036,41,((exp(cos(((x5-x1)/(x2*x0))))*(((log(x8)+x6)+((x1*x4)/(x3-x0)))*(sqrt(7.001000)/x7)))/(14.496000+sin(((cos(x2)*(6.382000-x5))/exp(cos(x1)))))),feynman_I_9_18,2,GP-GOMEA (original)
24,2512.57,205289,0.0011821,0.921797,0.0010933,0.92036,41,((exp(cos(((x5-x1)/(x2*x0))))*(((log(x8)+x6)+((x1*x4)/(x3-x0)))*(sqrt(7.001000)/x7)))/(14.496000+sin(((cos(x2)*(6.382000-x5))/exp(cos(x1)))))),feynman_I_9_18,2,GP-GOMEA (original)
25,2605.25,211700,0.0011821,0.921797,0.0010933,0.92036,41,((exp(cos(((x5-x1)/(x2*x0))))*(((log(x8)+x6)+((x1*x4)/(x3-x0)))*(sqrt(7.001000)/x7)))/(14.496000+sin(((cos(x2)*(6.382000-x5))/exp(cos(x1)))))),feynman_I_9_18,2,GP-GOMEA (original)
26,2697.05,218062,0.0011821,0.921797,0.0010933,0.92036,41,((exp(cos(((x5-x1)/(x2*x0))))*(((log(x8)+x6)+((x1*x4)/(x3-x0)))*(sqrt(7.001000)/x7)))/(14.496000+sin(((cos(x2)*(6.382000-x5))/exp(cos(x1)))))),feynman_I_9_18,2,GP-GOMEA (original)
27,2791.48,224531,0.0011821,0.921797,0.0010933,0.92036,41,((exp(cos(((x5-x1)/(x2*x0))))*(((log(x8)+x6)+((x1*x4)/(x3-x0)))*(sqrt(7.001000)/x7)))/(14.496000+sin(((cos(x2)*(6.382000-x5))/exp(cos(x1)))))),feynman_I_9_18,2,GP-GOMEA (original)
28,2883.11,230812,0.0011821,0.921797,0.0010933,0.92036,41,((exp(cos(((x5-x1)/(x2*x0))))*(((log(x8)+x6)+((x1*x4)/(x3-x0)))*(sqrt(7.001000)/x7)))/(14.496000+sin(((cos(x2)*(6.382000-x5))/exp(cos(x1)))))),feynman_I_9_18,2,GP-GOMEA (original)
29,2976.75,237093,0.0011821,0.921797,0.0010933,0.92036,41,((exp(cos(((x5-x1)/(x2*x0))))*(((log(x8)+x6)+((x1*x4)/(x3-x0)))*(sqrt(7.001000)/x7)))/(14.496000+sin(((cos(x2)*(6.382000-x5))/exp(cos(x1)))))),feynman_I_9_18,2,GP-GOMEA (original)
29,3074.91,243720,0.0011821,0.921797,0.0010933,0.92036,41,((exp(cos(((x5-x1)/(x2*x0))))*(((log(x8)+x6)+((x1*x4)/(x3-x0)))*(sqrt(7.001000)/x7)))/(14.496000+sin(((cos(x2)*(6.382000-x5))/exp(cos(x1)))))),feynman_I_9_18,2,GP-GOMEA (original)
30,3187.87,255092,0.0011821,0.921797,0.0010933,0.92036,41,((exp(cos(((x5-x1)/(x2*x0))))*(((log(x8)+x6)+((x1*x4)/(x3-x0)))*(sqrt(7.001000)/x7)))/(14.496000+sin(((cos(x2)*(6.382000-x5))/exp(cos(x1)))))),feynman_I_9_18,2,GP-GOMEA (original)
31,3287.88,261708,0.0011821,0.921797,0.0010933,0.92036,41,((exp(cos(((x5-x1)/(x2*x0))))*(((log(x8)+x6)+((x1*x4)/(x3-x0)))*(sqrt(7.001000)/x7)))/(14.496000+sin(((cos(x2)*(6.382000-x5))/exp(cos(x1)))))),feynman_I_9_18,2,GP-GOMEA (original)
32,3377.48,267579,0.0011821,0.921797,0.0010933,0.92036,41,((exp(cos(((x5-x1)/(x2*x0))))*(((log(x8)+x6)+((x1*x4)/(x3-x0)))*(sqrt(7.001000)/x7)))/(14.496000+sin(((cos(x2)*(6.382000-x5))/exp(cos(x1)))))),feynman_I_9_18,2,GP-GOMEA (original)
33,3477.55,274269,0.0011821,0.921797,0.0010933,0.92036,41,((exp(cos(((x5-x1)/(x2*x0))))*(((log(x8)+x6)+((x1*x4)/(x3-x0)))*(sqrt(7.001000)/x7)))/(14.496000+sin(((cos(x2)*(6.382000-x5))/exp(cos(x1)))))),feynman_I_9_18,2,GP-GOMEA (original)
34,3575.22,280693,0.0011821,0.921797,0.0010933,0.92036,41,((exp(cos(((x5-x1)/(x2*x0))))*(((log(x8)+x6)+((x1*x4)/(x3-x0)))*(sqrt(7.001000)/x7)))/(14.496000+sin(((cos(x2)*(6.382000-x5))/exp(cos(x1)))))),feynman_I_9_18,2,GP-GOMEA (original)
0,1.13733,128,0.0222492,-0.471908,0.02157,-0.381806,8,(x0/((x5/log(x6))/x4)),feynman_I_9_18,11,GP-GOMEA (original)
1,58.6571,5545,0.00992714,0.343265,0.0104505,0.330525,18,(sqrt((x1*(sin(x2)/sqrt((x5-x0)))))-sin(sin(cos((x0/exp(x0)))))),feynman_I_9_18,11,GP-GOMEA (original)
2,108.891,10981,0.0085802,0.432373,0.00896746,0.42553,18,(sqrt((x1*(sin(x2)/sqrt((x5-x0)))))-sin(sin(cos((x0/exp(x1)))))),feynman_I_9_18,11,GP-GOMEA (original)
3,162.419,16886,0.00591344,0.608793,0.00641709,0.588911,33,sqrt((((log((x3*x8))*((11.096000/x2)*cos(x7)))*((log(x2)/sqrt(-17.056000))/exp(sin(x6))))*(x0/exp(((x3/x1)-(x6/4.460000)))))),feynman_I_9_18,11,GP-GOMEA (original)
4,225.424,23716,0.0048168,0.681342,0.00522104,0.665532,32,sqrt((((log((x3*x8))*((11.096000/x2)*cos(x7)))*((log(x2)/sqrt(-17.056000))/exp(sin(x2))))*(x0/exp(((x3/x1)-log(x0)))))),feynman_I_9_18,11,GP-GOMEA (original)
5,287.018,30523,0.00481192,0.681665,0.00522578,0.665228,32,sqrt((((log((x3*x6))*((11.096000/x2)*cos(x7)))*((log(x2)/sqrt(-17.056000))/exp(sin(x2))))*(x0/exp(((x3/x1)-log(x0)))))),feynman_I_9_18,11,GP-GOMEA (original)
6,357.532,38153,0.00411375,0.727853,0.00443923,0.715616,31,sqrt((((log((x3*x6))*((11.096000/x2)*cos(x7)))*((log(x2)/x5)/exp(sin(x2))))*(x0/exp(((x3/x1)-log(x0)))))),feynman_I_9_18,11,GP-GOMEA (original)
7,437.762,46606,0.00388866,0.742744,0.00416756,0.733019,31,sqrt((((log((x3*x6))*((11.096000/x2)*cos(x7)))*((log(x2)/x5)/exp(sin(x2))))*(x0/exp(((x3/x1)-log(x4)))))),feynman_I_9_18,11,GP-GOMEA (original)
8,527.853,55565,0.00388866,0.742744,0.00416756,0.733019,31,sqrt((((log((x3*x6))*((11.096000/x2)*cos(x7)))*((log(x2)/x5)/exp(sin(x2))))*(x0/exp(((x3/x1)-log(x4)))))),feynman_I_9_18,11,GP-GOMEA (original)
9,613.613,63973,0.0038852,0.742972,0.00419844,0.731042,31,sqrt((((log((x3*x6))*((11.096000/x2)*cos(x7)))*((log(x2)/x5)/exp(sin(x2))))*(x0/exp(((x3/x1)-log(x8)))))),feynman_I_9_18,11,GP-GOMEA (original)
9,697.311,72044,0.028559,-0.889336,0.0293876,-0.882616,6,sin(log((cos(x1)--19.567000))),feynman_I_9_18,11,GP-GOMEA (original)
10,796.163,81766,0.028559,-0.889336,0.0293876,-0.882616,6,sin(log((cos(x1)--19.567000))),feynman_I_9_18,11,GP-GOMEA (original)
11,882.592,89887,0.028559,-0.889336,0.0293876,-0.882616,6,sin(log((cos(x1)--19.567000))),feynman_I_9_18,11,GP-GOMEA (original)
12,974.755,98287,0.028559,-0.889336,0.0293876,-0.882616,6,sin(log((cos(x1)--19.567000))),feynman_I_9_18,11,GP-GOMEA (original)
13,1066.35,106310,0.028559,-0.889336,0.0293876,-0.882616,6,sin(log((cos(x1)--19.567000))),feynman_I_9_18,11,GP-GOMEA (original)
14,1165.88,114585,0.028559,-0.889336,0.0293876,-0.882616,6,sin(log((cos(x1)--19.567000))),feynman_I_9_18,11,GP-GOMEA (original)
15,1270.09,123181,0.028559,-0.889336,0.0293876,-0.882616,6,sin(log((cos(x1)--19.567000))),feynman_I_9_18,11,GP-GOMEA (original)
16,1377.8,131784,0.028559,-0.889336,0.0293876,-0.882616,6,sin(log((cos(x1)--19.567000))),feynman_I_9_18,11,GP-GOMEA (original)
17,1483.62,140188,0.028559,-0.889336,0.0293876,-0.882616,6,sin(log((cos(x1)--19.567000))),feynman_I_9_18,11,GP-GOMEA (original)
18,1589.58,148476,0.00295548,0.804479,0.00317053,0.796891,25,(log(((sqrt((x1*x2))+sqrt(cos(x5)))+(log(x0)/((x7-x4)-log(x8)))))-sin(sin(cos(log(x6))))),feynman_I_9_18,11,GP-GOMEA (original)
19,1699.53,156666,0.00295548,0.804479,0.00317053,0.796891,25,(log(((sqrt((x1*x2))+sqrt(cos(x5)))+(log(x0)/((x7-x4)-log(x8)))))-sin(sin(cos(log(x6))))),feynman_I_9_18,11,GP-GOMEA (original)
19,1815.45,165037,0.00295548,0.804479,0.00317053,0.796891,25,(log(((sqrt((x1*x2))+sqrt(cos(x5)))+(log(x0)/((x7-x4)-log(x8)))))-sin(sin(cos(log(x6))))),feynman_I_9_18,11,GP-GOMEA (original)
20,1910.77,175574,0.00295548,0.804479,0.00317053,0.796891,25,(log(((sqrt((x1*x2))+sqrt(cos(x5)))+(log(x0)/((x7-x4)-log(x8)))))-sin(sin(cos(log(x6))))),feynman_I_9_18,11,GP-GOMEA (original)
21,2037.1,184501,0.00295548,0.804479,0.00317053,0.796891,25,(log(((sqrt((x1*x2))+sqrt(cos(x5)))+(log(x0)/((x7-x4)-log(x8)))))-sin(sin(cos(log(x6))))),feynman_I_9_18,11,GP-GOMEA (original)
22,2163.31,193119,0.00295548,0.804479,0.00317053,0.796891,25,(log(((sqrt((x1*x2))+sqrt(cos(x5)))+(log(x0)/((x7-x4)-log(x8)))))-sin(sin(cos(log(x6))))),feynman_I_9_18,11,GP-GOMEA (original)
23,2298.41,201958,0.00295548,0.804479,0.00317053,0.796891,25,(log(((sqrt((x1*x2))+sqrt(cos(x5)))+(log(x0)/((x7-x4)-log(x8)))))-sin(sin(cos(log(x6))))),feynman_I_9_18,11,GP-GOMEA (original)
24,2432.1,210499,0.00295548,0.804479,0.00317053,0.796891,25,(log(((sqrt((x1*x2))+sqrt(cos(x5)))+(log(x0)/((x7-x4)-log(x8)))))-sin(sin(cos(log(x6))))),feynman_I_9_18,11,GP-GOMEA (original)
25,2567.79,219179,0.00240945,0.840602,0.00246735,0.841937,35,((log(sqrt(((-4.613000*x6)-(x7*x0))))-(cos((x5/exp(x4)))/-3.478000))/((((x3/sqrt(x2))*log(exp(x7)))/log((x1*(x0+x0))))-x8)),feynman_I_9_18,11,GP-GOMEA (original)
26,2704.99,227852,0.00221666,0.853356,0.00227839,0.854043,35,((log(sqrt(((-4.613000*x6)-(x7*x2))))-(cos((x5/exp(x4)))/-3.478000))/((((x3/sqrt(x2))*log(exp(x7)))/log((x1*(x0+x0))))-x8)),feynman_I_9_18,11,GP-GOMEA (original)
27,2835.04,235987,0.00221666,0.853356,0.00227839,0.854043,35,((log(sqrt(((-4.613000*x6)-(x7*x2))))-(cos((x5/exp(x4)))/-3.478000))/((((x3/sqrt(x2))*log(exp(x7)))/log((x1*(x0+x0))))-x8)),feynman_I_9_18,11,GP-GOMEA (original)
28,2966.42,244133,0.00214404,0.85816,0.0022183,0.857892,56,(((x0*(x2/(x3+(x2/x3))))/(((x5+cos(x1))*(sin(-11.893000)*log(x7)))/(((x3/x7)+(x7/x3))-(sqrt(8.389000)/(x5*x1)))))*log((cos(log((x1-x5)))*(((x1/x3)*(1.467000*x8))-((x0-x4)-x0))))),feynman_I_9_18,11,GP-GOMEA (original)
29,3105.1,252802,0.00138346,0.908476,0.00134346,0.913936,56,(((x0*(x2/(x3+(x1/-17.432000))))/(((x5+cos(x1))*(sin(-11.893000)*log(x7)))/(((x3/x7)+(x7/x3))-(sqrt(8.389000)/(x5*x1)))))*log((cos(log((x0-x7)))*(((x6/x5)*(1.467000*x8))-((x0-x4)-x0))))),feynman_I_9_18,11,GP-GOMEA (original)
29,3240.26,261214,0.00086347,0.942877,0.000880198,0.943613,56,(((x0*(x2/(x3-(x2/-17.432000))))/(((x5+cos(x1))*(sin(-11.893000)*log(x7)))/(((x3/x7)+(x7/x3))-(sqrt(8.389000)/(x5*x1)))))*log((exp(log((x0-x7)))*(((x6/x5)*(1.467000*x8))-((x0-x4)-x0))))),feynman_I_9_18,11,GP-GOMEA (original)
30,3338.14,271155,0.00086347,0.942877,0.000880198,0.943613,56,(((x0*(x2/(x3-(x2/-17.432000))))/(((x5+cos(x1))*(sin(-11.893000)*log(x7)))/(((x3/x7)+(x7/x3))-(sqrt(8.389000)/(x5*x1)))))*log((exp(log((x0-x7)))*(((x6/x5)*(1.467000*x8))-((x0-x4)-x0))))),feynman_I_9_18,11,GP-GOMEA (original)
31,3474.3,279727,0.000860494,0.943074,0.000879897,0.943632,58,(((x0*(x2/(x3-(x2/-17.432000))))/(((x5+cos(x1))*(sin(-11.893000)*log(x7)))/(((x3/x5)+(x5/x3))-(sqrt(8.389000)/(x5*x1)))))*log((exp(((x1-x7)/exp(17.666000)))*(((x6/x5)*(1.467000*x8))-((x0-x4)-x0))))),feynman_I_9_18,11,GP-GOMEA (original)
0,1.14988,128,0.0342184,-1.26374,0.0332745,-1.26635,5,exp((x4-sqrt(12.066000))),feynman_I_9_18,26,GP-GOMEA (original)
1,62.3259,5450,0.0092115,0.390608,0.00895441,0.39011,20,((x2-cos((((x2-x4)/-8.543000)+sqrt((x1+x1)))))/((sqrt(x3)*x7)-x8)),feynman_I_9_18,26,GP-GOMEA (original)
2,113.993,10469,0.00757563,0.49883,0.00729683,0.503009,18,((x2-cos(((x8/-8.543000)+sqrt((x1+x1)))))/((sqrt(x5)*x7)-x8)),feynman_I_9_18,26,GP-GOMEA (original)
3,169.214,15993,0.0052244,0.654377,0.00500805,0.658899,32,(((sqrt(((x1*x3)*sqrt(x2)))-log(sqrt((x7-x8))))/(18.268000-sin(x5)))+sin(exp((exp(log(x1))-((x3/x2)+(x2/x0)))))),feynman_I_9_18,26,GP-GOMEA (original)
4,230.616,22235,0.00478393,0.683517,0.00462871,0.684736,34,(((sqrt(((x1*x3)*sqrt(x8)))-log(sqrt((x7-x6))))/(18.268000-(x5*log(x6))))+sin(exp((exp(log(x1))-((x3/x2)+(x2/x0)))))),feynman_I_9_18,26,GP-GOMEA (original)
5,296.367,28750,0.00418799,0.722941,0.0043115,0.706341,25,((x2-cos(x0))/((sqrt(x5)*x7)-(((sqrt(x1)+sqrt(x7))+cos(exp(x1)))-(x8-cos(exp(x8)))))),feynman_I_9_18,26,GP-GOMEA (original)
6,372.343,36314,0.00321024,0.787625,0.00313369,0.786562,24,((x2-cos(x0))/((sqrt(x5)*x7)-(((sqrt(x6)+x4)+cos(exp(x1)))-(x8-cos(exp(x8)))))),feynman_I_9_18,26,GP-GOMEA (original)
7,452.429,44376,0.00321024,0.787625,0.00313369,0.786562,24,((x2-cos(x0))/((sqrt(x5)*x7)-(((sqrt(x6)+x4)+cos(exp(x1)))-(x8-cos(exp(x8)))))),feynman_I_9_18,26,GP-GOMEA (original)
8,541.44,52916,0.00321024,0.787625,0.00313369,0.786562,24,((x2-cos(x0))/((sqrt(x5)*x7)-(((sqrt(x6)+x4)+cos(exp(x1)))-(x8-cos(exp(x8)))))),feynman_I_9_18,26,GP-GOMEA (original)
9,635.614,61423,0.00285611,0.811052,0.00280746,0.808782,22,sin((x2/((cos(sqrt(x6))+cos(cos(x7)))*(((x5/x1)/(x0+x8))*exp(sqrt(x3)))))),feynman_I_9_18,26,GP-GOMEA (original)
9,737.716,70275,0.0175449,-0.160691,0.0173311,-0.180428,32,exp(((sqrt(cos((x6+x0)))/(sqrt((18.015000/x6))+((x4+x8)/sqrt(x2))))-exp((((x4*x1)/exp(x1))/(sqrt(x6)+sin(x2)))))),feynman_I_9_18,26,GP-GOMEA (original)
10,861.467,81446,0.0175449,-0.160691,0.0173311,-0.180428,32,exp(((sqrt(cos((x6+x0)))/(sqrt((18.015000/x6))+((x4+x8)/sqrt(x2))))-exp((((x4*x1)/exp(x1))/(sqrt(x6)+sin(x2)))))),feynman_I_9_18,26,GP-GOMEA (original)
11,961.864,90134,0.00255569,0.830927,0.00261784,0.821697,23,((x2-cos(x0))/((sqrt(x5)*x7)-(((x6+x4)+cos(exp(x1)))-(x8-cos(exp(x8)))))),feynman_I_9_18,26,GP-GOMEA (original)
12,1061.87,98820,0.00255569,0.830927,0.00261784,0.821697,23,((x2-cos(x0))/((sqrt(x5)*x7)-(((x6+x4)+cos(exp(x1)))-(x8-cos(exp(x8)))))),feynman_I_9_18,26,GP-GOMEA (original)
13,1159.64,107159,0.00255569,0.830927,0.00261784,0.821697,23,((x2-cos(x0))/((sqrt(x5)*x7)-(((x6+x4)+cos(exp(x1)))-(x8-cos(exp(x8)))))),feynman_I_9_18,26,GP-GOMEA (original)
14,1259.96,115374,0.00243416,0.838967,0.00229231,0.84387,32,((x2/((cos(sqrt(x6))+(cos(x7)/(x7+-4.677000)))*(((x5/x1)/(x4+x0))*exp(sqrt(x3)))))-(log(exp(exp(log(x1))))-x1)),feynman_I_9_18,26,GP-GOMEA (original)
15,1356.02,122842,0.00243416,0.838967,0.00229231,0.84387,32,((x2/((cos(sqrt(x6))+(cos(x7)/(x7+-4.677000)))*(((x5/x1)/(x4+x0))*exp(sqrt(x3)))))-(log(exp(exp(log(x1))))-x1)),feynman_I_9_18,26,GP-GOMEA (original)
16,1450.73,130150,0.00243416,0.838967,0.00229231,0.84387,32,((x2/((cos(sqrt(x6))+(cos(x7)/(x7+-4.677000)))*(((x5/x1)/(x4+x0))*exp(sqrt(x3)))))-(log(exp(exp(log(x1))))-x1)),feynman_I_9_18,26,GP-GOMEA (original)
17,1543.14,137374,0.00237643,0.842786,0.00227053,0.845353,45,(((sqrt(((x6*x3)*(x0*x8)))-log(((x7-x8)/sqrt(x2))))/(18.268000-(((x5/x6)*sqrt(x5))*((x4*x4)-x7))))+sin(exp((exp(log(x1))-((x3/x2)+(x2/x0)))))),feynman_I_9_18,26,GP-GOMEA (original)
18,1633.54,144529,0.0021749,0.856118,0.0020549,0.860039,36,((x2/((cos(sqrt(x6))+(cos(x7)/(x7+-4.677000)))*(((x5/x1)/(x4+x0))*exp(sqrt(x3)))))/sin((sqrt(exp(cos(x1)))*log((sqrt(16.459000)*x1))))),feynman_I_9_18,26,GP-GOMEA (original)
19,1716.72,151218,0.0021749,0.856118,0.0020549,0.860039,36,((x2/((cos(sqrt(x6))+(cos(x7)/(x7+-4.677000)))*(((x5/x1)/(x4+x0))*exp(sqrt(x3)))))/sin((sqrt(exp(cos(x1)))*log((sqrt(16.459000)*x1))))),feynman_I_9_18,26,GP-GOMEA (original)
19,1800.26,157841,0.00206721,0.863243,0.00197656,0.865376,51,((x2/((cos(sqrt(x4))+(cos(x7)/(x7+-4.677000)))*(((x5/x1)/(x0+x0))*exp(sqrt(x3)))))+((exp(((x7/x0)/sqrt(x3)))*log(sqrt(sqrt(x7))))/((x3+exp(exp(x1)))/(x8-(sqrt(x8)+cos(x6)))))),feynman_I_9_18,26,GP-GOMEA (original)
20,1905.63,168649,0.00206721,0.863243,0.00197656,0.865376,51,((x2/((cos(sqrt(x4))+(cos(x7)/(x7+-4.677000)))*(((x5/x1)/(x0+x0))*exp(sqrt(x3)))))+((exp(((x7/x0)/sqrt(x3)))*log(sqrt(sqrt(x7))))/((x3+exp(exp(x1)))/(x8-(sqrt(x8)+cos(x6)))))),feynman_I_9_18,26,GP-GOMEA (original)
21,1987.56,175100,0.00154506,0.897785,0.00147426,0.899588,50,((x2/((cos(sqrt(x4))+(cos(x7)/(x7+-4.677000)))*(((x5/x1)/(x0+x0))*exp(sqrt(x3)))))+((exp((log(x1)/sqrt(x4)))*log(sqrt(sqrt(x2))))/((x3+cos(exp(x1)))/(x8-(sqrt(x8)+cos(x8)))))),feynman_I_9_18,26,GP-GOMEA (original)
22,2070.3,181496,0.00154288,0.89793,0.00149906,0.897898,50,((x2/((cos(sqrt(x4))+(cos(x7)/(x7+-4.677000)))*(((x5/x1)/(x0+x0))*exp(sqrt(x3)))))+((exp((log(x1)/sqrt(x4)))*log(sqrt(sqrt(x2))))/((x3+cos(exp(x1)))/(x8-(sin(x8)+cos(x8)))))),feynman_I_9_18,26,GP-GOMEA (original)
23,2149.95,187609,0.00154288,0.89793,0.00149906,0.897898,50,((x2/((cos(sqrt(x4))+(cos(x7)/(x7+-4.677000)))*(((x5/x1)/(x0+x0))*exp(sqrt(x3)))))+((exp((log(x1)/sqrt(x4)))*log(sqrt(sqrt(x2))))/((x3+cos(exp(x1)))/(x8-(sin(x8)+cos(x8)))))),feynman_I_9_18,26,GP-GOMEA (original)
24,2234.02,193897,0.00112461,0.925601,0.00109087,0.9257,50,((x2/((cos(sqrt(x4))+(cos(x7)/(x7+-4.677000)))*(((x5/x1)/(x0+x0))*exp(sqrt(x3)))))+((exp((log(x1)/sqrt(x4)))*log(sqrt(sqrt(x8))))/((x3+cos(cos(x1)))/(x8-(sin(x4)+cos(x6)))))),feynman_I_9_18,26,GP-GOMEA (original)
25,2320.17,200238,0.00111837,0.926014,0.00108474,0.926118,50,((x2/((cos(sqrt(x4))+(cos(x7)/(x7+-4.677000)))*(((x5/x1)/(x0+x0))*exp(sqrt(x3)))))+((exp((log(x1)/sqrt(x4)))*log(sqrt(sqrt(x8))))/((x3+cos(cos(x1)))/(x8-(sin(x8)+cos(x6)))))),feynman_I_9_18,26,GP-GOMEA (original)
26,2403.33,206527,0.00107222,0.929066,0.00104604,0.928753,50,((x2/((cos(sqrt(x4))+(cos(x7)/(x7+-4.677000)))*(((x5/x1)/(x0+x0))*exp(sqrt(x3)))))+((exp((log(x1)/sqrt(x8)))*log(sqrt(sqrt(x8))))/((x3+cos(exp(x1)))/(x8-(sin(x8)+cos(x6)))))),feynman_I_9_18,26,GP-GOMEA (original)
27,2483.83,212595,0.00107222,0.929066,0.00104604,0.928753,50,((x2/((cos(sqrt(x4))+(cos(x7)/(x7+-4.677000)))*(((x5/x1)/(x0+x0))*exp(sqrt(x3)))))+((exp((log(x1)/sqrt(x8)))*log(sqrt(sqrt(x8))))/((x3+cos(exp(x1)))/(x8-(sin(x8)+cos(x6)))))),feynman_I_9_18,26,GP-GOMEA (original)
28,2566.18,218698,0.00107222,0.929066,0.00104604,0.928753,50,((x2/((cos(sqrt(x4))+(cos(x7)/(x7+-4.677000)))*(((x5/x1)/(x0+x0))*exp(sqrt(x3)))))+((exp((log(x1)/sqrt(x8)))*log(sqrt(sqrt(x8))))/((x3+cos(exp(x1)))/(x8-(sin(x8)+cos(x6)))))),feynman_I_9_18,26,GP-GOMEA (original)
29,2650.37,224730,0.00107222,0.929066,0.00104604,0.928753,50,((x2/((cos(sqrt(x4))+(cos(x7)/(x7+-4.677000)))*(((x5/x1)/(x0+x0))*exp(sqrt(x3)))))+((exp((log(x1)/sqrt(x8)))*log(sqrt(sqrt(x8))))/((x3+cos(exp(x1)))/(x8-(sin(x8)+cos(x6)))))),feynman_I_9_18,26,GP-GOMEA (original)
29,2739.19,231120,0.000974585,0.935526,0.000969596,0.93396,49,((x2/((cos(sqrt(x4))+(cos(x7)/(x7+-4.677000)))*(((x5/x1)/(x0+x0))*exp(sqrt(x3)))))+((exp((log(x1)/sqrt(x8)))*log(sqrt(sqrt(x8))))/((x3+cos(x7))/(x8-(sin(x8)+cos(x6)))))),feynman_I_9_18,26,GP-GOMEA (original)
30,2862.5,243612,0.000974585,0.935526,0.000969596,0.93396,49,((x2/((cos(sqrt(x4))+(cos(x7)/(x7+-4.677000)))*(((x5/x1)/(x0+x0))*exp(sqrt(x3)))))+((exp((log(x1)/sqrt(x8)))*log(sqrt(sqrt(x8))))/((x3+cos(x7))/(x8-(sin(x8)+cos(x6)))))),feynman_I_9_18,26,GP-GOMEA (original)
31,2949.53,249907,0.00096436,0.936202,0.000949219,0.935348,49,((x2/((cos(sqrt(x4))+(cos(x7)/(x7+-4.677000)))*(((x5/x1)/(x0+x0))*exp(sqrt(x3)))))+((exp((log(x1)/sqrt(x8)))*log(sqrt(sqrt(x8))))/((x3+cos(x0))/(x8-(sin(x8)+cos(x6)))))),feynman_I_9_18,26,GP-GOMEA (original)
32,3038.33,256056,0.00096436,0.936202,0.000949219,0.935348,49,((x2/((cos(sqrt(x4))+(cos(x7)/(x7+-4.677000)))*(((x5/x1)/(x0+x0))*exp(sqrt(x3)))))+((exp((log(x1)/sqrt(x8)))*log(sqrt(sqrt(x8))))/((x3+cos(x0))/(x8-(sin(x8)+cos(x6)))))),feynman_I_9_18,26,GP-GOMEA (original)
33,3126.68,262200,0.00096436,0.936202,0.000949219,0.935348,49,((x2/((cos(sqrt(x4))+(cos(x7)/(x7+-4.677000)))*(((x5/x1)/(x0+x0))*exp(sqrt(x3)))))+((exp((log(x1)/sqrt(x8)))*log(sqrt(sqrt(x8))))/((x3+cos(x0))/(x8-(sin(x8)+cos(x6)))))),feynman_I_9_18,26,GP-GOMEA (original)
34,3219.59,268619,0.00096436,0.936202,0.000949219,0.935348,49,((x2/((cos(sqrt(x4))+(cos(x7)/(x7+-4.677000)))*(((x5/x1)/(x0+x0))*exp(sqrt(x3)))))+((exp((log(x1)/sqrt(x8)))*log(sqrt(sqrt(x8))))/((x3+cos(x0))/(x8-(sin(x8)+cos(x6)))))),feynman_I_9_18,26,GP-GOMEA (original)
35,3310.43,274777,0.000864085,0.942836,0.000887535,0.939549,55,((x2/((cos(sqrt(x4))+(cos(x7)/(x7+-4.677000)))*(((x5/x1)/(x0+x0))*exp(sqrt(x3)))))+((((log(x1)/x0)+((x0*x2)-(x2/x4)))*log(sqrt(sqrt(x8))))/((x3+cos(x0))/(x8-(sin(x8)+cos(x6)))))),feynman_I_9_18,26,GP-GOMEA (original)
36,3402.92,280907,0.000864085,0.942836,0.000887535,0.939549,55,((x2/((cos(sqrt(x4))+(cos(x7)/(x7+-4.677000)))*(((x5/x1)/(x0+x0))*exp(sqrt(x3)))))+((((log(x1)/x0)+((x0*x2)-(x2/x4)))*log(sqrt(sqrt(x8))))/((x3+cos(x0))/(x8-(sin(x8)+cos(x6)))))),feynman_I_9_18,26,GP-GOMEA (original)
37,3497.28,287196,0.000779919,0.948404,0.00079417,0.945909,58,((x2/((cos(sqrt(x4))+(cos(x7)/(x7+-4.677000)))*(((x5/x1)/(x0+x0))*exp(sqrt(x3)))))+((((log(x1)/x0)+((x0*x2)-(x2/x4)))*log(sqrt(sqrt(x8))))/((x3+(x0-(0.362000+x6)))/(x8-(sin(x4)+cos(x6)))))),feynman_I_9_18,26,GP-GOMEA (original)
38,3588.79,293086,0.000779919,0.948404,0.00079417,0.945909,58,((x2/((cos(sqrt(x4))+(cos(x7)/(x7+-4.677000)))*(((x5/x1)/(x0+x0))*exp(sqrt(x3)))))+((((log(x1)/x0)+((x0*x2)-(x2/x4)))*log(sqrt(sqrt(x8))))/((x3+(x0-(0.362000+x6)))/(x8-(sin(x4)+cos(x6)))))),feynman_I_9_18,26,GP-GOMEA (original)
0,1.35751,128,0.042568,-1.81611,0.0423661,-1.81229,2,log(x0),feynman_I_9_18,6,GP-GOMEA (original)
1,67.6909,5911,0.0111653,0.261354,0.0111998,0.256545,32,((exp(cos((x6/(x2*x0))))+(((sin(x1)+x0)+log(log(x8)))*(sqrt(7.001000)/x7)))/(14.496000+sin(exp((exp(x6)/(6.382000-x1)))))),feynman_I_9_18,6,GP-GOMEA (original)
2,118.878,11437,0.00989012,0.345714,0.0100211,0.334792,33,((exp(cos((x6/(x2*x0))))+(((sin(x1)+x0)+log((x2*x4)))*(sqrt(7.001000)/x7)))/(14.496000+sin(exp((exp(x6)/(6.382000-x1)))))),feynman_I_9_18,6,GP-GOMEA (original)
3,176.289,17391,0.00543277,0.640592,0.00545051,0.638191,34,((((log(sin(x6))*(sqrt(x3)+exp(x8)))*sin(sqrt((x7*x3))))+(x0/x3))*sqrt((exp((log(x4)*x2))/((x5+(x3/x2))/x1)))),feynman_I_9_18,6,GP-GOMEA (original)
4,242.283,24204,0.00419243,0.722648,0.0042692,0.716607,33,((exp(cos(((x5-x4)/(x2*x0))))*(((x1+x0)+log(sqrt(x2)))*(sqrt(7.001000)/x7)))/(14.496000+sin(exp((exp(x6)/(6.382000-x6)))))),feynman_I_9_18,6,GP-GOMEA (original)
5,318.911,32062,0.00318096,0.789562,0.00316371,0.78999,35,((exp(cos(((x5-x1)/(x2*x0))))*(((sin(x1)+x6)+log((x1*x4)))*(sqrt(7.001000)/x7)))/(14.496000+sin(exp((exp(x8)/(6.382000-x4)))))),feynman_I_9_18,6,GP-GOMEA (original)
6,398.85,39699,0.00318096,0.789562,0.00316371,0.78999,35,((exp(cos(((x5-x1)/(x2*x0))))*(((sin(x1)+x6)+log((x1*x4)))*(sqrt(7.001000)/x7)))/(14.496000+sin(exp((exp(x8)/(6.382000-x4)))))),feynman_I_9_18,6,GP-GOMEA (original)
7,476.863,47301,0.00318096,0.789562,0.00316371,0.78999,35,((exp(cos(((x5-x1)/(x2*x0))))*(((sin(x1)+x6)+log((x1*x4)))*(sqrt(7.001000)/x7)))/(14.496000+sin(exp((exp(x8)/(6.382000-x4)))))),feynman_I_9_18,6,GP-GOMEA (original)
8,560.946,55195,0.00314738,0.791783,0.00312716,0.792416,35,((exp(cos(((x5-x1)/(x2*x0))))*(((sin(x1)+x6)+log((x1*x4)))*(sqrt(7.001000)/x7)))/(14.496000+sin(exp((exp(x8)/(6.382000-x2)))))),feynman_I_9_18,6,GP-GOMEA (original)
9,648.207,63130,0.00309794,0.795054,0.00307636,0.795788,35,((exp(cos(((x5-x1)/(x2*x0))))*(((sin(x8)+x6)+log((x1*x4)))*(sqrt(7.001000)/x7)))/(14.496000+sin(exp((exp(x8)/(6.382000-x2)))))),feynman_I_9_18,6,GP-GOMEA (original)
9,742.988,71733,0.0176765,-0.169396,0.0175003,-0.161682,3,cos(log(x5)),feynman_I_9_18,6,GP-GOMEA (original)
10,863.507,81950,0.0176765,-0.169396,0.0175003,-0.161682,3,cos(log(x5)),feynman_I_9_18,6,GP-GOMEA (original)
11,965.907,90860,0.00154096,0.898057,0.00154725,0.897293,40,((exp(cos(((x5-x1)/(x2*x0))))*(((log(x8)+x6)+((x1*x4)/(x3-x0)))*(sqrt(7.001000)/x7)))/(14.496000+sin(((cos(x8)*x5)/(sqrt(x7)+x2))))),feynman_I_9_18,6,GP-GOMEA (original)
12,1069.64,99450,0.00127955,0.915351,0.00130163,0.913597,40,((exp(cos(((x5-x1)/(x2*x0))))*(((log(x8)+x6)+((x1*x4)/(x3-x0)))*(sqrt(7.001000)/x7)))/(14.496000+sin(((cos(x2)*x5)/(cos(x6)+x2))))),feynman_I_9_18,6,GP-GOMEA (original)
13,1186.22,108598,0.00123065,0.918586,0.00125114,0.916948,42,((exp(cos(((x5-x1)/(x2*x0))))*(((log(x8)+x6)+((x1*x4)/(x3-x0)))*(sqrt(7.001000)/x7)))/(14.496000+sin(((cos(x2)*(6.382000-x2))/log((x7*x2)))))),feynman_I_9_18,6,GP-GOMEA (original)
14,1308.38,117794,0.00121423,0.919672,0.00123457,0.918048,40,((exp(cos(((x5-x1)/(x2*x0))))*(((log(x8)+x6)+((x1*x4)/(x3-x0)))*(sqrt(7.001000)/x7)))/(14.496000+sin(((cos(x2)*x5)/cos((x7-x5)))))),feynman_I_9_18,6,GP-GOMEA (original)
15,1420.31,126056,0.00119658,0.920839,0.00120993,0.919684,39,((exp(cos(((x5-x1)/(x2*x0))))*(((log(x8)+x6)+((x1*x4)/(x3-x0)))*(sqrt(7.001000)/x7)))/(14.496000+sin(((cos(x2)*x5)/exp(cos(x1)))))),feynman_I_9_18,6,GP-GOMEA (original)
16,1531.88,134212,0.00119658,0.920839,0.00120993,0.919684,39,((exp(cos(((x5-x1)/(x2*x0))))*(((log(x8)+x6)+((x1*x4)/(x3-x0)))*(sqrt(7.001000)/x7)))/(14.496000+sin(((cos(x2)*x5)/exp(cos(x1)))))),feynman_I_9_18,6,GP-GOMEA (original)
17,1635.85,141866,0.00119658,0.920839,0.00120993,0.919684,39,((exp(cos(((x5-x1)/(x2*x0))))*(((log(x8)+x6)+((x1*x4)/(x3-x0)))*(sqrt(7.001000)/x7)))/(14.496000+sin(((cos(x2)*x5)/exp(cos(x1)))))),feynman_I_9_18,6,GP-GOMEA (original)
18,1741.51,149737,0.00119658,0.920839,0.00120993,0.919684,39,((exp(cos(((x5-x1)/(x2*x0))))*(((log(x8)+x6)+((x1*x4)/(x3-x0)))*(sqrt(7.001000)/x7)))/(14.496000+sin(((cos(x2)*x5)/exp(cos(x1)))))),feynman_I_9_18,6,GP-GOMEA (original)
19,1844.27,157484,0.00119658,0.920839,0.00120993,0.919684,39,((exp(cos(((x5-x1)/(x2*x0))))*(((log(x8)+x6)+((x1*x4)/(x3-x0)))*(sqrt(7.001000)/x7)))/(14.496000+sin(((cos(x2)*x5)/exp(cos(x1)))))),feynman_I_9_18,6,GP-GOMEA (original)
19,1943.74,164866,0.0011821,0.921797,0.00119567,0.92063,41,((exp(cos(((x5-x1)/(x2*x0))))*(((log(x8)+x6)+((x1*x4)/(x3-x0)))*(sqrt(7.001000)/x7)))/(14.496000+sin(((cos(x2)*(6.382000-x5))/exp(cos(x1)))))),feynman_I_9_18,6,GP-GOMEA (original)
20,2051.94,176269,0.0011821,0.921797,0.00119567,0.92063,41,((exp(cos(((x5-x1)/(x2*x0))))*(((log(x8)+x6)+((x1*x4)/(x3-x0)))*(sqrt(7.001000)/x7)))/(14.496000+sin(((cos(x2)*(6.382000-x5))/exp(cos(x1)))))),feynman_I_9_18,6,GP-GOMEA (original)
21,2152.3,183672,0.0011821,0.921797,0.00119567,0.92063,41,((exp(cos(((x5-x1)/(x2*x0))))*(((log(x8)+x6)+((x1*x4)/(x3-x0)))*(sqrt(7.001000)/x7)))/(14.496000+sin(((cos(x2)*(6.382000-x5))/exp(cos(x1)))))),feynman_I_9_18,6,GP-GOMEA (original)
22,2256.95,191194,0.0011821,0.921797,0.00119567,0.92063,41,((exp(cos(((x5-x1)/(x2*x0))))*(((log(x8)+x6)+((x1*x4)/(x3-x0)))*(sqrt(7.001000)/x7)))/(14.496000+sin(((cos(x2)*(6.382000-x5))/exp(cos(x1)))))),feynman_I_9_18,6,GP-GOMEA (original)
23,2357.47,198240,0.0011821,0.921797,0.00119567,0.92063,41,((exp(cos(((x5-x1)/(x2*x0))))*(((log(x8)+x6)+((x1*x4)/(x3-x0)))*(sqrt(7.001000)/x7)))/(14.496000+sin(((cos(x2)*(6.382000-x5))/exp(cos(x1)))))),feynman_I_9_18,6,GP-GOMEA (original)
24,2455.51,205289,0.0011821,0.921797,0.00119567,0.92063,41,((exp(cos(((x5-x1)/(x2*x0))))*(((log(x8)+x6)+((x1*x4)/(x3-x0)))*(sqrt(7.001000)/x7)))/(14.496000+sin(((cos(x2)*(6.382000-x5))/exp(cos(x1)))))),feynman_I_9_18,6,GP-GOMEA (original)
25,2546.92,211700,0.0011821,0.921797,0.00119567,0.92063,41,((exp(cos(((x5-x1)/(x2*x0))))*(((log(x8)+x6)+((x1*x4)/(x3-x0)))*(sqrt(7.001000)/x7)))/(14.496000+sin(((cos(x2)*(6.382000-x5))/exp(cos(x1)))))),feynman_I_9_18,6,GP-GOMEA (original)
26,2636.05,218062,0.0011821,0.921797,0.00119567,0.92063,41,((exp(cos(((x5-x1)/(x2*x0))))*(((log(x8)+x6)+((x1*x4)/(x3-x0)))*(sqrt(7.001000)/x7)))/(14.496000+sin(((cos(x2)*(6.382000-x5))/exp(cos(x1)))))),feynman_I_9_18,6,GP-GOMEA (original)
27,2727.9,224531,0.0011821,0.921797,0.00119567,0.92063,41,((exp(cos(((x5-x1)/(x2*x0))))*(((log(x8)+x6)+((x1*x4)/(x3-x0)))*(sqrt(7.001000)/x7)))/(14.496000+sin(((cos(x2)*(6.382000-x5))/exp(cos(x1)))))),feynman_I_9_18,6,GP-GOMEA (original)
28,2816.77,230812,0.0011821,0.921797,0.00119567,0.92063,41,((exp(cos(((x5-x1)/(x2*x0))))*(((log(x8)+x6)+((x1*x4)/(x3-x0)))*(sqrt(7.001000)/x7)))/(14.496000+sin(((cos(x2)*(6.382000-x5))/exp(cos(x1)))))),feynman_I_9_18,6,GP-GOMEA (original)
29,2906.99,237093,0.0011821,0.921797,0.00119567,0.92063,41,((exp(cos(((x5-x1)/(x2*x0))))*(((log(x8)+x6)+((x1*x4)/(x3-x0)))*(sqrt(7.001000)/x7)))/(14.496000+sin(((cos(x2)*(6.382000-x5))/exp(cos(x1)))))),feynman_I_9_18,6,GP-GOMEA (original)
29,3003.88,243720,0.0011821,0.921797,0.00119567,0.92063,41,((exp(cos(((x5-x1)/(x2*x0))))*(((log(x8)+x6)+((x1*x4)/(x3-x0)))*(sqrt(7.001000)/x7)))/(14.496000+sin(((cos(x2)*(6.382000-x5))/exp(cos(x1)))))),feynman_I_9_18,6,GP-GOMEA (original)
30,3113.41,255092,0.0011821,0.921797,0.00119567,0.92063,41,((exp(cos(((x5-x1)/(x2*x0))))*(((log(x8)+x6)+((x1*x4)/(x3-x0)))*(sqrt(7.001000)/x7)))/(14.496000+sin(((cos(x2)*(6.382000-x5))/exp(cos(x1)))))),feynman_I_9_18,6,GP-GOMEA (original)
31,3209.77,261708,0.0011821,0.921797,0.00119567,0.92063,41,((exp(cos(((x5-x1)/(x2*x0))))*(((log(x8)+x6)+((x1*x4)/(x3-x0)))*(sqrt(7.001000)/x7)))/(14.496000+sin(((cos(x2)*(6.382000-x5))/exp(cos(x1)))))),feynman_I_9_18,6,GP-GOMEA (original)
32,3296.36,267579,0.0011821,0.921797,0.00119567,0.92063,41,((exp(cos(((x5-x1)/(x2*x0))))*(((log(x8)+x6)+((x1*x4)/(x3-x0)))*(sqrt(7.001000)/x7)))/(14.496000+sin(((cos(x2)*(6.382000-x5))/exp(cos(x1)))))),feynman_I_9_18,6,GP-GOMEA (original)
33,3393.1,274269,0.0011821,0.921797,0.00119567,0.92063,41,((exp(cos(((x5-x1)/(x2*x0))))*(((log(x8)+x6)+((x1*x4)/(x3-x0)))*(sqrt(7.001000)/x7)))/(14.496000+sin(((cos(x2)*(6.382000-x5))/exp(cos(x1)))))),feynman_I_9_18,6,GP-GOMEA (original)
34,3487.61,280693,0.0011821,0.921797,0.00119567,0.92063,41,((exp(cos(((x5-x1)/(x2*x0))))*(((log(x8)+x6)+((x1*x4)/(x3-x0)))*(sqrt(7.001000)/x7)))/(14.496000+sin(((cos(x2)*(6.382000-x5))/exp(cos(x1)))))),feynman_I_9_18,6,GP-GOMEA (original)
35,3576.44,286746,0.0011821,0.921797,0.00119567,0.92063,41,((exp(cos(((x5-x1)/(x2*x0))))*(((log(x8)+x6)+((x1*x4)/(x3-x0)))*(sqrt(7.001000)/x7)))/(14.496000+sin(((cos(x2)*(6.382000-x5))/exp(cos(x1)))))),feynman_I_9_18,6,GP-GOMEA (original)
0,1.16425,128,0.025576,-0.691991,0.0250079,-0.757881,22,(cos((log(exp(sin(x2)))*(cos(log(x5))+(sin(10.958000)*sqrt(x1)))))/exp(cos(cos(cos(sqrt(x1)))))),feynman_I_9_18,16,GP-GOMEA (original)
1,66.3673,5663,0.00668641,0.557657,0.00648699,0.54401,37,(sin(log(((exp(x2)-cos(x2))*cos(log(x1)))))/(x0+((log((x7/x0))/(sqrt(x0)/(x5-x1)))+((sin(-13.862000)/(x3+x7))+sin((x1*x0)))))),feynman_I_9_18,16,GP-GOMEA (original)
2,130.142,11676,0.00646042,0.572607,0.00627932,0.558607,36,(sin(log(((exp(x2)-cos(x2))*cos(log(x1)))))/(x0+((log((x7/x0))/(x6/(x5-x1)))+((sin(-13.862000)/(x3+x7))+sin((x1*x0)))))),feynman_I_9_18,16,GP-GOMEA (original)
3,200.386,18099,0.00644805,0.573426,0.00626954,0.559295,36,(sin(log(((exp(x2)-cos(x2))*cos(log(x1)))))/(x0+((log((x7/x0))/(x6/(x5-x1)))+((sin(-13.862000)/(x3+x3))+sin((x1*x0)))))),feynman_I_9_18,16,GP-GOMEA (original)
4,285.048,25965,0.00507473,0.664279,0.00493558,0.653063,38,((sqrt(((sin(x2)/exp(x2))-x8))*sin((((x1+x4)-(x4/x0))/((x1-19.893000)+sqrt(x5)))))*(sin(sin(sin(cos(x7))))-exp((log(x2)+log(log(x6)))))),feynman_I_9_18,16,GP-GOMEA (original)
5,365.155,33342,0.00503452,0.666939,0.00493301,0.653244,38,((sqrt(((sin(x1)/exp(x2))-x8))*sin((((x1+x4)-(x4/x0))/((x4-19.893000)+sqrt(x5)))))*(sin(sin(sin(cos(x5))))-exp((log(x2)+log(log(x6)))))),feynman_I_9_18,16,GP-GOMEA (original)
6,448.825,41228,0.00503452,0.666939,0.00493301,0.653244,38,((sqrt(((sin(x1)/exp(x2))-x8))*sin((((x1+x4)-(x4/x0))/((x4-19.893000)+sqrt(x5)))))*(sin(sin(sin(cos(x5))))-exp((log(x2)+log(log(x6)))))),feynman_I_9_18,16,GP-GOMEA (original)
7,537.43,49633,0.00492913,0.673911,0.00482452,0.66087,38,((sqrt(((sin(x2)/exp(x2))-x8))*sin((((x1+x4)-(x4/x0))/((x0-19.893000)+sqrt(x5)))))*(sin(sin(sin(cos(x5))))-exp((log(x2)+log(log(x4)))))),feynman_I_9_18,16,GP-GOMEA (original)
8,634.016,58592,0.00492702,0.67405,0.00483041,0.660456,38,((sqrt(((sin(x1)/exp(x2))-x8))*sin((((x1+x4)-(x4/x0))/((x0-19.893000)+sqrt(x5)))))*(sin(sin(sin(cos(x5))))-exp((log(x2)+log(log(x4)))))),feynman_I_9_18,16,GP-GOMEA (original)
9,731.999,67539,0.00430328,0.715314,0.00419656,0.705011,26,((exp((log(x4)-x0))/sqrt(19.981000))+exp(((cos((-12.087000-x3))*((x5/x0)/x1))-cos((x2*sin(x8)))))),feynman_I_9_18,16,GP-GOMEA (original)
9,835.73,76904,0.0171463,-0.134325,0.0158662,-0.115281,6,(sqrt(x6)/(x3+x0)),feynman_I_9_18,16,GP-GOMEA (original)
10,948.198,86822,0.0171463,-0.134325,0.0158662,-0.115281,6,(sqrt(x6)/(x3+x0)),feynman_I_9_18,16,GP-GOMEA (original)
11,1048.11,95502,0.00314771,0.791762,0.00305768,0.785067,29,((exp((log(x4)-sqrt((x6-x3))))/sqrt(19.981000))+exp(((cos((-12.087000-x3))*((x5/x0)/x1))-cos((x2*sin(x8)))))),feynman_I_9_18,16,GP-GOMEA (original)
12,1148.02,104213,0.00314771,0.791762,0.00305768,0.785067,29,((exp((log(x4)-sqrt((x6-x3))))/sqrt(19.981000))+exp(((cos((-12.087000-x3))*((x5/x0)/x1))-cos((x2*sin(x8)))))),feynman_I_9_18,16,GP-GOMEA (original)
13,1254.01,113337,0.00314771,0.791762,0.00305768,0.785067,29,((exp((log(x4)-sqrt((x6-x3))))/sqrt(19.981000))+exp(((cos((-12.087000-x3))*((x5/x0)/x1))-cos((x2*sin(x8)))))),feynman_I_9_18,16,GP-GOMEA (original)
14,1370.61,122903,0.0031162,0.793846,0.0029881,0.789957,40,((exp(((x4*(x0/x5))-x0))/sqrt((((x6-x5)*(x3--9.622000))/(cos(x0)-x4))))+exp(((cos((-12.087000-x3))*((x7/x0)/x1))-cos((x2*sin(x8)))))),feynman_I_9_18,16,GP-GOMEA (original)
15,1485.44,132105,0.00306807,0.79703,0.0029297,0.794063,41,((exp(((x4*(x0/x5))-x0))/sqrt((((x6-x5)*(x0--9.622000))/(cos(x0)-sin(x2)))))+exp(((cos((-12.087000-x3))*((x7/x0)/x1))-cos((x2*sin(x8)))))),feynman_I_9_18,16,GP-GOMEA (original)
16,1603.83,141452,0.00293732,0.80568,0.00279855,0.803281,41,((exp(((x4*(x0/x5))-x0))/sqrt((((x6-x5)*(x3--9.622000))/(cos(x0)-sqrt(x4)))))+exp(((cos((-12.087000-x3))*((x7/x0)/x1))-cos((x2*sin(x8)))))),feynman_I_9_18,16,GP-GOMEA (original)
17,1728.04,151069,0.00293732,0.80568,0.00279855,0.803281,41,((exp(((x4*(x0/x5))-x0))/sqrt((((x6-x5)*(x3--9.622000))/(cos(x0)-sqrt(x4)))))+exp(((cos((-12.087000-x3))*((x7/x0)/x1))-cos((x2*sin(x8)))))),feynman_I_9_18,16,GP-GOMEA (original)
18,1854.17,160469,0.00292853,0.806262,0.00273839,0.80751,41,((exp(((x4*(x0/x5))-x0))/sqrt((((x6-x5)*(x3--9.622000))/(cos(x4)-sin(x2)))))+exp(((cos((-12.087000-x3))*((x7/x0)/x1))-cos((x2*sin(x8)))))),feynman_I_9_18,16,GP-GOMEA (original)
19,1982.84,169861,0.00260441,0.827704,0.00255874,0.820138,44,(sin(log(((exp(x2)-cos(6.109000))*cos(cos(x1)))))/(sqrt((sqrt(sin(x7))-cos((x3/x8))))+((log((x7/x0))/(x6/(x5-x4)))+((sin(x2)/(x0*x8))+sin((x1*1.758000)))))),feynman_I_9_18,16,GP-GOMEA (original)
19,2114.07,179194,0.00251753,0.833452,0.00246607,0.826653,44,(sin(log(((exp(x2)-cos(6.109000))*cos(cos(x1)))))/(sqrt((sqrt(sin(x7))-cos((x3/x8))))+((log((x7/x0))/(x6/(x5-x4)))+((sin(x2)/(x0*x0))+sin((x1*1.758000)))))),feynman_I_9_18,16,GP-GOMEA (original)
20,2220.84,190637,0.00251753,0.833452,0.00246607,0.826653,44,(sin(log(((exp(x2)-cos(6.109000))*cos(cos(x1)))))/(sqrt((sqrt(sin(x7))-cos((x3/x8))))+((log((x7/x0))/(x6/(x5-x4)))+((sin(x2)/(x0*x0))+sin((x1*1.758000)))))),feynman_I_9_18,16,GP-GOMEA (original)
21,2352.46,200072,0.00251753,0.833452,0.00246607,0.826653,44,(sin(log(((exp(x2)-cos(6.109000))*cos(cos(x1)))))/(sqrt((sqrt(sin(x7))-cos((x3/x8))))+((log((x7/x0))/(x6/(x5-x4)))+((sin(x2)/(x0*x0))+sin((x1*1.758000)))))),feynman_I_9_18,16,GP-GOMEA (original)
22,2478.05,209106,0.00229992,0.847847,0.00221205,0.844508,46,(sin((sqrt((exp(x2)-cos(6.109000)))-sin(cos((x2/4.037000)))))/(sin((sqrt(sin(x7))-cos((x3/x8))))+((log((x7/x0))/(x6/(x5-x4)))+((sin(x2)/(x0*x0))+sin((x1*1.758000)))))),feynman_I_9_18,16,GP-GOMEA (original)
23,2609.73,218302,0.00229992,0.847847,0.00221205,0.844508,46,(sin((sqrt((exp(x2)-cos(6.109000)))-sin(cos((x2/4.037000)))))/(sin((sqrt(sin(x7))-cos((x3/x8))))+((log((x7/x0))/(x6/(x5-x4)))+((sin(x2)/(x0*x0))+sin((x1*1.758000)))))),feynman_I_9_18,16,GP-GOMEA (original)
24,2741.32,227245,0.00220594,0.854065,0.00200054,0.859376,59,(sin(log(((exp(x2)-cos(6.109000))*cos(cos(x1)))))/(((sqrt(sin(x7))-cos((x3/x8)))-(((x3-x1)/(x3-x1))/((x5*x1)/(x6/x5))))+((log((x7/x0))/(x6/(x5-x4)))+((sin(x2)/(x0*x0))+sin((x1*1.758000)))))),feynman_I_9_18,16,GP-GOMEA (original)
25,2872.3,235823,0.00208645,0.86197,0.001891,0.867076,57,(sin(log(((exp(x2)-cos(6.109000))*cos(cos(x1)))))/(((sqrt(sin(x7))-cos((x3/x8)))-((x2/(x3-x0))/((x5*x1)/(x2/x5))))+((log((x7/x0))/(x6/(x5-x4)))+((sin(x2)/(x0*x0))+sin((x1*1.758000)))))),feynman_I_9_18,16,GP-GOMEA (original)
26,3006.64,244541,0.00207489,0.862735,0.00188406,0.867564,57,(sin(log(((exp(x2)-cos(6.109000))*cos(cos(x1)))))/(((sqrt(sin(x7))-cos((x3/x8)))-((x2/(x3-x6))/((x5*x1)/(x2/x5))))+((log((x7/x0))/(x6/(x5-x4)))+((sin(x2)/(x0*x0))+sin((x1*1.758000)))))),feynman_I_9_18,16,GP-GOMEA (original)
27,3140.25,253238,0.00207181,0.862939,0.00186125,0.869167,57,(sin(log(((exp(x2)-cos(6.109000))*cos(cos(x1)))))/(((sqrt(sin(x7))-cos((x3/x8)))-((x2/(x3-x6))/((x5+x1)/(x2/x5))))+((log((x7/x0))/(x6/(x5-x4)))+((sin(x2)/(x0*x0))+sin((x1*1.758000)))))),feynman_I_9_18,16,GP-GOMEA (original)
28,3272.39,261724,0.00207181,0.862939,0.00186125,0.869167,57,(sin(log(((exp(x2)-cos(6.109000))*cos(cos(x1)))))/(((sqrt(sin(x7))-cos((x3/x8)))-((x2/(x3-x6))/((x5+x1)/(x2/x5))))+((log((x7/x0))/(x6/(x5-x4)))+((sin(x2)/(x0*x0))+sin((x1*1.758000)))))),feynman_I_9_18,16,GP-GOMEA (original)
29,3407.05,270261,0.00207181,0.862939,0.00186125,0.869167,57,(sin(log(((exp(x2)-cos(6.109000))*cos(cos(x1)))))/(((sqrt(sin(x7))-cos((x3/x8)))-((x2/(x3-x6))/((x5+x1)/(x2/x5))))+((log((x7/x0))/(x6/(x5-x4)))+((sin(x2)/(x0*x0))+sin((x1*1.758000)))))),feynman_I_9_18,16,GP-GOMEA (original)
29,3544.35,278861,0.00207181,0.862939,0.00186125,0.869167,57,(sin(log(((exp(x2)-cos(6.109000))*cos(cos(x1)))))/(((sqrt(sin(x7))-cos((x3/x8)))-((x2/(x3-x6))/((x5+x1)/(x2/x5))))+((log((x7/x0))/(x6/(x5-x4)))+((sin(x2)/(x0*x0))+sin((x1*1.758000)))))),feynman_I_9_18,16,GP-GOMEA (original)
0,1.36671,128,0.042568,-1.81611,0.042499,-1.80108,2,log(x0),feynman_I_9_18,8,GP-GOMEA (original)
1,68.5611,5911,0.0111653,0.261354,0.0113235,0.253678,32,((exp(cos((x6/(x2*x0))))+(((sin(x1)+x0)+log(log(x8)))*(sqrt(7.001000)/x7)))/(14.496000+sin(exp((exp(x6)/(6.382000-x1)))))),feynman_I_9_18,8,GP-GOMEA (original)
2,120.072,11437,0.00989012,0.345714,0.0100055,0.340547,33,((exp(cos((x6/(x2*x0))))+(((sin(x1)+x0)+log((x2*x4)))*(sqrt(7.001000)/x7)))/(14.496000+sin(exp((exp(x6)/(6.382000-x1)))))),feynman_I_9_18,8,GP-GOMEA (original)
3,177.374,17391,0.00543277,0.640592,0.00535346,0.647157,34,((((log(sin(x6))*(sqrt(x3)+exp(x8)))*sin(sqrt((x7*x3))))+(x0/x3))*sqrt((exp((log(x4)*x2))/((x5+(x3/x2))/x1)))),feynman_I_9_18,8,GP-GOMEA (original)
4,238.652,24204,0.00419243,0.722648,0.00424231,0.720392,33,((exp(cos(((x5-x4)/(x2*x0))))*(((x1+x0)+log(sqrt(x2)))*(sqrt(7.001000)/x7)))/(14.496000+sin(exp((exp(x6)/(6.382000-x6)))))),feynman_I_9_18,8,GP-GOMEA (original)
5,314.039,32062,0.00318096,0.789562,0.0032148,0.788115,35,((exp(cos(((x5-x1)/(x2*x0))))*(((sin(x1)+x6)+log((x1*x4)))*(sqrt(7.001000)/x7)))/(14.496000+sin(exp((exp(x8)/(6.382000-x4)))))),feynman_I_9_18,8,GP-GOMEA (original)
6,386.473,39699,0.00318096,0.789562,0.0032148,0.788115,35,((exp(cos(((x5-x1)/(x2*x0))))*(((sin(x1)+x6)+log((x1*x4)))*(sqrt(7.001000)/x7)))/(14.496000+sin(exp((exp(x8)/(6.382000-x4)))))),feynman_I_9_18,8,GP-GOMEA (original)
7,464.186,47301,0.00318096,0.789562,0.0032148,0.788115,35,((exp(cos(((x5-x1)/(x2*x0))))*(((sin(x1)+x6)+log((x1*x4)))*(sqrt(7.001000)/x7)))/(14.496000+sin(exp((exp(x8)/(6.382000-x4)))))),feynman_I_9_18,8,GP-GOMEA (original)
8,548.546,55195,0.00314738,0.791783,0.00318171,0.790296,35,((exp(cos(((x5-x1)/(x2*x0))))*(((sin(x1)+x6)+log((x1*x4)))*(sqrt(7.001000)/x7)))/(14.496000+sin(exp((exp(x8)/(6.382000-x2)))))),feynman_I_9_18,8,GP-GOMEA (original)
9,636.414,63130,0.00309794,0.795054,0.00314314,0.792838,35,((exp(cos(((x5-x1)/(x2*x0))))*(((sin(x8)+x6)+log((x1*x4)))*(sqrt(7.001000)/x7)))/(14.496000+sin(exp((exp(x8)/(6.382000-x2)))))),feynman_I_9_18,8,GP-GOMEA (original)
9,729.576,71733,0.0176765,-0.169396,0.0173021,-0.140373,3,cos(log(x5)),feynman_I_9_18,8,GP-GOMEA (original)
10,846.406,81950,0.0176765,-0.169396,0.0173021,-0.140373,3,cos(log(x5)),feynman_I_9_18,8,GP-GOMEA (original)
11,947.211,90860,0.00154096,0.898057,0.00156948,0.896556,40,((exp(cos(((x5-x1)/(x2*x0))))*(((log(x8)+x6)+((x1*x4)/(x3-x0)))*(sqrt(7.001000)/x7)))/(14.496000+sin(((cos(x8)*x5)/(sqrt(x7)+x2))))),feynman_I_9_18,8,GP-GOMEA (original)
12,1047.01,99450,0.00127955,0.915351,0.00130955,0.913689,40,((exp(cos(((x5-x1)/(x2*x0))))*(((log(x8)+x6)+((x1*x4)/(x3-x0)))*(sqrt(7.001000)/x7)))/(14.496000+sin(((cos(x2)*x5)/(cos(x6)+x2))))),feynman_I_9_18,8,GP-GOMEA (original)
13,1158.34,108598,0.00123065,0.918586,0.0012581,0.917079,42,((exp(cos(((x5-x1)/(x2*x0))))*(((log(x8)+x6)+((x1*x4)/(x3-x0)))*(sqrt(7.001000)/x7)))/(14.496000+sin(((cos(x2)*(6.382000-x2))/log((x7*x2)))))),feynman_I_9_18,8,GP-GOMEA (original)
14,1275.23,117794,0.00121423,0.919672,0.00123994,0.918276,40,((exp(cos(((x5-x1)/(x2*x0))))*(((log(x8)+x6)+((x1*x4)/(x3-x0)))*(sqrt(7.001000)/x7)))/(14.496000+sin(((cos(x2)*x5)/cos((x7-x5)))))),feynman_I_9_18,8,GP-GOMEA (original)
15,1382.67,126056,0.00119658,0.920839,0.00122193,0.919463,39,((exp(cos(((x5-x1)/(x2*x0))))*(((log(x8)+x6)+((x1*x4)/(x3-x0)))*(sqrt(7.001000)/x7)))/(14.496000+sin(((cos(x2)*x5)/exp(cos(x1)))))),feynman_I_9_18,8,GP-GOMEA (original)
16,1489.32,134212,0.00119658,0.920839,0.00122193,0.919463,39,((exp(cos(((x5-x1)/(x2*x0))))*(((log(x8)+x6)+((x1*x4)/(x3-x0)))*(sqrt(7.001000)/x7)))/(14.496000+sin(((cos(x2)*x5)/exp(cos(x1)))))),feynman_I_9_18,8,GP-GOMEA (original)
17,1589.25,141866,0.00119658,0.920839,0.00122193,0.919463,39,((exp(cos(((x5-x1)/(x2*x0))))*(((log(x8)+x6)+((x1*x4)/(x3-x0)))*(sqrt(7.001000)/x7)))/(14.496000+sin(((cos(x2)*x5)/exp(cos(x1)))))),feynman_I_9_18,8,GP-GOMEA (original)
18,1690.88,149737,0.00119658,0.920839,0.00122193,0.919463,39,((exp(cos(((x5-x1)/(x2*x0))))*(((log(x8)+x6)+((x1*x4)/(x3-x0)))*(sqrt(7.001000)/x7)))/(14.496000+sin(((cos(x2)*x5)/exp(cos(x1)))))),feynman_I_9_18,8,GP-GOMEA (original)
19,1789.77,157484,0.00119658,0.920839,0.00122193,0.919463,39,((exp(cos(((x5-x1)/(x2*x0))))*(((log(x8)+x6)+((x1*x4)/(x3-x0)))*(sqrt(7.001000)/x7)))/(14.496000+sin(((cos(x2)*x5)/exp(cos(x1)))))),feynman_I_9_18,8,GP-GOMEA (original)
19,1885.52,164866,0.0011821,0.921797,0.00120817,0.920371,41,((exp(cos(((x5-x1)/(x2*x0))))*(((log(x8)+x6)+((x1*x4)/(x3-x0)))*(sqrt(7.001000)/x7)))/(14.496000+sin(((cos(x2)*(6.382000-x5))/exp(cos(x1)))))),feynman_I_9_18,8,GP-GOMEA (original)
20,1989.93,176269,0.0011821,0.921797,0.00120817,0.920371,41,((exp(cos(((x5-x1)/(x2*x0))))*(((log(x8)+x6)+((x1*x4)/(x3-x0)))*(sqrt(7.001000)/x7)))/(14.496000+sin(((cos(x2)*(6.382000-x5))/exp(cos(x1)))))),feynman_I_9_18,8,GP-GOMEA (original)
21,2086.94,183672,0.0011821,0.921797,0.00120817,0.920371,41,((exp(cos(((x5-x1)/(x2*x0))))*(((log(x8)+x6)+((x1*x4)/(x3-x0)))*(sqrt(7.001000)/x7)))/(14.496000+sin(((cos(x2)*(6.382000-x5))/exp(cos(x1)))))),feynman_I_9_18,8,GP-GOMEA (original)
22,2188.19,191194,0.0011821,0.921797,0.00120817,0.920371,41,((exp(cos(((x5-x1)/(x2*x0))))*(((log(x8)+x6)+((x1*x4)/(x3-x0)))*(sqrt(7.001000)/x7)))/(14.496000+sin(((cos(x2)*(6.382000-x5))/exp(cos(x1)))))),feynman_I_9_18,8,GP-GOMEA (original)
23,2285.17,198240,0.0011821,0.921797,0.00120817,0.920371,41,((exp(cos(((x5-x1)/(x2*x0))))*(((log(x8)+x6)+((x1*x4)/(x3-x0)))*(sqrt(7.001000)/x7)))/(14.496000+sin(((cos(x2)*(6.382000-x5))/exp(cos(x1)))))),feynman_I_9_18,8,GP-GOMEA (original)
24,2379.42,205289,0.0011821,0.921797,0.00120817,0.920371,41,((exp(cos(((x5-x1)/(x2*x0))))*(((log(x8)+x6)+((x1*x4)/(x3-x0)))*(sqrt(7.001000)/x7)))/(14.496000+sin(((cos(x2)*(6.382000-x5))/exp(cos(x1)))))),feynman_I_9_18,8,GP-GOMEA (original)
25,2467.24,211700,0.0011821,0.921797,0.00120817,0.920371,41,((exp(cos(((x5-x1)/(x2*x0))))*(((log(x8)+x6)+((x1*x4)/(x3-x0)))*(sqrt(7.001000)/x7)))/(14.496000+sin(((cos(x2)*(6.382000-x5))/exp(cos(x1)))))),feynman_I_9_18,8,GP-GOMEA (original)
26,2553.43,218062,0.0011821,0.921797,0.00120817,0.920371,41,((exp(cos(((x5-x1)/(x2*x0))))*(((log(x8)+x6)+((x1*x4)/(x3-x0)))*(sqrt(7.001000)/x7)))/(14.496000+sin(((cos(x2)*(6.382000-x5))/exp(cos(x1)))))),feynman_I_9_18,8,GP-GOMEA (original)
27,2642.68,224531,0.0011821,0.921797,0.00120817,0.920371,41,((exp(cos(((x5-x1)/(x2*x0))))*(((log(x8)+x6)+((x1*x4)/(x3-x0)))*(sqrt(7.001000)/x7)))/(14.496000+sin(((cos(x2)*(6.382000-x5))/exp(cos(x1)))))),feynman_I_9_18,8,GP-GOMEA (original)
28,2728.7,230812,0.0011821,0.921797,0.00120817,0.920371,41,((exp(cos(((x5-x1)/(x2*x0))))*(((log(x8)+x6)+((x1*x4)/(x3-x0)))*(sqrt(7.001000)/x7)))/(14.496000+sin(((cos(x2)*(6.382000-x5))/exp(cos(x1)))))),feynman_I_9_18,8,GP-GOMEA (original)
29,2815.28,237093,0.0011821,0.921797,0.00120817,0.920371,41,((exp(cos(((x5-x1)/(x2*x0))))*(((log(x8)+x6)+((x1*x4)/(x3-x0)))*(sqrt(7.001000)/x7)))/(14.496000+sin(((cos(x2)*(6.382000-x5))/exp(cos(x1)))))),feynman_I_9_18,8,GP-GOMEA (original)
29,2908.66,243720,0.0011821,0.921797,0.00120817,0.920371,41,((exp(cos(((x5-x1)/(x2*x0))))*(((log(x8)+x6)+((x1*x4)/(x3-x0)))*(sqrt(7.001000)/x7)))/(14.496000+sin(((cos(x2)*(6.382000-x5))/exp(cos(x1)))))),feynman_I_9_18,8,GP-GOMEA (original)
30,3015.26,255092,0.0011821,0.921797,0.00120817,0.920371,41,((exp(cos(((x5-x1)/(x2*x0))))*(((log(x8)+x6)+((x1*x4)/(x3-x0)))*(sqrt(7.001000)/x7)))/(14.496000+sin(((cos(x2)*(6.382000-x5))/exp(cos(x1)))))),feynman_I_9_18,8,GP-GOMEA (original)
31,3109.07,261708,0.0011821,0.921797,0.00120817,0.920371,41,((exp(cos(((x5-x1)/(x2*x0))))*(((log(x8)+x6)+((x1*x4)/(x3-x0)))*(sqrt(7.001000)/x7)))/(14.496000+sin(((cos(x2)*(6.382000-x5))/exp(cos(x1)))))),feynman_I_9_18,8,GP-GOMEA (original)
32,3193.03,267579,0.0011821,0.921797,0.00120817,0.920371,41,((exp(cos(((x5-x1)/(x2*x0))))*(((log(x8)+x6)+((x1*x4)/(x3-x0)))*(sqrt(7.001000)/x7)))/(14.496000+sin(((cos(x2)*(6.382000-x5))/exp(cos(x1)))))),feynman_I_9_18,8,GP-GOMEA (original)
33,3286.73,274269,0.0011821,0.921797,0.00120817,0.920371,41,((exp(cos(((x5-x1)/(x2*x0))))*(((log(x8)+x6)+((x1*x4)/(x3-x0)))*(sqrt(7.001000)/x7)))/(14.496000+sin(((cos(x2)*(6.382000-x5))/exp(cos(x1)))))),feynman_I_9_18,8,GP-GOMEA (original)
34,3378.51,280693,0.0011821,0.921797,0.00120817,0.920371,41,((exp(cos(((x5-x1)/(x2*x0))))*(((log(x8)+x6)+((x1*x4)/(x3-x0)))*(sqrt(7.001000)/x7)))/(14.496000+sin(((cos(x2)*(6.382000-x5))/exp(cos(x1)))))),feynman_I_9_18,8,GP-GOMEA (original)
35,3464.78,286746,0.0011821,0.921797,0.00120817,0.920371,41,((exp(cos(((x5-x1)/(x2*x0))))*(((log(x8)+x6)+((x1*x4)/(x3-x0)))*(sqrt(7.001000)/x7)))/(14.496000+sin(((cos(x2)*(6.382000-x5))/exp(cos(x1)))))),feynman_I_9_18,8,GP-GOMEA (original)
36,3550.56,292765,0.0011821,0.921797,0.00120817,0.920371,41,((exp(cos(((x5-x1)/(x2*x0))))*(((log(x8)+x6)+((x1*x4)/(x3-x0)))*(sqrt(7.001000)/x7)))/(14.496000+sin(((cos(x2)*(6.382000-x5))/exp(cos(x1)))))),feynman_I_9_18,8,GP-GOMEA (original)
0,1.15929,128,0.0247609,-0.63807,0.0246275,-0.691524,33,sqrt(((sqrt(log((x6*x8)))*(((x5/x2)/(x5*x3))*(sin(x8)+(x3-x5))))*cos((sqrt((x7--0.097000))+(sqrt(x4)-cos(x7)))))),feynman_I_9_18,14,GP-GOMEA (original)
1,56.8778,5365,0.00712251,0.528806,0.00687303,0.527931,27,sqrt(((x6-exp(exp(log(x1))))*((((x0*x4)+x2)/((x7*x5)*(x3*x7)))/sin(sqrt((x1/x2)))))),feynman_I_9_18,14,GP-GOMEA (original)
2,107.509,10691,0.00679751,0.550307,0.00651252,0.552692,27,sqrt(((x6-exp(exp(log(x1))))*((((x0*x2)+x2)/((x7*x5)*(x3*x7)))/sin(sqrt((x1/x8)))))),feynman_I_9_18,14,GP-GOMEA (original)
3,156.695,15901,0.00679622,0.550392,0.00647836,0.555038,27,sqrt(((x6-exp(exp(log(x1))))*((((x0*x2)+x2)/((x7*x5)*(x3*x5)))/sin(sqrt((x1/x8)))))),feynman_I_9_18,14,GP-GOMEA (original)
4,214.353,21998,0.00679622,0.550392,0.00647836,0.555038,27,sqrt(((x6-exp(exp(log(x1))))*((((x0*x2)+x2)/((x7*x5)*(x3*x5)))/sin(sqrt((x1/x8)))))),feynman_I_9_18,14,GP-GOMEA (original)
5,274.368,28260,0.00433577,0.713165,0.00398997,0.725952,27,sqrt(((x2-exp(exp(log(x1))))*((((x0*x2)*x2)/((x7*x5)*(x3*x5)))/sin(sqrt((x1/x8)))))),feynman_I_9_18,14,GP-GOMEA (original)
6,344.735,35580,0.00397357,0.737126,0.003608,0.752187,29,sqrt((((x2/x0)-exp(exp(log(x1))))*((((x0*x2)*x2)/((x7*x5)*(x3*x5)))/sin(sqrt((x1/x4)))))),feynman_I_9_18,14,GP-GOMEA (original)
7,422.449,43482,0.00397152,0.737262,0.00361603,0.751636,29,sqrt((((x2/x0)-exp(exp(log(x1))))*((((x0*x2)*x2)/((x7*x7)*(x3*x5)))/sin(sqrt((x1/x4)))))),feynman_I_9_18,14,GP-GOMEA (original)
8,503.417,51333,0.00360632,0.761422,0.0032493,0.776824,33,sqrt(((((sqrt(x2)-cos(x5))/x0)-exp(exp(log(x1))))*((((x0*x2)*x2)/((x7*x7)*(x3*x5)))/sin(sqrt((x1/x4)))))),feynman_I_9_18,14,GP-GOMEA (original)
9,590.977,59653,0.00351586,0.767407,0.00316521,0.782599,33,sqrt(((((sqrt(x2)-cos(-15.009000))/x0)-exp(exp(log(x1))))*((((x0*x2)*x2)/((x7*x7)*(x3*x5)))/sin(sqrt((x1/x4)))))),feynman_I_9_18,14,GP-GOMEA (original)
9,682.927,68273,0.0219489,-0.452042,0.0211356,-0.451681,21,exp((log((exp(cos(x3))+log(log(x7))))-exp((log(sin(x2))*((x0/x6)+exp(x7)))))),feynman_I_9_18,14,GP-GOMEA (original)
10,812.562,79482,0.0219489,-0.452042,0.0211356,-0.451681,21,exp((log((exp(cos(x3))+log(log(x7))))-exp((log(sin(x2))*((x0/x6)+exp(x7)))))),feynman_I_9_18,14,GP-GOMEA (original)
11,903.854,87790,0.00344026,0.772408,0.00308016,0.788442,32,sqrt((((sqrt((x1*x5))/x0)-exp(exp(log(x1))))*((((x0*x2)*x2)/((x7*x7)*(x3*x5)))/sin(sqrt((x1/x4)))))),feynman_I_9_18,14,GP-GOMEA (original)
12,992.61,95683,0.00339205,0.775597,0.00306062,0.789783,35,sqrt((((((x2*x5)/(x2+x4))/x0)-exp(exp(log(x1))))*((((x0*x2)*x2)/((x7*x7)*(x3*x5)))/sin(sqrt((x1/x4)))))),feynman_I_9_18,14,GP-GOMEA (original)
13,1082.16,103243,0.0030953,0.795229,0.0027644,0.810129,35,sqrt((((((x2*x5)/(x6+x4))/x0)-exp(exp(log(x1))))*((((x0*x2)*x2)/((x7*x7)*(x3*x5)))/sin(sqrt((x1/x4)))))),feynman_I_9_18,14,GP-GOMEA (original)
14,1172.78,110699,0.00297977,0.802871,0.00265543,0.817613,35,sqrt((((((x2*x5)/(x6+x8))/x0)-exp(exp(log(x1))))*((((x0*x2)*x2)/((x7*x7)*(x3*x5)))/sin(sqrt((x1/x4)))))),feynman_I_9_18,14,GP-GOMEA (original)
15,1269.3,118430,0.00250806,0.834078,0.00229927,0.842077,41,sqrt((((((x2*x5)/(x6+x4))/x0)-exp(exp(log(x1))))*((((x0*x2)*x2)/((x7*x7)*(x3*x5)))/(sqrt((x1/x4))+((x6/x6)-sqrt(x8)))))),feynman_I_9_18,14,GP-GOMEA (original)
16,1368.41,126201,0.00227015,0.849817,0.00202938,0.860613,38,sqrt((((sqrt((x2*x5))/x0)-exp(exp(log(x1))))*((((x0*x2)*x2)/((x7*x7)*(x3*x5)))/(sqrt((x1/x4))+((x6/x6)-sqrt(x8)))))),feynman_I_9_18,14,GP-GOMEA (original)
17,1469.29,133994,0.00164473,0.891192,0.00152378,0.89534,37,sin((((sqrt((x1*x5))/x6)-exp(exp(log(x1))))*((((x0*x2)*x2)/((x7*x1)*(x3*x5)))/(sqrt((-10.637000/x4))*(x2/(x5-10.611000)))))),feynman_I_9_18,14,GP-GOMEA (original)
18,1573.52,141758,0.00141297,0.906524,0.00135442,0.906972,43,((((sqrt((x1*x7))/x6)-exp(exp(log(x1))))*((((x0*x2)*x2)/((x7*x1)*(x3*x5)))/(sqrt((-10.637000/x4))*(x2/(x5-10.611000)))))-log(sin(exp((x2+x5))))),feynman_I_9_18,14,GP-GOMEA (original)
19,1691.3,150337,0.00141297,0.906524,0.00135442,0.906972,43,((((sqrt((x1*x7))/x6)-exp(exp(log(x1))))*((((x0*x2)*x2)/((x7*x1)*(x3*x5)))/(sqrt((-10.637000/x4))*(x2/(x5-10.611000)))))-log(sin(exp((x2+x5))))),feynman_I_9_18,14,GP-GOMEA (original)
19,1808.25,158685,0.001396,0.907647,0.00130343,0.910475,46,((((sqrt((x1*x5))/x6)-exp(exp(log(x1))))*((((x0*x2)*x2)/((x7*x1)*(x3*x5)))/(sqrt((-10.637000/x8))*(x2/(x3-10.611000)))))-sin(sin(((x2+x5)/exp(exp(x3)))))),feynman_I_9_18,14,GP-GOMEA (original)
20,1935.72,171578,0.001396,0.907647,0.00130343,0.910475,46,((((sqrt((x1*x5))/x6)-exp(exp(log(x1))))*((((x0*x2)*x2)/((x7*x1)*(x3*x5)))/(sqrt((-10.637000/x8))*(x2/(x3-10.611000)))))-sin(sin(((x2+x5)/exp(exp(x3)))))),feynman_I_9_18,14,GP-GOMEA (original)
21,2038.26,178930,0.00114977,0.923936,0.00105403,0.927605,53,((((sqrt((x1*x7))/x6)-exp(exp(log(x1))))*((((x0*x2)*x2)/((x7*x1)*(x3*x5)))/(sqrt((-10.637000/x8))*(x2/(x5-10.611000)))))+sin((sin(((x7+x6)/x4))/(sqrt(sin(x6))*exp((x5*1.357000)))))),feynman_I_9_18,14,GP-GOMEA (original)
22,2133.98,185777,0.00108297,0.928356,0.000987654,0.932164,53,((((sqrt((x1*x7))/x6)-exp(exp(log(x1))))*((((x0*x2)*x2)/((x7*x1)*(x3*x5)))/(sqrt((-10.637000/x8))*(x2/(x5-10.611000)))))+sin((sin(((x7+x8)/x4))/(sqrt(sin(x4))*exp((x5*x4)))))),feynman_I_9_18,14,GP-GOMEA (original)
23,2227.82,192451,0.00106599,0.929479,0.000976842,0.932906,53,((((sqrt((x1*x5))/x6)-exp(exp(log(x1))))*((((x0*x2)*x2)/((x7*x1)*(x3*x5)))/(sqrt((-10.637000/x8))*(x2/(x3-10.611000)))))+sin((sin(((x7+x6)/x4))/(sqrt(sin(x4))*exp((x5*x4)))))),feynman_I_9_18,14,GP-GOMEA (original)
24,2319.45,198902,0.000887592,0.941281,0.00081711,0.943877,53,((((sqrt((x1*x5))/x6)-exp(exp(log(x1))))*((((x0*x2)*x2)/((x7*x1)*(x3*x5)))/(sqrt((-10.637000/x8))*(x2/(x3-10.611000)))))+sin((sin(((x7+x6)/x4))/(exp(sin(16.654000))*exp((x5*1.357000)))))),feynman_I_9_18,14,GP-GOMEA (original)
25,2410.07,205156,0.000887592,0.941281,0.00081711,0.943877,53,((((sqrt((x1*x5))/x6)-exp(exp(log(x1))))*((((x0*x2)*x2)/((x7*x1)*(x3*x5)))/(sqrt((-10.637000/x8))*(x2/(x3-10.611000)))))+sin((sin(((x7+x6)/x4))/(exp(sin(16.654000))*exp((x5*1.357000)))))),feynman_I_9_18,14,GP-GOMEA (original)
26,2503.01,211568,0.000843988,0.944166,0.00079603,0.945325,55,((((sqrt((x1*x7))/x6)-exp(exp(log(x1))))*((((x0*x2)*x2)/((x7*x1)*(x3*x5)))/(sqrt((-10.637000/x4))*(x2/(x5-10.611000)))))-sin((sin(((x5*x8)+(x4-x3)))/(exp(sin(16.654000))*exp((x5+1.357000)))))),feynman_I_9_18,14,GP-GOMEA (original)
27,2597.38,218019,0.000783345,0.948177,0.000738031,0.949309,55,((((sqrt((x1*x7))/x6)-exp(exp(log(x1))))*((((x0*x2)*x2)/((x7*x1)*(x3*x5)))/(sqrt((-10.637000/x4))*(x2/(x5-10.611000)))))-sin((sin(((x5*x8)+(x4-x3)))/(exp(sin(16.654000))*exp((x5*1.357000)))))),feynman_I_9_18,14,GP-GOMEA (original)
28,2695.49,224582,0.000783345,0.948177,0.000738031,0.949309,55,((((sqrt((x1*x7))/x6)-exp(exp(log(x1))))*((((x0*x2)*x2)/((x7*x1)*(x3*x5)))/(sqrt((-10.637000/x4))*(x2/(x5-10.611000)))))-sin((sin(((x5*x8)+(x4-x3)))/(exp(sin(16.654000))*exp((x5*1.357000)))))),feynman_I_9_18,14,GP-GOMEA (original)
29,2792.45,230988,0.000783345,0.948177,0.000738031,0.949309,55,((((sqrt((x1*x7))/x6)-exp(exp(log(x1))))*((((x0*x2)*x2)/((x7*x1)*(x3*x5)))/(sqrt((-10.637000/x4))*(x2/(x5-10.611000)))))-sin((sin(((x5*x8)+(x4-x3)))/(exp(sin(16.654000))*exp((x5*1.357000)))))),feynman_I_9_18,14,GP-GOMEA (original)
29,2890.95,237380,0.000783345,0.948177,0.000738031,0.949309,55,((((sqrt((x1*x7))/x6)-exp(exp(log(x1))))*((((x0*x2)*x2)/((x7*x1)*(x3*x5)))/(sqrt((-10.637000/x4))*(x2/(x5-10.611000)))))-sin((sin(((x5*x8)+(x4-x3)))/(exp(sin(16.654000))*exp((x5*1.357000)))))),feynman_I_9_18,14,GP-GOMEA (original)
30,3021.92,250258,0.000783345,0.948177,0.000738031,0.949309,55,((((sqrt((x1*x7))/x6)-exp(exp(log(x1))))*((((x0*x2)*x2)/((x7*x1)*(x3*x5)))/(sqrt((-10.637000/x4))*(x2/(x5-10.611000)))))-sin((sin(((x5*x8)+(x4-x3)))/(exp(sin(16.654000))*exp((x5*1.357000)))))),feynman_I_9_18,14,GP-GOMEA (original)
31,3119.6,256672,0.000783345,0.948177,0.000738031,0.949309,55,((((sqrt((x1*x7))/x6)-exp(exp(log(x1))))*((((x0*x2)*x2)/((x7*x1)*(x3*x5)))/(sqrt((-10.637000/x4))*(x2/(x5-10.611000)))))-sin((sin(((x5*x8)+(x4-x3)))/(exp(sin(16.654000))*exp((x5*1.357000)))))),feynman_I_9_18,14,GP-GOMEA (original)
32,3213.47,262839,0.00075523,0.950037,0.00071843,0.950655,58,((((sqrt((x1*x7))/x6)-exp(exp(log(x1))))*((((x0*x2)*x2)/((x7*x1)*(x3*x5)))/(sqrt((-10.637000/x4))*(x2/(x5-10.611000)))))-sin((sin(((x5*x8)+(x4-x3)))/((sin(16.654000)+(x1/x1))*exp((x5*1.357000)))))),feynman_I_9_18,14,GP-GOMEA (original)
33,3302.78,268777,0.00075523,0.950037,0.00071843,0.950655,58,((((sqrt((x1*x7))/x6)-exp(exp(log(x1))))*((((x0*x2)*x2)/((x7*x1)*(x3*x5)))/(sqrt((-10.637000/x4))*(x2/(x5-10.611000)))))-sin((sin(((x5*x8)+(x4-x3)))/((sin(16.654000)+(x1/x1))*exp((x5*1.357000)))))),feynman_I_9_18,14,GP-GOMEA (original)
34,3398.42,274998,0.000661248,0.956255,0.000623377,0.957184,58,((((sqrt((x1*x7))/x6)-exp(exp(log(x1))))*((((x0*x2)*x2)/((x7*x1)*(x3*x5)))/(sqrt((-10.637000/x4))*(x2/(x5-10.611000)))))-sin((sin(((x5*x8)+(x4-x3)))/((sin(16.654000)+(x1/x1))*exp((x5+1.357000)))))),feynman_I_9_18,14,GP-GOMEA (original)
35,3493.02,281165,0.000661248,0.956255,0.000623377,0.957184,58,((((sqrt((x1*x7))/x6)-exp(exp(log(x1))))*((((x0*x2)*x2)/((x7*x1)*(x3*x5)))/(sqrt((-10.637000/x4))*(x2/(x5-10.611000)))))-sin((sin(((x5*x8)+(x4-x3)))/((sin(16.654000)+(x1/x1))*exp((x5+1.357000)))))),feynman_I_9_18,14,GP-GOMEA (original)
36,3583.26,287039,0.000661248,0.956255,0.000623377,0.957184,58,((((sqrt((x1*x7))/x6)-exp(exp(log(x1))))*((((x0*x2)*x2)/((x7*x1)*(x3*x5)))/(sqrt((-10.637000/x4))*(x2/(x5-10.611000)))))-sin((sin(((x5*x8)+(x4-x3)))/((sin(16.654000)+(x1/x1))*exp((x5+1.357000)))))),feynman_I_9_18,14,GP-GOMEA (original)
0,1.18676,128,0.0203312,-0.345024,0.0204035,-0.337911,1,0.213000,feynman_I_9_18,27,GP-GOMEA (original)
1,71.4683,5776,0.00743972,0.507821,0.00765698,0.497911,23,(sqrt((((exp(x1)/(x0-x3))/(x5-log(x2)))/(exp(sqrt(7.418000))/x8)))+log(cos(sin(x4)))),feynman_I_9_18,27,GP-GOMEA (original)
2,139.132,11700,0.00667424,0.558462,0.00676041,0.556702,23,(sqrt((((exp(x1)/(x0-x3))/(x5-log(x2)))/(12.783000/(x0*sin(x6)))))+log(cos(x7))),feynman_I_9_18,27,GP-GOMEA (original)
3,215.456,18088,0.005541,0.633432,0.00555291,0.635881,33,(((log((sin(x8)/log(x3)))+cos(cos(log(x4))))*(exp(sin((x3/x2)))+log(exp(x0))))/exp(sqrt((((x4+x5)+(x2/x1))/x1)))),feynman_I_9_18,27,GP-GOMEA (original)
4,306.801,25572,0.00483844,0.67991,0.00483093,0.683223,33,(((log(sin(sin(x6)))+cos(cos(log(x4))))*(exp(sin((x7/x2)))+log(exp(x0))))/exp(sqrt((((x1+x5)+(x2/x0))/exp(log(x1)))))),feynman_I_9_18,27,GP-GOMEA (original)
5,401.803,33526,0.00483844,0.67991,0.00483093,0.683223,33,(((log(sin(sin(x6)))+cos(cos(log(x4))))*(exp(sin((x7/x2)))+log(exp(x0))))/exp(sqrt((((x1+x5)+(x2/x0))/exp(log(x1)))))),feynman_I_9_18,27,GP-GOMEA (original)
6,495.026,41406,0.00474579,0.68604,0.00475012,0.688522,33,(((log(cos(exp(x1)))+cos(cos(log(x4))))*(exp(sin((x7/x2)))+log(exp(x0))))/exp(sqrt((((x1+x5)+(x4/x0))/exp(log(x1)))))),feynman_I_9_18,27,GP-GOMEA (original)
7,589.432,49658,0.00453962,0.699679,0.00455333,0.701426,27,sqrt(((exp((exp(x2)/log(18.635000)))/(((x5+x2)*exp(x7))/x1))/exp(((sqrt(-7.875000)*log(x0))/(x1-x3))))),feynman_I_9_18,27,GP-GOMEA (original)
8,680.58,57613,0.00453962,0.699679,0.00455333,0.701426,27,sqrt(((exp((exp(x2)/log(18.635000)))/(((x5+x2)*exp(x7))/x1))/exp(((sqrt(-7.875000)*log(x0))/(x1-x3))))),feynman_I_9_18,27,GP-GOMEA (original)
9,773.791,65803,0.00453962,0.699679,0.00455333,0.701426,27,sqrt(((exp((exp(x2)/log(18.635000)))/(((x5+x2)*exp(x7))/x1))/exp(((sqrt(-7.875000)*log(x0))/(x1-x3))))),feynman_I_9_18,27,GP-GOMEA (original)
9,860.315,73807,0.027816,-0.840181,0.0268956,-0.763618,3,log(sqrt(x4)),feynman_I_9_18,27,GP-GOMEA (original)
10,988.326,84957,0.027816,-0.840181,0.0268956,-0.763618,3,log(sqrt(x4)),feynman_I_9_18,27,GP-GOMEA (original)
11,1067.15,92464,0.00394734,0.738861,0.00402526,0.736053,26,(sqrt((((exp(x1)/(x2-x7))/(x5-sin(x6)))/(12.783000/x0)))*cos(cos((((x4*x2)+x0)/x3)))),feynman_I_9_18,27,GP-GOMEA (original)
12,1146.59,100012,0.00338877,0.775814,0.00346051,0.773085,35,sqrt(((((exp(x1)/(x0-x7))/(x5-log(x8)))/(12.783000/x0))*((cos((-7.875000/x3))*(x2-cos(x2)))/sin(((x8+x6)*(x2/x3)))))),feynman_I_9_18,27,GP-GOMEA (original)
13,1227.43,107387,0.00329322,0.782135,0.00334125,0.780905,35,sqrt(((((exp(x1)/(x0-x7))/(x5-log(x8)))/(12.783000/x0))*((cos((-7.875000/x3))*(x2-cos(x2)))/sin(((x2+x6)*(x2/x3)))))),feynman_I_9_18,27,GP-GOMEA (original)
14,1319.25,115339,0.00318864,0.789054,0.00315905,0.792853,39,(sqrt((((exp(x1)/(x2-x7))/((x2-x3)-(x5-x4)))/(12.783000/x0)))+log((sqrt((sin(x1)+(x2+x0)))/(((x3/x6)/x4)+log((x7/x8)))))),feynman_I_9_18,27,GP-GOMEA (original)
15,1406.13,122666,0.0025944,0.828366,0.00257011,0.831471,37,((log((((x0-x2)-(-4.068000-x1))+(sqrt(x8)-sin(x0))))-(cos(sin((x4/x3)))+sqrt(cos(sqrt(x2)))))*(sqrt((((x7*x6)+x0)/x3))/log(x7))),feynman_I_9_18,27,GP-GOMEA (original)
16,1495.73,130078,0.00202309,0.866161,0.00200237,0.8687,39,((log((((x0-x2)-(-4.068000-x1))+(sqrt(x8)-sin(x0))))-(cos(sin((x4/x5)))+sqrt(cos(sqrt(x2)))))*(sqrt((((x7*x6)+(x5/x5))/x3))/log(x7))),feynman_I_9_18,27,GP-GOMEA (original)
17,1584.62,137285,0.00201976,0.866382,0.00198354,0.869934,39,((log((((x0-x2)-(-4.068000-x1))+(sqrt(x8)-sin(x6))))-(cos(sin((x4/x5)))+sqrt(cos(sqrt(x2)))))*(sqrt((((x7*x6)+(x5/x7))/x3))/log(x7))),feynman_I_9_18,27,GP-GOMEA (original)
18,1671.64,144367,0.00201976,0.866382,0.00198354,0.869934,39,((log((((x0-x2)-(-4.068000-x1))+(sqrt(x8)-sin(x6))))-(cos(sin((x4/x5)))+sqrt(cos(sqrt(x2)))))*(sqrt((((x7*x6)+(x5/x7))/x3))/log(x7))),feynman_I_9_18,27,GP-GOMEA (original)
19,1761.68,151512,0.00201976,0.866382,0.00198354,0.869934,39,((log((((x0-x2)-(-4.068000-x1))+(sqrt(x8)-sin(x6))))-(cos(sin((x4/x5)))+sqrt(cos(sqrt(x2)))))*(sqrt((((x7*x6)+(x5/x7))/x3))/log(x7))),feynman_I_9_18,27,GP-GOMEA (original)
19,1855.48,158837,0.00201976,0.866382,0.00198354,0.869934,39,((log((((x0-x2)-(-4.068000-x1))+(sqrt(x8)-sin(x6))))-(cos(sin((x4/x5)))+sqrt(cos(sqrt(x2)))))*(sqrt((((x7*x6)+(x5/x7))/x3))/log(x7))),feynman_I_9_18,27,GP-GOMEA (original)
20,1980.36,171756,0.00201976,0.866382,0.00198354,0.869934,39,((log((((x0-x2)-(-4.068000-x1))+(sqrt(x8)-sin(x6))))-(cos(sin((x4/x5)))+sqrt(cos(sqrt(x2)))))*(sqrt((((x7*x6)+(x5/x7))/x3))/log(x7))),feynman_I_9_18,27,GP-GOMEA (original)
21,2072.71,178918,0.00201976,0.866382,0.00198354,0.869934,39,((log((((x0-x2)-(-4.068000-x1))+(sqrt(x8)-sin(x6))))-(cos(sin((x4/x5)))+sqrt(cos(sqrt(x2)))))*(sqrt((((x7*x6)+(x5/x7))/x3))/log(x7))),feynman_I_9_18,27,GP-GOMEA (original)
22,2160.04,185637,0.00195327,0.870781,0.00191082,0.874702,41,((log((((x0-x2)-(-4.068000-x1))+(sqrt(x8)-sin(x6))))-(cos(((x4/x5)*sin(x6)))+sqrt(cos(sqrt(x2)))))*(sqrt((((x7*x6)+(x5/x7))/x3))/log(x7))),feynman_I_9_18,27,GP-GOMEA (original)
23,2250.07,192519,0.00195327,0.870781,0.00191082,0.874702,41,((log((((x0-x2)-(-4.068000-x1))+(sqrt(x8)-sin(x6))))-(cos(((x4/x5)*sin(x6)))+sqrt(cos(sqrt(x2)))))*(sqrt((((x7*x6)+(x5/x7))/x3))/log(x7))),feynman_I_9_18,27,GP-GOMEA (original)
24,2333.6,198870,0.00195327,0.870781,0.00191082,0.874702,41,((log((((x0-x2)-(-4.068000-x1))+(sqrt(x8)-sin(x6))))-(cos(((x4/x5)*sin(x6)))+sqrt(cos(sqrt(x2)))))*(sqrt((((x7*x6)+(x5/x7))/x3))/log(x7))),feynman_I_9_18,27,GP-GOMEA (original)
25,2414.44,204965,0.00195327,0.870781,0.00191082,0.874702,41,((log((((x0-x2)-(-4.068000-x1))+(sqrt(x8)-sin(x6))))-(cos(((x4/x5)*sin(x6)))+sqrt(cos(sqrt(x2)))))*(sqrt((((x7*x6)+(x5/x7))/x3))/log(x7))),feynman_I_9_18,27,GP-GOMEA (original)
26,2499.64,211390,0.00195327,0.870781,0.00191082,0.874702,41,((log((((x0-x2)-(-4.068000-x1))+(sqrt(x8)-sin(x6))))-(cos(((x4/x5)*sin(x6)))+sqrt(cos(sqrt(x2)))))*(sqrt((((x7*x6)+(x5/x7))/x3))/log(x7))),feynman_I_9_18,27,GP-GOMEA (original)
27,2581.12,217650,0.00195327,0.870781,0.00191082,0.874702,41,((log((((x0-x2)-(-4.068000-x1))+(sqrt(x8)-sin(x6))))-(cos(((x4/x5)*sin(x6)))+sqrt(cos(sqrt(x2)))))*(sqrt((((x7*x6)+(x5/x7))/x3))/log(x7))),feynman_I_9_18,27,GP-GOMEA (original)
28,2662.13,223818,0.00195327,0.870781,0.00191082,0.874702,41,((log((((x0-x2)-(-4.068000-x1))+(sqrt(x8)-sin(x6))))-(cos(((x4/x5)*sin(x6)))+sqrt(cos(sqrt(x2)))))*(sqrt((((x7*x6)+(x5/x7))/x3))/log(x7))),feynman_I_9_18,27,GP-GOMEA (original)
29,2744.8,230106,0.00195327,0.870781,0.00191082,0.874702,41,((log((((x0-x2)-(-4.068000-x1))+(sqrt(x8)-sin(x6))))-(cos(((x4/x5)*sin(x6)))+sqrt(cos(sqrt(x2)))))*(sqrt((((x7*x6)+(x5/x7))/x3))/log(x7))),feynman_I_9_18,27,GP-GOMEA (original)
29,2825.47,236253,0.00195327,0.870781,0.00191082,0.874702,41,((log((((x0-x2)-(-4.068000-x1))+(sqrt(x8)-sin(x6))))-(cos(((x4/x5)*sin(x6)))+sqrt(cos(sqrt(x2)))))*(sqrt((((x7*x6)+(x5/x7))/x3))/log(x7))),feynman_I_9_18,27,GP-GOMEA (original)
30,2957.62,250074,0.00195327,0.870781,0.00191082,0.874702,41,((log((((x0-x2)-(-4.068000-x1))+(sqrt(x8)-sin(x6))))-(cos(((x4/x5)*sin(x6)))+sqrt(cos(sqrt(x2)))))*(sqrt((((x7*x6)+(x5/x7))/x3))/log(x7))),feynman_I_9_18,27,GP-GOMEA (original)
31,3032.77,255962,0.00195327,0.870781,0.00191082,0.874702,41,((log((((x0-x2)-(-4.068000-x1))+(sqrt(x8)-sin(x6))))-(cos(((x4/x5)*sin(x6)))+sqrt(cos(sqrt(x2)))))*(sqrt((((x7*x6)+(x5/x7))/x3))/log(x7))),feynman_I_9_18,27,GP-GOMEA (original)
32,3114.16,262215,0.00195327,0.870781,0.00191082,0.874702,41,((log((((x0-x2)-(-4.068000-x1))+(sqrt(x8)-sin(x6))))-(cos(((x4/x5)*sin(x6)))+sqrt(cos(sqrt(x2)))))*(sqrt((((x7*x6)+(x5/x7))/x3))/log(x7))),feynman_I_9_18,27,GP-GOMEA (original)
33,3198.37,268645,0.00195327,0.870781,0.00191082,0.874702,41,((log((((x0-x2)-(-4.068000-x1))+(sqrt(x8)-sin(x6))))-(cos(((x4/x5)*sin(x6)))+sqrt(cos(sqrt(x2)))))*(sqrt((((x7*x6)+(x5/x7))/x3))/log(x7))),feynman_I_9_18,27,GP-GOMEA (original)
34,3285.96,275355,0.00195327,0.870781,0.00191082,0.874702,41,((log((((x0-x2)-(-4.068000-x1))+(sqrt(x8)-sin(x6))))-(cos(((x4/x5)*sin(x6)))+sqrt(cos(sqrt(x2)))))*(sqrt((((x7*x6)+(x5/x7))/x3))/log(x7))),feynman_I_9_18,27,GP-GOMEA (original)
35,3366.2,281511,0.00195327,0.870781,0.00191082,0.874702,41,((log((((x0-x2)-(-4.068000-x1))+(sqrt(x8)-sin(x6))))-(cos(((x4/x5)*sin(x6)))+sqrt(cos(sqrt(x2)))))*(sqrt((((x7*x6)+(x5/x7))/x3))/log(x7))),feynman_I_9_18,27,GP-GOMEA (original)
36,3449.63,287896,0.00195327,0.870781,0.00191082,0.874702,41,((log((((x0-x2)-(-4.068000-x1))+(sqrt(x8)-sin(x6))))-(cos(((x4/x5)*sin(x6)))+sqrt(cos(sqrt(x2)))))*(sqrt((((x7*x6)+(x5/x7))/x3))/log(x7))),feynman_I_9_18,27,GP-GOMEA (original)
37,3531.59,294338,0.00195327,0.870781,0.00191082,0.874702,41,((log((((x0-x2)-(-4.068000-x1))+(sqrt(x8)-sin(x6))))-(cos(((x4/x5)*sin(x6)))+sqrt(cos(sqrt(x2)))))*(sqrt((((x7*x6)+(x5/x7))/x3))/log(x7))),feynman_I_9_18,27,GP-GOMEA (original)
0,1.3683,128,0.042568,-1.81611,0.0419073,-1.69191,2,log(x0),feynman_I_9_18,5,GP-GOMEA (original)
1,67.3299,5911,0.0111653,0.261354,0.0115801,0.256156,32,((exp(cos((x6/(x2*x0))))+(((sin(x1)+x0)+log(log(x8)))*(sqrt(7.001000)/x7)))/(14.496000+sin(exp((exp(x6)/(6.382000-x1)))))),feynman_I_9_18,5,GP-GOMEA (original)
2,120.287,11437,0.00989012,0.345714,0.0102034,0.344585,33,((exp(cos((x6/(x2*x0))))+(((sin(x1)+x0)+log((x2*x4)))*(sqrt(7.001000)/x7)))/(14.496000+sin(exp((exp(x6)/(6.382000-x1)))))),feynman_I_9_18,5,GP-GOMEA (original)
3,179.217,17391,0.00543277,0.640592,0.00558835,0.641033,34,((((log(sin(x6))*(sqrt(x3)+exp(x8)))*sin(sqrt((x7*x3))))+(x0/x3))*sqrt((exp((log(x4)*x2))/((x5+(x3/x2))/x1)))),feynman_I_9_18,5,GP-GOMEA (original)
4,248.048,24204,0.00419243,0.722648,0.00424592,0.727264,33,((exp(cos(((x5-x4)/(x2*x0))))*(((x1+x0)+log(sqrt(x2)))*(sqrt(7.001000)/x7)))/(14.496000+sin(exp((exp(x6)/(6.382000-x6)))))),feynman_I_9_18,5,GP-GOMEA (original)
5,327.528,32062,0.00318096,0.789562,0.00334232,0.785306,35,((exp(cos(((x5-x1)/(x2*x0))))*(((sin(x1)+x6)+log((x1*x4)))*(sqrt(7.001000)/x7)))/(14.496000+sin(exp((exp(x8)/(6.382000-x4)))))),feynman_I_9_18,5,GP-GOMEA (original)
6,409.079,39699,0.00318096,0.789562,0.00334232,0.785306,35,((exp(cos(((x5-x1)/(x2*x0))))*(((sin(x1)+x6)+log((x1*x4)))*(sqrt(7.001000)/x7)))/(14.496000+sin(exp((exp(x8)/(6.382000-x4)))))),feynman_I_9_18,5,GP-GOMEA (original)
7,484.221,47301,0.00318096,0.789562,0.00334232,0.785306,35,((exp(cos(((x5-x1)/(x2*x0))))*(((sin(x1)+x6)+log((x1*x4)))*(sqrt(7.001000)/x7)))/(14.496000+sin(exp((exp(x8)/(6.382000-x4)))))),feynman_I_9_18,5,GP-GOMEA (original)
8,564.972,55195,0.00314738,0.791783,0.00332498,0.78642,35,((exp(cos(((x5-x1)/(x2*x0))))*(((sin(x1)+x6)+log((x1*x4)))*(sqrt(7.001000)/x7)))/(14.496000+sin(exp((exp(x8)/(6.382000-x2)))))),feynman_I_9_18,5,GP-GOMEA (original)
9,645.881,63130,0.00309794,0.795054,0.00324866,0.791323,35,((exp(cos(((x5-x1)/(x2*x0))))*(((sin(x8)+x6)+log((x1*x4)))*(sqrt(7.001000)/x7)))/(14.496000+sin(exp((exp(x8)/(6.382000-x2)))))),feynman_I_9_18,5,GP-GOMEA (original)
9,737.47,71733,0.0176765,-0.169396,0.0179219,-0.151207,3,cos(log(x5)),feynman_I_9_18,5,GP-GOMEA (original)
10,854.303,81950,0.0176765,-0.169396,0.0179219,-0.151207,3,cos(log(x5)),feynman_I_9_18,5,GP-GOMEA (original)
11,953.002,90860,0.00154096,0.898057,0.00157403,0.898893,40,((exp(cos(((x5-x1)/(x2*x0))))*(((log(x8)+x6)+((x1*x4)/(x3-x0)))*(sqrt(7.001000)/x7)))/(14.496000+sin(((cos(x8)*x5)/(sqrt(x7)+x2))))),feynman_I_9_18,5,GP-GOMEA (original)
12,1053.2,99450,0.00127955,0.915351,0.00130875,0.915933,40,((exp(cos(((x5-x1)/(x2*x0))))*(((log(x8)+x6)+((x1*x4)/(x3-x0)))*(sqrt(7.001000)/x7)))/(14.496000+sin(((cos(x2)*x5)/(cos(x6)+x2))))),feynman_I_9_18,5,GP-GOMEA (original)
13,1165.83,108598,0.00123065,0.918586,0.00125756,0.919221,42,((exp(cos(((x5-x1)/(x2*x0))))*(((log(x8)+x6)+((x1*x4)/(x3-x0)))*(sqrt(7.001000)/x7)))/(14.496000+sin(((cos(x2)*(6.382000-x2))/log((x7*x2)))))),feynman_I_9_18,5,GP-GOMEA (original)
14,1284.16,117794,0.00121423,0.919672,0.00124214,0.920212,40,((exp(cos(((x5-x1)/(x2*x0))))*(((log(x8)+x6)+((x1*x4)/(x3-x0)))*(sqrt(7.001000)/x7)))/(14.496000+sin(((cos(x2)*x5)/cos((x7-x5)))))),feynman_I_9_18,5,GP-GOMEA (original)
15,1392.94,126056,0.00119658,0.920839,0.00122241,0.921479,39,((exp(cos(((x5-x1)/(x2*x0))))*(((log(x8)+x6)+((x1*x4)/(x3-x0)))*(sqrt(7.001000)/x7)))/(14.496000+sin(((cos(x2)*x5)/exp(cos(x1)))))),feynman_I_9_18,5,GP-GOMEA (original)
16,1500.93,134212,0.00119658,0.920839,0.00122241,0.921479,39,((exp(cos(((x5-x1)/(x2*x0))))*(((log(x8)+x6)+((x1*x4)/(x3-x0)))*(sqrt(7.001000)/x7)))/(14.496000+sin(((cos(x2)*x5)/exp(cos(x1)))))),feynman_I_9_18,5,GP-GOMEA (original)
17,1602.23,141866,0.00119658,0.920839,0.00122241,0.921479,39,((exp(cos(((x5-x1)/(x2*x0))))*(((log(x8)+x6)+((x1*x4)/(x3-x0)))*(sqrt(7.001000)/x7)))/(14.496000+sin(((cos(x2)*x5)/exp(cos(x1)))))),feynman_I_9_18,5,GP-GOMEA (original)
18,1705.18,149737,0.00119658,0.920839,0.00122241,0.921479,39,((exp(cos(((x5-x1)/(x2*x0))))*(((log(x8)+x6)+((x1*x4)/(x3-x0)))*(sqrt(7.001000)/x7)))/(14.496000+sin(((cos(x2)*x5)/exp(cos(x1)))))),feynman_I_9_18,5,GP-GOMEA (original)
19,1805.4,157484,0.00119658,0.920839,0.00122241,0.921479,39,((exp(cos(((x5-x1)/(x2*x0))))*(((log(x8)+x6)+((x1*x4)/(x3-x0)))*(sqrt(7.001000)/x7)))/(14.496000+sin(((cos(x2)*x5)/exp(cos(x1)))))),feynman_I_9_18,5,GP-GOMEA (original)
19,1902.29,164866,0.0011821,0.921797,0.00120588,0.92254,41,((exp(cos(((x5-x1)/(x2*x0))))*(((log(x8)+x6)+((x1*x4)/(x3-x0)))*(sqrt(7.001000)/x7)))/(14.496000+sin(((cos(x2)*(6.382000-x5))/exp(cos(x1)))))),feynman_I_9_18,5,GP-GOMEA (original)
20,2007.94,176269,0.0011821,0.921797,0.00120588,0.92254,41,((exp(cos(((x5-x1)/(x2*x0))))*(((log(x8)+x6)+((x1*x4)/(x3-x0)))*(sqrt(7.001000)/x7)))/(14.496000+sin(((cos(x2)*(6.382000-x5))/exp(cos(x1)))))),feynman_I_9_18,5,GP-GOMEA (original)
21,2106.49,183672,0.0011821,0.921797,0.00120588,0.92254,41,((exp(cos(((x5-x1)/(x2*x0))))*(((log(x8)+x6)+((x1*x4)/(x3-x0)))*(sqrt(7.001000)/x7)))/(14.496000+sin(((cos(x2)*(6.382000-x5))/exp(cos(x1)))))),feynman_I_9_18,5,GP-GOMEA (original)
22,2209.16,191194,0.0011821,0.921797,0.00120588,0.92254,41,((exp(cos(((x5-x1)/(x2*x0))))*(((log(x8)+x6)+((x1*x4)/(x3-x0)))*(sqrt(7.001000)/x7)))/(14.496000+sin(((cos(x2)*(6.382000-x5))/exp(cos(x1)))))),feynman_I_9_18,5,GP-GOMEA (original)
23,2306.92,198240,0.0011821,0.921797,0.00120588,0.92254,41,((exp(cos(((x5-x1)/(x2*x0))))*(((log(x8)+x6)+((x1*x4)/(x3-x0)))*(sqrt(7.001000)/x7)))/(14.496000+sin(((cos(x2)*(6.382000-x5))/exp(cos(x1)))))),feynman_I_9_18,5,GP-GOMEA (original)
24,2402.71,205289,0.0011821,0.921797,0.00120588,0.92254,41,((exp(cos(((x5-x1)/(x2*x0))))*(((log(x8)+x6)+((x1*x4)/(x3-x0)))*(sqrt(7.001000)/x7)))/(14.496000+sin(((cos(x2)*(6.382000-x5))/exp(cos(x1)))))),feynman_I_9_18,5,GP-GOMEA (original)
25,2491.93,211700,0.0011821,0.921797,0.00120588,0.92254,41,((exp(cos(((x5-x1)/(x2*x0))))*(((log(x8)+x6)+((x1*x4)/(x3-x0)))*(sqrt(7.001000)/x7)))/(14.496000+sin(((cos(x2)*(6.382000-x5))/exp(cos(x1)))))),feynman_I_9_18,5,GP-GOMEA (original)
26,2579.23,218062,0.0011821,0.921797,0.00120588,0.92254,41,((exp(cos(((x5-x1)/(x2*x0))))*(((log(x8)+x6)+((x1*x4)/(x3-x0)))*(sqrt(7.001000)/x7)))/(14.496000+sin(((cos(x2)*(6.382000-x5))/exp(cos(x1)))))),feynman_I_9_18,5,GP-GOMEA (original)
27,2670.03,224531,0.0011821,0.921797,0.00120588,0.92254,41,((exp(cos(((x5-x1)/(x2*x0))))*(((log(x8)+x6)+((x1*x4)/(x3-x0)))*(sqrt(7.001000)/x7)))/(14.496000+sin(((cos(x2)*(6.382000-x5))/exp(cos(x1)))))),feynman_I_9_18,5,GP-GOMEA (original)
28,2757.21,230812,0.0011821,0.921797,0.00120588,0.92254,41,((exp(cos(((x5-x1)/(x2*x0))))*(((log(x8)+x6)+((x1*x4)/(x3-x0)))*(sqrt(7.001000)/x7)))/(14.496000+sin(((cos(x2)*(6.382000-x5))/exp(cos(x1)))))),feynman_I_9_18,5,GP-GOMEA (original)
29,2845.71,237093,0.0011821,0.921797,0.00120588,0.92254,41,((exp(cos(((x5-x1)/(x2*x0))))*(((log(x8)+x6)+((x1*x4)/(x3-x0)))*(sqrt(7.001000)/x7)))/(14.496000+sin(((cos(x2)*(6.382000-x5))/exp(cos(x1)))))),feynman_I_9_18,5,GP-GOMEA (original)
29,2940.09,243720,0.0011821,0.921797,0.00120588,0.92254,41,((exp(cos(((x5-x1)/(x2*x0))))*(((log(x8)+x6)+((x1*x4)/(x3-x0)))*(sqrt(7.001000)/x7)))/(14.496000+sin(((cos(x2)*(6.382000-x5))/exp(cos(x1)))))),feynman_I_9_18,5,GP-GOMEA (original)
30,3047.77,255092,0.0011821,0.921797,0.00120588,0.92254,41,((exp(cos(((x5-x1)/(x2*x0))))*(((log(x8)+x6)+((x1*x4)/(x3-x0)))*(sqrt(7.001000)/x7)))/(14.496000+sin(((cos(x2)*(6.382000-x5))/exp(cos(x1)))))),feynman_I_9_18,5,GP-GOMEA (original)
31,3143.04,261708,0.0011821,0.921797,0.00120588,0.92254,41,((exp(cos(((x5-x1)/(x2*x0))))*(((log(x8)+x6)+((x1*x4)/(x3-x0)))*(sqrt(7.001000)/x7)))/(14.496000+sin(((cos(x2)*(6.382000-x5))/exp(cos(x1)))))),feynman_I_9_18,5,GP-GOMEA (original)
32,3227.98,267579,0.0011821,0.921797,0.00120588,0.92254,41,((exp(cos(((x5-x1)/(x2*x0))))*(((log(x8)+x6)+((x1*x4)/(x3-x0)))*(sqrt(7.001000)/x7)))/(14.496000+sin(((cos(x2)*(6.382000-x5))/exp(cos(x1)))))),feynman_I_9_18,5,GP-GOMEA (original)
33,3323.08,274269,0.0011821,0.921797,0.00120588,0.92254,41,((exp(cos(((x5-x1)/(x2*x0))))*(((log(x8)+x6)+((x1*x4)/(x3-x0)))*(sqrt(7.001000)/x7)))/(14.496000+sin(((cos(x2)*(6.382000-x5))/exp(cos(x1)))))),feynman_I_9_18,5,GP-GOMEA (original)
34,3416.1,280693,0.0011821,0.921797,0.00120588,0.92254,41,((exp(cos(((x5-x1)/(x2*x0))))*(((log(x8)+x6)+((x1*x4)/(x3-x0)))*(sqrt(7.001000)/x7)))/(14.496000+sin(((cos(x2)*(6.382000-x5))/exp(cos(x1)))))),feynman_I_9_18,5,GP-GOMEA (original)
35,3503.52,286746,0.0011821,0.921797,0.00120588,0.92254,41,((exp(cos(((x5-x1)/(x2*x0))))*(((log(x8)+x6)+((x1*x4)/(x3-x0)))*(sqrt(7.001000)/x7)))/(14.496000+sin(((cos(x2)*(6.382000-x5))/exp(cos(x1)))))),feynman_I_9_18,5,GP-GOMEA (original)
36,3590.49,292765,0.0011821,0.921797,0.00120588,0.92254,41,((exp(cos(((x5-x1)/(x2*x0))))*(((log(x8)+x6)+((x1*x4)/(x3-x0)))*(sqrt(7.001000)/x7)))/(14.496000+sin(((cos(x2)*(6.382000-x5))/exp(cos(x1)))))),feynman_I_9_18,5,GP-GOMEA (original)
0,1.04657,128,0.0930729,-5.15729,0.0936964,-5.14004,6,sqrt(log((x2-sin(x1)))),feynman_I_9_18,28,GP-GOMEA (original)
1,61.7431,5461,0.00617883,0.591237,0.00580022,0.619905,18,log(sqrt((log(((x2*x1)/sqrt(x5)))+sqrt(((x0*10.814000)/(x7+x7)))))),feynman_I_9_18,28,GP-GOMEA (original)
2,121.016,11102,0.00602451,0.601445,0.00568045,0.627753,18,log(sqrt((log(((x2*x1)/sqrt(x5)))+sqrt(((x0*10.814000)/(x3+x7)))))),feynman_I_9_18,28,GP-GOMEA (original)
3,187.079,17435,0.00602451,0.601445,0.00568045,0.627753,18,log(sqrt((log(((x2*x1)/sqrt(x5)))+sqrt(((x0*10.814000)/(x3+x7)))))),feynman_I_9_18,28,GP-GOMEA (original)
4,264.644,24351,0.0042665,0.717747,0.00391368,0.743532,45,(((log(exp((x0*x1)))*cos(((x3/x4)/exp(x2))))*(cos(sin(log(x3)))/(exp(log(x5))+exp(cos(x7)))))+exp((exp(cos((7.622000+x2)))*(((x2-x5)-cos(x6))*(exp(x5)*x6))))),feynman_I_9_18,28,GP-GOMEA (original)
5,361.91,32321,0.0036338,0.759604,0.00329531,0.784054,49,(((log(exp((x0*x1)))*cos(((x3/x4)/exp(x2))))*(cos(sin(log(x3)))/(exp(log(x5))+(cos(x7)*sin(x7)))))+exp((exp(cos((7.622000+x2)))*(((x2-x5)-cos(x2))*(exp(x5)*(x4/x0)))))),feynman_I_9_18,28,GP-GOMEA (original)
6,474.318,40707,0.00360574,0.76146,0.0032633,0.786152,49,(((log(exp((x0*x1)))*cos(((x3/x4)/exp(x2))))*(cos(sin(log(x3)))/(exp(log(x5))+(cos(x7)*sin(x7)))))+exp((exp(cos((7.622000+x4)))*(((x2-x5)-cos(x2))*(exp(x5)*(x1/x3)))))),feynman_I_9_18,28,GP-GOMEA (original)
7,593.109,49583,0.00339907,0.775133,0.0032489,0.787096,44,(((log(exp((x2*x1)))*cos(((x3/x8)/exp(x0))))*(cos(sin(log(x7)))/(exp(log(x5))+cos(cos(x7)))))-sin((exp(cos(sqrt(x1)))/(((x1-x3)-cos(x6))*(exp(x7)/x4))))),feynman_I_9_18,28,GP-GOMEA (original)
8,715.25,58761,0.00318487,0.789303,0.00286232,0.812429,45,(((log(exp((x0*x1)))*cos(((x3/x8)/exp(x2))))*(cos(sin(log(x7)))/(exp(log(x5))+log(cos(x7)))))-exp((exp(cos((x1+x2)))*(((x7-9.901000)-cos(x7))*(sqrt(x2)*x6))))),feynman_I_9_18,28,GP-GOMEA (original)
9,840.445,68013,0.00302383,0.799957,0.00286999,0.811926,32,sqrt((((((x2*x8)/exp(x3))*((x0/x5)-sin(12.710000)))*(((x2/x7)*(x1*-8.516000))+((x2/x1)+0.378000)))-log(cos(x2)))),feynman_I_9_18,28,GP-GOMEA (original)
9,971.889,77308,0.0175243,-0.159331,0.0172522,-0.130558,13,sin(log((sqrt((log(x8)+log(x0)))+cos(cos(exp(-7.682000)))))),feynman_I_9_18,28,GP-GOMEA (original)
10,1106.39,88783,0.0175243,-0.159331,0.0172522,-0.130558,13,sin(log((sqrt((log(x8)+log(x0)))+cos(cos(exp(-7.682000)))))),feynman_I_9_18,28,GP-GOMEA (original)
11,1246.38,98073,0.00241268,0.840388,0.00222318,0.854312,45,(((log(exp((x0*x1)))*cos(((x3/x8)/exp(x2))))*(cos(cos(sqrt(x7)))/(exp(sqrt(x5))+cos(x4))))+exp(((sqrt(x0)/sqrt(exp(x2)))*(((x3-x6)*cos(16.677000))*(sqrt(x7)*x7))))),feynman_I_9_18,28,GP-GOMEA (original)
12,1387.81,107070,0.00222376,0.852886,0.00199665,0.869157,47,(((log(exp((x0*x1)))*cos(((x3/x8)/exp(x2))))*(cos(cos(sqrt(x7)))/(exp(sqrt(x5))+cos(x4))))+exp(((sqrt((6.179000/x6))/sqrt(exp(x2)))*(((x3-x2)*cos(16.677000))*(log(x5)*x7))))),feynman_I_9_18,28,GP-GOMEA (original)
13,1529.52,115693,0.00207683,0.862606,0.00186931,0.877502,47,(((log(exp((x0*x1)))*cos(((x3/x8)/exp(x2))))*(cos(cos(sqrt(x6)))/(exp(sqrt(x5))+cos(x4))))+exp(((sqrt((6.179000/x6))/sqrt(exp(x2)))*(((x3-x2)*cos(16.677000))*(log(x5)*x7))))),feynman_I_9_18,28,GP-GOMEA (original)
14,1663.88,123869,0.00193384,0.872066,0.00180617,0.88164,47,(((log(exp((x0*x1)))*cos(((x3/x8)/exp(x2))))*(cos(cos(sqrt(x2)))/(exp(sqrt(x5))+cos(x4))))+exp(((sqrt(sqrt(x6))/sqrt(exp(x2)))*(((x3-x6)*cos(16.677000))*((x7-x8)*x7))))),feynman_I_9_18,28,GP-GOMEA (original)
15,1800.36,132207,0.00186209,0.876813,0.00175742,0.884834,47,(((log(exp((x0*x1)))*cos(((x3/x8)/exp(x2))))*(cos(cos(sqrt(x4)))/(exp(sqrt(x5))+cos(x4))))+exp(((sqrt(sqrt(x6))/sqrt(exp(x2)))*(((x3-x6)*cos(16.677000))*((x7-x8)*x7))))),feynman_I_9_18,28,GP-GOMEA (original)
16,1931.5,140253,0.00165192,0.890716,0.0015156,0.900681,47,(((log(exp((x0*x1)))*cos(((x3/x8)/exp(x2))))*(cos(cos(sqrt(x6)))/(exp(sqrt(x5))+cos(x4))))+exp(((sqrt(log(6.179000))/x0)*(((x3-x6)*cos(16.677000))*((x7-x8)*(x7/x2)))))),feynman_I_9_18,28,GP-GOMEA (original)
17,2067.55,148486,0.00165192,0.890716,0.0015156,0.900681,47,(((log(exp((x0*x1)))*cos(((x3/x8)/exp(x2))))*(cos(cos(sqrt(x6)))/(exp(sqrt(x5))+cos(x4))))+exp(((sqrt(log(6.179000))/x0)*(((x3-x6)*cos(16.677000))*((x7-x8)*(x7/x2)))))),feynman_I_9_18,28,GP-GOMEA (original)
18,2200.09,156554,0.00156851,0.896234,0.00145286,0.904792,50,(((log(exp((x0*x1)))*cos(((x3/x8)/exp(x2))))*(cos(cos(sqrt(x6)))/(exp(sqrt(x5))+cos(x4))))+exp(((sqrt(log(6.179000))/sqrt((x6*x1)))*(((x3-x6)*cos(16.677000))*((x7-x8)*(x7/x2)))))),feynman_I_9_18,28,GP-GOMEA (original)
19,2331.71,164576,0.00129318,0.914449,0.00120813,0.92083,50,(((log(exp((x0*x1)))*cos(((x3/x8)/exp(x2))))*(cos(cos(sqrt(x6)))/(exp(sqrt(x5))+cos(x4))))+exp(((sqrt(log(6.179000))/sqrt((x4*x1)))*(((x3-x6)*cos(16.677000))*((x7-x8)*(x7/x2)))))),feynman_I_9_18,28,GP-GOMEA (original)
19,2466.37,172600,0.0011855,0.921572,0.00111043,0.927232,50,(((log(exp((x0*x1)))*cos(((x3/x8)/exp(x2))))*(cos(cos(sqrt(x6)))/(exp(sqrt(x5))+cos(x4))))+exp(((sqrt(log(6.179000))/sqrt((x4*x2)))*(((x3-x6)*cos(16.677000))*((x7-x8)*(x5/x2)))))),feynman_I_9_18,28,GP-GOMEA (original)
20,2589.12,184234,0.0011855,0.921572,0.00111043,0.927232,50,(((log(exp((x0*x1)))*cos(((x3/x8)/exp(x2))))*(cos(cos(sqrt(x6)))/(exp(sqrt(x5))+cos(x4))))+exp(((sqrt(log(6.179000))/sqrt((x4*x2)))*(((x3-x6)*cos(16.677000))*((x7-x8)*(x5/x2)))))),feynman_I_9_18,28,GP-GOMEA (original)
21,2723.38,192134,0.0011855,0.921572,0.00111043,0.927232,50,(((log(exp((x0*x1)))*cos(((x3/x8)/exp(x2))))*(cos(cos(sqrt(x6)))/(exp(sqrt(x5))+cos(x4))))+exp(((sqrt(log(6.179000))/sqrt((x4*x2)))*(((x3-x6)*cos(16.677000))*((x7-x8)*(x5/x2)))))),feynman_I_9_18,28,GP-GOMEA (original)
22,2853.74,199900,0.00115437,0.923632,0.00109331,0.928354,50,(((log(exp((x0*x1)))*cos(((x7/x8)/exp(x2))))*(cos(cos(sqrt(x6)))/(exp(sqrt(x5))+cos(x4))))+exp(((sqrt(log(6.179000))/sqrt((x4*x2)))*(((x3-x6)*cos(16.677000))*((x7-x8)*(x5/x2)))))),feynman_I_9_18,28,GP-GOMEA (original)
23,2982.81,207506,0.00115437,0.923632,0.00109331,0.928354,50,(((log(exp((x0*x1)))*cos(((x7/x8)/exp(x2))))*(cos(cos(sqrt(x6)))/(exp(sqrt(x5))+cos(x4))))+exp(((sqrt(log(6.179000))/sqrt((x4*x2)))*(((x3-x6)*cos(16.677000))*((x7-x8)*(x5/x2)))))),feynman_I_9_18,28,GP-GOMEA (original)
24,3112.68,215040,0.00115437,0.923632,0.00109331,0.928354,50,(((log(exp((x0*x1)))*cos(((x7/x8)/exp(x2))))*(cos(cos(sqrt(x6)))/(exp(sqrt(x5))+cos(x4))))+exp(((sqrt(log(6.179000))/sqrt((x4*x2)))*(((x3-x6)*cos(16.677000))*((x7-x8)*(x5/x2)))))),feynman_I_9_18,28,GP-GOMEA (original)
25,3237.18,222290,0.00115437,0.923632,0.00109331,0.928354,50,(((log(exp((x0*x1)))*cos(((x7/x8)/exp(x2))))*(cos(cos(sqrt(x6)))/(exp(sqrt(x5))+cos(x4))))+exp(((sqrt(log(6.179000))/sqrt((x4*x2)))*(((x3-x6)*cos(16.677000))*((x7-x8)*(x5/x2)))))),feynman_I_9_18,28,GP-GOMEA (original)
26,3358.07,229390,0.00115437,0.923632,0.00109331,0.928354,50,(((log(exp((x0*x1)))*cos(((x7/x8)/exp(x2))))*(cos(cos(sqrt(x6)))/(exp(sqrt(x5))+cos(x4))))+exp(((sqrt(log(6.179000))/sqrt((x4*x2)))*(((x3-x6)*cos(16.677000))*((x7-x8)*(x5/x2)))))),feynman_I_9_18,28,GP-GOMEA (original)
27,3483.65,236719,0.00115437,0.923632,0.00109331,0.928354,50,(((log(exp((x0*x1)))*cos(((x7/x8)/exp(x2))))*(cos(cos(sqrt(x6)))/(exp(sqrt(x5))+cos(x4))))+exp(((sqrt(log(6.179000))/sqrt((x4*x2)))*(((x3-x6)*cos(16.677000))*((x7-x8)*(x5/x2)))))),feynman_I_9_18,28,GP-GOMEA (original)
