alg_name,max_evals,time_seconds,problem_name,run,linear_scaling,sympy_expr,r2_train,r2_test
"GP-RV IA ERCs",100000,7.101203441619873,"1028_SWD",3,False,"(3.556000+(((x2-2.364000)/ 2.615000)+(sin(3.327000)+(x9/ 4.473000))))",0.3205559706178217,0.27653645339008626
"GP-RV IA ERCs",100000,8.000699758529663,"1028_SWD",4,True,"2.2256939871171895 + (0.1399600969121687 * ((((x2+(x1+x8))+((x4+x5)+sin(x2)))+(((x2*x9)/ (4.812000-x9))-((4.708000/ x7)/ x6)))))",0.4219009639289827,0.42866193097906136
"GP-RV IA ERCs",100000,8.338742017745972,"1028_SWD",2,False,"((4.862000/ (4.638000+(2.144000/ x2)))*(4.797000+(sin(4.227000)/ (x4*x9))))",0.31963972443419997,0.3607662961492272
"GP-RV IA ERCs",100000,8.539990186691284,"1028_SWD",1,False,"((((x9/ x4)+(3.989000/ 3.078000))*((4.603000/ 2.720000)*sin(3.288000)))+(((x2/ 3.007000)*(x9/ 2.089000))+3.607000))",0.3557448564260659,0.27500283746195575
"GP-RV IA ERCs",100000,8.998063087463379,"1028_SWD",1,True,"0.6314070597086326 + (0.14196284408850982 * (((x6+((x1+x5)+(x4+x2)))+(((x9*x7)+sin(x7))+((2.049000*3.770000)-(2.612000-x8))))))",0.4307442781400881,0.26286297512451984
"GP-RV IA ERCs",100000,8.889860153198242,"1028_SWD",3,True,"-1.45085276981123 + (1.4589657624778931 * (((((3.963000*2.817000)/ 4.829000)+((x2*x9)*sin(3.069000)))+(((x4+x7)+(x8+x1))/ ((3.244000*2.440000)+(x1/ x6))))))",0.40702417713345107,0.3931756546022318
"GP-RV IA ERCs",100000,9.36305022239685,"1028_SWD",0,True,"5.437447314760779 + (-0.07470337592555502 * (((((4.226000*3.224000)/ x2)+(sin(x3)+(2.079000+3.821000)))-(((x9*x4)*(x7/ 2.359000))-((3.778000*4.176000)-(x6*x8))))))",0.4303340481910233,0.31875428113699833
"GP-RV IA ERCs",100000,9.871058702468872,"1028_SWD",2,True,"1.8929811276892232 + (-0.1526375354079252 * (((((4.688000/ x2)-(x4+x9))-((3.287000/ x9)*(3.551000-2.898000)))-(((x8*x8)*sin(2.866000))+((x7+x9)+(x1+x6))))))",0.4096270058211454,0.4112225080832559
"GP-RV IA ERCs",100000,9.91267442703247,"1028_SWD",4,False,"(sin(((x4/ 2.538000)/ (3.882000-x9)))+(2.701000+(x2/ 4.139000)))",0.34131454152469776,0.3376624582573604
"GP-RV IA ERCs",500000,10.638817548751831,"1028_SWD",0,False,"((((x2+x9)/ (3.838000+3.069000))+3.707000)-sin((2.022000/ (x4*x2))))",0.3664974534571783,0.32198199731367183
"GP-RV IA ERCs",500000,10.535794973373413,"1028_SWD",4,False,"(sin(((x4/ 2.538000)/ (3.882000-x9)))+(2.701000+(x2/ 4.139000)))",0.34131454152469776,0.3376624582573604
"GP-RV IA ERCs",100000,10.853407144546509,"1028_SWD",0,False,"((((x2+x9)/ (3.838000+3.069000))+3.707000)-sin((2.022000/ (x4*x2))))",0.3664974534571783,0.32198199731367183
"GP-RV IA ERCs",500000,12.819092988967896,"1028_SWD",2,False,"((4.862000/ (4.638000+(2.144000/ x2)))*(4.797000+(sin(4.227000)/ (x4*x9))))",0.31963972443419997,0.3607662961492272
"GP-RV IA ERCs",100000,7.198171377182007,"1028_SWD",5,False,"(2.941000-(sin(3.163000)*((x9+x8)*(4.193000*x2))))",0.337678702523714,0.2594910398096282
"GP-RV IA ERCs",500000,14.576104879379272,"1028_SWD",1,False,"((((x7+x4)-(3.873000*3.078000))/ ((4.607000/ 2.720000)*(3.288000+4.231000)))+(((x2/ 3.089000)*(x9/ 2.089000))+3.607000))",0.3618069981626012,0.23014698482146623
"GP-RV IA ERCs",500000,15.914303302764893,"1028_SWD",3,False,"(3.556000+(((x2-2.375000)/ 2.615000)+(sin(3.331000)+(x9/ 4.464000))))",0.32061273931805756,0.2756244169323041
"GP-RV IA ERCs",100000,7.585619211196899,"1028_SWD",6,False,"((((x2/ 2.271000)*(x9/ 2.510000))*sin((3.361000*4.025000)))+3.109000)",0.299084918957764,0.29466863140855293
"GP-RV IA ERCs",100000,9.011599779129028,"1028_SWD",5,True,"2.3347590514963796 + (-0.05664623376744902 * (((((2.913000/ x6)-(x3-x1))-((x9+2.393000)*(x1+x2)))-(((x8*3.852000)+(4.957000*x4))/ ((3.018000-x5)+(x1/ x7))))))",0.4172911993746071,0.3526928424009973
"GP-RV IA ERCs",100000,7.217299461364746,"1028_SWD",7,False,"(4.564000-(((x2+3.628000)/ (x2/ 3.002000))/ (3.188000*(x4+x9))))",0.3033379602967514,0.20347694523430626
"GP-RV IA ERCs",100000,8.597902059555054,"1028_SWD",7,True,"2.402401664241765 + (0.07673208681080464 * ((((3.307000+(x9-x4))*sin((4.899000/ x2)))+(((x7*x4)+(x6+x3))+((x9*x8)+(x2+x1))))))",0.42345461982536037,0.4106120008750942
"GP-RV IA ERCs",100000,10.38281798362732,"1028_SWD",6,True,"3.0299776472654565 + (0.03745496628987344 * (((sin((4.468000/ x2))*((x2*2.507000)+(x2+x9)))-((sin(x9)-(x4+x9))*((x7+x6)-(2.276000-x8))))))",0.41517032838044854,0.4214368105600841
"GP-RV IA ERCs",100000,9.715050458908081,"1028_SWD",8,False,"(sin(((x4+x2)/ 4.537000))+(2.079000+((x9+x2)/ 4.683000)))",0.35978524240033327,0.3301886307100761
"GP-RV IA ERCs",100000,8.796356201171875,"1028_SWD",8,True,"1.3399252256503582 + (0.15502541122698157 * (((((x2+x7)+(x9+x8))+(sin(x1)+(x1+x4)))+(x6+sin((4.248000/ x2))))))",0.4211253348059045,0.3979656714321145
"GP-RV IA ERCs",500000,23.4905207157135,"1028_SWD",1,True,"1.412864778975704 + (0.14628683616314384 * (((x6+((x2+x1)+(x4+x2)))+(((x9*x7)+sin(x1))+(sin(x2)-(x7-x8))))))",0.44253181504731165,0.29650889413947057
"GP-RV IA ERCs",100000,6.873584985733032,"1028_SWD",9,False,"(2.941000+(((2.380000*x2)+(x9*x8))/ ((3.551000+4.657000)+(4.666000/ x6))))",0.32409564182641926,0.37957662076858967
"GP-RV IA ERCs",500000,13.332162857055664,"1028_SWD",7,False,"(4.564000-(((x8+3.628000)/ (x2/ 2.765000))/ (3.188000*(x4+x8))))",0.3159978014450924,0.2699999786154208
"GP-RV IA ERCs",500000,9.902543067932129,"1028_SWD",8,False,"(sin(((x4+x2)/ 4.537000))+(2.079000+((x9+x2)/ 4.683000)))",0.35978524240033327,0.3301886307100761
"GP-RV IA ERCs",100000,9.144355058670044,"1028_SWD",9,True,"2.2432321992534288 + (-0.25976231125393484 * (((((3.430000/ x2)-(4.335000+x4))+((x4-x8)/ (x5*x7)))-(((x7/ 4.018000)/ (4.768000-x9))*((x6*x9)-(x7-4.517000))))))",0.403777754507733,0.4426313561334333
"GP-RV IA ERCs",500000,14.045656681060791,"1028_SWD",8,True,"1.2353986803532557 + (0.16059673234138436 * (((((x2+x7)+(x9+x8))+(sin(x1)+(x1+x4)))+(x6+sin((3.784000/ x2))))))",0.42176383742436285,0.39876042595120986
"GP-RV IA ERCs",100000,11.4425687789917,"1028_SWD",10,False,"(((sin(3.949000)*(2.347000/ x2))-(sin(x9)/ (x4*x7)))+(4.807000+((4.214000-3.887000)/ x2)))",0.30275089570221936,0.40075167239914167
"GP-RV IA ERCs",500000,20.89070439338684,"1028_SWD",6,True,"3.039852265619975 + (0.033536747292816194 * (((sin((4.141000/ x2))*((3.524000*x2)+(x3*x9)))-((sin(x9)-(x4+x9))*((x7+x6)-(2.017000-x8))))))",0.4175730444491431,0.42162393302604095
"GP-RV IA ERCs",100000,8.790014266967773,"1028_SWD",10,True,"3.150170924691241 + (-0.02541487167801213 * ((((x9+(x5+x1))+(sin(x7)+(x3-x6)))*(((4.951000/ x2)-(x7+x8))-((x9+x6)-(2.920000/ x4))))))",0.41443943939479333,0.44778107963412095
"GP-RV IA ERCs",100000,9.276324987411499,"1028_SWD",11,False,"(((sin(4.108000)*(3.237000/ 2.894000))+((x9/ 4.549000)*(2.400000/ 2.871000)))+((3.009000+2.033000)+((x2-4.717000)/ (x4+x7))))",0.33673345924114295,0.33327679309821734
"GP-RV IA ERCs",500000,15.780035972595215,"1028_SWD",9,False,"(2.941000+(((2.849000*x2)+(x9*x8))/ ((4.814000+4.657000)+(4.692000/ x4))))",0.33040999262700377,0.393873490980837
"GP-RV IA ERCs",100000,9.764548301696777,"1028_SWD",11,True,"2.618561893670214 + (-0.0505624558468374 * (((((x7+x1)/ sin(3.499000))+(sin(x2)*sin(x7)))-((sin(x4)+(x3+x8))*((x4+x9)-(3.112000/ x2))))))",0.39724404650541,0.39238718892265534
"GP-RV IA ERCs",500000,33.82939910888672,"1028_SWD",3,True,"2.4213232264900357 + (0.1583748611221955 * (((sin((3.740000/ x2))*((x2*x9)*(2.382000/ 4.297000)))+(((x4+x7)+(x8+x1))-(sin(x9)+(x1/ x6))))))",0.4267591491651175,0.4089960532508786
"GP-RV IA ERCs",500000,14.097084045410156,"1028_SWD",10,False,"(((sin(3.949000)*(2.320000/ x2))-(sin(x3)/ (x4*x7)))+(4.778000+((4.214000-3.887000)/ x2)))",0.31470386066708045,0.38921791515716697
"GP-RV IA ERCs",100000,8.576942205429077,"1028_SWD",12,False,"((2.479000/ ((x4/ x4)+(3.254000+2.502000)))*(((x9+x2)+(x8/ 2.014000))+4.966000))",0.33734421051152685,0.2223221373992147
"GP-RV IA ERCs",100000,9.76542329788208,"1028_SWD",12,True,"3.1617870315125907 + (0.14580955567779716 * (((((3.963000*3.519000)-x2)*((x2*x9)*sin(3.069000)))+(((x4+x6)-(2.172000-x8))-((3.551000/ x1)+(2.987000/ x7))))))",0.4410664788275286,0.31813324545853783
"GP-RV IA ERCs",100000,8.44607949256897,"1028_SWD",13,False,"((((3.250000+4.482000)/ (x2*x4))/ ((x4-x7)-(x8+2.637000)))+4.362000)",0.32470892323999956,0.3174300222378166
"GP-RV IA ERCs",100000,8.880537986755371,"1028_SWD",13,True,"2.81770674070098 + (1.2785683270256134 * (((sin((3.556000/ x2))*((x2*x9)*sin(3.069000)))+(((x4*x7)+(x1*x8))/ ((4.934000*3.138000)+(4.298000/ x6))))))",0.40725200746409496,0.39987889317069125
"GP-RV IA ERCs",500000,18.023499250411987,"1028_SWD",11,False,"(((sin(4.108000)*(3.237000/ 2.790000))+((x9/ 4.082000)*(x8/ 2.773000)))+((2.989000+2.033000)+((x2-4.751000)/ (x4+x7))))",0.3763944955258479,0.38613206494461116
"GP-RV IA ERCs",500000,15.438024759292603,"1028_SWD",12,False,"((2.479000/ ((x4/ x4)+(3.254000+2.502000)))*(((x9+x2)+(x8/ 2.014000))+4.966000))",0.33734421051152685,0.2223221373992147
"GP-RV IA ERCs",100000,8.041807413101196,"1028_SWD",14,True,"2.362267320732903 + (0.16380327435104275 * ((((x7+(x6+x8))+(x4-(4.985000/ x2)))+(((x9/ 3.474000)*(x1+x3))+((x5/ x3)*sin(x1))))))",0.4054732596984013,0.4619070481114751
"GP-RV IA ERCs",100000,10.57906699180603,"1028_SWD",14,False,"(3.325000-((sin(4.961000)/ (3.154000/ x2))+(sin(x9)/ (x4*x9))))",0.30783115679422146,0.35317105624681533
"GP-RV IA ERCs",100000,7.829506874084473,"1028_SWD",15,False,"(((sin(2.797000)*(3.569000-3.465000))+((4.080000-4.408000)+sin(2.284000)))*(((x0+2.978000)+(x2+2.131000))-((3.867000*x0)/ (4.427000+2.371000))))",0.29646939411598616,0.218692830656403
"GP-RV IA ERCs",100000,9.1678466796875,"1028_SWD",15,True,"0.4124438382853107 + (1.4827073152505947 * (((((2.267000*2.649000)/ (2.217000*2.532000))+((x2*x9)*sin(3.069000)))+(((x4+x7)+(x1+x8))/ ((2.604000*3.138000)+(3.011000/ x6))))))",0.4360565365194343,0.2904304159301475
"GP-RV IA ERCs",500000,19.938158750534058,"1028_SWD",13,True,"2.2573802714481155 + (1.0920465969633242 * (((sin((3.573000/ x2))*((x2*x9)*sin(3.069000)))+(((x4*x7)+(x1+x8))/ ((x7+4.139000)+(x4/ x6))))))",0.4196689346840268,0.3877923750736064
"GP-RV IA ERCs",100000,7.68619966506958,"1028_SWD",16,False,"((((x8+x6)+(x9+x1))/ ((4.998000/ x2)+3.511000))+(2.148000-sin((2.183000-4.970000))))",0.3446501418940876,0.32975735588436317
"GP-RV IA ERCs",500000,16.07014513015747,"1028_SWD",14,True,"2.3329514300137872 + (0.16409982883056945 * ((((x7+(x6+x8))+(x4-(4.985000/ x2)))+(((x9/ 3.425000)*(x1+x3))+((x1/ x3)*sin(x1))))))",0.40577720051959376,0.46179929634067085
"GP-RV IA ERCs",100000,9.235578775405884,"1028_SWD",16,True,"1.6079154453279287 + (1.285262583807283 * (((((3.963000*2.940000)/ (2.035000*2.510000))*((x2+x9)*sin(3.069000)))+(((x1+x6)+(x7+x8))/ ((2.012000*3.134000)+(4.228000/ x4))))))",0.4128158241185018,0.3576565576354137
"GP-RV IA ERCs",500000,51.37379026412964,"1028_SWD",6,False,"((((x2/ 2.355000)*(x9/ 2.510000))*sin((3.650000*4.025000)))+3.109000)",0.29908491991886976,0.2946794822850889
"GP-RV IA ERCs",100000,8.525990724563599,"1028_SWD",17,False,"(((x2/ 2.760000)+2.081000)+(((x4+x9)/ 4.057000)-((x4/ x8)/ (x7*3.916000))))",0.3988380893403468,0.2945057582885401
"GP-RV IA ERCs",500000,18.25651216506958,"1028_SWD",15,False,"(((sin(2.826000)*(3.569000-3.465000))+((4.080000-4.408000)+sin(2.348000)))*(((x0+3.650000)+(x2+2.131000))-((3.768000*x0)/ (4.427000*x4))))",0.3438113889522565,0.21811854578081125
"GP-RV IA ERCs",500000,56.525556802749634,"1028_SWD",5,True,"2.4102415303935336 + (-0.05446607377008573 * (((((4.956000/ x6)-(x3-x5))-((x9+2.237000)*(x1+x2)))-(((x8*4.289000)+(4.957000*x4))/ ((2.882000-x5)+(x1/ x7))))))",0.4230165655364647,0.3603154102382161
"GP-RV IA ERCs",500000,56.88896942138672,"1028_SWD",5,False,"(2.941000-(sin(3.163000)*((x9+x8)*(4.029000*x2))))",0.3399818295721134,0.2625425515407249
"GP-RV IA ERCs",100000,8.805414199829102,"1028_SWD",17,True,"2.532799973423975 + (0.3797828788795978 * (((((x6+x1)+(x2-4.799000))+((x2+x4)+(x8+x3)))/ ((x5+(2.256000/ x5))-((x7/ 3.062000)-sin(x9))))))",0.427750686706472,0.3304216767175089
"GP-RV IA ERCs",500000,12.153971195220947,"1028_SWD",17,False,"(((x2/ 2.760000)+2.081000)+(((x4+x9)/ 4.057000)-((x4/ x8)/ (x7*3.916000))))",0.3988380893403468,0.2945057582885401
"GP-RV IA ERCs",100000,7.9048848152160645,"1028_SWD",18,False,"(4.004000-(((2.713000-x2)/ (x4+x1))/ sin((3.144000/ 4.394000))))",0.30824461758644117,0.26100506061482975
"GP-RV IA ERCs",500000,20.58489203453064,"1028_SWD",16,False,"((((x8+x7)+(x9+x4))/ ((4.656000/ x2)+3.511000))+(2.148000-sin((2.113000-2.297000))))",0.37765067059104895,0.4016680748957663
"GP-RV IA ERCs",500000,72.39991927146912,"1028_SWD",4,True,"2.2020286895447025 + (0.14455179356902872 * ((((x2+(x1+x8))+((x4+x5)+sin(x2)))+(((x2*x9)/ (4.984000-x9))-((4.776000/ x7)/ x6)))))",0.4222885957712741,0.42878189941346345
"GP-RV IA ERCs",100000,7.173370361328125,"1028_SWD",19,False,"(4.564000-(((4.060000-x7)+4.326000)/ ((2.696000+x4)*x2)))",0.32208753307406623,0.3111286924913791
"GP-RV IA ERCs",100000,8.891562461853027,"1028_SWD",18,True,"2.5925495197857136 + (0.4075738011793873 * ((((x2+(x8+x4))+((x7+x6)-(3.962000/ x2)))/ (2.292000+sin(x9)))))",0.4187978034649059,0.41071698414601776
"GP-RV IA ERCs",500000,12.066590547561646,"1028_SWD",18,False,"(4.004000-(((2.713000-x2)/ (x4+x1))/ sin((3.075000/ 4.276000))))",0.3082558500869723,0.26113435272253527
"GP-RV IA ERCs",500000,68.2637722492218,"1028_SWD",7,True,"2.403445583354676 + (0.07663579091819002 * ((((3.307000+(x9-x4))*sin((4.851000/ x2)))+(((x7*x4)+(x6+x3))+((x9*x8)+(x2+x1))))))",0.4234548067433016,0.41049868176304594
"GP-RV IA ERCs",100000,7.110293865203857,"1028_SWD",20,False,"(((sin(2.543000)*(3.657000+x7))+((x8+4.436000)+(x9+x2)))/ 3.696000)",0.3668042512896911,0.27978122586801746
"GP-RV IA ERCs",100000,9.621134996414185,"1028_SWD",19,True,"3.0399120258063275 + (0.07106777836580566 * (((((3.963000*4.382000)/ (2.217000/ 2.532000))*((x2*x9)*sin(3.069000)))+(((x4*x7)+(x1+x5))-((x8-4.106000)*(x6-4.268000))))))",0.42108055581722537,0.3536995231360617
"GP-RV IA ERCs",500000,10.341497421264648,"1028_SWD",19,False,"(4.564000-(((4.060000-x7)+4.326000)/ ((2.696000+x4)*x2)))",0.32208753307406623,0.3111286924913791
"GP-RV IA ERCs",100000,10.020113706588745,"1028_SWD",20,True,"3.3303109455516786 + (0.15612727642566135 * (((((x9*x2)/ (4.520000/ 2.532000))-((3.484000-x8)+(3.069000/ x2)))+(((x4-2.036000)-(2.306000/ x1))+(sin(x2)+(x6+x7))))))",0.441002620640746,0.3626972974426472
"GP-RV IA ERCs",500000,51.14192008972168,"1028_SWD",13,False,"((((2.160000*4.091000)/ (x2*x4))/ ((x4-x7)-(x8+3.223000)))+4.362000)",0.3296265625210607,0.3167406149579485
"GP-RV IA ERCs",100000,7.14453387260437,"1028_SWD",21,False,"(4.251000-(((4.132000-x2)/ (x8+x4))*(2.992000/ (x7+x2))))",0.3212084564000648,0.2969050024401303
"GP-RV IA ERCs",500000,12.813929557800293,"1028_SWD",20,False,"((((2.543000/ 3.674000)*(x4+x7))+((x8+4.557000)+(x9+x2)))/ 3.696000)",0.38483134649990836,0.300955169175381
"GP-RV IA ERCs",100000,9.269349813461304,"1028_SWD",21,True,"2.333552946968429 + (-0.12124200923539906 * (((((3.963000/ x6)+(2.739000-x7))-((x2*x9)+sin(x2)))+(((x9/ x7)*sin(x8))-((x8+3.941000)+(x1+x4))))))",0.41172611348569077,0.42307972679452244
"GP-RV IA ERCs",100000,6.53562331199646,"1028_SWD",22,False,"(2.718000+(((x9+x2)/ 3.581000)-(sin(x8)/ (x4*x7))))",0.3612818441937422,0.3801033183972886
"GP-RV IA ERCs",500000,20.24599289894104,"1028_SWD",19,True,"2.630776895003428 + (0.10034402786914039 * (((((4.869000*4.832000)-(x4*x2))*((x2*x9)*sin(3.069000)))+(((x4*x6)+(x1+x5))-((x8-3.609000)*(x7-3.670000))))))",0.4374102273438104,0.33226318527457055
"GP-RV IA ERCs",500000,69.39957427978516,"1028_SWD",10,True,"2.926764624953795 + (-0.018888037865223032 * (((((x9*2.432000)+(x5+x1))+(sin(x7)+(x3-x6)))*(((4.591000/ x2)-(x7+x8))-((2.909000+x6)-(2.920000/ x4))))))",0.42009231728342755,0.4590718751048871
"GP-RV IA ERCs",500000,12.488781929016113,"1028_SWD",21,False,"(4.251000-(((4.208000-x2)/ (x2+x4))*(2.992000/ (x7+x8))))",0.3241190646872636,0.28804674959195153
"GP-RV IA ERCs",100000,8.567425966262817,"1028_SWD",22,True,"6.586752297581011 + (-0.17896504942516053 * (((((3.196000/ x7)+(2.217000/ x1))+((4.080000*4.408000)+sin(x9)))-(((x8+x5)+(x2+x9))-((4.004000+3.138000)/ (x4+x6))))))",0.4045968816880404,0.4437398113636296
"GP-RV IA ERCs",100000,7.5983991622924805,"1028_SWD",23,False,"(4.278000+(((x9/ 2.024000)-(4.692000/ x2))/ ((x8/ x2)+x7)))",0.33841045964220573,0.2906745244165223
"GP-RV IA ERCs",500000,12.10098648071289,"1028_SWD",22,False,"(2.718000+(((x9+x2)/ 3.504000)-(sin(x8)/ (x4*x7))))",0.3643840973155632,0.3869824875054051
"GP-RV IA ERCs",100000,8.610716342926025,"1028_SWD",23,True,"3.7665321259520095 + (0.11387534508328671 * (((((x8+x9)-(4.168000/ x7))+((x4+x8)-(3.069000/ x2)))+(((x6-3.866000)+(x9-3.333000))-((3.007000-x2)*(2.208000/ x1))))))",0.4173717410762634,0.39487654620988066
"GP-RV IA ERCs",500000,100.63763332366943,"1028_SWD",2,True,"1.3083622124759553 + (-0.16889534338187126 * (((((4.717000/ x2)-(x4+4.780000))-(x5*sin(x1)))-(((x8*x8)*sin(2.866000))+((x7+x9)+(x1+x6))))))",0.4226267787265421,0.43100223780894875
"GP-RV IA ERCs",100000,9.128962755203247,"1028_SWD",24,True,"1.4754737841164673 + (0.16892436169789046 * ((((x2+(x8+x4))+((x2+x7)+sin(x2)))+(((x6+x3)/ (4.608000+x3))/ (sin(2.176000)-(x9/ 4.517000))))))",0.4437638244903631,0.32115322797622803
"GP-RV IA ERCs",500000,103.88483119010925,"1028_SWD",0,True,"4.337979230172071 + (-0.07233607431962849 * (((((3.963000*3.224000)/ x2)+((2.534000-x3)+(2.647000+2.637000)))-(((x9*x4)*(x7/ 2.359000))-((4.551000/ x1)-(x6*x8))))))",0.44232856232084006,0.3278854351818786
"GP-RV IA ERCs",100000,10.739980459213257,"1028_SWD",24,False,"((4.857000/ (4.649000+(2.429000/ x2)))*((sin(2.833000)+(2.172000+2.505000))-(sin(x9)/ x4)))",0.3466323374667786,0.30944845206085514
"GP-RV IA ERCs",500000,12.827406406402588,"1028_SWD",23,False,"(4.278000+(((x9/ 2.024000)-(4.692000/ x2))/ ((x8/ x2)+x7)))",0.33841045964220573,0.2906745244165223
"GP-RV IA ERCs",500000,24.675479412078857,"1028_SWD",21,True,"2.56563330721058 + (-0.12748700960358836 * (((((3.357000/ x6)+(x9/ x7))-((x2*x9)+sin(x2)))+(((x5/ x7)*sin(x8))-((x8+x5)+(x1+x4))))))",0.4208807568027896,0.427387076190204
"GP-RV IA ERCs",100000,8.892980337142944,"1028_SWD",25,False,"(((sin(x5)/ (4.672000/ x4))/ (sin(x8)-sin(3.998000)))+(2.314000+((x9+x2)/ 3.761000)))",0.38342642641928126,0.2717894683518012
"GP-RV IA ERCs",500000,12.256294012069702,"1028_SWD",24,False,"((4.857000/ (4.649000+(2.429000/ x2)))*((sin(2.833000)+(2.172000+2.505000))-(sin(x9)/ x4)))",0.3466323374667786,0.30944845206085514
"GP-RV IA ERCs",100000,8.543466806411743,"1028_SWD",25,True,"3.3547126801963234 + (0.17683164220121236 * (((((3.963000*x9)/ (4.385000/ 2.532000))*((x6*x9)*sin(3.069000)))+(((x4+x7)+(x8-2.244000))-((3.551000-3.138000)+(4.956000/ x2))))))",0.42993582879105396,0.3334410290839246
"GP-RV IA ERCs",500000,71.65061354637146,"1028_SWD",14,False,"(3.325000-((sin(4.961000)/ (3.154000/ x2))+(sin(x9)/ (x4*x9))))",0.30783115679422146,0.35317105624681533
"GP-RV IA ERCs",100000,8.46210265159607,"1028_SWD",26,False,"((((x1+x2)+(2.751000+x7))+((x9+x8)+sin(x1)))/ 3.690000)",0.3978241790983248,0.1483259633051367
"GP-RV IA ERCs",500000,52.64841270446777,"1028_SWD",17,True,"1.9812603257760255 + (-0.1258134638749212 * (((((4.785000*3.779000)/ (x2*4.799000))-((x8+3.483000)+(x4+x3)))-(((x9*x7)+(x2+x5))-((x9/ x6)-(x1-x7))))))",0.44662709375450416,0.30611379206723144
"GP-RV IA ERCs",100000,7.991005897521973,"1028_SWD",26,True,"1.2753987941875635 + (0.16236271783702386 * (((((x8+x7)+(x2+x5))+(x1+(x4+x6)))+(((x2/ 2.921000)+sin(x1))*((4.509000+x9)-(3.613000+2.137000))))))",0.4579104710440425,0.25553925263638766
"GP-RV IA ERCs",500000,88.42259097099304,"1028_SWD",11,True,"3.0196487893871455 + (-0.04711859869974813 * (((((x7+x1)*(2.217000-4.850000))+(sin(x0)+(4.897000/ x6)))-((sin(x4)+(x3+x8))*((x4+x9)-(4.132000/ x2))))))",0.4098174299996963,0.42170209491093646
"GP-RV IA ERCs",500000,7.801194429397583,"1028_SWD",26,False,"((((x1+x2)+(2.751000+x7))+((x9+x8)+sin(x1)))/ 3.690000)",0.3978241790983248,0.1483259633051367
"GP-RV IA ERCs",100000,7.640443563461304,"1028_SWD",27,False,"(sin(((3.185000+x2)/ (2.320000+2.589000)))*(((x9-4.018000)/ (x8+x7))+4.826000))",0.34536534381204165,0.3341649381147078
"GP-RV IA ERCs",100000,9.448694229125977,"1028_SWD",27,True,"2.966955723035782 + (-0.1581643506041771 * (((((4.561000-x8)-(x9+x4))+sin((x1+x1)))-(((x3+4.119000)/ 4.538000)*((3.102000+x7)-(4.909000/ x2))))))",0.4143108893007601,0.40142974012673505
"GP-RV IA ERCs",100000,6.9958086013793945,"1028_SWD",28,False,"(4.576000-(((3.519000-2.725000)*(2.190000*3.761000))/ ((x4*x2)+(x2*2.945000))))",0.3066128165142733,0.311518974241322
"GP-RV IA ERCs",100000,9.934240341186523,"1028_SWD",28,True,"3.2395944692707497 + (0.18645267863289555 * (((((x8+x7)*(x2/ 4.580000))-(2.919000/ (x4*x2)))-(sin((x6*x5))+((2.035000-x1)-x9)))))",0.4125094071776443,0.36400835557486855
"GP-RV IA ERCs",500000,9.914599180221558,"1028_SWD",28,False,"(4.576000-(((3.519000-2.725000)*(2.190000*3.761000))/ ((x4*x2)+(x2*2.945000))))",0.3066128165142733,0.311518974241322
"GP-RV IA ERCs",500000,15.182562112808228,"1028_SWD",27,False,"(sin(((3.167000+x2)/ (2.320000+2.272000)))*(((x9-4.380000)/ (x8+x7))+4.826000))",0.35205172081146907,0.33004696548164547
"GP-RV IA ERCs",100000,8.783534288406372,"1028_SWD",29,True,"2.261625755763019 + (-0.05588581662063639 * (((((x5-x8)-(x6*x8))-((x9+2.187000)*(x1+x2)))-(((x4*x7)+(x7*x4))/ ((3.018000-x5)/ sin(x1))))))",0.41033297868683116,0.4209656415016457
"GP-RV IA ERCs",100000,11.388853073120117,"1028_SWD",29,False,"(2.810000+(x2/ (sin(x8)+(4.469000-x9))))",0.29757896641411297,0.3080172725551722
"GP-RV IA ERCs",100000,3.4557480812072754,"1089_USCrime",0,False,"((((202.138000+x2)-(x5-166.117000))-((x3/ x9)+x3))+(((x4+181.531000)+(172.963000-217.232000))/ ((x7/ x9)*(150.268000/ x0))))",0.8065926441551369,0.8205009187146962
"GP-RV IA ERCs",500000,109.39830660820007,"1028_SWD",9,True,"2.706967682458521 + (-0.26030151906726945 * (((((3.430000/ x2)-(2.536000+x4))+((x4-x8)/ (x5*x7)))-(((x7/ 4.083000)/ (4.768000-x9))*((x6*x9)-(x7-4.654000))))))",0.4038108980179611,0.44293962349367855
"GP-RV IA ERCs",500000,74.98059034347534,"1028_SWD",16,True,"1.7931466905369018 + (1.3474064797110221 * ((((sin(x6)/ (2.217000*3.427000))+((x2*x9)*sin(3.069000)))+(((x1+x6)+(x7+x8))/ ((2.012000*3.111000)+(3.321000/ x4))))))",0.41372484797744347,0.37832967651590665
"GP-RV IA ERCs",500000,98.4790849685669,"1028_SWD",12,True,"2.7708680600669653 + (0.1635728806520698 * (((((3.968000*3.519000)-(x1*2.532000))*((x9*x2)*sin(3.069000)))+(((x4+x6)+(x5+x8))-((4.776000/ x1)+(2.890000/ x7))))))",0.45261826345234146,0.3307347236252155
"GP-RV IA ERCs",100000,3.4758284091949463,"1089_USCrime",0,True,"357.2197377006168 + (3.00958681852863 * (((((x2+180.267000)/ (x0/ x1))/ (x9*(160.916000-187.672000)))-((x12*x3)/ ((268.234000+x6)+(x1+x0))))))",0.9134654496919016,0.7830593385400114
"GP-RV IA ERCs",100000,3.5626072883605957,"1089_USCrime",1,True,"346.14469444294485 + (-0.3233638960445665 * ((x4+((x12+(259.457000/ x9))+((x3-133.442000)-(x0+x11))))))",0.9342801433391822,0.7562823795252879
"GP-RV IA ERCs",100000,2.9594297409057617,"1089_USCrime",2,False,"((((209.628000+181.583000)*(x1+x11))/ ((272.217000+x5)+(220.373000/ x9)))+(sin((132.531000+153.454000))*((214.914000+x5)-(273.709000+x9))))",0.7734799058110968,0.45791367649164105
"GP-RV IA ERCs",500000,13.643288850784302,"1028_SWD",29,False,"(2.810000+(x2/ (sin(x8)+(4.469000-x9))))",0.29757896641411297,0.3080172725551722
"GP-RV IA ERCs",500000,70.00874400138855,"1028_SWD",18,True,"2.351255242333721 + (1.5236067539891602 * ((((x2+(x8+x4))+((x7+x6)-(4.313000/ x2)))/ (((3.354000*2.526000)+(x2-x9))+sin((2.039000*x1))))))",0.43483632678302797,0.391501595170895
"GP-RV IA ERCs",100000,7.510090112686157,"1089_USCrime",1,False,"((x1+175.118000)-(x3-(sin(141.681000)*(x5-x11))))",0.6912538885223654,0.5921854156642494
"GP-RV IA ERCs",100000,3.947648525238037,"1089_USCrime",2,True,"336.1387160330644 + (-0.00011916367820246905 * (((((x12-x0)-sin(175.429000))*((160.921000*152.668000)+(x0-194.629000)))*(sin((x3/ x7))+((189.765000/ x4)/ (x0*x8))))))",0.9505258544054329,0.44051536903069544
"GP-RV IA ERCs",500000,9.469125747680664,"1089_USCrime",0,False,"((((203.830000+x2)-(x5-166.117000))-((x10/ x9)+x3))+(((x0+x1)+(172.963000-229.882000))/ ((x7/ x9)*(130.625000/ x0))))",0.8159970423683893,0.805220118394963
"GP-RV IA ERCs",500000,8.190877676010132,"1089_USCrime",1,False,"((x1+175.118000)-(x3-(sin(141.681000)*(x5-x11))))",0.6912538885223654,0.5921854156642494
"GP-RV IA ERCs",100000,2.9775571823120117,"1089_USCrime",3,False,"(262.611000*sin(((259.720000+x1)/ (x12-x11))))",0.8177392556990909,0.6769485110569987
"GP-RV IA ERCs",100000,4.105084180831909,"1089_USCrime",3,True,"277.8381872914599 + (0.00040176044789299567 * (((((193.828000+x12)/ (x4-x11))*((x7-x9)*sin(x12)))-(((x12+x1)-(x0+x9))*((138.692000-249.227000)+x12)))))",0.9145692504499231,0.7243679759575494
"GP-RV IA ERCs",100000,2.8240303993225098,"1089_USCrime",4,False,"(236.071000+(sin(156.681000)*((x12-x2)-(262.349000+158.628000))))",0.8131827091265553,0.5901746020932512
"GP-RV IA ERCs",100000,3.6499102115631104,"1089_USCrime",4,True,"490.432836708013 + (-0.33285621730060144 * (((((x3-x2)+(x12+x1))+((x12/ x9)-sin(x6)))-((x0-(x4+x3))+((x10-x3)*sin(x4))))))",0.9337459001344591,0.6989503590567261
"GP-RV IA ERCs",100000,2.9013612270355225,"1089_USCrime",5,False,"(214.637000*(((236.395000+x1)+(197.468000+x11))/ ((x4-x0)+(x12+166.812000))))",0.7847179597726477,0.9145947426399521
"GP-RV IA ERCs",500000,12.249366760253906,"1089_USCrime",2,False,"((((209.628000+185.080000)*(x1+254.368000))/ ((x12+249.576000)+(216.891000/ x8)))+(sin((214.850000-x4))-((197.667000+x5)/ (x8+x9))))",0.885656653723755,0.5603187441591873
"GP-RV IA ERCs",100000,3.7765042781829834,"1089_USCrime",5,True,"313.50711723814874 + (-30.44148289581445 * ((sin(((164.594000/ x8)/ (x0-x11)))+(((x12/ 167.239000)/ (x6+x9))*((x12-187.752000)+(x1+269.571000))))))",0.9203612644569762,0.8437250253722361
"GP-RV IA ERCs",500000,12.000524997711182,"1089_USCrime",3,True,"306.52900753958806 + (-0.00044489612665750785 * (((((239.236000*x7)/ (x4-x11))-((x1-x9)*(x12*x2)))+(((x12+x1)-(x0+x9))*((x1-179.852000)+x12)))))",0.9286618158531785,0.7841753559356694
"GP-RV IA ERCs",500000,21.498366594314575,"1089_USCrime",0,True,"361.27596516035436 + (-10.266258435476185 * (((((x9-174.702000)/ x0)/ ((x12/ x4)+(130.239000-x1)))+(((x3/ 255.746000)*(x12*127.611000))/ ((x0+x6)+(x7+x0))))))",0.9400979328348649,0.719602982444431
"GP-RV IA ERCs",500000,103.82661294937134,"1028_SWD",15,True,"-46.97131930068633 + (1.452533475322386 * (((((2.267000*2.649000)*(2.217000*2.532000))+((x2*x9)*sin(3.069000)))+(((x4+x7)+(x1+x8))/ ((2.486000*3.138000)+(3.112000/ x6))))))",0.4361538137727863,0.2902582231404972
"GP-RV IA ERCs",500000,14.712056398391724,"1089_USCrime",3,False,"(262.611000*sin(((259.720000+x1)/ (x12-x11))))",0.8177392556990909,0.6769485110569987
"GP-RV IA ERCs",500000,11.635664463043213,"1089_USCrime",4,False,"((236.427000-sin((x4+230.906000)))+(sin((264.544000+185.109000))*((x12-x2)-(262.349000+158.628000))))",0.8207239896417653,0.566602986271918
"GP-RV IA ERCs",100000,3.4807302951812744,"1089_USCrime",6,True,"287.390162373175 + (0.11919075655507523 * (((((x1*x8)/ (x4-x11))-((145.899000-x5)*sin(x3)))-(((x12+263.371000)/ (x6+x9))*((209.851000-187.752000)+(169.190000+x12))))))",0.9425048497867344,-0.0445346216485909
"GP-RV IA ERCs",100000,4.374914646148682,"1089_USCrime",6,False,"(264.571000-(x5/ ((x9+138.324000)/ 184.076000)))",0.742336951290925,0.6700133596965503
"GP-RV IA ERCs",100000,2.904461145401001,"1089_USCrime",7,False,"(247.583000-(((x12-x9)*(x5*x3))/ ((255.418000*x0)+(217.409000*233.962000))))",0.7974856017029458,0.784123465789963
"GP-RV IA ERCs",500000,70.18852496147156,"1028_SWD",22,True,"3.609380661352421 + (-0.15845692917899037 * (((((3.062000/ x7)+(4.832000/ x2))+((2.156000/ x1)+sin(x9)))-(((x8+4.428000)+(x5+x9))-((2.565000*3.898000)/ (x4+x6))))))",0.4165998802533084,0.44981342810493796
"GP-RV IA ERCs",500000,63.89563298225403,"1028_SWD",23,True,"3.4245174251937787 + (0.11129892277521952 * (((((x8+x5)-(4.168000/ x7))+((x4+x8)-(4.689000/ x2)))+(((x6-3.714000)+(x9*2.536000))-((x9/ x2)+(3.788000/ x1))))))",0.42606040110205035,0.41402881516324874
"GP-RV IA ERCs",100000,3.959638833999634,"1089_USCrime",7,True,"419.5949302705499 + (-6.312535421858437e-05 * (((((214.793000/ x7)*(227.216000*207.004000))*((x2+241.044000)/ (x9+224.825000)))*(((152.775000/ 241.076000)*(x12-213.641000))+((140.081000+x9)+(195.444000/ x8))))))",0.9413128227600029,0.7411431792648128
"GP-RV IA ERCs",500000,10.886889457702637,"1089_USCrime",5,False,"(214.637000*(((249.296000+129.925000)+(166.843000+x11))/ ((x4-x0)+(x12+142.135000))))",0.7898430957589935,0.8874138500385316
"GP-RV IA ERCs",100000,3.7128453254699707,"1089_USCrime",8,False,"(254.783000-(((x5/ 183.881000)*(219.319000*238.123000))/ (x9+(224.200000+x9))))",0.7319118598345733,0.6793624581876924
"GP-RV IA ERCs",500000,9.852911710739136,"1089_USCrime",6,False,"(264.571000-(x5/ ((x9+138.324000)/ 184.076000)))",0.742336951290925,0.6700133596965503
"GP-RV IA ERCs",100000,4.034444332122803,"1089_USCrime",8,True,"271.75096741269954 + (0.3316823845605797 * (((((173.686000-x12)*sin(249.978000))/ ((x7+x1)/ (x9-x3)))-(((209.880000/ x8)-(x0-x12))-((235.099000*211.771000)/ (x4+x1))))))",0.9059216230804469,0.8560704529690852
"GP-RV IA ERCs",500000,12.584956884384155,"1089_USCrime",5,True,"297.0785889953694 + (0.0007945962765459188 * (((((260.355000+x6)/ (x0-x11))*((x9-271.943000)+(136.426000-x12)))-(((x12*x1)/ (x6+x9))*((x12-x0)+(x12+x4))))))",0.937005264132383,-0.4741194597739036
"GP-RV IA ERCs",100000,3.0740232467651367,"1089_USCrime",9,False,"((((x9-x3)+(235.101000*182.797000))/ ((273.841000+x3)*sin(145.688000)))/ sin(((x5+x4)/ (x0+130.431000))))",0.8080219236097512,0.35676224761935316
"GP-RV IA ERCs",500000,13.122464418411255,"1089_USCrime",6,True,"281.65568417067925 + (0.07722382790267297 * (((((x1*x8)/ (x5-x11))-((181.517000-x5)*sin(x3)))-(((x12+270.529000)/ (x6+x9))*((x12-x0)+(x11+x12))))))",0.952388663121931,0.38239873048939255
"GP-RV IA ERCs",100000,4.030977010726929,"1089_USCrime",9,True,"324.0166046840189 + (-2.3554633822596013e-05 * (((((x3*145.644000)+(x12-x2))-(sin(x1)*(x12-x9)))*(((198.752000/ x9)-(x3-x12))-x0))))",0.9489353096033988,0.5412849345182623
"GP-RV IA ERCs",500000,9.048518896102905,"1089_USCrime",8,False,"(254.783000-(((x5/ 183.881000)*(219.319000*238.123000))/ (x9+(224.200000+x9))))",0.7319118598345733,0.6793624581876924
"GP-RV IA ERCs",500000,12.586811304092407,"1089_USCrime",7,False,"(247.583000-(((x12-x9)*(x5*x3))/ ((275.318000*x0)+(205.803000*226.993000))))",0.8034235906059908,0.7925575974291796
"GP-RV IA ERCs",500000,36.655843019485474,"1089_USCrime",1,True,"404.4300897107239 + (-0.3020479584764026 * (((((x7-x12)/ (x0-138.849000))-((x2-x12)-x3))+((sin(x9)+(247.231000/ x9))+((x5+x3)-(x0+x11))))))",0.9501968284648804,0.7169169383748677
"GP-RV IA ERCs",100000,4.615718841552734,"1089_USCrime",10,False,"((((246.046000+x2)-(158.787000/ x9))-((x3-139.546000)+(x5-x4)))-x5)",0.7721973739341159,0.4796367760299076
"GP-RV IA ERCs",100000,4.039172410964966,"1089_USCrime",10,True,"371.4545996127079 + (-0.0013078512533730414 * (((x12-((x0-244.689000)+(172.855000-x5)))*(((170.209000/ x9)-(x0/ x9))+(274.819000+(x3-157.958000))))))",0.9419015015560873,0.7684758823831861
"GP-RV IA ERCs",500000,8.179314136505127,"1089_USCrime",9,False,"((((x9+x9)+(235.101000*182.797000))/ ((251.850000+x3)*sin(183.565000)))/ sin(((x5+x4)/ (x0+130.431000))))",0.8163599523973255,0.3242584124551099
"GP-RV IA ERCs",500000,70.83880758285522,"1028_SWD",24,True,"1.3072416324496225 + (0.16866461572316052 * ((((x2+(x8+x4))+((x2+x7)+sin(x2)))+(((x6+x3)/ (x9+x3))/ ((2.176000/ 2.616000)-(x9/ 4.517000))))))",0.4440668802323142,0.32034892642357693
"GP-RV IA ERCs",100000,3.226471185684204,"1089_USCrime",11,False,"(256.055000/ (((x0-x12)-(261.060000-154.274000))/ (sin(160.906000)-(146.845000+254.211000))))",0.8026896414495965,0.7494915260024055
"GP-RV IA ERCs",100000,4.107195615768433,"1089_USCrime",11,True,"322.4666023784135 + (-3.6714768870527414e-05 * (((sin((252.531000+x2))/ ((176.591000/ x9)-(273.625000+x6)))*(((x3+261.068000)*(x3*184.116000))*(sin(x1)+(x0-x12))))))",0.9324864232546717,0.6578853656298169
"GP-RV IA ERCs",100000,3.2351763248443604,"1089_USCrime",12,False,"((((x0+x10)/ (x6/ 246.828000))*sin((x9/ 212.852000)))+(((258.107000/ x5)-sin(x8))+((238.765000-x5)+sin(x10))))",0.8227505034532102,0.529733848804636
"GP-RV IA ERCs",100000,3.8720521926879883,"1089_USCrime",12,True,"275.6668985333199 + (-0.1108788580746085 * (((((165.722000+206.267000)/ (x4-x11))*((x1/ x9)+sin(x4)))+(((x12+x1)/ (270.509000+x9))*(x12+(x11-220.597000))))))",0.9022494203119591,0.011615280065799594
"GP-RV IA ERCs",500000,65.79508209228516,"1028_SWD",26,True,"0.6062468199506216 + (0.16178876154796235 * (((((x8+x1)+(x2+x5))+((3.876000+x7)+(x4+x6)))+(((x2/ 3.026000)+sin(x1))*((4.509000+x9)-(2.733000*2.009000))))))",0.458269200360662,0.25677408021353876
"GP-RV IA ERCs",500000,9.360422849655151,"1089_USCrime",10,False,"((((246.046000+x2)-(158.787000/ x9))-((x3-139.546000)+(x5-x4)))-x5)",0.7721973739341159,0.4796367760299076
"GP-RV IA ERCs",100000,2.983872175216675,"1089_USCrime",13,False,"((201.108000+(sin(266.689000)/ sin(x11)))+(((x2+x2)/ (x4/ x7))-((x3+237.550000)-(193.031000+x1))))",0.7772436601336132,0.5872229170534742
"GP-RV IA ERCs",500000,7.624799728393555,"1089_USCrime",11,False,"(256.055000/ (((x0-x12)-x3)/ ((x9/ x8)-(146.845000+254.662000))))",0.8262420284665779,0.7703569876678258
"GP-RV IA ERCs",100000,4.545797348022461,"1089_USCrime",13,True,"377.8556050960882 + (0.29362884079578006 * (((((x0-x3)+(140.837000/ 214.110000))+sin((x8*259.378000)))+(((x11-x4)-(x3+x12))+((181.113000-x10)-(274.474000/ x9))))))",0.9394480677312681,0.7996198251089557
"GP-RV IA ERCs",500000,16.736114501953125,"1089_USCrime",9,True,"372.37885899254843 + (-0.0015437606597104702 * (((((x4*x1)-(x2*x7))+((x1*x7)/ (x9-232.113000)))-(((x1/ x9)+(x3+126.584000))*(sin(x6)+(x0-x12))))))",0.9600514060181804,0.47065626227565605
"GP-RV IA ERCs",100000,3.164259195327759,"1089_USCrime",14,False,"((((x11+x0)+(136.770000+237.317000))/ x12)*196.393000)",0.7740291495744196,0.7779969091748599
"GP-RV IA ERCs",500000,9.44402027130127,"1089_USCrime",12,False,"((((x0+x10)/ (x6/ 238.027000))*sin((x9/ 212.120000)))+(((271.124000/ x5)-sin(x4))+((239.152000-x5)+sin(x10))))",0.8250464103053131,0.528538222607041
"GP-RV IA ERCs",100000,3.9795823097229004,"1089_USCrime",14,True,"270.04598140723687 + (0.0007777880869750651 * (((((266.746000+x7)/ (x0-x11))*((x8-249.576000)+sin(243.225000)))-(((x12+x1)-(168.017000+x9))*((209.851000/ x6)*(x12+x5))))))",0.9165365904470375,0.21283661436660983
"GP-RV IA ERCs",100000,2.6472387313842773,"1089_USCrime",15,False,"(x1+(((x11*153.070000)*(195.387000-133.658000))/ ((x10*x5)*(x5/ x0))))",0.7678737295529269,0.6353203596176138
"GP-RV IA ERCs",500000,15.573111295700073,"1089_USCrime",10,True,"377.8273004690986 + (0.0013813675170411543 * (((x12-((x0-244.689000)+(138.009000-x5)))*(((x8/ x9)-(x3/ x9))-((199.899000-257.393000)+(x3+157.958000))))))",0.9434297571131678,0.7766740294491719
"GP-RV IA ERCs",500000,8.89984130859375,"1089_USCrime",13,False,"((201.108000+(sin(151.208000)/ sin(x11)))+(((x2+x2)/ (x4/ x7))-((x3+237.550000)-(193.031000+x1))))",0.7778109967042215,0.5847378469107305
"GP-RV IA ERCs",100000,3.8874545097351074,"1089_USCrime",15,True,"395.1750174774499 + (-225.36442244809768 * ((((x6/ (x3-x1))-((x0-x12)-(232.420000+x5)))/ ((246.283000/ (x3/ 248.801000))+((x2+244.546000)-(251.052000/ x9))))))",0.9308790862944146,0.8263239228604663
"GP-RV IA ERCs",100000,2.6172614097595215,"1089_USCrime",16,False,"((((183.208000+171.027000)-(x5-x11))/ ((134.138000/ 165.152000)+(x3/ x1)))-sin((sin(224.183000)*x6)))",0.7324313833535072,0.556377900421309
"GP-RV IA ERCs",100000,3.3334803581237793,"1089_USCrime",16,True,"304.16432249853966 + (-1.8244406519973344e-05 * (((((207.410000*259.666000)*(x1/ x9))-((x1-x9)*(x7+x6)))-(((x6+x8)-(x3*146.143000))*((x5-x0)-(x1-x12))))))",0.9295893076193282,0.7684281324327119
"GP-RV IA ERCs",100000,2.971468925476074,"1089_USCrime",17,False,"((((245.517000+180.088000)*(x10+244.113000))/ ((x12+174.363000)+sin(x3)))+(sin(x0)+((x9/ x10)+(158.660000-174.104000))))",0.7204139523482664,0.3279727807785229
"GP-RV IA ERCs",500000,11.552576065063477,"1089_USCrime",14,False,"((((x11+x0)+(139.210000+237.317000))/ x12)*(sin((x4+203.051000))+196.050000))",0.7811868924521091,0.7927969447299461
"GP-RV IA ERCs",500000,88.6574158668518,"1028_SWD",25,False,"(((sin(x5)/ (4.672000/ x4))/ (sin(x8)-sin(3.996000)))+(2.314000+((x9+x2)/ 3.761000)))",0.38342739139160154,0.2716607714581505
"GP-RV IA ERCs",500000,12.802725076675415,"1089_USCrime",15,False,"(x1+(((x11*153.070000)*(195.387000-133.658000))/ ((x10*x5)*(x5/ x0))))",0.7678737295529269,0.6353203596176138
"GP-RV IA ERCs",100000,3.9602584838867188,"1089_USCrime",17,True,"317.88137667587364 + (0.30388345192436744 * (((((222.010000/ 253.100000)*(x10*x2))-x12)+((x0-(x2-x3))-((268.234000/ x8)+x4)))))",0.9415191842693443,0.5559094949357084
"GP-RV IA ERCs",500000,10.850217580795288,"1089_USCrime",16,False,"((((183.208000+205.364000)-(x5-x11))/ ((134.138000/ x1)+(x3/ x1)))-sin(((x6/ 258.812000)*x6)))",0.7584903453600775,0.42858770970757587
"GP-RV IA ERCs",100000,3.845123529434204,"1089_USCrime",18,False,"(((sin(x10)+x9)*((x3+x0)/ (x9+x12)))+(((x0/ 164.038000)/ sin(222.996000))-((x4-236.646000)-sin(194.076000))))",0.7935248008755512,0.6261475728666626
"GP-RV IA ERCs",100000,3.9725265502929688,"1089_USCrime",18,True,"311.0221799439737 + (1.4929878702897854e-05 * (((((x12-x0)+(175.429000-241.017000))-sin(sin(204.389000)))*(((x7/ x9)*(x2*240.820000))+(x6-(x3*209.506000))))))",0.9232540377052352,0.737119589415296
"GP-RV IA ERCs",500000,43.6986939907074,"1089_USCrime",7,True,"414.91116072886484 + (-0.05324561710446917 * (((((169.120000/ x7)*(x2-136.946000))*((x2-131.788000)/ (x9+229.118000)))*(((158.202000/ 249.550000)*(x12-258.058000))+((140.081000+x9)+(248.169000/ x8))))))",0.9451494661233942,0.7320698893871215
"GP-RV IA ERCs",500000,121.52003574371338,"1028_SWD",20,True,"3.5240428443061655 + (0.16037884968476948 * (((((x9*x2)/ (4.480000/ 2.532000))-((3.341000-x8)+(3.069000/ x2)))+(((x4-x1)-(4.690000/ x1))+(sin(x2)+(x6+x7))))))",0.4430742859870428,0.3700054123187675
"GP-RV IA ERCs",500000,65.0920569896698,"1089_USCrime",2,True,"375.56701457304615 + (-0.004842737025744997 * (((((x12-x0)+(x12+127.258000))*((184.567000+228.259000)+(x2-x3)))*(sin((x3/ x7))+((268.234000/ x4)/ (x0*x8))))))",0.960867236388627,0.525071364345197
"GP-RV IA ERCs",500000,61.843233823776245,"1089_USCrime",4,True,"468.1296422419976 + (-0.29989402597923964 * (((((x3+x11)+(x12+x1))+((x12/ x9)-(x2*x11)))-((x0-(x4+x3))+((x10-x3)*sin(x4))))))",0.9383240651258054,0.7493847402712359
"GP-RV IA ERCs",500000,12.556412935256958,"1089_USCrime",17,False,"((((244.223000+x1)*(x2+244.113000))/ ((x12+174.363000)+sin(x3)))+(((x9/ x3)+(x0/ x4))+((x0/ x11)+(158.660000-x3))))",0.8143914401942798,0.7119315407642612
"GP-RV IA ERCs",500000,27.982116222381592,"1089_USCrime",13,True,"342.09822259815655 + (0.2629821132441836 * (((((x0-x3)/ (x0/ x5))-((x3-188.465000)+sin(x4)))+(((198.300000-x5)-(x3+x12))+((x2-x10)-(254.479000/ x9))))))",0.9475874843067851,0.778567381809608
"GP-RV IA ERCs",100000,5.772780656814575,"1089_USCrime",19,False,"(sin(sin((261.845000/ x12)))*(sin((x10*218.029000))-((215.213000/ x9)-(271.064000+144.527000))))",0.8115372368768429,0.6490862126355299
"GP-RV IA ERCs",100000,4.290527820587158,"1089_USCrime",19,True,"354.86982164935426 + (-0.8245889616253731 * (((((x11+x1)+(x4+x3))*((x12+213.413000)-(157.698000-x11)))/ (((x7+x0)-(x3-x9))+((x0+x8)+(x5-129.257000))))))",0.927656017075087,0.5193501090210941
"GP-RV IA ERCs",500000,9.687947511672974,"1089_USCrime",18,False,"(((sin(x6)+x9)*((x3+x0)/ (x9+x12)))+(((x0/ 167.123000)/ sin(222.996000))-((x5-233.545000)-sin(x0))))",0.8179375014311879,0.6736115084147896
"GP-RV IA ERCs",500000,5.966538906097412,"1089_USCrime",19,False,"(sin(sin((261.845000/ x12)))*(sin((x10*218.029000))-((215.213000/ x9)-(271.064000+144.527000))))",0.8115372368768429,0.6490862126355299
"GP-RV IA ERCs",100000,3.733307123184204,"1089_USCrime",20,True,"384.6240561041712 + (0.28009850627586996 * (((x10*x2)-(((x12+x11)-(x0-x1))+((265.273000/ x8)+(x2+x5))))))",0.9130225179951619,0.8443720154201428
"GP-RV IA ERCs",100000,3.7242047786712646,"1089_USCrime",21,True,"431.36818511716945 + (-0.35284430288221347 * (((((x6*x4)/ (x12-x10))+((x12-x10)+(x3+x3)))-(x0-((x4+202.990000)/ x9)))))",0.9372555959846007,0.11932748634461254
"GP-RV IA ERCs",100000,6.857055902481079,"1089_USCrime",20,False,"((((x12/ 253.973000)-(x4-263.752000))+sin((x0+145.055000)))+((x10/ (221.752000*x10))-(x9/ (224.200000-231.624000))))",0.7383039971308121,0.2659034782103875
"GP-RV IA ERCs",100000,3.786254405975342,"1089_USCrime",22,False,"(273.625000-((sin(245.360000)*(x12-270.845000))+((256.110000/ x9)-(x6/ x5))))",0.8833696713236464,0.35990464081847306
"GP-RV IA ERCs",500000,97.1760368347168,"1028_SWD",28,True,"3.421751034952022 + (0.2118151365078009 * (((((x8+x7)*(x2/ 4.649000))-((4.345000-x4)/ (x6*x8)))-(sin((x6*x5))+((2.290000/ x1)-x9)))))",0.42666185054534034,0.35406708236354134
"GP-RV IA ERCs",500000,10.524716138839722,"1089_USCrime",20,False,"((((x0/ 253.973000)-(x4-263.752000))+sin((x0+145.055000)))+((x10/ (211.564000-x0))-(x9/ (224.200000-231.624000))))",0.7527867580547373,0.30301459150717935
"GP-RV IA ERCs",100000,10.232326745986938,"1089_USCrime",21,False,"((132.287000+x1)-(((x8+x12)+x4)*sin(257.732000)))",0.622925134870963,0.2624170834763362
"GP-RV IA ERCs",100000,4.154043436050415,"1089_USCrime",22,True,"278.24912876390897 + (-0.11829125974429565 * (((sin((x9/ x1))+((x12+126.717000)/ (x9+x3)))*(((127.786000/ 254.659000)*(x12-205.158000))+((x3-x10)*sin(x4))))))",0.9394097790653541,0.626150176314002
"GP-RV IA ERCs",500000,55.72308802604675,"1089_USCrime",8,True,"249.20405384677835 + (-0.33096173897834924 * (((((x9-x12)-(x7/ x9))/ ((x7+x9)/ (x9-x1)))+(((197.948000/ x8)-(x0-x12))-((255.789000*275.571000)/ (x4+x1))))))",0.9187662970535104,0.8232515408823555
"GP-RV IA ERCs",500000,8.410085916519165,"1089_USCrime",21,False,"((132.287000+x1)-(((x8+x12)+x4)*sin(257.732000)))",0.622925134870963,0.2624170834763362
"GP-RV IA ERCs",500000,45.88788080215454,"1089_USCrime",11,True,"312.16714433420003 + (-7.597830820084452e-06 * (((sin((252.531000+x2))/ ((273.991000/ x9)-(226.221000+x6)))*(((x7+x12)*(x3*184.116000))*(sin(x1)+(x0-x12))))))",0.9399524716270272,0.6953613487095336
"GP-RV IA ERCs",500000,12.222542524337769,"1089_USCrime",20,True,"276.61146616364897 + (-1.297620022578769e-06 * (((((x7+x12)/ (x4-x11))-((x0-x12)+(x7/ x11)))*(((x12+250.162000)-(x0+x9))*((x1/ x8)+(x1+x4))))))",0.9305508022285944,0.7695517496749842
"GP-RV IA ERCs",100000,3.5807101726531982,"1089_USCrime",23,False,"(((sin(154.623000)*(x0+x9))*(sin(232.110000)+(x2/ x8)))+(((x2/ x9)*(x7+x6))+((240.999000-x5)*sin(265.085000))))",0.8256799215093426,0.8357942434926506
"GP-RV IA ERCs",100000,3.6008474826812744,"1089_USCrime",24,False,"((((213.703000/ x12)*(210.251000+252.491000))+sin(sin(x10)))+(((253.029000/ x5)-(188.057000/ x9))+((227.488000/ x5)-(179.628000/ x12))))",0.8526706511551506,0.1675809516818625
"GP-RV IA ERCs",100000,4.294083833694458,"1089_USCrime",23,True,"217.92848270111423 + (-68.29288086956974 * (sin((((166.694000+235.597000)-(x12/ 149.323000))-((x1/ x9)/ (x8+x8))))))",0.9029148058347042,0.469490913688863
"GP-RV IA ERCs",100000,4.172900199890137,"1089_USCrime",24,True,"291.3726480062481 + (1.7421008717683545e-05 * (((((x12-x0)/ (170.486000-x2))*((x1*x3)*(136.047000/ x6)))*((150.818000*sin(x2))+(sin(x10)-(x3+x12))))))",0.9026094887078958,0.8199246209572877
"GP-RV IA ERCs",100000,3.682983160018921,"1089_USCrime",25,True,"205.68989752105855 + (0.25165915888194124 * (((((x10*x2)+(x0+x6))-((185.696000+x3)*(x12/ 211.968000)))+(((136.504000-x4)+(x1-154.613000))/ (sin(x4)*(175.718000-x1))))))",0.9109026338950861,0.8517992166252177
"GP-RV IA ERCs",100000,8.525903701782227,"1089_USCrime",25,False,"(164.307000/ (((264.349000+232.662000)/ (x7-x12))*sin(sin(214.785000))))",0.6486296130442608,0.7325263957034609
"GP-RV IA ERCs",500000,14.454153776168823,"1089_USCrime",22,False,"(273.625000-((sin(245.360000)*(x12-270.845000))+((256.110000/ x9)-(x6/ x5))))",0.8833696713236464,0.35990464081847306
"GP-RV IA ERCs",500000,113.15102815628052,"1028_SWD",27,True,"3.10015284047096 + (-0.15517693969154284 * (((((4.345000-x8)-(x6+x4))+sin((x1+x1)))-(((x3+4.119000)/ (2.436000+2.166000))*((x9+x7)-(4.204000/ x2))))))",0.4281209970161446,0.43326060842076763
"GP-RV IA ERCs",500000,44.74564480781555,"1089_USCrime",15,True,"335.26865630154515 + (0.3681556259040107 * (((((x9-x6)/ (x3-x1))+((x0-x12)-x5))/ (((140.877000+x2)/ (x3/ 245.316000))/ ((245.948000-x2)+(x1/ x9))))))",0.935613100412074,0.8244470659475768
"GP-RV IA ERCs",500000,13.089030027389526,"1089_USCrime",23,True,"212.8274797923121 + (65.62578527460002 * (sin((((226.601000-235.597000)-(x12/ 142.410000))-((x1/ x9)/ (x8+x8))))))",0.907404135794005,0.567688346659672
"GP-RV IA ERCs",500000,13.314173698425293,"1089_USCrime",23,False,"(((sin(154.623000)*(x0+x9))*(sin(232.110000)+(x2/ x8)))+(((x2/ x9)*(x7+x7))+((240.862000-x5)*sin(265.085000))))",0.8383081774306914,0.8333337634820451
"GP-RV IA ERCs",500000,14.21582579612732,"1089_USCrime",22,True,"295.2092777672394 + (-0.10105601869440936 * (((((x9/ x1)*(x3/ x10))+((203.420000+x12)/ (x9+x3)))*(((130.696000/ 241.076000)*(x12-160.188000))+((x3-x10)*sin(x4))))))",0.9452089924279811,0.6088743312167202
"GP-RV IA ERCs",500000,103.0830602645874,"1028_SWD",29,True,"2.1383184107446103 + (0.05011739919721207 * (((((x6*x8)+(x6+x8))+((x9+2.605000)*(x1+x2)))+(((x4*x7)+(x7*x4))/ ((2.906000-x5)/ sin(x1))))))",0.41222494407769283,0.41786853495346743
"GP-RV IA ERCs",500000,12.001725435256958,"1089_USCrime",24,False,"((((215.527000/ x12)*(214.395000+252.491000))-(sin(x12)/ sin(x10)))+((sin(x10)-(183.796000/ x9))+((258.589000/ x5)-sin(x4))))",0.8751802496788107,0.20298703008926888
"GP-RV IA ERCs",500000,123.98629975318909,"1028_SWD",25,True,"3.542880166226673 + (0.15618108213252482 * (((((2.862000*x9)-(3.021000/ x2))*((x6*x9)*sin(3.069000)))+(((x4+x7)+(x8-2.278000))-((2.178000/ x1)+(4.956000/ x2))))))",0.4441802409882948,0.3391435266166578
"GP-RV IA ERCs",500000,12.297643184661865,"1089_USCrime",24,True,"315.51315895983066 + (1.2008843831527847e-08 * (((((x12-x0)-sin(x10))*((x1*x7)*(136.047000/ x6)))*(((150.098000+x11)*sin(x2))+((x10-208.495000)-(x3+x12))))))",0.9160403454204268,0.7569356031425579
"GP-RV IA ERCs",100000,3.2201201915740967,"1089_USCrime",26,False,"((270.675000+(sin(x1)*(x7/ x5)))-(sin((x0+254.659000))+((x9-x12)*sin(163.182000))))",0.8008923537176074,0.6269314587435995
"GP-RV IA ERCs",500000,32.5219292640686,"1089_USCrime",18,True,"284.8519492167751 + (0.005727272982947702 * (((((x12-x0)+(x3-215.943000))*((x1+246.383000)/ (179.459000*x6)))*(((x7/ x5)*(x2*240.820000))+((x8-x12)-(x3*126.962000))))))",0.9455261154392662,0.7968795522683493
"GP-RV IA ERCs",100000,4.109394788742065,"1089_USCrime",26,True,"254.38197663823073 + (-0.16711258218724626 * (((((185.799000/ x5)*sin(175.429000))+((x12+x12)/ (x9+188.660000)))*(((145.214000/ x6)*(x12-x0))-((183.841000-162.356000)*sin(x1))))))",0.925186547004801,0.5805325723926478
"GP-RV IA ERCs",100000,3.4632177352905273,"1089_USCrime",27,False,"((((x8-x12)+(x1-143.851000))*((x12+130.532000)/ (x5*179.335000)))+(((171.772000*x9)/ (x9+x6))-((x5-232.481000)-(188.630000-143.045000))))",0.7466376870567621,0.8057379079946052
"GP-RV IA ERCs",100000,2.9998881816864014,"1089_USCrime",28,False,"(((sin(162.831000)/ (x8/ 208.338000))+237.984000)-(((x12/ 127.816000)*(230.540000-186.326000))-146.441000))",0.83605620656319,0.7086415812941311
"GP-RV IA ERCs",500000,52.160892963409424,"1089_USCrime",14,True,"265.040846672765 + (-3.659906500892547e-06 * (((((x0+x7)/ (x0-x11))-((x2-179.635000)-(x1/ x8)))*(((x12+x1)-(131.836000+x9))*((195.459000/ x6)*(x5+x12))))))",0.936955548502354,-0.08067815448028304
"GP-RV IA ERCs",100000,4.135951280593872,"1089_USCrime",27,True,"370.52794451103216 + (-0.4780387954743717 * (((((x11+x8)/ x9)*(sin(x2)*(x3-x1)))+((143.458000*(x12/ 206.629000))+((x12-263.589000)/ x9)))))",0.8951316109876707,0.8609117381033227
"GP-RV IA ERCs",100000,3.6324055194854736,"1089_USCrime",28,True,"347.0075809063523 + (-0.0005293340021923326 * (((((254.986000+x11)-sin(x1))+((x12-x8)*(x1/ x6)))*(((x4-x0)-(x10*x2))+((x3+x3)+x12)))))",0.911481399169705,0.8837775554793658
"GP-RV IA ERCs",100000,3.0835585594177246,"1089_USCrime",29,False,"((((x0+x4)-133.203000)+((185.211000*235.519000)+(193.726000*234.268000)))/ (139.420000*(x12/ 152.884000)))",0.7477368830135529,0.5403417200711587
"GP-RV IA ERCs",500000,14.342926979064941,"1089_USCrime",25,False,"(164.307000/ (((264.349000+232.662000)/ (x7-x12))*sin(sin(214.785000))))",0.6486296130442608,0.7325263957034609
"GP-RV IA ERCs",500000,12.44359827041626,"1089_USCrime",25,True,"200.37945841680622 + (0.2556074824200293 * (((((x10*x2)+(x0+x6))-((137.596000+x3)*(x12/ 182.769000)))+(((136.504000-x4)+(x1-161.233000))/ (sin(x4)*(176.031000-x1))))))",0.9142877389760221,0.8555829957641888
"GP-RV IA ERCs",100000,4.254461050033569,"1089_USCrime",29,True,"274.5854785093772 + (-3.463809434795461e-06 * (((((x7/ x8)/ (x4-x11))-((153.872000-227.436000)-(x4/ x9)))*(((x12+242.325000)-(x0+x9))*((x3-226.601000)+(x12+x5))))))",0.8927348907871494,0.9249462983653055
"GP-RV IA ERCs",500000,11.185089349746704,"1089_USCrime",26,False,"((270.675000+(sin(x1)*(x7/ x5)))-(sin((x6+x1))+((x9-x12)*sin(163.182000))))",0.8018129448825304,0.6251569976753091
"GP-RV IA ERCs",500000,10.534833908081055,"1089_USCrime",27,False,"((((x8-x12)+(212.123000-x9))*((x12+260.511000)/ (x0*131.143000)))+(((180.407000*x9)/ (x9+x6))-((x5-232.481000)-(188.630000-143.045000))))",0.7967956673325924,0.8830080665122155
"GP-RV IA ERCs",500000,7.507359981536865,"1089_USCrime",29,False,"((((x0-x3)*x1)+((185.211000*235.519000)+(202.883000*234.268000)))/ (139.420000*(x12/ 152.884000)))",0.8053133241175724,0.7297265018569834
"GP-RV IA ERCs",500000,11.55953574180603,"1089_USCrime",26,True,"262.26063966195926 + (-0.3575297790807039 * (((((x11/ x5)/ sin(143.376000))+((x10+x12)/ (x9+229.635000)))*(((145.214000/ x6)*(x12-x0))-((183.888000-161.892000)*sin(x1))))))",0.9369575361948907,0.6261625103516946
"GP-RV IA ERCs",500000,67.76356029510498,"1089_USCrime",12,True,"311.31653504525116 + (-0.08072647104161335 * (((((272.132000+x7)/ (x4-x11))*((x5/ x9)+sin(x4)))+(((x12+x1)/ (241.092000+x9))*(x12+(x11+x9))))))",0.907861045355315,0.23371860892191487
"GP-RV IA ERCs",500000,12.286322355270386,"1089_USCrime",27,True,"278.78078017314806 + (-0.08603708305954187 * (((((230.177000+x9)/ x9)*(sin(x2)*(x4-x1)))+(((x12-x0)*(x12/ 235.763000))+((x12+x12)/ x9)))))",0.9136337334060594,0.8892114950566883
"GP-RV IA ERCs",500000,10.796147346496582,"1089_USCrime",28,False,"(((sin(231.551000)/ (x9/ x3))+237.984000)-(((x12/ 127.816000)*(231.172000-185.626000))-146.441000))",0.8451252725578975,0.8363667525873403
"GP-RV IA ERCs",500000,9.94671893119812,"1089_USCrime",29,True,"270.2680423498781 + (-6.073976820198582e-06 * (((((x10+x4)/ (x4-x11))-((166.611000-212.296000)-(x5/ x9)))*(((x12+263.755000)-(x0+x9))*((x11-261.962000)+(x12+x5))))))",0.9086686899128817,0.8790617061259969
"GP-RV IA ERCs",500000,11.915117502212524,"1089_USCrime",28,True,"290.37950311221636 + (-0.0008764676061229694 * (((((x11+x3)-sin(x10))+((x12-x8)*(x1/ x6)))*(((x4-x0)-(x10*x2))+((274.883000/ x8)+(x12-x10))))))",0.9271516002280359,0.8646970709919062
"GP-RV IA ERCs",500000,44.33039569854736,"1089_USCrime",19,True,"354.86982164935426 + (-0.8245889616253731 * (((((x11+x1)+(x4+x3))*((x12+213.413000)-(157.698000-x11)))/ (((x7+x0)-(x3-x9))+((x0+x8)+(x5-129.257000))))))",0.927656017075087,0.5193501090210941
"GP-RV IA ERCs",500000,61.125866651535034,"1089_USCrime",16,True,"308.9158624367879 + (-2.2241906132207855e-05 * (((((x10*x12)*(x1/ x9))-((x8-x9)*(x7+x6)))-(((x6+x6)-(x3*127.035000))*((x5-x0)-(x1-x12))))))",0.9339440874426796,0.7322984473602749
"GP-RV IA ERCs",500000,54.66348433494568,"1089_USCrime",17,True,"74.94680457407264 + (0.22861212980879694 * (((((222.010000/ 179.230000)*(x10*x2))-((x7/ x0)+(x12-150.986000)))+((x0-(x2-x7))-((x12/ x8)+(x5+x4))))))",0.9635418546571843,0.48625121641596825
"GP-RV IA ERCs",100000,21.888779401779175,"1193_BNG_lowbwt",1,False,"((3767.617000+((2675.402000-3211.447000)-(x0*1177.926000)))+(sin((x7-x4))*((x8-3562.489000)/ (x3-x1))))",0.5562371544241433,0.5553130418695721
"GP-RV IA ERCs",500000,49.82601976394653,"1089_USCrime",21,True,"429.21420606372345 + (-0.3495643824612891 * (((((x6*x4)/ (x12-x10))+((x12-x10)+(x3+x3)))-(((x2+x0)-sin(x4))-((x12-252.183000)/ x9)))))",0.9392151070035397,0.10957764513780943
"GP-RV IA ERCs",100000,27.933310508728027,"1193_BNG_lowbwt",0,False,"((((x2*x7)-(3857.681000/ x2))+3216.410000)-(sin((x0*2243.938000))*((2961.751000/ 4218.532000)*(2039.260000+x2))))",0.5554055268929103,0.5350782051539424
"GP-RV IA ERCs",100000,30.403401374816895,"1193_BNG_lowbwt",0,True,"6800.311059264541 + (4844.19967535 * (sin((((582.268000-x0)*(3112.768000+x7))/ ((2449.698000-x3)+(x4+4128.473000))))))",0.575691775755911,0.5467254711928862
"GP-RV IA ERCs",100000,24.067752361297607,"1193_BNG_lowbwt",2,False,"((((x2+3634.796000)*(1524.787000-2297.569000))/ (x3-(891.305000-x7)))+(((x0*1709.802000)*(1645.619000-3735.204000))/ (3269.580000-(x5*x2))))",0.5376910306601262,0.5527713581228518
"GP-RV IA ERCs",100000,24.077728509902954,"1193_BNG_lowbwt",3,False,"((((x2*x7)+3301.181000)-(x4*(2514.661000-2348.130000)))+(((4138.659000/ 2701.231000)-(1168.494000/ x1))+(x0-(x0*1161.624000))))",0.5515476524417564,0.5729143272775323
"GP-RV IA ERCs",100000,31.466148376464844,"1193_BNG_lowbwt",2,True,"-473659.98310940136 + (1704.6618396148285 * (((((456.869000-x0)*(2048.293000+x7))/ (sin(x5)+(x4+3346.564000)))+sin(((x1+x2)*(x3/ 3014.406000))))))",0.5663350267489968,0.5902500859587494
"GP-RV IA ERCs",100000,35.93484354019165,"1193_BNG_lowbwt",1,True,"-482978.2210207658 + (1860.4867735279945 * (((((456.563000-x0)*(1990.071000+x7))/ (sin(x5)+(x4+3482.938000)))+((sin(1152.874000)-(x3/ x2))*(x3+(3824.640000/ 987.521000))))))",0.5716515182785927,0.5775670687767602
"GP-RV IA ERCs",500000,34.09689712524414,"1193_BNG_lowbwt",2,False,"((((x2+3636.719000)*(1524.787000-2297.569000))/ ((x7-x4)-(891.305000-x3)))+(((x0*1709.802000)*(1645.619000-3735.204000))/ (3214.362000-(x5*x2))))",0.5383026915699972,0.5534575283673231
"GP-RV IA ERCs",500000,40.32973837852478,"1193_BNG_lowbwt",0,True,"6800.311059264541 + (4844.19967535 * (sin((((582.268000-x0)*(3112.768000+x7))/ ((2449.698000-x3)+(x4+4128.473000))))))",0.575691775755911,0.5467254711928862
"GP-RV IA ERCs",100000,29.952175617218018,"1193_BNG_lowbwt",4,False,"((((x7-x4)/ (x1/ 3954.773000))+3168.659000)+(sin((x0*4599.057000))*((x5-x2)+(4678.469000*x0))))",0.5457131800845854,0.589037968031608
"GP-RV IA ERCs",100000,37.74430274963379,"1193_BNG_lowbwt",3,True,"10036.387034939287 + (-7982.288582653992 * (sin((((x4*540.308000)+(x7/ x1))+((x0+2702.443000)*(4665.661000*1622.910000))))))",0.5528973928516845,0.5752896034699205
"GP-RV IA ERCs",100000,31.694185972213745,"1193_BNG_lowbwt",4,True,"5714.6217164448335 + (3780.84822577683 * (sin((((456.869000-x0)*(2237.604000+x7))/ ((x3-1537.858000)-(x4+2936.193000))))))",0.5572741588796231,0.6061351074478598
"GP-RV IA ERCs",500000,47.81030893325806,"1193_BNG_lowbwt",0,False,"((((x2*x7)-(4826.487000/ x2))+3216.410000)-(sin(sin(x0))*((2961.751000/ 2913.821000)*(1371.511000+x2))))",0.5559734634194284,0.5352381812699076
"GP-RV IA ERCs",500000,45.79215717315674,"1193_BNG_lowbwt",1,False,"((3767.617000+((2675.402000-3215.406000)-(x0*1156.676000)))+(sin((x7-x4))*((x8+x8)+(x3*x2))))",0.5615236887876591,0.5659194060441883
"GP-RV IA ERCs",500000,45.25046920776367,"1193_BNG_lowbwt",3,False,"((((x2*x7)+3301.181000)-(x4*(2514.661000-2348.130000)))+((x3-(1626.756000/ x1))+((x1*x3)-(x0*1144.320000))))",0.5552406263735403,0.5738319648501263
"GP-RV IA ERCs",100000,29.612172603607178,"1193_BNG_lowbwt",5,False,"((((x2*x7)+(x3+3158.911000))+(sin(x0)*(2441.784000-3760.718000)))+(((x3*1712.655000)+sin(x3))/ ((x4*x2)+(x1+x6))))",0.560521368930333,0.5526591591649339
"GP-RV IA ERCs",100000,29.16429853439331,"1193_BNG_lowbwt",5,True,"5891.4105106464995 + (-4101.772113661221 * (sin((((456.563000-x0)*(1933.604000+x7))/ ((x3-x4)-(x4+4551.289000))))))",0.57365117736799,0.559861799097421
"GP-RV IA ERCs",100000,27.61402702331543,"1193_BNG_lowbwt",6,False,"((((x7*4560.044000)/ (2930.858000/ x2))+3091.511000)-(sin(sin(x0))*(1390.196000+(x2*x5))))",0.5514308605443787,0.5658054651636892
"GP-RV IA ERCs",100000,29.986340045928955,"1193_BNG_lowbwt",6,True,"-476016.27877962997 + (-3444.750619887066 * (((((456.563000-x0)*(2233.623000+x7))/ ((4698.122000-x3)*(x4+2818.926000)))*(((x3/ 1523.170000)-(3837.053000-2030.623000))+sin((3351.590000-x5))))))",0.5680985872809996,0.5812787374612427
"GP-RV IA ERCs",500000,45.44680833816528,"1193_BNG_lowbwt",4,True,"5714.6217164448335 + (3780.84822577683 * (sin((((456.869000-x0)*(2237.604000+x7))/ ((x3-1537.858000)-(x4+2936.193000))))))",0.5572741588796231,0.6061351074478598
"GP-RV IA ERCs",500000,54.12119150161743,"1193_BNG_lowbwt",4,False,"((((x7-x4)/ (x1/ 4051.396000))+3168.659000)+(sin((x0*4599.057000))*((x5*544.647000)+(4495.438000-x2))))",0.5492071690685696,0.5887644457842942
"GP-RV IA ERCs",100000,28.037015914916992,"1193_BNG_lowbwt",7,False,"(2915.318000-(((2850.617000-2238.975000)/ (3326.900000/ 1139.755000))/ (sin(x0)-(1630.194000/ 2839.580000))))",0.5392433215726575,0.5267783034033732
"GP-RV IA ERCs",100000,29.89227843284607,"1193_BNG_lowbwt",7,True,"-485217.62802128313 + (15953957421.059948 * (((((456.869000-x0)*(4828.359000/ 3656.129000))/ (sin(x5)+(x4+3273.094000)))/ ((2782.453000-(x3-2603.730000))-((x7+x7)-(637.247000-x7))))))",0.5735529883032618,0.560103667495139
"GP-RV IA ERCs",100000,26.944709539413452,"1193_BNG_lowbwt",8,False,"((((x7*x2)/ (4625.376000/ 3696.012000))+3216.410000)-(sin((x0*2243.938000))*1547.235000))",0.5502824723775622,0.539077489150502
"GP-RV IA ERCs",100000,30.224446773529053,"1193_BNG_lowbwt",8,True,"-606814.743729253 + (21880702.390395142 * (((((582.268000-x0)*(2841.071000+x7))/ (sin(x5)+(x4+4225.487000)))/ (((1828.677000+3341.381000)-(x3*x3))+((4309.838000+4561.604000)+(580.191000/ x2))))))",0.575934413702875,0.5740352091333536
"GP-RV IA ERCs",500000,74.04107236862183,"1193_BNG_lowbwt",1,True,"-483542.29906538175 + (2051.1981685496044 * (((((456.563000-x0)*(1955.571000+x7))/ (sin(x5)+(x4+3770.442000)))+((sin(1152.874000)-(x3/ x2))*(x3+(2686.131000/ 601.402000))))))",0.5717954679844102,0.5772916230410983
"GP-RV IA ERCs",500000,27.33076238632202,"1193_BNG_lowbwt",8,False,"((((x7*x2)/ (4625.376000/ 3696.012000))+3216.410000)-(sin((x0*2243.938000))*1547.235000))",0.5502824723775622,0.539077489150502
"GP-RV IA ERCs",500000,71.88352799415588,"1193_BNG_lowbwt",3,True,"986719.3681372773 + (-0.22296892350198855 * (((((x4*746.492000)+(1856.557000/ x1))+((x4+2702.443000)-(637.247000*x3)))-(((x2-x3)-(x5-x2))+((x7-4727.260000)*(x0+932.791000))))))",0.563429647239865,0.5786479818301689
"GP-RV IA ERCs",500000,37.118658781051636,"1193_BNG_lowbwt",7,False,"(2915.318000-(((2850.617000-2238.975000)/ (3326.900000/ 1139.755000))/ (sin(x0)-(1630.194000/ 2839.580000))))",0.5392433215726575,0.5267783034033732
"GP-RV IA ERCs",500000,54.20675873756409,"1193_BNG_lowbwt",5,True,"5848.463867958973 + (-4070.925161858948 * (sin((((456.563000-x0)*(x7+1965.890000))/ ((x3-x4)-(x4+4627.055000))))))",0.5739320558170824,0.5601197336367741
"GP-RV IA ERCs",500000,78.9207410812378,"1193_BNG_lowbwt",2,True,"-468489.4689440696 + (1557.0107384103676 * (((((456.869000-x0)*(2124.399000+x7))/ (sin(x5)+(x4+3204.223000)))+(((x1+x2)*(x3/ 3298.135000))-((896.585000-x1)/ (x2*x2))))))",0.5683985444281421,0.5924838650355664
"GP-RV IA ERCs",100000,30.165289402008057,"1193_BNG_lowbwt",9,False,"((((x7*4734.742000)/ (x2-x1))-((x1-2862.128000)-(2733.037000-777.239000)))/ (((3536.154000+x1)/ (x2+2290.806000))+((3406.616000/ 3658.300000)*sin(x0))))",0.5493335223491164,0.5209869191118441
"GP-RV IA ERCs",500000,58.19300198554993,"1193_BNG_lowbwt",5,False,"((((x2*x7)+(x2+2967.512000))+(sin(x0)*(2471.081000-3760.718000)))+(((x3*2333.360000)+(x1-498.163000))/ ((x4*719.684000)+(x1+x0))))",0.5684359687502536,0.5614416375140918
"GP-RV IA ERCs",500000,51.117937326431274,"1193_BNG_lowbwt",6,False,"((((x7*4600.779000)/ (2808.494000/ x2))+3091.511000)-(sin((x0*3715.626000))*(1390.196000+(x2*x5))))",0.5518195636452158,0.5664286336323614
"GP-RV IA ERCs",100000,20.77325940132141,"1193_BNG_lowbwt",10,False,"(2945.673000-(((x2*x4)-(x3+1847.622000))+((x0*1168.618000)+1451.876000)))",0.5539736117766499,0.5100941001653316
"GP-RV IA ERCs",100000,33.53850841522217,"1193_BNG_lowbwt",9,True,"-473908.6535269804 + (587.3750658023005 * (((((456.869000-x0)/ 1901.736000)/ ((x1/ x2)+(x4+2814.416000)))*((sin(1148.409000)-(1988.438000+x7))*((x0*x5)-(x3+4781.490000))))))",0.579608731182639,0.5484650950549217
"GP-RV IA ERCs",500000,46.38250112533569,"1193_BNG_lowbwt",8,True,"-606811.6818523353 + (176657084020865.72 * (((((582.268000-x0)/ (2841.071000-x7))/ (sin(x5)+(x4+4225.487000)))/ (((1828.677000+3341.381000)-(x3*x3))+((4309.838000+4565.092000)+(580.191000/ x2))))))",0.5759344967261624,0.5740374653812379
"GP-RV IA ERCs",500000,61.85034370422363,"1193_BNG_lowbwt",6,True,"-475807.6958023851 + (-3397.494496396216 * (((((456.563000-x0)*(2233.623000+x7))/ ((4709.076000-x3)*(x4+2774.701000)))*(((x1/ x2)-(3837.053000-2030.623000))+sin((3351.590000-x5))))))",0.5701166011315263,0.5811730506208901
"GP-RV IA ERCs",100000,33.326740741729736,"1193_BNG_lowbwt",10,True,"-494258.9081838277 + (494.94534397027576 * (((((498.617000-x0)*(3520.578000+x7))/ ((1712.107000/ 4079.415000)*(x4+3551.829000)))+(sin(sin(2176.963000))*((x3+x7)-(1084.935000-x0))))))",0.5784144172311224,0.5350827130094089
"GP-RV IA ERCs",100000,30.682113647460938,"1193_BNG_lowbwt",11,False,"((((2512.475000+3334.283000)/ 1654.957000)+((x8+3163.525000)+(x2*x7)))-(sin(sin(x0))*((3438.463000-4267.061000)+(2342.635000-x0))))",0.5422945778745114,0.5729023594510074
"GP-RV IA ERCs",100000,29.925880193710327,"1193_BNG_lowbwt",11,True,"-476867.42122611345 + (443998433731.52936 * (((((456.869000-x0)/ (2015.495000-x7))*((x3+4793.314000)/ (x4+2778.799000)))/ (((489.117000*739.897000)+(x1-x2))-((x8-x5)-(x5-x8))))))",0.5651919178653573,0.586704280705852
"GP-RV IA ERCs",500000,64.32565236091614,"1193_BNG_lowbwt",7,True,"-619243.5783602349 + (22937339762.36062 * (((((583.443000-x0)+(x2/ 814.330000))/ (sin(x5)+(x4+3273.094000)))/ (((737.412000+1953.745000)-(x3-3243.735000))-((x7+x5)-(637.247000-x7))))))",0.5773698186781115,0.5536956715282062
"GP-RV IA ERCs",100000,27.62961435317993,"1193_BNG_lowbwt",12,False,"((((x2*x7)/ sin(3853.819000))+3168.659000)-(sin((x0*2477.932000))*(sin(3048.467000)*(1767.374000+x1))))",0.5528689132082536,0.5430262711846815
"GP-RV IA ERCs",500000,45.845242738723755,"1193_BNG_lowbwt",9,False,"((((x7*4752.975000)/ (x2-x1))-((x1-2862.128000)-(2720.920000-808.046000)))/ (((3536.154000+x4)/ (x2+2290.806000))+(sin(2847.457000)*sin(x0))))",0.549543149184784,0.5216192966979538
"GP-RV IA ERCs",100000,30.365148782730103,"1193_BNG_lowbwt",12,True,"7092.540196212441 + (5171.2803922966405 * (sin((((456.869000-x0)*(1979.646000+x7))/ ((x4+4822.234000)+(x4-x3))))))",0.569673997358241,0.5718791470094835
"GP-RV IA ERCs",100000,28.115005016326904,"1193_BNG_lowbwt",13,False,"((((x2*x7)*(x3-x6))+3139.262000)-(sin(sin(x0))*((2168.502000/ 3243.382000)*(1996.452000+x2))))",0.5554091451687035,0.5476317921469273
"GP-RV IA ERCs",100000,20.029115676879883,"1193_BNG_lowbwt",14,False,"((sin(1577.946000)+(3019.802000+(x7*x2)))-(((x1+1046.124000)*x0)+((1906.618000*x7)/ (3127.036000-3138.609000))))",0.5569931916910562,0.5377102932748006
"GP-RV IA ERCs",100000,34.093727111816406,"1193_BNG_lowbwt",13,True,"-631958.8591060907 + (-6695184.080366016 * (((((581.963000-x0)*(2798.153000+x7))/ (sin(x5)+(x4+3307.032000)))/ (((x0*x4)-sin(x3))+((919.374000-3172.355000)+(x3-2938.367000))))))",0.5777069405214121,0.5610798559963243
"GP-RV IA ERCs",100000,30.163288593292236,"1193_BNG_lowbwt",14,True,"-546738.6192531284 + (9938761.437627614 * (((((598.926000-x0)*(2323.462000+x7))/ ((x0+1862.830000)+(x4+1622.810000)))/ ((sin(x5)-(x3-3436.571000))+(3780.795000-sin(x8))))))",0.5726293842198751,0.5651390414282478
"GP-RV IA ERCs",500000,30.86039137840271,"1193_BNG_lowbwt",14,False,"((x3+(3019.802000-(x4*x2)))-(((x1+1046.124000)*x0)+((4091.641000*x7)/ (3127.036000-3138.609000))))",0.5583453077693323,0.5407423048711799
"GP-RV IA ERCs",500000,66.14859962463379,"1193_BNG_lowbwt",9,True,"-463906.2956052832 + (-0.2821883974210647 * (((((456.869000-x0)-(4832.030000/ 469.917000))/ ((x1/ x2)+(x4+2606.018000)))*(((4693.607000/ 460.324000)+(1988.438000+x7))*((x0*x5)-(x3+4831.349000))))))",0.5797398573635177,0.5481745209458799
"GP-RV IA ERCs",100000,25.967667818069458,"1193_BNG_lowbwt",15,False,"((((x2+3978.130000)-(x2*x4))+((1855.307000-2016.870000)-(616.027000-x6)))-(sin((x0*831.903000))*1967.341000))",0.5486684031492317,0.5431878029813646
"GP-RV IA ERCs",500000,50.79579162597656,"1193_BNG_lowbwt",12,True,"7092.540196212441 + (5171.2803922966405 * (sin((((456.869000-x0)*(1979.646000+x7))/ ((x4+4822.234000)+(x4-x3))))))",0.569673997358241,0.5718791470094835
"GP-RV IA ERCs",500000,60.40636324882507,"1193_BNG_lowbwt",11,False,"((((x3*x1)+sin(1530.903000))+((x8+3163.525000)+(x2*x7)))-(sin(sin(x0))*((x5-x8)+(1498.003000-x8))))",0.5438864444137375,0.5732663558903184
"GP-RV IA ERCs",100000,32.00199556350708,"1193_BNG_lowbwt",15,True,"787949.7703883315 + (-1962148.1167398978 * (((((x0+737.309000)/ (x4-4582.012000))*((x7-3061.394000)+(2772.321000-2952.210000)))/ (1031.528000+(sin(2513.422000)*(1847.769000+x3))))))",0.571153743002342,0.5590868156372197
"GP-RV IA ERCs",500000,55.15133476257324,"1193_BNG_lowbwt",13,False,"((((x2*x7)*(x3-x4))+3139.262000)-(sin(sin(x0))*((2166.968000/ 3243.382000)*(1990.308000+x2))))",0.5654991452732457,0.5539087716066717
"GP-RV IA ERCs",500000,59.02076959609985,"1193_BNG_lowbwt",12,False,"((((x2*x7)-(x4*x2))+3168.659000)-(sin(sin(x0))*((x5*x2)+1380.506000)))",0.5579855754711006,0.5561148583829325
"GP-RV IA ERCs",100000,30.63769245147705,"1193_BNG_lowbwt",16,True,"5880.172683112188 + (-4107.7131720648695 * (sin((((456.869000-x0)*(1998.134000+x7))/ ((x3-523.428000)-(x4+4035.463000))))))",0.5750834392713589,0.5507903061181584
"GP-RV IA ERCs",100000,32.35831308364868,"1193_BNG_lowbwt",16,False,"((((1618.466000+3200.885000)+(x7*x2))+(1527.498000/ sin(2285.123000)))-(((1388.598000/ 2827.387000)*(2589.368000/ 1618.400000))*(x0*1433.194000)))",0.552878084709201,0.5416181095228445
"GP-RV IA ERCs",500000,76.85937643051147,"1193_BNG_lowbwt",10,True,"-660735.6596226468 + (663.9394087846415 * (((((672.608000-x0)*(2817.900000+x7))/ ((1712.107000/ 3709.418000)*(x4+4107.607000)))+((sin(2176.963000)*sin(x3))*((x3-x0)-(x5*x0))))))",0.5818724417059737,0.5383881355234854
"GP-RV IA ERCs",500000,71.59188437461853,"1193_BNG_lowbwt",11,True,"-463579.67169625196 + (3.4753389342562198 * (((((447.859000-x0)/ (1974.563000-x7))*((x3+4797.943000)/ (x4+2778.799000)))*(((463.194000*739.897000)-(x1-x2))+((1064.601000-1138.167000)*sin(x5))))))",0.5673628851491186,0.5893323384221065
"GP-RV IA ERCs",500000,61.85739850997925,"1193_BNG_lowbwt",13,True,"-687115.0993900399 + (8924760.115113376 * (((((581.963000-x0)*(3038.644000+x7))/ ((x2/ 701.754000)-(x4+3307.032000)))/ (((x0*x4)-sin(x5))+((x0-3977.045000)+(x3-2938.367000))))))",0.5791994622933294,0.5624377317954299
"GP-RV IA ERCs",100000,21.268518686294556,"1193_BNG_lowbwt",18,False,"(2982.733000+(((x2*x7)+x2)-((x0*1082.206000)-(x1*x3))))",0.5589884341003658,0.5291027844721924
"GP-RV IA ERCs",500000,48.23433256149292,"1193_BNG_lowbwt",15,False,"((((x2*x7)-(x1*x4))+((1855.307000-2016.870000)-(616.027000-3935.911000)))-(sin((x0*628.938000))*((x5+x5)+(1876.783000+x5))))",0.5567343681583602,0.5398618418432413
"GP-RV IA ERCs",100000,26.760136127471924,"1193_BNG_lowbwt",17,False,"(((x7/ sin(1950.925000))+3055.839000)-(sin((x0*963.848000))*(sin(x5)+(1876.783000+x5))))",0.5515910287040114,0.5475569509323172
"GP-RV IA ERCs",500000,37.084892988204956,"1193_BNG_lowbwt",16,True,"5880.172683112188 + (-4107.7131720648695 * (sin((((456.869000-x0)*(1998.134000+x7))/ ((x3-523.428000)-(x4+4035.463000))))))",0.5750834392713589,0.5507903061181584
"GP-RV IA ERCs",100000,31.409190893173218,"1193_BNG_lowbwt",17,True,"-471629.44994144596 + (-25837667376332.2 * (((((456.298000-x0)/ (2048.276000-x7))/ ((x2/ 507.474000)-(x4+2575.027000)))/ (((4006.800000-x3)-sin(3043.133000))+((x5*x0)-(683.352000-1387.294000))))))",0.5747186968284894,0.5624661224177053
"GP-RV IA ERCs",100000,30.37240195274353,"1193_BNG_lowbwt",18,True,"2729.255833259071 + (2096.9927631547166 * (sin((((456.563000-x0)*(3433.458000+x7))/ ((x0*3374.839000)+(x4+3958.088000))))))",0.5726077011745734,0.5361440024188338
"GP-RV IA ERCs",100000,28.60718321800232,"1193_BNG_lowbwt",19,False,"((((x2*1290.462000)*(x3/ 2406.947000))+3216.410000)-((sin(2570.401000)-(x8/ x2))*((x4*x2)+(2039.260000*x0))))",0.5472645753458896,0.5655097684796274
"GP-RV IA ERCs",500000,40.95302748680115,"1193_BNG_lowbwt",17,False,"(((x7/ sin(1950.925000))+3055.839000)-(sin((x0*831.903000))*((x5*x2)+(1876.783000+x5))))",0.5537708678389954,0.5484093520109438
"GP-RV IA ERCs",500000,66.88866305351257,"1193_BNG_lowbwt",14,True,"-628351.2497362881 + (11804946.706229072 * (((((598.926000-x0)*(2650.500000+x7))/ ((x1/ x2)+(x4+3777.524000)))/ (((x5*x0)-(x3-4574.898000))+((1130.768000+2151.282000)-sin(x8))))))",0.5743225876534899,0.5643190960169768
"GP-RV IA ERCs",500000,105.13802433013916,"1193_BNG_lowbwt",10,False,"(2945.673000-(((x2*x4)-(x3+1847.622000))+((x0*1168.618000)+1451.876000)))",0.5539736117766499,0.5100941001653316
"GP-RV IA ERCs",500000,64.88560461997986,"1193_BNG_lowbwt",15,True,"711850.0827398984 + (-1893008.8860740727 * (((((x0+664.125000)/ (x4-4582.012000))*((x7-4332.549000)+(2539.996000-1131.154000)))/ (1031.528000+(sin(2513.422000)*(679.711000+x3))))))",0.5713636746477815,0.5584760981565404
"GP-RV IA ERCs",100000,34.1559042930603,"1193_BNG_lowbwt",19,True,"-598129.8391836076 + (-10.233704385134809 * (((((582.268000-x0)*(4244.384000+x7))/ (sin(x5)+(x4+4128.473000)))/ (((x3-1986.187000)-(4366.014000-x7))/ ((1093.546000*573.238000)+(x2-3667.451000))))))",0.5674079063776634,0.587384169399102
"GP-RV IA ERCs",100000,29.944693326950073,"1193_BNG_lowbwt",20,False,"((sin((3237.536000-x0))*((2369.384000-x1)+(789.057000+x2)))-(((x7*2884.540000)/ (x3-x1))+((x2-x0)*x4)))",0.5591185810446806,0.5529609305896603
"GP-RV IA ERCs",100000,31.284765005111694,"1193_BNG_lowbwt",20,True,"-476916.2379905256 + (-2319.2694222061677 * (((((456.563000-x0)*(1954.155000+x7))/ (x3-(x4+4319.224000)))+sin(((1243.664000*2457.005000)-(x2/ 1807.688000))))))",0.5697832360929402,0.5655478557359844
"GP-RV IA ERCs",100000,28.84484100341797,"1193_BNG_lowbwt",21,False,"((((x1*x7)/ (844.807000/ 3929.775000))+3216.410000)-(sin((x0*2243.938000))*((1283.117000/ 1700.273000)*(2032.931000*x0))))",0.5473074365186212,0.5354767446119018
"GP-RV IA ERCs",500000,31.409703731536865,"1193_BNG_lowbwt",20,False,"((sin((3237.536000-x0))*((2369.384000-x1)+(789.057000+x2)))-(((x7*2884.540000)/ (x3-x1))+((x2-x0)*x4)))",0.5591185810446806,0.5529609305896603
"GP-RV IA ERCs",500000,74.09183979034424,"1193_BNG_lowbwt",16,False,"((((1618.466000+1549.942000)+(x7*x2))+((x4+x4)/ sin(4479.874000)))-(((1388.598000/ 2827.387000)*(2526.225000/ 1618.400000))*(x0*1433.194000)))",0.5578284085635294,0.547525455342015
"GP-RV IA ERCs",100000,35.00254535675049,"1193_BNG_lowbwt",21,True,"-616597.5487334892 + (-7271033.251084108 * (((((582.268000-x0)*(2694.532000+x7))/ (sin(x5)+(x4+4128.473000)))/ (((x3-3662.530000)+(2953.404000-3750.055000))+sin((4642.569000*x3))))))",0.5733348629916688,0.5634996677761063
"GP-RV IA ERCs",500000,50.5644052028656,"1193_BNG_lowbwt",18,True,"2686.1506115665384 + (2255.392560498689 * (sin((((456.563000-x0)*(3433.458000+x7))/ ((x0*4083.859000)+(x4+3958.088000))))))",0.5730129616388135,0.5358517257805586
"GP-RV IA ERCs",100000,22.279655694961548,"1193_BNG_lowbwt",22,False,"((((x7-x4)*(x3*x2))+3216.410000)-(sin((x0*4606.446000))*1424.555000))",0.5541077459371135,0.5927684819249419
"GP-RV IA ERCs",500000,56.03569197654724,"1193_BNG_lowbwt",19,False,"((((x2*1555.732000)*(x3/ 2261.071000))+((x8+3081.204000)+(x2*x7)))-(((2570.401000/ 1962.336000)-(x8/ x2))+((x4*x2)+(1045.053000*x0))))",0.5615004595235691,0.579374049726173
"GP-RV IA ERCs",500000,51.847105503082275,"1193_BNG_lowbwt",19,True,"-597930.232248546 + (-10.402047703855166 * (((((582.268000-x0)*(4244.384000+x7))/ (sin(x5)+(x4+4128.473000)))/ (((x3-1995.592000)-(4366.014000-x7))/ ((1070.777000*573.238000)+(x2+x8))))))",0.5675144017628507,0.5874513597164462
"GP-RV IA ERCs",100000,27.33261728286743,"1193_BNG_lowbwt",23,False,"((((x7-x4)/ (x1/ 3898.184000))+3022.419000)-(((x0*2075.056000)/ (1354.672000/ 701.951000))+((x4-x1)-x2)))",0.559429184812964,0.5602468437010008
"GP-RV IA ERCs",500000,31.709789991378784,"1193_BNG_lowbwt",22,False,"((((x7-x4)*(x3*x2))+3216.410000)-(sin((x0*4606.446000))*1424.555000))",0.5541077459371135,0.5927684819249419
"GP-RV IA ERCs",100000,32.69243144989014,"1193_BNG_lowbwt",22,True,"-601459.8907674686 + (25688379150.73911 * (((((582.268000-x0)-(3585.705000/ 2125.824000))/ (sin(x5)+(x4+4128.473000)))/ (((1601.363000-x7)-(x3*x7))+(4373.756000+(x6*x7))))))",0.5611161453733611,0.5946215980278076
"GP-RV IA ERCs",500000,75.33602809906006,"1193_BNG_lowbwt",17,True,"-469708.52368436445 + (-22972173344800.566 * (((((456.298000-x0)/ (2048.276000-x7))/ ((x2/ 448.536000)-(x4+2599.539000)))/ (((4006.800000-x3)*sin(3043.133000))+((x5*x0)-(683.352000-1332.974000))))))",0.5748705357513241,0.5626506301786973
"GP-RV IA ERCs",500000,46.79574918746948,"1193_BNG_lowbwt",21,False,"((((x1*x7)/ (879.706000/ 3929.775000))+3216.410000)-(sin((2958.768000*2243.938000))*((1283.117000/ 1700.273000)*(2047.103000*x0))))",0.5473182935702425,0.5357348113040964
"GP-RV IA ERCs",100000,31.031347274780273,"1193_BNG_lowbwt",23,True,"25124.909243392944 + (23132.572787039055 * (sin((((456.290000-x0)*(3355.435000-2418.285000))/ ((x3*x7)-(x4+4448.074000))))))",0.5680193447957356,0.5668638025386261
"GP-RV IA ERCs",100000,25.095353364944458,"1193_BNG_lowbwt",24,False,"(((2799.083000/ sin(2741.595000))+(sin(x7)+(x8*x7)))-(((x2*x5)+(627.546000+710.727000))*sin(x0)))",0.5384507754007057,0.5419309282894627
"GP-RV IA ERCs",500000,32.067829847335815,"1193_BNG_lowbwt",23,True,"25124.909243392944 + (23132.572787039055 * (sin((((456.290000-x0)*(3355.435000-2418.285000))/ ((x3*x7)-(x4+4448.074000))))))",0.5680193447957356,0.5668638025386261
"GP-RV IA ERCs",100000,31.947784185409546,"1193_BNG_lowbwt",24,True,"4811.645749536839 + (-2976.098328258124 * (sin((((456.869000-x0)*(2244.611000+x7))/ ((x0-x3)+(x4+4484.862000))))))",0.5641698088614148,0.5836364682278278
"GP-RV IA ERCs",100000,33.15340733528137,"1193_BNG_lowbwt",25,False,"((((x7-x4)/ (x1/ 3349.041000))+3216.410000)-(sin((x0*2243.938000))*(sin(2760.642000)*(2039.260000-x4))))",0.5586421329414883,0.5541291674124765
"GP-RV IA ERCs",100000,34.12734651565552,"1193_BNG_lowbwt",25,True,"-609575.1694256836 + (-7639554.034962728 * (((((582.268000-x0)*(2913.312000+x7))/ ((x2/ 670.204000)-(x4+3558.859000)))/ ((sin(x5)-(x3+920.801000))+((4171.473000+2693.916000)-(x2/ 923.045000))))))",0.5729414658044059,0.5695803387199625
"GP-RV IA ERCs",500000,58.968631982803345,"1193_BNG_lowbwt",21,True,"-595134.3994963135 + (-5547869.794841411 * (((((582.268000-x0)*(2694.532000+x7))/ ((x5*x0)+(x4+4020.393000)))/ (((x3-4050.546000)+(4181.213000-3750.055000))+sin((4642.569000*x3))))))",0.573843839342691,0.5623419613128803
"GP-RV IA ERCs",100000,26.534547090530396,"1193_BNG_lowbwt",26,False,"((((x3*x7)/ sin(2689.227000))+(3261.915000+(x1*x7)))-(sin((x0*4386.458000))*((x5*x2)+1549.987000)))",0.5415479002344653,0.5610987943078769
"GP-RV IA ERCs",500000,90.66008687019348,"1193_BNG_lowbwt",18,False,"(2982.733000+(((x1*x3)+(x8+x2))-((x0*1082.206000)-(x7*x2))))",0.5591379002895502,0.5293072815131927
"GP-RV IA ERCs",100000,23.751819133758545,"1193_BNG_lowbwt",27,False,"((x2+3168.659000)+(((x4/ x1)+x0)*((769.410000-3883.658000)+(1964.883000+x1))))",0.5440153942210579,0.5460171560714226
"GP-RV IA ERCs",500000,55.31132960319519,"1193_BNG_lowbwt",23,False,"((((x3-x4)/ (x1/ 2717.323000))+3022.419000)-(((x0*2075.056000)/ (1354.672000/ 701.951000))-(x7*(x1+x2))))",0.5647319452686397,0.5699494139621615
"GP-RV IA ERCs",100000,31.8907732963562,"1193_BNG_lowbwt",26,True,"5671.880787966556 + (-3823.2689374061056 * (sin((((581.963000-x0)*(2864.586000+x7))/ ((2092.733000-x3)+(x4+4024.718000))))))",0.5609390419779748,0.5922563004193813
"GP-RV IA ERCs",100000,29.83258581161499,"1193_BNG_lowbwt",27,True,"8010738.688420955 + (-8008822.129027764 * (sin((((456.869000-x0)*(913.939000-871.414000))/ ((x7*x3)-(x4+4107.607000))))))",0.5671260686372723,0.5698060563878264
"GP-RV IA ERCs",500000,49.16628074645996,"1193_BNG_lowbwt",24,False,"(((2799.083000/ sin(2741.595000))+((x7-x4)*(x1*x3)))-(((x2*x5)+(627.546000+709.559000))*sin(x0)))",0.5466716214769544,0.5503542823285251
"GP-RV IA ERCs",100000,20.709479570388794,"1193_BNG_lowbwt",29,False,"(2938.866000-(((1379.475000-x2)*sin(x0))-((1203.647000*x7)*(1023.793000/ 3439.725000))))",0.5443008187991223,0.5513520481624887
"GP-RV IA ERCs",500000,76.48046350479126,"1193_BNG_lowbwt",22,True,"-601928.4476441193 + (28765447243.978146 * (((((582.268000-x0)+(x2/ 996.595000))/ (sin(x5)+(x4+4517.922000)))/ (((1754.753000-x7)-(x3*x7))+(4373.756000+(x6*x7))))))",0.5630093936882581,0.597935233071068
"GP-RV IA ERCs",500000,42.764408111572266,"1193_BNG_lowbwt",27,False,"((((x2*x7)+(x3/ x1))+((868.488000/ x1)+(3155.757000+x3)))+(((x4/ x1)+x0)*((769.410000-3883.658000)+(1964.883000+x1))))",0.5537449051344998,0.560684051121745
"GP-RV IA ERCs",500000,47.02315330505371,"1193_BNG_lowbwt",26,True,"5671.880787966556 + (-3823.2689374061056 * (sin((((581.963000-x0)*(2864.586000+x7))/ ((2092.733000-x3)+(x4+4024.718000))))))",0.5609390419779748,0.5922563004193813
"GP-RV IA ERCs",100000,30.79882049560547,"1193_BNG_lowbwt",28,True,"6024.299046025428 + (-4151.905305881871 * (sin((((770.073000-x0)*(3879.537000+x7))/ ((4154.523000-x3)+(x4+4281.178000))))))",0.5693342561212842,0.5679534217846882
"GP-RV IA ERCs",500000,55.74283003807068,"1193_BNG_lowbwt",25,True,"-669437.1824370992 + (-8907500.631160662 * (((((582.268000-x0)*(3294.975000+x7))/ ((x2/ 670.204000)-(x4+3824.208000)))/ ((sin(x5)-(x3+x0))+((3868.837000+2776.922000)-(x2/ 923.045000))))))",0.5729588604463955,0.569352335832257
"GP-RV IA ERCs",100000,39.024943351745605,"1193_BNG_lowbwt",28,False,"((sin((x3+x3))+((x4*x2)-(2104.515000+x3)))/ sin(((3140.123000*1911.880000)*(x0-4622.042000))))",0.5467798581215018,0.5356866716247517
"GP-RV IA ERCs",500000,59.982054710388184,"1193_BNG_lowbwt",25,False,"((((x7-x4)/ (x1/ 3370.111000))+3216.410000)-(sin((x0*2243.938000))*(sin(2760.642000)*(2039.260000-x4))))",0.5586430988413631,0.5541445216109813
"GP-RV IA ERCs",100000,32.79809784889221,"1193_BNG_lowbwt",29,True,"-451868.0916750457 + (8837571.248647008 * (((((456.869000-x0)*(1886.664000+x7))/ ((x1/ x2)+(x4+3851.178000)))/ ((sin(x5)-(x3-4348.239000))+sin((x4+x0))))))",0.572867670096699,0.5767696924360696
"GP-RV IA ERCs",100000,29.773541688919067,"1199_BNG_echoMonths",0,False,"((((26.527000-x2)-(x0*17.320000))+((6.816000*x8)/ sin(23.861000)))+(((2.625000/ x6)-sin(54.485000))+((x3*13.767000)/ (x1/ 39.234000))))",0.4220936280349368,0.43210970876725685
"GP-RV IA ERCs",100000,28.22343134880066,"1199_BNG_echoMonths",0,True,"21.545791901358317 + (-0.1213087063854105 * ((((x1+(15.663000*x2))+((66.408000-10.695000)*(x8-2.608000)))+(((x0*26.669000)+(x4*x7))+((x1+47.540000)*(x0*x0))))))",0.43690988342294845,0.4467599909781992
"GP-RV IA ERCs",500000,34.7673122882843,"1193_BNG_lowbwt",29,False,"(3056.708000-(((1360.696000-x1)*sin(x0))-((1203.647000*x7)*(765.392000/ 3577.849000))))",0.5478163560505485,0.5588636466382915
"GP-RV IA ERCs",500000,45.339508056640625,"1193_BNG_lowbwt",28,True,"6024.299046025428 + (-4151.905305881871 * (sin((((770.073000-x0)*(3879.537000+x7))/ ((4154.523000-x3)+(x4+4281.178000))))))",0.5693342561212842,0.5679534217846882
"GP-RV IA ERCs",100000,32.10018754005432,"1199_BNG_echoMonths",1,False,"((((30.967000-x2)-(x0*17.749000))+sin((x7+52.442000)))+((sin(x0)-sin(x2))-((7.409000*x8)+(0.084000*x4))))",0.4222625671493009,0.46117597837661817
"GP-RV IA ERCs",100000,32.043331146240234,"1199_BNG_echoMonths",1,True,"-561.9149418652963 + (-2.2484710081810957e-05 * (((sin((50.760000+x2))*((37.193000*x1)*(x4*6.651000)))-(((31.130000*15.919000)*(35.042000-x0))*((33.297000*45.651000)-(x8*17.655000))))))",0.4255273528241711,0.4638289324885845
"GP-RV IA ERCs",500000,47.812795639038086,"1199_BNG_echoMonths",0,False,"((((26.527000-x2)-(x0*16.928000))+((6.816000*x8)/ sin(23.861000)))+(((16.961000/ x1)-(-2.195000+x7))+((x3*13.767000)/ (x1/ 35.548000))))",0.4247797468842527,0.4349287982022786
"GP-RV IA ERCs",100000,31.29697299003601,"1199_BNG_echoMonths",2,True,"50.38292242193699 + (-0.08400315117425673 * (((((56.264000+59.292000)+(x4+x1))/ ((26.610000-x7)-(4.180000*x8)))*(((63.008000+x2)+(x5/ x5))+((25.905000*x0)-30.868000)))))",0.4368415510420377,0.4400465456575987
"GP-RV IA ERCs",100000,34.53101372718811,"1199_BNG_echoMonths",2,False,"((((27.231000+x0)-(x0*19.179000))+sin((x7+x7)))-(((x4/ x6)-(64.160000/ x1))+((6.525000*x8)-(x3*5.282000))))",0.42676189373142226,0.42937873678907323
"GP-RV IA ERCs",100000,32.764028549194336,"1199_BNG_echoMonths",3,True,"47.12666336920465 + (-7.005529945042612 * (((((28.414000-x3)/ (10.617000-x2))+sin((41.415000-x8)))+(((x4/ 49.139000)*(x7+x3))+((x1+39.439000)*(x0/ 42.803000))))))",0.43711332055426866,0.4429422050825137
"GP-RV IA ERCs",500000,46.49684715270996,"1199_BNG_echoMonths",1,False,"((((30.967000-x2)-(x0*17.749000))+sin((x7+x7)))+(sin((x0-x7))-((6.397000*x8)+(0.084000*x4))))",0.4235478384149466,0.4621337661583991
"GP-RV IA ERCs",100000,35.932976722717285,"1199_BNG_echoMonths",3,False,"((((27.360000-x2)-(x0*18.940000))+((1.401000-x7)-sin(29.798000)))-(((x6/ x6)+sin(44.223000))*((x8*x5)-(x3*4.599000))))",0.4208350224451677,0.43285146840264455
"GP-RV IA ERCs",100000,20.35482358932495,"1199_BNG_echoMonths",4,False,"(((sin(x7)-(x1/ 17.330000))+31.754000)-(sin((1.746000*x0))*((x7+17.724000)+(5.245000*x8))))",0.4058494216282543,0.46827035851045173
"GP-RV IA ERCs",500000,79.32944869995117,"1193_BNG_lowbwt",28,False,"((((x3*x3)/ sin(1300.436000))+((x4*x2)-(2104.515000+x7)))/ sin(((3140.123000*1911.880000)*(x0-4555.387000))))",0.549023426618253,0.5389723043549346
"GP-RV IA ERCs",500000,74.24986529350281,"1193_BNG_lowbwt",29,True,"-451748.07961479033 + (8714087.777318915 * (((((456.869000-x0)*(1886.664000+x7))/ ((x1/ x2)+(x4+3794.373000)))/ ((sin(x5)-(x3-4352.808000))+sin((x4+x0))))))",0.5728687604219228,0.576731205669761
"GP-RV IA ERCs",100000,26.670047760009766,"1199_BNG_echoMonths",4,True,"41.11268531922148 + (-0.003581321792713689 * (((((11.515000*x1)*x2)+((64.669000+12.436000)*(x8*23.693000)))+(((x1*40.004000)+(x4*64.748000))+((67.910000+47.540000)*(x0*39.958000))))))",0.4255477481772051,0.47156849686000535
"GP-RV IA ERCs",500000,63.585763454437256,"1199_BNG_echoMonths",2,False,"((((28.744000+x0)-(x0*18.940000))+sin((1.990000*x7)))-(((x4/ 8.362000)-(68.445000/ x1))+((6.525000*x8)-(x3*2.052000))))",0.4315551653538663,0.4360722783010206
"GP-RV IA ERCs",500000,69.4959397315979,"1199_BNG_echoMonths",1,True,"-530.6302546457255 + (-0.002408998408350174 * (((sin((44.876000+x2))*((x1+30.009000)*(x4+55.698000)))-((4.272000*(34.144000-x0))*((38.872000*41.879000)-(x8*19.680000))))))",0.4284039721184575,0.4651985951242551
"GP-RV IA ERCs",100000,36.45322585105896,"1199_BNG_echoMonths",5,False,"((((24.949000-x2)-(x0*14.086000))-(sin(11.598000)+(x2+x8)))/ (((-0.157000/ x5)-sin(41.967000))+((x7*x8)*(x0*x8))))",0.42123361786808367,0.43196484023156156
"GP-RV IA ERCs",500000,62.23773741722107,"1199_BNG_echoMonths",3,False,"((((27.360000-x2)-(x0*18.940000))+((1.670000-x7)-sin(23.558000)))-(((x4/ 9.891000)+sin(54.889000))+((5.864000*x8)-(x3*4.599000))))",0.427247136103479,0.4389262948933276
"GP-RV IA ERCs",100000,31.427348375320435,"1199_BNG_echoMonths",5,True,"81.86351907570044 + (144.4387096163194 * (((((x3-x2)-(38.208000*x0))-((17.436000+x7)*(6.783000+x8)))/ (((47.842000/ x1)*(46.089000-x0))-((x4+43.765000)-(15.330000*24.103000))))))",0.43406838978098394,0.44562139545877744
"GP-RV IA ERCs",100000,30.766371965408325,"1199_BNG_echoMonths",6,True,"34.54319688328985 + (-0.0036162939861132254 * (((((26.425000*x8)*(x5*16.003000))+((24.235000-7.949000)*(x7*30.964000)))+(((x2*52.481000)+(x4*62.966000))+((16.335000+56.280000)*(x0*x1))))))",0.447304624790675,0.3982137557965104
"GP-RV IA ERCs",500000,181.96695232391357,"1193_BNG_lowbwt",20,True,"11678484283.799389 + (-2261.0520827829387 * (((((456.563000-x0)*(2006.263000+x7))/ (x3-(x4+4338.390000)))+(((2627.003000*1966.224000)-(x2/ 1807.688000))+((x4/ 1076.741000)*(x1*x3))))))",0.573284371721375,0.5663030761287443
"GP-RV IA ERCs",500000,50.19906711578369,"1199_BNG_echoMonths",4,False,"(((sin(51.100000)-(x1/ 17.330000))+((-0.911000+4.962000)+(29.199000-x7)))-(sin((33.369000*x0))*((x7+17.724000)+(5.973000*x8))))",0.4088842107382251,0.47028462685448136
"GP-RV IA ERCs",500000,76.85757493972778,"1199_BNG_echoMonths",2,True,"56.453853883865754 + (-0.1312984228661555 * (((((58.676000+59.292000)+(x4+x1))/ ((32.233000-x7)-(4.180000*x8)))*(((34.603000+x2)+(x2+x7))+((20.160000*x0)-(x1/ 19.875000))))))",0.43927015426485594,0.44293235413069965
"GP-RV IA ERCs",100000,36.34244894981384,"1199_BNG_echoMonths",6,False,"((((23.758000-x2)-(x0*17.749000))/ sin(sin(1.240000)))+((sin(x7)/ sin(53.603000))*((x7*x8)-x0)))",0.4348278079136759,0.3943558446523058
"GP-RV IA ERCs",500000,54.215187788009644,"1199_BNG_echoMonths",4,True,"44.074001110597415 + (-0.0037766464796007335 * (((((12.488000*45.758000)*(x7+x2))+((67.403000+x5)*(x8*23.693000)))+(((x1*37.789000)+(x4*63.837000))+((64.409000+43.671000)*(x0*39.958000))))))",0.4281882564376903,0.47559121591834996
"GP-RV IA ERCs",100000,31.640310287475586,"1199_BNG_echoMonths",7,True,"112.41794272183256 + (-0.13468075346907554 * (((((x7+39.990000)/ (16.916000-x8))*((34.204000/ 7.029000)+(x0/ 1.015000)))*(((x4/ 23.019000)/ (23.846000/ x1))+(58.248000-(7.749000-x2))))))",0.44088149702266666,0.43037478161152887
"GP-RV IA ERCs",100000,35.09678030014038,"1199_BNG_echoMonths",7,False,"((((26.371000-x2)-(x0*18.291000))+sin((61.730000/ 40.038000)))+(((3.058000/ x7)-sin(x2))-((1.995000+x8)*(x8+x8))))",0.4309217465682751,0.40998108053433546
"GP-RV IA ERCs",500000,50.97025203704834,"1199_BNG_echoMonths",6,False,"((((24.511000-x2)-(x0*17.749000))/ sin(sin(7.666000)))+((sin(x7)/ sin(53.603000))*((x7*x8)-sin(x0))))",0.43495965354064103,0.39421768641032384
"GP-RV IA ERCs",100000,31.22639036178589,"1199_BNG_echoMonths",8,False,"((((26.559000-x2)-(x0*20.147000))+((4.314000+x5)*(x3/ x7)))+(((5.942000/ x6)-(4.638000*x8))+(3.633000-(x3*x4))))",0.43034337694691893,0.4255057844013338
"GP-RV IA ERCs",500000,52.38050627708435,"1199_BNG_echoMonths",6,True,"32.09258529385515 + (-0.0037028267638422223 * (((((26.425000*x8)*(4.567000*16.003000))+((24.235000*x0)*(x7*43.387000)))+(((x2*x1)+(x4*x1))+((x2+47.476000)*(x0*x1))))))",0.4502526181926285,0.40333101871702903
"GP-RV IA ERCs",100000,29.03160285949707,"1199_BNG_echoMonths",8,True,"39.632987702193326 + (0.0012279210254181414 * (((((28.374000*9.030000)+(27.137000*x7))/ ((15.417000-x2)*(x8-5.388000)))*(((30.422000*x1)+(x4*45.361000))+((63.551000+x5)*(x0*55.411000))))))",0.44158832300210316,0.4347397432493296
"GP-RV IA ERCs",100000,28.661566495895386,"1199_BNG_echoMonths",9,True,"33.87880544263145 + (-0.004402046128411466 * (((((x7+x2)*(x1*x5))+((64.669000-x5)*(x8*25.553000)))+(((x2*56.153000)+(x4*47.487000))+((x1+29.443000)*(x0*41.486000))))))",0.4404650437009635,0.437838766397315
"GP-RV IA ERCs",100000,32.346070528030396,"1199_BNG_echoMonths",9,False,"((((28.054000-x2)-(x0*18.055000))+sin((26.834000+x7)))-(((x4/ 11.864000)-(55.222000/ 40.484000))+((x5*x8)-(x3*4.599000))))",0.43043092382095394,0.4243071267778519
"GP-RV IA ERCs",500000,49.90751934051514,"1199_BNG_echoMonths",7,False,"((((26.371000-x2)-(x0*18.291000))+sin((3.711000/ x4)))+(((3.058000/ x7)-(x2-x0))-((1.995000+x8)*(x8+x8))))",0.43193413317796714,0.41029702566323345
"GP-RV IA ERCs",500000,39.96976280212402,"1199_BNG_echoMonths",8,False,"((((26.559000-x2)-(x0*20.147000))+((4.314000+x5)*(x3/ x7)))+(((6.357000/ x6)-(4.638000*x8))+(3.633000-(x3*x4))))",0.43034468682152627,0.42564573733618793
"GP-RV IA ERCs",100000,29.986278772354126,"1199_BNG_echoMonths",10,True,"39.67076321351483 + (-0.0032882172691701774 * (((((29.896000*x0)*(39.088000*x7))+((64.809000-x8)*(x8*31.135000)))+(((x1*38.399000)+(x4*65.673000))+((x5+48.314000)*(x0*67.331000))))))",0.44805848839410933,0.4117266639184608
"GP-RV IA ERCs",100000,34.97531771659851,"1199_BNG_echoMonths",10,False,"((((27.934000+x0)-(x0*21.002000))+((60.664000/ 33.650000)-(x8*x5)))+(((x0-x2)-sin(11.370000))+((5.923000*x3)-(x3*x4))))",0.4378589059903094,0.40550675332749375
"GP-RV IA ERCs",100000,30.625882148742676,"1199_BNG_echoMonths",11,False,"((((63.566000-34.618000)-(x0*17.857000))+((4.111000*x8)/ sin(5.564000)))+sin(((x2+x8)+(x7+63.864000))))",0.4328716213893583,0.40051843730983827
"GP-RV IA ERCs",500000,70.00127100944519,"1199_BNG_echoMonths",7,True,"113.51081507528818 + (-0.13395720827833965 * (((((x7+44.742000)/ (16.632000-x8))*((42.553000/ 7.029000)+(x0-1.015000)))*(((x4/ 25.514000)/ (25.227000/ x1))+(58.248000-(14.444000-x2))))))",0.44103306973415046,0.4305633996430104
"GP-RV IA ERCs",500000,57.66852068901062,"1199_BNG_echoMonths",9,False,"((((28.054000-x2)-(x0*18.055000))+sin((33.050000-x7)))-(((x4/ 11.724000)-(64.271000/ x1))+((x5*x8)-(x3*4.599000))))",0.43170614010688524,0.4259541186048327
"GP-RV IA ERCs",100000,32.93254613876343,"1199_BNG_echoMonths",11,True,"46.84705908954827 + (-0.27220960367762426 * (((x4+((x7+56.595000)+(63.951000*x0)))*(sin((x1/ 50.616000))+sin((x8*34.345000))))))",0.44589466694456514,0.4076100356662481
"GP-RV IA ERCs",500000,64.96889686584473,"1199_BNG_echoMonths",8,True,"39.17157525058192 + (0.0008947004844313167 * (((((29.575000*8.805000)+(27.137000*x7))/ ((11.594000-x2)*(x8-5.259000)))*(((28.377000*x1)+(x4*45.223000))+((61.420000+x5)*(x0*56.182000))))))",0.44177239551620395,0.43439967357647546
"GP-RV IA ERCs",500000,46.28461527824402,"1199_BNG_echoMonths",10,False,"((((27.934000+x0)-(x0*20.568000))+((64.796000/ 39.140000)-(x8*x5)))+(((x0-x2)-sin(11.370000))+((5.923000*x3)-(x3*x4))))",0.4378793866032936,0.4062808004948617
"GP-RV IA ERCs",100000,37.76211881637573,"1199_BNG_echoMonths",12,False,"((((26.613000--1.940000)-(x0*18.682000))+((64.655000/ x1)-sin(x2)))-(((x4/ 6.035000)-(51.573000/ x1))+((5.187000*x8)-sin(13.767000))))",0.4397333050762374,0.40987247638188073
"GP-RV IA ERCs",100000,28.45447325706482,"1199_BNG_echoMonths",12,True,"-656.850713159246 + (0.00749569729890509 * ((((29.496000*(x7-x4))-((x1*4.593000)*(x2+x7)))+(((34.710000/ 17.231000)*(39.828000-x0))*((20.160000*57.067000)-(x8*10.848000))))))",0.4456166901709937,0.42081063096138993
"GP-RV IA ERCs",500000,57.94753384590149,"1199_BNG_echoMonths",10,True,"43.04007889932299 + (-0.003204852536022984 * (((((34.698000*18.624000)*(x2+x7))+((64.809000+x5)*(x8*29.708000)))+(((x1*40.410000)+(x4*66.623000))+((67.930000+33.918000)*(x0*52.092000))))))",0.44996997262481386,0.4129702759155425
"GP-RV IA ERCs",500000,50.88786315917969,"1199_BNG_echoMonths",11,False,"((((63.566000-34.618000)-(x0*17.857000))+((4.111000*x8)/ sin(5.564000)))+sin(((x2+x8)+(x7+51.296000))))",0.43287220543556026,0.40051961576702244
"GP-RV IA ERCs",500000,234.3403980731964,"1193_BNG_lowbwt",24,True,"4811.645749536839 + (2976.098328258124 * (sin((((456.869000-x0)*(2244.611000+x7))/ ((x3-x0)-(x4+4484.862000))))))",0.5641698088614148,0.5836364682278278
"GP-RV IA ERCs",100000,28.52945041656494,"1199_BNG_echoMonths",13,False,"((((24.949000-x2)-(x0*18.085000))-(sin(x8)*(27.640000-19.786000)))+(5.235000-(x3*(x4-9.066000))))",0.44153141306968413,0.40676283039270344
"GP-RV IA ERCs",100000,33.26319336891174,"1199_BNG_echoMonths",13,True,"-85.695865654879 + (-0.10963407799108053 * (((((x0*x8)+(x4*x7))+((61.464000-x2)*(x8-18.593000)))+((sin(x3)+(x1+x4))+((31.527000+45.130000)*(x0+x0))))))",0.4474177194925899,0.4146272381728242
"GP-RV IA ERCs",100000,31.495357275009155,"1199_BNG_echoMonths",14,False,"((((26.720000-x2)-(x0*17.785000))+((26.128000/ 8.644000)-(7.019000*x8)))-sin(((x4/ 10.456000)-(34.083000-x7))))",0.42814581047448297,0.4350243876635259
"GP-RV IA ERCs",500000,40.91245985031128,"1199_BNG_echoMonths",13,False,"((((24.949000-x2)-(x0*17.696000))-(sin(x8)*(28.172000-19.786000)))+(5.235000-(x3*(x4-9.066000))))",0.44166380950344397,0.4070491090493612
"GP-RV IA ERCs",500000,67.97514581680298,"1199_BNG_echoMonths",11,True,"46.441943586107946 + (0.2877311534536017 * (((((-0.815000*x4)+(x7*-3.997000))-((x2+48.248000)+(60.693000*x0)))*(sin((x1/ 49.261000))+sin((x8*34.345000))))))",0.44879682833651735,0.4110567281565939
"GP-RV IA ERCs",500000,49.540531158447266,"1199_BNG_echoMonths",12,True,"-1075.0943089169537 + (0.007714340880168726 * (((((24.514000+x5)*(x7-x4))-((x1*4.593000)*(x2+x7)))+(((34.710000/ 17.594000)*(63.875000-x0))*((20.160000*56.651000)-(x8*6.538000))))))",0.4457064999808724,0.42086046357271845
"GP-RV IA ERCs",100000,31.751705408096313,"1199_BNG_echoMonths",14,True,"29.668547974061926 + (0.1847822363707091 * (((((16.716000/ x7)-(x4-x8))+((x5-18.156000)*x2))-((x0*(x1+26.722000))+((x8*x5)*(13.410000-x5))))))",0.4369562879554225,0.443818303823734
"GP-RV IA ERCs",500000,242.62833952903748,"1193_BNG_lowbwt",26,False,"((((x3*x7)/ sin(2689.227000))+(3261.915000-(x1*x4)))-(sin((x0*4386.458000))*((x5*x2)+1549.987000)))",0.5465785275236976,0.5652707304533218
"GP-RV IA ERCs",500000,201.63927745819092,"1199_BNG_echoMonths",0,True,"-76.76723451771565 + (0.13335644817573353 * ((((sin(x1)-(x1/ 2.140000))-((49.776000-x2)*(x8-16.956000)))-(((x0*x5)+(x4*x7))+((x1+58.300000)*(x0*x0))))))",0.43755896691263196,0.4476221163729893
"GP-RV IA ERCs",100000,29.048146724700928,"1199_BNG_echoMonths",15,False,"((((29.450000-x7)-(x0*19.179000))+((28.025000/ x1)-(x8*x5)))+(((0.049000*x4)-(x2+x8))+((3.775000+x0)-(0.250000*x4))))",0.4358989299097834,0.428394103852509
"GP-RV IA ERCs",500000,61.18135142326355,"1199_BNG_echoMonths",12,False,"((((29.450000-x2)-(x0*18.940000))+((68.392000/ x1)-sin(x2)))-(((x4/ 6.035000)-(65.036000/ x1))+((5.964000*x8)-sin(x0))))",0.44166069277128117,0.41357634214935557
"GP-RV IA ERCs",100000,28.61305260658264,"1199_BNG_echoMonths",15,True,"-1097.3634401400411 + (0.00018976083046767626 * (((((x4-x2)*(43.255000*x4))-((39.878000*x1)*x4))+(((36.671000+17.231000)*(67.296000-x0))*((28.787000*57.067000)-(x8*10.848000))))))",0.4375261972089167,0.43379403120737126
"GP-RV IA ERCs",500000,54.057281494140625,"1199_BNG_echoMonths",13,True,"-85.85596714724205 + (-0.11275139492624542 * (((((15.221000*x7)+(x4+x5))+((61.464000-x2)*(x8-18.593000)))+(((x5+x7)+(x1+x4))+((29.639000+45.130000)*(x0+x0))))))",0.4491911425852978,0.415412153641749
"GP-RV IA ERCs",500000,40.89055848121643,"1199_BNG_echoMonths",14,False,"((((26.720000-x2)-(x0*17.785000))+((26.128000/ 8.644000)-(7.019000*x8)))-sin(((x4/ 8.679000)-(34.083000-x7))))",0.4285901363851592,0.43540990445338656
"GP-RV IA ERCs",500000,255.24672055244446,"1193_BNG_lowbwt",27,True,"8010738.688420955 + (-8008822.129027764 * (sin((((456.869000-x0)*(913.939000-871.414000))/ ((x7*x3)-(x4+4107.607000))))))",0.5671260686372723,0.5698060563878264
"GP-RV IA ERCs",100000,30.16179847717285,"1199_BNG_echoMonths",16,False,"((((26.377000-x2)-(x0*19.179000))+sin((19.652000-x2)))+(((x3*8.114000)-(x8*5.027000))+(3.574000-(x3*x4))))",0.4355877848876061,0.4182697489149727
"GP-RV IA ERCs",100000,30.40325140953064,"1199_BNG_echoMonths",16,True,"36.98532396051366 + (-0.002799621899260101 * (((((28.414000*4.162000)*(x8*21.311000))+((64.669000*35.481000)*(x2/ 2.608000)))+(((x1*28.346000)+(x4*67.921000))+((66.853000+x1)*(x0*46.197000))))))",0.4402371523972318,0.43039522354799475
"GP-RV IA ERCs",100000,30.007527112960815,"1199_BNG_echoMonths",17,True,"35.50024227375879 + (-0.0008998941578606884 * (((((x1+22.691000)*(3.004000*x4))+((x1*41.070000)*(x2+x7)))-(((x0*16.227000)*(56.347000-5.783000))*((19.020000-40.682000)-(x8*10.141000))))))",0.4376444401966467,0.43750020667572365
"GP-RV IA ERCs",500000,53.28675603866577,"1199_BNG_echoMonths",15,False,"((((29.450000-x7)-(x0*19.179000))+((65.597000/ x1)-(x8*7.058000)))+(((x0-x3)-(x2+x2))+((3.775000+x0)-(0.250000*x4))))",0.4383766964422332,0.43167867867261556
"GP-RV IA ERCs",100000,38.052014112472534,"1199_BNG_echoMonths",17,False,"((((25.712000+x3)-(x0*18.085000))+(sin(x7)-sin(x8)))/ (((x2/ 13.141000)-sin(41.967000))+((x0*x8)-(x0/ x5))))",0.4191211048026753,0.4347764113766597
"GP-RV IA ERCs",500000,63.99775409698486,"1199_BNG_echoMonths",14,True,"30.590245075777418 + (0.2139880540071204 * (((((16.716000/ x7)-(x4+x5))+((x8-10.682000)*x2))-((x0*(x1+15.915000))+((x8*x5)*(11.431000-x5))))))",0.43757950937599044,0.4442238180581033
"GP-RV IA ERCs",100000,32.68986177444458,"1199_BNG_echoMonths",18,False,"((((27.934000-x8)-(x0*19.711000))-sin((x8-7.083000)))+(((50.649000/ x1)-(x8+x8))+((x8*-1.667000)+x3)))",0.4247781604157673,0.40344652211318643
"GP-RV IA ERCs",500000,55.83389616012573,"1199_BNG_echoMonths",15,True,"-1089.4364993659742 + (0.00021781585543032692 * (((((x1/ x7)*(x4*x4))-((39.878000*x1)*(x2+x4)))+((46.530000*(67.296000-x0))*((29.540000*55.754000)-(x8*10.848000))))))",0.4402454728661187,0.43548564913490795
"GP-RV IA ERCs",500000,45.12435984611511,"1199_BNG_echoMonths",16,False,"((((26.377000-x2)-(x0*19.179000))+sin((x7+x7)))+(((x3*8.114000)-(x8*5.027000))+(3.574000-(x3*x4))))",0.4375342423446056,0.421793375340935
"GP-RV IA ERCs",100000,35.48179626464844,"1199_BNG_echoMonths",18,True,"-278.97265370290523 + (8.099646855774747 * (((((x1+41.464000)/ (x7+2.642000))/ ((x2+x1)+(x7-27.141000)))-((x4-(32.103000*40.575000))/ ((34.577000+x0)+(x8+x0))))))",0.44195063758051367,0.4226008081519733
"GP-RV IA ERCs",500000,222.69610404968262,"1199_BNG_echoMonths",3,True,"48.74965513659924 + (-7.052623707687896 * (((((28.414000-x3)/ (10.617000-x2))+sin((41.161000-x8)))+(((x4/ 51.357000)*(x7+x3))+((x1+31.046000)*(x0/ 39.453000))))))",0.4371885202293423,0.44321892090912085
"GP-RV IA ERCs",100000,29.95457911491394,"1199_BNG_echoMonths",19,True,"-11998.477630097559 + (0.009537177939956886 * (((((x1+9.730000)-(x7*x4))-((x1*14.627000)+(x4*19.836000)))+(((36.671000*17.231000)+(63.875000-x0))*((53.279000*34.254000)-(x8+10.848000))))))",0.43734490678018256,0.4264599620133115
"GP-RV IA ERCs",100000,34.5640025138855,"1199_BNG_echoMonths",19,False,"((((26.377000+x0)-(x0*19.179000))+((12.751000-x4)/ (21.333000/ x5)))+(((5.801000/ x6)+(68.004000/ x1))-((5.461000*x8)-(x3*x5))))",0.4329636710700371,0.4174111847303932
"GP-RV IA ERCs",100000,23.719823122024536,"1199_BNG_echoMonths",20,False,"((((25.161000-x2)-(x0*17.749000))-((x8-x3)/ (9.037000/ 63.023000)))+2.819000)",0.43307146645001215,0.3922941170574574
"GP-RV IA ERCs",100000,29.755876779556274,"1199_BNG_echoMonths",20,True,"-977.5503263520874 + (-0.0011924658260463454 * (((((x2+x1)*(2.893000*x4))+((x1*25.731000)*(x7+x2)))-(((34.180000-15.919000)*(60.107000-x0))*((17.755000*43.561000)-(x8*5.442000))))))",0.44892423804599035,0.4145404477460338
"GP-RV IA ERCs",500000,29.28861379623413,"1199_BNG_echoMonths",20,False,"((((25.161000-x2)-(x0*17.749000))-((x8-x3)/ (9.037000/ 62.816000)))+2.819000)",0.43307153582550517,0.3923413336121422
"GP-RV IA ERCs",500000,64.98728847503662,"1199_BNG_echoMonths",17,True,"-958.6551317159318 + (-0.0009485201751814199 * (((((x1+19.938000)*(3.004000*x4))+((x1*41.450000)*(x2+x7)))-(((23.027000-6.276000)*(60.707000-x0))*((19.020000*54.215000)-(x8*7.311000))))))",0.4381754529866847,0.44295348064559903
"GP-RV IA ERCs",500000,60.82730984687805,"1199_BNG_echoMonths",18,False,"((((28.162000-x8)-(x0*19.711000))-sin((x8-7.689000)))+(((65.368000/ x1)-(x8+x8))+((x4*x7)/ (23.369000-36.875000))))",0.4293088518528082,0.41353145346886533
"GP-RV IA ERCs",500000,68.57395148277283,"1199_BNG_echoMonths",17,False,"((((24.949000-x8)-(x0*18.085000))+((1.213000/ x7)/ sin(0.439000)))/ (((x2/ 10.634000)-sin(41.967000))+((x0*x8)-(x0/ x5))))",0.42211462410653255,0.43238930535751596
"GP-RV IA ERCs",100000,30.993635654449463,"1199_BNG_echoMonths",21,True,"33.93776355560526 + (-8.116342461352259 * (((((x0+x0)+(x1/ 60.935000))+((x2/ 3.616000)+sin(13.194000)))+(sin((34.680000-x8))+((x7-25.307000)/ (15.442000+x4))))))",0.44433657333692334,0.4298175640466967
"GP-RV IA ERCs",100000,32.69997024536133,"1199_BNG_echoMonths",21,False,"((((27.799000+x0)-(x0*19.202000))+sin((64.784000-x7)))+(((x0/ x6)-x2)-((6.299000*x8)-(x3*5.635000))))",0.4272855709041804,0.41946815817157557
"GP-RV IA ERCs",100000,26.464479684829712,"1199_BNG_echoMonths",22,False,"((((26.377000+x0)-(x0*18.699000))+(sin(21.794000)-(x8*7.058000)))+(((23.959000-x4)+(54.868000-x8))/ ((x7*8.231000)+(x7*x4))))",0.4359355839191651,0.42777803216492805
"GP-RV IA ERCs",500000,54.42635488510132,"1199_BNG_echoMonths",19,False,"((((26.377000-x2)-(x0*18.659000))+((12.751000-x4)/ (22.459000/ x5)))+(((5.801000/ x6)+(68.004000/ x1))-((5.933000*x8)-(0.500000*2.898000))))",0.4362516673219453,0.4215171189553778
"GP-RV IA ERCs",100000,30.4711856842041,"1199_BNG_echoMonths",22,True,"42.740042322550146 + (0.06140700481469861 * (((((8.539000+x7)/ (x8-4.581000))*((66.408000+x4)+(x1-x8)))*(sin(x0)-sin((42.218000-57.120000))))))",0.4385667468627461,0.42566779862295356
"GP-RV IA ERCs",500000,54.90541172027588,"1199_BNG_echoMonths",20,True,"-1040.8897059916746 + (-0.0011312065196284482 * (((((x5+x1)*(2.893000*x4))+((x1*26.715000)*(x7+x2)))-(((34.180000-15.919000)*(64.027000-x0))*((18.670000*43.561000)-(x8*5.442000))))))",0.44895403961256763,0.41425868504560226
"GP-RV IA ERCs",500000,52.80816626548767,"1199_BNG_echoMonths",21,False,"((((27.799000-x2)-(x0*18.497000))+sin((x7+x7)))+(((x0/ x7)-x2)-((6.299000*x8)-(x3*6.757000))))",0.4304271680215186,0.4190453637417416
"GP-RV IA ERCs",500000,40.521557331085205,"1199_BNG_echoMonths",22,False,"((((26.377000+x0)-(x0*18.699000))+((52.721000/ x1)-(x8*7.058000)))+(((9.978000-x4)+(64.975000-x4))/ ((x7*8.438000)+(x7*x4))))",0.4365508486041134,0.4288717173704448
"GP-RV IA ERCs",500000,244.09488153457642,"1199_BNG_echoMonths",5,True,"68.38367622818865 + (0.25487743239269284 * (((((39.297000-x5)-(x1*x0))-((26.521000+x7)*(6.783000+x8)))+(((11.679000/ x1)*(62.035000+x4))-((x4+x2)+(x2*7.654000))))))",0.4381558541371986,0.4447722891468765
"GP-RV IA ERCs",100000,29.731030225753784,"1199_BNG_echoMonths",23,True,"-1047.522628688021 + (0.06458096794355096 * (((((48.746000-51.421000)*(x1+x4))+((x2+x7)*(26.242000-52.657000)))+(((4.001000/ 18.962000)*(64.030000-x0))*((21.792000*57.452000)-(x8*7.838000))))))",0.4529011792419543,0.3987948617062085
"GP-RV IA ERCs",100000,34.07191348075867,"1199_BNG_echoMonths",23,False,"((((28.098000-x2)-(x0*19.666000))+sin((x7+x7)))+((x0+sin(x7))+((x4*x8)/ (0.339000-3.290000))))",0.43627361744110915,0.38969925567847474
"GP-RV IA ERCs",100000,28.29454469680786,"1199_BNG_echoMonths",24,True,"31.860448397129396 + (-0.0032913573888199168 * (((((52.744000*x0)*(x7*22.314000))+((61.464000-x6)*(x8*44.627000)))+(((x2*x1)+(x4*x1))+((54.329000+x2)*(x0*x1))))))",0.4466131773521097,0.4151044998599138
"GP-RV IA ERCs",500000,73.71976041793823,"1199_BNG_echoMonths",19,True,"-9637.438814091425 + (0.011318060003279838 * (((((-2.155000-x2)*(x7*68.087000))-((x1*11.239000)+(x4*19.836000)))+(((30.762000*17.231000)+(38.870000-x0))*((44.131000*34.254000)-(x8+8.438000))))))",0.442091420618825,0.4323303389702332
"GP-RV IA ERCs",500000,100.09524059295654,"1199_BNG_echoMonths",18,True,"67.34202054522113 + (0.21657262205902708 * (((((19.643000+x7)/ (x8-6.646000))*((x2+23.396000)*(x0+1.664000)))-((x4+(0.640000*x1))-sin((x5*57.489000))))))",0.44514512594769395,0.4289379340467795
"GP-RV IA ERCs",100000,38.14950442314148,"1199_BNG_echoMonths",24,False,"((((25.174000-x2)-(x0*18.085000))+sin((x7+x7)))+(((36.348000/ 13.002000)--1.585000)+((x1*x8)/ (x0-10.141000))))",0.43460586870333695,0.40296765192346296
"GP-RV IA ERCs",500000,44.05506420135498,"1199_BNG_echoMonths",23,False,"((((28.098000-x2)-(x0*19.666000))+sin((x7+x7)))+((x0+(46.016000/ 40.482000))+((17.485000*x8)/ (0.339000-3.290000))))",0.4368800332056235,0.3904981869731651
"GP-RV IA ERCs",500000,51.182475328445435,"1199_BNG_echoMonths",22,True,"42.634271218653964 + (0.05999488379787866 * (((((8.539000+x7)/ (x8-4.581000))*((68.403000+x4)+(x1+x2)))*(sin(x0)-sin((42.218000-57.120000))))))",0.43877479984593704,0.426218802666988
"GP-RV IA ERCs",500000,40.32702088356018,"1199_BNG_echoMonths",24,True,"31.919631111493818 + (-0.00338938813235831 * (((((52.744000*x0)*(x7*22.314000))+((61.464000-x6)*(x8*44.627000)))+(((x2*x1)+(x4*x1))+((51.141000+x2)*(x0*x1))))))",0.44664533895365843,0.41507203414231764
"GP-RV IA ERCs",100000,34.96737480163574,"1199_BNG_echoMonths",25,False,"((((26.377000-x2)-(x0*18.761000))+sin((x7+13.600000)))-(((x4/ 9.898000)-(7.890000/ x5))+((5.964000*x8)-(x0+2.106000))))",0.4215757183465175,0.46361746975506746
"GP-RV IA ERCs",100000,19.046635389328003,"1199_BNG_echoMonths",27,False,"(29.478000-(x0*((61.354000-42.854000)+(x8*5.980000))))",0.41777184940823586,0.4183570234509516
"GP-RV IA ERCs",500000,220.98798871040344,"1199_BNG_echoMonths",9,True,"39.597719674490875 + (-0.0034876559197356293 * (((((x2+x7)*(13.500000*43.044000))+((64.669000*x8)*(x7+26.937000)))+(((21.877000*x1)+(x4*57.754000))+((53.913000+x1)*(x0*41.486000))))))",0.44153835353325377,0.4391991206937398
"GP-RV IA ERCs",100000,32.85649824142456,"1199_BNG_echoMonths",26,True,"-1037.4167150466556 + (-0.015290378990554672 * (((((x7+x2)*(x1+x1))-((x4*18.292000)*sin(55.605000)))+((sin(10.168000)*(63.875000-x0))*((28.429000*57.067000)-(x8*10.848000))))))",0.4440263397499069,0.4249098956592464
"GP-RV IA ERCs",500000,61.29399299621582,"1199_BNG_echoMonths",23,True,"-1034.666442377518 + (0.07498081946590242 * (((((49.080000-51.421000)*(x1+x4))+((x2+x7)*(22.846000-52.107000)))+(((4.001000/ 18.962000)*(63.428000-x0))*((21.792000*49.408000)-(x8*6.540000))))))",0.4532983844715808,0.3978107008850892
"GP-RV IA ERCs",100000,40.08036732673645,"1199_BNG_echoMonths",25,True,"37.68869443043662 + (1.2281863087005769 * (((((68.200000+x1)/ (x7-12.053000))/ sin((x8-58.371000)))*(((62.169000/ 10.811000)/ (8.899000+x4))-(x0+sin(27.228000))))))",0.43112743422674393,0.46340767402571503
"GP-RV IA ERCs",100000,36.32907199859619,"1199_BNG_echoMonths",26,False,"((((27.265000-x2)-(x0*19.179000))+sin((x7+x7)))-(((x4/ 14.074000)-sin(39.254000))+((4.802000*x8)-(x3*6.006000))))",0.4335515738632755,0.4093943569560007
"GP-RV IA ERCs",500000,24.888622760772705,"1199_BNG_echoMonths",27,False,"(29.478000-(x0*((61.354000-42.854000)+(x8*5.980000))))",0.41777184940823586,0.4183570234509516
"GP-RV IA ERCs",100000,2.770796060562134,"192_vineyard",0,False,"((sin((13.185000*x0))+x1)+(x0/ ((x1/ 21.257000)*(x1/ 11.253000))))",0.7823677452472748,-0.34122320952714835
"GP-RV IA ERCs",100000,2.9402883052825928,"192_vineyard",0,True,"25.503428735642213 + (-3.547385373014727 * (((sin((14.972000*x0))+((14.137000/ 4.092000)-(x0-x1)))*(((24.244000+x1)/ (x1/ 2.944000))/ ((x0*9.283000)+(23.461000+5.403000))))))",0.8442284915004271,-0.05254478731646661
"GP-RV IA ERCs",500000,62.41704511642456,"1199_BNG_echoMonths",24,False,"((((24.949000-x2)-(x0*17.757000))+sin((x7+x7)))+(((36.348000/ 13.002000)-(-1.799000+x2))+((x1*x8)/ (x0-10.141000))))",0.43555721816044857,0.4052533174502506
"GP-RV IA ERCs",100000,2.172128200531006,"192_vineyard",1,False,"((((x1-22.912000)-(13.941000/ 7.808000))*((x0-x0)-(x1+x0)))/ 10.259000)",0.7626596526438704,0.606278672825696
"GP-RV IA ERCs",100000,32.22763252258301,"1199_BNG_echoMonths",27,True,"-1039.2317539978885 + (-0.16726900210939902 * (((((x1+x2)+(x8+x4))-((-3.889000*x7)*(x2+2.608000)))+((sin(15.809000)*(63.875000-x0))*((17.618000*57.067000)-(x8*6.039000))))))",0.4363788106282467,0.4472093411182766
"GP-RV IA ERCs",100000,3.1852080821990967,"192_vineyard",1,True,"-4.48455401335626 + (0.3320029143441936 * (((sin(sin(3.580000))*((x0+x1)*(x1-22.798000)))-(sin((23.881000*x0))/ (sin(x0)-sin(8.564000))))))",0.8452903917329424,0.4294667258425686
"GP-RV IA ERCs",500000,8.97804570198059,"192_vineyard",0,False,"((sin((10.070000*x0))+(x1+(x1/ 12.629000)))+(x0/ ((x1/ 21.121000)*(x1/ 11.176000))))",0.7987166343928885,-0.47034574113198757
"GP-RV IA ERCs",100000,30.139304637908936,"1199_BNG_echoMonths",28,False,"(((29.959000-(x0*17.691000))-sin((57.102000-51.833000)))-(((x1/ 9.305000)*sin(x8))+((x7+x8)-(x8/ x4))))",0.41851732747593495,0.4404938833669292
"GP-RV IA ERCs",100000,2.539785861968994,"192_vineyard",2,False,"((sin(17.680000)/ sin((x1/ 12.415000)))+((x1/ (x1+4.405000))*((22.394000-2.723000)+(5.608000+x0))))",0.7253964806930442,0.5345457728947312
"GP-RV IA ERCs",500000,47.992775201797485,"1199_BNG_echoMonths",26,False,"((((27.265000-x2)-(x0*19.179000))+sin((x7+x7)))-(((x4/ 14.074000)-sin(39.254000))+((4.802000*x8)-(x3*7.082000))))",0.43364109935607453,0.41061425402238905
"GP-RV IA ERCs",100000,31.94843101501465,"1199_BNG_echoMonths",28,True,"-637.0113063857973 + (-0.3263950579874343 * ((((sin(x8)*(28.694000/ 55.652000))+((x0-38.847000)+(29.663000-31.198000)))*(((x2+x7)/ (20.304000/ -3.041000))+(50.988000-(x4/ 57.068000))))))",0.4319183169057462,0.44924857397263585
"GP-RV IA ERCs",100000,3.247509241104126,"192_vineyard",2,True,"16.97627253623035 + (19.06264958637565 * (((sin((x0-x1))+(x1+(x0-10.767000)))/ (((7.987000+x0)-(x0-x1))+((x1/ 16.548000)*(x1+2.834000))))))",0.7883843399686943,0.6443973075015663
"GP-RV IA ERCs",500000,58.04734778404236,"1199_BNG_echoMonths",25,False,"((((26.377000-x2)-(x0*18.761000))+sin((x7/ 0.622000)))-(((x4/ 9.898000)-(64.350000/ x1))+((5.964000*x8)-(x0+2.419000))))",0.42253581061601975,0.4666354549971259
"GP-RV IA ERCs",100000,3.1579971313476562,"192_vineyard",3,True,"23.829227146457388 + (93.99937323818482 * ((((sin(21.895000)+(8.395000-x0))-sin((x0*22.732000)))/ ((sin(x1)-(x0*4.700000))-((x1*6.567000)+(22.063000+x0))))))",0.7911221916623693,0.6508512597142222
"GP-RV IA ERCs",100000,3.4461300373077393,"192_vineyard",3,False,"((23.006000+((x0-3.632000)-(24.877000/ x1)))-(((22.591000/ 20.637000)-(x0-15.884000))/ x1))",0.7476406906955908,0.5018282834358807
"GP-RV IA ERCs",500000,60.09066605567932,"1199_BNG_echoMonths",25,True,"38.04315109389564 + (1.2220508505655927 * (((((68.200000+x1)/ (x7-12.053000))/ sin((x8-58.371000)))*(((62.432000/ 10.811000)/ (8.899000+x4))-(x0+sin(7.387000))))))",0.43113624907405956,0.46332392343175965
"GP-RV IA ERCs",100000,3.6325860023498535,"192_vineyard",4,False,"(((x0*(16.751000/ x1))+((19.976000+9.075000)/ 8.612000))+(sin((24.205000+x0))-((x0/ 18.980000)-x1)))",0.7534060708454227,0.3353993085606317
"GP-RV IA ERCs",500000,9.297972917556763,"192_vineyard",2,False,"((sin((x1+14.865000))/ ((x1/ 17.521000)-(x0*x0)))+((x1/ (x1+4.405000))*((22.394000-4.858000)+(5.867000+x0))))",0.7742572634220078,0.05109981679875475
"GP-RV IA ERCs",100000,3.6580216884613037,"192_vineyard",4,True,"27.86586522956587 + (-2.920548208466359 * ((((sin(x0)+(12.317000+x0))-sin((x0*10.073000)))/ (x0+((x1+9.235000)/ 8.285000)))))",0.8075509309758936,0.5371387118372027
"GP-RV IA ERCs",500000,8.15526294708252,"192_vineyard",3,True,"23.755009852180965 + (83.81230118157609 * ((((sin(3.254000)+(8.395000-x0))-sin((10.121000*x0)))/ ((sin(x1)-(x0*4.700000))-((x1*4.793000)+(19.163000+x1))))))",0.7930236208454778,0.6518685886592532
"GP-RV IA ERCs",500000,10.455873727798462,"192_vineyard",3,False,"((23.006000+((x0-3.632000)-(24.877000/ x1)))-(15.210000/ ((x1+x0)-(x1/ 5.403000))))",0.7508309848271946,0.5227694972705539
"GP-RV IA ERCs",100000,2.986269950866699,"192_vineyard",5,False,"(((sin(17.249000)*(x0/ 11.069000))+((21.639000+20.879000)-25.799000))+(((x0-20.097000)/ (x1*x0))+x0))",nan,nan
"GP-RV IA ERCs",100000,34.36929154396057,"1199_BNG_echoMonths",29,False,"((((28.425000-x2)-(x0*21.577000))+((64.840000+44.024000)/ (x4+34.796000)))-(((x4/ 9.797000)-(x0+x0))+((x5*x8)-(x0-x2))))",0.4303475312666568,0.4326665499029452
"GP-RV IA ERCs",500000,7.426842927932739,"192_vineyard",4,False,"(((x0*(16.871000/ x1))+((19.976000+9.075000)/ 8.612000))+(sin((24.205000+x0))-((x0/ 20.889000)-x1)))",0.7538665759482581,0.3133320951956474
"GP-RV IA ERCs",100000,3.366851329803467,"192_vineyard",5,True,"5.224600580108199 + (0.8131878538864594 * ((sin(((x0*15.073000)-(16.433000+18.371000)))+(((14.286000+x0)-sin(x1))-((22.597000/ x0)/ (x0+x1))))))",nan,nan
"GP-RV IA ERCs",100000,34.9435498714447,"1199_BNG_echoMonths",29,True,"306.7665737997438 + (-0.004358844516595089 * (((((x8*41.790000)+15.628000)+((53.487000*x0)+(58.930000*25.330000)))*(sin((x4/ 12.742000))+((x2/ x5)+(41.487000+x0))))))",0.4343647485274136,0.436953608214821
"GP-RV IA ERCs",100000,2.9459288120269775,"192_vineyard",6,False,"(22.676000-(((8.275000+14.887000)-x1)/ (x0+(x1/ x1))))",0.7953492853742342,0.33936576349664904
"GP-RV IA ERCs",100000,3.0003979206085205,"192_vineyard",6,True,"19.307991477852603 + (0.980682563702484 * (((((21.243000+x0)*(15.005000-x1))*((6.643000-10.632000)+(6.900000-x0)))/ ((10.984000*(4.492000-x0))+((3.485000+18.980000)*(15.219000-19.414000))))))",0.835880114642861,0.2295938387069434
"GP-RV IA ERCs",100000,3.0770273208618164,"192_vineyard",7,False,"((((25.655000-12.879000)+(21.335000-x1))/ ((15.835000/ 11.760000)+(13.023000/ x0)))+(15.514000-((23.680000-x1)/ (x1*x0))))",nan,nan
"GP-RV IA ERCs",500000,8.546370506286621,"192_vineyard",5,False,"((sin((11.462000-x1))+16.452000)+(((x0-19.683000)/ (x1*x0))+x0))",nan,nan
"GP-RV IA ERCs",100000,3.6928646564483643,"192_vineyard",7,True,"2.0715840970307977 + (0.7033141726924549 * ((sin(((14.175000+x0)*(x0*x0)))-(((11.179000/ x0)-(21.292000+x0))+(sin(x1)-(x1/ x0))))))",nan,nan
"GP-RV IA ERCs",500000,14.14246678352356,"192_vineyard",4,True,"27.867620641770582 + (-2.919730253581287 * ((((sin(x0)+(12.317000+x0))-sin((x0*10.101000)))/ (x0+((x1+9.235000)/ 8.285000)))))",0.8076647539750176,0.5320458361534156
"GP-RV IA ERCs",100000,2.8171746730804443,"192_vineyard",8,True,"19.053451203612674 + (-10.266708818059985 * (((((2.558000-x0)*(18.614000-x1))/ ((x0*x1)+(x1+22.099000)))+(sin((x1*16.318000))/ ((x0+x0)-(9.279000+x1))))))",0.8055099998988183,0.5660410369630131
"GP-RV IA ERCs",500000,29.935120820999146,"192_vineyard",1,True,"-5.059418091809861 + (0.3673854123477905 * ((((sin(18.417000)*(20.091000/ 21.153000))*((x1+x0)*(x1-22.262000)))-(sin((23.881000*x0))/ (sin(x0)-sin(8.564000))))))",0.8467253677900142,0.37696668417816104
"GP-RV IA ERCs",500000,10.252971410751343,"192_vineyard",6,False,"(22.676000-(((8.275000+15.023000)-x1)/ (x0+(x1/ x1))))",0.7956657780247095,0.3436166773420959
"GP-RV IA ERCs",100000,3.950441598892212,"192_vineyard",8,False,"(sin(((4.875000-x0)+(9.418000-22.186000)))-(((x1+x0)*(x1/ 9.265000))-((11.483000/ 4.566000)*(x0+x1))))",0.7545401542492767,0.5984305831461605
"GP-RV IA ERCs",500000,73.48698449134827,"1199_BNG_echoMonths",26,True,"-1046.768536932743 + (-0.011435777564338705 * (((((x7+x2)*(3.364000*x1))-((x4*18.292000)*sin(54.604000)))+((sin(36.671000)*(63.875000-x0))*((30.407000*56.884000)-(x8*10.848000))))))",0.44478961823185925,0.4235466576560708
"GP-RV IA ERCs",500000,7.84859561920166,"192_vineyard",7,False,"((((25.655000-14.394000)+(21.335000-x1))/ ((14.939000/ 11.760000)+(12.092000/ x0)))+(15.514000-((23.680000-x1)/ (x1*x0))))",nan,nan
"GP-RV IA ERCs",500000,65.02274870872498,"1199_BNG_echoMonths",27,True,"-1072.5162215079756 + (0.0006885638448029845 * (((((x1*-3.919000)*(x5+x4))-((x1*51.038000)*(x2+x7)))+(((38.797000-17.231000)*(65.070000-x0))*((20.160000*56.884000)-(x8*6.858000))))))",0.4379243007715139,0.4475595438110991
"GP-RV IA ERCs",500000,13.120355606079102,"192_vineyard",6,True,"18.995219092071967 + (-40.49283298014559 * ((((sin(x0)-(15.005000-x1))*((6.643000-10.632000)+(6.900000-x0)))/ ((10.984000*(4.492000-x0))+((5.050000+22.895000)*(15.219000-20.169000))))))",0.8419085797187218,0.21595497521344276
"GP-RV IA ERCs",100000,2.953522205352783,"192_vineyard",9,True,"18.762118832967964 + (-1.686777699387813 * (((((2.934000-x0)*(x1-13.043000))/ ((24.391000/ 4.318000)*sin(24.459000)))+sin(((x0+17.703000)+(x0+x1))))))",0.8205645107162206,0.5616137805449981
"GP-RV IA ERCs",500000,58.0813353061676,"1199_BNG_echoMonths",28,False,"(((29.959000-(x0*17.369000))-sin((24.887000-51.833000)))-(((x1/ 9.305000)*(x8*x8))+((x7+x2)-(x3-x2))))",0.4213371539735201,0.44512263112642625
"GP-RV IA ERCs",100000,3.851104974746704,"192_vineyard",9,False,"(25.467000-(((x1-x0)*(12.760000/ x1))*((4.288000+7.833000)/ (4.666000+x1))))",0.7138017952747227,0.7565361128368834
"GP-RV IA ERCs",100000,3.1350982189178467,"192_vineyard",10,True,"22.974544863358037 + (37.436441113699125 * ((((sin(x1)+(10.218000-x0))-sin((x1*x0)))/ ((sin(23.546000)*(x0*x1))-((x1*4.133000)+(23.735000/ x1))))))",0.8651073423092438,0.41573354970730003
"GP-RV IA ERCs",100000,4.9450695514678955,"192_vineyard",10,False,"(((sin(x1)+(8.549000-x0))/ (sin(x1)-(x0+x1)))+(((x0+18.538000)*(11.242000/ 9.881000))/ (sin(21.008000)+(4.592000/ x1))))",0.8194517598598299,0.23742203561953446
"GP-RV IA ERCs",500000,34.9328088760376,"192_vineyard",2,True,"14.474488896736755 + (13.104764584247123 * (((sin((x0-x1))+(x1+(x0-8.473000)))/ (((8.205000+x0)-(x0+x1))+((x1/ 7.970000)*(x1+2.562000))))))",0.7988972864481849,0.6931288950954912
"GP-RV IA ERCs",500000,8.641328811645508,"192_vineyard",8,True,"21.56926987527535 + (-1757.9491092477297 * (((((4.935000-9.877000)+x0)/ ((x0*18.217000)+(x1+22.190000)))/ (sin((x1/ 3.741000))+((x0*x0)-(x1+15.686000))))))",0.8244800602491843,0.5216591483686475
"GP-RV IA ERCs",500000,10.542314529418945,"192_vineyard",8,False,"(sin(((17.708000-x0)+(9.112000-22.186000)))-(((x1+x0)*(x1/ 9.416000))-((11.483000/ 4.566000)*(x0+x1))))",0.7557790848955516,0.556321814661461
"GP-RV IA ERCs",100000,6.146945476531982,"192_vineyard",11,False,"((x1-((x1+14.401000)-(x0+19.051000)))+(sin((24.612000*x1))+x1))",0.7019931418598242,0.5089508169494485
"GP-RV IA ERCs",100000,3.8863866329193115,"192_vineyard",11,True,"6.61506190203144 + (0.04705954443641684 * (((sin((x0+x0))+((20.231000-x1)+(18.601000-x1)))*(((x1+x0)-(8.627000-x1))-((10.280000/ x1)*sin(22.063000))))))",0.8105980989279453,0.46138175831645056
"GP-RV IA ERCs",500000,10.899457454681396,"192_vineyard",9,False,"(25.467000-(((x1-x0)*(12.760000/ x1))*((4.288000+7.480000)/ (4.254000+x1))))",0.717608546303673,0.7563203871192895
"GP-RV IA ERCs",100000,3.031705141067505,"192_vineyard",12,False,"((x0+((x1-4.103000)/ (x0-14.644000)))-(((23.557000+16.918000)/ (x1+x0))-19.173000))",0.753986949986988,0.5897353697526873
"GP-RV IA ERCs",100000,3.452688217163086,"192_vineyard",12,True,"29.205754347832624 + (19.719007610055346 * (((sin((x1-15.075000))-((8.331000+x1)-(10.080000/ x1)))/ (x1+(x1+(x0*4.446000))))))",0.7882764193644,0.659730055707062
"GP-RV IA ERCs",500000,9.503302335739136,"192_vineyard",10,True,"23.051137933506052 + (-57.659775201982804 * (((sin((20.556000*x0))+(x0+(6.286000-15.142000)))/ ((sin(17.333000)-(x1*5.509000))-((x0*x1)+(23.781000/ x1))))))",0.8678774080177033,0.4400088626517725
"GP-RV IA ERCs",500000,57.335272789001465,"1199_BNG_echoMonths",29,False,"((((28.425000-x2)-(x0*20.154000))+((66.475000/ x7)/ (x4+10.061000)))-(((x4/ 9.702000)-(x0+x0))+((7.009000*x8)-(x0-x2))))",0.43684717509985416,0.4403046520362499
"GP-RV IA ERCs",100000,3.0493314266204834,"192_vineyard",13,False,"((5.377000+x1)+(((x0*23.196000)+(x0-x1))/ ((x0-4.308000)+(x1+x1))))",0.690149966924867,0.7486667854888343
"GP-RV IA ERCs",100000,2.5912230014801025,"192_vineyard",13,True,"19.916561129635507 + (-0.05064020105998211 * ((((x1-25.846000)+x1)*((sin(25.615000)/ sin(x1))-((2.504000+14.588000)-(x0*5.203000))))))",0.7965145728090629,0.3441880261940674
"GP-RV IA ERCs",500000,7.2579429149627686,"192_vineyard",11,False,"((x1-((x1+14.401000)-(x0+19.051000)))+(sin((24.612000*x1))+x1))",0.7019931418598242,0.5089508169494485
"GP-RV IA ERCs",500000,12.852552890777588,"192_vineyard",10,False,"(((sin(x1)+(8.549000-x0))/ (sin(x1)-(x0+x1)))+(((x0+18.538000)*(11.242000/ 9.881000))/ (sin(21.008000)+(4.592000/ x1))))",0.8194517598598299,0.23742203561953446
"GP-RV IA ERCs",100000,3.584397315979004,"192_vineyard",14,False,"((x0-((x0+24.506000)/ (x1+x1)))+(((x0+x1)/ (x1+4.582000))*((19.065000+11.884000)-(9.030000+x0))))",0.7210617014065294,0.7404784879971039
"GP-RV IA ERCs",100000,3.9013478755950928,"192_vineyard",14,True,"42.43398922458834 + (0.002158225854604852 * (((sin((2.558000*x0))-((x0-x1)-(x1+3.925000)))*(sin(sin(23.557000))*((19.849000/ x1)*(13.323000*23.611000))))))",0.7669412912201596,0.6357613557732957
"GP-RV IA ERCs",500000,8.255547761917114,"192_vineyard",12,False,"((x0+((x1-7.186000)/ (x0-11.985000)))-(((24.374000+18.040000)/ (x1+x0))-19.173000))",0.7570398935455829,0.595023293606785
"GP-RV IA ERCs",100000,2.644207239151001,"192_vineyard",15,False,"((((13.394000-x1)*(x0/ 3.385000))+(sin(19.976000)*(8.049000+x1)))-(((18.030000-x0)/ (x1+x0))-(sin(21.804000)-sin(x1))))",0.8095385414094773,-0.43938267410682563
"GP-RV IA ERCs",500000,52.71030378341675,"192_vineyard",1,False,"((((x1-22.912000)-(17.847000/ x1))*((x0-x0)-(x1+x0)))/ 10.259000)",0.7632544229985745,0.5572507617997322
"GP-RV IA ERCs",500000,12.35225248336792,"192_vineyard",11,True,"9.10481328644593 + (0.04621846793080096 * (((sin((x0+x0))+((18.233000-x1)+(18.601000-x1)))*(((x1+x0)-(8.627000-x1))-((x1/ x1)+sin(x0))))))",0.820600677752211,0.3933426015078084
"GP-RV IA ERCs",100000,3.2892134189605713,"192_vineyard",15,True,"20.95004207581892 + (14.428717101166173 * ((((sin(x1)+(9.625000-x0))+(x0*sin(x0)))/ (((24.967000+x0)*sin(14.986000))-((x0*x1)+(21.814000+x1))))))",0.8093309756980277,-0.2963432080571202
"GP-RV IA ERCs",100000,4.4835851192474365,"192_vineyard",16,False,"((((17.708000-x1)+2.913000)-(sin(24.566000)*(x0+16.332000)))-(((5.510000-x0)*(11.758000/ x1))+(sin(x0)/ (x1/ 10.109000))))",0.7880926428793542,0.14996547517491265
"GP-RV IA ERCs",500000,9.745787620544434,"192_vineyard",14,False,"((x0-((4.458000+25.388000)/ (x1*x1)))+(((x0+x1)/ (x1+4.582000))*((19.446000+10.564000)-(9.030000+x0))))",0.7291906943970456,0.7260272230249772
"GP-RV IA ERCs",100000,4.13268256187439,"192_vineyard",16,True,"12.252879623015966 + (-0.07835588115782768 * (((((12.840000*x0)-(17.166000-x1))/ ((x1-18.914000)+(7.007000*3.279000)))*(((4.961000*x0)+(x1-x0))-((14.398000*4.143000)-sin(x1))))))",0.8301512544994603,0.40079372010688485
"GP-RV IA ERCs",500000,15.219079971313477,"192_vineyard",12,True,"29.165466423513685 + (19.937043767015233 * (((sin((x1-15.087000))-((8.331000+x1)-(10.404000/ x1)))/ (x1+(x1+(x0*4.590000))))))",0.7884304029514492,0.65683933892248
"GP-RV IA ERCs",500000,63.25506591796875,"192_vineyard",0,True,"27.15870096528254 + (-15.713693573577096 * (((sin((14.972000*x0))+((12.583000/ 8.135000)-(x0-x1)))*(((x0+5.182000)/ (x1/ 4.069000))/ ((x0*9.576000)+(21.949000+x0))))))",0.8508951207985783,-0.05113554315051183
"GP-RV IA ERCs",100000,3.1489274501800537,"192_vineyard",17,False,"((((17.767000-x1)+(9.112000-18.285000))-(sin(5.644000)*(x0+15.907000)))*(((x0-x0)-(6.451000/ 25.861000))+(sin(14.301000)/ (4.666000/ x1))))",0.7064687481087467,0.567468880708571
"GP-RV IA ERCs",500000,12.898538589477539,"192_vineyard",13,True,"20.151410972196796 + (-0.06687814486114184 * ((((x1-25.846000)+((x1+x0)/ (24.149000/ 17.159000)))*((sin(7.051000)/ sin(x1))-((x0+12.992000)-(x0*5.249000))))))",0.8086701708472382,-0.021989054545980213
"GP-RV IA ERCs",100000,3.2897555828094482,"192_vineyard",17,True,"18.590720594051025 + (-0.5363045300697875 * (((sin((x0+8.178000))/ sin((9.389000*x1)))+(((25.615000+x1)/ (x1+x0))*((20.669000-x0)-(4.235000+13.437000))))))",0.807379280721404,0.5851018337808046
"GP-RV IA ERCs",500000,9.77584195137024,"192_vineyard",15,True,"20.846924577324632 + (14.924717542687318 * ((((sin(x1)+(9.112000-x0))+(x0*sin(x0)))/ (((25.032000+x0)*sin(14.986000))-((x0*x1)+(21.753000+x1))))))",0.8093820797210978,-0.31484502629380096
"GP-RV IA ERCs",500000,13.02608871459961,"192_vineyard",14,True,"41.94280464612636 + (0.03660534369524557 * (((sin((2.558000*x0))-((x0-x1)-(x1+3.925000)))*(sin((18.291000-x1))-((8.258000/ x1)*(13.323000+23.611000))))))",0.7842588431093093,0.656097828362664
"GP-RV IA ERCs",100000,3.1094861030578613,"192_vineyard",18,False,"((sin((10.617000+x0))-(sin(x1)+(19.047000/ x1)))+(((x1/ 15.933000)+(x0+15.886000))+(sin(x0)/ (23.584000*17.024000))))",0.7326957723455814,0.4707813609589928
"GP-RV IA ERCs",100000,3.5236051082611084,"192_vineyard",18,True,"24.71292056927013 + (1.6280429887088457 * ((sin(((x1+4.146000)*(x0+7.623000)))-((20.468000/ (x1+6.872000))*((20.748000-x0)/ (x0+3.254000))))))",0.8329959130325507,0.5670791923765626
"GP-RV IA ERCs",100000,2.9538989067077637,"192_vineyard",19,False,"(24.838000-(((16.722000*15.926000)/ (20.508000/ 22.042000))/ ((x0*9.578000)+(x1+9.260000))))",0.7694226259940675,0.7068289600559009
"GP-RV IA ERCs",100000,3.085653781890869,"192_vineyard",19,True,"22.794222892338833 + (71.0018885398024 * ((sin((sin(x0)-(10.719000+19.301000)))/ (((22.893000+15.688000)/ (7.549000*x1))-((x0*x0)+(21.792000/ 3.990000))))))",0.8118373282364093,0.5322337592852278
"GP-RV IA ERCs",500000,12.11889910697937,"192_vineyard",16,False,"((((17.708000-x1)+2.913000)-(sin(24.566000)*(x0+16.332000)))-(((5.510000-x0)*(11.758000/ x1))+(sin(x0)/ (x1/ 10.109000))))",0.7880926428793542,0.14996547517491265
"GP-RV IA ERCs",100000,3.1808559894561768,"192_vineyard",20,True,"6.374093045404576 + (-6.4176740476245175 * (((((x1+x0)-21.021000)*((x1-x1)+(x0/ 21.631000)))-(((x0/ 18.196000)+(x1/ 10.962000))-((14.930000/ x1)/ (x0+7.209000))))))",0.8057787860053792,0.40968030275549727
"GP-RV IA ERCs",100000,3.4652092456817627,"192_vineyard",20,False,"((((25.394000/ x1)-sin(17.872000))+((9.800000/ 13.334000)+(13.128000+x0)))+(((9.905000-x0)*(x0-6.273000))/ ((x0+x1)+(4.666000/ 22.586000))))",0.7639384387629354,0.5082463612687194
"GP-RV IA ERCs",500000,8.400536060333252,"192_vineyard",18,False,"((((25.618000/ x1)-(x0*21.004000))*((x0-24.616000)/ (22.771000*x1)))+(((23.973000-x0)/ (x0+4.829000))+x1))",0.7696247572523595,0.5193705004025849
"GP-RV IA ERCs",500000,11.221934795379639,"192_vineyard",17,False,"((((17.708000-x1)+(9.112000-18.285000))-(sin(5.644000)*(x0+16.033000)))*(((x0-x0)-(6.451000/ 25.591000))+(sin(20.550000)/ (4.666000/ x1))))",0.7070590109726164,0.580201976105092
"GP-RV IA ERCs",500000,14.561092615127563,"192_vineyard",16,True,"12.248921168291883 + (-0.07741729728814929 * (((((12.840000*x0)-(17.166000-x1))/ ((x1-18.914000)+(7.007000*3.279000)))*(((4.877000*x0)+(x1-x0))-((14.398000*4.143000)-sin(x1))))))",0.8302325332976308,0.4030092358681552
"GP-RV IA ERCs",500000,9.688167333602905,"192_vineyard",18,True,"24.7756120959032 + (1.733737475658704 * ((sin(((x1+4.146000)*(x0+13.838000)))-((20.468000/ (x1+7.750000))*((20.748000-x0)/ (x0+3.365000))))))",0.8504648292907013,0.5552044645573107
"GP-RV IA ERCs",100000,3.774688243865967,"192_vineyard",21,True,"24.465225553944013 + (1.7781767873644099 * (((8.505000/ ((9.886000+10.246000)-(x0+21.569000)))+(sin((x0-x1))-(sin(5.250000)+(18.930000/ x1))))))",0.8114719146451094,0.47512760018896316
"GP-RV IA ERCs",100000,2.9786620140075684,"192_vineyard",22,False,"(6.555000+(((24.612000*x0)/ (2.525000+x0))-(x0/ 5.733000)))",0.7717664207570274,-0.17238740411316433
"GP-RV IA ERCs",500000,15.551683902740479,"192_vineyard",17,True,"24.39919763676266 + (-0.543762794112632 * (((sin((x0+8.400000))/ sin((24.661000*x1)))+(((4.216000+x1)/ (x1+x0))*((20.669000-x0)-(x0+4.590000))))))",0.8171585495528249,0.5172517695153036
"GP-RV IA ERCs",100000,3.350865125656128,"192_vineyard",22,True,"53.73185336784669 + (0.8073263702809764 * (((((x1+x1)/ (x1+x0))*((x1-18.217000)*(13.630000-11.652000)))-(sin((x0*8.704000))+((17.211000+x1)/ (15.371000/ x1))))))",0.8409971938557462,-0.10572988295680696
"GP-RV IA ERCs",500000,84.57178854942322,"1199_BNG_echoMonths",29,True,"226.09387659529744 + (-0.005309342568763086 * (((((x8*42.583000)+(x7*11.304000))+((x1*x0)+(44.666000*28.188000)))*(sin((x4/ 14.619000))+((x2/ 3.571000)+(28.393000+x0))))))",0.44147649574874415,0.4465411380853296
"GP-RV IA ERCs",500000,14.643035650253296,"192_vineyard",19,False,"(24.838000-(((16.722000*15.926000)/ (20.508000/ 22.042000))/ ((x0*9.578000)+(x1+9.729000))))",0.7714802090867106,0.7189492320118569
"GP-RV IA ERCs",500000,11.809987545013428,"192_vineyard",20,False,"((((25.930000/ x1)-(x0/ 18.285000))+((24.566000/ 18.437000)+(13.128000+x0)))+(((9.905000-x0)*(x0-6.261000))/ ((x0+5.711000)/ (5.418000/ x1))))",0.7708168328699369,0.5677690815390313
"GP-RV IA ERCs",500000,14.421199083328247,"192_vineyard",19,True,"22.794222892338833 + (71.0018885398024 * ((sin((sin(x0)-(10.719000+19.301000)))/ (((22.893000+15.688000)/ (7.549000*x1))-((x0*x0)+(21.792000/ 3.990000))))))",0.8118373282364093,0.5322337592852278
"GP-RV IA ERCs",100000,3.487518310546875,"192_vineyard",23,False,"(((sin(x0)+(21.080000-17.496000))-((9.212000-10.564000)+(8.966000-x0)))+(sin((17.779000-x0))+((x0+15.139000)+(x1/ 15.126000))))",0.7283904970766204,0.385362011038921
"GP-RV IA ERCs",100000,3.1301560401916504,"192_vineyard",23,True,"8.447136394724529 + (-4763.283869843556 * (((sin((x0*12.396000))/ ((14.451000+9.998000)+sin(x1)))/ ((x0+(17.838000-11.791000))+sin((21.320000*x0))))))",0.8067878285024084,0.4721730284415657
"GP-RV IA ERCs",100000,2.9855194091796875,"192_vineyard",24,False,"((((9.651000+6.285000)/ (17.614000+x1))+((x1/ 12.369000)/ (x0-13.338000)))*(((x1*4.524000)+(3.726000*x0))/ ((7.099000+22.328000)/ 20.226000)))",0.7274669706780059,0.5906289435685491
"GP-RV IA ERCs",500000,12.418864965438843,"192_vineyard",21,False,"(19.476000-(((3.218000+4.302000)/ (x1/ 5.425000))-x0))",0.6836460672781819,0.762267613165142
"GP-RV IA ERCs",100000,3.813920497894287,"192_vineyard",24,True,"16.7771828898747 + (0.47492299167585245 * (((((10.677000-x1)*(x0-3.777000))+(sin(14.781000)*(x0+x0)))+(sin((24.702000-x0))*(sin(x0)/ sin(3.399000))))))",0.7981985676119243,0.6110218810772213
"GP-RV IA ERCs",100000,15.114388227462769,"192_vineyard",21,False,"(19.476000-(((3.218000+4.302000)/ (x1/ 5.425000))-x0))",0.6836460672781819,0.762267613165142
"GP-RV IA ERCs",500000,9.65610671043396,"192_vineyard",22,False,"(6.555000+(((24.575000*x0)/ (2.525000+x0))-(x0/ (16.215000-x1))))",0.7807439238864676,-0.06362366105109096
"GP-RV IA ERCs",500000,15.35866904258728,"192_vineyard",20,True,"6.265970954770919 + (-6.28063731000089 * (((((x1+x0)-21.024000)*((x1-x1)+(x0/ 20.814000)))-(((x0/ 18.196000)+(x1/ 10.770000))-((14.085000/ x1)/ (x0+6.863000))))))",0.8058678752694426,0.391808142073542
"GP-RV IA ERCs",100000,3.017906427383423,"192_vineyard",25,False,"((((7.779000-x1)+(8.549000-x0))/ ((21.826000/ 15.331000)-x1))+(sin(sin(14.300000))*((19.081000+x0)-sin(x1))))",0.697677674040847,0.6485832463901575
"GP-RV IA ERCs",100000,3.7420692443847656,"192_vineyard",25,True,"10.059705159318451 + (-11.40485834312014 * (sin((((x1+4.469000)/ (x0+x1))/ sin((6.291000+9.940000))))))",0.7773383877919726,0.6432800552003786
"GP-RV IA ERCs",100000,3.1903774738311768,"192_vineyard",26,False,"(((4.706000+x1)+sin((x0-13.792000)))+(sin((x1*19.158000))+((x0*22.725000)/ (x1+x1))))",0.768598474652499,0.6138780431526915
"GP-RV IA ERCs",500000,12.5938081741333,"192_vineyard",22,True,"52.43119173039972 + (0.8321348027679084 * (((((x1+x1)/ (x1+x0))*((x1-17.720000)*(13.630000-11.712000)))-(sin((x0*15.000000))+((16.259000+x1)/ (15.371000/ x1))))))",0.8441626004856579,0.11636304653403229
"GP-RV IA ERCs",500000,9.59811806678772,"192_vineyard",23,False,"((((x0-8.852000)*(20.868000-13.039000))/ ((x1*x0)+x1))-(sin((11.280000-15.232000))+((x0/ 14.168000)-(17.972000+x0))))",0.7734429168913239,0.20530264878227666
"GP-RV IA ERCs",100000,3.5145931243896484,"192_vineyard",26,True,"-34.93770822731315 + (-5.4785521412940605 * ((((sin(x1)*(x0/ 4.350000))-((3.374000+x1)+(10.751000*x0)))/ (x0+((x1+5.542000)/ 9.399000)))))",0.8301782499014122,0.5623971490326083
"GP-RV IA ERCs",500000,52.742019176483154,"192_vineyard",9,True,"18.758068312029668 + (-1.710233131671349 * (((((2.934000-x0)*(x1-13.043000))/ ((24.780000/ 4.318000)*sin(24.459000)))+sin(((x0+11.416000)+(x0+x1))))))",0.8205746411529973,0.5576511656879974
"GP-RV IA ERCs",500000,42.87458395957947,"192_vineyard",13,False,"((5.377000+x1)+(((x0*23.196000)+(x0-x1))/ ((x0-4.308000)+(x1+x1))))",0.690149966924867,0.7486667854888343
"GP-RV IA ERCs",100000,3.3637874126434326,"192_vineyard",27,False,"((x0+(sin(19.976000)*(7.550000+x1)))+(sin((14.786000*x1))-sin((x1-x0))))",0.7564830227891157,0.1515673033041467
"GP-RV IA ERCs",100000,3.585301160812378,"192_vineyard",27,True,"22.15070835685197 + (0.10922737325709221 * (((((x0-5.884000)*(18.357000-x1))*((6.643000-x0)+(12.353000-x0)))/ ((sin(x0)*(4.492000-x0))+((14.287000+5.075000)-(15.219000-5.450000))))))",0.834079835367871,0.4108850817689107
"GP-RV IA ERCs",500000,11.739930629730225,"192_vineyard",24,False,"((((9.651000+6.285000)/ (17.614000+x1))+((x1/ 12.369000)/ (x0-13.338000)))*(((x1*4.524000)+(3.726000*x0))/ ((7.099000+22.328000)/ 20.226000)))",0.7274669706780059,0.5906289435685491
"GP-RV IA ERCs",100000,3.9482624530792236,"192_vineyard",28,True,"20.012377090378294 + (1.0033112221138838 * ((x0-(((20.438000/ x1)+(23.385000/ x1))-sin((x0*22.648000))))))",0.8254007497603391,0.5226868397257046
"GP-RV IA ERCs",500000,73.27675318717957,"192_vineyard",5,True,"6.517562782618768 + (-0.7756639301978835 * (((sin((x0*15.073000))/ ((x1/ 12.147000)-sin(25.230000)))-(((13.466000+x0)-sin(x1))-((21.667000/ x0)/ (x0+x1))))))",nan,nan
"GP-RV IA ERCs",500000,14.419684886932373,"192_vineyard",24,True,"16.731309198943944 + (0.47473231454986903 * (((((10.677000-x1)*(x0-3.777000))+(sin(14.781000)*(x0+x0)))+(sin((5.838000-x0))*(sin(x0)/ sin(12.324000))))))",0.7988840138073036,0.6082705689627449
"GP-RV IA ERCs",100000,6.251422643661499,"192_vineyard",28,False,"((((16.414000-x1)+(8.549000-12.980000))-(sin(22.688000)*(x0+13.587000)))*(((x0-x0)*sin(14.619000))+(sin(13.296000)/ (4.481000/ x1))))",0.7764215051877541,0.4289270762061006
"GP-RV IA ERCs",500000,13.676982402801514,"192_vineyard",25,True,"20.228949814279837 + (5.789661808556886 * (((((10.056000-13.998000)-(x1-17.871000))*((4.322000-x0)-sin(x0)))/ ((x1/ (4.323000-x0))-((x0+20.640000)-(13.938000-9.296000))))))",0.8109211757619176,0.6046798537358682
"GP-RV IA ERCs",100000,3.2574219703674316,"192_vineyard",29,True,"20.577239711901225 + (-1.2493288044885147 * (((((x1+25.623000)-(8.798000*x0))*((14.073000-x1)/ (21.332000+x1)))+sin(((x0*10.874000)+sin(x1))))))",0.817113938457412,0.6351519447645078
"GP-RV IA ERCs",500000,12.538466930389404,"192_vineyard",26,False,"(((4.706000+x1)+sin((x0-13.792000)))+(sin((x1*19.158000))+((x0*22.725000)/ (x1+x1))))",0.768598474652499,0.6138780431526915
"GP-RV IA ERCs",500000,244.04009199142456,"1199_BNG_echoMonths",16,True,"51.289533471933765 + (-0.002839635548889097 * (((((28.414000*4.162000)*(x8*20.327000))+((23.662000*35.481000)*(x2+6.023000)))+(((x1*27.506000)+(x4*67.921000))+((67.910000+x1)*(x0*45.631000))))))",0.4403076614538862,0.43041042981326383
"GP-RV IA ERCs",500000,12.758762121200562,"192_vineyard",27,False,"((x0+(sin(19.878000)*(7.808000+x1)))+(sin((x0+11.068000))-sin((x1-x0))))",0.7768513715667907,0.378382913828467
"GP-RV IA ERCs",500000,12.468297004699707,"192_vineyard",27,True,"22.01749459395911 + (0.09660032340870331 * (((((x0-5.742000)*(18.158000-x1))*((10.283000-x0)+(8.692000-x0)))/ ((sin(x0)*(3.990000-x0))+((14.083000+4.714000)-(16.024000-5.450000))))))",0.8346580113312638,0.41705124820841466
"GP-RV IA ERCs",500000,18.11976408958435,"192_vineyard",25,False,"((((10.087000-x1)+(3.804000-x0))/ (sin(23.002000)*x1))+(((14.300000-x0)*(x0/ x1))+(sin(13.296000)+(4.481000+x1))))",0.7066224646360162,0.6109922195112095
"GP-RV IA ERCs",100000,4.127785921096802,"210_cloud",0,True,"-1.6108037126899466 + (0.055722101709011214 * (((((x2*x1)-(x4/ 0.372000))+((x2+5.146000)*(5.946000+0.245000)))+(x3*((5.398000+2.026000)+(x4/ 0.857000))))))",0.9428838274974173,0.6195134321666915
"GP-RV IA ERCs",100000,8.096523523330688,"192_vineyard",29,False,"(((x1/ sin(7.693000))+((x0+24.393000)/ (23.931000-18.741000)))+((x0+sin(x0))+sin((x0-x1))))",0.7319132342379695,0.21709710284209705
"GP-RV IA ERCs",500000,7.935304880142212,"192_vineyard",29,False,"(((x1/ sin(7.693000))+((x0+24.393000)/ (23.931000-18.741000)))+((x0+sin(x0))+sin((x0-x1))))",0.7319132342379695,0.21709710284209705
"GP-RV IA ERCs",100000,7.488520383834839,"210_cloud",0,False,"((((5.931000/ x3)/ 4.271000)-(sin(5.634000)*(x2+3.094000)))*(((x0-x0)*(2.539000-x4))+(sin(3.013000)/ (0.553000/ x3))))",0.8981201606436272,0.6827116407455289
"GP-RV IA ERCs",100000,4.3475940227508545,"210_cloud",1,True,"1.2946628927761736 + (-0.4691396189178376 * (((((3.417000/ 1.373000)/ (3.272000+x0))-((3.630000-2.095000)+(x2-3.141000)))-(((1.309000-0.723000)*(0.825000+x3))/ ((x4+2.026000)/ (x3*x3))))))",0.9245148598816197,0.51440353142492
"GP-RV IA ERCs",100000,6.11152458190918,"210_cloud",1,False,"((((3.883000-5.833000)+x3)-(sin(5.634000)*(x2+3.184000)))*(((x3-x0)*(0.113000/ x4))+(x3*(0.553000/ x3))))",0.8865897409449028,0.9014090611565178
"GP-RV IA ERCs",100000,3.8215720653533936,"210_cloud",2,True,"-0.44829413984589295 + (0.06414684928175225 * (((((x3*2.563000)-2.486000)*((2.104000-x0)*(x3/ x4)))+(((x2+3.029000)-sin(x1))*((x3+4.278000)+sin(x1))))))",0.9242931241715021,0.8711094838863108
"GP-RV IA ERCs",500000,12.525947570800781,"192_vineyard",29,True,"19.672945095959243 + (-1.4784979782540413 * (((((x0+25.309000)-(8.544000*x0))*((14.259000-x1)/ (25.759000+x1)))+sin(((x0*20.637000)+(5.644000+x1))))))",0.8299177856929354,0.5269293910430266
"GP-RV IA ERCs",100000,6.193120002746582,"210_cloud",2,False,"((((0.920000+x3)/ (1.688000-0.261000))+(sin(x3)+(x2+0.601000)))/ (((5.185000-x3)+(x0-0.562000))+sin(sin(3.013000))))",0.8548103552585286,0.8465099486969284
"GP-RV IA ERCs",100000,3.6235721111297607,"210_cloud",3,True,"0.13985260788388015 + (-0.0043901326080729155 * (((((4.441000*4.281000)*(x4+x3))*((x1+4.449000)+(4.638000*x2)))/ (((x3-0.922000)-(x4+x3))+sin((x3-1.757000))))))",0.915040801594156,0.9329483779980454
"GP-RV IA ERCs",100000,4.405178070068359,"210_cloud",3,False,"(x3+(((0.367000-0.611000)-(x3-x2))*((1.845000*0.456000)/ (3.192000-x0))))",0.8593090823258898,0.913635733836173
"GP-RV IA ERCs",500000,61.093920946121216,"192_vineyard",15,False,"((((13.546000-x1)*(x0/ 3.385000))+(sin(19.976000)*(8.676000+x1)))-(((18.030000-x0)/ (x1+x0))-(sin(16.131000)-sin(x1))))",0.810312124422842,-0.3625434694877909
"GP-RV IA ERCs",500000,13.708718299865723,"210_cloud",1,False,"((((3.883000-5.833000)+x3)-(sin(5.634000)*(x2+3.184000)))*(((x3-x0)*(0.113000/ x4))+(x3*(0.553000/ x3))))",0.8865897409449028,0.9014090611565178
"GP-RV IA ERCs",100000,3.8709211349487305,"210_cloud",4,True,"-0.8704307120561712 + (0.006466585407941846 * (((((1.916000+x3)+(4.470000*3.524000))-(sin(x1)-(x1*0.839000)))*(((2.214000+x2)+x3)*3.268000))))",0.9384364867986691,0.6046523295653656
"GP-RV IA ERCs",100000,4.535665035247803,"210_cloud",4,False,"(((x3+x2)*2.622000)/ (((x0-x0)*(4.759000+x4))+(3.049000/ sin(0.553000))))",0.9209180250147893,0.5888419594340011
"GP-RV IA ERCs",500000,38.280126333236694,"192_vineyard",23,True,"8.389482971493987 + (-8.698596703152685 * (((sin((x0*12.396000))*((12.661000+9.352000)-sin(x1)))/ ((x0+(17.620000-11.791000))+sin((21.320000*x0))))))",0.8071910917973539,0.4740957434869383
"GP-RV IA ERCs",500000,9.447364091873169,"210_cloud",3,False,"(x3+(((0.367000-0.611000)-(x3-x2))*((1.845000*0.456000)/ (3.192000-x0))))",0.8593090823258898,0.913635733836173
"GP-RV IA ERCs",100000,3.6986427307128906,"210_cloud",5,False,"(sin(sin((x3/ 3.591000)))*(((x2+5.415000)-sin(x1))*((1.987000/ 3.973000)*(0.569000+0.570000))))",0.8617438497082988,0.8751526295876864
"GP-RV IA ERCs",100000,4.068872690200806,"210_cloud",5,True,"0.34184549566350175 + (0.2119028755036441 * (((((3.855000+x3)-(3.760000*1.169000))*((0.648000/ 0.385000)+(x3/ x4)))-((sin(x3)-x2)-x2))))",0.9041614299124686,0.8868798396355989
"GP-RV IA ERCs",500000,50.57876634597778,"192_vineyard",21,True,"778.8218560572844 + (2.0579712179430945 * ((((11.067000-(x1-4.252000))/ ((9.886000+10.246000)-(x0+21.569000)))+(sin((x0-x1))-((23.642000*15.578000)-(x1/ 24.097000))))))",0.819970909805908,0.5000805466489286
"GP-RV IA ERCs",100000,3.252788543701172,"210_cloud",6,False,"(sin((sin(x1)+(4.681000*0.288000)))-(((2.266000-x2)*(0.211000/ 0.485000))-(sin(1.714000)/ (1.667000/ x3))))",0.8470096137480256,0.9285288667981224
"GP-RV IA ERCs",500000,17.561575651168823,"210_cloud",2,True,"-0.032918548495714434 + (-0.3295865047091008 * (((((3.311000-x3)-(x4+4.035000))-((5.249000+x0)*(x2+x3)))/ (((x0-x3)/ (x1+x4))-((2.958000-4.695000)-(2.723000+1.131000))))))",0.9380139701685457,0.8604599957793019
"GP-RV IA ERCs",100000,3.606980800628662,"210_cloud",6,True,"-0.1369682244495664 + (0.22689301605722725 * (((((0.283000/ 2.836000)*(x2/ x4))-((0.116000*2.256000)*(x0-2.454000)))*(((x2+3.924000)-sin(x1))*(sin(x0)+(x3+0.442000))))))",0.8742721460935065,0.9193351594130557
"GP-RV IA ERCs",500000,10.505198240280151,"210_cloud",5,False,"(sin(sin((x3/ 3.591000)))*(((x2+5.415000)-sin(x1))*((1.987000/ 3.971000)*(0.569000+0.570000))))",0.8617477789515866,0.8753015830478348
"GP-RV IA ERCs",100000,3.852490186691284,"210_cloud",7,True,"0.2890106569281732 + (0.2552313183718286 * (((((2.088000/ 3.692000)-(0.456000/ 4.293000))-((0.113000*x3)*(x0/ x4)))*(((x2+5.921000)-sin(x1))*((x2/ x4)+(x3-0.683000))))))",0.935195937676651,-0.17923771277040013
"GP-RV IA ERCs",500000,12.496949434280396,"210_cloud",4,True,"-1.1107850188112267 + (-0.048860993813509376 * (((((2.352000*x3)/ (x4*1.180000))+(sin(x1)-(x1*x2)))-(((5.349000+x2)*(4.769000+x3))+(x3/ (0.613000-0.388000))))))",0.9416801940622359,0.5342321630440283
"GP-RV IA ERCs",100000,5.102284908294678,"210_cloud",7,False,"((((x4-x4)-(2.955000-1.738000))-(sin(0.693000)*(x2+x3)))/ (sin((x3-1.676000))-2.440000))",0.8723485089660437,0.6946343237361534
"GP-RV IA ERCs",500000,99.9450409412384,"192_vineyard",7,True,"0.9561278191405644 + (0.7033141726924548 * ((sin(((14.175000+x0)*(x0*x0)))-(((11.179000/ x0)-(22.878000+x0))+(sin(x1)-(x1/ x0))))))",nan,nan
"GP-RV IA ERCs",500000,20.762243032455444,"210_cloud",3,True,"0.12847871317110862 + (-0.020100460411688337 * ((((sin(3.345000)/ sin(x3))-((x1*x0)/ (2.195000-x2)))-(((x3+5.808000)+sin(1.389000))*((4.448000/ 1.948000)*(x3+x2))))))",0.9375738235881546,0.9534089606652051
"GP-RV IA ERCs",500000,10.425031185150146,"210_cloud",6,False,"(sin((sin(x3)+(4.834000*1.608000)))-(((2.266000-x2)*(0.211000/ 0.485000))-(sin(1.679000)/ (1.572000/ x3))))",0.854594056514502,0.9329636526244228
"GP-RV IA ERCs",100000,3.5883712768554688,"210_cloud",8,False,"((((x0-0.203000)-(x0-x2))+x3)/ (2.123000/ sin(1.622000)))",0.9253493509663135,0.5894352675080422
"GP-RV IA ERCs",100000,3.8601279258728027,"210_cloud",8,True,"-0.17706663992845972 + (-0.1484474629131451 * ((sin(((x3*5.361000)+(3.381000+3.839000)))-((x3+(x2+1.202000))*((x3+5.190000)*sin(2.784000))))))",0.952381038047462,0.6390826135855592
"GP-RV IA ERCs",500000,28.666356086730957,"210_cloud",2,False,"((((0.920000+x3)/ (1.688000-0.261000))+(sin(x3)+(x2+0.601000)))/ (((5.185000-x3)+(x0-0.562000))+sin(sin(3.013000))))",0.8548103552585286,0.8465099486969284
"GP-RV IA ERCs",100000,3.2696707248687744,"210_cloud",9,False,"(sin(sin((1.566000-4.088000)))*(((x3-x2)*(0.186000*3.176000))-((1.918000*4.206000)/ (4.589000/ x3))))",0.7973337902081068,0.9678341619095396
"GP-RV IA ERCs",500000,11.125687837600708,"210_cloud",6,True,"-0.14586318732079875 + (0.22561169299264747 * (((((0.276000/ 2.800000)*(x2/ x4))-((0.116000*2.256000)*(x0-2.454000)))*(((x2+3.976000)-sin(x1))*((x0/ 1.158000)+(x3+0.442000))))))",0.8743920450671256,0.9202473090594356
"GP-RV IA ERCs",100000,3.6914520263671875,"210_cloud",9,True,"0.6277844269251912 + (0.06134214290536126 * (((((4.294000-2.791000)/ (3.375000-4.430000))-(sin(4.667000)*(x2+x3)))*(((x3-x0)*(x3/ x4))+((2.906000/ 4.006000)/ (0.458000/ 4.025000))))))",0.8575857617858486,0.985147378722107
"GP-RV IA ERCs",100000,3.2660958766937256,"210_cloud",10,False,"(((x3/ 1.107000)/ 1.965000)+(((x2*3.952000)+sin(2.343000))/ ((3.300000-x3)+(5.767000+2.922000))))",0.9311074333529853,0.774440541111159
"GP-RV IA ERCs",100000,3.921154260635376,"210_cloud",10,True,"-2.176299201232348 + (0.056382063180233685 * (((((x2+5.115000)+(1.555000+1.699000))*((4.130000/ 2.589000)+(3.207000+x3)))+sin(((x3*4.007000)-(4.091000+x1))))))",0.9361640084967973,0.7887832422898466
"GP-RV IA ERCs",500000,8.084691762924194,"210_cloud",8,False,"(((sin(x2)+(x4-x2))+(x2*(x2+x3)))/ (((5.349000*0.049000)+(x4/ x3))+(1.622000*(x2+0.292000))))",0.9381919784284755,0.5931378341896141
"GP-RV IA ERCs",500000,37.85879445075989,"210_cloud",1,True,"-5.7906383372836725 + (-0.4488927389562993 * (((((3.417000-3.001000)/ (0.528000+x3))-((3.630000*2.966000)+(x2+3.039000)))-(((1.309000-0.723000)*(0.825000+x3))/ ((x4+2.026000)/ (x3*x3))))))",0.9247794341046115,0.568645905984954
"GP-RV IA ERCs",100000,4.10943341255188,"210_cloud",11,True,"-0.890028658051953 + (-0.26701112742868904 * (((3.712000-((5.408000+2.108000)+(x2+x3)))-(((x3*2.595000)*(0.719000+x2))/ ((x4+x1)-(x3-3.620000))))))",0.9325520824810926,0.42190142378887396
"GP-RV IA ERCs",100000,4.4672534465789795,"210_cloud",11,False,"(x3+(((x4+x1)*(5.542000-5.483000))*(sin(3.545000)+(x2-x3))))",0.8833793163470904,0.8282309178921751
"GP-RV IA ERCs",500000,10.16496467590332,"210_cloud",9,False,"(sin(sin((1.566000-4.088000)))*(((x3-x2)*(0.186000*3.193000))-((1.918000*4.206000)/ (4.589000/ x3))))",0.7973372486597202,0.9681128739304077
"GP-RV IA ERCs",100000,3.594806432723999,"210_cloud",12,True,"0.3361883309586714 + (0.40370467846670205 * ((x2+(((x3/ 0.505000)/ (x0+x4))*((x2+0.287000)-(x2/ x3))))))",0.9250615838933308,0.5367176382407146
"GP-RV IA ERCs",500000,10.78671145439148,"210_cloud",10,False,"(((x3/ (4.999000/ 4.801000))/ 1.965000)+(((x2*3.974000)+sin(x4))/ ((3.300000-x3)+(5.767000+2.935000))))",0.934490963250101,0.7777504471643619
"GP-RV IA ERCs",500000,60.18445110321045,"192_vineyard",26,True,"-4.472700576274009 + (-1.727530269723617 * ((((sin(x1)*x0)-((x0+x1)+(15.210000*x0)))/ (x0+((x1+2.865000)/ 9.399000)))))",0.831992537105918,0.45480447623550824
"GP-RV IA ERCs",500000,21.12928318977356,"210_cloud",7,False,"((((x4-x4)-(2.955000-1.738000))-(sin(0.693000)*(x2+x3)))/ (sin((x3-1.676000))-2.440000))",0.8723485089660437,0.6946343237361534
"GP-RV IA ERCs",500000,14.658075332641602,"210_cloud",9,True,"0.46481758599345546 + (0.13852097853788017 * (((((4.294000-3.419000)/ (x3-4.285000))-((4.898000-4.082000)-(x2+x3)))*(((x3-1.053000)*(x3/ x4))+(sin(2.523000)/ (0.458000/ 2.296000))))))",0.8931827246330748,0.9704568098510695
"GP-RV IA ERCs",500000,12.590594053268433,"210_cloud",10,True,"-0.030556790212490772 + (0.1271016995367637 * (((((5.541000+x3)*(0.364000*x2))+sin((4.799000*x1)))-(((x3-x2)/ (3.426000-x1))-((4.538000*x3)+sin(x4))))))",0.9432870006049967,0.7866278308708522
"GP-RV IA ERCs",100000,8.282294988632202,"210_cloud",12,False,"((((5.665000-x3)+(2.036000-4.030000))-(sin(5.634000)*(x2+x3)))*(((x0-x0)*(4.168000*4.914000))+(sin(3.013000)/ (0.553000/ x3))))",0.8553344608341701,0.8362565302328059
"GP-RV IA ERCs",500000,59.937671422958374,"192_vineyard",28,True,"8.86182051206102 + (-0.8975318142369473 * ((((sin(x0)*(6.942000/ x1))-((x0+15.205000)-(x1/ 5.673000)))+(((21.832000/ 9.719000)*(23.947000/ x1))-sin((x0*22.648000))))))",0.8326691822041313,0.5061668967785816
"GP-RV IA ERCs",100000,4.230272054672241,"210_cloud",13,False,"(x3*((0.313000*(x2/ x3))+sin((2.906000/ 4.076000))))",0.8376049185601985,0.9187550336597516
"GP-RV IA ERCs",500000,11.854547500610352,"210_cloud",11,False,"(x3+(((x4+x1)*(5.542000-5.483000))*(sin(3.545000)+(x2-x3))))",0.8833793163470904,0.8282309178921751
"GP-RV IA ERCs",100000,4.441845417022705,"210_cloud",13,True,"0.00012387689043826317 + (0.21814173399167003 * (((((1.137000+4.389000)/ (3.424000-x3))*((0.190000*x3)/ (x4+x0)))-(((0.221000-x3)-(x2+x3))-x2))))",0.9272940741643854,0.8880255833738318
"GP-RV IA ERCs",500000,12.307747840881348,"210_cloud",11,True,"0.13248459598419152 + (-0.2403159688673159 * (((((x3/ x4)/ (1.685000+x1))-((x3/ 2.938000)+(x2+x3)))-(((x3*2.595000)*(1.278000+x2))/ ((x4+x1)-(x3-3.620000))))))",0.9382429230568669,0.34395111507615905
"GP-RV IA ERCs",500000,63.436262130737305,"192_vineyard",28,False,"((((16.414000-x1)+(8.549000-12.980000))-(sin(22.688000)*(x0+13.587000)))*(((x0-x0)*sin(14.619000))+(sin(13.296000)/ (4.481000/ x1))))",0.7764215051877541,0.4289270762061006
"GP-RV IA ERCs",100000,3.657348155975342,"210_cloud",14,True,"0.3270914973420879 + (1.2652624716023493 * (((sin((5.184000+1.610000))-(2.651000-(4.105000+x3)))*(((x2+x3)-(0.141000*4.363000))/ ((1.047000*x1)+(5.911000+x4))))))",0.9247919893661458,0.4313480793521385
"GP-RV IA ERCs",100000,3.2478320598602295,"210_cloud",15,False,"((((x1-x1)*(x1-x0))+(sin(3.789000)+(0.542000+x3)))-(((3.846000*0.153000)-(0.150000/ x4))*((x3-x2)/ (1.019000*1.529000))))",0.8711746253749906,0.8865370368795962
"GP-RV IA ERCs",100000,5.7317540645599365,"210_cloud",14,False,"((((5.288000-3.660000)/ (1.688000-4.030000))*(sin(5.634000)*(x2+x3)))+(((x0-x0)/ (3.200000/ x4))+(sin(3.013000)/ (0.553000/ x3))))",0.8599259345386413,0.6877087511195666
"GP-RV IA ERCs",100000,3.972169876098633,"210_cloud",15,True,"-1.032895431060829 + (0.30553675688084386 * (((sin((2.831000/ 3.929000))-((0.133000*x3)*(x0/ 2.526000)))*(((x2+4.344000)-(0.445000*x4))*((x0/ 5.650000)+(x3+1.130000))))))",0.9123791078157428,0.8088887219699149
"GP-RV IA ERCs",100000,3.741027593612671,"210_cloud",16,False,"(x3-(((1.443000+x3)/ (x4+4.773000))*((0.348000*0.764000)+(x3-x2))))",0.9139181099393759,0.756209595243812
"GP-RV IA ERCs",100000,3.5167715549468994,"210_cloud",16,True,"0.036072735415739236 + (0.06384006672173138 * (((((2.855000+x3)*(1.441000*x2))-sin((x1*x1)))-(((0.374000-4.177000)/ (5.039000-x1))+((2.571000*x3)/ sin(3.594000))))))",0.9141288611706314,0.8032928540841177
"GP-RV IA ERCs",500000,31.910454511642456,"210_cloud",8,True,"-0.17131303146472157 + (-0.1534311419917472 * ((sin(((x3*5.361000)+(3.379000+3.837000)))-((x3+(x2+1.202000))*((x3+5.097000)*sin(0.349000))))))",0.9523924371894239,0.6390225780745886
"GP-RV IA ERCs",500000,14.176044464111328,"210_cloud",13,False,"(x3*((0.313000*(x2/ x3))+sin((2.906000/ 4.076000))))",0.8376049185601985,0.9187550336597516
"GP-RV IA ERCs",500000,50.50646471977234,"210_cloud",4,False,"(((x3+x2)*2.622000)/ (((x0-x0)*(4.759000+x4))+(3.049000/ sin(0.553000))))",0.9209180250147893,0.5888419594340011
"GP-RV IA ERCs",100000,4.1256513595581055,"210_cloud",17,False,"((sin((4.593000+4.270000))+x3)-(((x3-x2)-(1.209000-2.771000))/ ((1.059000+0.595000)+(1.456000-0.448000))))",0.8421720316446109,0.9388821244950729
"GP-RV IA ERCs",500000,64.35064721107483,"210_cloud",0,True,"-1.5163522366198103 + (0.054220582911550345 * (((((x2*x1)-(x4*2.138000))+((x2+4.943000)*(5.946000+0.245000)))+(x3*((5.398000+1.755000)+(x4/ 0.857000))))))",0.943559074789526,0.6070927529227688
"GP-RV IA ERCs",100000,4.048490047454834,"210_cloud",17,True,"-1.025761211810395 + (0.05096101646503193 * (((((x3*4.319000)-(x0+x0))*((2.625000-x0)*(x2/ x4)))+(((x2+3.452000)+(2.555000-1.089000))*((x3+4.201000)+sin(x0))))))",0.914400614852651,0.7119863507320516
"GP-RV IA ERCs",500000,67.51632165908813,"210_cloud",0,False,"((((5.931000/ x3)/ 4.271000)-(sin(5.634000)*(x2+3.094000)))*(((x0-x0)*(2.539000-x4))+(sin(3.013000)/ (0.553000/ x3))))",0.8981201606436272,0.6827116407455289
"GP-RV IA ERCs",500000,13.00771164894104,"210_cloud",15,True,"-1.0393181374616254 + (0.3169908910313607 * (((sin((2.511000/ 3.583000))-((0.133000*x3)*(x0/ 2.526000)))*(((x2+4.277000)-(0.445000*x4))*((x0/ 5.050000)+(x3+1.130000))))))",0.9125041738935428,0.8087058064061325
"GP-RV IA ERCs",500000,16.376193284988403,"210_cloud",14,True,"0.45414053026649387 + (0.9991277290237367 * (((sin((x2/ x4))-(sin(4.799000)-(0.303000+x3)))*(((x2+x3)-(0.173000*5.752000))/ ((0.823000*x1)+(3.733000+x4))))))",0.9351702218407834,0.34907275239365176
"GP-RV IA ERCs",100000,4.414958477020264,"210_cloud",18,True,"0.05835035477827948 + (0.3641837821681686 * (((((0.434000+x2)+(x1/ 4.944000))+sin((0.259000/ x3)))+(((x3/ x4)+(x2/ x3))*(x3-sin(2.078000))))))",0.8606576992385613,0.9212298619496945
"GP-RV IA ERCs",500000,11.246724605560303,"210_cloud",16,False,"(x3-(((1.443000+x3)/ (x4+4.773000))*((0.329000*0.764000)+(x3-x2))))",0.9139540605036004,0.7582391462076435
"GP-RV IA ERCs",100000,6.790416240692139,"210_cloud",18,False,"(x3-(((1.834000*1.003000)-1.759000)*((x4*x3)-(x2*x2))))",0.7972373662783315,0.8350719173755106
"GP-RV IA ERCs",100000,4.231005907058716,"210_cloud",19,False,"(x3*(((x2+2.855000)+(x3/ x4))/ ((3.557000/ 1.304000)+(x3+0.988000))))",0.8868094544590973,0.6280159296579465
"GP-RV IA ERCs",100000,3.8465254306793213,"210_cloud",19,True,"-0.08056791281664683 + (-0.20784821494228362 * (((((0.209000-2.895000)*(x3+x2))-sin((x3*4.358000)))-(x3-x4))))",0.9059327156003135,0.7524170560915363
"GP-RV IA ERCs",500000,12.933019876480103,"210_cloud",16,True,"0.7632865306740764 + (0.07631091042555356 * (((((3.687000+x3)*(x2-2.477000))-sin((1.796000*x1)))-(((0.313000-x0)/ (3.408000-x3))+((3.427000*x3)/ sin(3.594000))))))",0.9199122705622045,0.8106709647160939
"GP-RV IA ERCs",100000,3.548203706741333,"210_cloud",20,False,"(x3-(((x3-x2)/ (2.013000+x1))*((x0*0.574000)-(0.281000-x1))))",0.9011809292137254,0.7140208165814634
"GP-RV IA ERCs",500000,12.298994064331055,"210_cloud",17,True,"-0.7506486803370288 + (0.06744154564093852 * (((((x3*4.806000)-(2.677000*x0))*((1.741000-x0)*(x2/ x4)))+(((x2+3.224000)+(2.555000-1.710000))*((x3+2.813000)+sin(x0))))))",0.9171882011171935,0.7187829302063642
"GP-RV IA ERCs",100000,3.7407896518707275,"210_cloud",20,True,"-0.7964517178891214 + (0.019087247746881572 * (((0.396000/ ((1.310000*1.349000)*sin(x3)))+(((5.552000+4.617000)*(1.423000+1.049000))*((x3+x2)+(4.458000/ 3.075000))))))",0.9330285435143671,0.8293067732452654
"GP-RV IA ERCs",500000,24.279656648635864,"210_cloud",15,False,"(((sin(x1)*(0.390000-0.592000))+x3)-(((3.846000*0.153000)-(0.159000/ x4))*((x3-x2)/ (0.998000*1.504000))))",0.8767381298746008,0.8834473022124271
"GP-RV IA ERCs",100000,3.7966861724853516,"210_cloud",21,True,"0.14065458995463287 + (-0.020269790667147545 * (((((4.802000/ 3.575000)+(x3/ x4))-((0.113000*x3)*sin(x4)))*(((x2+3.952000)+(0.141000+4.854000))*((x2/ 5.313000)-(x3+x2))))))",0.9173802696451993,0.7114229521063175
"GP-RV IA ERCs",500000,13.083449125289917,"210_cloud",19,False,"(x3*(((x2+2.332000)+(x3/ x4))/ ((3.557000-1.304000)+(x3+0.988000))))",0.8882680214005102,0.6426027884417301
"GP-RV IA ERCs",500000,472.0371587276459,"1199_BNG_echoMonths",5,False,"((((24.949000-x2)-(x0*14.086000))-(sin(16.556000)+(x2*x7)))/ (((-0.157000/ x5)-sin(41.967000))+((x7*x8)*(x0*x0))))",0.4215290568145026,0.430846698598222
"GP-RV IA ERCs",500000,11.275483131408691,"210_cloud",20,False,"(x3-(((x3-x2)/ (2.013000+x1))*((x0*0.581000)-(0.281000-x1))))",0.9012122673752133,0.7143417871263495
"GP-RV IA ERCs",100000,9.790409803390503,"210_cloud",21,False,"(x3+(((x2-0.049000)-(x4/ 1.678000))/ (0.578000+(x0+x1))))",0.8632746595090586,0.8142293984731235
"GP-RV IA ERCs",500000,14.788097620010376,"210_cloud",19,True,"0.16705543244929322 + (0.14965918206835166 * (((sin(sin(1.639000))-((0.113000*x3)*sin(x0)))*(((x2+x3)-(0.380000*x4))*((x0+2.511000)+(x3*1.282000))))))",0.9162132837395416,0.7080812357140543
"GP-RV IA ERCs",100000,4.107445001602173,"210_cloud",22,True,"-0.04092559592992909 + (0.021356583782858787 * (((sin((x2-3.796000))-((x3+x2)*(0.170000-3.799000)))*(sin((x4/ x3))+((0.504000*2.375000)/ 0.224000)))))",0.9440578461795633,0.6377508466223105
"GP-RV IA ERCs",500000,9.914644956588745,"210_cloud",21,False,"(x3+(((x2-0.049000)-(x4/ 1.678000))/ (0.578000+(x0+x1))))",0.8632746595090586,0.8142293984731235
"GP-RV IA ERCs",100000,3.800840139389038,"210_cloud",23,False,"(x3-(((x3-x2)+sin(x1))/ (sin(x2)+(0.571000+2.073000))))",0.8758703531549453,0.7933402848357568
"GP-RV IA ERCs",100000,8.312671899795532,"210_cloud",22,False,"((x3+x2)/ 2.229000)",0.9243811831002002,0.6552225641111167
"GP-RV IA ERCs",500000,283.3000557422638,"1199_BNG_echoMonths",21,True,"36.593951603321266 + (-8.221892353606108 * (((((x0+x0)+(x1/ 61.956000))+((x2/ 3.509000)+sin(13.457000)))+(sin(x8)+((x7-24.861000)/ (15.442000+x4))))))",0.44438860800750823,0.43002835325516486
"GP-RV IA ERCs",100000,4.302248001098633,"210_cloud",23,True,"-0.3052440721036704 + (0.04400842628760427 * (((sin((x2/ x4))-((0.133000*x3)+(x0-2.844000)))*(((x2+5.517000)-sin(x1))*((x0/ 1.962000)+(x3+0.446000))))))",0.9133280130520665,0.7897524507327226
"GP-RV IA ERCs",500000,39.290077924728394,"210_cloud",13,True,"-0.0001968255260321616 + (0.24652040011225027 * (((((1.279000+x3)/ (3.424000-x3))*((0.190000*x3)/ (x4+x0)))-(((0.221000-x3)-(x2+x3))-((x1+2.085000)*(x2/ 4.838000))))))",0.9333187861879222,0.9008389192048522
"GP-RV IA ERCs",500000,8.668963193893433,"210_cloud",22,False,"((x3+x2)/ 2.229000)",0.9243811831002002,0.6552225641111167
"GP-RV IA ERCs",100000,3.984332799911499,"210_cloud",24,True,"0.2629375489139278 + (-0.03296332013506109 * (((sin((1.174000/ x4))-((1.087000/ x4)/ (2.549000-2.428000)))*(((x2*2.746000)-(x0-x4))*((x4/ 4.409000)+(x3-0.309000))))))",0.9278325834299345,0.6548314479613679
"GP-RV IA ERCs",500000,66.72966408729553,"210_cloud",7,True,"0.369646559038971 + (0.2703930014013859 * (((sin((1.688000/ 3.692000))-((0.113000*x3)*(x0/ x4)))*(((x2+5.938000)-sin(x1))*((x2/ x4)+(x3-0.808000))))))",0.9353852683457468,-0.21014436155958283
"GP-RV IA ERCs",100000,6.025939226150513,"210_cloud",25,False,"(x3-((sin(x2)/ (1.604000+3.584000))*((x2*x3)/ (1.782000+0.458000))))",0.8055260119873857,0.6547386474009671
"GP-RV IA ERCs",100000,3.989760637283325,"210_cloud",25,True,"0.15504705954264597 + (0.044656269602612444 * (((sin((0.699000/ x4))-((0.097000*3.797000)*(x0-4.357000)))*(((x2+x3)-sin(2.859000))*((x2/ x4)+(x3+3.323000))))))",0.9107358043308056,0.7980148601386626
"GP-RV IA ERCs",500000,79.11951303482056,"210_cloud",5,True,"0.4026261522346759 + (0.25117901172209145 * (((((3.825000+x3)-(3.760000*1.169000))*((4.279000/ 5.060000)+(x3/ x4)))-((sin(x1)-(x2*1.184000))-((x2/ 5.487000)*(x3+x1))))))",0.9175451099943484,0.8593471492160367
"GP-RV IA ERCs",500000,217.9432291984558,"1199_BNG_echoMonths",28,True,"13351.987594983138 + (-16.2158583689419 * ((((sin(x8)*(29.746000/ 56.682000))+((x0-13.522000)+(29.663000*28.182000)))+(((x2-17.176000)/ (19.341000+x4))+((x7/ 8.211000)-(27.200000/ x1))))))",0.43721059596592826,0.4520276701425304
"GP-RV IA ERCs",100000,3.8398170471191406,"210_cloud",26,True,"-2.15764026261411 + (-0.0743459076409315 * ((((sin(x4)+(3.256000-x2))/ ((x1+x2)-(4.428000+x3)))-((5.758000+(x3+x2))*(4.849000+(x3/ 3.680000))))))",0.952418185573441,0.6522614866496448
"GP-RV IA ERCs",500000,53.384737968444824,"210_cloud",12,True,"-6.519839147611884 + (0.40370467846670194 * ((((sin(2.595000)-(5.203000-x2))+((5.334000+5.939000)+(4.751000+5.642000)))+(((x3/ 0.505000)/ (x0+x4))*((x2+0.287000)-(x2/ x3))))))",0.9250615838933309,0.5367176382407151
"GP-RV IA ERCs",500000,13.586659908294678,"210_cloud",23,True,"-0.3399929987017128 + (0.042728741465340024 * (((sin((x2/ x4))-((0.133000*x3)+(x0-2.844000)))*(((x2+5.801000)-sin(x1))*((x0/ 1.781000)+(x3+0.446000))))))",0.9135487248688849,0.7948002373522589
"GP-RV IA ERCs",100000,4.782848119735718,"210_cloud",26,False,"(((x2+x3)*((3.619000+4.696000)+sin(2.050000)))/ (sin((x1*x2))+((5.071000*4.814000)-(x3+x1))))",0.943669891438008,0.5812381791664314
"GP-RV IA ERCs",500000,12.443835496902466,"210_cloud",24,True,"0.2756169741442742 + (-0.005974632061334571 * (((((0.213000/ x4)/ (x3-1.911000))-((4.921000/ x4)/ (2.549000-2.428000)))*(((x2*3.020000)-(x0-x4))*((x4/ 4.409000)+(x3-0.362000))))))",0.9351693189822843,0.7217276503037758
"GP-RV IA ERCs",500000,28.918607473373413,"210_cloud",20,True,"-0.40126598836151134 + (-0.03572437406581834 * ((((sin(x4)-(x3/ 2.520000))/ ((2.875000*1.420000)*sin(x3)))-(((5.349000+x3)+(1.423000+2.657000))*((x3+x2)+(4.458000-3.075000))))))",0.9442301186722662,0.8505511471872526
"GP-RV IA ERCs",500000,15.802249193191528,"210_cloud",23,False,"(x3+(((x3-x2)+(0.037000*x4))/ ((x3/ x4)-(4.779000/ 1.632000))))",0.9181149391434953,0.8754152666086568
"GP-RV IA ERCs",100000,4.2374818325042725,"210_cloud",27,True,"0.5684061254241747 + (-0.5348395272871302 * ((((sin(x4)/ (x3/ 1.202000))-((x2-0.380000)+(x4+x2)))/ (sin(sin(x3))+(1.328000/ (x3/ x4))))))",0.9224826073053345,-16.533990179115442
"GP-RV IA ERCs",500000,15.947516918182373,"210_cloud",24,False,"(x3+(sin((x3/ x4))*((x2-x3)/ (0.746000+0.519000))))",0.9107114610532805,0.9285561217513285
"GP-RV IA ERCs",100000,16.542348861694336,"210_cloud",24,False,"(x3+(sin((x3/ x4))*((x2-x3)/ (0.746000+0.519000))))",0.9107114610532805,0.9285561217513285
"GP-RV IA ERCs",100000,5.762274265289307,"210_cloud",27,False,"(x3-((sin(3.813000)*(x2/ 2.257000))+(sin(3.013000)/ (0.553000/ x3))))",0.8476641859325141,0.8797620094358959
"GP-RV IA ERCs",100000,4.647600412368774,"210_cloud",28,True,"0.6545538810533785 + (0.07379689720561666 * (((((x2+x3)-(4.730000/ 2.907000))*((2.594000+2.095000)+(x3/ 1.927000)))-(((x0*x3)-x3)*((x3/ x4)*x3)))))",0.9339896155383672,0.8170271355850762
"GP-RV IA ERCs",100000,6.6403937339782715,"210_cloud",28,False,"(x3+(((x1+x0)*(x2-x3))*(sin(1.845000)/ (1.993000*2.559000))))",0.8831676687575354,0.8464697703725912
"GP-RV IA ERCs",100000,3.9010515213012695,"210_cloud",29,True,"0.06110095729436208 + (0.07296088316479778 * (((sin((1.066000/ x4))-((0.150000*1.757000)*(x0-2.834000)))*(((x2+x3)-(x3/ 3.827000))*((x0+2.816000)+(x3+x3))))))",0.9376408410226533,0.7563033829787422
"GP-RV IA ERCs",500000,7.588459491729736,"210_cloud",28,False,"(x3+(((x1+x0)*(x2-x3))*(sin(1.845000)/ (1.993000*2.559000))))",0.8831676687575354,0.8464697703725912
"GP-RV IA ERCs",100000,8.26975417137146,"210_cloud",29,False,"((((1.688000-x0)+(3.843000-3.973000))-(sin(3.782000)*(x2+3.094000)))*(((x0-x0)/ (x1-1.602000))+(sin(3.013000)/ (0.553000/ x3))))",0.8557806209721385,0.680272016131523
"GP-RV IA ERCs",100000,6.579933166503906,"522_pm10",0,False,"((sin(1.006000)+(1.792000+(2.284000/ 2.670000)))+(sin((x3+4.018000))*((x2+x2)/ (x0+x5))))",0.1776036805659703,0.1722604774470745
"GP-RV IA ERCs",100000,7.019408464431763,"522_pm10",0,True,"2.5667081891313774 + (0.4584176934312417 * (((((x0-4.736000)*sin(2.332000))+sin((x3-2.488000)))+((sin(x3)+sin(x2))/ x2))))",0.26760456611794037,0.22937582549391777
"GP-RV IA ERCs",500000,64.59745121002197,"210_cloud",14,False,"((((5.288000/ 3.660000)/ (1.688000-4.030000))*(sin(5.634000)*(x2+x3)))+(((x0-x0)/ (5.054000/ 4.448000))+(sin(3.013000)/ (0.553000/ x3))))",0.8757702732975511,0.8154283289282105
"GP-RV IA ERCs",500000,50.20362591743469,"210_cloud",18,False,"(x3-(((1.834000*1.003000)-1.759000)*((x4*x3)-(x2*x2))))",0.7972373662783315,0.8350719173755106
"GP-RV IA ERCs",500000,16.59933829307556,"210_cloud",27,True,"0.5196363776168176 + (-0.6564195514031178 * ((((sin(x4)/ x3)-((x2-0.424000)+(x4+x2)))/ (sin(sin(x3))+((5.369000/ 3.346000)/ (x3/ x4))))))",0.9232866484531596,-3.4990792936060515
"GP-RV IA ERCs",500000,72.03700804710388,"210_cloud",12,False,"((((5.665000-x3)+(2.036000-4.030000))-(sin(5.634000)*(x2+x3)))*(((x0-x0)*(4.168000*4.914000))+(sin(3.013000)/ (0.553000/ x3))))",0.8553344608341701,0.8362565302328059
"GP-RV IA ERCs",500000,20.163461923599243,"210_cloud",27,False,"(x3-((sin(3.813000)*(x2/ 2.257000))+(sin(3.013000)/ (0.553000/ x3))))",0.8476641859325141,0.8797620094358959
"GP-RV IA ERCs",100000,6.61934232711792,"522_pm10",1,False,"((sin((3.905000+x3))*((x2/ x0)*(1.998000/ 1.639000)))-(((1.381000-5.237000)+(1.073000*1.021000))+sin((4.675000*3.828000))))",0.17530238142512444,0.14818943543690433
"GP-RV IA ERCs",500000,15.36670732498169,"210_cloud",29,True,"0.056246582792831484 + (0.08290012262163976 * (((sin((1.086000/ x4))-((0.150000*1.535000)*(x0-2.834000)))*(((x2+x3)-(x3/ 3.043000))*((x0+2.735000)+(x3+x3))))))",0.9382002035089552,0.7620799203607799
"GP-RV IA ERCs",100000,5.839704751968384,"522_pm10",2,False,"(((sin(x2)/ (0.713000*x2))+((1.526000/ 0.752000)+x0))/ 2.866000)",0.19961244264586675,0.17900527260368204
"GP-RV IA ERCs",100000,6.924887657165527,"522_pm10",1,True,"1.38669040422381 + (0.4117370979579754 * ((((x0*sin(2.355000))+((1.410000/ x2)*sin(x2)))-sin(((3.019000/ 1.537000)-x3)))))",0.24699971931058817,0.2550166294009013
"GP-RV IA ERCs",500000,60.24010705947876,"210_cloud",17,False,"((sin((4.593000+4.270000))+x3)-(((x3-x2)-(1.209000-2.771000))/ ((1.059000+0.595000)+(1.456000-0.448000))))",0.8421720316446109,0.9388821244950729
"GP-RV IA ERCs",500000,14.229302167892456,"522_pm10",0,False,"((sin(1.006000)+(1.792000+(2.284000/ 2.670000)))+(sin((x3+4.018000))*((x2+x2)/ (x0+x5))))",0.1776036805659703,0.1722604774470745
"GP-RV IA ERCs",100000,7.4697041511535645,"522_pm10",2,True,"0.08214877374077978 + (-0.34334998265706185 * (((((x1/ 5.379000)*sin(x3))-((x0*1.051000)*(3.102000-1.999000)))-(sin((0.965000/ x2))/ ((x0/ 4.773000)/ (3.331000+x3))))))",0.27334835526414314,0.15750745303242653
"GP-RV IA ERCs",500000,42.9981427192688,"210_cloud",22,True,"-0.038021735992666714 + (0.022321914411436116 * (((sin((x2-3.796000))-((x3+x2)*(0.673000-4.376000)))*(sin((x4/ x3))+((0.504000+2.375000)/ sin(0.620000))))))",0.9441061325315637,0.6362779517476516
"GP-RV IA ERCs",100000,6.389464378356934,"522_pm10",3,False,"((((x0-3.324000)+sin(x2))/ ((x0+4.822000)/ 4.691000))+(4.127000/ 2.318000))",0.19486194090725562,0.0809957993657816
"GP-RV IA ERCs",100000,6.921312093734741,"522_pm10",3,True,"0.7373570109860622 + (-0.3073074830889953 * (((((x2/ 4.350000)-(3.227000+x0))-sin((4.606000+x3)))+sin(((5.158000-x2)-sin(x2))))))",0.2577239362003749,0.22270928050082472
"GP-RV IA ERCs",100000,6.304292917251587,"522_pm10",4,False,"(1.492000+(((x0-1.204000)/ 1.838000)/ (1.733000+(x2/ x4))))",0.13302341353436753,0.1585950104027607
"GP-RV IA ERCs",500000,36.539589643478394,"210_cloud",25,True,"0.05003678859063595 + (0.1620078552487323 * (((sin((0.699000/ x4))-((0.097000*2.547000)*(3.508000-4.187000)))*(((x2+x3)+sin(0.588000))*((x2/ x4)+(x3+x4))))))",0.9303132068397857,0.6594655620480723
"GP-RV IA ERCs",500000,19.126492261886597,"522_pm10",0,True,"3.271561575378706 + (0.5087562822368623 * (((sin((x0-0.780000))+sin((x3-2.488000)))+((sin(x3)+sin(x2))/ x2))))",0.2694665522952415,0.24278450503979687
"GP-RV IA ERCs",100000,7.102053165435791,"522_pm10",4,True,"1.8435577546705186 + (0.2794935744486032 * (((((2.877000/ x0)*(5.090000/ x2))+((x0-3.671000)*(1.534000*0.849000)))-sin(((x1+4.858000)/ (3.102000/ 0.881000))))))",0.2393060678427652,0.19995841348496912
"GP-RV IA ERCs",500000,36.832560300827026,"210_cloud",26,False,"(((x2+x3)*((3.619000+4.696000)+sin(2.047000)))/ (sin((x1*x2))+((5.071000*4.814000)-(x3+x1))))",0.9436698925693096,0.5812944416357586
"GP-RV IA ERCs",500000,14.396397352218628,"522_pm10",2,False,"(((sin(x2)/ (x2/ 1.518000))+((1.526000/ 0.752000)+x0))/ 2.866000)",0.20018073021552152,0.1860608351683305
"GP-RV IA ERCs",500000,36.50630307197571,"210_cloud",26,True,"-2.4142547234379834 + (-0.07469355138871407 * ((((sin(x4)+(3.256000-x2))/ ((x1+x2)-(4.428000+x3)))-(((0.894000+5.528000)+(x3+x2))*(4.849000+(x3/ 3.918000))))))",0.9524316660917098,0.6530458245035552
"GP-RV IA ERCs",500000,19.214733600616455,"522_pm10",1,False,"((sin((3.905000+x3))*((x2/ x0)*(2.206000/ 1.639000)))-(((1.393000-5.237000)+(1.073000/ 1.021000))+sin((4.675000*3.828000))))",0.17689328697129814,0.14566119282906054
"GP-RV IA ERCs",500000,44.515894412994385,"210_cloud",25,False,"(x3-((sin(x2)/ (1.604000+3.584000))*((x2*x3)/ (1.782000+0.458000))))",0.8055260119873857,0.6547386474009671
"GP-RV IA ERCs",500000,14.650701761245728,"522_pm10",3,False,"(((sin(x2)/ (x2*2.704000))+((x0+4.822000)/ 4.691000))/ (((1.838000/ 1.396000)+(1.676000*0.965000))/ 3.709000))",0.21295051864964665,0.14096650521075238
"GP-RV IA ERCs",100000,7.314274549484253,"522_pm10",5,True,"4.14945407099119 + (0.6051459357559275 * ((sin(((x0/ 3.205000)+(2.014000-x0)))+(sin((5.144000-x3))-sin((x2/ 3.951000))))))",0.24448445250551087,0.20900900867851202
"GP-RV IA ERCs",500000,70.6352915763855,"210_cloud",18,True,"-1.3727071686820218 + (0.35387122858140435 * (((((4.726000+x2)+(x1/ 4.944000))+((0.293000/ x3)*sin(x2)))+(((x3/ x4)+(x2/ x3))*(x3-sin(1.082000))))))",0.8641762333619613,0.9363543897403699
"GP-RV IA ERCs",100000,5.814562082290649,"522_pm10",6,False,"((((4.335000+2.083000)+(2.939000/ x2))+x0)/ (((5.234000*x0)/ (x4*x5))-((1.787000-3.569000)-(4.539000/ 1.624000))))",0.1807151178167996,0.11631268536901329
"GP-RV IA ERCs",500000,18.34352207183838,"522_pm10",2,True,"-0.07305449716898083 + (-0.30742213812163155 * (((((x1/ 5.379000)*sin(x3))-((x0*1.349000)-(5.373000/ x6)))-(sin((1.005000/ x2))/ ((x0/ 3.824000)/ (5.365000+x3))))))",0.2783741328731938,0.1774942843434394
"GP-RV IA ERCs",100000,11.637117862701416,"522_pm10",5,False,"((((x0*5.156000)+(5.389000/ x2))/ ((4.848000*0.768000)-(0.809000/ x5)))/ 3.341000)",0.14318676770479932,0.17447804951257395
"GP-RV IA ERCs",500000,14.288825035095215,"522_pm10",4,False,"(1.492000+(((x0-1.204000)/ 1.838000)/ (1.733000+(x2/ x4))))",0.13302341353436753,0.1585950104027607
"GP-RV IA ERCs",100000,5.951584577560425,"522_pm10",7,False,"((3.015000+4.884000)/ (((4.713000/ x0)*2.083000)+0.983000))",0.1167336885334268,0.1295315511629379
"GP-RV IA ERCs",500000,10.658701658248901,"522_pm10",5,False,"((((x0*5.156000)+(5.389000/ x2))/ ((4.848000*0.768000)-(0.809000/ x5)))/ 3.341000)",0.14318676770479932,0.17447804951257395
"GP-RV IA ERCs",100000,7.2960045337677,"522_pm10",6,True,"1.938612639194867 + (0.44608103259331455 * ((sin(((x2*1.081000)+sin(x2)))+((sin(2.523000)*(x0-0.736000))-sin((1.276000+x3))))))",0.25111647149539906,0.2570278354446638
"GP-RV IA ERCs",500000,38.31587362289429,"210_cloud",28,True,"0.04852873403418708 + (0.008933317540281786 * (((((x2+x3)/ sin(0.031000))-((x3*5.794000)*(x3/ x4)))+(((5.659000*x3)*(x2+4.654000))+((x3/ 5.546000)/ sin(x3))))))",0.9517959522825459,0.8306301942724554
"GP-RV IA ERCs",100000,6.55205512046814,"522_pm10",8,False,"(2.796000-(((5.161000+x2)-(x0*1.705000))/ (x0+sin(x1))))",0.18370732126486444,0.07964271267616418
"GP-RV IA ERCs",100000,7.67755126953125,"522_pm10",7,True,"1.6073883506743962 + (-0.3704254439512518 * (((sin((x3+1.210000))-(x0-(x0/ 5.310000)))+sin(((2.969000*3.267000)/ (1.500000+x2))))))",0.24519397088951345,0.2565582439279387
"GP-RV IA ERCs",500000,21.916682243347168,"522_pm10",3,True,"1.8252441346027204 + (-0.3264219057635167 * (((((x2/ x0)-(0.847000*x0))-sin((4.371000+x3)))+sin(((3.854000+x2)+sin(x2))))))",0.2645023314956696,0.24370074024581045
"GP-RV IA ERCs",100000,7.496445417404175,"522_pm10",8,True,"1.522258995331964 + (0.030525138254607502 * (((sin((x3+4.404000))-((x0/ x6)-4.082000))/ (((3.394000/ 4.992000)+(x1/ x6))/ ((x0+x0)-(x2/ 1.398000))))))",0.26429859997476013,0.18618040253926005
"GP-RV IA ERCs",100000,5.9614927768707275,"522_pm10",9,False,"(4.721000-(((3.841000+x2)+(3.210000/ 1.832000))/ (x0+sin(3.889000))))",0.2000424458491522,0.02554125847874411
"GP-RV IA ERCs",100000,5.972839593887329,"522_pm10",9,True,"5.1946748284034685 + (0.053023940923467516 * (((((1.051000*x2)-sin(x1))*(sin(x2)+1.707000))-(((3.319000*3.609000)-(x0*1.118000))*(sin(3.006000)+(x2+x0))))))",0.25836609900327445,0.10071299127801736
"GP-RV IA ERCs",500000,68.50353288650513,"210_cloud",21,True,"0.13595168115130463 + (0.016241745358690964 * (((((4.802000/ 3.575000)+(x3/ x4))-((0.113000*x3)*sin(x4)))*(((x2+4.301000)+(0.141000+4.854000))*((x3/ 5.001000)+(x3+x2))))))",0.9173887793024464,0.7118339026450349
"GP-RV IA ERCs",500000,13.34729814529419,"522_pm10",6,False,"((((4.335000+2.083000)+(2.759000/ x2))+x0)/ (((5.314000*x0)/ (x4*x5))-((1.787000-3.479000)-(4.539000/ 1.624000))))",0.18433827134226655,0.13639495172742933
"GP-RV IA ERCs",100000,6.456738471984863,"522_pm10",10,False,"(2.110000+((x0/ 3.890000)-(x2/ (x2+1.243000))))",0.20281496425818302,0.09498650859769942
"GP-RV IA ERCs",500000,12.695445775985718,"522_pm10",7,False,"((3.015000+4.884000)/ (((4.713000/ x0)*2.083000)+0.983000))",0.1167336885334268,0.1295315511629379
"GP-RV IA ERCs",500000,18.945473432540894,"522_pm10",5,True,"3.048048477320613 + (0.9635246985840137 * (((((x0/ 2.407000)+(2.014000-x0))/ ((x0-5.318000)-(1.675000+3.752000)))+(sin((5.144000-x3))*sin((x2/ 3.951000))))))",0.2543230262109982,0.21403215159218125
"GP-RV IA ERCs",100000,6.493425607681274,"522_pm10",10,True,"3.687063134055843 + (-0.3587152521262305 * (((sin((x6*0.915000))+((x2+2.481000)-(1.468000+0.712000)))*sin(((3.753000*2.507000)-(x0/ 2.616000))))))",0.27747113094804177,0.05781839800732114
"GP-RV IA ERCs",500000,17.50618076324463,"522_pm10",6,True,"1.665145438047696 + (0.44817539350483854 * ((sin(((x2/ 0.955000)+sin(x2)))+((sin(2.621000)*(x0*1.197000))-sin((1.276000+x3))))))",0.2523852276629184,0.2460351262055792
"GP-RV IA ERCs",100000,5.7801806926727295,"522_pm10",11,True,"4.199549099383616 + (-0.22891974923130953 * (((sin((x0/ 2.816000))*((x2+2.755000)-sin(3.491000)))+(sin((1.950000-x3))+((x3/ 5.380000)*(x2-2.698000))))))",0.25737505092001656,0.2520925908896836
"GP-RV IA ERCs",100000,6.952707767486572,"522_pm10",11,False,"((((3.993000-4.931000)-(3.296000+x0))-sin((0.780000+x2)))*sin((sin(4.186000)/ 2.927000)))",0.1888776505802543,0.17041941896034873
"GP-RV IA ERCs",100000,5.803173780441284,"522_pm10",12,False,"(3.322000+(((x0/ 4.731000)/ 1.509000)-((x2+3.743000)/ x0)))",0.1886973269545823,0.1355314008463906
"GP-RV IA ERCs",100000,7.760699987411499,"522_pm10",12,True,"1.0995496755107568 + (0.35111691175036036 * ((((x0-(x0/ x6))-sin((x0-5.345000)))+((sin(x2)/ (x2/ 2.086000))-sin((1.987000-x3))))))",0.2679843395186099,0.21373924820801038
"GP-RV IA ERCs",100000,6.899398565292358,"522_pm10",13,False,"((sin(x2)+((4.223000-1.148000)+x0))/ 3.116000)",0.21758729329944093,0.02371884052514106
"GP-RV IA ERCs",500000,18.7328360080719,"522_pm10",8,False,"(2.796000-(((5.161000+x2)-(x0*1.705000))/ (x0+sin(x1))))",0.18370732126486444,0.07964271267616418
"GP-RV IA ERCs",100000,5.308518409729004,"522_pm10",14,False,"(4.172000-(((x2+5.210000)/ 2.111000)/ ((x0+2.010000)-(0.976000+3.354000))))",0.145527967971936,0.20102728404161874
"GP-RV IA ERCs",100000,6.826745271682739,"522_pm10",13,True,"0.10258428909415894 + (0.3172373653280115 * ((sin(((5.095000-1.484000)-(x3-x0)))+((sin(x2)*(2.574000/ x2))+(x0*(3.973000/ 2.849000))))))",0.2829985656505333,0.10101065574861268
"GP-RV IA ERCs",500000,22.70085883140564,"522_pm10",7,True,"0.9749970049808175 + (-0.37710317224819806 * (((sin((x3+1.210000))-((0.933000*x0)+(5.365000/ x0)))+sin(((2.969000*2.926000)/ (1.278000+x2))))))",0.24909705616432098,0.24983476285544282
"GP-RV IA ERCs",500000,10.381450891494751,"522_pm10",12,False,"(3.322000+(((x0/ 4.731000)/ 1.509000)-((x2+3.743000)/ x0)))",0.1886973269545823,0.1355314008463906
"GP-RV IA ERCs",500000,13.256213426589966,"522_pm10",11,False,"((((3.993000-4.931000)-(3.280000+x0))-sin((0.706000+x2)))*sin((sin(4.186000)/ 2.927000)))",0.1901724210633673,0.17213682161783772
"GP-RV IA ERCs",500000,17.652222156524658,"522_pm10",10,False,"((sin(0.787000)-((1.739000-x0)/ 2.418000))+(((1.690000+1.409000)/ 3.890000)-(x2/ (x2+3.018000))))",0.2046794502907182,0.023592278454190763
"GP-RV IA ERCs",500000,46.720252990722656,"522_pm10",1,True,"0.7165654726058543 + (0.4463289343611191 * (((((2.044000+x0)*sin(0.737000))+((1.129000/ x2)*sin(x2)))-sin(((x0/ 3.573000)-x3)))))",0.25279728043391525,0.24788312615486352
"GP-RV IA ERCs",500000,22.071202039718628,"522_pm10",9,True,"3.7068727733088314 + (0.3005069652939774 * ((sin(((4.984000-1.448000)/ (0.978000-x3)))+((x2-(1.321000*x2))*((3.006000+4.273000)+(1.218000-x0))))))",0.2885755750117972,0.20995468891933078
"GP-RV IA ERCs",100000,4.927800893783569,"522_pm10",15,False,"((x0+((5.381000+5.307000)/ (x0*x2)))/ 2.428000)",0.19919697601552133,0.12508049139699606
"GP-RV IA ERCs",100000,7.638581275939941,"522_pm10",14,True,"-0.5299209237870947 + (0.41136962671688493 * (((((x0*x0)/ (x0-2.404000))-(sin(3.016000)*(x2*2.854000)))-sin(((x3*1.305000)+(2.316000/ x2))))))",0.23686261096559613,0.2971785506747646
"GP-RV IA ERCs",500000,20.764528512954712,"522_pm10",10,True,"3.7885659171037736 + (0.3368409765300538 * (((sin((x6*0.915000))+((x2+1.541000)-(1.476000-0.712000)))*sin(((x0/ x6)-(x0/ 2.616000))))))",0.2818167665002853,0.06646031004065012
"GP-RV IA ERCs",100000,7.164895296096802,"522_pm10",15,True,"2.1241801312116233 + (0.4156202419703431 * (((((x0/ 3.500000)*(x0/ 4.890000))+(sin(x2)/ x2))+sin((sin(x3)+(x3-1.766000))))))",0.3007742649147275,0.1665886904906685
"GP-RV IA ERCs",500000,62.590535163879395,"210_cloud",29,False,"((((1.688000-x0)+(3.843000-3.973000))-(sin(3.782000)*(x2+3.094000)))*(((x0-x0)/ (x1-1.602000))+(sin(3.013000)/ (0.553000/ x3))))",0.8557806209721385,0.680272016131523
"GP-RV IA ERCs",500000,20.936996936798096,"522_pm10",11,True,"4.165153501805693 + (-0.16710030771760223 * (((sin((x0/ 2.766000))*((x2+x0)-sin(x2)))+(sin((1.837000-x3))+(sin(x3)*(x2-2.619000))))))",0.2741404111889023,0.2502115687844205
"GP-RV IA ERCs",100000,6.537273168563843,"522_pm10",16,True,"-0.37527157310477294 + (0.4908273149062197 * (((((4.149000+x3)/ (x0-3.332000))/ (1.079000+(x2-0.818000)))+(x0-((5.290000/ x6)*(x2+x2))))))",0.24572356442866938,0.1564728319020322
"GP-RV IA ERCs",500000,12.266865730285645,"522_pm10",14,False,"(4.172000-(((x2+5.210000)/ sin(1.203000))/ ((x0*2.102000)-(0.976000+3.253000))))",0.14783232213490294,0.1940120214568699
"GP-RV IA ERCs",100000,6.885564565658569,"522_pm10",17,True,"4.459214727457041 + (0.2807418987456862 * ((sin(((x0+2.453000)-(2.293000-5.010000)))-((sin(x3)*(x1/ 5.379000))+((5.290000+x2)/ (x0/ 3.441000))))))",0.25395097290953605,0.16670437027849572
"GP-RV IA ERCs",100000,7.389966249465942,"522_pm10",17,False,"(1.778000+(x0/ ((x2/ 2.358000)+(0.948000+2.473000))))",0.17292361596090278,0.07596062311030172
"GP-RV IA ERCs",500000,12.089149236679077,"522_pm10",15,False,"((x0+((5.381000*2.230000)/ (x0*x2)))/ 2.428000)",0.20236309739717062,0.12199636666595537
"GP-RV IA ERCs",100000,12.336065530776978,"522_pm10",16,False,"(2.810000+sin(((x0-4.992000)/ (x2+1.175000))))",0.13918408609195987,0.14249993023792917
"GP-RV IA ERCs",100000,6.595807075500488,"522_pm10",18,True,"1.558899050177713 + (0.2874006347645409 * ((((x0-(x2/ 5.159000))-sin((4.009000+x2)))-sin(((x3*2.930000)+(1.467000*5.209000))))))",0.2701230942083326,0.16758154785888058
"GP-RV IA ERCs",500000,17.003202438354492,"522_pm10",14,True,"-1.440312532664627 + (0.44777272598397766 * (((((x0*x0)/ (x0-2.414000))-(sin(3.842000)*sin(x2)))-sin(((x3*1.254000)+(2.453000/ x2))))))",0.24894105125858712,0.3225720044386723
"GP-RV IA ERCs",500000,16.29520606994629,"522_pm10",15,True,"2.117038821444837 + (0.41034602230616585 * (((((x0/ 3.500000)*(x0/ 4.822000))+(sin(x2)/ (x2/ 1.050000)))+sin((sin(x3)+(x3-1.766000))))))",0.3012639837902218,0.16725902192343334
"GP-RV IA ERCs",100000,6.1677327156066895,"522_pm10",19,False,"((x0+(sin(x2)+(1.176000+2.719000)))*(sin((5.234000/ 2.608000))/ 3.080000))",0.18442947899290496,0.14523787154658563
"GP-RV IA ERCs",100000,9.530957698822021,"522_pm10",18,False,"(2.699000-(((4.338000-x0)/ (2.195000+x2))*1.102000))",0.14450252328160051,0.14482765723757207
"GP-RV IA ERCs",100000,6.8269126415252686,"522_pm10",19,True,"0.6221297737631759 + (-0.3440857247946391 * (((sin((x3+0.838000))-x0)-(sin((1.116000/ x2))*(sin(x3)+2.550000)))))",0.2523653025300744,0.25132498578917106
"GP-RV IA ERCs",500000,10.340857744216919,"522_pm10",18,False,"(2.699000-(((4.338000-x0)/ (2.195000+x2))*1.102000))",0.14450252328160051,0.14482765723757207
"GP-RV IA ERCs",500000,15.485451459884644,"522_pm10",16,True,"-0.49931816520086825 + (0.5027385470767639 * (((((5.104000+x3)/ (x0-3.332000))/ (1.079000+(x2-0.696000)))+(x0-((5.375000/ x6)*(x2+x2))))))",0.24778935708682004,0.15861452473707005
"GP-RV IA ERCs",500000,16.17284083366394,"522_pm10",16,False,"(2.810000+sin(((x0-4.992000)/ (x2+1.175000))))",0.13918408609195987,0.14249993023792917
"GP-RV IA ERCs",100000,6.467082500457764,"522_pm10",20,False,"(sin(sin((3.967000/ 3.232000)))+(((x0/ 2.376000)/ (3.912000/ 3.212000))-(sin(x2)/ (3.067000-x0))))",0.2080347564170294,0.11751157109137766
"GP-RV IA ERCs",100000,7.464954137802124,"522_pm10",20,True,"2.3578373217798223 + (0.48930657623431423 * ((((sin(x2)/ x2)-(2.112000-(x0/ 1.557000)))-sin(((x3+4.370000)*sin(4.826000))))))",0.27240220441979524,0.15357940129331893
"GP-RV IA ERCs",100000,6.136665344238281,"522_pm10",21,False,"((((1.025000+1.014000)+(x0-2.290000))/ 3.569000)+(1.789000-sin((x2/ x0))))",0.2032058433509598,0.1287934410107182
"GP-RV IA ERCs",100000,6.765639066696167,"522_pm10",21,True,"4.000219961517107 + (-3.0918238782918883 * ((sin((sin(0.844000)/ (2.016000/ x0)))*(((x2*x0)-(4.091000/ x5))/ ((x0*x2)+(2.563000*4.792000))))))",0.25046189601126134,0.15322617060520494
"GP-RV IA ERCs",100000,6.042952537536621,"522_pm10",22,False,"(x0/ (((1.583000/ 1.361000)+1.840000)-((5.057000+3.163000)/ (x0+x2))))",0.2109557621475081,0.14435203360975735
"GP-RV IA ERCs",500000,14.77011513710022,"522_pm10",19,True,"0.61901734759276 + (-0.34353078018089067 * (((sin((x3+0.812000))-x0)-(sin((1.116000/ x2))*(sin(x3)+(2.047000/ 0.795000))))))",0.25238676707101027,0.25004230916741654
"GP-RV IA ERCs",500000,8.841931104660034,"522_pm10",21,False,"((((1.025000+1.022000)+(x0-2.290000))/ 3.569000)+(1.789000-sin((x2/ x0))))",0.20320798188150224,0.12913694905151363
"GP-RV IA ERCs",500000,16.861491203308105,"522_pm10",19,False,"((x0+(sin(x2)+(2.352000+1.513000)))*(((2.967000/ 2.608000)*(3.912000-3.114000))/ 3.080000))",0.18447997794145332,0.1445039087671508
"GP-RV IA ERCs",100000,7.369210958480835,"522_pm10",22,True,"0.8093616433455058 + (0.2936120520368485 * ((((sin(x2)*(2.016000/ x2))+((x0*2.721000)/ (0.760000*3.145000)))-sin(((4.647000-x1)/ (x2-0.727000))))))",0.2722299751833174,0.12718006481041322
"GP-RV IA ERCs",100000,5.983214855194092,"522_pm10",23,False,"(sin(((1.802000/ 3.347000)/ (5.130000-2.477000)))*((1.200000*sin(x2))+((x0+x0)+(4.604000/ 2.266000))))",0.17005772293629828,0.12721752225489957
"GP-RV IA ERCs",500000,14.231566429138184,"522_pm10",20,False,"(sin(sin((4.172000/ 2.340000)))+(((x0/ 2.376000)/ (3.912000/ 3.212000))-(sin(x2)/ (3.067000-x0))))",0.20857572430056026,0.111173749033462
"GP-RV IA ERCs",500000,49.755120515823364,"522_pm10",9,False,"(4.721000-(((3.841000+x2)+(3.210000/ 1.838000))/ (x0+sin(3.889000))))",0.20004342374620454,0.025279155550956944
"GP-RV IA ERCs",100000,6.522902727127075,"522_pm10",23,True,"0.6716870074125482 + (0.329138460043036 * (((x0+((0.768000+0.987000)+(0.706000/ x2)))-(sin((4.831000/ x2))+sin((x3+1.358000))))))",0.2570899568986841,0.15399245338295064
"GP-RV IA ERCs",500000,21.776515245437622,"522_pm10",18,True,"1.6199734870213418 + (0.29181701450489794 * (((((x0/ 1.069000)-(x2/ x0))-sin((4.009000+x2)))-sin(((x3*2.859000)+(2.507000+5.209000))))))",0.2721306910372969,0.17302563022093775
"GP-RV IA ERCs",100000,5.466366529464722,"522_pm10",24,False,"(sin(1.470000)-(((2.453000-2.307000)-(1.644000/ 3.702000))*((1.291000/ x2)+x0)))",0.1916121946127166,0.1328132376117076
"GP-RV IA ERCs",500000,15.496222734451294,"522_pm10",21,True,"4.220518348410453 + (-2.8610782654202187 * ((sin((sin(2.345000)/ (2.016000/ x0)))*(((x2*x0)-(3.557000/ x5))/ ((x0*x2)+(2.226000+x0))))))",0.25229829733962794,0.14904913741476844
"GP-RV IA ERCs",100000,6.573474168777466,"522_pm10",24,True,"1.0103039149357649 + (-0.3370098508201288 * (((((x2-3.474000)/ (x0-3.663000))-x0)+sin(((x3+0.956000)+sin(x3))))))",0.27985462789619453,0.24069454667938817
"GP-RV IA ERCs",500000,43.001789569854736,"522_pm10",13,False,"((sin((2.657000-x2))+((4.224000-1.148000)+x0))/ 3.116000)",0.23148261668170533,0.025859305361994767
"GP-RV IA ERCs",100000,5.341922998428345,"522_pm10",25,False,"(sin(sin((4.844000+1.080000)))*((sin(4.269000)*x0)-3.129000))",0.14580521520008516,0.06103336548394789
"GP-RV IA ERCs",100000,6.899559736251831,"522_pm10",25,True,"-0.3567777118677002 + (-0.40577023601729045 * (((((x2/ 3.914000)-(2.256000+x0))-(2.871000/ (1.998000+x2)))+sin(((x2/ 3.255000)+(x0-x3))))))",0.28440879374401373,0.19690671866183906
"GP-RV IA ERCs",100000,5.382619857788086,"522_pm10",26,False,"((1.523000/ ((3.780000/ 0.768000)/ (1.570000+x0)))+(((x5+3.267000)/ (x5+x2))/ ((x2/ 2.486000)+(1.373000/ 1.697000))))",0.2111679194479832,0.14885029440133757
"GP-RV IA ERCs",500000,10.546546697616577,"522_pm10",25,False,"(sin(sin((4.844000+1.080000)))*((sin(4.269000)*x0)-3.129000))",0.14580521520008516,0.06103336548394789
"GP-RV IA ERCs",100000,6.952641487121582,"522_pm10",26,True,"3.210614206636545 + (-0.45890001314379597 * (((sin((x2/ 2.840000))-((x0-2.209000)/ 2.207000))+((x2/ (x0-1.894000))+sin((1.388000+x3))))))",0.2724023255241105,0.1483976052594923
"GP-RV IA ERCs",500000,12.158377647399902,"522_pm10",24,False,"(sin(1.470000)-(((2.453000-2.307000)-(1.644000/ 3.698000))*((1.386000/ x2)+x0)))",0.1923048158098063,0.13449512666926122
"GP-RV IA ERCs",500000,20.748950242996216,"522_pm10",22,False,"(x0/ (((1.583000/ 1.361000)+1.840000)-((5.057000+3.163000)/ (x0+x2))))",0.2109557621475081,0.14435203360975735
"GP-RV IA ERCs",100000,5.676690578460693,"522_pm10",27,False,"((((x5-x5)+(2.800000/ 2.054000))+((x0/ 3.390000)/ (1.411000*0.863000)))+sin(((x3*x3)/ (x3+2.296000))))",0.20287168329771765,0.2155155514157887
"GP-RV IA ERCs",500000,18.509556531906128,"522_pm10",23,False,"(sin(((1.802000/ 3.347000)/ (5.130000-2.477000)))*((sin(x3)*sin(x3))+((x0+x0)+(3.434000/ x2))))",0.20840857896494502,0.10377995642326054
"GP-RV IA ERCs",100000,7.695848703384399,"522_pm10",27,True,"3.442327563601586 + (0.15193477940935116 * (((x2-sin((x3+x3)))*(sin((x3+4.303000))+sin((3.736000-x0))))))",0.25855441711587457,0.2189758591725942
"GP-RV IA ERCs",100000,6.13042950630188,"522_pm10",28,False,"(3.322000+(sin((5.109000+x0))*((x2-x3)/ x0)))",0.14307310854200728,0.12706119668542148
"GP-RV IA ERCs",500000,22.740061283111572,"522_pm10",23,True,"0.9817541691357162 + (0.3736794299217375 * (((((5.291000/ x0)+x0)+((0.768000-1.428000)/ (4.866000/ x2)))-(sin((4.522000/ x2))+sin((x3+1.228000))))))",0.266895933891393,0.1492643973436153
"GP-RV IA ERCs",100000,7.7349629402160645,"522_pm10",28,True,"2.003123302466269 + (-0.3803880865268937 * (((sin((1.802000-x3))-((x0*x0)/ (x0+5.319000)))-(sin((0.708000+x2))/ ((3.392000/ 2.044000)-sin(x3))))))",0.24947424382054784,0.2432153871883348
"GP-RV IA ERCs",100000,5.3003950119018555,"522_pm10",29,False,"(((1.182000+(x0/ 4.056000))+((2.064000-x2)/ (3.479000+x2)))/ sin(2.118000))",0.21533578056599656,0.07462983157320113
"GP-RV IA ERCs",500000,17.27842402458191,"522_pm10",26,True,"3.193567183541339 + (-0.48807716361477677 * (((sin((x2/ 2.840000))-((x0-2.209000)/ 2.207000))+(((x2/ 0.771000)/ (x0-x3))+sin((1.355000+x3))))))",0.28044654477176756,0.14404359317980342
"GP-RV IA ERCs",500000,11.795352458953857,"522_pm10",28,False,"(3.322000+(sin((5.109000+x0))*((x2-x3)/ x0)))",0.14307310854200728,0.12706119668542148
"GP-RV IA ERCs",100000,7.276300430297852,"522_pm10",29,True,"-2.2390001474971992 + (0.40516290406680067 * ((((sin(4.482000)-(2.596000/ x0))/ (sin(4.518000)/ (x0+3.145000)))+((sin(x2)*(1.609000/ x2))-sin((x3-4.886000))))))",0.2761028814765225,0.1423908530545901
"GP-RV IA ERCs",500000,21.336204528808594,"522_pm10",26,False,"((1.523000/ ((4.000000+0.768000)/ (1.469000+x0)))+(((x5+2.909000)/ (x5+x2))/ ((x2/ 2.483000)+(1.373000/ 1.595000))))",0.21343329055466176,0.16361701505447857
"GP-RV IA ERCs",500000,52.93600082397461,"522_pm10",17,False,"(1.778000+(x0/ ((x2/ 2.358000)+(0.948000+2.473000))))",0.17292361596090278,0.07596062311030172
"GP-RV IA ERCs",100000,7.4707746505737305,"557_analcatdata_apnea1",0,False,"((sin((x1*19272.112000))*((x1*1243.955000)*x0))*sin(((1363.264000*x0)*(6402.232000+17671.388000))))",0.711490367789363,0.6065278456599417
"GP-RV IA ERCs",500000,17.9174542427063,"522_pm10",27,True,"3.477578258886139 + (0.15379619434878566 * (((x2-sin((x3+x3)))*(sin((x3+4.298000))+sin((3.863000-x0))))))",0.25935097447433697,0.22236428959220378
"GP-RV IA ERCs",100000,7.032048463821411,"557_analcatdata_apnea1",0,True,"156.11913313116074 + (0.004516298615320252 * (((((3771.687000*x1)-(17281.337000-16044.975000))*((x1-x0)-sin(16041.239000)))/ sin(((x1-17944.776000)+sin(x0))))))",0.9190576894320274,0.8660675798951146
"GP-RV IA ERCs",500000,94.20462346076965,"522_pm10",4,True,"2.154638758512679 + (0.24815858735390633 * ((((sin(x2)*(2.818000/ x2))+((x0-3.828000)*(1.534000*0.849000)))-sin(((x1+4.858000)/ (3.125000/ 0.881000))))))",0.2474906885635768,0.23636610662166624
"GP-RV IA ERCs",100000,5.3433897495269775,"557_analcatdata_apnea1",1,False,"(sin((x1*(5197.741000*x0)))*((x0*(2249.774000/ 4498.116000))*(1743.306000+(x1*456.986000))))",0.23431182190876543,0.32240912397902155
"GP-RV IA ERCs",100000,6.424058198928833,"557_analcatdata_apnea1",1,True,"130.47839725664645 + (-0.6034819659493331 * (((sin((x1+7488.531000))*(sin(x2)-(x0-54.877000)))/ sin(((11399.784000-x1)*(4746.046000+x0))))))",0.8956082492487767,0.9058625182234179
"GP-RV IA ERCs",500000,15.099948406219482,"522_pm10",29,False,"(((1.182000*(x0/ 3.964000))+(3.595000/ (2.477000+x2)))/ sin(2.118000))",0.21971967536809123,0.0826372600722769
"GP-RV IA ERCs",100000,6.69112491607666,"557_analcatdata_apnea1",2,False,"((sin((x1*22200.071000))*((x0*4665.652000)-(12223.976000-7501.946000)))*sin(((18020.864000*x0)*(6402.232000+9159.420000))))",0.48980320708601677,-0.5086817383443327
"GP-RV IA ERCs",100000,7.999973297119141,"557_analcatdata_apnea1",2,True,"191.4237099173222 + (6.508156179675403 * (((sin((5815.487000*9686.218000))+(sin(x2)+(x1+x1)))/ sin(((x1*x1)+(x0-17281.337000))))))",0.9220288129934174,0.8306330444684357
"GP-RV IA ERCs",500000,77.75525307655334,"522_pm10",13,True,"-0.3231953798640225 + (0.34358679341683285 * ((sin(((5.146000-x3)-sin(x3)))+((sin(x2)*(1.672000/ x2))+((x0+2.515000)+(3.929000-2.928000))))))",0.3017857789099514,0.1388362394976691
"GP-RV IA ERCs",100000,6.173425197601318,"557_analcatdata_apnea1",3,False,"((sin((x0*2039.176000))*((x1*8215.383000)-(7426.419000-x0)))*sin(((x0*x1)*(12801.724000+6875.642000))))",0.7657446975037497,0.7771235646358294
"GP-RV IA ERCs",500000,19.226638317108154,"557_analcatdata_apnea1",0,False,"((sin((x1*19272.112000))*((x1*1523.873000)*x0))*sin(((1363.264000*x0)*(6402.232000+17671.388000))))",0.7233049028777103,0.56199945453809
"GP-RV IA ERCs",100000,7.942691802978516,"557_analcatdata_apnea1",3,True,"144.56992057740553 + (-1.841984082823024 * (((((x1*1577.497000)+(13621.314000+12246.458000))/ ((x0-10160.469000)+(x0*3902.674000)))/ sin((sin(x0)+(14011.506000+x1))))))",0.9276929300259997,0.8576231455092389
"GP-RV IA ERCs",500000,21.2409987449646,"557_analcatdata_apnea1",0,True,"155.85823258580422 + (-0.0045678497529544285 * (((((3771.687000*x1)-(17286.847000-16044.975000))*((x0-x1)-sin(1897.258000)))/ sin(((x1-17944.776000)+sin(x0))))))",0.9190739590810543,0.8662961548076292
"GP-RV IA ERCs",500000,16.74182891845703,"557_analcatdata_apnea1",2,False,"((sin((x1*22200.071000))*((x0*4665.652000)-(12162.418000-7515.690000)))*sin(((18020.864000*x0)*(6402.232000+9159.420000))))",0.4898664756660567,-0.5245209188509394
"GP-RV IA ERCs",500000,19.75551724433899,"557_analcatdata_apnea1",1,False,"(sin((x1*(5197.741000*x0)))*((x0+sin(x1))*((34.064000*x1)+(x1*605.170000))))",0.3193070558194502,0.4307285256715633
"GP-RV IA ERCs",100000,8.773664712905884,"557_analcatdata_apnea1",4,False,"((sin((x1*6542.391000))*((3723.244000-2358.601000)+(x0*2270.752000)))*sin(((18020.864000*x0)*(6402.232000+11790.339000))))",0.28511277727428264,0.3440190074851428
"GP-RV IA ERCs",500000,101.144211769104,"522_pm10",8,True,"1.033588129405375 + (0.32138366626268666 * (((sin((x3+4.549000))-sin((4.087000/ x2)))-(((x4/ 3.035000)/ (x0+x6))-((2.476000+x0)-(x2/ 3.606000))))))",0.27905319098228465,0.192296330179061
"GP-RV IA ERCs",500000,22.425475120544434,"557_analcatdata_apnea1",1,True,"70.03079160083976 + (-0.007084702243870674 * (((sin((x1+18148.037000))*((x2-13428.376000)+(x0*2946.061000)))/ sin(((11399.784000-x1)*(4746.046000+x0))))))",0.9021756808331504,0.9012721667245811
"GP-RV IA ERCs",100000,7.784547805786133,"557_analcatdata_apnea1",4,True,"219.16342647669083 + (-351.10559628817714 * (((sin((x1*6542.391000))*sin((x1+15380.242000)))/ sin(((12656.581000*x0)+(6402.232000+x1))))))",0.8919145126148911,0.9133628729071551
"GP-RV IA ERCs",100000,6.332690477371216,"557_analcatdata_apnea1",5,False,"((x1*((3360.719000/ 2286.876000)*(x0*x1)))/ sin(((x1*12561.656000)+(x0+400.704000))))",0.8897882994428217,0.8846884152760088
"GP-RV IA ERCs",500000,15.666067123413086,"557_analcatdata_apnea1",3,False,"((sin((x0*2039.176000))*((x1*9367.367000)-(9779.623000-37.833000)))*sin(((x0*x1)*(12801.724000+6875.642000))))",0.7691599994627583,0.7813201606033895
"GP-RV IA ERCs",500000,55.34738326072693,"522_pm10",24,True,"-1.4732923875899326 + (-0.287591420381178 * (((((x2-3.766000)/ (x0-3.663000))-((5.126000+x0)/ (2.341000-1.616000)))+sin(((x3+1.274000)+sin(x3))))))",0.2858255690399505,0.22606003953124465
"GP-RV IA ERCs",500000,16.216343641281128,"557_analcatdata_apnea1",3,True,"145.27169237597346 + (-5.237275117918285 * (((((x1*2796.332000)+(x2+7310.492000))/ ((485.210000-10004.717000)+(x0*3926.113000)))/ sin((sin(x0)+(14011.506000+x1))))))",0.9285182241330215,0.8580893737929769
"GP-RV IA ERCs",100000,7.112273454666138,"557_analcatdata_apnea1",5,True,"254.66650106103828 + (-2651.6304742822635 * ((sin(((x1*x0)*(6311.945000*15167.140000)))*(sin((x1+12634.519000))*((x1*x0)-x1)))))",0.8977014442706955,0.8800341412092767
"GP-RV IA ERCs",500000,24.6732816696167,"557_analcatdata_apnea1",2,True,"188.98696218210725 + (5.971427258598155 * (((sin((659.264000*x2))+(sin(x2)+(x1+x1)))/ sin(((x1*x1)+(x0-17281.337000))))))",0.9446037824767768,0.834640740872481
"GP-RV IA ERCs",100000,7.486711740493774,"557_analcatdata_apnea1",6,True,"297.60416148057305 + (2123815.7672948907 * (((sin((16539.104000*x0))-sin((x0-17747.214000)))/ ((2839.976000*(x0*x1))-((5930.113000-x2)+(19680.209000+x2))))))",0.9052412140180839,0.03568399347440787
"GP-RV IA ERCs",100000,7.980669021606445,"557_analcatdata_apnea1",6,False,"((sin((x1*14264.393000))*((448.059000-6713.738000)+(x0*5513.150000)))*sin(((18020.864000*x0)*(6402.232000+9159.420000))))",0.5054892091360893,-17.49388318505573
"GP-RV IA ERCs",500000,13.993095397949219,"557_analcatdata_apnea1",4,True,"219.16342647669083 + (-351.10559628817714 * (((sin((x1*6542.391000))*sin((x1+15380.242000)))/ sin(((12656.581000*x0)+(6402.232000+x1))))))",0.8919145126148911,0.9133628729071551
"GP-RV IA ERCs",100000,6.254160165786743,"557_analcatdata_apnea1",7,False,"(((x0+(x2/ 6046.244000))-sin(sin(x2)))/ (sin((5197.936000-17376.870000))+(sin(12699.783000)-sin(x1))))",0.13464246104850364,0.182398194926371
"GP-RV IA ERCs",500000,18.957485914230347,"557_analcatdata_apnea1",4,False,"((sin((x1*6542.391000))*((114.555000-2259.623000)+(x1*2989.202000)))*sin(((18020.864000*x0)*(6402.232000+9159.420000))))",0.398628286588642,0.3744492523219005
"GP-RV IA ERCs",100000,7.587968587875366,"557_analcatdata_apnea1",7,True,"198.58453152071138 + (126.15995315377317 * ((sin(((4519.700000-987.443000)+(x0+15306.857000)))/ sin(((x1+x0)+(x1-18798.858000))))))",0.8584231055735722,0.936397724479552
"GP-RV IA ERCs",500000,88.84551954269409,"522_pm10",17,True,"2.0080800702972055 + (0.19374863895714972 * (((((x0+4.009000)-(2.282000/ 5.067000))-sin((x2*5.074000)))-((sin(x3)*(x1/ 3.858000))+((2.859000+x2)/ (x0/ 4.769000))))))",0.26162384123848736,0.09880108869410853
"GP-RV IA ERCs",500000,16.542037963867188,"557_analcatdata_apnea1",5,False,"((x1*((16405.535000/ 11198.888000)*(x0*x1)))/ sin(((x1*12561.656000)+(x0+400.704000))))",0.8899527652513847,0.8835024549818304
"GP-RV IA ERCs",100000,6.4584949016571045,"557_analcatdata_apnea1",8,True,"211.86368215073517 + (2.376502631406655 * (((((10648.465000+9066.920000)*sin(x2))+((11706.493000+x2)*(x0*x0)))/ (((17561.539000*x1)+sin(x1))+((10359.711000-x1)-(21008.264000*x0))))))",0.9107465325080771,0.9111909618407946
"GP-RV IA ERCs",100000,6.9238317012786865,"557_analcatdata_apnea1",8,False,"((sin((6649.157000*x0))*((5315.718000*x0)-(2416.491000+3895.308000)))*sin(((x1*x1)*13772.553000)))",0.5929945034059549,0.34102977801227474
"GP-RV IA ERCs",500000,108.57961845397949,"522_pm10",12,True,"-0.7702194109412376 + (0.35865086058212886 * (((((x0+5.123000)-(x2/ x4))-sin((x0-5.345000)))+((sin(x2)/ (x2/ 1.896000))-sin((1.987000-x3))))))",0.2697338809549491,0.213699853334697
"GP-RV IA ERCs",100000,6.644846200942993,"557_analcatdata_apnea1",9,False,"((371.778000-((x0*x0)/ (7039.402000/ 13479.001000)))*(sin((x1-11128.729000))*(x1*x0)))",0.1457683720002353,0.1233417490568135
"GP-RV IA ERCs",100000,8.124148607254028,"557_analcatdata_apnea1",9,True,"192.36760416245835 + (60.206542097842316 * ((sin((sin(603.383000)*(x0*x0)))/ (sin((5842.553000*x0))+(sin(4010.887000)-sin(x1))))))",0.9265769279005172,0.8387973121106962
"GP-RV IA ERCs",500000,15.657193660736084,"557_analcatdata_apnea1",7,False,"(((x0+(2055.021000/ 5572.266000))-sin((x0+x0)))/ (sin((5197.936000-17376.870000))+(sin(12699.783000)-sin(x1))))",0.20827390731853745,0.2960265094257384
"GP-RV IA ERCs",500000,18.159587144851685,"557_analcatdata_apnea1",6,False,"((sin((x1*23261.933000))*((x1-1933.548000)+(x0*4055.750000)))*sin(((18020.864000*x0)*(18720.292000+x1))))",0.5410497805543635,-8.552200972221591
"GP-RV IA ERCs",100000,6.689626455307007,"557_analcatdata_apnea1",10,False,"((sin((x0*6306.745000))*((x2+2130.334000)-(x0*3557.747000)))*sin(((x1*5414.768000)*(x1*13871.599000))))",0.5102115524158146,0.16951290698687183
"GP-RV IA ERCs",100000,7.2000696659088135,"557_analcatdata_apnea1",10,True,"145.0785582011472 + (172.430207442749 * ((sin((sin(1458.658000)-(x0*5689.761000)))/ (sin((9636.660000*1208.350000))-sin((x0*x1))))))",0.9167333162057927,0.8262506546209143
"GP-RV IA ERCs",500000,12.446757078170776,"557_analcatdata_apnea1",9,False,"((371.778000-((x0*x0)/ (1775.002000/ 13479.001000)))*(sin((x1-11128.729000))*(x1*x0)))",0.15513435329357794,0.11776870389019056
"GP-RV IA ERCs",500000,16.710750818252563,"557_analcatdata_apnea1",8,False,"((sin((6649.157000*x0))*((5315.718000*x0)-(2235.721000+2989.202000)))*sin(((x1*x1)*13772.553000)))",0.6060018398832843,0.3140517258181862
"GP-RV IA ERCs",500000,62.776994943618774,"522_pm10",28,True,"1.99765231428829 + (-0.38302249128321786 * (((sin((1.802000-x3))-((x0*x0)/ (x0+5.339000)))-(sin((0.708000+x2))/ ((3.881000/ 2.305000)-sin(x3))))))",0.2495141486943495,0.2439356961599819
"GP-RV IA ERCs",500000,86.00769567489624,"522_pm10",22,True,"2.484709300641679 + (0.4058895570054692 * (((((x0+3.701000)/ (4.384000/ x2))-((x2*2.721000)-(0.760000*3.705000)))-sin(((4.647000-x1)/ (x2-0.704000))))))",0.28161998193531534,0.10220817625612832
"GP-RV IA ERCs",100000,7.243594169616699,"557_analcatdata_apnea1",11,False,"((sin((x1*22200.071000))*((x1*x0)*(447.072000*x1)))*sin(((18020.864000*x0)*(6402.232000+9159.420000))))",0.7597076447547972,0.7771958157319216
"GP-RV IA ERCs",100000,7.582488536834717,"557_analcatdata_apnea1",11,True,"211.3272310621534 + (79279.48186290734 * (((sin((18919.980000*x1))*(sin(x2)+x1))/ (((2985.691000*x0)+(6402.232000*x1))-((x0*1795.503000)+(20686.483000+2102.869000))))))",0.9236706593002235,0.8584205103882279
"GP-RV IA ERCs",100000,6.769256114959717,"557_analcatdata_apnea1",12,False,"((sin((x1-11747.488000))*((x0*x1)*(x2+1099.686000)))*sin(((18020.864000*x0)*(23044.389000+17671.388000))))",0.533453701006928,0.561438122765466
"GP-RV IA ERCs",500000,19.699267387390137,"557_analcatdata_apnea1",8,True,"203.75095297632467 + (0.0027811682801634767 * ((((sin(x2)*(1107.204000*21999.817000))+((22413.420000+x2)*(21885.328000-16296.710000)))/ (((17561.539000*x1)+(x1/ x2))+((10359.711000+x0)-(21008.264000*x0))))))",0.9123778478857543,0.9146042737046309
"GP-RV IA ERCs",100000,7.494996786117554,"557_analcatdata_apnea1",12,True,"237.02782210814632 + (-84.26593845579148 * (((sin((5349.395000*x0))-sin((13975.175000+x0)))/ sin(((x1-x0)+(x1-9663.388000))))))",0.8920821721270608,0.9016644734209094
"GP-RV IA ERCs",500000,81.27946496009827,"522_pm10",25,True,"-0.38822426379887076 + (-0.34415102120943786 * (((((x2/ x0)-(3.652000+x0))-(2.871000/ (0.916000+x2)))+sin(((x1/ x0)+(1.702000-x3))))))",0.29321433346781933,0.2545209334923849
"GP-RV IA ERCs",100000,6.600292205810547,"557_analcatdata_apnea1",13,False,"((sin((x1*20666.960000))*((x0*2470.912000)-(x2*x2)))*sin(((18020.864000*x0)*(6402.232000+9159.420000))))",0.40528564489264374,0.25418831134144426
"GP-RV IA ERCs",100000,7.2221715450286865,"557_analcatdata_apnea1",13,True,"192.24028081866598 + (-2.8093063844869492 * (((sin((x2*1809.125000))+((x1*x0)+sin(x2)))/ sin(((x1+15938.272000)*(x0+1248.352000))))))",0.9267151493246101,0.9162445673261419
"GP-RV IA ERCs",500000,18.318592071533203,"557_analcatdata_apnea1",10,False,"((sin((x0*6306.745000))*((1872.922000+2506.341000)-(x0*5161.929000)))*sin(((x1*5414.768000)*(x1+20905.564000))))",0.697580185601177,0.4060875786873206
"GP-RV IA ERCs",100000,5.815210819244385,"557_analcatdata_apnea1",14,False,"((((x2+109.605000)+(228.894000*x1))/ (sin(5469.315000)+(x1-x0)))-(sin((4188.374000*x1))/ sin(16207.470000)))",0.20473004255645189,0.3081494800939947
"GP-RV IA ERCs",500000,104.04144215583801,"522_pm10",20,True,"3.3322259660108067 + (0.46080571495556183 * ((((sin(x2)/ (x2*0.837000))-((2.785000*1.576000)-(x0/ 1.479000)))-sin(((x3+4.324000)/ sin(4.519000))))))",0.27590033526605817,0.15274729148425137
"GP-RV IA ERCs",100000,6.343033313751221,"557_analcatdata_apnea1",14,True,"148.34851547597336 + (89.01537356584605 * ((sin(((x0-x1)+3548.432000))/ sin(((9907.654000*x1)-(16902.270000+x0))))))",0.9015828478216609,0.8955000238013581
"GP-RV IA ERCs",500000,24.077628135681152,"557_analcatdata_apnea1",9,True,"192.36760416245835 + (60.206542097842316 * ((sin((sin(603.383000)*(x0*x0)))/ (sin((5842.553000*x0))+(sin(4010.887000)-sin(x1))))))",0.9265769279005172,0.8387973121106962
"GP-RV IA ERCs",100000,7.27742075920105,"557_analcatdata_apnea1",15,False,"((sin((x1*20789.484000))*((3074.912000*x1)+(x0-1579.218000)))*sin(((x0*x0)*(17377.652000+6815.565000))))",0.49863529435916654,0.503742622556743
"GP-RV IA ERCs",100000,7.5201334953308105,"557_analcatdata_apnea1",15,True,"195.36967922443873 + (7.153246144432402 * (((((x0-19969.985000)/ (6953.032000*x2))+((x0+x0)+sin(x2)))/ (((x0-x1)-sin(13130.999000))-sin((x0*5102.709000))))))",0.9016460200158604,0.8970229479484214
"GP-RV IA ERCs",500000,18.732903718948364,"557_analcatdata_apnea1",12,True,"164.7060329080585 + (457.34619767193067 * (((sin((16994.452000*x0))-sin((x1+2358.601000)))/ (((x1-x0)*(6402.232000-3372.537000))-sin((12579.130000+x1))))))",0.9037919228201604,0.9086428341337307
"GP-RV IA ERCs",500000,10.04451608657837,"557_analcatdata_apnea1",15,False,"((sin((x1*20789.484000))*((3074.912000*x1)+(x0-1579.218000)))*sin(((x0*x0)*(19203.597000+14935.907000))))",0.49870857093595633,0.5053974637150346
"GP-RV IA ERCs",100000,6.920889854431152,"557_analcatdata_apnea1",16,True,"210.03528208073664 + (2.7267416337937256 * (((sin((x1*22200.071000))*sin((x0*19636.542000)))*(((x0*x0)*(x1*x1))/ (sin(10046.828000)-(x0-x1))))))",0.8672035940723946,0.9564688053267872
"GP-RV IA ERCs",500000,18.021430253982544,"557_analcatdata_apnea1",13,False,"((sin((x1*20666.960000))*((x0*2500.790000)-(x2*x2)))*sin(((18020.864000*x0)*(6402.232000+9159.420000))))",0.4057871650721905,0.2510478507674976
"GP-RV IA ERCs",100000,7.38388204574585,"557_analcatdata_apnea1",16,False,"((sin((x1*22200.071000))*((x2-3144.013000)+(x1*3573.805000)))*sin(((18020.864000*x0)*(6402.232000+17671.388000))))",0.42792631027359385,0.3581588972164317
"GP-RV IA ERCs",500000,25.799169301986694,"557_analcatdata_apnea1",11,True,"193.2997353179309 + (56757.95981153761 * (((((9147.127000*x0)/ (11495.001000*x2))-(sin(x2)+(7625.391000/ 2294.568000)))/ (((2985.691000*x0)+(6402.232000*x1))-((x0*1795.503000)+(20686.483000+2102.869000))))))",0.9313668606483967,0.8289888381310887
"GP-RV IA ERCs",500000,18.89236831665039,"557_analcatdata_apnea1",13,True,"235.2034431887851 + (3.7513561752971123 * (((sin((x2*14369.167000))+((x0+x0)+sin(x2)))/ sin(((3365.683000+x1)*(x0+18650.484000))))))",0.9374330028579597,0.9180780196360316
"GP-RV IA ERCs",500000,88.67513728141785,"522_pm10",27,False,"((((x5-x5)+(2.800000/ 2.069000))+((x0/ 3.320000)/ (1.411000*0.863000)))+sin(((x3*x3)/ (x3+2.296000))))",0.20484585473609807,0.2180822269896069
"GP-RV IA ERCs",500000,16.146754503250122,"557_analcatdata_apnea1",14,False,"((((388.689000/ x2)+(228.894000*x1))/ (sin(5469.315000)+(x1-x0)))-(sin((4188.374000*x1))/ sin(16207.470000)))",0.205701196066713,0.27942673585952427
"GP-RV IA ERCs",500000,82.38344955444336,"522_pm10",29,True,"2.215979264908826 + (0.3799329648991501 * (((((5.198000/ x0)-(4.394000-x0))-((x2/ x6)*(4.342000*2.536000)))+((sin(x2)*(1.433000/ x2))-sin((x3-4.886000))))))",0.28656880130062334,0.14196057706570486
"GP-RV IA ERCs",100000,6.493487119674683,"557_analcatdata_apnea1",17,True,"233.58992765819664 + (-0.0005559897716770771 * (((((10035.982000*x0)-(19342.719000-8953.989000))*((x0+x1)+sin(x2)))*(sin((x0*13080.017000))/ ((x1-x0)-(93.500000/ 22191.466000))))))",0.9007367928212112,0.9391611939232738
"GP-RV IA ERCs",100000,6.937618970870972,"557_analcatdata_apnea1",17,False,"((sin((x1*14264.393000))*((x1*4266.036000)-(3805.584000-x0)))*sin(((18020.864000*x0)*(6402.232000+9159.420000))))",0.4774505942174596,0.14807702925640398
"GP-RV IA ERCs",500000,18.788106441497803,"557_analcatdata_apnea1",14,True,"191.1698253697864 + (-0.0007807083866677503 * (((((x0*x1)+sin(x2))*((x1*x0)*(1399.480000-x1)))/ sin(((9907.654000*x1)-(16902.270000+x0))))))",0.9068282194913564,0.8833653364785413
"GP-RV IA ERCs",100000,7.0233705043792725,"557_analcatdata_apnea1",18,False,"((sin((x1*23261.933000))*((x0*687.586000)+(x1*1812.175000)))*sin(((18020.864000*x0)*(6402.232000+2535.944000))))",0.4109625603495296,0.35574222798374944
"GP-RV IA ERCs",100000,6.372480630874634,"557_analcatdata_apnea1",18,True,"153.45375267439445 + (-0.011345743161764895 * (((((x0*5092.365000)+(x1-17926.168000))+(sin(x0)*(7950.935000+x1)))/ sin(((18334.619000-x0)+(x1*x1))))))",0.9270811862427458,0.8155859440246388
"GP-RV IA ERCs",100000,7.482604503631592,"557_analcatdata_apnea1",19,False,"((sin((x1*22200.071000))*((x1*5718.347000)-(124.042000+4516.748000)))*sin(((2995.921000*x0)*(x0+18604.646000))))",0.7346256565596458,0.6070324824907387
"GP-RV IA ERCs",500000,14.652277946472168,"557_analcatdata_apnea1",16,False,"((sin((x1*22200.071000))*((x0-3144.013000)+(x1*3573.805000)))*sin(((18020.864000*x0)*(6402.232000+17671.388000))))",0.4279368817360003,0.3585258712036067
"GP-RV IA ERCs",500000,15.430491924285889,"557_analcatdata_apnea1",16,True,"218.4775051838194 + (-3.3013007123764173 * (((sin((x1*22200.071000))*sin((x0*19636.542000)))*(((x0*x0)*(x0*x0))/ (sin(12572.636000)-(x0-x1))))))",0.8673755363586055,0.9564643034969995
"GP-RV IA ERCs",100000,6.32654333114624,"557_analcatdata_apnea1",20,False,"((sin((x1*14264.393000))*((x0-2834.882000)+(x1*3489.418000)))*sin(((18020.864000*x0)*(15844.533000+17671.388000))))",0.4349012452495753,0.15174521407735853
"GP-RV IA ERCs",100000,7.438817977905273,"557_analcatdata_apnea1",19,True,"208.01478787830828 + (1.2725181148615127e-06 * ((((sin(x2)*(x2+1242.417000))+18105.572000)/ (sin((11564.064000-x0))*sin((4998.416000+x1))))))",0.9109980967986427,0.8937620630079884
"GP-RV IA ERCs",500000,21.505739450454712,"557_analcatdata_apnea1",15,True,"209.78994631993515 + (5.331422153306621 * (((((206.477000-18314.001000)/ (6953.032000*x2))+((x1+x1)+sin(x2)))/ (((x0-x1)-sin(18998.068000))-sin((x1*5102.709000))))))",0.9019240217475267,0.9003556539463639
"GP-RV IA ERCs",100000,7.468995094299316,"557_analcatdata_apnea1",20,True,"149.56749470511355 + (2.4771555263894645e-07 * (((((21995.159000+2778.432000)*(x2-12449.225000))+(10769.273000*(6454.166000*x0)))/ ((sin(13317.764000)-sin(5070.419000))+sin((x0*x1))))))",0.9007038104226809,0.8766758663103486
"GP-RV IA ERCs",500000,57.72061252593994,"557_analcatdata_apnea1",6,True,"401.8903122175559 + (2768944.420563035 * ((((sin(x1)+sin(x0))-sin((x1*19681.880000)))/ ((2839.976000*(x0*x1))-((5930.113000-x2)+(19680.209000+x2))))))",0.9055230741300101,0.023477180639286166
"GP-RV IA ERCs",500000,10.521759033203125,"557_analcatdata_apnea1",19,False,"((sin((x1*22200.071000))*((x1*5718.347000)-(124.042000+4516.748000)))*sin(((2995.921000*x0)*(x0+18604.646000))))",0.7346256565596458,0.6070324824907387
"GP-RV IA ERCs",500000,14.252483129501343,"557_analcatdata_apnea1",18,True,"154.8291323656293 + (-0.010982213871854494 * (((((x0*5092.365000)+(x1-18102.680000))+(sin(x0)*(8853.824000-x2)))/ sin(((18334.619000-x0)+(x1*x1))))))",0.9271924786907052,0.8153572631076593
"GP-RV IA ERCs",500000,16.677838802337646,"557_analcatdata_apnea1",17,True,"224.98785576426624 + (0.0008968761989318947 * (((((10035.982000*x1)-10743.326000)*((x1+x1)+sin(x2)))*(sin((x1*20569.574000))/ ((x1-x0)+(93.500000/ 14016.957000))))))",0.9009348733091046,0.9393007526031582
"GP-RV IA ERCs",500000,17.111236333847046,"557_analcatdata_apnea1",17,False,"((sin((x1*14264.393000))*((x1*4266.036000)-(3805.584000-x0)))*sin(((18020.864000*x0)*(6402.232000+9159.420000))))",0.4774505942174596,0.14807702925640398
"GP-RV IA ERCs",100000,6.088215351104736,"557_analcatdata_apnea1",21,False,"((sin((x1*10789.809000))*((x1*4266.036000)-(2468.880000-x0)))*sin(((x0*x0)*(12491.228000+17671.388000))))",0.5536116260238045,0.49375977018232964
"GP-RV IA ERCs",100000,8.15309190750122,"557_analcatdata_apnea1",21,True,"257.43483609649917 + (0.0019710585244819244 * (((((x0*10019.829000)/ sin(5699.596000))+(sin(x2)*(x1*3718.138000)))/ sin(((9313.944000-x1)*(x0+23229.957000))))))",0.906793703645056,0.9051062211022723
"GP-RV IA ERCs",100000,7.324205636978149,"557_analcatdata_apnea1",22,False,"((sin((x1*20668.702000))-((x2*x2)+x0))/ sin(((x0*x1)-(6402.232000+17671.388000))))",0.4321804566609776,0.3425641343138931
"GP-RV IA ERCs",100000,7.4597814083099365,"557_analcatdata_apnea1",22,True,"141.67877789422877 + (0.0008669700501164061 * (((((2621.599000+3985.455000)+18865.390000)/ sin((x0+16116.630000)))/ sin(((x1*15432.625000)+(x0+17671.388000))))))",0.9087909163595759,0.8979166107891144
"GP-RV IA ERCs",100000,7.152915716171265,"557_analcatdata_apnea1",23,False,"((sin((x0*19272.112000))*((x1*3034.207000)-(7288.380000/ x2)))*sin(((18020.864000*x1)*(6402.232000+17671.388000))))",0.44689020794741174,0.08072176141505238
"GP-RV IA ERCs",100000,7.944660902023315,"557_analcatdata_apnea1",23,True,"137.62686073272957 + (30.629206707162627 * (((sin((x1*21662.868000))*((x1+x1)+sin(x2)))/ sin(((x0+19052.663000)-(5081.641000*x1))))))",0.9319334807944436,0.8756463544703665
"GP-RV IA ERCs",500000,19.597501754760742,"557_analcatdata_apnea1",19,True,"206.11846477084518 + (-7.522412400836653e-07 * ((((sin(x2)*(2639.974000+3164.874000))+((23368.667000+1601.969000)+(367.080000*x2)))/ (sin((11564.064000-x0))*sin((20323.104000+x1))))))",0.921520003789661,0.8807658146235411
"GP-RV IA ERCs",500000,18.9792320728302,"557_analcatdata_apnea1",20,False,"((sin((x1*14264.393000))*((x1-2358.601000)+(x1*3954.007000)))*sin((sin(x0)*(19095.628000+17671.388000))))",0.5519726043127209,0.5033451995156688
"GP-RV IA ERCs",100000,8.087325811386108,"557_analcatdata_apnea1",24,False,"((sin((x1*14264.393000))*((x0*2774.898000)+(x1-1686.316000)))*sin(((18020.864000*x0)*(6402.232000+1422.042000))))",0.37346197550273097,0.43751688888180507
"GP-RV IA ERCs",100000,6.919808626174927,"557_analcatdata_apnea1",24,True,"262.8505256855485 + (4.637922476905614 * (((((x0+x1)+sin(x2))*sin((x0+21462.349000)))/ (sin((x1-2887.405000))+sin((x0*x0))))))",0.9154281402344847,0.9022180454856719
"GP-RV IA ERCs",500000,16.865110158920288,"557_analcatdata_apnea1",21,False,"((sin((x1*10789.809000))*((x1*4266.036000)-(2718.646000+34.762000)))*sin(((x0*x0)*(17727.892000+17671.388000))))",0.5585585174268638,0.5014640588863304
"GP-RV IA ERCs",500000,13.549678802490234,"557_analcatdata_apnea1",22,True,"226.77996954058096 + (3.614400795365979 * (((((x0+x1)+sin(x2))/ sin((x0+16116.630000)))/ sin(((x1*15432.625000)+(x0+17671.388000))))))",0.9095897198932039,0.9335691048024188
"GP-RV IA ERCs",500000,69.14119243621826,"557_analcatdata_apnea1",7,True,"198.58453152071138 + (126.15995315377317 * ((sin(((4519.700000-987.443000)+(x0+15306.857000)))/ sin(((x1+x0)+(x1-18798.858000))))))",0.8584231055735722,0.936397724479552
"GP-RV IA ERCs",100000,6.7069315910339355,"557_analcatdata_apnea1",25,False,"((sin((x1+14264.393000))*(sin(x2)+(x0*2933.162000)))*sin(((x0*x1)*(x1+2535.944000))))",0.42819293144069015,0.2045206347754177
"GP-RV IA ERCs",100000,7.669476270675659,"557_analcatdata_apnea1",25,True,"107.58131890356682 + (-0.05767397932034496 * (((((18141.155000-17680.820000)+(x1+x2))/ sin((x0+1243.955000)))/ (sin((x0*21718.782000))+(sin(23122.256000)+sin(x1))))))",0.9058188702653437,0.9382586279861579
"GP-RV IA ERCs",500000,16.669620513916016,"557_analcatdata_apnea1",23,False,"((sin((x1*22200.071000))*((x1*3034.207000)-(9688.980000/ x2)))*sin(((18020.864000*x0)*(6402.232000+19013.252000))))",0.457707017286358,-0.018579040862761964
"GP-RV IA ERCs",500000,21.24219846725464,"557_analcatdata_apnea1",21,True,"243.0065345975861 + (0.0017070818261693207 * (((((x0*x1)*(5699.596000-x0))+(sin(x2)*(9072.564000+3718.138000)))/ sin(((9313.944000-x1)*(x0+23229.957000))))))",0.9080434763961536,0.9068781013935248
"GP-RV IA ERCs",500000,12.42417049407959,"557_analcatdata_apnea1",24,False,"((sin((x1*14264.393000))*((x0*2774.898000)+(x1-1686.316000)))*sin(((18020.864000*x0)*(6402.232000+1422.042000))))",0.37346197550273097,0.43751688888180507
"GP-RV IA ERCs",100000,7.227612495422363,"557_analcatdata_apnea1",26,False,"((((x1*7520.541000)/ (17332.172000-21908.674000))*(sin(x2)+(338.319000*x0)))*sin(((18020.864000*x0)*(6402.232000+19013.252000))))",0.2567530514582923,-0.48458770346151847
"GP-RV IA ERCs",100000,7.287452936172485,"557_analcatdata_apnea1",26,True,"199.52928586365874 + (0.001142751951923959 * (((sin((x1*438.256000))*((553.004000+17854.526000)-(x0*18557.880000)))/ (sin((x1-x0))-(sin(6948.205000)/ (3164.874000-3462.668000))))))",0.9124751423881502,0.768123258066799
"GP-RV IA ERCs",500000,21.604825496673584,"557_analcatdata_apnea1",23,True,"137.62686073272957 + (30.629206707162627 * (((sin((x1*21662.868000))*((x1+x1)+sin(x2)))/ sin(((x0+19052.663000)-(5081.641000*x1))))))",0.9319334807944436,0.8756463544703665
"GP-RV IA ERCs",500000,12.679558992385864,"557_analcatdata_apnea1",25,False,"((sin((x1+14264.393000))*((1233.104000-2221.415000)+(x0*2933.162000)))*sin(((x0*x1)*(x1+2535.944000))))",0.4400916071313785,0.2818092451717549
"GP-RV IA ERCs",100000,6.722947835922241,"557_analcatdata_apnea1",27,True,"126.5545880673947 + (-27.16803597871333 * (((sin((23107.298000-x1))*((x1*x1)-(x1+x0)))/ sin(((7507.316000*x1)+(16041.239000+x0))))))",0.9140612734705943,0.8665155026404696
"GP-RV IA ERCs",100000,8.208468198776245,"557_analcatdata_apnea1",28,False,"((sin((x1*6806.270000))*((x1*2125.015000)+(518.329000*x0)))*sin(((3705.384000*x0)-(6402.232000+17671.388000))))",0.4059650667382866,0.3621017087925069
"GP-RV IA ERCs",100000,7.455020189285278,"557_analcatdata_apnea1",28,True,"271.9560867831095 + (0.00015527549213744052 * (((((15299.611000*x0)-(x0-12299.750000))+(sin(x2)*(11602.287000+x0)))/ (sin(11397.274000)+sin((x0*x1))))))",0.9018977683409459,0.9478010938785149
"GP-RV IA ERCs",500000,14.181900262832642,"557_analcatdata_apnea1",26,False,"((((x1*11187.558000)/ (17445.653000-21908.674000))*(sin(x1)+(338.319000*x0)))*sin(((x1*x0)*(12096.802000+17671.388000))))",0.4009094845524105,-0.6206259008914419
"GP-RV IA ERCs",100000,13.36632227897644,"557_analcatdata_apnea1",27,False,"((sin((x1*14264.393000))*((x0*1166.266000)+(x1*1440.452000)))*sin(((18020.864000*x0)*(6402.232000+2002.486000))))",0.408217549238306,0.4307652882004205
"GP-RV IA ERCs",100000,6.895296335220337,"557_analcatdata_apnea1",29,False,"((sin((x1*1321.041000))*((x0*3895.308000)*sin(12889.199000)))*sin(((547.773000*15658.099000)*(x0/ 17671.388000))))",0.42893432294872813,-0.06802715157319139
"GP-RV IA ERCs",500000,13.310437679290771,"557_analcatdata_apnea1",27,False,"((sin((x1*14264.393000))*((x0*1166.266000)+(x1*1440.452000)))*sin(((18020.864000*x0)*(6402.232000+2002.486000))))",0.408217549238306,0.4307652882004205
"GP-RV IA ERCs",100000,6.892328500747681,"557_analcatdata_apnea1",29,True,"242.86305640464374 + (6.958034330954932 * ((((x1*(19276.455000/ 9268.991000))-sin((8276.895000/ x2)))/ (sin(x1)+((x0-x1)-(1793.749000/ 12966.392000))))))",0.9213418339404807,0.8000846322882791
"GP-RV IA ERCs",500000,19.459285974502563,"557_analcatdata_apnea1",25,True,"104.92055784305512 + (-3.8863448615779075 * (((((19859.756000/ 2813.832000)+sin(x2))/ sin((x0+1243.955000)))/ (sin((x0*21718.782000))+(sin(23122.256000)+sin(x1))))))",0.9197689183705764,0.9525182645558762
"GP-RV IA ERCs",500000,75.66579365730286,"557_analcatdata_apnea1",10,True,"154.9956507997266 + (0.03532008092510811 * ((((sin(x2)+(14182.330000/ 1916.911000))*((x2+17040.438000)-(16920.555000+x0)))/ (sin((9636.660000*1208.350000))-sin((x0*x1))))))",0.923335061275836,0.8578276074831284
"GP-RV IA ERCs",100000,4.137946367263794,"579_fri_c0_250_5",0,False,"((((x3/ 1.717000)+(x4/ 2.082000))+sin((x1+x0)))+(((0.054000*x2)*x2)*((0.612000+x2)-(x4+-1.927000))))",0.7974966713837953,0.7445316929366661
"GP-RV IA ERCs",100000,5.395311594009399,"579_fri_c0_250_5",0,True,"0.5140715042180136 + (0.9518658820796063 * (((sin((x1+x0))-((x3*-0.606000)-(x4*0.292000)))+sin(((0.354000--2.086000)-(-2.110000+x2))))))",0.88163176171854,0.864778354531593
"GP-RV IA ERCs",500000,14.507964849472046,"557_analcatdata_apnea1",28,False,"((sin((x1*6806.270000))*((x1*2125.015000)+(x0*605.540000)))*sin(((3705.384000*x0)-(6402.232000+17671.388000))))",0.40795496790251007,0.3584438526957602
"GP-RV IA ERCs",500000,21.544025421142578,"557_analcatdata_apnea1",26,True,"113.43552951814017 + (-0.005268249503628436 * (((sin((x1*438.256000))*((568.430000+18131.734000)-(x1*18557.880000)))/ (sin((x1-x0))-((16930.831000/ 16148.811000)/ (3164.874000-3246.553000))))))",0.9171406145000309,0.7658153842542043
"GP-RV IA ERCs",500000,98.24025321006775,"557_analcatdata_apnea1",5,True,"254.66650106103828 + (-2651.6304742822635 * ((sin(((x1*x0)*(6311.945000*15167.140000)))*(sin((x1+12634.519000))*((x1*x0)-x1)))))",0.8977014442706955,0.8800341412092767
"GP-RV IA ERCs",100000,4.938566207885742,"579_fri_c0_250_5",1,False,"(((x3+(x1/ 2.164000))+((x3*-0.411000)+(x0*0.790000)))-((sin(x0)+(x4/ -1.574000))/ (sin(-0.885000)/ -0.335000)))",0.7620415040141943,0.4355666265678043
"GP-RV IA ERCs",100000,5.256968021392822,"579_fri_c0_250_5",1,True,"-0.8838128963372548 + (-0.4401943811380064 * (((((-0.682000*x4)-x0)+((x3*-0.646000)-x1))-(((x3/ 1.429000)+(1.430000*0.843000))-((x2+0.090000)*(x2*-0.858000))))))",0.8406576650885625,0.6302514018374079
"GP-RV IA ERCs",100000,4.077574253082275,"579_fri_c0_250_5",2,False,"((sin((x1+x0))+((-0.006000-x4)*(0.544000*-0.527000)))+(x3/ (sin(0.642000)*(1.917000*1.387000))))",0.769256872828192,0.7514874473045489
"GP-RV IA ERCs",500000,79.7686812877655,"557_analcatdata_apnea1",11,False,"((sin((x1*22200.071000))*((x1*x0)*(447.072000*x1)))*sin(((18020.864000*x0)*(6402.232000+9159.420000))))",0.7597076447547972,0.7771958157319216
"GP-RV IA ERCs",100000,6.041027784347534,"579_fri_c0_250_5",2,True,"0.24324846796140254 + (-0.3346116012111929 * (((((-1.419000+1.604000)*(x3-x2))+((-1.359000+x1)*(x1*0.744000)))-((x0/ (0.631000+0.260000))+(x4-(-1.957000*x3))))))",0.7732688060832762,0.7185799074495292
"GP-RV IA ERCs",500000,15.886564016342163,"557_analcatdata_apnea1",29,False,"((sin((x1*1321.041000))*((x1*3895.308000)-sin(x1)))*sin(((547.773000*x0)*(x0+12357.625000))))",0.6353802962375288,0.3644655219482399
"GP-RV IA ERCs",100000,6.292861223220825,"579_fri_c0_250_5",3,True,"-1.0701966592659353 + (0.8150395927976695 * (((((x3*-0.846000)/ (-1.848000+0.706000))+sin((x1+x0)))-((x4*(-0.225000*1.608000))-((-1.744000/ -2.011000)*(1.789000-0.265000))))))",0.7957720421343792,0.7220074511771544
"GP-RV IA ERCs",100000,7.385364294052124,"579_fri_c0_250_5",3,False,"(sin(((x3+x3)/ (1.963000--0.912000)))-(((x4/ -2.168000)/ 1.681000)-sin((x0+x1))))",0.7765925789328391,0.7154902029816763
"GP-RV IA ERCs",500000,8.291715383529663,"579_fri_c0_250_5",2,False,"((sin((x1+x0))-((-0.006000+x4)*(0.544000*-0.527000)))+(x3/ (sin(0.642000)*(1.917000*1.387000))))",0.7692589382161596,0.7512262818597775
"GP-RV IA ERCs",500000,14.142319679260254,"579_fri_c0_250_5",0,False,"((((x3*0.610000)+(x4*0.300000))+sin((x1+x0)))+(((0.067000*x2)*x2)*((1.803000/ x2)-(-0.291000+-1.805000))))",0.8233720476382274,0.8089906730904804
"GP-RV IA ERCs",500000,13.283875465393066,"579_fri_c0_250_5",1,True,"-0.31524412689917575 + (-0.45370683505433146 * (((((-0.682000*x4)-x0)+((x3*-0.968000)-x1))-((sin(x3)*(1.496000*0.311000))-((x2+0.177000)*(x2*-0.745000))))))",0.8431836219242885,0.6248342348810076
"GP-RV IA ERCs",500000,15.247081279754639,"579_fri_c0_250_5",0,True,"0.4910082967833251 + (0.9098988859256598 * (((sin((x1+x0))-((x3*-0.683000)-(x4*0.292000)))+sin(((0.354000--2.086000)-(-2.110000+x2))))))",0.8826055279645866,0.8659095688715337
"GP-RV IA ERCs",500000,19.1312575340271,"557_analcatdata_apnea1",29,True,"242.7819887655572 + (7.222495660002847 * (((((15466.291000-x1)*(x0/ 8846.384000))-sin((20336.807000/ x2)))/ ((sin(x0)-(x1/ 18225.743000))-((x0-x1)+(1793.749000/ 12947.801000))))))",0.9307837098770924,0.8563436686776791
"GP-RV IA ERCs",100000,5.513777017593384,"579_fri_c0_250_5",4,True,"-0.5010195246977434 + (0.3308665250511196 * (((x4-((-0.650000*x2)*(x2*1.500000)))+(sin((1.910000-x1))+((x0+x1)+(x3+x3))))))",0.8329028882751518,0.7305493328674766
"GP-RV IA ERCs",100000,4.391144752502441,"579_fri_c0_250_5",5,False,"((((x3*0.777000)*sin(0.895000))+sin((x0+x1)))+((0.201000*(-0.004000+x4))*1.210000))",0.765487745876038,0.7648625239559618
"GP-RV IA ERCs",500000,16.946584224700928,"579_fri_c0_250_5",1,False,"(((x3+(x1/ 2.164000))+((x3*-0.411000)+(x0*0.790000)))-((sin(x0)+(x4/ -1.574000))/ (sin(-0.787000)/ -0.335000)))",0.7629032566670797,0.4584902390419282
"GP-RV IA ERCs",100000,5.520551443099976,"579_fri_c0_250_5",5,True,"0.3560410818014487 + (0.6088664876143207 * (((sin((x0+x1))/ sin((-0.733000--1.607000)))+(x3+(sin(-0.608000)-(x4/ -1.961000))))))",0.7694352541929249,0.794988888222564
"GP-RV IA ERCs",100000,8.920655488967896,"579_fri_c0_250_5",4,False,"(sin((x1+(x0--0.149000)))+(x3/ ((-0.110000*x2)-(1.680000/ -1.090000))))",0.7214031694648495,0.6301880065992828
"GP-RV IA ERCs",100000,4.373218297958374,"579_fri_c0_250_5",6,False,"((sin((0.760000*x3))+sin((x0+x1)))+(((x0*x0)*sin(-0.084000))+((0.311000*x4)-(0.023000*-2.018000))))",0.7896078291004778,0.7623608284312049
"GP-RV IA ERCs",500000,87.85864090919495,"557_analcatdata_apnea1",12,False,"((sin((x1-11747.488000))*((x0*x1)*(x2+1099.686000)))*sin(((18020.864000*x0)*(23044.389000+17671.388000))))",0.533453701006928,0.561438122765466
"GP-RV IA ERCs",500000,9.78490424156189,"579_fri_c0_250_5",4,False,"(sin((x1+(x0--0.149000)))+(x3/ ((-0.110000*x2)-(1.680000/ -1.090000))))",0.7214031694648495,0.6301880065992828
"GP-RV IA ERCs",100000,5.769998550415039,"579_fri_c0_250_5",6,True,"-0.8498593857963147 + (0.36076599082442645 * ((((x1+(x0*1.102000))+((x3/ -0.519000)/ -1.164000))+(((1.582000+x4)+(-0.405000+0.617000))-sin((-1.562000+x1))))))",0.762908308536965,0.7118490701907214
"GP-RV IA ERCs",100000,4.885301828384399,"579_fri_c0_250_5",7,True,"0.33747973772315115 + (-0.4198098452128048 * ((((sin(-1.754000)*(x3*1.481000))+((x2*-0.721000)*x2))-((x0+(-2.133000+x1))+(sin(x4)-(-1.151000/ 1.766000))))))",0.7857000967351213,0.8030177539817178
"GP-RV IA ERCs",500000,17.64679217338562,"579_fri_c0_250_5",3,False,"(sin(((x3+x3)/ (1.963000--0.912000)))-(((x4/ -2.168000)/ 1.681000)-sin((x0+x1))))",0.7765925789328391,0.7154902029816763
"GP-RV IA ERCs",100000,8.161849021911621,"579_fri_c0_250_5",7,False,"((((x4*0.351000)+(x3/ 1.309000))+sin((x1+x0)))/ 1.267000)",0.7672076094113911,0.792742721250327
"GP-RV IA ERCs",500000,7.853934288024902,"579_fri_c0_250_5",7,False,"((((x4*0.351000)+(x3/ 1.309000))+sin((x1+x0)))/ 1.267000)",0.7672076094113911,0.792742721250327
"GP-RV IA ERCs",100000,5.462979793548584,"579_fri_c0_250_5",8,True,"0.2203833731139138 + (0.37241348146442704 * ((((sin(x3)-(x0/ -1.511000))-sin((1.555000-x2)))+(sin((x1+x0))+((x1*0.496000)+(x3+x4))))))",0.8135664546858142,0.8083977133804565
"GP-RV IA ERCs",100000,7.4969213008880615,"579_fri_c0_250_5",8,False,"(sin((x1+(x0--0.179000)))+sin(((x4/ 2.084000)-(x3*-0.681000))))",0.7545483507511946,0.6804251692081817
"GP-RV IA ERCs",100000,5.173821210861206,"579_fri_c0_250_5",9,False,"(sin(sin((x0+x1)))+(((-0.534000--1.492000)*(x3/ 1.576000))+((0.434000*x4)*0.614000)))",0.7708841009078694,0.7857404372318513
"GP-RV IA ERCs",100000,4.9930620193481445,"579_fri_c0_250_5",9,True,"-1.5258781592380841 + (0.37730247306906545 * (((((x3/ 1.484000)*sin(1.221000))+(x2*x2))+(((x1+x4)+(x0+x3))+(sin(x0)/ (x0*0.277000))))))",0.8416083270247801,0.8033154266944361
"GP-RV IA ERCs",500000,10.447259664535522,"579_fri_c0_250_5",8,False,"(sin((x1+(x0--0.179000)))+sin(((x4/ 2.084000)-(x3*-0.681000))))",0.7545483507511946,0.6804251692081817
"GP-RV IA ERCs",500000,66.78326392173767,"557_analcatdata_apnea1",22,False,"((sin((x1*12618.194000))*((x2*x2)+(x0*x2)))/ sin(((x0*x1)-(6402.232000+17671.388000))))",0.48504774850612387,0.4009498114140254
"GP-RV IA ERCs",500000,10.703450918197632,"579_fri_c0_250_5",9,False,"(sin(sin((x0+x1)))+(((-0.534000--1.515000)*(x3/ 1.576000))+((0.434000*x4)/ (1.319000+0.186000))))",0.7714018356096147,0.785641317811951
"GP-RV IA ERCs",500000,84.55485844612122,"557_analcatdata_apnea1",18,False,"((sin((x1*23261.933000))*((x1*505.817000)*(x1*x0)))*sin(((18020.864000*x0)*(6402.232000+9159.420000))))",0.7958109257905936,0.7091678678691502
"GP-RV IA ERCs",500000,14.601218938827515,"579_fri_c0_250_5",8,True,"0.31352180384821293 + (0.5385509936530941 * (((((x1*0.245000)-(x0/ -2.029000))-sin((1.288000-x2)))+(sin((x1+x0))+(x3+sin(x4))))))",0.8346694342124382,0.8249755500431414
"GP-RV IA ERCs",100000,7.157296180725098,"579_fri_c0_250_5",10,True,"11.841410268360477 + (0.39830474797481386 * (((sin((x0+1.614000))-((1.335000/ 0.044000)+(-0.850000*x4)))+((x1+(x0+x3))+((x0/ 2.167000)/ (x0/ x3))))))",0.7633732027985083,0.7235803795869018
"GP-RV IA ERCs",100000,4.296390056610107,"579_fri_c0_250_5",11,False,"((((0.850000*x3)/ (-1.044000/ -0.809000))+sin((x1+x0)))+(((-0.092000/ -0.917000)*(-0.346000+x4))*((1.117000-x2)+1.524000)))",0.7725644165991421,0.691647629435419
"GP-RV IA ERCs",100000,5.450917959213257,"579_fri_c0_250_5",11,True,"0.9210486320231503 + (-0.34544093637527595 * (((((-1.777000*x3)-(x0*1.152000))-((x2--0.688000)*(x2+-0.490000)))-((sin(-1.354000)+(x4+-1.909000))-((x1/ -2.011000)*(2.127000-x1))))))",0.8367479038151433,0.8368439657553303
"GP-RV IA ERCs",500000,83.78733611106873,"557_analcatdata_apnea1",20,True,"174.25039407061573 + (-2.5228717720472558e-05 * (((((x2*10179.178000)*sin(x2))+((5410.033000*588.846000)*sin(18717.923000)))/ ((sin(13317.764000)-sin(5070.419000))+sin((x1*x0))))))",0.9101302033063132,0.8533320174231601
"GP-RV IA ERCs",100000,16.667962551116943,"579_fri_c0_250_5",10,False,"((sin((x1+x0))+((1.768000+-0.174000)*(0.380000*x3)))-sin(((0.080000*0.093000)/ sin(x0))))",0.6791707699332103,0.750278439413244
"GP-RV IA ERCs",100000,5.560211181640625,"579_fri_c0_250_5",12,False,"((sin((x0+x1))+sin((x4*0.309000)))+(((0.084000--1.485000)+(x3-1.555000))+(0.495000/ (-1.436000/ x3))))",0.8186181197909727,0.4726274278504301
"GP-RV IA ERCs",500000,10.011407852172852,"579_fri_c0_250_5",11,False,"((((0.837000*x3)/ (0.951000/ 0.718000))+sin((x1+x0)))+(((-0.092000/ -0.830000)*(x2+x4))*((1.385000*x2)+(1.796000-x4))))",0.8150605581750415,0.8028267781714066
"GP-RV IA ERCs",100000,5.298508405685425,"579_fri_c0_250_5",12,True,"-0.023588798489009948 + (0.8379131255858299 * ((((sin(-0.219000)*sin(1.575000))*((x3+x4)*(-0.708000-1.917000)))-sin(((-0.205000-x0)-(0.989000*x1))))))",0.7922937735375467,0.4302169987554343
"GP-RV IA ERCs",500000,16.866270542144775,"579_fri_c0_250_5",10,False,"((sin((x1+x0))+((1.768000+-0.174000)*(0.380000*x3)))-sin(((0.080000*0.093000)/ sin(x0))))",0.6791707699332103,0.750278439413244
"GP-RV IA ERCs",100000,5.177110433578491,"579_fri_c0_250_5",13,False,"((((0.965000*x3)/ (1.665000+-0.126000))+sin((x0+x1)))+(((x4+-0.957000)+(x2*x2))/ ((1.173000/ -0.308000)*(-1.093000+0.223000))))",0.8598052052403332,0.8561135930276785
"GP-RV IA ERCs",100000,5.397393226623535,"579_fri_c0_250_5",13,True,"0.9046790532901858 + (0.44163761909068655 * (((sin((x2-1.418000))-((0.093000*x0)-(x4/ 1.500000)))+(((x3/ -0.765000)*(0.737000/ -0.681000))-((1.431000-x1)-x0)))))",0.7886763044162471,0.7047426748857764
"GP-RV IA ERCs",500000,11.239334106445312,"579_fri_c0_250_5",12,False,"((sin((x0+x1))+sin((x4*0.309000)))+(((0.084000--1.485000)+(x3-1.555000))+(0.495000/ (-1.436000/ x3))))",0.8186181197909727,0.4726274278504301
"GP-RV IA ERCs",100000,5.191922664642334,"579_fri_c0_250_5",14,False,"((sin((x0+x1))+((1.708000--0.118000)*(0.342000*x3)))+(((x4--0.227000)*sin(-0.831000))/ (sin(x2)-(-1.455000*-2.085000))))",0.7541706267273312,0.7909263200131108
"GP-RV IA ERCs",100000,4.647315263748169,"579_fri_c0_250_5",14,True,"0.015512795388747818 + (0.27949094885189807 * (((sin((x0+x1))-((0.632000+x1)*x1))-(((-2.028000*x3)-(x1+x4))-((x2*x2)-(x0*-1.509000))))))",0.8473183622684124,0.7890349786959419
"GP-RV IA ERCs",100000,4.5900328159332275,"579_fri_c0_250_5",15,False,"(sin(((x1--0.174000)-(x0/ -1.052000)))+(((x4+x3)/ (0.538000/ -0.476000))*(sin(-1.273000)-(0.549000/ -1.227000))))",0.7325054189585656,0.6719991737437618
"GP-RV IA ERCs",500000,80.27462983131409,"557_analcatdata_apnea1",27,True,"126.5545880673947 + (-27.16803597871333 * (((sin((23107.298000-x1))*((x1*x1)-(x1+x0)))/ sin(((7507.316000*x1)+(16041.239000+x0))))))",0.9140612734705943,0.8665155026404696
"GP-RV IA ERCs",500000,18.293179750442505,"579_fri_c0_250_5",12,True,"-0.03235847636007264 + (0.8819606389846929 * ((((sin(-0.400000)*(-0.980000*x3))-((x3+x4)/ (-1.058000-1.844000)))-sin(((-0.205000-x0)-(0.989000*x1))))))",0.8393799025446044,0.49662673757268616
"GP-RV IA ERCs",500000,11.022271156311035,"579_fri_c0_250_5",14,False,"((sin((x0+x1))+((1.671000--0.129000)*(0.342000*x3)))+(((x4--0.228000)*sin(-1.181000))/ (sin(x2)-(-1.721000*-2.085000))))",0.7546133849191592,0.7908131891851193
"GP-RV IA ERCs",100000,5.468712568283081,"579_fri_c0_250_5",15,True,"-0.9217814545858933 + (0.4190471495769126 * (((((x1+x0)+x3)-((0.914000*x1)*(x1/ 1.708000)))+(sin((x0+1.636000))+((x2*x2)+(x4--1.151000))))))",0.8460637399062376,0.8139425223839369
"GP-RV IA ERCs",500000,55.911762714385986,"579_fri_c0_250_5",5,True,"0.3584999946593781 + (0.3436468521977462 * (((sin((x0+x1))/ ((-1.017000--1.394000)*(1.469000*0.671000)))+(((x2*x2)+(x3-2.040000))+(sin(x3)-(x4/ -1.284000))))))",0.866958523611028,0.868037339033759
"GP-RV IA ERCs",500000,58.63166069984436,"579_fri_c0_250_5",4,True,"-0.5510126697510496 + (0.39600540953798335 * (((x4-((-0.545000*x2)*(x2*1.499000)))+(sin((1.571000-x1))+((x0+x1)+(x3*1.491000))))))",0.843874861847059,0.7423905616931336
"GP-RV IA ERCs",500000,42.21565651893616,"579_fri_c0_250_5",9,True,"-0.4127953509003372 + (0.42828452269545475 * (((sin((x1+1.614000))+(x2*x2))+(((x1+x4)+(x0+x3))+(sin(x0)*(x0*-0.851000))))))",0.847135098610522,0.8189660688391144
"GP-RV IA ERCs",100000,4.712770938873291,"579_fri_c0_250_5",16,False,"(sin(((0.578000*x0)+(x1/ 1.750000)))+(((x4--1.579000)-(1.581000-x3))*sin((0.032000--0.411000))))",0.6739534198840165,0.7599777386988931
"GP-RV IA ERCs",500000,15.816738843917847,"579_fri_c0_250_5",14,True,"-0.1128033519739134 + (0.3406795315196971 * (((sin((x0+x1))-((0.632000*x1)*(x1+0.404000)))-(((-1.700000*x3)-(x1+x4))-((x2*x2)-(x0/ -1.208000))))))",0.884760988695771,0.8777092994424825
"GP-RV IA ERCs",100000,5.712160348892212,"579_fri_c0_250_5",16,True,"-0.29866857480155673 + (0.31487316762228085 * (((sin((x0+x1))*((x3/ x3)*(1.954000--0.953000)))-(((-1.905000*x3)-(x2*x2))-x4))))",0.8657972777601202,0.8712700147357281
"GP-RV IA ERCs",500000,58.116594314575195,"579_fri_c0_250_5",6,True,"2.2458538475726812 + (0.8530357885762887 * (((sin((x2-1.546000))+sin((x1+x0)))-(((1.582000-x3)+(x4*-0.405000))-((-1.751000--2.014000)*(-1.898000-x3))))))",0.8712795554618776,0.8474659249832035
"GP-RV IA ERCs",100000,5.292726039886475,"579_fri_c0_250_5",17,False,"(sin(((x4*0.205000)+(x1+x0)))+sin(((0.041000--1.685000)-(x3-1.552000))))",0.682420844933797,0.6580141837706018
"GP-RV IA ERCs",500000,86.38735890388489,"557_analcatdata_apnea1",28,True,"286.5627378126929 + (0.0025074055666180956 * (((((15299.611000*x0)-(16653.470000+1965.674000))+(sin(x2)*(6478.705000-124.042000)))/ (sin((6650.645000+16525.304000))+sin((x0*x1))))))",0.9033400499556784,0.939123419585762
"GP-RV IA ERCs",500000,64.28058958053589,"579_fri_c0_250_5",5,False,"((((0.787000*x3)*sin(0.895000))+sin((x0+x1)))+((0.201000*(0.026000+x4))/ sin((-2.193000+-1.952000))))",0.7655389199712134,0.7651430121829719
"GP-RV IA ERCs",100000,5.596855878829956,"579_fri_c0_250_5",17,True,"0.502959041227762 + (-0.3825466406804252 * ((sin(((x2--0.346000)+(0.531000/ 0.358000)))+(((-1.437000-x1)-(x0+x4))+((1.458000-x3)/ (-0.843000/ -1.284000))))))",0.7702790680302187,0.7816627882931648
"GP-RV IA ERCs",100000,4.639755010604858,"579_fri_c0_250_5",18,False,"((sin((x1+x0))+((-0.320000*1.271000)/ (-0.646000/ x3)))+(((0.031000-x4)-(x4-x1))*sin((0.066000*-2.175000))))",0.7603678154801867,0.7686808215317518
"GP-RV IA ERCs",100000,4.864657640457153,"579_fri_c0_250_5",18,True,"-0.1548476822219565 + (-0.6482403153915094 * ((((-0.610000*(x4+x0))-sin((x1--0.841000)))-(sin((-1.663000-x2))+(sin(1.091000)*(x3+0.418000))))))",0.8124020577388147,0.8517380172309419
"GP-RV IA ERCs",500000,16.10154962539673,"579_fri_c0_250_5",15,False,"(sin(((x1--0.174000)-(x0/ -1.052000)))+(((x4+x3)/ (0.538000/ -0.476000))*(sin(-1.273000)-(0.552000/ -1.227000))))",0.732511868417072,0.6720694704502335
"GP-RV IA ERCs",500000,12.221807956695557,"579_fri_c0_250_5",16,False,"(sin(((0.588000*x0)+(x1/ 1.719000)))+((sin(x4)-(0.033000-x3))*sin((0.032000--0.529000))))",0.7030239379864923,0.794533488884548
"GP-RV IA ERCs",500000,8.306925296783447,"579_fri_c0_250_5",17,False,"(sin(((x4*0.205000)+(x1+x0)))+(((-1.491000--1.685000)+(2.023000-1.556000))*x3))",0.7113781535574908,0.7156350733551082
"GP-RV IA ERCs",500000,48.96400594711304,"579_fri_c0_250_5",10,True,"9.533053206233719 + (0.3983047479748139 * (((sin((x0+1.614000))-((1.080000/ 0.044000)+(-0.850000*x4)))+((x1+(x0+x3))+((x0/ 2.167000)/ (x0/ x3))))))",0.7633732027985083,0.7235803795869022
"GP-RV IA ERCs",100000,4.831453323364258,"579_fri_c0_250_5",19,False,"((sin((0.011000--0.391000))*((x1+x3)+(x4+x0)))+(((-1.065000*x3)+(x4/ 2.101000))*sin((-1.917000--1.723000))))",0.6818834845723973,0.7846972667827339
"GP-RV IA ERCs",500000,81.5002977848053,"579_fri_c0_250_5",2,True,"0.6593535792318872 + (-0.3346116012111929 * (((((-1.419000+1.604000)*(x3-x2))+((-1.359000+x1)*(x1*0.744000)))-(((-1.108000+x0)/ (0.631000+0.260000))+(x4-(-1.957000*x3))))))",0.7732688060832762,0.7185799074495292
"GP-RV IA ERCs",100000,5.588454961776733,"579_fri_c0_250_5",19,True,"1.5505225177572084 + (-0.535400376390365 * (((((0.911000-x3)-(x0/ 1.275000))+sin((1.086000-x2)))-(((x4/ 1.603000)-sin(1.498000))-((x1/ -2.024000)*(1.426000-x1))))))",0.7987590356118538,0.8543035095910771
"GP-RV IA ERCs",500000,110.91615223884583,"557_analcatdata_apnea1",24,True,"261.71002846148434 + (-4.679268668850385 * (((((x0+x1)+sin(x2))*sin((5160.644000+x0)))/ (sin((x1-2887.405000))+sin((x0*x0))))))",0.9154329903338037,0.9022530822680768
"GP-RV IA ERCs",100000,4.709160804748535,"579_fri_c0_250_5",20,False,"(sin(sin((x0+x1)))+(((1.994000+-1.492000)*(x4+x3))*sin((-2.041000+-2.194000))))",0.758599595474867,0.5977366656235432
"GP-RV IA ERCs",100000,4.611217737197876,"579_fri_c0_250_5",20,True,"-0.30752668246466874 + (0.3443149263399154 * (((x1+(x3+(x4+0.548000)))-(((-0.732000*x3)-(x2*x2))-((x0/ 1.472000)*(1.765000-x0))))))",0.8265792145174344,0.8537355209854718
"GP-RV IA ERCs",500000,81.20784115791321,"579_fri_c0_250_5",3,True,"-1.0511352705170238 + (0.8150395927976689 * (((((x3*-0.846000)/ (-1.848000+0.706000))+sin((x1+x0)))-((x4*(-0.225000*1.608000))-((-1.744000/ -1.972000)*(1.733000-0.265000))))))",0.7957720421343791,0.7220074511771544
"GP-RV IA ERCs",500000,72.15038704872131,"579_fri_c0_250_5",6,False,"((sin((0.760000*x3))+sin((x0+x1)))+(((x0*2.020000)*(-0.084000*x0))+((0.311000*x4)-(0.077000*-2.166000))))",0.7996093507274669,0.7936981362655411
"GP-RV IA ERCs",100000,4.924359083175659,"579_fri_c0_250_5",21,False,"(sin(((x0+x1)+(0.239000*x2)))+(x3/ (x1-(x1+-1.524000))))",0.7317253646820274,0.5341776438981132
"GP-RV IA ERCs",100000,5.8094048500061035,"579_fri_c0_250_5",21,True,"0.788834224328885 + (0.5875308875484768 * (((sin((x1+0.648000))+((0.803000*x0)-(1.158000-x3)))+(sin((x2+-1.975000))+((x2+x4)/ (1.024000--0.725000))))))",0.8339323320254166,0.6940623329458677
"GP-RV IA ERCs",500000,14.904893636703491,"579_fri_c0_250_5",18,False,"((sin((x1+x0))+((-0.320000*1.653000)/ (-0.850000/ x3)))+(((-0.049000-x4)-(x4-x1))*sin((0.066000*-2.103000))))",0.7605960218144756,0.7728637924342715
"GP-RV IA ERCs",100000,4.5839760303497314,"579_fri_c0_250_5",22,False,"((sin(sin(-0.265000))*-2.162000)*(sin((x1+x0))+((-0.406000--1.461000)*x3)))",0.6294032488164172,0.6613817521640493
"GP-RV IA ERCs",100000,5.358458518981934,"579_fri_c0_250_5",22,True,"-0.8775607384779218 + (0.4097726705767549 * (((((-0.264000+x2)*(x2--0.570000))+((x3+x0)+(x1--1.632000)))+(((x4+x3)+(x3/ -1.525000))+((-1.570000-x4)/ (-1.965000*-1.937000))))))",0.7794892050377448,0.8357310164393743
"GP-RV IA ERCs",100000,4.804970026016235,"579_fri_c0_250_5",23,False,"(0.378000*((x1+(x4+x0))+((1.508000/ 0.948000)*x3)))",0.7077189803976667,0.7034115843239953
"GP-RV IA ERCs",500000,15.197047710418701,"579_fri_c0_250_5",19,False,"((sin(0.388000)*((x1+x3)+(x4+x0)))+(((-1.187000*x3)+(x4/ 2.101000))*sin((-1.917000--1.723000))))",0.682379407512009,0.7805011866896937
"GP-RV IA ERCs",100000,5.49139404296875,"579_fri_c0_250_5",23,True,"-0.20589133581619604 + (-0.33539665569069854 * (((((-1.770000-x3)-(x1*1.154000))+((x3/ -1.213000)+(x0*x0)))-(((x2*0.986000)*x2)+((x4-1.178000)+x0)))))",0.8382100008853095,0.7645761862514148
"GP-RV IA ERCs",500000,78.00296831130981,"579_fri_c0_250_5",7,True,"-0.7598467902651665 + (-0.4437770166340234 * ((((sin(-2.033000)*(x3*1.473000))+((x2*-0.721000)*x2))-((x0+(-0.812000+x1))+((x4*0.632000)-(-1.151000+-0.698000))))))",0.7889897208414323,0.7951153368411412
"GP-RV IA ERCs",100000,5.498710870742798,"579_fri_c0_250_5",24,False,"((((x0+x3)*(-0.923000/ -1.914000))+(x1*(1.052000+-0.731000)))+((x4/ (-0.372000/ 1.228000))/ ((-0.034000--1.785000)*(-1.809000/ 0.321000))))",0.6733841677809471,0.7258389417017668
"GP-RV IA ERCs",100000,5.888746023178101,"579_fri_c0_250_5",24,True,"0.37729984769966324 + (0.7089459689077697 * ((sin((x1+x0))+(sin((x2+-1.441000))+((x4+x3)-(x4/ 1.772000))))))",0.8428156138132299,0.8353799476790991
"GP-RV IA ERCs",500000,14.578028202056885,"579_fri_c0_250_5",22,False,"((((-0.675000*x4)*sin(1.049000))/ -2.162000)+(sin((x1+x0))+((x3*-1.461000)*(-0.919000--0.501000))))",0.764208575959697,0.76566992297599
"GP-RV IA ERCs",500000,16.30286955833435,"579_fri_c0_250_5",21,True,"0.4760030131463267 + (0.8518533333820312 * (((sin((x1+x0))+((0.093000*x0)-(-0.711000*x3)))+(sin((x2-1.815000))+((x2+x4)/ (1.766000--1.236000))))))",0.887878528315336,0.8196782472311102
"GP-RV IA ERCs",100000,5.004008769989014,"579_fri_c0_250_5",25,False,"(((x3/ (-1.316000*-1.299000))+(sin(1.531000)*(0.381000*x0)))+(((-0.333000/ -0.666000)+(x1/ 2.153000))-((1.376000-x4)*(0.461000+-0.082000))))",0.6879310501880174,0.7323185266715001
"GP-RV IA ERCs",100000,5.405900478363037,"579_fri_c0_250_5",25,True,"0.12440167021218985 + (0.6520404161783342 * (((((x1+x4)*(0.161000+0.389000))-sin((1.689000+x2)))+(x3+sin((x0+0.676000))))))",0.8104482853044578,0.8539190847032557
"GP-RV IA ERCs",500000,16.1448392868042,"579_fri_c0_250_5",23,False,"(0.378000*((x1+(x4+x0))+((1.508000/ 0.948000)*x3)))",0.7077189803976667,0.7034115843239953
"GP-RV IA ERCs",500000,12.958248853683472,"579_fri_c0_250_5",24,True,"0.37729984769966324 + (0.7089459689077697 * ((sin((x1+x0))+(sin((x2+-1.441000))+((x4+x3)-(x4/ 1.772000))))))",0.8428156138132299,0.8353799476790991
"GP-RV IA ERCs",100000,4.441386461257935,"579_fri_c0_250_5",26,False,"((sin((x1+x0))*sin(sin(1.471000)))+(((x3+x4)+x3)*((0.362000*1.494000)*0.563000)))",0.7774544033809382,0.7710617006545543
"GP-RV IA ERCs",100000,5.418250322341919,"579_fri_c0_250_5",26,True,"0.5071511449532369 + (-0.9017390132948697 * (((((-0.018000+-0.471000)*(x4*0.637000))-sin((x1+x0)))-(sin((-1.423000+x2))+((0.799000*x3)/ (0.641000+0.520000))))))",0.882876538493793,0.8714808142102948
"GP-RV IA ERCs",500000,10.810595273971558,"579_fri_c0_250_5",25,False,"(((x3/ (-1.317000*-1.299000))+(sin(1.550000)*(0.381000*x0)))+(((-0.333000/ -0.666000)+(x1*0.427000))-((1.376000-x4)*(0.461000+-0.082000))))",0.6951475501630983,0.734849841550794
"GP-RV IA ERCs",500000,76.25452852249146,"579_fri_c0_250_5",11,True,"-0.4145274463039927 + (-0.3482897802486591 * (((((-1.734000*x3)-(x0*1.276000))-((x2--0.688000)*(x2+-0.435000)))-(((1.055000-0.185000)*(x4--1.099000))-((x1/ -1.917000)*(2.127000-x1))))))",0.8418604799799092,0.8349860195999854
"GP-RV IA ERCs",500000,12.638226509094238,"579_fri_c0_250_5",25,True,"0.12303118068104159 + (0.6523461363713144 * (((((x1+x4)*(0.161000+0.389000))-sin((1.689000+x2)))+(x3+sin((x0--0.681000))))))",0.8104565647924507,0.853934986288988
"GP-RV IA ERCs",100000,7.356727600097656,"579_fri_c0_250_5",27,False,"(sin(((0.940000*x0)+(x1--0.126000)))+(((0.023000--1.492000)*(x3/ 1.644000))*sin(sin(0.892000))))",0.6710418152189778,0.7846711968275002
"GP-RV IA ERCs",100000,5.537822246551514,"579_fri_c0_250_5",27,True,"0.2285486830451039 + (0.27709846460553805 * (((sin((x1+x0))+(x1+(x4+x3)))-(((-1.412000*x0)-(x3-0.711000))-((x2*x2)-(x1*x1))))))",0.8731350677743781,0.8357367529117501
"GP-RV IA ERCs",100000,5.400477886199951,"579_fri_c0_250_5",28,False,"((((0.728000*x3)+(0.333000*x4))+sin((x1+x0)))*sin(1.003000))",0.7688471202132414,0.7983286880980884
"GP-RV IA ERCs",100000,5.4987170696258545,"579_fri_c0_250_5",28,True,"-0.8821717937804213 + (-0.37337870689322156 * (((((-1.009000*x3)-(x0*1.152000))-((x3/ 1.802000)+2.037000))-(((x2*x2)+(x4/ 1.262000))-((x1/ -1.522000)*(1.506000-x1))))))",0.8367343914480384,0.8301395637824803
"GP-RV IA ERCs",500000,20.039809942245483,"579_fri_c0_250_5",26,False,"((sin((x1+x0))*sin(sin(1.720000)))+(((x3+x4)+x3)*((0.362000*-0.980000)*sin(-1.045000))))",0.7774937507486325,0.770510307448216
"GP-RV IA ERCs",100000,4.716757774353027,"579_fri_c0_250_5",29,False,"((((0.795000*x3)*(-1.260000/ -1.554000))+sin((x0+x1)))-(((x2*-0.061000)+(-0.174000*x4))/ 0.677000))",0.7414193424336246,0.8508401828793661
"GP-RV IA ERCs",500000,79.44688487052917,"579_fri_c0_250_5",13,True,"0.443069126006648 + (0.9101207165907013 * (((sin((x1+x0))-((0.184000*-1.539000)*(x4-1.493000)))+(((x3--0.765000)*sin(0.737000))-sin((1.431000-x2))))))",0.878050575517339,0.86999970427921
"GP-RV IA ERCs",500000,50.723482608795166,"579_fri_c0_250_5",19,True,"1.1066745450128124 + (-0.5899702075618357 * (((((0.819000-x3)-(x0/ 1.427000))+sin((1.543000-x2)))-(((x4/ 1.891000)/ (1.713000*0.587000))-((x1/ -2.033000)*(1.261000-x1))))))",0.8117413381251957,0.8760899813078916
"GP-RV IA ERCs",100000,4.830250263214111,"579_fri_c0_250_5",29,True,"-0.0013960601258426668 + (0.2944465127577165 * (((((x2*x2)-(x1*x1))-((x1/ -1.053000)+(-0.432000*x2)))-(((-2.025000*x3)-(x4+x0))-sin((x0+x1))))))",0.8655588207377194,0.8989142270308299
"GP-RV IA ERCs",500000,14.626462697982788,"579_fri_c0_250_5",28,False,"((((0.728000*x3)+(0.333000*x4))+sin((x1+x0)))*sin(1.003000))",0.7688471202132414,0.7983286880980884
"GP-RV IA ERCs",500000,84.67247319221497,"579_fri_c0_250_5",13,False,"((((0.965000*x3)/ (1.665000+-0.126000))+sin((x0+x1)))+(((x4-0.975000)+(x2*x2))/ ((1.165000/ -0.308000)*(-1.093000+0.223000))))",0.8598174132581121,0.8563604497611697
"GP-RV IA ERCs",500000,16.319248914718628,"579_fri_c0_250_5",28,True,"-0.151552522734241 + (-0.35971393241594946 * (((((-1.082000*x3)-(x0*1.268000))-sin((x3/ 1.488000)))-(((x2*x2)-(x4/ -1.251000))-((x1/ 1.786000)*(-1.904000+x1))))))",0.8390819290011675,0.8253582513754762
"GP-RV IA ERCs",500000,9.605397701263428,"579_fri_c0_250_5",29,False,"((((x3*0.774000)*(-1.260000/ -1.533000))+sin((x0+x1)))-(((x2*-0.064000)+(-0.174000*x4))/ 0.677000))",0.7414736562658188,0.8519747918583488
"GP-RV IA ERCs",100000,9.772039651870728,"606_fri_c2_1000_10",0,False,"sin((sin((1.932000+x1))-((x1--1.547000)+(x0-1.372000))))",0.6650748884615626,0.6782124513004759
"GP-RV IA ERCs",100000,10.23726773262024,"606_fri_c2_1000_10",0,True,"1.3922154591700666 + (-1.284959003336175 * (((sin((x1+x0))*(sin(x1)-sin(-2.240000)))+((x3*(-2.469000--2.213000))-sin((-0.486000/ 0.582000))))))",0.7725379510979048,0.810987255226252
"GP-RV IA ERCs",500000,63.11245393753052,"579_fri_c0_250_5",20,False,"(sin(sin((x0+x1)))+(((1.994000+-1.497000)*(x4+x3))*sin((-2.041000+-2.194000))))",0.7586165913113738,0.5971038393914523
"GP-RV IA ERCs",100000,8.480447769165039,"606_fri_c2_1000_10",1,False,"sin(((-1.017000/ sin(1.188000))*((-1.459000-1.106000)-(x0+x1))))",0.6572743256111309,0.6246194792431163
"GP-RV IA ERCs",500000,80.58185625076294,"579_fri_c0_250_5",15,True,"0.18200128189084325 + (0.45072974441761876 * (((((x1+x0)+(x3+-1.538000))-((0.914000*x1)*(x1/ 1.924000)))+(sin((x0+1.636000))+((x2*x2)+sin(x4))))))",0.8517079399663083,0.8248444141854038
"GP-RV IA ERCs",100000,9.032961368560791,"606_fri_c2_1000_10",1,True,"-0.5825570203732955 + (1.3205893248803093 * (sin((((x1*x0)+x0)+((x1--1.913000)*(-1.366000*-0.777000))))))",0.7318816478664174,0.7311336210528319
"GP-RV IA ERCs",500000,17.22675919532776,"606_fri_c2_1000_10",0,False,"sin((sin((1.932000+x1))-((x1--1.547000)+(x0-1.372000))))",0.6650748884615626,0.6782124513004759
"GP-RV IA ERCs",500000,81.53217315673828,"579_fri_c0_250_5",16,True,"-0.05451822877665606 + (0.3553186920055982 * (((sin((x0+x1))*((x3/ x3)*(1.954000*1.336000)))-(((-1.709000*x3)-(x2*x2))-((x4+-1.032000)*sin(0.897000))))))",0.8688772345110584,0.8743866425923613
"GP-RV IA ERCs",100000,8.629088640213013,"606_fri_c2_1000_10",2,False,"sin((((1.815000-1.490000)+(x4*-0.108000))-((x1+x0)/ sin(1.126000))))",0.6607776920468359,0.6087782986570405
"GP-RV IA ERCs",500000,70.95492601394653,"579_fri_c0_250_5",20,True,"1.0608205766980257 + (0.33605558266023605 * (((((-1.777000+0.000000)-(x1/ -0.800000))+(x3+(x4-1.721000)))-(((-0.732000*x3)-(x2*x2))-((x0/ 1.472000)*(1.765000-x0))))))",0.8328815202572135,0.8528870659797804
"GP-RV IA ERCs",100000,10.43295693397522,"606_fri_c2_1000_10",2,True,"0.43675156874196325 + (-0.4671696849412208 * (((sin((x0+x1))*((x1--2.417000)+sin(x0)))-((sin(x4)-(0.367000-x3))*(sin(1.299000)+sin(-0.375000))))))",0.8461082935939729,0.833953909760271
"GP-RV IA ERCs",500000,70.53512501716614,"579_fri_c0_250_5",22,True,"-0.9543600932572857 + (0.321382397277136 * (((((-0.264000+x2)*(x2--0.570000))+((x3+x0)+(x1--1.168000)))+(((x4+0.862000)-(x3/ -1.525000))+sin((x1+x0))))))",0.829863269298704,0.8797277471723844
"GP-RV IA ERCs",100000,10.68753957748413,"606_fri_c2_1000_10",3,False,"(sin(((x1*-1.338000)-(-0.408000+x0)))*((sin(x0)/ (1.797000/ 1.189000))--1.220000))",0.7610471283452716,0.7468393479498209
"GP-RV IA ERCs",500000,88.1961452960968,"579_fri_c0_250_5",17,True,"0.847491394147128 + (-0.38272658695117084 * ((sin(((x2--0.346000)+(0.526000/ 0.358000)))+(((-0.539000-x1)-(x0+x4))+((1.458000-x3)/ (-0.843000/ -1.284000))))))",0.7703798449593181,0.7812386618056297
"GP-RV IA ERCs",100000,12.011919260025024,"606_fri_c2_1000_10",3,True,"-0.5487089762313345 + (-1.2763993487793848 * (sin((((x0*x1)+(x1+-0.898000))+sin(x0)))))",0.7626723097134209,0.750972849382185
"GP-RV IA ERCs",500000,77.03438925743103,"579_fri_c0_250_5",21,False,"(sin(((x0+x1)+(0.239000*x2)))+(x3/ (x1-(x1+-1.524000))))",0.7317253646820274,0.5341776438981132
"GP-RV IA ERCs",100000,7.758801460266113,"606_fri_c2_1000_10",4,False,"sin((((-0.228000*1.067000)*(x1*x0))-((x1+x0)-(-1.642000--2.158000))))",0.6770145637978744,0.6565364778851811
"GP-RV IA ERCs",500000,22.77220106124878,"606_fri_c2_1000_10",1,True,"0.8212483019661888 + (-1.0655773992790558 * ((((sin(x1)+(1.119000*0.913000))*sin((x1+x0)))+((0.408000*(1.063000+x2))-((x2+x3)/ (-1.476000*-2.167000))))))",0.8111431326126434,0.7971377731248762
"GP-RV IA ERCs",500000,19.721423149108887,"606_fri_c2_1000_10",2,False,"sin((((1.815000-1.490000)+(x4*-0.108000))-((x1+x0)/ sin(1.126000))))",0.6607776920468359,0.6087782986570405
"GP-RV IA ERCs",500000,13.316184520721436,"606_fri_c2_1000_10",3,False,"(sin(((x1*-1.338000)-(-0.408000+x0)))*((sin(x0)/ (1.797000/ 1.189000))--1.220000))",0.7610471283452716,0.7468393479498209
"GP-RV IA ERCs",500000,14.016359567642212,"606_fri_c2_1000_10",3,True,"-0.5487089762313345 + (-1.2763993487793848 * (sin((((x0*x1)+(x1+-0.898000))+sin(x0)))))",0.7626723097134209,0.750972849382185
"GP-RV IA ERCs",500000,75.64974999427795,"579_fri_c0_250_5",23,True,"-0.7017729581894584 + (-0.3230632575631612 * (((((-1.197000*x0)-(x1*1.299000))+((x3/ -1.213000)+(x0*x0)))-(((x2*0.986000)*x2)+((x4+2.156000)+x3)))))",0.8452327900806681,0.7699439472423842
"GP-RV IA ERCs",100000,9.497400283813477,"606_fri_c2_1000_10",4,True,"0.4425261449171646 + (2.278478781520935 * ((sin(((x1+1.273000)/ (-2.547000+x0)))*(sin((x0+x1))+((-0.286000*x3)/ 1.846000)))))",0.7782496033537184,0.7707888184984361
"GP-RV IA ERCs",100000,7.518779993057251,"606_fri_c2_1000_10",5,False,"sin((((-0.353000--1.996000)*sin(0.732000))*((0.284000*1.094000)-(x0+x1))))",0.6558593575118223,0.6232987323653985
"GP-RV IA ERCs",100000,10.300920963287354,"606_fri_c2_1000_10",5,True,"0.3475024844444037 + (0.4589841687555822 * (((sin((x1+x0))*((-1.559000-x0)+(-0.788000-x1)))+(x3/ ((0.658000+-2.261000)/ sin(-1.618000))))))",0.7821150050320794,0.8090441202020145
"GP-RV IA ERCs",500000,76.85700821876526,"579_fri_c0_250_5",24,False,"((((x0+x3)*(-0.923000/ -1.908000))+(x1*(1.052000+-0.731000)))+((x4/ (-0.372000/ 1.228000))/ ((-0.034000--1.785000)*(-1.809000/ 0.321000))))",0.6733862538898453,0.7260712324324726
"GP-RV IA ERCs",500000,60.76432275772095,"579_fri_c0_250_5",27,False,"(sin(((0.940000*x0)+(x1--0.126000)))+(((0.023000--1.492000)*(x3/ 1.644000))*sin(sin(0.892000))))",0.6710418152189778,0.7846711968275002
"GP-RV IA ERCs",500000,98.74731612205505,"579_fri_c0_250_5",18,True,"-0.007004685232019797 + (-0.7264679078902964 * (((((-0.919000*0.531000)*(x4+x0))-sin((x1--0.841000)))-(sin((-1.663000-x2))+(sin(0.972000)*(x3+0.173000))))))",0.8197349794177272,0.8593351081442235
"GP-RV IA ERCs",100000,9.399866342544556,"606_fri_c2_1000_10",6,True,"0.49567162372236984 + (-0.32127865900217706 * (((((x1--1.569000)*(1.312000*1.878000))*sin((x1+x0)))+(((x0+-0.859000)*sin(x1))-((1.033000*x3)-sin(x2))))))",0.842259188252693,0.8426549532341564
"GP-RV IA ERCs",500000,16.26917314529419,"606_fri_c2_1000_10",4,False,"sin((((-0.228000*1.067000)*(x1*x0))-((x1+x0)-(-1.642000--2.158000))))",0.6770145637978744,0.6565364778851811
"GP-RV IA ERCs",100000,7.8804497718811035,"606_fri_c2_1000_10",7,False,"((sin((-0.019000--1.329000))-((x0/ 1.935000)/ -1.663000))*((sin(x3)*0.444000)-sin((x1+x0))))",0.6931684754637095,0.7029049941931562
"GP-RV IA ERCs",500000,68.4691481590271,"579_fri_c0_250_5",26,True,"0.506379993239202 + (-0.8992008129564808 * (((((-0.018000+-0.455000)*(x4*0.637000))-sin((x1+x0)))-(sin((-1.423000+x2))+((0.799000*x3)/ (0.641000+0.503000))))))",0.8830939928818436,0.8694275696769216
"GP-RV IA ERCs",500000,49.09469771385193,"579_fri_c0_250_5",29,True,"-0.8751275311179734 + (0.3040532580434805 * (((((x2*x2)-(x0*x0))-((x1/ -1.135000)+(-1.370000+-1.519000)))-(((-2.025000*x3)-(x4+x0))-sin((x0+x1))))))",0.8695790491717864,0.8875765174798007
"GP-RV IA ERCs",100000,10.138735294342041,"606_fri_c2_1000_10",7,True,"0.574737792209765 + (-1.0957598930243848 * (((sin((0.796000+x1))-sin((-0.939000-x0)))*sin(((1.285000*x1)-(-0.519000*x0))))))",0.7574950398422381,0.7562417536434201
"GP-RV IA ERCs",500000,13.729529857635498,"606_fri_c2_1000_10",6,False,"sin((1.086000*((x1+x0)-(-2.355000-0.243000))))",0.6387107991331631,0.6805368164982679
"GP-RV IA ERCs",100000,8.443117618560791,"606_fri_c2_1000_10",8,False,"(sin(((x1/ -0.809000)+(0.616000-x0)))+sin(((-0.062000/ 0.437000)/ (-0.630000/ x3))))",0.6662411815960257,0.6450730218418075
"GP-RV IA ERCs",100000,16.43418836593628,"606_fri_c2_1000_10",6,False,"sin((1.086000*((x1+x0)-(-2.355000-0.243000))))",0.6387107991331631,0.6805368164982679
"GP-RV IA ERCs",100000,8.642724514007568,"606_fri_c2_1000_10",9,False,"(sin(((x1/ -0.819000)-(x0-0.337000)))+((0.514000/ (-2.352000/ x3))/ sin(sin(-1.444000))))",0.7054896862363084,0.7480498036478314
"GP-RV IA ERCs",100000,10.538631916046143,"606_fri_c2_1000_10",8,True,"0.4484733366536435 + (-1.1048300045055328 * ((sin(((x1+x1)*sin(x0)))-(((x4*0.095000)+(0.282000*x3))-sin((x0+x1))))))",0.8710804467657227,0.855192198690895
"GP-RV IA ERCs",100000,10.228650569915771,"606_fri_c2_1000_10",9,True,"-0.28950382070412434 + (-1.3197294772169361 * (sin((sin((-1.755000-x1))+((x1+0.248000)+x0)))))",0.7559172517353505,0.7741884178908733
"GP-RV IA ERCs",500000,27.338902711868286,"606_fri_c2_1000_10",4,True,"0.44502256001979845 + (2.288717391163842 * ((sin(((x1+1.273000)/ (-2.547000+x0)))*(sin((x0+x1))+((-0.286000*x3)/ (-2.213000*-0.935000))))))",0.7786581351460375,0.7729132087498876
"GP-RV IA ERCs",100000,7.99825644493103,"606_fri_c2_1000_10",10,False,"sin((((0.281000-x0)-(-0.120000+x1))+(x0*(-0.241000*x2))))",0.6720732746333438,0.6355039124906733
"GP-RV IA ERCs",500000,75.91890335083008,"579_fri_c0_250_5",27,True,"-0.0901187749579502 + (0.29386259120444846 * (((sin((x1+x0))+(x1+(x4+x3)))-(((-1.116000-x0)-(x3-0.711000))-((x2*x2)-(x1*x1))))))",0.8853746891837423,0.8376741559180247
"GP-RV IA ERCs",500000,18.368027210235596,"606_fri_c2_1000_10",7,True,"0.6122106113606177 + (-1.1121931888629066 * (((sin((0.796000+x1))-sin((-0.880000-x0)))*sin(((x1*1.271000)-(-0.519000*x0))))))",0.7590707030951653,0.7592224411123325
"GP-RV IA ERCs",100000,10.728863954544067,"606_fri_c2_1000_10",10,True,"-1.4642821660420138 + (-2.2810416602793997 * (sin((sin((x1+x0))-((0.123000*x3)-sin(-1.227000))))))",0.7350405113370331,0.7601069230166931
"GP-RV IA ERCs",500000,20.701822996139526,"606_fri_c2_1000_10",7,False,"((((-0.019000--1.346000)-(0.261000/ 1.998000))-(sin(x1)/ -1.663000))*(((x3--0.713000)*(-0.136000*-1.320000))-sin((x1+x0))))",0.7586370731497254,0.766733677166413
"GP-RV IA ERCs",100000,7.896991729736328,"606_fri_c2_1000_10",11,False,"sin((((x1*-1.559000)*sin(1.655000))-sin((x0-0.588000))))",0.6748822700039652,0.6853099253456341
"GP-RV IA ERCs",500000,18.338800191879272,"606_fri_c2_1000_10",8,True,"0.43316674710542097 + (-1.0706737757271279 * ((sin(((x1+x1)*sin(x0)))-(((x4*0.242000)+(0.282000*x3))-sin((x0+x1))))))",0.8734469852090494,0.8711291308247069
"GP-RV IA ERCs",500000,12.933560132980347,"606_fri_c2_1000_10",10,False,"sin((((0.281000-x0)-(-0.162000+x1))+(x0*(-0.241000*x2))))",0.6730511242258533,0.6320456456373005
"GP-RV IA ERCs",500000,17.863776922225952,"606_fri_c2_1000_10",9,False,"(sin(((x1/ -0.754000)-(x0-0.364000)))+((-0.334000*(x2-x3))*(sin(0.294000)-sin(-2.135000))))",0.7551103920588933,0.7839953684714833
"GP-RV IA ERCs",100000,9.4116370677948,"606_fri_c2_1000_10",11,True,"-0.44533173301791673 + (-1.4635185061422216 * (sin((((x0+1.743000)/ sin(-0.933000))-((x1/ 1.437000)*(x0--1.487000))))))",0.8042979063380145,0.8001707281597349
"GP-RV IA ERCs",500000,17.405832290649414,"606_fri_c2_1000_10",9,True,"-0.28950382070412434 + (-1.3197294772169361 * (sin((sin((-1.755000-x1))+((x1+0.248000)+x0)))))",0.7559172517353505,0.7741884178908733
"GP-RV IA ERCs",100000,8.279553651809692,"606_fri_c2_1000_10",12,False,"sin((((0.340000*0.950000)-(x0/ 1.065000))-(-0.586000*(-2.171000*x1))))",0.6676256567312968,0.6161139870271037
"GP-RV IA ERCs",500000,23.27903127670288,"606_fri_c2_1000_10",8,False,"(sin(((x1/ -0.809000)+(0.396000-x0)))+(((-0.062000/ 0.420000)/ (-0.630000/ x3))*((0.556000-1.115000)/ sin(-2.524000))))",0.7129357144733913,0.708704596724681
"GP-RV IA ERCs",500000,58.6055383682251,"606_fri_c2_1000_10",1,False,"sin(((-1.017000/ sin(1.189000))*((-1.459000-1.106000)-(x0+x1))))",0.65727475042541,0.6245936071813303
"GP-RV IA ERCs",100000,9.82090973854065,"606_fri_c2_1000_10",12,True,"0.43026615376496025 + (-0.5705560032439086 * ((sin(((x0+x1)-(-2.581000-0.473000)))*((-2.003000-sin(x1))+sin((x0*-1.450000))))))",0.7640035305231346,0.7582612329236127
"GP-RV IA ERCs",100000,8.237487077713013,"606_fri_c2_1000_10",13,False,"sin((((x0*-0.635000)*(1.634000+-0.428000))-((x1*1.402000)-(-0.691000/ -2.259000))))",0.6518747202535975,0.6503925445421512
"GP-RV IA ERCs",100000,9.098204851150513,"606_fri_c2_1000_10",13,True,"0.2352710796047707 + (-0.3170108255799107 * (((((x0--1.576000)+(x1--1.914000))*sin((x1+x0)))+(((-0.263000-1.635000)*(0.557000*x3))-sin(sin(x4))))))",0.8207072042738056,0.8043975039698857
"GP-RV IA ERCs",500000,15.819746017456055,"606_fri_c2_1000_10",11,False,"sin((((x1*-1.559000)*sin(1.655000))-sin((x0-0.588000))))",0.6748822700039652,0.6853099253456341
"GP-RV IA ERCs",100000,8.621507406234741,"606_fri_c2_1000_10",14,False,"(sin(((x1--0.593000)-(-2.313000-x0)))+(((0.692000*x4)+(0.725000*x3))/ ((-2.539000-1.676000)/ (-1.607000--0.363000))))",0.729914529602165,0.7277882151745627
"GP-RV IA ERCs",100000,9.030523300170898,"606_fri_c2_1000_10",14,True,"0.8470397829838187 + (-0.3912403145206804 * (((((x1+x1)+(1.607000*1.589000))*sin((x1+x0)))+(((x6--1.070000)-(x6+x3))-sin((-2.507000+x2))))))",0.8122191875537375,0.7900564672631587
"GP-RV IA ERCs",500000,19.08174705505371,"606_fri_c2_1000_10",11,True,"-0.4627078619425886 + (1.448638785012633 * (sin((((x0+-0.778000)/ sin(-0.947000))-((x1/ 1.439000)*(x0--1.438000))))))",0.807647047061967,0.8049138811557047
"GP-RV IA ERCs",100000,8.809884071350098,"606_fri_c2_1000_10",15,False,"((sin((x0+x1))*((x1--1.685000)*sin(-2.421000)))+sin(((-0.138000*2.007000)*(-0.933000-x3))))",0.774425063467684,0.8053290502034404
"GP-RV IA ERCs",500000,16.57884669303894,"606_fri_c2_1000_10",12,False,"sin((((0.340000*0.950000)-(x0/ 1.065000))-(-0.586000*(-2.171000*x1))))",0.6676256567312968,0.6161139870271037
"GP-RV IA ERCs",500000,15.70990514755249,"606_fri_c2_1000_10",13,False,"sin((((x0*-0.743000)*1.101000)-((x1*1.389000)-(-0.691000/ -2.198000))))",0.6529337936639764,0.6516907828207605
"GP-RV IA ERCs",100000,9.795871019363403,"606_fri_c2_1000_10",15,True,"-0.44209468928608686 + (-1.316201353086405 * (sin((((x0*x1)-(-0.374000-x1))+((-0.928000-0.084000)-(x0/ -2.154000))))))",0.7578175790456422,0.7918744287367219
"GP-RV IA ERCs",100000,7.319781064987183,"606_fri_c2_1000_10",16,False,"sin((sin((x0-0.483000))+((x1-2.103000)*1.520000)))",0.6666637532905453,0.7070507791781713
"GP-RV IA ERCs",500000,14.974161148071289,"606_fri_c2_1000_10",14,False,"(sin(((x1--0.593000)-(-2.313000-x0)))+(((0.692000*x4)+(0.816000*x3))/ ((-2.539000-1.468000)/ (-1.607000--0.363000))))",0.7315534579955034,0.7295151942008148
"GP-RV IA ERCs",100000,8.644837856292725,"606_fri_c2_1000_10",16,True,"-0.028049091615919945 + (-0.2212253907817954 * (((((x1--1.569000)*(1.363000+1.878000))*sin((x0+x1)))+(((x8+0.692000)*(-0.069000*x3))-((x4+x3)--1.356000)))))",0.8194023632293426,0.8305615129422972
"GP-RV IA ERCs",500000,22.603517055511475,"606_fri_c2_1000_10",12,True,"0.4593365215013187 + (0.5940476504245776 * ((sin(((x0+x1)+(0.351000-0.458000)))*((-1.923000-sin(x1))+sin((x0*-1.703000))))))",0.7671699628190726,0.7631688793315692
"GP-RV IA ERCs",100000,8.28881573677063,"606_fri_c2_1000_10",17,False,"sin((sin((0.609000-x0))+((-1.422000*x1)-(0.180000*x0))))",0.6862907793944981,0.7030719160618679
"GP-RV IA ERCs",100000,8.950439929962158,"606_fri_c2_1000_10",17,True,"0.4909089686224266 + (0.5522585961894153 * (((sin((x1+x0))*sin((2.111000-x0)))*(((0.529000-x0)-x1)+(-2.531000*(-2.199000/ -1.804000))))))",0.7539865764207954,0.7710096682950345
"GP-RV IA ERCs",500000,17.45299005508423,"606_fri_c2_1000_10",15,False,"((sin((x0+x1))*((x1--1.685000)*sin(-2.421000)))+(((-0.138000*2.007000)*(-0.933000-x3))*(sin(-2.312000)--1.693000)))",0.7756537515256448,0.8063632064386487
"GP-RV IA ERCs",100000,7.622053861618042,"606_fri_c2_1000_10",18,False,"(sin(((x0-0.393000)+(1.347000*x1)))*(((x1*-0.373000)+-1.196000)--0.108000))",0.7323039048936679,0.7695103806081232
"GP-RV IA ERCs",100000,9.186155796051025,"606_fri_c2_1000_10",18,True,"-0.4581446007706954 + (-1.4065464183548098 * (sin((((x1/ 1.461000)*x0)+((-0.970000+x1)+(x0*1.150000))))))",0.8012364667683867,0.8233473947211966
"GP-RV IA ERCs",500000,18.49909019470215,"606_fri_c2_1000_10",15,True,"-0.4508858055125318 + (-1.3124312821044475 * (sin((((x0*x1)-(-0.374000-x1))+((-0.933000-0.084000)-(x0/ -2.063000))))))",0.7579614837527879,0.7909638934114775
"GP-RV IA ERCs",500000,16.433938026428223,"606_fri_c2_1000_10",16,False,"sin((sin((x0-0.483000))+((x1-2.103000)*1.520000)))",0.6666637532905453,0.7070507791781713
"GP-RV IA ERCs",500000,23.89745306968689,"606_fri_c2_1000_10",14,True,"0.37692328525114316 + (-1.1179454704387533 * ((((sin(x1)+sin(1.607000))*sin((x1+x0)))+(((-1.764000+1.574000)*(x4/ 1.094000))-((0.204000*x3)/ sin(0.943000))))))",0.847050067804441,0.8142612235592059
"GP-RV IA ERCs",500000,30.19317388534546,"606_fri_c2_1000_10",13,True,"0.3607603345625643 + (-0.497824004082302 * ((((sin(x0)+(x1--2.273000))*sin((x1+x0)))+(((-1.045000+0.095000)*(0.557000*x3))-((x4/ 1.381000)*(-1.331000*-0.390000))))))",0.8496207726131006,0.8298894176352154
"GP-RV IA ERCs",100000,8.855729103088379,"606_fri_c2_1000_10",19,True,"0.24173484740829262 + (-0.5767186986228529 * (((((x1--1.639000)+(1.008000*0.377000))*sin((x1+x0)))+(((-1.961000-0.437000)*sin(0.157000))*(-0.185000+(x3+x4))))))",0.8122303422687196,0.8154275860176056
"GP-RV IA ERCs",500000,16.75313377380371,"606_fri_c2_1000_10",17,False,"sin((sin((0.609000-x0))+((-1.319000*x1)-(0.321000*x0))))",0.690821428527098,0.7027802851506055
"GP-RV IA ERCs",100000,10.822150945663452,"606_fri_c2_1000_10",19,False,"sin((1.632000+((x1--1.243000)+x0)))",0.6250868938320322,0.6349704105070764
"GP-RV IA ERCs",500000,65.94224548339844,"606_fri_c2_1000_10",5,False,"sin((((-0.353000--1.996000)*sin(0.732000))*((0.284000*1.095000)-(x0+x1))))",0.6558597652607643,0.623281783925142
"GP-RV IA ERCs",100000,8.399471521377563,"606_fri_c2_1000_10",20,False,"((sin((x0+x1))*((x1--1.774000)*sin(-0.708000)))-(((x3/ 1.883000)+0.437000)/ -2.018000))",0.7779169883138101,0.7927446294886161
"GP-RV IA ERCs",100000,9.967089891433716,"606_fri_c2_1000_10",20,True,"0.2730622681064388 + (-0.46476391193517 * (((((x1--1.563000)/ (1.363000/ 2.134000))*sin((x0+x1)))+(((-1.442000+1.395000)*(x3+x0))-((x4+x3)*sin(0.491000))))))",0.8225104089231159,0.8271117881681394
"GP-RV IA ERCs",100000,8.087480783462524,"606_fri_c2_1000_10",21,False,"sin((((0.307000-1.312000)*sin(0.999000))+((-1.141000*x0)-(x1-1.157000))))",0.6417872559276804,0.6464853109746659
"GP-RV IA ERCs",500000,20.357990741729736,"606_fri_c2_1000_10",18,True,"-0.45011335217384174 + (-1.418036481360719 * (sin((((x1/ 1.461000)*x0)+((-0.970000+x1)+(x0*1.182000))))))",0.8032025807164135,0.8230863421802722
"GP-RV IA ERCs",500000,21.8464412689209,"606_fri_c2_1000_10",18,False,"(sin(((x0-0.393000)+(1.347000*x1)))*(((x1*-0.197000)+-1.196000)-(sin(0.428000)*sin(x0))))",0.7474124545876544,0.8015499888983216
"GP-RV IA ERCs",100000,10.106953382492065,"606_fri_c2_1000_10",21,True,"0.45888169439160736 + (0.6184886438539722 * ((((sin(x1)-(1.636000*-1.135000))+sin((1.698000*x0)))*sin(((0.078000*1.364000)-(x0+x1))))))",0.7744411988231488,0.7388350975874185
"GP-RV IA ERCs",100000,8.630392074584961,"606_fri_c2_1000_10",22,False,"sin((sin((x0--2.449000))+((-0.627000*x0)-x1)))",0.6801823833084124,0.6975595634898306
"GP-RV IA ERCs",500000,73.43020629882812,"606_fri_c2_1000_10",5,True,"0.31041530029281283 + (0.4192566981429936 * (((sin((x1+x0))*((-1.871000-x0)+(-0.788000-x1)))+(x3/ ((0.658000+-2.261000)/ sin(-1.541000))))))",0.7848758025273563,0.8085967352250881
"GP-RV IA ERCs",100000,11.321985721588135,"606_fri_c2_1000_10",22,True,"0.401963602703728 + (1.7358793418198954 * (((sin((x1+x0))/ (sin(x1)+(0.434000+-1.812000)))*sin(sin((x1+1.201000))))))",0.7446140659261089,0.7796328595864753
"GP-RV IA ERCs",500000,21.325294494628906,"606_fri_c2_1000_10",20,True,"0.03148040047585101 + (-0.549607141636622 * (((((x1--1.300000)/ (1.148000/ 1.878000))*sin((x0+x1)))+(sin((-1.442000-x0))-((x4+x3)*(0.530000-0.115000))))))",0.8631970258460526,0.8502276137980174
"GP-RV IA ERCs",100000,8.674333095550537,"606_fri_c2_1000_10",23,False,"((sin((x0+x1))*((x1--1.692000)*sin(-2.402000)))+((0.200000-(-0.263000*x3))-0.009000))",0.7783818743598061,0.7840655031423606
"GP-RV IA ERCs",500000,23.380789279937744,"606_fri_c2_1000_10",20,False,"((sin((x0+x1))*((x1--1.774000)*(-0.708000--0.074000)))-(((x3/ 1.883000)+sin(0.476000))/ -2.018000))",0.7782433222377902,0.7938698151433566
"GP-RV IA ERCs",100000,8.341253757476807,"606_fri_c2_1000_10",24,False,"sin((((-0.538000-x0)-(1.193000*x1))+((2.078000*0.491000)-sin(0.167000))))",0.640125761546849,0.6917221114123164
"GP-RV IA ERCs",100000,10.202846050262451,"606_fri_c2_1000_10",23,True,"-0.47653565258899155 + (1.321308415697175 * (sin((((x1*x0)/ (0.596000+-2.104000))-(sin(-1.071000)+(x0+x1))))))",0.7834135047983646,0.7825076047609569
"GP-RV IA ERCs",500000,28.844854831695557,"606_fri_c2_1000_10",19,True,"0.3401325799989088 + (-0.48957076248743425 * (((((x1--2.095000)+sin(x0))*sin((x1+x0)))+(((-1.857000-0.473000)*sin(0.157000))*((x3-x2)+(x3+x4))))))",0.8472904008798328,0.8568416211643852
"GP-RV IA ERCs",500000,17.988765239715576,"606_fri_c2_1000_10",22,False,"sin((sin((x0--2.449000))+((-0.627000*x0)-x1)))",0.6801823833084124,0.6975595634898306
"GP-RV IA ERCs",100000,8.87969970703125,"606_fri_c2_1000_10",24,True,"0.17338926270252925 + (0.46131413928198844 * ((sin(((x1*1.312000)-(0.375000-x0)))*(((x3*0.288000)*(x2*x1))-((x1--2.619000)+sin(x0))))))",0.7996047469440276,0.7769812656594913
"GP-RV IA ERCs",500000,17.674973964691162,"606_fri_c2_1000_10",23,False,"((sin((x0+x1))*((x1--1.638000)*sin(-2.402000)))+((0.200000-(-0.263000*x3))-((-1.034000*x4)/ (1.000000/ 0.175000))))",0.8140318760621674,0.8354495190457696
"GP-RV IA ERCs",100000,9.526663541793823,"606_fri_c2_1000_10",25,True,"-0.011391608856817968 + (-1.1302688445306326 * ((sin(((-0.399000+x0)+(x1/ 0.786000)))+(((x3+x4)-sin(x2))/ (-2.261000-(0.840000+0.865000))))))",0.8050572945433181,0.8044792264033643
"GP-RV IA ERCs",100000,9.965997695922852,"606_fri_c2_1000_10",25,False,"(sin(((-1.978000*x1)+(0.789000-x0)))-(((x3*-0.025000)+(0.113000*-1.489000))+sin((0.310000+x1))))",0.7258863445245187,0.7597198133550864
"GP-RV IA ERCs",100000,9.307291507720947,"606_fri_c2_1000_10",26,False,"sin((((x1+1.053000)-(-2.449000+-1.542000))-((1.198000-x0)+(x3/ x3))))",0.651710101628102,0.5587441631518766
"GP-RV IA ERCs",500000,15.072749376296997,"606_fri_c2_1000_10",24,False,"sin((((-0.538000-x0)-(1.193000*x1))+((2.078000*0.491000)-sin(0.167000))))",0.640125761546849,0.6917221114123164
"GP-RV IA ERCs",100000,9.568580150604248,"606_fri_c2_1000_10",26,True,"0.5852933795420673 + (-0.3165338889224474 * (((((x0--1.920000)*(1.119000*1.591000))*sin((x0+x1)))+(((-1.488000-0.506000)*(0.364000*x4))-((-0.360000+x3)-sin(1.855000))))))",0.7915682868466476,0.7934090310771622
"GP-RV IA ERCs",500000,128.00745034217834,"606_fri_c2_1000_10",0,True,"0.349400771058497 + (-1.0562892341929182 * (((sin((x1+x0))*(sin(x1)-(-1.562000/ 1.463000)))+sin((x3*(-2.469000--2.213000))))))",0.7932258708867793,0.8196527819400096
"GP-RV IA ERCs",500000,17.436936616897583,"606_fri_c2_1000_10",25,False,"(sin(((-1.978000*x1)+(0.775000-x0)))-(((x3*-0.279000)+(0.220000*-1.489000))+sin((0.457000+x1))))",0.7882798306085093,0.8157477471253195
"GP-RV IA ERCs",100000,9.043463945388794,"606_fri_c2_1000_10",27,False,"sin(((x0*(0.247000+-1.399000))-(x1-(0.642000/ 2.137000))))",0.6342927704464157,0.6649798775028866
"GP-RV IA ERCs",500000,22.097643613815308,"606_fri_c2_1000_10",24,True,"0.3332296372769769 + (0.708732139937693 * ((sin(((x1*1.312000)-(0.375000-x0)))*(((x1*0.413000)*(x0*x1))-((x1--1.668000)+sin(x0))))))",0.8115800164346717,0.792452741202354
"GP-RV IA ERCs",500000,60.21452736854553,"606_fri_c2_1000_10",16,True,"0.3444335117814079 + (-0.21429011800056091 * (((((x1--1.568000)*(1.498000+1.973000))*sin((x0+x1)))+(((x2-0.818000)*(-0.726000*x2))-((x4+x3)-(x0*x0))))))",0.8774509690367586,0.8782713572728146
"GP-RV IA ERCs",100000,9.283519983291626,"606_fri_c2_1000_10",27,True,"1.1396983492736883 + (-0.3530200318463321 * (((((x0+x0)+(1.363000*1.878000))*sin((x0+x1)))+(((1.820000--1.277000)*sin(0.997000))-((1.331000*x3)-sin(x2))))))",0.7610339708070939,0.7773968389731009
"GP-RV IA ERCs",500000,20.977269649505615,"606_fri_c2_1000_10",25,True,"-0.004614034164891029 + (-1.131692099103587 * ((sin(((-0.399000+x0)+(x1/ 0.740000)))+(((x3+x4)-sin(x2))/ (-2.261000-(0.840000+0.705000))))))",0.8086071506512927,0.8016561811453518
"GP-RV IA ERCs",100000,11.04309892654419,"606_fri_c2_1000_10",28,False,"sin((x1-((-2.324000-x0)*(0.674000*1.804000))))",0.6201837811825422,0.6974473764809948
"GP-RV IA ERCs",100000,9.45649242401123,"606_fri_c2_1000_10",28,True,"0.2213616105531825 + (-1.0453338825893097 * (((((x1+1.874000)/ (1.560000--0.154000))*sin((x0+x1)))-(sin((x3*0.321000))/ 1.215000))))",0.7777314077424862,0.788350763562248
"GP-RV IA ERCs",500000,56.4755699634552,"606_fri_c2_1000_10",19,False,"sin((1.632000+((x1--1.243000)+x0)))",0.6250868938320322,0.6349704105070764
"GP-RV IA ERCs",500000,16.409640550613403,"606_fri_c2_1000_10",27,False,"sin(((x0*(0.247000+-1.399000))-(x1-(0.642000/ 2.137000))))",0.6342927704464157,0.6649798775028866
"GP-RV IA ERCs",100000,9.296938419342041,"606_fri_c2_1000_10",29,False,"((sin((x0+x1))*((-2.313000-x1)*0.617000))*sin((2.006000+-1.106000)))",0.6738118225934778,0.6577558285905332
"GP-RV IA ERCs",100000,9.276956796646118,"606_fri_c2_1000_10",29,True,"0.47473397603103884 + (-0.47558094565943343 * (((((x0--2.088000)+sin(x1))*sin((x0+x1)))+(sin((x2+0.692000))-((0.752000*x3)+(x4*0.128000))))))",0.8318506282384635,0.8041007102658914
"GP-RV IA ERCs",100000,5.7462968826293945,"650_fri_c0_500_50",0,False,"((((0.061000-1.221000)*(0.489000*x4))-(x1+(x3+x0)))*((-2.072000--1.190000)/ 1.902000))",0.726915933582333,0.633068473436529
"GP-RV IA ERCs",500000,14.657675504684448,"606_fri_c2_1000_10",28,False,"sin((x1-((-2.324000-x0)*(0.674000*1.804000))))",0.6201837811825422,0.6974473764809948
"GP-RV IA ERCs",500000,113.47682094573975,"606_fri_c2_1000_10",6,True,"0.5025600539117742 + (-0.23459816428337704 * (((((x1--1.327000)*(1.664000+1.940000))*sin((x1+x0)))+(((x0+-0.859000)*sin(x0))-((1.607000*x3)-(x2-x4))))))",0.8676409656807531,0.8639087228700888
"GP-RV IA ERCs",500000,12.5542151927948,"606_fri_c2_1000_10",29,False,"((sin((x0+x1))*((-2.313000-x1)*0.617000))*sin((2.006000+-1.109000)))",0.6738184429656948,0.6579266879902317
"GP-RV IA ERCs",100000,6.370339632034302,"650_fri_c0_500_50",0,True,"-0.7455042782166182 + (0.5936919624700068 * (((x3+((x1/ 1.405000)-(0.353000*x0)))+(x0-((1.147000+-2.399000)-(x4/ 2.251000))))))",0.7570255977806806,0.6547683226855592
"GP-RV IA ERCs",100000,6.6949546337127686,"650_fri_c0_500_50",1,False,"(x3-(sin((x0/ -2.354000))-((x3*0.416000)/ (2.107000/ -1.889000))))",0.5077856222289276,0.5085372050697011
"GP-RV IA ERCs",100000,6.327977895736694,"650_fri_c0_500_50",1,True,"-0.0019593163319785696 + (0.3559514413925851 * (((((0.909000*x4)+sin(x3))-((x0+x3)*(-2.277000--1.232000)))+x1)))",0.7473173172786478,0.6989534864442983
"GP-RV IA ERCs",500000,11.810585021972656,"650_fri_c0_500_50",0,False,"((((x1*0.147000)-(0.567000*x4))-(x1+(x3+x0)))*((-2.072000--1.190000)/ 1.902000))",0.7315774334082782,0.6474254673272074
"GP-RV IA ERCs",100000,6.090353012084961,"650_fri_c0_500_50",2,True,"0.10161774207087827 + (-0.3301699889719223 * ((((0.493000-(x3--1.561000))-((x1+x4)-(1.322000-x3)))-x0)))",0.7424798965772433,0.6846310659283141
"GP-RV IA ERCs",500000,25.511024713516235,"606_fri_c2_1000_10",28,True,"0.8415172131244165 + (-1.322007474852578 * (((((x1+1.483000)/ (1.560000--0.194000))*sin((x0+x1)))-(((x3*0.321000)+(-1.510000*0.611000))/ (sin(x4)-(-0.403000/ 0.166000))))))",0.8067663047455862,0.82608857431959
"GP-RV IA ERCs",100000,10.735881328582764,"650_fri_c0_500_50",2,False,"(sin((x3/ (-0.923000+2.330000)))+sin(sin((x0+x1))))",0.7373563155889318,0.5901041432359637
"GP-RV IA ERCs",500000,9.281386137008667,"650_fri_c0_500_50",2,False,"(sin((x3/ (-0.923000+2.330000)))+sin(sin((x0+x1))))",0.7373563155889318,0.5901041432359637
"GP-RV IA ERCs",500000,22.929386615753174,"606_fri_c2_1000_10",29,True,"0.48272542548374836 + (-0.47216117558691123 * (((((x1--2.136000)+sin(x0))*sin((x0+x1)))+(sin((x2+0.692000))-((0.752000*x3)+(x4*0.390000))))))",0.8615749212624386,0.8442272787721508
"GP-RV IA ERCs",100000,7.134028434753418,"650_fri_c0_500_50",3,False,"((((x3*0.694000)-(-0.482000*x1))/ sin((2.588000+-1.565000)))*0.675000)",0.4859118559192587,0.5022463918005717
"GP-RV IA ERCs",500000,109.9934434890747,"606_fri_c2_1000_10",10,True,"0.11530501993728898 + (0.19764145360449176 * (((sin((x1+x0))-((0.123000*x3)+sin(0.121000)))*(((-0.318000*-0.759000)-sin(x3))+((1.728000+x1)*(-1.363000+-2.338000))))))",0.7736582520278865,0.7619841146058569
"GP-RV IA ERCs",100000,7.55780029296875,"650_fri_c0_500_50",3,True,"-0.20012648328648738 + (0.4161558081015712 * (((sin((2.191000+x1))-((x3*-1.565000)-(x1+x0)))-(((0.384000*-2.373000)*(x48*0.108000))+sin((x4*-0.778000))))))",0.7512374163500675,0.762976382344352
"GP-RV IA ERCs",100000,5.618672609329224,"650_fri_c0_500_50",4,False,"((((x1/ 1.687000)-(-0.065000-x3))/ 1.260000)/ ((0.777000--1.509000)/ (sin(2.223000)-(-1.305000+0.263000))))",0.5338419227910403,0.29511367930943255
"GP-RV IA ERCs",500000,73.91774463653564,"606_fri_c2_1000_10",21,False,"sin((sin((0.307000-1.312000))+((-1.141000*x1)-(x0-1.157000))))",0.6495261387694509,0.6572571090103985
"GP-RV IA ERCs",500000,155.64379835128784,"606_fri_c2_1000_10",2,True,"-0.13715877877978483 + (-0.49491234738987355 * (((sin((x0+x1))*((x1--2.282000)+sin(x0)))-((sin(x4)-(-1.876000-x3))*(sin(1.299000)+(-0.410000*1.053000))))))",0.8473857559925515,0.8347526985786885
"GP-RV IA ERCs",500000,74.20368671417236,"606_fri_c2_1000_10",21,True,"0.4584999507777044 + (0.6179617657680775 * ((((sin(x1)-(1.636000*-1.135000))+sin((1.698000*x0)))*sin(((0.078000*1.452000)-(x0+x1))))))",0.7744694137948277,0.7386983551078621
"GP-RV IA ERCs",100000,7.623232126235962,"650_fri_c0_500_50",4,True,"0.8497759740322692 + (-0.6461795275897038 * (((sin((x1+-2.359000))+((2.020000-x3)-(0.459000*x4)))-sin(((-0.643000*-0.719000)+sin(x0))))))",0.8003789258052538,0.6907361278263711
"GP-RV IA ERCs",100000,7.1275315284729,"650_fri_c0_500_50",5,False,"(x3-((0.422000*(x3-x0))-((1.774000-1.711000)/ (-2.020000+x0))))",0.5179100831177026,0.5045132310211523
"GP-RV IA ERCs",500000,11.198815107345581,"650_fri_c0_500_50",3,False,"((((x3*0.694000)-(-0.482000*x1))/ sin((2.588000+-1.565000)))*0.675000)",0.4859118559192587,0.5022463918005717
"GP-RV IA ERCs",100000,6.539278745651245,"650_fri_c0_500_50",5,True,"-0.015316478779696666 + (0.6754498304609061 * (((sin((x1+x0))-((x4/ 1.750000)*sin(-0.820000)))+x3)))",0.7650959282234946,0.7782403384997891
"GP-RV IA ERCs",500000,6.997315168380737,"650_fri_c0_500_50",5,False,"(x3-((0.422000*(x3-x0))-((1.774000-1.711000)/ (-2.020000+x0))))",0.5179100831177026,0.5045132310211523
"GP-RV IA ERCs",100000,6.029478549957275,"650_fri_c0_500_50",6,False,"(((-0.433000-(0.072000-0.831000))+sin(sin(-1.252000)))*(((-0.150000*-1.026000)/ (-2.129000/ 0.216000))-((x3+x0)+(x37-x37))))",0.47077667747184615,0.5199440763209024
"GP-RV IA ERCs",100000,6.835841655731201,"650_fri_c0_500_50",6,True,"-0.5831500923704763 + (0.569674664411348 * (((x3+sin(x0))+(((0.553000/ 1.054000)*(x4+2.040000))+(x1/ (1.143000--0.371000))))))",0.7282763871916529,0.7653450348961605
"GP-RV IA ERCs",500000,99.66164898872375,"606_fri_c2_1000_10",17,True,"0.534760322990654 + (1.1515014569168895 * (((sin((x1+x0))*sin((2.267000-x0)))*(((-1.090000-0.215000)-sin(x1))+((x3+x4)*(-0.046000/ -0.297000))))))",0.7720231565783394,0.7743475917813691
"GP-RV IA ERCs",500000,15.613429307937622,"650_fri_c0_500_50",4,False,"((((x1/ 1.687000)-(-0.065000-x3))/ 1.260000)+((0.777000*sin(x0))/ (sin(2.223000)-(-1.305000*0.575000))))",0.6273794235457157,0.4621857068037545
"GP-RV IA ERCs",500000,17.04129958152771,"650_fri_c0_500_50",4,True,"-0.5353607142613048 + (-0.693020358650223 * (((sin((x1+-2.279000))+((-0.893000*x3)-(0.459000*x4)))-sin(((-0.922000*-0.797000)+(x0+-0.046000))))))",0.8155050182170229,0.7382568763532693
"GP-RV IA ERCs",100000,7.575737237930298,"650_fri_c0_500_50",7,True,"0.9407228363632386 + (0.8782000020033423 * ((sin((x1-(-0.906000*x0)))-(((1.079000/ x3)-sin(0.721000))*x3))))",0.7163308894062774,0.6905607877972272
"GP-RV IA ERCs",100000,9.724390745162964,"650_fri_c0_500_50",7,False,"(x3*sin(((2.330000--0.089000)*sin(0.277000))))",0.3685721013638278,0.30442392352160497
"GP-RV IA ERCs",100000,6.816114664077759,"650_fri_c0_500_50",8,True,"-1.1884876272520868 + (0.6497526672233048 * (((((x1+x4)/ 1.944000)+((0.958000*x3)+(2.093000+-0.618000)))-sin(((-0.114000-x0)-(0.789000+-0.214000))))))",0.7766394813969986,0.7485225497100599
"GP-RV IA ERCs",100000,8.52739953994751,"650_fri_c0_500_50",8,False,"((((x3/ 1.512000)-(-0.449000*x1))*((-0.531000*0.913000)-(0.023000*x12)))*-1.773000)",0.5117672751747437,0.43552743744409594
"GP-RV IA ERCs",500000,7.592127799987793,"650_fri_c0_500_50",8,False,"((((x3/ 1.512000)-(-0.449000*x1))*((-0.531000*0.913000)-(0.023000*x12)))*-1.773000)",0.5117672751747437,0.43552743744409594
"GP-RV IA ERCs",500000,40.46324610710144,"650_fri_c0_500_50",1,True,"-0.0019071566718215293 + (0.36980433696621307 * (((((0.875000*x4)+(x3/ 1.701000))-((x0+x3)/ sin(-1.945000)))+x1)))",0.7485682025488394,0.704696904319004
"GP-RV IA ERCs",500000,89.75414657592773,"606_fri_c2_1000_10",22,True,"0.4009377906637037 + (1.761639764607033 * (((sin((x1+x0))/ (sin(x1)+(0.434000+-1.821000)))*sin(sin((x1+1.201000))))))",0.7446363413050959,0.780000555459904
"GP-RV IA ERCs",100000,8.222687005996704,"650_fri_c0_500_50",9,False,"((0.472000*((x3+x4)+(x1*0.887000)))*sin(((-2.359000+-1.130000)+sin(-1.756000))))",0.5798739607298156,0.3878579005143711
"GP-RV IA ERCs",100000,6.986838102340698,"650_fri_c0_500_50",9,True,"0.16337674010428588 + (0.585905770761615 * (((x3-((x4/ -2.078000)-sin(x0)))+(((x1/ 1.395000)-(0.145000/ -2.481000))/ ((1.576000*1.037000)+sin(x1))))))",0.7819528777489824,0.7150527142557158
"GP-RV IA ERCs",100000,6.346593141555786,"650_fri_c0_500_50",10,False,"(sin((sin(x1)/ 2.313000))+(((x3/ 1.175000)/ (2.059000-0.555000))+sin((x0/ 2.374000))))",0.6597290050274911,0.5697009932836954
"GP-RV IA ERCs",100000,6.602922677993774,"650_fri_c0_500_50",10,True,"-0.01669945482943104 + (-0.5630510840789861 * ((sin((-0.919000-(x0+-0.075000)))-(((x4/ 1.794000)+x3)-((-1.819000+x1)/ (2.514000/ x1))))))",0.791139318828859,0.7476506241003846
"GP-RV IA ERCs",500000,51.85989284515381,"650_fri_c0_500_50",1,False,"(x3-(sin((x0/ -2.354000))-((x3*0.416000)/ (2.107000/ -1.889000))))",0.5077856222289276,0.5085372050697011
"GP-RV IA ERCs",500000,39.234333753585815,"650_fri_c0_500_50",3,True,"-0.12573867496138771 + (0.4139084662366452 * (((sin((1.410000-x1))-((x3*-1.451000)-(x1+x0)))-((x0*(x0*0.286000))+((x4*0.762000)*sin(-1.394000))))))",0.8053760817216618,0.7838139800848789
"GP-RV IA ERCs",500000,13.104386806488037,"650_fri_c0_500_50",9,False,"((0.472000*((x3+x4)+(x1*0.887000)))*sin(((-2.359000+-1.130000)+sin(-1.756000))))",0.5798739607298156,0.3878579005143711
"GP-RV IA ERCs",500000,95.17288041114807,"606_fri_c2_1000_10",23,True,"-0.47653565258899155 + (1.321308415697175 * (sin((((x1*x0)/ (0.596000+-2.104000))-(sin(-1.071000)+(x0+x1))))))",0.7834135047983646,0.7825076047609569
"GP-RV IA ERCs",100000,6.3404457569122314,"650_fri_c0_500_50",11,True,"0.4340595906895481 + (-0.34557124717681703 * ((((x1/ sin(-1.801000))-((x3+x4)+(-1.281000+x0)))-((sin(x3)-(x28*0.064000))-((2.021000-2.066000)*(x11-x29))))))",0.7264348431749411,0.7748913561757185
"GP-RV IA ERCs",500000,13.08322787284851,"650_fri_c0_500_50",10,False,"((((x1*0.991000)/ 2.313000)-((-0.317000--0.342000)/ (x43/ -0.459000)))+(((x3/ 1.574000)/ (0.544000+0.555000))+sin((x0/ 2.292000))))",0.6800244041901318,0.4767619322737927
"GP-RV IA ERCs",500000,22.417622327804565,"650_fri_c0_500_50",8,True,"-0.35518412070071576 + (0.6422757568112368 * (((sin((x1+x0))+((0.958000*x3)+(x4/ 2.419000)))+sin(((1.658000-x0)-(-0.017000+-0.214000))))))",0.8036862784064233,0.8296179132659601
"GP-RV IA ERCs",100000,6.711886167526245,"650_fri_c0_500_50",12,True,"0.018781266920245364 + (0.5970927057639263 * (((((x4*0.484000)-(x0/ -1.400000))+(x1/ (-2.273000/ -1.436000)))+x3)))",0.745701210965189,0.7197070367798382
"GP-RV IA ERCs",100000,8.351547002792358,"650_fri_c0_500_50",12,False,"((((x1+x3)+(0.897000*x0))*((-0.625000--1.651000)+(0.176000/ -0.866000)))*0.578000)",0.6346775760337076,0.6110199306070373
"GP-RV IA ERCs",100000,13.997551202774048,"650_fri_c0_500_50",11,False,"(x3/ (2.359000+sin((x33-2.114000))))",0.33905222193014983,0.4408438355082942
"GP-RV IA ERCs",100000,5.989646673202515,"650_fri_c0_500_50",13,False,"((((x3/ 1.419000)-(-0.501000*x0))-(-0.433000*(x1-0.053000)))*sin(((-1.057000/ -1.595000)*(2.019000/ 1.316000))))",0.6578407608676822,0.6112454888209367
"GP-RV IA ERCs",500000,12.615346193313599,"650_fri_c0_500_50",11,False,"(x3/ (2.359000+sin((x33-2.114000))))",0.33905222193014983,0.4408438355082942
"GP-RV IA ERCs",500000,7.9695398807525635,"650_fri_c0_500_50",12,False,"((((x1+x3)+(0.897000*x0))*((-0.625000--1.651000)+(0.176000/ -0.866000)))*0.578000)",0.6346775760337076,0.6110199306070373
"GP-RV IA ERCs",500000,90.2804741859436,"606_fri_c2_1000_10",26,False,"sin((((x1+1.053000)-(-2.449000+-1.542000))-((1.198000-x0)+(x3/ x3))))",0.651710101628102,0.5587441631518766
"GP-RV IA ERCs",500000,20.500184059143066,"650_fri_c0_500_50",10,True,"0.054516422563116486 + (-0.5973780367260989 * ((sin((sin(-2.452000)-(x0+-0.086000)))-(((x4/ 2.144000)+x3)-((-1.489000+x1)/ (2.527000/ x1))))))",0.8116412622222122,0.7569541700281042
"GP-RV IA ERCs",100000,6.507390022277832,"650_fri_c0_500_50",13,True,"-0.18397236948093987 + (-0.3810227616789708 * (((((1.138000/ -2.518000)-(x4*0.844000))-((x3+x0)-(x3*-0.573000)))-x1)))",0.7479782886674372,0.7062654981591456
"GP-RV IA ERCs",500000,48.08075213432312,"650_fri_c0_500_50",5,True,"1.8604310316660146 + (0.6754498304609062 * (((sin((x1+x0))-((x4/ 1.750000)*sin(-0.820000)))+(((x3-1.707000)+(0.085000/ -0.514000))-sin((1.892000+0.119000))))))",0.7650959282234946,0.7782403384997891
"GP-RV IA ERCs",100000,6.825777769088745,"650_fri_c0_500_50",14,True,"-0.4221302284911473 + (0.6409295081725623 * ((((x3+(0.352000*x4))-sin((-0.766000-x1)))+sin(((-0.507000-x0)/ (-0.628000+-0.255000))))))",0.7859361933403629,0.8022921734386842
"GP-RV IA ERCs",500000,43.756675243377686,"650_fri_c0_500_50",7,False,"(x3*sin(((2.330000--0.089000)*sin(0.277000))))",0.3685721013638278,0.30442392352160497
"GP-RV IA ERCs",500000,11.321758270263672,"650_fri_c0_500_50",13,False,"((((x3/ 1.419000)-(-0.501000*x0))-(-0.433000*(x1-0.053000)))*sin(((-1.057000+-1.595000)*(2.019000/ -2.509000))))",0.6578934359286237,0.6118266863326796
"GP-RV IA ERCs",100000,8.221836805343628,"650_fri_c0_500_50",15,False,"((((x0+x1)+(0.637000*x4))+x3)/ 2.361000)",0.7113753681085726,0.6916567554520873
"GP-RV IA ERCs",100000,7.286046266555786,"650_fri_c0_500_50",15,True,"-0.48231483147908355 + (0.5822298246601305 * (((sin((x1+x0))/ ((0.830000--2.248000)*(0.282000/ 1.261000)))+(x3+((x4/ 2.155000)+(0.590000*1.323000))))))",0.791849756346472,0.7628351886428735
"GP-RV IA ERCs",500000,75.64980554580688,"650_fri_c0_500_50",0,True,"0.9792708825918545 + (0.6301054638703499 * (((x3+((x1/ 1.766000)-(0.353000*x0)))+(((0.191000-1.163000)*(2.079000-x0))-((1.939000+-2.399000)-(x4/ 2.297000))))))",0.7588461271333761,0.6589808627457141
"GP-RV IA ERCs",100000,10.1148841381073,"650_fri_c0_500_50",14,False,"((((x0*0.639000)+x3)/ (0.447000*(1.978000+1.542000)))*0.975000)",0.5182018532251411,0.4872438205593551
"GP-RV IA ERCs",500000,9.97520637512207,"650_fri_c0_500_50",14,False,"((((x0*0.639000)+x3)/ (0.447000*(1.978000+1.542000)))*0.975000)",0.5182018532251411,0.4872438205593551
"GP-RV IA ERCs",500000,69.94547891616821,"650_fri_c0_500_50",2,True,"-0.5455094661213339 + (0.3322185016005032 * (((((2.191000/ 2.508000)*(x3--0.740000))+((x1+x4)-(-1.955000-x3)))+(((-0.578000*x0)-(-2.573000--2.397000))*(x0-1.900000)))))",0.7815793059281806,0.7360538803078981
"GP-RV IA ERCs",100000,5.95356011390686,"650_fri_c0_500_50",16,False,"((sin((x1+0.275000))+(sin(x0)-(x3*-1.011000)))*(sin((-2.260000/ 2.545000))*((1.232000*-1.431000)*0.399000)))",0.6499455784723988,0.6574088252464053
"GP-RV IA ERCs",500000,8.588192224502563,"650_fri_c0_500_50",15,False,"((((x0+x1)+(0.637000*x4))+x3)/ 2.361000)",0.7113753681085726,0.6916567554520873
"GP-RV IA ERCs",100000,7.060666084289551,"650_fri_c0_500_50",16,True,"1.7517990011675397 + (0.8339088042719902 * (((sin((x1+x0))-((0.141000+-1.310000)*(0.274000*x4)))+(-1.428000-((x3/ -1.376000)+sin(2.398000))))))",0.7823681482374665,0.7917840307663142
"GP-RV IA ERCs",100000,5.914361476898193,"650_fri_c0_500_50",17,False,"(sin(((0.019000-x0)*(0.945000-1.385000)))+(sin((-1.129000/ -1.805000))*x3))",0.5064800224565618,0.5207951104799589
"GP-RV IA ERCs",100000,6.564274549484253,"650_fri_c0_500_50",17,True,"0.4453899128699174 + (-0.3739800256534874 * (((((x3*-1.611000)+(1.294000-x1))+0.529000)-(((x0-0.688000)--1.276000)+sin(x4)))))",0.7261725792325122,0.7700282472038852
"GP-RV IA ERCs",100000,5.867830038070679,"650_fri_c0_500_50",18,False,"((((x3+x0)+(x4+x1))*sin((-1.443000*2.564000)))*(-0.984000/ ((-2.629000--1.706000)+(-0.166000--0.068000))))",0.6533102548995181,0.6390581658346576
"GP-RV IA ERCs",100000,6.72802734375,"650_fri_c0_500_50",18,True,"-0.5862995662892263 + (0.5439927359690263 * (((sin((x1--1.140000))+x3)-(((-2.563000+2.006000)+(x0/ -1.383000))+((x1/ -2.649000)-(x4/ 1.581000))))))",0.7683226175503175,0.7484819606351067
"GP-RV IA ERCs",500000,14.038299560546875,"650_fri_c0_500_50",15,True,"-0.0261916756685391 + (0.5855427718624884 * (((sin((x1+x0))/ ((0.830000--1.737000)*sin(0.274000)))+(x3+((x4/ 2.155000)+(x40*-0.068000))))))",0.7943317146800403,0.7646262019242565
"GP-RV IA ERCs",500000,11.366321325302124,"650_fri_c0_500_50",17,False,"(sin(((0.019000-x0)*(0.945000-1.385000)))+(sin((-1.129000/ -1.805000))*x3))",0.5064800224565618,0.5207951104799589
"GP-RV IA ERCs",100000,5.850247383117676,"650_fri_c0_500_50",19,False,"((((x3+x1)*(-1.058000--2.180000))+((x0+x4)/ 1.422000))/ 2.361000)",0.6922328305622907,0.745498407318342
"GP-RV IA ERCs",500000,15.800835371017456,"650_fri_c0_500_50",16,False,"((sin((x1+0.307000))+(sin(x0)-(x3*-1.011000)))*(sin((2.200000/ -2.373000))*((1.232000*-1.426000)*0.399000)))",0.6504451887341185,0.6561137933152632
"GP-RV IA ERCs",500000,109.42282891273499,"606_fri_c2_1000_10",27,True,"0.47442577679705394 + (-0.4084396654166456 * (((((x0+x1)+(1.363000*1.697000))*sin((x1+x0)))+(((1.115000-x4)*(-0.282000--0.715000))-((1.006000*x3)-sin(x2))))))",0.8360816803497327,0.841487370282261
"GP-RV IA ERCs",100000,6.581582069396973,"650_fri_c0_500_50",19,True,"-0.2085619538772244 + (0.38795898264035794 * (((x4+(x0-(-1.412000*x3)))+((0.904000-sin(-0.633000))*sin((x1--0.614000))))))",0.7405081108147997,0.782187728955219
"GP-RV IA ERCs",500000,116.26825046539307,"606_fri_c2_1000_10",26,True,"0.8565997755870438 + (-0.34288849709578656 * (((((x1--1.673000)*(1.172000*1.591000))*sin((x0+x1)))+(((-0.859000-0.506000)*(0.364000*x4))-((-1.832000+x3)-(x2*0.440000))))))",0.8325060028077562,0.8066664766983915
"GP-RV IA ERCs",100000,6.257337331771851,"650_fri_c0_500_50",20,False,"((((0.811000*1.372000)*(0.608000*x0))+((x3*0.878000)*(1.798000+-0.680000)))/ 1.671000)",0.5254200210703756,0.47078896462833164
"GP-RV IA ERCs",100000,7.0433573722839355,"650_fri_c0_500_50",20,True,"1.0873314494575257 + (0.8370162609034977 * (((sin((x0+x1))+((x3/ 1.464000)-(-2.498000*-0.632000)))+0.260000)))",0.7003510332963043,0.7309215595615934
"GP-RV IA ERCs",500000,15.029228925704956,"650_fri_c0_500_50",18,False,"((((x3+x0)+(x4+x1))*sin((-2.233000*2.564000)))*sin(0.894000))",0.6933121642782418,0.6649795834009986
"GP-RV IA ERCs",500000,9.122987747192383,"650_fri_c0_500_50",19,False,"((((x3+x1)*(-1.058000--2.180000))+((x0+x4)/ 1.422000))/ 2.361000)",0.6922328305622907,0.745498407318342
"GP-RV IA ERCs",100000,6.767430543899536,"650_fri_c0_500_50",21,False,"((((x1+x0)-(-1.368000*x3))*sin(0.739000))*0.596000)",0.6442384958630583,0.6617880233746608
"GP-RV IA ERCs",500000,9.312543630599976,"650_fri_c0_500_50",20,False,"((((0.811000*1.372000)*(0.608000*x0))+((x3*0.878000)*(1.798000+-0.680000)))/ 1.671000)",0.5254200210703756,0.47078896462833164
"GP-RV IA ERCs",100000,6.55234432220459,"650_fri_c0_500_50",21,True,"-0.19223140977249442 + (0.34571703689844385 * (((((x1+x4)+(-0.109000+-0.722000))+((x3+x6)-(x6-x0)))-(((1.719000+x3)/ (-2.350000-0.129000))*1.911000))))",0.7337213604146118,0.7408480149562786
"GP-RV IA ERCs",100000,7.345085144042969,"650_fri_c0_500_50",22,True,"-0.01295906007933728 + (-0.37448551258042534 * (((((1.277000*x3)/ (-2.335000+1.551000))+((x4*-0.820000)-(-0.271000*x19)))-(x1+x0))))",0.7431255653694342,0.7280920355539522
"GP-RV IA ERCs",100000,10.393087387084961,"650_fri_c0_500_50",22,False,"(x3/ (1.761000-((x5--2.272000)*(-0.014000/ x41))))",0.3499662563020832,0.40494170262475704
"GP-RV IA ERCs",100000,6.188631296157837,"650_fri_c0_500_50",23,False,"((sin((x1+x0))+x3)*(sin(sin(0.809000))/ ((-0.507000*-1.468000)-(0.305000/ -1.290000))))",0.7158994185512396,0.6027057204046425
"GP-RV IA ERCs",500000,16.163514852523804,"650_fri_c0_500_50",20,True,"0.15510960634900808 + (0.7653126918876492 * (((sin((x0+x1))+((x3/ 1.298000)-(x4*-0.270000)))+(-0.092000*((x0*-2.483000)*(0.657000-x0))))))",0.8123521281811018,0.8113963094030338
"GP-RV IA ERCs",100000,6.512731313705444,"650_fri_c0_500_50",23,True,"-0.15318303080771042 + (-0.31872905551232267 * ((sin(((-2.285000-0.988000)+(x0--1.116000)))-(sin(x1)+((x3+x4)+(x3+x0))))))",0.7517401520732087,0.707422916976991
"GP-RV IA ERCs",500000,11.187354564666748,"650_fri_c0_500_50",22,False,"(x3/ (1.761000-((x5--2.272000)*(-0.014000/ x41))))",0.3499662563020832,0.40494170262475704
"GP-RV IA ERCs",500000,87.94856810569763,"650_fri_c0_500_50",6,True,"0.8513599494679447 + (0.5995302146603272 * (((x3+(x0/ (2.512000+x0)))+(((0.553000*0.917000)*(x4+-2.317000))+(x1/ (1.143000--0.371000))))))",0.7438366497765605,0.7960737553426832
"GP-RV IA ERCs",100000,7.617965936660767,"650_fri_c0_500_50",24,False,"(x3*0.585000)",0.34375674815855406,0.38659674082058115
"GP-RV IA ERCs",500000,38.4767689704895,"650_fri_c0_500_50",17,True,"-0.9691346599618154 + (-0.33962713753173174 * (((((x3*-1.724000)+(-0.771000-x4))-sin((1.682000-x0)))+(((x0*0.865000)*-1.276000)-((0.237000*x5)+(1.487000+x1))))))",0.768456426786696,0.7756693168309505
"GP-RV IA ERCs",100000,6.460296630859375,"650_fri_c0_500_50",24,True,"-0.7019383458851911 + (0.3760228411025805 * (((((1.628000*x3)+(1.864000+x1))+(x4*(2.018000/ 2.451000)))+x0)))",0.7411521528179407,0.7377361218315488
"GP-RV IA ERCs",500000,7.296465158462524,"650_fri_c0_500_50",24,False,"(x3*0.585000)",0.34375674815855406,0.38659674082058115
"GP-RV IA ERCs",500000,11.885093450546265,"650_fri_c0_500_50",23,False,"((sin((x1+x0))+x3)*(sin(sin(0.809000))/ ((-0.507000*-1.468000)-(0.305000/ -1.290000))))",0.7158994185512396,0.6027057204046425
"GP-RV IA ERCs",100000,6.087255001068115,"650_fri_c0_500_50",25,False,"((((x0+x3)/ (-2.167000*0.784000))/ -1.186000)+(((x1/ 1.345000)*sin(2.583000))+(sin(0.004000)*(-2.476000+x4))))",0.6477420825775011,0.5886614757988542
"GP-RV IA ERCs",100000,6.255131006240845,"650_fri_c0_500_50",25,True,"1.9571782774128659 + (-0.3541800605371749 * (((((1.292000-x4)+(1.952000-x0))-x1)+(((x0*x0)-(0.696000*-1.921000))-((1.202000*x3)/ (1.446000-0.692000))))))",0.7585345256851755,0.7135275116243497
"GP-RV IA ERCs",100000,6.716347932815552,"650_fri_c0_500_50",26,False,"(sin(((x1+x0)+(0.612000+-0.406000)))+(((-0.177000+x3)/ sin(1.062000))/ ((1.183000*1.886000)*sin(2.031000))))",0.713064318185441,0.7017010367712115
"GP-RV IA ERCs",500000,19.131568908691406,"650_fri_c0_500_50",23,True,"-0.037425321721084016 + (0.30729893062235136 * ((sin(((-2.285000-x1)-(x0--1.227000)))+((x1-(x1*0.225000))+((x3+x4)+(x3+x0))))))",0.7976006687524548,0.7538994497509517
"GP-RV IA ERCs",100000,6.971781015396118,"650_fri_c0_500_50",26,True,"-0.012683730768818412 + (-0.35046551938360054 * (((((x3*-0.735000)-(x3+x0))-x4)-x1)))",0.7140679192077064,0.7906628073916521
"GP-RV IA ERCs",500000,12.630151510238647,"650_fri_c0_500_50",25,False,"((((x0+x3)/ (-2.335000+0.641000))/ -1.186000)+(((x1/ 1.345000)*sin(2.583000))+((-0.172000*0.933000)*(-1.904000*x4))))",0.7335172599955369,0.6642768194634381
"GP-RV IA ERCs",500000,104.67468166351318,"650_fri_c0_500_50",6,False,"(((-0.433000-(0.072000-0.831000))+sin(sin(-1.252000)))*(((-0.150000*-1.513000)/ (-2.129000/ 0.216000))-((x3+x0)+(x37-x37))))",0.47079033972631057,0.519689073304429
"GP-RV IA ERCs",500000,99.28862738609314,"650_fri_c0_500_50",7,True,"-1.8202325461896522 + (0.8697300265069503 * ((sin((x1-(-0.906000*x0)))-(((-2.085000/ x3)-sin(0.739000))*x3))))",0.7164231478386278,0.6908246720499457
"GP-RV IA ERCs",100000,6.531451225280762,"650_fri_c0_500_50",27,False,"(-0.311000-(((x3/ -2.146000)+(0.403000/ -1.286000))-sin((x1+x0))))",0.6899311631244744,0.6682207761673341
"GP-RV IA ERCs",100000,6.7425525188446045,"650_fri_c0_500_50",27,True,"-0.19108182745256075 + (0.636852426396784 * (((((x1+x4)/ (2.057000*0.894000))+((0.985000*x3)-(0.042000*x14)))-sin((-1.087000*(x0--0.631000))))))",0.7782539762052797,0.7496866620722777
"GP-RV IA ERCs",500000,13.653979301452637,"650_fri_c0_500_50",26,False,"(sin(((x1+x0)+(0.612000+-0.406000)))+(((-0.177000+x3)/ sin(1.062000))/ ((1.183000*1.895000)*sin(2.031000))))",0.7130706456239636,0.7016032129194609
"GP-RV IA ERCs",100000,7.253818988800049,"650_fri_c0_500_50",28,False,"((((x2+x3)-(x2-x4))*sin(sin(0.491000)))+(sin((x0/ 2.546000))+((x1*0.324000)/ (1.287000-0.456000))))",0.7158095910212718,0.6240157835200427
"GP-RV IA ERCs",100000,6.350952625274658,"650_fri_c0_500_50",28,True,"-0.2810942270487701 + (0.3583537030847417 * (((((-1.910000+x3)/ (-2.529000+0.714000))/ ((2.408000--2.483000)-(-1.600000/ -0.280000)))+(x4+((x0+x1)+(x3--2.123000))))))",0.7535642006471313,0.6790723568198846
"GP-RV IA ERCs",500000,76.86125421524048,"650_fri_c0_500_50",13,True,"0.12295800759413843 + (-0.3628933960016607 * (((((-2.380000/ -1.807000)-(x4*0.844000))-((1.215000*x0)-(-0.219000*x5)))-(((-2.047000*x3)*(0.606000+-1.383000))+(x1+(-2.372000/ -2.482000))))))",0.7559110748490778,0.6801282989465234
"GP-RV IA ERCs",100000,5.973538637161255,"650_fri_c0_500_50",29,False,"((((x3/ 1.724000)-(1.365000*0.326000))+sin((2.276000-x0)))+sin((x1*sin(0.380000))))",0.6642522018309633,0.6689516179287296
"GP-RV IA ERCs",500000,15.630497932434082,"650_fri_c0_500_50",27,True,"-0.19052973093499032 + (0.6402741888343613 * (((((x1+x4)/ (2.057000*0.894000))+((0.985000*x3)-(0.121000*x14)))-sin((-1.087000*(x0--0.631000))))))",0.7816225779836526,0.7469241269314164
"GP-RV IA ERCs",100000,6.347287178039551,"650_fri_c0_500_50",29,True,"-0.03825068688579088 + (0.3920233334529317 * (((x0+((x4+x1)-(x3/ -0.707000)))-sin(((-0.719000+x2)/ (1.968000+-2.475000))))))",0.8155578745295116,0.7779334501850976
"GP-RV IA ERCs",500000,51.28967523574829,"650_fri_c0_500_50",21,False,"((((x1+x0)-(-1.368000*x3))*(sin(0.602000)*sin(2.081000)))*(-1.061000/ (sin(2.370000)/ sin(-2.581000))))",0.644238618487736,0.6614574712731287
"GP-RV IA ERCs",500000,93.6836211681366,"650_fri_c0_500_50",11,True,"-0.00880672581988725 + (-0.329957270958384 * ((((x1/ sin(-2.018000))-((x3+x4)-(-1.140000*x0)))-(((x3*0.765000)-(x28*0.162000))-((1.928000-2.066000)*(x11+x5))))))",0.7344779837867853,0.7738782732298418
"GP-RV IA ERCs",500000,18.89325976371765,"650_fri_c0_500_50",27,False,"(((sin(-0.610000)-(x4*-0.406000))/ ((-1.854000+2.562000)-sin(-2.040000)))-(((x3/ -1.712000)+(0.403000/ -1.286000))-sin((x1+x0))))",0.775536040905224,0.7494343184532476
"GP-RV IA ERCs",100000,3.151043176651001,"678_visualizing_environmental",0,False,"((((12.558000+9.547000)*(7.444000+x2))/ ((x2+x0)+x2))+(sin((x0+19.530000))/ (17.560000/ (20.358000+14.565000))))",0.41952729292812496,0.2559646718250054
"GP-RV IA ERCs",100000,4.368437051773071,"678_visualizing_environmental",0,True,"-34.49977440585078 + (-1163.8593162495524 * (((sin((13.953000*x2))-(sin(x0)+(10.811000+16.781000)))/ (((x2/ x0)+(x0+x2))+((9.752000+20.645000)*(4.283000+15.611000))))))",0.5124006225201181,0.24166093260979649
"GP-RV IA ERCs",100000,3.336740493774414,"678_visualizing_environmental",1,False,"((((x0/ 12.326000)*sin(11.197000))+13.338000)-(sin((x0-2.839000))+sin((13.942000+x2))))",0.5291876374736948,0.25944682765980565
"GP-RV IA ERCs",100000,4.193987131118774,"678_visualizing_environmental",1,True,"12.313027805485754 + (0.0007641973236377571 * ((((sin(x0)-(x0/ 19.554000))*(x2-sin(x0)))*(((15.124000+x1)+(11.662000+11.375000))/ ((x1/ 16.025000)-sin(x0))))))",0.5862791690725734,0.3066580252612543
"GP-RV IA ERCs",500000,112.01566195487976,"650_fri_c0_500_50",9,True,"1.6240871035347062 + (0.5588188813468221 * (((((1.017000*x3)/ sin(1.753000))-((x4/ -1.933000)-sin(x0)))+(sin((x2-1.395000))+((-2.431000/ 1.037000)+sin(x1))))))",0.8198501066268417,0.7303050606793255
"GP-RV IA ERCs",500000,13.015336990356445,"650_fri_c0_500_50",29,False,"((((x3/ 1.724000)-(1.365000*0.326000))+sin((2.276000-x0)))+sin((x1*sin(0.380000))))",0.6642522018309633,0.6689516179287296
"GP-RV IA ERCs",100000,3.1411054134368896,"678_visualizing_environmental",2,False,"(14.342000-(((x2/ x0)/ (9.808000+x1))+((10.409000/ 8.192000)+(x0/ 14.215000))))",0.4211282164301625,0.2703928405793765
"GP-RV IA ERCs",100000,4.958132266998291,"678_visualizing_environmental",2,True,"15.547911423013739 + (-0.07404688946391162 * (((sin((11.601000+x0))/ sin((x0*12.651000)))+(((x0+x2)*sin(19.808000))+((19.363000-17.797000)-(x2/ 3.363000))))))",0.5076142375487368,0.06306718929162591
"GP-RV IA ERCs",500000,9.229571342468262,"678_visualizing_environmental",1,False,"((((x0/ 13.157000)*sin(17.012000))+12.975000)-(sin((x0-2.839000))+sin((13.942000+x2))))",0.538460671991307,0.2684130128811639
"GP-RV IA ERCs",500000,14.244149208068848,"678_visualizing_environmental",0,True,"-43.1574768046867 + (-1413.8211698489597 * (((sin((13.953000*x2))-(sin(x0)+(15.010000+17.742000)))/ (((x2/ x0)+(x0+x2))+((16.700000+20.645000)*(4.283000+15.905000))))))",0.5127258030209711,0.2371283181317837
"GP-RV IA ERCs",100000,3.3123819828033447,"678_visualizing_environmental",3,False,"(sin(((x1*17.836000)+(19.258000/ 2.910000)))+(13.874000-((x0+20.645000)/ 17.665000)))",0.45547865256507714,0.26691229560113294
"GP-RV IA ERCs",500000,95.57106041908264,"650_fri_c0_500_50",14,True,"-0.4506358369023458 + (0.6292425493626079 * ((((x3+(0.511000*x4))-sin((-0.766000-x1)))+sin(((-0.585000-x0)/ (-0.711000+-0.255000))))))",0.7941995636907017,0.8037677798052203
"GP-RV IA ERCs",100000,4.389793157577515,"678_visualizing_environmental",3,True,"16.31636139832488 + (1.0257825713587982 * ((sin(((7.440000*20.405000)*(x1-5.528000)))-(((x2/ 17.979000)+(x0/ 19.509000))-(sin(x0)/ (x1/ x2))))))",0.5491129820931058,-0.05782422870099513
"GP-RV IA ERCs",500000,83.92518162727356,"650_fri_c0_500_50",18,True,"0.5887637577632098 + (0.5498733654023381 * (((sin((x1--1.200000))+((2.318000-x3)*(1.208000-2.288000)))-(((0.720000+-1.620000)+(x0/ -1.417000))+((x1/ -2.608000)-(x4/ 1.880000))))))",0.7740000261236428,0.7527980817274602
"GP-RV IA ERCs",100000,3.4674386978149414,"678_visualizing_environmental",4,False,"((((11.605000+6.689000)/ sin(6.377000))*(sin(x0)+11.729000))/ (((19.180000+x0)+(x2+x2))/ sin((6.582000/ 3.188000))))",0.3700225262517879,0.4471870709788074
"GP-RV IA ERCs",500000,12.597884893417358,"678_visualizing_environmental",2,False,"(14.342000-(sin((x1/ x2))+((11.619000/ 10.204000)+(x0/ 14.683000))))",0.4354932630983561,0.2383849198754714
"GP-RV IA ERCs",500000,15.032367706298828,"678_visualizing_environmental",1,True,"12.23154745739487 + (0.0009379445740886097 * ((((sin(x0)-(x0/ 20.077000))*(x2-18.034000))*(((15.124000+x1)+(11.792000+19.307000))/ ((x1/ 16.043000)-sin(x0))))))",0.5873212052645402,0.31142295631963635
"GP-RV IA ERCs",500000,80.30363464355469,"650_fri_c0_500_50",19,True,"-0.382088857735595 + (0.4096537920539675 * (((((2.045000+x4)*(1.556000+-0.871000))+(x0-(-1.412000*x3)))+(((2.158000/ -1.707000)*sin(-1.694000))*((x1-1.772000)*(-0.385000*x1))))))",0.7701824696645205,0.7771637232977154
"GP-RV IA ERCs",100000,4.304696083068848,"678_visualizing_environmental",4,True,"15.288872021288386 + (-1.046452925908325 * ((sin(((x0-20.150000)-(20.318000/ x1)))+(((x2+x0)/ (12.576000+10.613000))-(sin(x0)+sin(x1))))))",0.4997526006726418,0.2789199947186235
"GP-RV IA ERCs",500000,93.26846480369568,"650_fri_c0_500_50",16,True,"25.41636360570249 + (0.8320959183094806 * (((sin((x1+x0))-((0.141000*-2.328000)*(-0.703000+x4)))+(-1.428000-((x3/ -1.376000)+(-2.369000/ -0.082000))))))",0.7823906311557353,0.7921152961054794
"GP-RV IA ERCs",500000,8.344737529754639,"678_visualizing_environmental",3,False,"(sin(((x1*17.836000)-(18.932000/ 2.910000)))+(13.874000-((x0+20.645000)/ 17.665000)))",0.4726253597344001,0.1875397495553246
"GP-RV IA ERCs",100000,4.109297275543213,"678_visualizing_environmental",5,False,"(((13.319000*(3.684000+x2))/ x0)/ (((x0-17.896000)+(12.063000+x2))/ (sin(x0)+x0)))",0.4232906093552298,-1.8526364585856205
"GP-RV IA ERCs",100000,4.26965856552124,"678_visualizing_environmental",5,True,"3.4554664692043597 + (3.9618637016003335 * ((((sin(x0)-(x0/ 18.838000))*(x2/ (x1+x2)))-(sin((15.557000/ 18.080000))/ ((14.779000/ x2)-sin(15.164000))))))",0.5307994658433419,-0.33704492520755824
"GP-RV IA ERCs",100000,4.1899566650390625,"678_visualizing_environmental",6,False,"((sin(7.317000)*((x1/ 13.068000)+(15.866000*x2)))/ ((11.430000/ (x1-20.534000))+((7.964000-10.196000)+(x0+x2))))",0.3577766122136574,0.46451084927987785
"GP-RV IA ERCs",100000,4.155247688293457,"678_visualizing_environmental",6,True,"11.337524216940242 + (-6.140908800296874e-05 * (((((x2/ x0)*(9.132000+x0))*((x0+x2)+(x0*x2)))/ (((15.696000-8.258000)+sin(x0))+((15.913000+x1)/ (x0-11.918000))))))",0.4246671968997783,0.5116301684790581
"GP-RV IA ERCs",100000,3.7110037803649902,"678_visualizing_environmental",7,False,"(12.254000/ (((x2+8.347000)+(x2*2.826000))/ ((19.561000*14.459000)-x0)))",0.41976204809415363,0.18077864129775512
"GP-RV IA ERCs",500000,80.75921654701233,"650_fri_c0_500_50",21,True,"0.4105791971395358 + (0.3509626507253758 * (((((x1+x4)-(-0.206000-x3))+(sin(x3)-(0.348000-x0)))-(sin((1.719000+x2))*1.911000))))",0.8039659128414746,0.8294029103905212
"GP-RV IA ERCs",500000,59.62366318702698,"650_fri_c0_500_50",25,True,"1.4354674407241423 + (-0.3940105173619667 * (((((-0.794000*x4)+(-1.075000*x0))-x1)+(((x0*x0)*(0.504000/ 0.942000))-((-2.133000+x3)/ (1.446000-0.772000))))))",0.7841099982173981,0.7346288136041255
"GP-RV IA ERCs",500000,12.821956396102905,"678_visualizing_environmental",4,False,"((((8.726000*6.689000)-x0)/ 17.639000)-(sin((x0+10.358000))-8.834000))",0.46357365487152913,0.3463002231150921
"GP-RV IA ERCs",500000,119.16222405433655,"650_fri_c0_500_50",12,True,"0.7202710324865333 + (0.6073317722872223 * (((((x4*0.484000)-(x0/ -1.400000))+(x1/ (-2.314000/ -1.436000)))+(sin((-1.541000+x2))+((x3--0.389000)+sin(-1.722000))))))",0.8277065328041207,0.7759994934883815
"GP-RV IA ERCs",100000,4.431596040725708,"678_visualizing_environmental",7,True,"-22.687154964741783 + (1.0811380006848132 * ((((sin(x0)-(x0/ 20.070000))+(sin(11.338000)/ (x0-10.444000)))+(((13.874000+11.058000)*(x2+11.375000))/ ((11.228000/ x0)-(9.364000-x2))))))",0.563120230714846,0.12870671138837153
"GP-RV IA ERCs",500000,16.93913984298706,"678_visualizing_environmental",3,True,"16.9202776677433 + (-1.157485620603867 * (((((7.899000/ 15.888000)-sin(x1))/ ((4.017000+17.508000)-(x0-15.544000)))+(((x2/ 17.979000)+(x0/ 20.538000))-(sin(x0)/ (x1/ x2))))))",0.5726713707667931,-0.09467221799411374
"GP-RV IA ERCs",500000,54.027154207229614,"650_fri_c0_500_50",26,True,"-0.5399309668144666 + (-0.3504655193836006 * (((((x3*-0.735000)-(x3+x0))-x4)-(((x1+-1.662000)+(1.646000*1.543000))+sin(sin(0.744000))))))",0.7140679192077065,0.7906628073916521
"GP-RV IA ERCs",100000,3.500340223312378,"678_visualizing_environmental",8,False,"(13.429000-(((x0/ 16.133000)+sin(7.247000))+((14.286000/ x2)-sin(x0))))",0.4228832244540045,0.33700220837390626
"GP-RV IA ERCs",100000,4.427948713302612,"678_visualizing_environmental",8,True,"16.58471606933868 + (-0.31619713033980407 * (((sin((x0-5.261000))*((6.511000-6.850000)*13.379000))+(((x0+x2)*(3.355000/ 19.933000))+((x2+x2)/ (x0+x1))))))",0.5269322367289427,0.21817851767355134
"GP-RV IA ERCs",500000,12.208503484725952,"678_visualizing_environmental",6,False,"((sin(7.317000)*((x1/ 3.742000)+(15.661000*x2)))/ ((15.901000/ (x1-20.534000))+(sin(x2)+(x0+x2))))",0.3793580135496213,0.4523825155976344
"GP-RV IA ERCs",100000,4.523298740386963,"678_visualizing_environmental",9,True,"17.590344781692494 + (-1.3895228467689025 * (((((x0+x2)/ (13.835000+9.070000))-(sin(x0)-(13.169000/ x1)))-sin((10.455000*(x2+8.112000))))))",0.49779519272801964,0.10072884767889301
"GP-RV IA ERCs",500000,18.95952343940735,"678_visualizing_environmental",5,True,"13.102799824858 + (5.934975960611161 * ((((sin(x0)-(x0/ 19.365000))*((x2-20.468000)/ (x1+x2)))-(sin((x0+11.353000))/ ((14.974000/ 3.285000)+sin(x0))))))",0.5595726723476285,-0.5265457658027275
"GP-RV IA ERCs",100000,4.082866430282593,"678_visualizing_environmental",10,False,"(12.747000-(((11.458000+x1)+(x2/ x1))*(x0/ (x1*16.186000))))",0.3796645475475654,0.40236988796221373
"GP-RV IA ERCs",100000,4.565673589706421,"678_visualizing_environmental",10,True,"6.670237931503563 + (1.9714692820751964 * ((sin(((14.940000-x0)+sin(x0)))+(((13.526000-13.744000)*(x0/ 9.065000))+((11.117000/ x2)*(9.603000+6.608000))))))",0.5060836105791195,0.35315133443661706
"GP-RV IA ERCs",500000,17.691418409347534,"678_visualizing_environmental",6,True,"11.673885745978508 + (0.07930223761129289 * ((((sin(x0)*(x1+13.645000))+((x1-19.532000)-(x0*15.338000)))/ (((15.696000-8.258000)+(x0/ 12.618000))+((15.913000+x1)/ (x0-11.918000))))))",0.4483237108838626,0.5417687435004714
"GP-RV IA ERCs",500000,12.888105869293213,"678_visualizing_environmental",8,False,"(13.429000-(((x0/ 14.676000)+sin(6.933000))+((20.654000/ x1)-sin(x0))))",0.45803249225297804,0.2794155768065092
"GP-RV IA ERCs",100000,3.7524380683898926,"678_visualizing_environmental",11,False,"((sin((7.447000/ x0))*((11.937000-7.997000)+(7.189000+x0)))+(sin(x0)-((16.491000/ x1)+(x0/ x2))))",0.4690945283108384,0.06632051928132388
"GP-RV IA ERCs",100000,13.475208044052124,"678_visualizing_environmental",9,False,"(12.747000+(sin((13.117000-16.122000))/ ((14.083000+14.428000)/ (x0*13.210000))))",0.3487216697351122,0.47280868444046487
"GP-RV IA ERCs",500000,15.954124212265015,"678_visualizing_environmental",7,True,"-21.92348541191854 + (1.206661408050268 * ((((sin(x0)-(x0/ 20.070000))+(sin(x1)*sin(x0)))+(((11.913000+10.650000)*(x2+8.032000))/ ((12.036000/ x0)-(10.342000-x2))))))",0.5884613180340066,0.06330306446676826
"GP-RV IA ERCs",100000,4.420145034790039,"678_visualizing_environmental",11,True,"16.63387188290256 + (0.08000664971470024 * (((((x0/ 2.563000)-x2)+(sin(x1)+(19.594000-x0)))-(sin((x0+19.341000))*((x2/ x0)-(9.603000+12.932000))))))",0.5101180721828251,0.31428586366935085
"GP-RV IA ERCs",500000,14.400589942932129,"678_visualizing_environmental",9,False,"(12.747000+(sin((13.117000-16.122000))/ ((14.083000+14.428000)/ (x0*13.210000))))",0.3487216697351122,0.47280868444046487
"GP-RV IA ERCs",100000,3.131840467453003,"678_visualizing_environmental",12,False,"(sin(((x0+x1)*(4.720000*17.169000)))+(((17.805000*13.149000)-(18.637000+x0))/ (17.760000-sin(x0))))",0.48711730397700836,0.36359563651283167
"GP-RV IA ERCs",500000,60.90805721282959,"650_fri_c0_500_50",28,False,"((((x2+x3)-(x2-x4))*sin(sin(0.491000)))+(sin((x0/ 2.546000))+((x1*0.373000)/ sin(1.287000))))",0.7158099327499887,0.6241521089442372
"GP-RV IA ERCs",500000,83.1756386756897,"650_fri_c0_500_50",24,True,"0.3463268058101555 + (0.3763191913407727 * (((((1.628000*x3)+(-0.923000+x1))+(x4*(2.005000/ 2.451000)))+x0)))",0.7411564359129401,0.7377967016918221
"GP-RV IA ERCs",500000,10.42730712890625,"678_visualizing_environmental",10,False,"(12.747000-(((11.458000+x1)+(x2/ x1))*(x0/ (x1*16.186000))))",0.3796645475475654,0.40236988796221373
"GP-RV IA ERCs",100000,4.859456539154053,"678_visualizing_environmental",12,True,"12.328287257922634 + (-0.5304674086901171 * ((((sin(x0)-(x0/ 11.247000))+(sin(x0)*sin(x0)))*(((8.294000/ 9.504000)+(11.899000/ x1))/ ((4.677000/ x0)-sin(8.630000))))))",0.5316767155255135,0.11312779011096818
"GP-RV IA ERCs",100000,4.058363437652588,"678_visualizing_environmental",13,True,"12.190782560857004 + (-0.07377831163304546 * ((((14.280000*(x0/ 16.560000))+((x2-x1)/ x0))+(((x0/ x2)*(11.662000*x2))/ ((6.204000-x0)/ sin(x0))))))",0.5146922533638696,0.2523091175572383
"GP-RV IA ERCs",500000,18.077041149139404,"678_visualizing_environmental",9,True,"17.630877037989876 + (-1.3855675865802195 * (((((x0+x2)/ (14.521000+8.255000))-(sin(x0)-(14.314000/ x1)))-sin((10.455000*(x2+8.112000))))))",0.49785311139690647,0.10005392074696118
"GP-RV IA ERCs",100000,4.341699123382568,"678_visualizing_environmental",14,False,"((12.660000+(x0/ (4.081000-19.212000)))+(sin((x2+17.129000))+sin((x0+13.339000))))",0.523501305305655,0.25092408523212906
"GP-RV IA ERCs",500000,9.934982776641846,"678_visualizing_environmental",12,False,"(sin(((x0+x1)*6.136000))+(((17.804000*13.149000)-(18.762000+x0))/ (17.760000-sin(x0))))",0.4978810614109729,0.31008200112725814
"GP-RV IA ERCs",500000,12.21169924736023,"678_visualizing_environmental",11,False,"((sin((7.447000/ x0))*((11.937000-7.997000)+(7.189000+x0)))+(sin((13.199000+x0))-((15.926000/ x1)+(x0/ x2))))",0.490630891444903,0.13461234017644408
"GP-RV IA ERCs",500000,17.08086895942688,"678_visualizing_environmental",10,True,"6.279327636918126 + (2.0607150588469154 * ((sin(((15.117000-x0)+sin(x0)))+(((13.526000-13.744000)*(x0/ 9.429000))+((11.117000/ x2)*(9.603000+7.528000))))))",0.5088004247801676,0.3638398609787209
"GP-RV IA ERCs",100000,4.232725143432617,"678_visualizing_environmental",14,True,"12.341421949583179 + (0.05038204759312356 * (((((10.111000*18.113000)/ (x1-17.976000))-((x2/ x1)+(20.072000+x0)))-(((7.386000-x1)*(x1/ 9.064000))/ ((x0*x0)-(13.872000+17.856000))))))",0.5923323504805507,-0.014259479022298738
"GP-RV IA ERCs",500000,69.44475317001343,"650_fri_c0_500_50",28,True,"1.0146901690147727 + (0.3038514923535089 * (((sin((x1+x0))-((2.408000-x1)-(x3-2.397000)))+(x4+(sin(x0)+(x3--1.532000))))))",0.7967828443301506,0.7163673926688298
"GP-RV IA ERCs",100000,4.058451414108276,"678_visualizing_environmental",15,False,"((((x0/ 18.454000)-sin(x0))/ (sin(11.622000)+(4.128000/ x2)))+12.848000)",0.4990431025600952,0.22910258524554084
"GP-RV IA ERCs",500000,29.49895453453064,"678_visualizing_environmental",8,True,"16.497349580323476 + (1.4805545119029506 * (((sin((x0+19.769000))/ ((6.511000-2.592000)*(20.409000/ x2)))-(((x0+x2)/ (8.061000+19.933000))+((16.868000+20.346000)/ (x1+x1))))))",0.5325470381982433,0.19607806686302265
"GP-RV IA ERCs",100000,5.141662836074829,"678_visualizing_environmental",15,True,"11.963622934696273 + (0.011905789018091962 * ((((sin(x0)-(x0/ 14.218000))-sin(sin(11.481000)))*(((16.755000+x1)*(17.522000+x2))/ (x1-(19.941000-x0))))))",0.60038324252886,0.22261334501313212
"GP-RV IA ERCs",100000,3.617927312850952,"678_visualizing_environmental",16,False,"(12.449000-(sin((11.455000-x0))+((8.597000/ 11.281000)/ (12.608000/ x0))))",0.4286977630531954,0.4741524499577099
"GP-RV IA ERCs",100000,4.0225913524627686,"678_visualizing_environmental",16,True,"12.947717962535378 + (-0.05312174807872284 * (((((20.208000*x0)/ (5.195000-x0))-((5.109000*7.410000)/ (x1-18.736000)))+(x0-((x1/ 5.743000)-x2)))))",0.5147115472726402,0.37112917557400027
"GP-RV IA ERCs",500000,110.9098789691925,"650_fri_c0_500_50",22,True,"-1.2183535183673062 + (-0.36423085276068246 * (((((1.206000*x3)/ sin(-2.335000))+((x4*-0.820000)-(-0.271000*x19)))-(x1+((1.090000*x0)+(1.304000--2.008000))))))",0.7441316292948875,0.7278407247785237
"GP-RV IA ERCs",500000,65.8959698677063,"678_visualizing_environmental",0,False,"((((12.558000+9.547000)*(10.237000+x2))/ ((x2+x0)+x2))+(sin((x0+13.320000))*(x2/ (20.522000+17.953000))))",0.43197481547124383,0.24790004532743892
"GP-RV IA ERCs",500000,16.906654834747314,"678_visualizing_environmental",12,True,"12.256359877448222 + (-0.535319913451348 * ((((sin(x0)-(x0/ 11.633000))+(sin(x0)*sin(x0)))*(((8.294000/ 9.327000)+(11.899000/ x1))/ ((4.677000/ x0)-sin(13.369000))))))",0.5317291498483657,0.1349361683821585
"GP-RV IA ERCs",100000,16.643338680267334,"678_visualizing_environmental",13,False,"(((sin(x0)+16.784000)/ ((15.151000+5.402000)+(x0/ 3.738000)))*17.675000)",0.4097215217109048,0.33838491009571636
"GP-RV IA ERCs",500000,15.96018934249878,"678_visualizing_environmental",13,False,"(((sin(x0)+16.784000)/ ((15.151000+5.402000)+(x0/ 3.738000)))*17.675000)",0.4097215217109048,0.33838491009571636
"GP-RV IA ERCs",100000,3.695159912109375,"678_visualizing_environmental",17,False,"((((3.375000-20.360000)-sin(15.462000))/ x1)+((12.704000-(x0/ 15.549000))+sin((x2-14.271000))))",0.4280058029644661,0.3147643267287784
"GP-RV IA ERCs",500000,11.501984357833862,"678_visualizing_environmental",14,True,"14.398235083564977 + (0.04390163994275387 * (((((10.111000*20.405000)/ (x1-17.976000))-((x2/ x1)+(x2+x0)))-(((x0-x1)*(17.190000+x0))/ ((x0*x0)-(19.276000+x0))))))",0.6049309413809558,0.027023137902439376
"GP-RV IA ERCs",100000,3.3262112140655518,"678_visualizing_environmental",18,False,"((sin((6.818000/ x0))*(sin(x1)+(13.240000+x0)))+(sin((11.404000-x0))*(sin(x0)-(13.872000/ 7.916000))))",0.4792236674462692,-0.028214759723783178
"GP-RV IA ERCs",500000,14.742928981781006,"678_visualizing_environmental",14,False,"((12.660000+(x0/ (4.081000-19.212000)))+(sin((x2+17.129000))+sin((x0+13.339000))))",0.523501305305655,0.25092408523212906
"GP-RV IA ERCs",100000,4.369028568267822,"678_visualizing_environmental",17,True,"13.061498146169852 + (-1.0951412877935223 * ((sin(((x2-10.343000)+sin(x1)))+(((20.407000/ x1)+(x0/ 18.070000))+sin((5.052000-x0))))))",0.5072405536910006,0.3254359582671087
"GP-RV IA ERCs",100000,4.377501726150513,"678_visualizing_environmental",18,True,"16.974216456487298 + (-1.4403657420463436 * (((((x0+x2)/ (10.168000+14.643000))-sin((15.057000-x0)))-sin(((x1+19.070000)*sin(x2))))))",0.5561387874712238,0.1100210081273929
"GP-RV IA ERCs",500000,19.565329790115356,"678_visualizing_environmental",13,True,"9.547268124384235 + (1.270362084221446 * ((((sin(x0)-(x0/ 20.092000))+(sin(x0)/ (x0-15.910000)))-(((x0+x0)+(17.099000-9.598000))/ ((19.941000/ x0)-x0)))))",0.5545469428730927,-1.0320484670948344
"GP-RV IA ERCs",100000,4.257880687713623,"678_visualizing_environmental",19,False,"(12.810000+(sin(11.430000)*((3.532000+x0)/ (6.519000+8.829000))))",0.30275375148568007,0.5092660188316609
"GP-RV IA ERCs",500000,14.502322435379028,"678_visualizing_environmental",15,False,"(16.482000-(((x0/ 18.701000)+(x2/ 15.757000))+(sin(16.062000)-sin(x0))))",0.5124973036083438,0.25898584545583025
"GP-RV IA ERCs",500000,42.14220833778381,"678_visualizing_environmental",7,False,"(12.254000/ (((x2+8.346000)+(x2*2.826000))/ ((19.561000*14.459000)-x0)))",0.419762061464499,0.1807773087530069
"GP-RV IA ERCs",100000,3.191910982131958,"678_visualizing_environmental",20,False,"(7.482000+(((12.445000*5.161000)-(x0-14.549000))/ ((9.660000/ x0)+14.940000)))",0.39724884896086643,0.3185243605148479
"GP-RV IA ERCs",500000,52.39899659156799,"678_visualizing_environmental",5,False,"(((13.319000*(3.684000+x2))/ x0)/ (((x0-17.896000)+(12.063000+x2))/ (sin(x0)+x0)))",0.4232906093552298,-1.8526364585856205
"GP-RV IA ERCs",100000,4.507296800613403,"678_visualizing_environmental",19,True,"42.049297821152635 + (-1.2703309392522761 * ((sin(((x0*19.764000)*(x0/ 15.122000)))+(sin((11.428000-x0))+((x0/ 20.159000)+(4.121000*5.567000))))))",0.47052889734256254,0.5872174920012541
"GP-RV IA ERCs",100000,4.932757377624512,"678_visualizing_environmental",20,True,"10.778146433301101 + (-0.00014730153837059864 * ((((sin(x0)-(x0/ 20.058000))+(sin(x0)/ sin(x0)))*(((x2-14.219000)*(11.662000+x2))/ ((17.345000/ x1)-sin(14.052000))))))",0.5717877132186525,0.2080167764039862
"GP-RV IA ERCs",100000,3.157835006713867,"678_visualizing_environmental",21,False,"((((x1/ x1)-(4.321000/ 14.927000))/ ((x1/ 15.872000)-sin(x0)))-(((x0+x2)/ 17.452000)-((3.921000+12.783000)+sin(x0))))",0.4266690130522476,0.5467402259887029
"GP-RV IA ERCs",500000,9.064067602157593,"678_visualizing_environmental",18,False,"((sin((6.818000/ x0))*(sin(x1)+(13.240000+x0)))+(sin((11.404000-x0))*(sin(x0)-(13.872000/ 7.916000))))",0.4792236674462692,-0.028214759723783178
"GP-RV IA ERCs",500000,17.280422925949097,"678_visualizing_environmental",15,True,"11.979000964332261 + (0.01235576137347087 * ((((sin(x0)-(x0/ 15.026000))-sin(sin(11.653000)))*(((15.450000+x1)*(19.622000+x2))/ (x1-(19.941000-x0))))))",0.6007406361431133,0.21969104022059716
"GP-RV IA ERCs",500000,12.469988346099854,"678_visualizing_environmental",17,False,"(sin(((2.887000-20.286000)-(x0-6.806000)))+((12.704000-(x0/ 16.887000))+sin((x2-14.271000))))",0.45763614324873525,0.41146503848966265
"GP-RV IA ERCs",100000,3.8183975219726562,"678_visualizing_environmental",21,True,"12.446882583394247 + (-1.2907755133417103 * (((sin((x0+x0))-(sin(x0)/ (x0-6.091000)))+(sin((x0-14.868000))+((x0/ 17.527000)-(x0/ x2))))))",0.4672803267887248,0.5966894582144562
"GP-RV IA ERCs",500000,12.55630087852478,"678_visualizing_environmental",17,True,"12.98654359064359 + (1.179400491778995 * ((sin(((x2-7.888000)+sin(x1)))-(((20.407000/ x1)+(x0/ 19.740000))+sin((5.096000-x0))))))",0.5199239272519489,0.3668705949727782
"GP-RV IA ERCs",500000,16.65537118911743,"678_visualizing_environmental",16,False,"((((x2/ x0)/ x0)+12.383000)-(sin((11.481000-x0))+((8.597000/ 11.277000)/ (12.667000/ x0))))",0.45156414976105286,-11.05169462118399
"GP-RV IA ERCs",500000,81.73668599128723,"650_fri_c0_500_50",29,True,"-1.1644055495432042 + (0.3729030004569527 * (((((1.253000+x3)+(x0--1.776000))+((x4+x1)-(x3/ -1.617000)))-sin(((2.507000+x2)/ (1.964000+-2.475000))))))",0.8200733050209222,0.7879715066299537
"GP-RV IA ERCs",100000,3.681394338607788,"678_visualizing_environmental",22,False,"((((11.128000/ 2.783000)/ (14.893000*7.070000))/ ((3.748000/ 6.631000)/ (17.398000-x0)))+((sin(x0)-(x2-x2))+((3.445000*3.026000)-sin(5.180000))))",0.47320208164220157,0.22869096570611158
"GP-RV IA ERCs",500000,8.62463116645813,"678_visualizing_environmental",20,False,"(7.414000+(((12.445000*5.257000)-(x0-15.420000))/ ((9.268000/ x0)+(11.647000+3.596000))))",0.3976922118718357,0.3177914828622068
"GP-RV IA ERCs",100000,4.436567783355713,"678_visualizing_environmental",22,True,"12.637745566237585 + (0.00014864720703920402 * ((((sin(x0)-(x0/ 16.424000))+(sin(x0)/ (x0+9.355000)))*(((15.124000+11.058000)*(11.662000+x2))/ ((3.639000/ 9.336000)-(2.952000/ x0))))))",0.5537078597302785,0.048228667023776706
"GP-RV IA ERCs",100000,3.2759387493133545,"678_visualizing_environmental",23,False,"(12.254000+(sin(x0)-((x0+11.559000)/ (5.902000+12.653000))))",0.43990523778943524,0.22072632325798935
"GP-RV IA ERCs",100000,4.56035041809082,"678_visualizing_environmental",23,True,"13.197005075945288 + (1.4118297319374618 * ((((sin(x0)-(x0/ 17.489000))-(sin(13.863000)/ (x0*x0)))+sin(((8.882000+11.058000)*(5.522000+x2))))))",0.5684184363150078,0.19379089267903704
"GP-RV IA ERCs",500000,62.55492067337036,"678_visualizing_environmental",4,True,"15.398506581451533 + (-0.9610862706675346 * ((sin(((x0-14.164000)-(20.676000/ x1)))+(((x2+x0)/ (10.224000+10.613000))-(sin(x0)+sin(x1))))))",0.502969592022009,0.29277087966987436
"GP-RV IA ERCs",500000,8.428033351898193,"678_visualizing_environmental",21,False,"((((10.919000/ x1)+(4.321000/ 12.657000))/ ((x1/ 15.916000)-sin(x0)))-(((x0+x2)/ 17.452000)-((3.921000+12.783000)+sin(x0))))",0.43648952803304775,0.48174137499517655
"GP-RV IA ERCs",100000,4.257941007614136,"678_visualizing_environmental",24,False,"(11.043000-(sin((11.728000-x0))-((20.259000-x0)/ (19.600000-4.136000))))",0.4708608999634949,0.3211177372402453
"GP-RV IA ERCs",100000,5.085110902786255,"678_visualizing_environmental",24,True,"13.744084353560845 + (1.507123934369153 * ((sin(((x0-12.016000)-sin(x0)))+(((15.557000+x0)/ (16.373000*13.776000))/ sin((3.200000*20.645000))))))",0.508664301951776,0.31367397827936483
"GP-RV IA ERCs",100000,3.7487435340881348,"678_visualizing_environmental",25,True,"15.765213986387156 + (0.002167349970688994 * (((((x0+x2)/ sin(x2))/ ((4.819000-x0)/ (x0-7.235000)))*((sin(x2)*(2.571000/ x2))*((13.243000*x2)-(x2+x1))))))",0.5471282131075367,-1.7309692560925236
"GP-RV IA ERCs",100000,3.2062344551086426,"678_visualizing_environmental",26,False,"((((x1/ x0)-x0)+((12.020000*19.474000)-(x2/ 4.830000)))/ 18.648000)",0.3859795639691598,0.3729135613679312
"GP-RV IA ERCs",500000,17.229248523712158,"678_visualizing_environmental",19,True,"13.05458247032957 + (-1.3070722597705622 * ((sin(((x0*19.764000)*(x0/ 15.122000)))+(sin((16.882000+x0))+((x0/ 20.649000)+(7.176000/ x1))))))",0.4753454586602024,0.5638107457941529
"GP-RV IA ERCs",500000,17.861677646636963,"678_visualizing_environmental",19,False,"(12.810000+(sin((x0+19.869000))-(x0/ (6.535000+8.829000))))",0.37817862747210185,0.575787921959
"GP-RV IA ERCs",500000,15.42730975151062,"678_visualizing_environmental",20,True,"10.772236042067245 + (-0.0001143093231871017 * ((((sin(x0)-(x0/ 20.058000))+(sin(x0)/ sin(x0)))*(((x2+10.605000)*(9.167000+x2))/ ((17.345000/ x1)-(13.921000/ 13.782000))))))",0.5722173645539474,0.19486573582783295
"GP-RV IA ERCs",100000,3.832552909851074,"678_visualizing_environmental",26,True,"14.902093842118912 + (-1.2960243057981855 * (((((x0+x2)*sin(9.391000))-(sin(x1)-(18.101000/ x1)))-(sin((10.787000/ x0))-sin((11.540000-x0))))))",0.5068494600290203,0.335237049369572
"GP-RV IA ERCs",100000,8.593425512313843,"678_visualizing_environmental",25,False,"((((x2+19.709000)*(17.209000*6.343000))/ ((x0+x2)+(x2/ x1)))/ 9.283000)",0.46196263392494863,-0.5614934165598293
"GP-RV IA ERCs",100000,3.4019834995269775,"678_visualizing_environmental",27,False,"(12.649000+(sin(11.171000)*((x0+x0)/ (16.396000+14.054000))))",0.3944369929711353,0.33551617080042606
"GP-RV IA ERCs",500000,8.379501342773438,"678_visualizing_environmental",25,False,"((((x2+19.709000)*(17.209000*6.343000))/ ((x0+x2)+(x2/ x1)))/ 9.283000)",0.46196263392494863,-0.5614934165598293
"GP-RV IA ERCs",500000,11.643052101135254,"678_visualizing_environmental",24,False,"(11.043000-(sin((11.728000-x0))-((20.259000-x0)/ (19.600000-4.136000))))",0.4708608999634949,0.3211177372402453
"GP-RV IA ERCs",100000,4.552071571350098,"678_visualizing_environmental",27,True,"12.731326445438338 + (-1.0884289775422598 * (((((x0+x0)/ (16.749000+15.982000))-(sin(13.806000)*sin(x0)))-((sin(x1)*sin(x2))+sin((4.297000+x2))))))",0.5150592620239163,0.4027144453235758
"GP-RV IA ERCs",500000,18.166487455368042,"678_visualizing_environmental",21,True,"12.220141922452722 + (-1.0797895515185585 * (((sin((x0+x0))-((19.885000-x0)/ (x1-17.275000)))+(sin((x0-14.785000))+((x0/ 20.647000)-sin(x1))))))",0.5197077966350196,0.528418585206972
"GP-RV IA ERCs",100000,3.768946886062622,"678_visualizing_environmental",28,False,"((((x2+15.018000)*(12.271000/ x2))+((x2/ x2)-(x0/ 17.376000)))+(sin((x0+19.818000))-3.435000))",0.44802197521436105,0.45164497738631426
"GP-RV IA ERCs",500000,84.29088711738586,"678_visualizing_environmental",2,True,"16.57652898388104 + (-0.09806293199442896 * (((sin((11.601000+x0))/ sin((x0*12.651000)))+(((x0+x2)*sin(8.834000))+((19.805000-17.797000)-sin(x0))))))",0.5179541154177357,-0.03794779635491663
"GP-RV IA ERCs",100000,4.4379355907440186,"678_visualizing_environmental",28,True,"15.633138663948497 + (-0.006515717342886372 * (((((x2*11.378000)+(20.159000-x1))-(sin(5.859000)+(10.096000-16.571000)))-(((13.716000*x2)/ (x1-18.332000))-((4.297000+4.226000)*(x0-19.281000))))))",0.5049883217893528,0.2737036511372025
"GP-RV IA ERCs",100000,3.507936477661133,"678_visualizing_environmental",29,False,"(12.810000+(sin((x0-17.977000))-((2.994000+x0)/ (11.202000+5.319000))))",0.42589892981665267,0.46988010454134
"GP-RV IA ERCs",100000,3.8283462524414062,"678_visualizing_environmental",29,True,"17.558721924104702 + (0.022392669695868988 * (((((16.049000/ x1)*sin(12.159000))-((15.210000-12.673000)+(12.599000/ x1)))*((4.867000+(x0+x2))-((12.970000+x0)/ (x1-18.799000))))))",0.4756368516861208,0.28565256888576696
"GP-RV IA ERCs",500000,21.11441922187805,"678_visualizing_environmental",22,True,"12.81547171908614 + (0.005987065367832207 * ((((sin(x0)-(x0/ 14.390000))-((18.053000/ x1)/ (x0-14.892000)))*(((19.367000*2.445000)+(10.587000+x2))/ ((3.639000/ 3.748000)-(7.315000/ x0))))))",0.5800007504705713,0.08156878791849531
"GP-RV IA ERCs",500000,18.511085510253906,"678_visualizing_environmental",23,True,"13.316272238409091 + (1.4561263785047605 * ((((sin(x0)-(x0/ 17.747000))-((14.527000/ 5.984000)/ (x0*x0)))-sin(((10.527000+x2)-(x2*18.732000))))))",0.5761528915561366,0.165305940183896
"GP-RV IA ERCs",500000,11.69148302078247,"678_visualizing_environmental",26,False,"((((x1/ x0)-x0)+((12.048000*19.474000)-(x2/ 4.696000)))/ 18.648000)",0.38614638313076277,0.37340649219204847
"GP-RV IA ERCs",500000,51.87787938117981,"678_visualizing_environmental",11,True,"16.48078351474193 + (0.07296886350735629 * (((((x0/ 2.563000)-x2)+((x1/ x0)+(7.312000-x0)))-(sin((x0+19.341000))*((x2/ x0)-(8.876000+15.501000))))))",0.5137208230314312,0.3290808238469153
"GP-RV IA ERCs",500000,9.036316156387329,"678_visualizing_environmental",28,False,"((((x2+15.977000)*(12.271000/ x2))+(sin(x1)-(x0/ x1)))+(sin((x0+19.818000))-((x0+x2)/ (15.526000+9.509000))))",0.4704308571197072,0.3621446393254294
"GP-RV IA ERCs",500000,12.662861108779907,"678_visualizing_environmental",27,False,"(12.649000+(sin(11.171000)*((x0+x0)/ (16.396000+14.054000))))",0.3944369929711353,0.33551617080042606
"GP-RV IA ERCs",500000,20.886549949645996,"678_visualizing_environmental",24,True,"12.553172691536853 + (-0.024383286011050425 * ((((sin(x0)-(x0/ 17.048000))+sin((x0+14.363000)))/ (((x2-2.401000)/ (16.373000-x2))/ (x2-(x1/ 7.340000))))))",0.5173072140412619,0.2442722298693979
"GP-RV IA ERCs",500000,10.200442790985107,"678_visualizing_environmental",28,True,"10.298087125785088 + (-0.005539744361595437 * (((((x0*9.187000)+(x0-x1))-((9.807000*x1)/ (x0-5.457000)))-(((19.180000*x2)/ (x1-18.332000))-((x2-14.322000)*sin(x2))))))",0.5690920089813656,0.15177641064383451
"GP-RV IA ERCs",500000,14.417521953582764,"678_visualizing_environmental",27,True,"12.66072945600344 + (-1.0963223688931567 * (((((x0+x0)/ (16.749000+11.332000))-((x0/ x2)+sin(x0)))-((sin(x1)*sin(x2))+sin((4.365000+x2))))))",0.5171577688565556,0.4029389881098855
"GP-RV IA ERCs",500000,36.171687602996826,"678_visualizing_environmental",18,True,"16.978391720784593 + (-1.4399253516226793 * (((((x0+x2)/ (10.168000+14.619000))-sin((8.779000-x0)))-sin(((x1+19.070000)*sin(x2))))))",0.5561535562547211,0.10976989842391349
"GP-RV IA ERCs",500000,41.07235074043274,"678_visualizing_environmental",16,True,"14.36917708871374 + (-0.05262667934581011 * (((((19.946000*5.680000)/ (5.195000-x0))-((5.109000*7.410000)/ (x1-18.736000)))+(((x0+11.318000)-sin(x0))-((x1/ 5.216000)-x2)))))",0.5174853983542271,0.3550566043685953
"GP-RV IA ERCs",500000,12.410994291305542,"678_visualizing_environmental",29,False,"(12.810000+(sin((x0-5.379000))-((2.808000+x0)/ (11.202000+5.198000))))",0.42598822582880025,0.47075934873356573
"GP-RV IA ERCs",500000,30.67348837852478,"678_visualizing_environmental",23,False,"(12.847000+(sin(x0)-((x0/ 12.127000)/ (14.065000/ 12.653000))))",0.4723615961607177,0.24009650882774247
"GP-RV IA ERCs",500000,42.0006377696991,"678_visualizing_environmental",25,True,"15.820516405792546 + (-0.0004042574983932471 * (((((x0+x2)-sin(x0))/ ((4.562000-x0)/ (x0-7.175000)))*((sin(16.833000)*(16.373000/ x2))*((12.712000*x2)-(x2+x1))))))",0.5508836197593832,-3.6352403094519428
"GP-RV IA ERCs",500000,42.16807818412781,"678_visualizing_environmental",26,True,"14.902093842118912 + (-1.2960243057981855 * (((((x0+x2)*sin(9.391000))-(sin(x1)-(18.101000/ x1)))-(sin((10.787000/ x0))-sin((11.540000-x0))))))",0.5068494600290203,0.335237049369572
"GP-RV IA ERCs",500000,38.77119302749634,"678_visualizing_environmental",29,True,"17.989707277457157 + (0.02067311322138143 * (((((20.309000/ x2)*sin(x0))-((15.210000-12.673000)+(17.830000/ x1)))*(((x2/ 2.949000)+(x0+x2))-((3.590000*x0)/ (x1-18.799000))))))",0.4979731066341404,0.3008963997609655
"GP-RV IA ERCs",500000,62.997347354888916,"678_visualizing_environmental",22,False,"((((11.128000/ 2.783000)/ (10.618000*9.860000))/ ((3.907000/ 6.631000)/ (17.493000-x0)))+((sin(x0)-(x2-x2))+((3.445000*3.026000)-sin(16.891000))))",0.47455919731415264,0.2323435433081259
