alg_name,max_evals,time_seconds,problem_name,run,linear_scaling,sympy_expr,r2_train,r2_test
"GP-RV IA",100000,6.143095016479492,"1028_SWD",21,False,"((((x2/ 2.017171676531902)/ 3.085176418444129)*(3.084135962874049-sin(x9)))+2.8655646182167924)",0.31572675946106654,0.2877152933877213
"GP-RV IA",100000,6.602751731872559,"1028_SWD",3,False,"(((x2/ 2.4681249035027264)+2.433660175408892)-(sin((2.433660175408892*3.957995234370311))*x9))",0.3185133907963007,0.2675138579966879
"GP-RV IA",100000,6.479394197463989,"1028_SWD",8,False,"((((x2+x9)/ 3.1194348542062493)+4.666520113233838)-(4.7629883926361725-2.49475433844346))",0.31635006540306165,0.26415436908843004
"GP-RV IA",100000,6.641256809234619,"1028_SWD",4,False,"(4.51089521299839+(sin((1.528003317535463*4.8324116044500744))*((x2-4.850802802329798)/ (x2+x4))))",0.3026955614817882,0.2692798731409821
"GP-RV IA",100000,6.70182466506958,"1028_SWD",6,False,"(3.057005042370874+(x9/ ((4.964054996414091/ x2)+(1.0414008060635895/ x7))))",0.3098265876320847,0.3090463129481591
"GP-RV IA",100000,7.148254632949829,"1028_SWD",11,False,"(3.207242662363656-(((x2*x9)*(x8+x7))*sin(3.170823624622591)))",0.31104337942197524,0.378070298836639
"GP-RV IA",100000,7.288770437240601,"1028_SWD",12,False,"(4.2941057654931-(((5.473032754363316-x4)/ (x2*3.17208585065072))+sin((3.204356226894208*x8))))",0.32332060618190706,0.2863846216429379
"GP-RV IA",100000,7.364758491516113,"1028_SWD",10,False,"(4.395557634760212-(((5.610835404061522-x4)/ (x2*2.834049482367385))*(sin(4.395557634760212)*sin(4.395557634760212))))",0.2787780492710741,0.36929108300428926
"GP-RV IA",100000,7.288872957229614,"1028_SWD",20,False,"(3.3768072732834242-sin((2.473581865921487+(x2/ 1.8612193184685315))))",0.27591028768608394,0.2214369462024235
"GP-RV IA",100000,7.90418553352356,"1028_SWD",1,False,"(((x2/ 2.6344063689457884)+3.59333625737391)-(((4.602783009745788-x9)-sin(5.418561384754001))/ ((x8/ 2.6344063689457884)+(x4+x7))))",0.3810016963640488,0.2681802763377864
"GP-RV IA",100000,7.6676106452941895,"1028_SWD",14,True,"2.0775238638085547 + (0.15262647210538066 * (((((x9+x4)-(2.9143292173506543/ x2))+(x7+(x6+x2)))+x8)))",0.3806825386999515,0.43459722635659226
"GP-RV IA",100000,8.031752109527588,"1028_SWD",2,False,"(3.113973369461893-((sin(x9)-(x3*x2))/ ((x3*2.097169850056069)+(3.480302693890733-x9))))",0.32076647762178,0.3405891603864766
"GP-RV IA",100000,7.932977199554443,"1028_SWD",14,False,"(2.790504438350502+(((x2/ 3.058877095346908)/ (2.6052717073875415/ x9))-(sin(3.5603682999350195)/ (2.6052717073875415/ x4))))",0.31381627385649935,0.38579082603354686
"GP-RV IA",100000,8.177392721176147,"1028_SWD",3,True,"1.2093118524308606 + (0.16651077734072411 * ((((sin(x2)+(x6+x4))+((x7+x8)+(2.044064794515609*x2)))+x9)))",0.40655325086601346,0.38031114473436023
"GP-RV IA",100000,8.008569240570068,"1028_SWD",15,False,"((((x2+x9)/ 3.0881126681549436)+4.918002528987785)-(6.194768771253397-3.6822867048913217))",0.3152255378035459,0.2611406694602807
"GP-RV IA",100000,8.13089108467102,"1028_SWD",7,False,"(((x2/ 1.2484334389284504)/ (sin(x8)+(4.460848895233829-x9)))+3.134860063633324)",0.33437223957656836,0.3311905859907909
"GP-RV IA",100000,7.9983484745025635,"1028_SWD",19,False,"(4.133034761495435-((sin(3.036772450824037)*(5.569971123503751-x4))*((3.083902551981902-x2)/ sin(x5))))",0.2992702706035417,0.29334326170272707
"GP-RV IA",100000,8.162876844406128,"1028_SWD",20,True,"2.7832359727063594 + (0.7133627522623437 * ((((x2*2.5671567847009715)+((x8+x7)+(x4-5.845746949988875)))/ ((1.5488245244620167+(x2/ 1.8202555420762727))-(x9-3.7433437511855847)))))",0.4243720240211918,0.3553519273942204
"GP-RV IA",100000,8.181582689285278,"1028_SWD",21,True,"2.5776123515116582 + (-0.1427765952587481 * (((((5.013351532100461/ x2)*(3.376443274991807-2.7419909034887606))/ sin((2.0679604291695846+5.197698876533156)))-(((x4+x6)+(x8+x2))+(x9/ (2.0679604291695846/ x7))))))",0.3979776735038346,0.40658486206786226
"GP-RV IA",100000,8.683624505996704,"1028_SWD",18,True,"2.34730812445823 + (0.15285111916500538 * (((((x2-0.7854270136933517)+(0.7854270136933517*3.26873655236846))+((0.7854270136933517*3.8603483221341923)-(3.4582623193153816-x9)))+(((x8/ 0.7854270136933517)+(x4-3.4582623193153816))+((x7+x6)-(2.9306788020448065/ x2))))))",0.4087594443910997,0.3710447485511763
"GP-RV IA",100000,9.156534433364868,"1028_SWD",4,True,"3.945799619743009 + (0.27969249974018706 * (((sin((3.659498076194724+x9))-((x8+x7)*sin(3.6992584374766198)))-(((3.1670974984457363-x4)+3.1670974984457363)/ x2))))",0.3944952325414821,0.4086600149780151
"GP-RV IA",100000,9.11769723892212,"1028_SWD",11,True,"2.5421602090196633 + (-0.2654443951698544 * (((sin((x8+x7))-((x6+x4)/ (4.4975738286120395/ x9)))-x2)))",0.3769698592027164,0.4490951124945872
"GP-RV IA",100000,9.010141372680664,"1028_SWD",17,False,"(((x9*(x2/ 2.8376755015414985))/ 2.4848254605256113)+3.1190074236961727)",0.30239438474308467,0.282330580420717
"GP-RV IA",100000,9.375516653060913,"1028_SWD",2,True,"2.447247802912875 + (0.07116121848696211 * (((1.7355834803960795*((x2*x9)+(x6+x8)))+(((x4*x7)*(x1+x5))/ ((2.9455670790052504+x2)-(x5/ 2.9455670790052504))))))",0.3920506008214758,0.42164725286901383
"GP-RV IA",100000,9.498021364212036,"1028_SWD",1,True,"2.7586148188847415 + (0.05959160661638876 * ((((2.1144160765486726/ (2.468309211540168/ 2.915507273208816))*((x2*x9)*sin(0.906673313351888)))+(((x4*x7)*(2.1144160765486726-0.906673313351888))+((x8*x1)+(x6-4.468322205432684))))))",0.4187674588274628,0.2907964587481572
"GP-RV IA",100000,9.311220645904541,"1028_SWD",13,False,"(4.806385859792047-(5.984773573383124/ ((x2*x4)+(2.9614177733621125/ 1.3693951884255573))))",0.30870623972385824,0.2862564965470741
"GP-RV IA",100000,9.45010256767273,"1028_SWD",7,True,"3.1494085803157033 + (0.1798045754607218 * (((((x3/ 1.692500789467083)*x1)/ (x8-sin(3.918259649375595)))-((sin(x0)+(5.4130633926495495/ x2))-(x8+(x4+x9))))))",0.39968848221439945,0.33034625269637174
"GP-RV IA",100000,9.344573259353638,"1028_SWD",16,False,"((((3.55330267216058*2.2293483116436636)-(3.55330267216058+2.9262659766963535))+((4.194631965081128*3.7303144531456605)+x8))/ (((3.55330267216058+3.55330267216058)*(2.2293483116436636*3.7303144531456605))/ ((x7+4.194631965081128)+(3.3791577306391893+x2))))",0.2689303376620401,0.2487100613906732
"GP-RV IA",100000,9.633135795593262,"1028_SWD",13,True,"2.2692186486269867 + (-0.02419437833822001 * (((((x9+x2)*(2.3110251359151825-2.9401607885189636))*((x7*3.4532234615944124)+(2.6665342562758525*x6)))-(((2.3110251359151825/ 2.3110251359151825)*(x5/ x7))+((x1+x4)*(x8+4.3030090496605125))))))",0.39786135184218807,0.3372624011365254
"GP-RV IA",100000,9.574117422103882,"1028_SWD",18,False,"((((4.172804706733916/ x0)*(4.062807706202243-4.062807706202243))+((4.626436667098162-3.40011627723148)+sin(4.172804706733916)))*(((x0+4.172804706733916)+(x2+x9))-sin((4.626436667098162+x0))))",0.29972441124538884,0.324949698145683
"GP-RV IA",100000,9.683164834976196,"1028_SWD",9,True,"2.425788433070157 + (-0.058837776167402295 * (((((5.804676112037457/ x7)-(x3-2.6499229824984556))-((x9+1.9741971887929277)*(x1+x2)))+(((x0*x6)+(3.5616512843873034*x4))/ ((3.8289490028493067-5.804676112037457)+sin(x1))))))",0.38371555681753644,0.4168043329825254
"GP-RV IA",100000,9.925441980361938,"1028_SWD",0,True,"3.401998194233202 + (-0.06389692892297688 * (((((3.419681541239167/ x2)*(4.5315019171898925-x2))+((x3+4.212258601447111)-(x7*x9)))-(((x4*x3)+(x7/ 2.269243684133178))+((x8*x6)+(x0+x1))))))",0.4370035933168862,0.312071692073257
"GP-RV IA",100000,9.804219961166382,"1028_SWD",5,False,"(4.566322672374617-((3.3707751401017045+(x4/ x9))/ ((1.38124678970918+x4)*x2)))",0.3298130631991746,0.2965559873440675
"GP-RV IA",100000,10.022331237792969,"1028_SWD",0,False,"(sin(((x0*x9)/ (5.3784950274323355+x2)))-((sin(5.3784950274323355)*(5.182876619939888+x2))/ 1.7610653679530235))",0.3521202831332577,0.23829242200543588
"GP-RV IA",100000,10.229639768600464,"1028_SWD",5,True,"1.675611215828239 + (2.682035392460681 * ((((x2*3.8326393237128036)+((x7+x8)+x4))/ (((x6/ 7.994391491240192)-2.570900702765164)*(x9-(7.994391491240192+x2))))))",0.4202807310290222,0.36964165876893695
"GP-RV IA",100000,10.088235855102539,"1028_SWD",19,True,"2.2892501353680874 + (0.06574580530716383 * (((((3.5804037522245875*3.7677091445061723)/ (2.10145851510764/ 3.508083721488554))*((x2*x9)*sin(3.0696675149771857)))+(((x4*x0)+(x2+4.831600654652105))+((x7+x6)+(x1-3.0696675149771857))))))",0.4034462613333565,0.31251020741580415
"GP-RV IA",100000,10.246673583984375,"1028_SWD",9,False,"((sin((x4/ 4.727109496547731))+((x9/ 2.973566229730487)/ (2.6934523285070426/ x2)))+2.7397292129344706)",0.3270875464021017,0.3646294857004111
"GP-RV IA",100000,10.734193325042725,"1028_SWD",6,True,"2.12679730409848 + (0.15270752981884142 * (((sin((4.31378811228394/ x2))+((x7+x8)+sin(3.3021346941280454)))+(((x0+x1)+(x2+x9))-((5.100696584970925+x0)/ (x3+x4))))))",0.39481669942604836,0.3942206813997505
"GP-RV IA",100000,10.720367431640625,"1028_SWD",15,True,"2.3072004433618734 + (-0.17500418203958565 * ((((sin(4.669489205958828)*(x2+x7))-sin((4.823155085512299+x6)))+((sin(x9)-(x8+x9))+((4.14075141228964-x4)-x1)))))",0.4304502629086421,0.2840080304870226
"GP-RV IA",100000,11.011502981185913,"1028_SWD",8,True,"3.256572707980961 + (-0.4294686376325927 * ((((x2+(x2+x7))-((3.9797076745595947/ x4)-(x8-2.8492648742933437)))*sin((sin(2.392902756685981)/ (x9-4.372887592682768))))))",0.3953363741007744,0.39998899475853644
"GP-RV IA",100000,11.162903785705566,"1028_SWD",10,True,"2.815318887197238 + (-0.24153345206815893 * ((sin(((x2/ 3.510453557891929)-sin(3.582437455101589)))*((4.772815133607999/ (x4*x2))-(x8+(x9+x7))))))",0.37797455472626906,0.447122294673584
"GP-RV IA",100000,3.019501209259033,"1089_USCrime",1,False,"(((x1*sin(227.98319678716132))+((221.56896760375173-167.0812586101998)+(209.89510504982837+200.26314914101397)))*(sin(270.9095533222907)*((157.4267000277128+200.26314914101397)/ (x12+223.86319650307155))))",0.7724866991124865,0.7075287481691606
"GP-RV IA",100000,11.510685443878174,"1028_SWD",16,True,"2.3630210998398304 + (-0.10582841947799705 * (((((2.906356683399428/ x1)*(3.231781053516601-x2))+(sin(x0)-(x7*x9)))-(((x4+x6)+(x8+2.7636427247491513))+(sin(2.439492978100126)*(x2+x6))))))",0.4202829031456846,0.36913043926058464
"GP-RV IA",100000,11.706209897994995,"1028_SWD",17,True,"3.038498760411627 + (0.22970313612322624 * (((((x8+x7)*(x4/ 5.304337767440788))-((4.654568664421307/ x2)-5.228950900846112))+(sin((5.668432548559619-x9))+((x0-4.292627796711967)/ (x1*x3))))))",0.4321797840055832,0.32199248870078634
"GP-RV IA",100000,3.6564948558807373,"1089_USCrime",0,False,"(sin(sin((194.66175767847506/ x12)))*(((162.4511215277841+159.17408491002874)-(194.66175767847506/ x8))+(220.4629041333586-sin(204.62008119069296))))",0.8025633481887721,0.7157630651615293
"GP-RV IA",100000,3.2182579040527344,"1089_USCrime",1,True,"312.82674557733736 + (1.2609892530664435e-08 * (((((101.82678392359381+86.31093820816369)*(179.68433166348302-222.98163680816901))+((204.85675841001873-x0)/ sin(x4)))*(((x6+x7)-(x3*39.7265704499987))*((31.575090228518846+x0)+(-27.953462868775034-x12))))))",0.9240626657629429,0.44754882176092314
"GP-RV IA",100000,12.180121183395386,"1028_SWD",12,True,"3.5753127946876524 + (0.21072728378570932 * (((((x7+x6)*(x4/ 4.802291382804034))-((4.1773613056496535/ x2)-x8))+(sin((4.94599449640987*x9))+((x7-2.9463793827719176)/ (x1*x1))))))",0.4465511419092606,0.31812025262752974
"GP-RV IA",100000,4.192302465438843,"1089_USCrime",0,True,"355.67149742241656 + (-0.34304272795876817 * (((((205.79791132217454-293.288057933137)/ (151.43612984539584+x0))*((x1-x5)-x12))+(((x10+x10)/ x9)+((x3/ 194.0763622809954)*x12)))))",0.9239941235912466,0.7877952942176594
"GP-RV IA",100000,3.45387601852417,"1089_USCrime",3,True,"357.51100073868184 + (0.26444526014143294 * ((((261.56061297928187/ sin(355.93200063154495))+((x2*x10)+(261.56061297928187+x0)))-((x12*(189.65496704036752/ 147.14395771787687))+sin((x3-x10))))))",0.9048723424168609,0.7305812759001424
"GP-RV IA",100000,3.5786056518554688,"1089_USCrime",2,True,"379.9356768617828 + (-0.33631766417578063 * ((sin(((x0+5.606048655260167)*(5.606048655260167-x12)))+(((x10/ x9)-(221.64775394399157-x12))+((x3*568.4487120337066)/ (x0+160.23213320334546))))))",0.9427883342578876,0.5239377319160534
"GP-RV IA",100000,3.3868467807769775,"1089_USCrime",4,True,"470.0592129799125 + (0.0029881171234743325 * (((((183.07853701378275/ x9)*(229.38695408120807-229.87553930912344))+((200.0249609031625-294.9471486448759)+sin(x10)))*(((x1+x3)+(x3+x5))-((x2+x0)-(x12+x5))))))",0.9189286993227492,0.3047054594413615
"GP-RV IA",100000,3.4793591499328613,"1089_USCrime",8,True,"274.40953810762096 + (2.541041162973144e-06 * (((((x12+x9)/ (x4-x11))+118.37978881018111)*(((x12+x1)-(x0+x9))*((118.37978881018111-x5)-x12)))))",0.9144777175011863,0.8013086366224818
"GP-RV IA",100000,3.7000908851623535,"1089_USCrime",6,False,"((178.5910860745766*sin((186.36603454641306/ x12)))+((sin(216.48979038822844)-(186.36603454641306/ x9))+((216.48979038822844-x5)-sin(x1))))",0.7288358142599695,0.5109790757324916
"GP-RV IA",100000,4.113166093826294,"1089_USCrime",4,False,"(sin((sin(173.07679122011493)+(211.38236220905904/ x9)))+(((x2*x3)*(217.59869380622757/ x12))+((258.32680094256045-x5)-sin(143.59653025503673))))",0.78904074663064,0.01116035795761261
"GP-RV IA",100000,3.945948839187622,"1089_USCrime",5,False,"(((sin(222.82057203639894)*(x0+x9))-sin((227.06187453705405+x12)))+((sin(x1)/ (x5/ x12))+((227.06187453705405-x5)-sin(x9))))",0.7968449178240801,0.5972855379729309
"GP-RV IA",100000,7.0110392570495605,"1028_SWD",23,False,"(4.212609580802795-(sin(x2)/ ((x1+x0)*(x2/ 3.9909582179223513))))",0.2943505885664731,0.32884714145996385
"GP-RV IA",100000,4.49312686920166,"1089_USCrime",2,False,"(((sin(207.48309063623157)*(x9+197.91870743495804))-sin((177.49234023636174+x12)))+((sin(x7)-(x1/ x9))+((238.86724808898788-x5)-sin(x8))))",0.7588370787694555,0.575742890505976
"GP-RV IA",100000,4.5083441734313965,"1089_USCrime",3,False,"((((x3-188.59061921215223)*(213.18130560993836-211.49477656960056))/ sin(sin(211.49477656960056)))+(sin((211.49477656960056*x5))-((x12-x6)*(x3/ x6))))",0.7926049515958702,0.8382195353923798
"GP-RV IA",100000,3.911421298980713,"1089_USCrime",7,False,"((((303.2784601828441+171.8595403163925)+x0)*171.8595403163925)/ x12)",0.8307738707172597,0.596087130543953
"GP-RV IA",100000,7.058499336242676,"1028_SWD",24,False,"(3.2088443437870784-(((2.6099673460859503-x9)-x2)/ 3.0303984576674283))",0.3273896485281952,0.2235001930349183
"GP-RV IA",100000,3.4804470539093018,"1089_USCrime",10,False,"((((148.46837431211628+148.46837431211628)/ (160.36298169186784+x1))+(x2+(215.60200163097193-x4)))-((sin(215.60200163097193)+(x0*198.71684355156464))/ (sin(198.71684355156464)+(215.60200163097193-x12))))",0.7904650560862595,0.6450760744851624
"GP-RV IA",100000,4.1024980545043945,"1089_USCrime",6,True,"331.3033699342553 + (-299.66934203577193 * ((x12/ (((x7+x0)+(x8-x4))+(x9*(111.85279429358306/ x4))))))",0.9048222562657499,0.711889445470912
"GP-RV IA",100000,3.693854570388794,"1089_USCrime",9,False,"(((sin(x7)+(145.57764580978036+x2))-sin((145.57764580978036+x12)))+((x2-(367.5454923389667/ x9))+((x1-x5)-sin(x4))))",0.7341244594935903,-0.6372823247247119
"GP-RV IA",100000,3.148905038833618,"1089_USCrime",11,False,"((226.49501312972262/ (x5+242.89668099076897))*(228.6278712400834+((x2*x11)-(x3-x1))))",0.7591232749135024,0.785388931430347
"GP-RV IA",100000,4.510361909866333,"1089_USCrime",5,True,"287.5380764650577 + (3.029302714309827e-08 * (((((161.03437512667608+91.4878332661398)+sin(161.03437512667608))*x1)*(((295.9052850293268+x4)-(x10*x2))*((110.1744243852259+x0)+(77.6623733502432-x12))))))",0.8987179341937271,0.7908561534270214
"GP-RV IA",100000,3.9763617515563965,"1089_USCrime",9,True,"382.7189450178274 + (-0.0023453850912822497 * ((141.95351986476425*(((x10*x4)/ (76.5432280625184+x9))+((x3+x12)-(x0+x11))))))",0.943998212403484,0.5446785831602596
"GP-RV IA",100000,4.536159515380859,"1089_USCrime",7,True,"249.4591957957663 + (-2.1672379976787006e-05 * (((sin((112.65730532773104+259.047472230946))+((163.38212317528854--2.9832560935317076)*(x4*55.94153604436303)))+(((259.047472230946-123.62731816996212)-(x1*x1))*((163.38212317528854+x0)+(163.38212317528854-x12))))))",0.9063795367502903,0.6439668217170563
"GP-RV IA",100000,4.610065221786499,"1089_USCrime",8,False,"(((x1+(x0+356.4841309963677))+(sin(228.19659708990952)-(272.91428945171185-219.2030608621422)))*sin((190.45966128528372/ x12)))",0.779902094366963,0.772453289094728
"GP-RV IA",100000,2.84914231300354,"1089_USCrime",13,False,"((90.46002139925359-((x12/ 66.42324316005349)-(66.42324316005349*x2)))+90.46002139925359)",0.6778620371021998,0.32045965896495676
"GP-RV IA",100000,3.820577621459961,"1089_USCrime",10,True,"476.7641523761209 + (0.338880867398159 * (((x11+((x12/ 218.22936948983164)/ sin(x4)))-((275.66603088513205/ x9)+((x3+218.22936948983164)+x12)))))",0.9171546281126507,0.7119991352960979
"GP-RV IA",100000,3.579308271408081,"1089_USCrime",12,False,"((((220.42109737117735/ 282.8746793064834)-(222.67879656326403*164.32604804281627))/ ((208.4125044316508/ 187.4646323044972)-(137.99147068291032+x4)))-(((x9+x2)-(215.08153961538704*x9))/ ((x6+208.4125044316508)+(220.42109737117735*x2))))",0.7549152718253661,0.6211104514096923
"GP-RV IA",100000,4.314582824707031,"1089_USCrime",11,True,"339.2660791858255 + (-0.0017824871991700708 * (((sin((120.83140116174032*150.51509414936217))-((x3*x12)*sin(201.9003684520669)))*(((x12/ x0)+(120.83140116174032-94.08467456805187))*sin((220.7448136107879*150.51509414936217))))))",0.9041642120835556,0.7007592102109197
"GP-RV IA",100000,8.930497646331787,"1028_SWD",22,True,"2.9938758184182483 + (-1.775626764374099 * ((((x2*2.3224419806944585)+((x8+x7)+(x4-5.473725922774382)))/ (4.434103154115517*(x9-5.473725922774382)))))",0.3817964542678576,0.4200082096893746
"GP-RV IA",100000,4.020814895629883,"1089_USCrime",12,True,"363.76508493395517 + (0.3750675911715978 * ((((x6+(212.10531515416451-199.90921823270742))/ ((254.20910773108378-x9)-(x6-278.1088346386303)))-(((x8+x0)*sin(188.04194888314365))-(sin(217.76235731597814)*(x5+x12))))))",0.8885551136455319,0.6769573476704661
"GP-RV IA",100000,9.051941871643066,"1028_SWD",22,False,"((((3.0246540425416164/ 4.287581490284606)-(4.57900602083376-3.823234824551454))+((4.287581490284606-4.287581490284606)+sin(2.749157026335981)))*(((4.57900602083376+3.772397380584526)+(x2+x9))-((3.0246540425416164+x9)/ (x4+x7))))",0.3467533953681836,0.3875655028887378
"GP-RV IA",100000,3.721191883087158,"1089_USCrime",14,False,"((((224.38193380158262+178.98192110277904)+sin(x9))-((279.49912885144613+x12)*(197.4948976242427-197.23203761486505)))+(((177.03951983411608/ x5)+sin(160.79402796163384))-sin((x8-134.76842411317057))))",0.7665459382196399,0.5974140079754484
"GP-RV IA",100000,3.364238977432251,"1089_USCrime",15,False,"((((195.69831825933602+120.18345021788433)*(x1+x11))/ ((x5+196.20980994507227)+(214.08226210433997/ x9)))-(sin((179.15014427288088+120.18345021788433))*sin((x1-x10))))",0.7002118411859138,0.6972230978284544
"GP-RV IA",100000,9.190792560577393,"1028_SWD",23,True,"2.7179279118947366 + (3.214829762639116 * ((((x2*1.5086974769522974)+((x7+x8)-(2.7807533659316332/ x4)))/ (((x6/ 3.967012641453585)-(3.5698014419437603+1.5086974769522974))*(x9-6.279752366265743)))))",0.4037339522486908,0.39918125027877804
"GP-RV IA",100000,3.944502353668213,"1089_USCrime",13,True,"485.9242563079148 + (0.0057055036590929475 * (((((185.76611577911322/ x9)*(190.1364857157024-190.2082071692939))+((156.29441006417326-208.4224094641165)+(204.38329906166575/ x6)))*(((x3+185.76611577911322)+(x3+x12))-((x11+x0)-(x5+x10))))))",0.9399886559786927,0.7973243194333661
"GP-RV IA",100000,8.327595710754395,"1028_SWD",26,False,"(3.4357410447726027-sin((2.400252862194459+(x2/ 1.8933132138435615))))",0.3032072548526136,0.1203638045457951
"GP-RV IA",100000,3.741729259490967,"1089_USCrime",14,True,"271.5297698871678 + (-0.0002683869767053194 * (((((x11+367.2761658051545)/ (x0-x11))*((367.2761658051545/ x9)+(x11*x5)))-(((x12+x5)-(x11+x9))*((250.60983414678412-x12)-(x1+x1))))))",0.919661171537304,0.16447063018077845
"GP-RV IA",100000,3.239948034286499,"1089_USCrime",16,False,"((((188.97700809221553+220.3680614597985)*(x1+x11))/ ((x3+142.99543659407672)+x4))+(sin((x7+x7))+((x0-185.48011864630303)/ (171.53814243496214/ x11))))",0.7894886397926864,0.5294408194450504
"GP-RV IA",100000,2.6312918663024902,"1089_USCrime",19,False,"((((x3*x9)/ (x6-x8))+(230.08841695153762-(234.02378268479367-x1)))/ sin(((x4+x1)/ 230.08841695153762)))",0.7623010692704846,0.10188061866010911
"GP-RV IA",100000,3.439995765686035,"1089_USCrime",17,False,"(51.2450638848145+(224.8824439016054-((277.85708352079354-x12)*sin(269.8365273387665))))",0.7858260810987627,0.6526072298836252
"GP-RV IA",100000,3.7723474502563477,"1089_USCrime",16,True,"367.28754673952113 + (-1.0296667924035654e-05 * (((173.1965261878197-(sin(x10)-(x3-153.1732319829457)))*((164.79504036030377*(x12+x10))+((169.36408737117415*173.1965261878197)*(x5/ x0))))))",0.9422537270416077,0.7108153725599236
"GP-RV IA",100000,9.204915761947632,"1028_SWD",25,False,"(3.116844006174437-(sin(sin(3.434223549703034))*((x9+3.116844006174437)-(4.838067890275694/ x2))))",0.34079025796109963,0.17777500814573655
"GP-RV IA",100000,9.528274774551392,"1028_SWD",24,True,"2.5404645683104268 + (0.051322159478340394 * (((((3.386891014733667*2.7500250575069374)/ (3.65619219239651/ 2.225272803326584))*((x2+x9)-sin(x8)))+(((x4*x0)+(x7*2.7500250575069374))-((2.225272803326584*3.386891014733667)+(x9-x1))))))",0.4169138262599966,0.2702164359212218
"GP-RV IA",100000,3.373490571975708,"1089_USCrime",18,False,"((sin((179.13469219605034/ x12))*((x11+x0)+(221.14172071434155+221.14172071434155)))+(sin(x3)/ sin(172.8986935118199)))",0.83825801852188,0.7585037728663592
"GP-RV IA",100000,8.782547235488892,"1028_SWD",28,False,"(5.453265440564953+(sin(4.423933088049334)*((4.8485293051346625+1.5849869304004396)/ (x2+1.8168179136408737))))",0.26628579953164877,0.25855861686092385
"GP-RV IA",100000,3.119086503982544,"1089_USCrime",22,False,"((((187.93255811020796+225.90472075586513)*(200.54413134760117+x11))+(x9*(x0-80.26451108616854)))/ x12)",0.8100706952076439,0.7414914874061049
"GP-RV IA",100000,8.861196756362915,"1028_SWD",28,True,"4.672789780829078 + (0.02086978287918432 * (((((2.378275571924533*3.0977720155934123)/ (3.8898208447113976/ 4.524952490064227))-((x2*x9)*sin(2.378275571924533)))*(((x4+x2)+(x6-4.911746445986258))-((3.0977720155934123*3.0977720155934123)+(1.416336761483395-x1))))))",0.3876473391602975,0.35649857496916315
"GP-RV IA",100000,9.583739757537842,"1028_SWD",25,True,"1.3656244850461148 + (0.10512735586099405 * (((((2.3819666110349713*1.9746659039475702)-(3.161961206282855/ 3.161961206282855))*((x2+x9)*sin(2.3819666110349713)))+(((x4*2.4401318014608746)/ (4.541984117180176-x8))+((x7+x6)+(x1+3.426555922276953))))))",0.41332162076373025,0.3105659043837803
"GP-RV IA",100000,3.65364146232605,"1089_USCrime",17,True,"324.0965233783218 + (-0.0015178300982411563 * (((((x12*238.07621413699312)-(x0*206.9082078209046))*sin((260.6147532799835*206.9082078209046)))+(((x1-x3)+(x11+x11))*(sin(x2)*(x5-238.07621413699312))))))",0.9178850244885831,0.6123458795185486
"GP-RV IA",100000,3.3453025817871094,"1089_USCrime",21,False,"((((127.16446443879425+367.9704337108913)*(227.33377796026966+x11))/ ((x12+137.20465942942675)+(x12/ x9)))+sin(((216.996340879569*x0)+(265.01970642562435-367.9704337108913))))",0.8373164203882719,0.3518955079082431
"GP-RV IA",100000,3.6703994274139404,"1089_USCrime",19,True,"305.26059377897076 + (0.00022066643430744104 * (((((298.0633442503789+x3)/ (x0/ x11))*((x8-291.12804905895115)+sin(108.32261636765045)))-(((298.0633442503789+x12)-(21.141667659536992+x9))*((x12-x0)+(x1+x5))))))",0.8982846518667629,0.4488606120260974
"GP-RV IA",100000,3.2247185707092285,"1089_USCrime",23,True,"453.8484440307089 + (0.0056643978175618444 * (((((233.5999673553194-236.53014685866358)-(x3*190.14851834634376))+((x12+x0)*44.09121239423585))+(((233.5999673553194+148.5426821668504)-(100.74352365487884*x12))-((233.29973392796617-x7)*sin(x1))))))",0.8679385268757263,0.8791013294494273
"GP-RV IA",100000,3.7867801189422607,"1089_USCrime",20,False,"(200.25790529675476-(((154.45793998623677-167.11674901605357)+(173.10462782888055/ x8))+((230.29142764089994-169.35359878930657)+(x4-x1))))",0.7467975687741604,-0.11540549277769552
"GP-RV IA",100000,4.862499475479126,"1089_USCrime",15,True,"302.31035925104266 + (0.00012278499401409445 * (((((206.19167567166969*49.13366159760939)/ (359.66846127082806-210.78736415109987))*((x3*x12)*sin(210.78736415109987)))+(((97.98168653909656*x0)+(x2*x7))/ ((218.15501091093057-213.45511624798223)/ (213.45511624798223-x5))))))",0.9037495130406948,0.7673983177833206
"GP-RV IA",100000,3.9943125247955322,"1089_USCrime",18,True,"406.6465112820293 + (-0.1968061277641521 * (((((x7+204.7373669895232)/ (x4-x11))+((x3-x0)+(232.51116747309365+x12)))+(((x12-204.7373669895232)/ (303.3656839986513+x9))*(sin(204.7373669895232)+(x1+204.7373669895232))))))",0.9316683573968466,0.7467299956947343
"GP-RV IA",100000,3.8193001747131348,"1089_USCrime",20,True,"280.973961595104 + (0.0004195070490600347 * (((((205.67419780059018*x12)-(x7*x1))+((x9-x12)*(x12-x0)))+(((147.9635147203047*x6)-(x5+x8))-((458.87171321058804+261.8229477650439)*x4)))))",0.8776691430062067,0.8118548883312368
"GP-RV IA",100000,3.888110399246216,"1089_USCrime",21,True,"124.25438005068179 + (0.0027587593526844515 * ((((84.4304027291577/ sin(x11))+((x6-290.9612380685829)+(84.4304027291577*x7)))-((x12+(x7/ x0))*x3))))",0.9048515649579346,-0.11901398419711828
"GP-RV IA",100000,3.8186216354370117,"1089_USCrime",22,True,"266.77581965127746 + (0.09121267859773467 * (((((x7/ 139.88706936124106)/ (x4-x11))*((x9-361.042091952664)+sin(221.62509404463154)))-(((x12+x11)/ (171.5070019488632+x9))*((x12-221.62509404463154)+sin(171.77987227398137))))))",0.911616941134967,0.6990938978103749
"GP-RV IA",100000,3.7175629138946533,"1089_USCrime",24,False,"((((182.19191288846568+132.23943024311873)*(141.83735171343972+x11))/ ((x5+200.30156975122165)+(193.31747969346122/ x8)))+(sin(141.83735171343972)*((x5-x9)/ (x10/ x11))))",0.7797009736860094,0.5624935487666091
"GP-RV IA",100000,9.987378358840942,"1028_SWD",27,True,"1.8797877044128397 + (0.23620088769048286 * (((x9+x2)+(((x8+x4)+(x7-2.740138136007508))+(sin(x4)-(0.5871123205860473/ x0))))))",0.39149646915681835,0.3248379213175664
"GP-RV IA",100000,3.4679245948791504,"1089_USCrime",25,True,"457.8660510938066 + (-1.3568830218527719e-05 * (((sin(sin(225.02771919402318))*((153.98031476956473-x2)-(x2/ x11)))*(((222.70747698623867*x0)-(259.48024916494705*x12))-((x3*x1)/ sin(222.70747698623867))))))",0.8726530850951538,0.8095857738443359
"GP-RV IA",100000,3.969085454940796,"1089_USCrime",23,False,"((((x7/ x9)-(164.8407289927709*209.44778693118272))/ ((225.61813933784325/ x3)-(120.75978161271054+x4)))-(((157.8423805413639+120.75978161271054)-(225.61813933784325*x9))/ ((x6+209.44778693118272)+(x9*x2))))",0.7295593481980303,0.7773879655244095
"GP-RV IA",100000,3.469616413116455,"1089_USCrime",26,False,"((sin(sin(x7))/ sin((183.21309573996652-x12)))+((x2-(199.8555390475515/ x9))+((288.75615862435603-x5)-sin(288.75615862435603))))",0.7060399047919101,-0.2320155349986075
"GP-RV IA",100000,3.239459276199341,"1089_USCrime",27,False,"(125.27932427994476/ sin(((x4+x3)/ (178.38501456357767+x0))))",0.6822104512809801,0.6370021891311264
"GP-RV IA",100000,3.8092634677886963,"1089_USCrime",24,True,"493.12234563057274 + (0.3703518981342246 * (((((x0-x3)-(x1-x2))-x12)-(246.1288143192035/ ((x9+347.92088313760803)/ (x1+x5))))))",0.9004537444336531,0.7497230192362614
"GP-RV IA",100000,10.133661031723022,"1028_SWD",29,True,"2.974872797120979 + (-0.13028429153217508 * (((((4.13862378354702-x1)*(2.768051179267459-x2))+(sin(x9)-(x7+x9)))-(((x4+x6)+(x8-3.2073855928864714))+((x0*2.8185459312603394)/ (2.9090601697231144+2.8185459312603394))))))",0.40648203507639824,0.43929952797825833
"GP-RV IA",100000,2.849102258682251,"1089_USCrime",29,False,"(128.2451326472393/ (((x3+x5)/ 245.59317217466588)*((197.36161504469482+x3)/ (x0+245.59317217466588))))",0.8559415493458585,0.717677757133962
"GP-RV IA",100000,4.079693555831909,"1089_USCrime",25,False,"(115.01135927517035/ sin(((x3+x5)/ (x2+279.61925686515457))))",0.6703225273513509,0.6514678180971807
"GP-RV IA",100000,3.2087810039520264,"1089_USCrime",28,False,"(122.2900227584674/ sin(((x3+x5)/ (x1+122.0437649908828))))",0.7181589346659214,0.6410165848420684
"GP-RV IA",100000,11.095847129821777,"1028_SWD",26,True,"2.4235797087462014 + (0.18559780475528684 * (((((x6+x2)*(x7/ 4.25656470818874))-((4.255642888786899/ x2)-(x8+3.742823803985168)))+(sin((5.404890825577695-x9))+(x4/ (4.839247476540737/ 4.25656470818874))))))",0.43968818890027284,0.24976938946407867
"GP-RV IA",100000,3.3497653007507324,"1089_USCrime",29,True,"265.4402236354551 + (0.33651613750148546 * ((sin(((227.91180881010226*297.66154468919757)/ (x3*132.16368823648952)))*((262.181534196851/ x9)-((330.73348592303967-x11)-x12)))))",0.8851476651437369,0.7124696469174515
"GP-RV IA",100000,11.295865058898926,"1028_SWD",27,False,"((sin((3.107676826695027/ 3.107676826695027))+((4.82062803616641-4.390511714168504)+sin(4.390511714168504)))*(((4.4031202537035545+4.82062803616641)+(x2+x9))-((4.390511714168504+2.683082065098668)/ (x8+x7))))",0.36307811722871375,0.3171160877362367
"GP-RV IA",100000,3.752741575241089,"1089_USCrime",27,True,"360.6892496050259 + (0.16205015534416392 * ((((sin(x10)*sin(146.76761559495554))*x4)-(((x12-x8)+x12)-((x11-x3)+(x1*x2))))))",0.9088721093418198,0.7452963889121724
"GP-RV IA",100000,4.669309139251709,"1089_USCrime",26,True,"277.7782536802022 + (0.2964507009244328 * (((((x0+x6)/ (284.1988542543353/ 101.13741713560903))-((x3/ x8)-sin(x10)))-(x12-((x10*x2)-(158.1011622627901/ x9))))))",0.9238149384651198,0.724712875784965
"GP-RV IA",100000,3.872860908508301,"1089_USCrime",28,True,"281.7938114856007 + (-0.05894122679950585 * (((sin((35.21597561038408/ 35.21597561038408))/ (x11+(x6+x0)))*(((x9+212.8224999864982)-(x3*35.21597561038408))*((x10*x2)+(152.37966801883402-x12))))))",0.89643544998084,0.8983214784859894
"GP-RV IA",100000,11.954073429107666,"1028_SWD",29,False,"((sin((2.185171545031107/ 4.397184406660005))+((2.185171545031107-3.344128946167213)+sin(1.6189456398552275)))*(((4.699379695400364+4.699379695400364)+(x2+x9))-((4.397184406660005+x9)/ (x7+x8))))",0.3545657664000148,0.372609724834166
"GP-RV IA",100000,19.200440645217896,"1193_BNG_lowbwt",8,False,"(3281.7085178255043-(((x5+2356.7384184888215)*(x0*3263.4116458075823))/ ((2770.6891626502634+3232.0848848999276)+(x7*1011.3232599660068))))",0.5441892101175517,0.5306003553252683
"GP-RV IA",100000,20.747456550598145,"1193_BNG_lowbwt",7,False,"(3283.5097111407945-((2400.250181906929*(x0*2400.250181906929))/ ((877.8191098218921*x7)+(x8+4386.241837865573))))",0.5445878155656265,0.5273278749446122
"GP-RV IA",100000,20.734511375427246,"1193_BNG_lowbwt",12,False,"(3287.2575691854177-(((3287.2575691854177+1951.1061690365602)*(x0*1290.11455641644))/ ((2821.0486413010813+3025.514843076908)+(x2*x7))))",0.5394219642682543,0.531022345722631
"GP-RV IA",100000,22.658983945846558,"1193_BNG_lowbwt",3,False,"(3291.692379760109-(((607.1619240322657+371.33530172181474)*(x0*607.1619240322657))/ ((2918.146343796269/ x1)+(x1+371.33530172181474))))",0.5319558034217744,0.5501738661062732
"GP-RV IA",100000,22.248595237731934,"1193_BNG_lowbwt",10,False,"(3290.3795479995756-(((x5+1137.666111902494)*(x0*2481.016308340162))/ ((4215.462700095874/ x1)+(x0*2238.52502968547))))",0.5473069556453021,0.503660322644381
"GP-RV IA",100000,21.584306478500366,"1193_BNG_lowbwt",17,False,"(3292.612590034746-(((x5+1006.2562191324365)*(x0*4430.410967286377))/ ((4430.410967286377/ x1)+(x0*3660.666065877793))))",0.5368427620222298,0.535377614631948
"GP-RV IA",100000,22.209381103515625,"1193_BNG_lowbwt",13,False,"(3280.761036004407-(((x5+857.6232662304803)*(x0*3764.7514827712657))/ (2872.478409474814+(x6*x1))))",0.5390232302848194,0.5297251522328787
"GP-RV IA",100000,24.801809310913086,"1193_BNG_lowbwt",0,False,"(3288.7316588995477-(((x1+2768.5087695137254)*(x0*3288.7316588995477))/ ((3288.7316588995477+4246.797559728068)+(x7*792.7241115735648))))",0.5435336920726651,0.5284212606319583
"GP-RV IA",100000,22.507080793380737,"1193_BNG_lowbwt",14,False,"(3301.061496234046-(((4187.191189770448-2010.999070698331)*(x0*3842.2213605103325))/ ((2412.1777913484157+3778.5373717137672)+(x7*1396.7411357955689))))",0.5433194037174244,0.5293186783425108
"GP-RV IA",100000,22.173686981201172,"1193_BNG_lowbwt",20,False,"(3291.3716453635507+((sin(x0)*sin(1480.1047575713746))/ ((x1-x5)/ (x1*3291.3716453635507))))",0.5370548982479124,0.5420796173388946
"GP-RV IA",100000,23.614699602127075,"1193_BNG_lowbwt",11,False,"((3284.078647811749+x7)-((1148.4468634837162-(x8*x1))*x0))",0.528602555662542,0.5624654297334002
"GP-RV IA",100000,22.57330322265625,"1193_BNG_lowbwt",19,False,"(3283.6769993329035-(((3920.6098061336356+x5)*(x0*1637.818827961894))/ ((903.4085165454968*x7)+(x1+5088.672466472159))))",0.534646555018826,0.5562045421145417
"GP-RV IA",100000,23.1056227684021,"1193_BNG_lowbwt",15,False,"(3278.649677926131-(((x5+2390.183938905645)*(x0*4216.040898023555))/ ((4216.040898023555+3548.03044711278)+(1619.130506056558*x7))))",0.5462930174371444,0.5235104317434294
"GP-RV IA",100000,25.97525954246521,"1193_BNG_lowbwt",2,False,"(3277.6022187567273-(((x1+2246.711785329335)*(x0*3908.5592397195132))/ ((2602.7903014521635+4397.5982882007)+(x7*1180.9415995907723))))",0.5366727904108017,0.5520220638107967
"GP-RV IA",100000,25.402527332305908,"1193_BNG_lowbwt",5,False,"(3277.7512611257916-(((941.2966377253504-x4)*(x0*1155.7427095803762))/ ((x2*x7)+(913.3966419625656-x1))))",0.543257313053688,0.5288063792882054
"GP-RV IA",100000,25.92508101463318,"1193_BNG_lowbwt",6,False,"(3279.7045038908714-(((x5+2079.7334701069576)*(x0*4290.307161322774))/ ((3680.0545797445407+3337.672416659643)+(x7*1171.392594053814))))",0.5359851261887094,0.5546754340085067
"GP-RV IA",100000,25.521851301193237,"1193_BNG_lowbwt",9,False,"(3281.309135755994-(((123.84406196542636+x5)*(x0*1280.2751290704857))/ ((248.1313406401864/ x1)+(x7+123.84406196542636))))",0.5443842751227657,0.5152390700902183
"GP-RV IA",100000,24.95427632331848,"1193_BNG_lowbwt",16,False,"(3285.852503818395-(((1789.446132706886+x5)*(x0*4433.338752230814))/ ((4009.6797736255226+2064.6952151816495)+(x7*1201.8131796519222))))",0.5445422041820515,0.5290319246301773
"GP-RV IA",100000,24.933658123016357,"1193_BNG_lowbwt",18,False,"(3167.766197744586-((sin(4513.150982831743)*(x0*1161.179182724929))-(x2*x7)))",0.5572546890389245,0.5274026201958089
"GP-RV IA",100000,27.147613525390625,"1193_BNG_lowbwt",4,False,"(3254.759251769725-(((x5+1329.2342206744079)*sin(x0))-(x3*(x7*x1))))",0.530909927665243,0.5773010959415623
"GP-RV IA",100000,27.837218046188354,"1193_BNG_lowbwt",1,False,"(3286.138195472623-(((1181.2769730258842+2665.3857857034895)*(x0*1181.2769730258842))/ ((x8*x2)+(x0+3882.4648085155504))))",0.5376558836125717,0.5356609706247011
"GP-RV IA",100000,26.16904640197754,"1193_BNG_lowbwt",16,True,"3181.5582616999814 + (1269.8232197754253 * (sin((((x7-x4)*(x3*3047.464725030328))-x0))))",0.5732339900951633,0.5516862478481581
"GP-RV IA",100000,27.221686840057373,"1193_BNG_lowbwt",12,True,"3187.4024180141214 + (1276.3417170216742 * (sin((((2139.874139328508-543.7902328900424)*(x7-x4))-x0))))",0.5615990235811892,0.5609762518812161
"GP-RV IA",100000,28.808011531829834,"1193_BNG_lowbwt",5,True,"3393.479088976242 + (1394.6151338763148 * (sin((((x7-x4)*sin(3656.975305744196))-((x7/ 2781.0697166694554)+(3656.975305744196+x0))))))",0.5651813633415043,0.5533198404240061
"GP-RV IA",100000,29.817096710205078,"1193_BNG_lowbwt",1,True,"1568555.1431499657 + (113.89168725595798 * ((sin(((4247.899598996786+x7)/ (878.0992856496607+x0)))*(((-117.70594473479741*-117.70594473479741)-(x3-x4))+sin((-117.70594473479741*x5))))))",0.5681097002514937,0.576270841872107
"GP-RV IA",100000,28.132693767547607,"1193_BNG_lowbwt",13,True,"-310504.3199976599 + (-215109627.2529112 * (((((1335.0507116617782+x7)/ 1692.8156445895188)/ ((1533.0962736279653+x4)-(x3-1335.0507116617782)))/ sin(((1614.0002874533047-1321.642339470903)+(x0/ 1533.0962736279653))))))",0.5699263082122474,0.5567809370141994
"GP-RV IA",100000,29.77764391899109,"1193_BNG_lowbwt",4,True,"3089.7032926932757 + (0.3005480497480763 * (((((x8+x8)+(4609.70534681233*x2))/ ((4259.768880243083+x2)-(x7*3727.8612822658974)))-(((x4*475.55637073329194)+(475.55637073329194*x0))-((3637.3441232787454/ 3637.3441232787454)-(3075.8795763888206*x0))))))",0.5522732705146924,0.5938518629803249
"GP-RV IA",100000,29.330260276794434,"1193_BNG_lowbwt",11,True,"119008.75057604568 + (1.6104034465028252e-08 * (((((4285.3267002990015-x8)+(x6+2384.156565453882))*((4269.9216668182935/ 2384.156565453882)*(1285.5000843521002-x3)))*(((x7*985.4128995642373)-(x0*4285.3267002990015))-(684.985804158974*(684.985804158974+x4))))))",0.5628861496185253,0.5856533843016056
"GP-RV IA",100000,27.551626443862915,"1193_BNG_lowbwt",21,True,"-4912402550.330157 + (-1532021.5406806194 * (((((x0+2307.962625796404)/ (2307.962625796404-877.1337474386148))-((2685.2464736277943+701.5131112956053)-(2366.122799120664-2187.0201968237675)))-((sin(x4)-(x7+3001.235388323132))/ ((x3+3001.235388323132)-(4895.606194804866+4895.606194804866))))))",0.5719059467160107,0.556690471520601
"GP-RV IA",100000,32.113540172576904,"1193_BNG_lowbwt",0,True,"3045.7550192751 + (-0.3800629052640584 * (((((7605.548704317756*x0)-(x3*726.5314130404545))*sin((213.546177299513-1545.1912268525602)))+(((213.546177299513/ 8712.913730384942)-sin(3515.090688022011))*((x7*1561.192669860292)-(1561.192669860292*x4))))))",0.573406036273083,0.5482534775414853
"GP-RV IA",100000,30.516501665115356,"1193_BNG_lowbwt",10,True,"-256900.02758904293 + (-0.5684200647894988 * (((((x0+x0)-(x7+1040.5075116568926))-(sin(5831.212338282121)*(x3-x4)))*(439.37375499784343-x0))))",0.5761521354943537,0.5340599570985807
"GP-RV IA",100000,29.785493850708008,"1193_BNG_lowbwt",14,True,"1843220.581009271 + (-643.7689339574954 * (((sin(x0)+(2858.347032353706+sin(x0)))+(((x3*x7)+(x7-x4))*sin((3325.8437172640215-1795.7201250920093))))))",0.5676983228268933,0.5600728798452539
"GP-RV IA",100000,29.87931513786316,"1193_BNG_lowbwt",15,True,"1178259101.5232508 + (-283217.8094829759 * ((((sin(x0)/ (3336.0937332944727-3116.544333634306))-((x3/ 3813.601448263641)-(346.6458836961999+3813.601448263641)))-(x7/ ((883.7364401469767+3116.544333634306)-(346.6458836961999+2456.6586168961785))))))",0.5609378489603672,0.5410083431310408
"GP-RV IA",100000,32.443788290023804,"1193_BNG_lowbwt",3,True,"1576603745.86437 + (535644.2907327099 * (((((x0+2577.135909052284)/ (2003.7222171440185-2577.135909052284))-((2003.7222171440185+1809.1693765381428)-(3451.149520447887-2577.135909052284)))-((sin(x4)-(x7-x0))/ ((x0*3451.149520447887)+(2113.0713685401647+x1))))))",0.5581396759958261,0.5773719679758559
"GP-RV IA",100000,31.977970838546753,"1193_BNG_lowbwt",6,True,"4010.0087356766294 + (-1062.5834034719708 * (((sin((3929.22167029282-x4))+x0)+(((x7*x3)*(x5-x2))/ (sin(3305.1880169452606)*4496.702546046954)))))",0.5654619304047586,0.5743495757187946
"GP-RV IA",100000,30.768763542175293,"1193_BNG_lowbwt",19,True,"1262.4588864471802 + (-0.000615932777372114 * (((((x3*x2)+(3453.4422425518133-x7))*((x7*211.51390176272798)+(1176.1962380577145-x4)))*sin(((211.51390176272798*x0)+sin(3027.69005608131))))))",0.5541335059677235,0.5728983462572821
"GP-RV IA",100000,34.050942182540894,"1193_BNG_lowbwt",2,True,"3169.122268241004 + (-1100.0020600249466 * (sin((((x0*x0)/ sin(1659.6682783208462))+((x2/ 670.8406142900549)*(x4-x7))))))",0.5579565660581505,0.575537995960838
"GP-RV IA",100000,32.90125322341919,"1193_BNG_lowbwt",8,True,"3028.32638612417 + (-2703.02067696929 * ((sin(((-16.03957882864279*x0)-(x2/ 3076.7654989132793)))-sin(((x3*x7)*(x2/ 3332.4141859475476))))))",0.5589847922619581,0.5470367457339308
"GP-RV IA",100000,32.49985980987549,"1193_BNG_lowbwt",18,True,"-168687.1881715287 + (-435.4876147709335 * ((((sin(x0)-146.786072404479)*((1726.1326927583375+x3)/ (-725.3268166649705--1368.4239484881514)))-(sin(sin(x7))/ ((x4+x0)-(1223.7624877106/ -1368.4239484881514))))))",0.5762706329089564,0.5466719035182022
"GP-RV IA",100000,34.735209703445435,"1193_BNG_lowbwt",7,True,"897.210414925134 + (-1077.8131940388425 * (((((x5+3069.526871276908)+(x3*x2))/ ((x3-1533.8578907005826)-(x1/ 1805.331227460823)))-(((x2/ 775.9583276639408)*(x7-x4))-x0))))",0.5728739128559176,0.5526335303450409
"GP-RV IA",100000,33.13967800140381,"1193_BNG_lowbwt",20,True,"-971114.9575700625 + (-1978890.0282330837 * (((((1150.824763058497-x7)-(3176.3913595476724+2023.9547509288911))/ ((4626.6984988116+x4)-(x3-3861.32531860738)))/ sin(((4086.16161506602-2023.9547509288911)+(x0/ 231.1183559271627))))))",0.5667502839000267,0.5646655324625645
"GP-RV IA",100000,33.05242562294006,"1193_BNG_lowbwt",21,False,"((((1115.7957703393222+x7)-(x0*1115.7957703393222))-sin(sin(3953.401343872858)))+(((2109.9637208217755+x3)-sin(2976.3833562411414))+((x7*x2)-(x2*x4))))",0.561820492811816,0.5472421970983706
"GP-RV IA",100000,35.62579798698425,"1193_BNG_lowbwt",9,True,"-534214.7122795879 + (-247687.50762386835 * (((((2332.0915845109403+x7)-(x6/ 52.19944331264719))/ ((3538.5424084343263+x4)-sin(x3)))/ sin(((2332.0915845109403*52.19944331264719)+(x0/ 1537.375716416138))))))",0.5716099841589652,0.5399033696881486
"GP-RV IA",100000,36.88135242462158,"1193_BNG_lowbwt",17,True,"-13254.590034303938 + (1306.9587568655159 * (((((316.5721430122103+x7)-(x0*x5))-((176.59957936847474+x4)-(x3+x7)))*sin(((176.59957936847474--3646.629883385008)+(x0/ 176.59957936847474))))))",0.5718763665718372,0.5606579335729449
"GP-RV IA",100000,20.89813542366028,"1193_BNG_lowbwt",22,False,"(3275.5461111789855-(((x0+2191.350430813632)*(x0*3971.1353523887474))/ ((2783.333149135526+3971.1353523887474)+(x7*1432.5896567505024))))",0.5319728882273903,0.5653592258299505
"GP-RV IA",100000,21.77134108543396,"1193_BNG_lowbwt",24,False,"(3291.6409016466528-(((x1+1484.6655802400485)*(x0*3037.5863650511214))/ ((4170.582665279986+1840.1906832127866)-2033.5292032540306)))",0.5348092098894857,0.5412580378349441
"GP-RV IA",100000,24.30458688735962,"1193_BNG_lowbwt",23,False,"(3281.369589454593-(((x5+1174.0938422956826)*(x0*1174.0938422956826))/ (sin(4176.026224428429)+(x8+1215.7698535354425))))",0.5381873060519535,0.532312549446554
"GP-RV IA",100000,22.210292100906372,"1193_BNG_lowbwt",26,False,"(3282.200055169736-(((1911.3513117152843+2692.2557233318103)*(x0*1911.3513117152843))/ ((4302.193991625207+2692.2557233318103)+(x7*1108.0559211024192))))",0.5354607065921286,0.5553880584480471
"GP-RV IA",100000,21.732006311416626,"1193_BNG_lowbwt",27,False,"(3288.4690156643865-(((3288.4690156643865-2323.2758521422566)*(x0*4001.459772825796))/ ((x8*x2)+3288.4690156643865)))",0.5372107582353649,0.536493685602873
"GP-RV IA",100000,23.76815366744995,"1193_BNG_lowbwt",28,False,"(3280.2528490380073-(((x5+1510.6916528969507)*(x0*6274.187736479973))/ ((3280.2528490380073+4295.345170067595)+(x7*1142.6024592583967))))",0.542297753400427,0.5353071081533836
"GP-RV IA",100000,24.11540198326111,"1193_BNG_lowbwt",29,False,"(3277.764717746357-(((x5+1062.4087244565922)*(x0*4466.660460549298))/ ((2952.9111344014996+722.7887811901512)+(722.7887811901512*x7))))",0.5369777225952654,0.5519397374335157
"GP-RV IA",100000,26.797964096069336,"1193_BNG_lowbwt",25,False,"(3285.769677891188-(((x5+2057.341103306797)*(x0*3954.8773068894875))/ ((3285.769677891188+3180.7217274109125)+(x7*988.941584655109))))",0.5419151489876696,0.5373616660355787
"GP-RV IA",100000,27.744238138198853,"1193_BNG_lowbwt",24,True,"3188.675108552061 + (1288.2136538741645 * (sin((((x7-x4)*1614.936530277922)-x0))))",0.5578499467104481,0.5727353068126048
"GP-RV IA",100000,30.512025117874146,"1193_BNG_lowbwt",23,True,"3193.7433102156156 + (1436.056479557898 * (sin((((x4-x7)*(1652.3876606908993*x3))-sin(x0)))))",0.5668982718795788,0.5675118263181671
"GP-RV IA",100000,29.667752981185913,"1193_BNG_lowbwt",25,True,"-444443.5504758588 + (-870085033133.2208 * (((4125.291314054298/ ((4655.4236252716755-x3)+x6))/ (((x7*794.8528170900075)-(x0*4125.291314054298))-((3250.212068053502+x4)*(4655.4236252716755-4125.291314054298))))))",0.5672749052816973,0.5657201372882524
"GP-RV IA",100000,34.22677493095398,"1193_BNG_lowbwt",22,True,"2965.884657748182 + (318.9562651117218 * ((sin(sin(sin(x7)))+(((x3-x4)*(1120.1651438939696/ 3077.5518802341403))-((3077.5518802341403*x0)/ (x8+918.7810730123256))))))",0.5576446154561141,0.591811346948328
"GP-RV IA",100000,31.14112901687622,"1193_BNG_lowbwt",28,True,"3042.620659763118 + (0.47912355940848544 * (((((x8+627.9611405808325)+(3197.855534317077*x2))/ ((2239.90080124249+x2)-(x7*1715.705164376192)))-(((2329.304877209886/ 2150.980520302055)/ (3197.855534317077*2239.90080124249))+((2239.90080124249*x0)-(-246.03699703470966*x4))))))",0.5650204828829405,0.5529411127737054
"GP-RV IA",100000,30.544151782989502,"1193_BNG_lowbwt",29,True,"2949.944281991237 + (-0.37635658252332493 * (((((1516.7260949471388-2172.8129512258583)*x7)+(sin(x0)*3311.5279956937197))-(((2172.8129512258583+3073.261473783419)-(3393.389600382942+1540.2108511768597))*((x3-x4)-sin(x5))))))",0.5675018526814319,0.5726186610557792
"GP-RV IA",100000,31.865090131759644,"1193_BNG_lowbwt",27,True,"3178.1105977892535 + (1265.6708261076838 * (sin((((x7-x4)*sin(1872.5601740724437))-x0))))",0.561782006589159,0.5611937968798024
"GP-RV IA",100000,31.17917799949646,"1199_BNG_echoMonths",2,False,"((((32.82158503803974-x7)-(x0*17.619284912251906))+sin(sin(4.205110547770158)))+((sin(x3)-sin(17.619284912251906))+((-6.40395848428515*x8)-(x3*x4))))",0.4260631735841116,0.4348950829407333
"GP-RV IA",100000,32.238043785095215,"1199_BNG_echoMonths",0,True,"32.21588765064069 + (1.173318174197873 * (((sin((32.70375567137116-23.01493642186584))+((4.128560409975435/ x5)/ (x7*15.737032952538602)))*(x4+((x8*28.83759468827707)+(x0*x1))))))",0.43309352276593727,0.44487109282001924
"GP-RV IA",100000,30.40675711631775,"1199_BNG_echoMonths",4,False,"((((30.936026676134926-x2)-(x0*19.870004290074466))+sin((18.875139124001265+x3)))+(((7.278126296610788/ x6)-(x8+x8))+((x3-x8)-(x3*x4))))",0.4080205609416442,0.46734957629862695
"GP-RV IA",100000,28.562756776809692,"1199_BNG_echoMonths",6,True,"360.7023679013243 + (-0.01449700841061032 * (((((25.954770033565985+x2)*(x4/ 34.2864657765327))-((x8-x7)-(34.2864657765327*34.2864657765327)))*(sin((37.22844594736465-x8))+((x0+56.56656551221974)-(36.84263456303373-x8))))))",0.44305545429708504,0.39540919529515317
"GP-RV IA",100000,35.248156785964966,"1193_BNG_lowbwt",26,True,"1717.9151498893182 + (-1559.6673365062186 * ((sin(((3053.370741334207+x0)+sin(1782.9342497307268)))+(((x7-x4)*(693.8074207067361-878.1563820048764))/ ((458.3445380168864+693.8074207067361)+563.4798367503117)))))",0.5526351280152186,0.5753588996268759
"GP-RV IA",100000,31.1203715801239,"1199_BNG_echoMonths",4,True,"92.58967348284712 + (8.959787707652865 * ((sin(((16.887752274225175*3.6607891287835024)+(x0-39.04494249725684)))*(sin((x4/ 16.887752274225175))+((x8-49.075377249407055)-(x0-58.5317451635447))))))",0.418251103497813,0.47550866805470526
"GP-RV IA",100000,33.87864685058594,"1199_BNG_echoMonths",1,False,"((((30.256907595898596+x0)-(x0*18.30860945493532))+sin(sin(26.96523304311034)))+(((26.96523304311034/ 27.38722874493696)-sin(x2))+((-7.061439101022252*x8)-(x3*x4))))",0.4168377524642456,0.4573916284985229
"GP-RV IA",100000,29.52713179588318,"1199_BNG_echoMonths",7,True,"41.99662162093416 + (-17.441507105794038 * ((x0+((sin(31.728847067311385)*(x4/ 29.742997090658115))-sin((x8+41.50505767116669))))))",0.43216773378405327,0.421644699312414
"GP-RV IA",100000,29.90286898612976,"1199_BNG_echoMonths",8,True,"211.6852883687662 + (17.204215674845365 * (((((28.495290570779694+x8)*sin(22.39620861294157))+(22.39620861294157/ (25.913169160170753+x4)))-x0)))",0.4340292307536343,0.42686955455428577
"GP-RV IA",100000,33.64760231971741,"1199_BNG_echoMonths",3,False,"((((30.544692080191155-x8)-(x0*19.849600456460827))+sin((19.25799001710682-x8)))+(((19.849600456460827/ 26.08266567725583)-(x8+x8))+(x3-(x3*x4))))",0.420362601264347,0.426857331724263
"GP-RV IA",100000,35.93607807159424,"1199_BNG_echoMonths",0,False,"((((30.527370189562753-x8)-(x0*19.84680845292007))+sin((19.84680845292007+x7)))+(((x0/ x6)-sin(x8))+((x3-x8)-(x3*x4))))",0.41612633698402013,0.4347342220044109
"GP-RV IA",100000,31.81630039215088,"1199_BNG_echoMonths",6,False,"((((30.23549961597608-x7)-(x0*19.282377437002598))+(sin(x0)-(x8*x5)))+(((x6/ x6)-sin(20.602304027546165))+((x3*12.757000033086374)-(x3*x4))))",0.44240048227863726,0.39721098312019276
"GP-RV IA",100000,35.76056909561157,"1199_BNG_echoMonths",1,True,"-308.9325648596916 + (-0.11555730501806623 * ((((30.80864165336331/ (19.16403382405086/ x4))+x1)-((sin(75.49849721133687)*(20.42191943299446-x0))*((76.77856326798894*19.16403382405086)-(x8*30.80864165336331))))))",0.4246951947465256,0.4637829023459905
"GP-RV IA",100000,30.61550259590149,"1199_BNG_echoMonths",10,False,"((((28.788206725347308-x0)-(x0*16.191510818387624))+sin(sin(7.511136871400728)))+(((7.511136871400728/ x6)-(7.710658360478167*x8))+((x3*7.710658360478167)-(x3*x4))))",0.4382677035403213,0.40895862895411517
"GP-RV IA",100000,35.26738452911377,"1199_BNG_echoMonths",3,True,"-339.8478288203896 + (7.96786306308691 * (((((17.563061105850508*x2)+(-44.73629854957569-79.54548531052791))/ ((x0-x1)-(x7*x4)))+((sin(79.3532452850832)-(79.3532452850832+x8))-((x0+x0)+(-44.73629854957569-80.07162316272328))))))",0.4394122459018369,0.44205513484608805
"GP-RV IA",100000,31.892218828201294,"1199_BNG_echoMonths",9,False,"((((30.318230039926814-x8)-(x0*19.567978890582033))+sin((27.54489279713915+x2)))+(((9.321062493397562/ x6)-(x8+x8))+((x7*x3)-(x3*x4))))",0.4237158763302875,0.4153149104220544
"GP-RV IA",100000,32.91217827796936,"1199_BNG_echoMonths",8,False,"((((27.86421912588048-x0)-(x0*17.59946227006637))+sin(sin(31.543494188057025)))+(((17.59946227006637/ 6.448092181239987)-(6.448092181239987*x8))+((x3*x5)-(x3*x4))))",0.42898846907461763,0.42354132260898203
"GP-RV IA",100000,33.324920892715454,"1199_BNG_echoMonths",7,False,"((((28.806082128015873-x2)-(x0*17.016621063178004))+sin(sin(30.21282046905427)))+(((16.57330303922092/ x5)-(x2-x3))+((-6.340697345462234*x8)-(x3*x4))))",0.43075881941016547,0.41829639852521705
"GP-RV IA",100000,29.207313537597656,"1199_BNG_echoMonths",12,False,"((((41.296999406695306+x0)-(x0*22.703756508548043))+sin((x7-29.957859052104254)))-((x8*(33.74721453178596/ 8.752725308867305))+11.507452647574231))",0.4220663820631698,0.38860645778455416
"GP-RV IA",100000,37.015589475631714,"1199_BNG_echoMonths",2,True,"35.278992231123105 + (-0.25818854898636656 * ((x4-(((x7*x1)*(-5.29562550097981/ 39.53023092331495))-((x8*27.136148242327586)+(x1*x0))))))",0.4351416399940343,0.43740207814376253
"GP-RV IA",100000,31.155014038085938,"1199_BNG_echoMonths",11,True,"65.42934074879507 + (8.109427053584886 * ((sin(((32.570683799308874--13.882554883117994)+(x0--13.882554883117994)))*(sin((x4/ 31.454016920174148))+((7.035472094909199+x8)-sin(x0))))))",0.439193829293374,0.40493820992310436
"GP-RV IA",100000,36.75900626182556,"1199_BNG_echoMonths",5,False,"((((6.953828444898656--1.0806173001828971)-(x0*17.739767506369223))+21.66974679106481)+(((x6/ x6)-(6.953828444898656*x8))+((x3*6.953828444898656)-(x3*x4))))",0.4268752893248837,0.4380526587719641
"GP-RV IA",100000,36.23741149902344,"1199_BNG_echoMonths",5,True,"31.392897976133668 + (-0.002955116962023542 * (((((44.835917826146286+x1)*(56.57499428681798-33.42762797453461))*((x0*2.253850654118942)+x8))-(((44.835917826146286+20.007264354463114)+(30.646890525302013/ x7))-((21.300315628722082*x4)*(x7--1.8876607605610598))))))",0.4323361415381499,0.4409129113556012
"GP-RV IA",100000,30.692301988601685,"1199_BNG_echoMonths",13,False,"((((30.973443905095394-x2)-(x0*17.79233312798267))+sin((x7+x7)))+(((7.310521237333938/ x6)-(7.310521237333938*x8))+(x3-(x3*x4))))",0.44025141896940967,0.40338089880462724
"GP-RV IA",100000,33.64839744567871,"1199_BNG_echoMonths",10,True,"-152.16964669393255 + (5.206313933554123e-05 * (((((0.8670926477842187+21.098375448592222)*(27.018754032617146/ x4))-((76.47271085036728*x1)*(x4+27.018754032617146)))+(((21.098375448592222*27.018754032617146)*(10.918761520344873-x0))*((24.2766962416287*24.2766962416287)-(x8*21.098375448592222))))))",0.4427082443138114,0.4051607685371562
"GP-RV IA",100000,2.295053005218506,"192_vineyard",1,False,"((((22.59432274855613-x1)*(x0-x1))/ ((x0+x0)+x1))+24.359275484776433)",0.808359032270733,0.5780522885966343
"GP-RV IA",100000,34.49818539619446,"1199_BNG_echoMonths",9,True,"30.351696761864062 + (0.18092200214495313 * (((((34.7515706078188-x1)-(x0*95.02444870254149))+sin((x0-11.055273252866765)))+(((24.334044463251793/ x7)-(34.7515706078188*x8))+((x1/ x5)-x4)))))",0.4379810764603965,0.43261106846897224
"GP-RV IA",100000,2.9249753952026367,"192_vineyard",0,False,"((((14.154829187312146+18.54234829328976)*(x0+x1))/ ((x1+14.483532858377686)+(19.906141140468755/ 14.154829187312146)))+(x0*((17.20259652336233-x1)/ (x1+x0))))",0.7714648703216096,-0.021668523047577715
"GP-RV IA",100000,2.908409357070923,"192_vineyard",0,True,"20.926585925120314 + (-1.9015146661625169 * (((((13.970701236205532-x0)-(5.020324649339276+x0))*((8.293247178691157-x0)/ (x1+5.020324649339276)))+sin(((x0*14.46866548831565)*sin(x1))))))",0.8605057783579305,0.12544388737739653
"GP-RV IA",100000,33.69579315185547,"1199_BNG_echoMonths",12,True,"19.856544198740366 + (-17.171622473523062 * (((x0+((x2/ 6.32864879488551)+(x8/ 2.721722902236076)))-sin(((45.910833799929456-x4)/ (x1-6.32864879488551))))))",0.443788835896914,0.4136833119736314
"GP-RV IA",100000,3.0374670028686523,"192_vineyard",1,True,"23.894683421254406 + (-265.9933358447997 * (((((x0/ 16.99281202442678)*sin(x1))+((x1+x1)/ (x1+x1)))/ ((sin(x0)+(x1+9.86684661568707))+((6.092970473966696+5.18840472663388)*x0)))))",0.8301385826179095,0.5524757275043963
"GP-RV IA",100000,34.81256461143494,"1199_BNG_echoMonths",11,False,"((((29.358624139010622-x8)-(x0*20.143329601903638))+(sin(x8)/ sin(28.561034112060934)))+(((20.1533873983297/ x6)-sin(24.023276423039775))+((x0-x8)-(x3*x4))))",0.43026784513134086,0.4005060340846285
"GP-RV IA",100000,3.2191691398620605,"192_vineyard",2,False,"((x0+9.177275007162418)-(3.285338124706795-((14.126925673217691/ x1)*(x1-3.285338124706795))))",0.7475874945862355,0.5894373007883563
"GP-RV IA",100000,2.8854424953460693,"192_vineyard",3,True,"24.46031511951405 + (-0.8640769074206638 * ((((10.540607397773897*(x1-x0))-sin((15.528753974763859*x1)))*sin(((11.022243801806814/ x1)/ (x0+x1))))))",0.7766051964090582,0.7032585170772108
"GP-RV IA",100000,3.4893195629119873,"192_vineyard",2,True,"27.453218927292042 + (88.51423973929651 * ((((sin(10.7251660124551)/ (12.838806327879977-x1))+((10.719811065074818+x1)-(x0+x0)))/ (10.7251660124551-((x1*12.838806327879977)+(20.709642398168896+4.493334742122411))))))",0.8076242356957761,0.5775284443358812
"GP-RV IA",100000,3.0960803031921387,"192_vineyard",3,False,"((((15.836203349601805+x1)+(x0-10.872738299901492))-sin((x1-x0)))-sin(((12.863559669598585*19.974958450685605)/ (15.836203349601805+x1))))",0.7394522534761729,0.5591438931183443
"GP-RV IA",100000,2.910597085952759,"192_vineyard",4,False,"((((26.936462637273195+x1)+(x0-21.526387320312004))-sin((x1-x0)))-sin(((21.526387320312004*26.936462637273195)-(x0+x0))))",0.7470417707206594,0.34610037479555344
"GP-RV IA",100000,2.648181200027466,"192_vineyard",5,False,"(sin(((x0*16.519427281245626)/ (15.152875357224504-15.199500955343385)))+(sin((12.018463816985559-x1))+((x0+15.212428265351944)+(x0/ 16.57827414369174))))",0.638285330067849,0.3279553288587326
"GP-RV IA",100000,3.2525198459625244,"192_vineyard",5,True,"16.653600353140217 + (0.8292075660110179 * ((sin(((8.059184490234447-x1)*(x0*15.32998485306333)))-(((13.692629426917073-x1)/ (x0+x0))+(sin(x1)-x0)))))",nan,nan
"GP-RV IA",100000,4.096588850021362,"192_vineyard",4,True,"21.852765393622445 + (17.866835628375775 * (((((1.4775874174678263-x0)+(10.326427850629708-x0))-sin((16.40818975141641*x0)))/ (x0-((x0*x1)+(8.677572772440548+x1))))))",0.8070547334671719,0.4365274745760538
"GP-RV IA",100000,2.3351638317108154,"192_vineyard",7,False,"(15.99680276990507+(x0+(sin(23.932398716711653)/ (x0*x0))))",nan,nan
"GP-RV IA",100000,2.9683377742767334,"192_vineyard",6,True,"20.491565465842594 + (0.0009522981606707651 * (((((x0/ x1)-sin(9.021072882450522))*((19.174127787963876*8.5166330206918)+(8.5166330206918*x1)))*(((17.45174679620115*18.059691022132082)-(23.413678876217354*x1))-(sin(x0)*(x1+5.203232266009137))))))",0.8401859908901674,0.007594233393991234
"GP-RV IA",100000,2.5591142177581787,"192_vineyard",9,False,"((((15.307560740971027+x1)+(x0-10.129743381449089))-sin((x1-x0)))-sin(((19.954512179291125+x0)+(13.787848133779548*x0))))",0.7210181021395312,0.7263980983976455
"GP-RV IA",100000,3.183037281036377,"192_vineyard",7,True,"17.54064735715594 + (-0.4800416035872023 * (((sin((x1+x1))/ sin((x0-17.996370154069396)))+(((8.254870161571688/ x0)-(5.550118828316693+x0))+((16.818018265821557/ x1)+sin(x1))))))",nan,nan
"GP-RV IA",100000,3.0086467266082764,"192_vineyard",8,True,"18.561789868893626 + (0.00044643412976899443 * (((((2.3006048676890214+x0)*(x1/ 8.980000320615861))-((x0-8.980000320615861)/ sin(25.34149604494804)))*(((x1+x0)-(9.221753444760502+18.0640712650612))*((x1-17.43382305508785)*(x0-2.3006048676890214))))))",0.7897597347532184,0.430214640724945
"GP-RV IA",100000,2.8104069232940674,"192_vineyard",10,False,"((((17.190731481778062+x1)+(x0-12.05579056211947))-((14.572774014610337-x0)/ (x1*x1)))-sin(((1.6079623765130475*1.6079623765130475)+(12.05579056211947*x1))))",0.8123602403739965,0.2452259578660203
"GP-RV IA",100000,3.1386098861694336,"192_vineyard",9,True,"-23.511521007955867 + (-61.980069002254936 * (sin((((14.23207306368895-x1)/ (x0+8.712230793406436))+((x1/ 11.586298892241611)-(16.978787169304958-8.712230793406436))))))",0.7715474345075343,0.7784830682001205
"GP-RV IA",100000,3.3726868629455566,"192_vineyard",8,False,"((x0+((14.735720228644043-x0)-(11.109795421474262-x1)))+(((x0*26.573252342927056)/ x1)-((x0/ 9.777523372887607)*x1)))",0.7427990696055569,0.6577681087466913
"GP-RV IA",100000,32.923932790756226,"1199_BNG_echoMonths",14,False,"((((28.65115523402639+x0)-(x0*19.281418286519536))+sin(x7))+(((55.507697709918254/ 19.425321707368532)-(x2*x7))+((-6.385652971445456*x8)-(x3*x4))))",0.4276775227302686,0.4277733724773721
"GP-RV IA",100000,4.145218849182129,"192_vineyard",6,False,"((((12.435833556043256+x1)+(x0-7.247549485411144))-sin((x1-x0)))-sin((x1+(14.176785090366554/ x1))))",0.7820730688873994,0.11059987590334108
"GP-RV IA",100000,34.898741483688354,"1199_BNG_echoMonths",13,True,"-367.2955457437112 + (0.009491486936064967 * (((((15.402401237927975*x7)*(x0-x4))-((x1*15.402401237927975)*sin(x8)))+(((9.058260284831174-2.475977738147826)*(22.595256324670345-x0))*((53.53857480019369*5.280549253736583)+sin(x8))))))",0.44161347789207084,0.40729093027650765
"GP-RV IA",100000,27.650963306427002,"1199_BNG_echoMonths",15,False,"(29.389993893048445-((sin(x0)/ sin(2.0843281534688733))*((x8+20.555625854712947)-sin(23.555066258211014))))",0.4056028356036143,0.40270773484452793
"GP-RV IA",100000,3.0871171951293945,"192_vineyard",10,True,"22.000584701522374 + (0.5808764559960786 * (((((x0/ 15.845522491270989)-sin(13.626297237186842))*((x0-6.28528045331291)/ sin(4.288141111592059)))*(((10.906822585845758*5.829577420420198)/ (5.829577420420198+x1))-((4.288141111592059/ 4.288141111592059)+(x1/ x1))))))",0.8501737800350185,0.4260623727094561
"GP-RV IA",100000,3.1938772201538086,"192_vineyard",11,False,"((sin((x1*12.001066842985889))+(x0*sin(13.788480752060684)))+(x1+(sin(15.534455046735701)*(15.534455046735701+13.209032441143599))))",0.712367459617208,0.5271688763708173
"GP-RV IA",100000,2.9321048259735107,"192_vineyard",12,False,"((sin((x0-x1))+((19.77970205773833+x0)-(42.16366559196941/ x1)))-sin(((2.0878633807383817*x1)*(x0--0.050764279505275595))))",0.8128408270285237,0.5816337485842062
"GP-RV IA",100000,3.824326515197754,"192_vineyard",11,True,"19.896932000858115 + (0.05213022996265948 * ((sin(((29.132048949160282+1.0047793862899415)+(x1/ 15.15478439192017)))*(((29.132048949160282+5.31236319852659)-(x0*x1))*((28.5894889787934-28.5894889787934)+(13.171697464506346-x1))))))",0.8063858155654497,0.5101425600376595
"GP-RV IA",100000,2.8758301734924316,"192_vineyard",13,False,"((((x0-16.278533983965144)/ (x1*16.72431952793163))/ sin((20.949319055798036-10.651575978004903)))*(((16.72431952793163*x0)+(16.81056490233782-18.619919393744723))+((x1*x1)+(13.456593993766385*x0))))",0.773602972209851,0.507998348907802
"GP-RV IA",100000,2.651289224624634,"192_vineyard",14,False,"(((sin(12.934482766291138)+(x0-18.27477233844097))+((x1+22.70327227849063)-sin(x1)))-sin((sin(18.890621858393967)*(15.121556601105173*x1))))",0.6576205298764135,0.6049147499542974
"GP-RV IA",100000,2.693295478820801,"192_vineyard",15,False,"((((15.53926882170658+x1)+(x0-10.63737863060904))-sin((x1-x0)))-sin(((x0+16.557735410343067)+(10.63737863060904+x0))))",0.7720796589064773,-0.39648078802476294
"GP-RV IA",100000,2.6494522094726562,"192_vineyard",17,False,"((((20.106931423744143+x1)+(x0-15.109400733168087))-sin((x1-x0)))-sin(((6.458041211048989+x1)+(15.109400733168087/ x1))))",0.7514830805919438,0.45159922163281685
"GP-RV IA",100000,3.4659249782562256,"192_vineyard",13,True,"18.723197918834103 + (0.015148435449637303 * ((((x1-15.932200493779249)*(x0-(4.877258913166221-x0)))*(((8.208708436324986/ x1)+x0)+((25.45291525582585-x1)*sin(4.224645386948289))))))",0.7974113966802424,0.3470599771191949
"GP-RV IA",100000,2.976623058319092,"192_vineyard",16,True,"16.781364610316956 + (-0.5156256271939721 * (((((7.489011089844805+x1)-(7.489011089844805*x0))*((14.634042016949621-x0)/ (x1+x1)))+sin(((x0*8.181212178209432)+(x1+x1))))))",0.837219377306625,0.36255857059749697
"GP-RV IA",100000,3.485112190246582,"192_vineyard",14,True,"12.528638166021496 + (4.2757904558958115 * ((sin((sin(x0)-(4.480366990058082-2.818308947857391)))+((x0+(x1-4.155203055101467))*((9.003161462908668+16.199911022778988)/ (x1*10.197454447406404))))))",0.7548275293664819,0.6546976587867399
"GP-RV IA",100000,3.211747884750366,"192_vineyard",16,False,"((((19.266322100754287+x1)+(x0-14.330918582765577))-sin((x1-x0)))-sin(((19.266322100754287+1.6274773583614228)+(12.984049663200615*x1))))",0.7336850441743912,0.5345522718762019
"GP-RV IA",100000,3.408459186553955,"192_vineyard",15,True,"20.898068023920423 + (28.871464607518366 * ((((sin(x1)+(6.158283139621663-x0))-sin((8.463646860377688*x1)))/ (8.81271533637456-((x1*x0)+(15.970000706580036+x1))))))",0.812786038529979,-0.1761942136285859
"GP-RV IA",100000,4.6124773025512695,"192_vineyard",12,True,"20.070588473318196 + (-0.5464265957786433 * (((9.150666331710076+((3.3617126446446206-x0)*(x1+14.85309549431905)))/ ((23.614400105112633/ (13.608299379523213-x1))+(sin(x0)+x0)))))",0.7929636080900133,0.724018446180438
"GP-RV IA",100000,31.20078682899475,"1199_BNG_echoMonths",15,True,"18.742783101564616 + (0.2010887992552702 * (((((46.1991115331258-x2)-(x0*84.20153963111704))+sin(sin(37.631157686585425)))+(((24.480273035678152/ x7)-(37.631157686585425*x8))+((x8*x8)-x4)))))",0.43629013879886724,0.4261254322084771
"GP-RV IA",100000,2.5467779636383057,"192_vineyard",18,False,"((((18.115587647925175+x1)+(x0-12.745768428612742))-((21.19682555621442-x0)/ (x1*x1)))-sin((x0-(8.954338487290167+x1))))",0.7309622302604606,0.3702191711763293
"GP-RV IA",100000,33.41769981384277,"1199_BNG_echoMonths",14,True,"42.190133930716925 + (-16.356678874758753 * (((((x1+x4)+(42.95716503277318*x8))/ ((77.31946519574988-x5)+(28.609289119753406/ x7)))+x0)))",0.4329725015221074,0.4469909863867164
"GP-RV IA",100000,2.9426136016845703,"192_vineyard",18,True,"20.27531885732302 + (-5.237663307590993 * (((((-3.9685277896943147+x0)*(12.872564238984586-x1))/ ((x0-x1)+(9.28001907913168*5.464231441180667)))*(-3.9685277896943147+sin(sin(x0))))))",0.8196461098307545,0.5737002411766345
"GP-RV IA",100000,4.353787422180176,"192_vineyard",17,True,"20.03605668080843 + (0.9990226553741299 * (((((x1+16.095910139950888)-(7.642598530157075*x0))*((x1-12.463606283770476)/ (x0+10.821439126767858)))-sin(((x0*x0)/ sin(x1))))))",0.8366386441296827,0.3329777273605261
"GP-RV IA",100000,2.77516770362854,"192_vineyard",20,False,"(((sin(x0)+(x0-3.9944644007641044))+((x0+15.20932811436593)-sin(x1)))-sin((sin(x0)*(20.4761617923853*15.07995180933652))))",0.6792686977833372,0.14307280219049023
"GP-RV IA",100000,3.1647181510925293,"192_vineyard",19,False,"((((18.847005185896776+x1)+(x0-20.376596754947833))*((20.574577379378532-x1)/ 6.427092184812217))-sin(((x1/ 4.866035953959493)+(x0+x0))))",0.7865477373295648,0.6900788601924954
"GP-RV IA",100000,3.3148586750030518,"192_vineyard",19,True,"23.522304580762793 + (52141.31272361748 * (((((5.136697129930976-x0)/ sin(11.565340409719287))/ ((x0*x1)+(x1+7.719601154261863)))/ (((x1*5.136697129930976)-sin(11.565340409719287))+((23.94781134449378*11.565340409719287)*(5.136697129930976-x0))))))",0.8188174714360508,0.6592217379345693
"GP-RV IA",100000,2.6150527000427246,"192_vineyard",21,False,"((((15.176243693369681+x1)+(x0-10.477514989927776))-sin((x1-x0)))-sin((sin(x0)+(20.82401059295238+x0))))",0.7106011418539677,0.8170297383753438
"GP-RV IA",100000,22.540376901626587,"1199_BNG_echoMonths",21,False,"(29.07547966982164-(((9.212727990611935*x1)/ (29.018050515990804-x8))*x0))",0.4069769722945016,0.40380837912195844
"GP-RV IA",100000,2.8529114723205566,"192_vineyard",21,True,"18.614366773973085 + (-0.9989593426302306 * (((x0-((-1.786624172604367-x0)+6.442611119446715))/ (((-1.786624172604367/ x1)-(x0+2.9558684554005055))/ ((14.776919028149711+x0)-(x0+x1))))))",0.7994029187931193,0.6172101457305545
"GP-RV IA",100000,3.4778332710266113,"192_vineyard",20,True,"18.350300650533523 + (-1.2956316505078422 * (((((16.62143298534987-x0)-(11.16310237958026+x0))*((11.16310237958026-x0)/ (x1+2.5036834171068962)))+sin(((x0*2.5036834171068962)+(x1-x0))))))",0.8297620744122063,0.5971031246030657
"GP-RV IA",100000,2.7624523639678955,"192_vineyard",23,False,"((((21.46624533654328+x1)+(x0-16.243952618381094))-sin((x1-x0)))-sin(((12.448921126274339+x0)+(20.11966983593168+x0))))",0.7438424763133407,0.603740238608726
"GP-RV IA",100000,2.9322574138641357,"192_vineyard",22,True,"15.801122754395443 + (96.73442749721131 * (((((6.388057287528569/ x1)+(1.317713626399089-x0))-(sin(x0)*sin(x0)))/ (3.471928194253099-((x0*x0)+(27.00421112092836+x1))))))",0.8430192768728834,0.02144238118368358
"GP-RV IA",100000,2.850078821182251,"192_vineyard",24,False,"((((19.134646876832193+x1)+(x0-13.968951294533197))-sin((x1-x0)))-sin((sin(24.84685259458363)+(13.156148621475998*x1))))",0.6856606188629836,0.779797382820536
"GP-RV IA",100000,2.6910016536712646,"192_vineyard",25,False,"((((19.212077248176556+x1)+(x0-14.621132785835508))+sin((x0-19.7153869409451)))-sin((13.658716583018577*(x0+x1))))",0.716037356175361,0.5333652397061539
"GP-RV IA",100000,3.297015428543091,"192_vineyard",23,True,"16.795975694767673 + (-0.7450018410988549 * (((((14.708539515943098+x0)-(7.881130702984178*x0))*((13.174795448691981-x0)/ (x1+12.881465957114784)))+sin(((x0*14.708539515943098)+(x1/ x1))))))",0.7997864413914262,0.6286853566633432
"GP-RV IA",100000,3.7594027519226074,"192_vineyard",22,False,"(15.517046896618016+(((x0*15.517046896618016)-(29.17913731105314-x1))/ ((x1-x0)+x0)))",0.7561037369362821,0.22836079195995818
"GP-RV IA",100000,34.06873083114624,"1199_BNG_echoMonths",16,False,"((((28.909654898540992-x8)-(x0*19.802540493958208))+sin(sin(21.2979812338193)))+(((16.58437013442235/ x6)-(x8+x8))+(sin(x7)-(x3*x4))))",0.4232911710833006,0.404176377066244
"GP-RV IA",100000,2.9699909687042236,"192_vineyard",25,True,"20.242831205596055 + (-0.3050552733594699 * (((((4.118682261580759+5.861523303565852)/ (x1/ x1))/ (12.164066381773809*(4.118682261580759+x0)))*(((11.478965121364316+13.456611791023839)-(x0*5.93172635347211))*(sin(12.164066381773809)+(14.988725497793546-x1))))))",0.7795972451603743,0.7076855446890322
"GP-RV IA",100000,2.9303336143493652,"192_vineyard",26,False,"((((21.578045869342823+x1)+(x0-16.81148625520411))-sin((x0-16.81148625520411)))-sin((x1+(18.30083405251773-x0))))",0.7383646940943047,0.6395354277173442
"GP-RV IA",100000,28.713611602783203,"1199_BNG_echoMonths",18,True,"-363.42472216759376 + (3.6714985843842674e-06 * (((((53.520969941571416+x2)/ (58.220975957838135/ x4))-((x1*32.8675404147768)*(31.130098896643542*x4)))+(((32.8675404147768*52.9283704515458)*(23.394797088093654-x0))*((58.220975957838135*45.47174537809392)-(x8*52.9283704515458))))))",0.4379135644441594,0.4161962399557386
"GP-RV IA",100000,3.929910898208618,"192_vineyard",24,True,"-6.414479144750119 + (0.004835976341073633 * (((((24.923554631202958-x1)*(x1+x0))*((31.956697180925275-x0)-(29.762054028318353/ 29.762054028318353)))-(((x0-2.922726293965236)+sin(16.311707881332133))+((x1+x0)/ (x0-2.922726293965236))))))",0.7732309867591896,0.5857139397327382
"GP-RV IA",100000,2.903109073638916,"192_vineyard",27,False,"((5.339997163266775+x0)+(x1+sin((x0-x1))))",0.7566605495087957,0.1267315653205423
"GP-RV IA",100000,30.606478214263916,"1199_BNG_echoMonths",18,False,"((((32.36098421419986-x2)-(x0*17.36983756539802))+sin((22.517509155306275+63.41930707108243)))+(((32.261433044465775/ 22.517509155306275)-sin(32.36098421419986))+((-7.234245778997953*x8)-(x3*x4))))",0.4302987963932189,0.4175439011500831
"GP-RV IA",100000,3.053133726119995,"192_vineyard",27,True,"21.329109849843114 + (0.07273625267407847 * (((x0*6.161632785698477)-((19.314360050079003*(11.900139461360082*9.80010612186528))/ ((x1+6.161632785698477)+(x0*x1))))))",0.8239227814267014,0.3967420923246009
"GP-RV IA",100000,31.818293809890747,"1199_BNG_echoMonths",17,True,"31.886195077370317 + (0.004679976880133964 * (((((39.466543006099016+x1)*(20.16454696832438-37.21292248971733))*((x0*2.054141781462004)+sin(x8)))-(x6+((x7*x4)*(x5+26.16422550295312))))))",0.43227941350958676,0.4394743139788754
"GP-RV IA",100000,3.709688425064087,"192_vineyard",26,True,"20.08702314316307 + (-21.7258054307201 * (((sin((9.968563445791261*x1))-(4.108273283311239-x0))/ (((11.63527169947696+x0)/ x1)-((4.890886272784815*x0)+9.968563445791261)))))",0.8400469067883737,0.5237032292922388
"GP-RV IA",100000,3.4058032035827637,"192_vineyard",29,False,"((((17.16944490406573+x1)+(x0-11.6117783758948))-sin((x1-x0)))+sin(((13.967953787696569+13.44672698745656)*(13.44672698745656+x0))))",0.7618248124481212,0.4581923006693578
"GP-RV IA",100000,3.6912453174591064,"192_vineyard",28,False,"((((20.213281261220313+x1)+(x0-14.819179955309135))-((11.464770141438606-x0)/ (x1*x1)))-sin((x0-(14.819179955309135+x1))))",0.7701154883052019,0.3876949911530012
"GP-RV IA",100000,33.467830419540405,"1199_BNG_echoMonths",17,False,"((((26.113562373696123-x0)-(x0*18.89179650044))-((x8+x2)*x7))+(((22.661046184148425/ x6)-(x7*x8))+((18.226478294865906*x3)-(x3*x4))))",0.41939797527492295,0.43734773160978724
"GP-RV IA",100000,3.409482002258301,"210_cloud",1,False,"(((sin(0.6574755501761376)*(x2+x3))*((x3/ 1.43402670789958)-(-2.014161574281713-4.5981075350949645)))*(sin(sin(2.443691657552407))/ (sin(3.4569695191408907)+(1.43402670789958*4.5981075350949645))))",0.8550604514224891,0.9002721459929718
"GP-RV IA",100000,3.756018877029419,"192_vineyard",29,True,"20.919851652940935 + (-147.93877151310946 * ((((sin(10.859589182969199)+(x0-x0))-(x0/ (x0-9.404368945258938)))/ (5.593047161532567-((x1*x0)+(10.881006919536322+x1))))))",0.797690300868141,0.4472388668080248
"GP-RV IA",100000,4.322063446044922,"192_vineyard",28,True,"23.011503155735337 + (-4.595792004355162 * ((((sin(x0)+(15.587411497699142-x0))-x0)/ (sin((3.607401305636359*x0))+((x1-10.099385856475596)+11.112630506752067)))))",0.8222418783152811,0.44487635947175586
"GP-RV IA",100000,3.7938733100891113,"210_cloud",0,True,"-2.110217511627212 + (0.0033426670038829635 * (((sin((x1+3.927422223757695))-((4.520955435644619-0.32307199831442635)*(x0-7.046649520450066)))*(((x2+7.046649520450066)*sin(7.046649520450066))*(sin(x0)+(x3+4.520955435644619))))))",0.9392241930004582,0.6843802830053014
"GP-RV IA",100000,3.9272923469543457,"210_cloud",0,False,"((((0.2971209012312367+x2)/ 1.3249703259741903)--1.5759638057133991)/ ((1.911349130081704/ x3)+sin(sin(1.4176502455874966))))",0.9230977715653238,0.6572496020353082
"GP-RV IA",100000,3.466355085372925,"210_cloud",1,True,"0.018628510828418904 + (-2.4814729834266 * (((sin((2.3893107073811377+7.42184021500395))-(x2+(x2*x3)))/ ((1.9407091809542916+(2.3893107073811377+x4))+(sin(x1)-(x3-x2))))))",0.917370044563457,0.5795827696963366
"GP-RV IA",100000,3.793548345565796,"210_cloud",2,True,"0.27455567943178166 + (0.16129541891102855 * (((((x4*4.85896113332376)*(-1.3950572648482897-x3))*((-1.3950572648482897-0.5571638282507982)+(0.5571638282507982-x2)))/ (((x4-3.4600959079476024)*(x3-x0))+((2.9201646842525495*1.5457264488882683)*(x4--1.3950572648482897))))))",0.9307035621514459,0.8552958573105548
"GP-RV IA",100000,3.6737873554229736,"210_cloud",3,True,"3.172559746983929 + (0.17432551653031164 * (((sin((x4/ 0.7231192334049314))*(x3/ (x4/ x3)))-(((2.376421423022295-x2)*2.376421423022295)-((3.879487803860965-x3)/ (3.58959171600297-3.879487803860965))))))",0.9104442289602542,0.9117307677766266
"GP-RV IA",100000,4.080060243606567,"210_cloud",2,False,"(sin(sin(4.550029977115605))*(((x2/ -0.789736809889425)-4.895373016015082)/ ((4.358351640461874/ x3)+1.0391407383190896)))",0.8496055979642149,0.9093100858098325
"GP-RV IA",100000,3.9965014457702637,"210_cloud",3,False,"(0.5905047495006317/ ((2.4873975726899906-sin(-3.946011792144239))*(sin(-3.946011792144239)/ (x3+x2))))",0.8301654746746315,0.9265950024949172
"GP-RV IA",100000,3.469355344772339,"210_cloud",5,False,"((((1.2424024974249321--0.4476614986766413)*(-0.40111967869033915-x3))*((-1.0096995807440883-1.2424024974249321)+(1.2424024974249321-x2)))/ ((x0*(1.897873845430514-x0))+((2.499170087387869+x4)+(1.897873845430514-1.2424024974249321))))",0.8884545338480563,0.8596268424746311
"GP-RV IA",100000,3.445537805557251,"210_cloud",6,False,"((((x3+2.1185846254312795)+(x4+x0))*(x4+x3))/ (((1.8184564500478473+x4)*(1.2355192389646756+x4))/ ((1.229687118861144+x2)/ 3.260806208319617)))",0.8515451090919174,0.9469213376032107
"GP-RV IA",100000,4.186711072921753,"210_cloud",4,False,"((sin((0.4831002063112788*0.8007616911134369))*sin(4.450926220427362))*(((0.4831002063112788+0.8007616911134369)/ (3.309580552497275+x3))-((1.3649426914839298*x3)+(x2/ 0.8007616911134369))))",0.9227493602920818,0.6032837089099065
"GP-RV IA",100000,3.726534128189087,"210_cloud",6,True,"-0.5288747179805323 + (-0.007070006802888196 * (((sin((5.406051836678814*x3))-((5.406051836678814*1.2736034162520387)-(x0-x3)))*(((x2+5.178783853495469)-(5.178783853495469/ 2.6108295701718083))*((x3/ x4)+(x3+4.753129920893104))))))",0.8775244732913352,0.9215219497491488
"GP-RV IA",100000,4.051021575927734,"210_cloud",5,True,"0.8143967947506159 + (-0.030293392918808004 * (((((-1.0386424484369439-8.537319720892798)*(4.892934065860289-x3))+((x2+3.5070260846357764)*8.537319720892798))/ (((x3/ 3.5070260846357764)-(1.5694308612262704*x4))*((4.892934065860289/ x4)/ (x3+8.537319720892798))))))",0.9193130342559853,0.8830754370855572
"GP-RV IA",100000,3.6490936279296875,"210_cloud",7,False,"((((0.43616168359236346-x3)/ (2.3900840577883082-3.0156706637062323))-(sin(4.251812166320415)*(x2+0.43616168359236346)))*(sin((x0-x0))+sin(sin(0.43616168359236346))))",0.8840157749839355,0.7147329777991573
"GP-RV IA",100000,3.487213611602783,"210_cloud",8,False,"(x2-(sin(0.6238272581796085)/ ((1.514567084723535-0.597841976023989)/ (x2-x3))))",0.9213139258136784,0.6667389377192828
"GP-RV IA",100000,4.17844295501709,"210_cloud",7,True,"0.2688425531751624 + (0.4381808582745791 * ((((sin(x0)*x4)+(x2*(4.608638231662742*x3)))/ ((x4+(1.808664381632484-x3))+(x3*(x0+0.7772040074927997))))))",0.938551930920361,0.3839054946463123
"GP-RV IA",100000,3.0252723693847656,"210_cloud",12,False,"((((3.5287673864059785-x3)+(x3/ x4))-(sin(4.090526207631772)*(x2+0.4005014363360614)))*(((x0-x0)*(x4/ x4))+(sin(7.719498845099699)/ (4.4152983028711255/ x3))))",0.8910569178124848,0.7229002733269211
"GP-RV IA",100000,5.3690407276153564,"210_cloud",4,True,"-1.8278249938059479 + (-0.0033756723693282174 * (((sin((x3*5.5945535095807255))-((6.965640727878108*2.24784408654978)-(x0-4.491735236847843)))*(((x2+5.5945535095807255)-sin(4.078059202563563))*((x1/ 7.40067642607202)+(x3+4.25763378684328))))))",0.9445828263345593,0.6166693562193162
"GP-RV IA",100000,4.01049280166626,"210_cloud",8,True,"-1.7009133720497795 + (-0.003527147844785819 * (((sin((9.48008239086684*x3))-((4.545948094498669*4.726440680534513)*sin(8.392909474514546)))*(((x2+8.392909474514546)-sin(8.392909474514546))*((x0/ 8.43058461805049)+(x3+3.5777242676443812))))))",0.95457329998291,0.6458726990733343
"GP-RV IA",100000,3.504753351211548,"210_cloud",10,True,"0.5709509940905956 + (0.4278591446181199 * (((2.6912892771890835+(x2-(6.399451600821048/ 1.454923609666797)))+((sin(x4)*(2.6912892771890835/ 6.399451600821048))+((5.82677089589808/ 4.566102820906574)*x3)))))",0.9343516024522781,0.7630864941951786
"GP-RV IA",100000,3.8465728759765625,"210_cloud",9,True,"0.2583713814637596 + (0.6430378902748107 * (((sin((x3/ 5.313896958521516))/ (2.1255267580807984+(x4+x0)))*(8.032424612390495+(x2*(12.452160261712843+x4))))))",0.8319525513291253,0.9116016640724136
"GP-RV IA",100000,38.23442339897156,"1199_BNG_echoMonths",16,True,"223.0974439479678 + (-0.00015692146233736812 * (((52.09776658041022+((33.93938135302099*18.5446329256306)+(x0*59.84028215900206)))*((59.84028215900206*(x8+28.843030844255086))+((x4+x0)+(x4+x1))))))",0.4367619091657232,0.4280289752219152
"GP-RV IA",100000,28.718116521835327,"1199_BNG_echoMonths",21,True,"35.170075129687895 + (-16.96968933557177 * (((((x4-33.17776390743388)/ (x2+x7))/ (2.7856026406817165+57.84686655779845))+(x0-sin((49.61254988119813-x8))))))",0.4380728467500896,0.4251998089555675
"GP-RV IA",100000,3.1085143089294434,"210_cloud",13,False,"(x3-(((x3-x2)/ (4.305196019381815-x1))-((-0.15539511626023642*x4)/ (2.35368477135144+x2))))",0.8606360851986339,0.9048529047733402
"GP-RV IA",100000,3.793875217437744,"210_cloud",11,False,"(x3-((-0.37389569786197496*x2)+sin((x4/ 4.760337975271959))))",0.87187570822924,0.6940072564509919
"GP-RV IA",100000,4.6125328540802,"210_cloud",9,False,"(((3.126939997279337-(x0+x4))+((x2+1.2619218234404845)*(x1+1.7835671997985862)))/ ((4.712289897961808-(3.126939997279337-x1))/ sin((x3/ 3.126939997279337))))",0.8380516915879943,0.8157393489840296
"GP-RV IA",100000,34.02694654464722,"1199_BNG_echoMonths",19,False,"(((29.720623415404443-(x0*19.19160215919242))+sin((-5.0384050786103245/ x7)))+(((12.844144427501309/ 20.949331582263955)-sin(29.720623415404443))+((-5.0384050786103245*x8)-(x3*x4))))",0.4308019655793599,0.4124973782479886
"GP-RV IA",100000,4.190272092819214,"210_cloud",10,False,"((x2+x3)/ 2.242721577168475)",0.9218326031185631,0.743720607352107
"GP-RV IA",100000,3.9279215335845947,"210_cloud",12,True,"-0.16887463847905998 + (0.46317182499597254 * (((((x3+x2)+sin(2.502544465375355))-sin((4.552890688552391/ 1.8084639355996561)))+((x3-(x2/ 2.796527519180228))/ ((x4*2.138450944783085)+(x0-x2))))))",0.9331914913483763,0.8349741268477431
"GP-RV IA",100000,3.3314003944396973,"210_cloud",14,True,"-1.655440775624256 + (0.1639047244393072 * (((((x3*5.024460516108464)+(x2*2.8389402068205163))+((x0-2.7485879480414805)+(2.6348211887014354-x0)))-((sin(x3)-(4.539849339575041+6.456921936149609))+(sin(x1)+x4)))))",0.9042515291732334,0.7469155762339947
"GP-RV IA",100000,3.4482569694519043,"210_cloud",14,False,"(x3/ (sin(0.3831357330465899)+((x3+0.3831357330465899)/ (x3+x2))))",0.8703846619197204,0.7844400866344394
"GP-RV IA",100000,4.361783742904663,"210_cloud",11,True,"0.07886982805720871 + (-0.05912242070482639 * (((sin((3.206081312793652*4.622262480082515))/ ((1.776840441411994*1.7576427712036653)+(x0-x3)))-(((x2+x3)-sin(5.886519428357977))*((x1/ 5.886519428357977)+(x3+4.401511084481085))))))",0.9352199342946552,0.6187419782621135
"GP-RV IA",100000,3.8008952140808105,"210_cloud",13,True,"0.1684705140474051 + (2.067616494234635 * (((x3/ ((2.947658211794256+x0)+x4))*(sin((1.1956435047770175/ x4))+((x4+x2)-(x4/ 1.1149950109788667))))))",0.8984925241337758,0.8692468246471554
"GP-RV IA",100000,31.36659836769104,"1199_BNG_echoMonths",20,True,"32.204163309469884 + (0.03156920081742212 * (((((x8*27.189064315229935)+(x1*x0))+x4)*(sin(sin(16.98740334234288))-((x7+5.790573482395889)+sin(x2))))))",0.44583157966303155,0.41039087892096937
"GP-RV IA",100000,3.387148141860962,"210_cloud",15,False,"((((x2-x3)/ (2.384073468195199+0.36386456605020473))+((0.36386456605020473/ 3.73562896207357)*(-0.1833005082737012-x0)))+x3)",0.8690950980209167,0.8810970906168689
"GP-RV IA",100000,3.135190486907959,"210_cloud",18,False,"(x3-(((x2-x3)*sin(-0.31598909263278907))+((3.443113369187993*-0.31598909263278907)/ (5.036823569764114/ -0.31598909263278907))))",0.798516732556421,0.9503866688108127
"GP-RV IA",100000,3.9476990699768066,"210_cloud",15,True,"0.7052675346030407 + (0.041092004920936086 * (((sin((3.651766222076474/ x4))-(sin(5.4216135875252105)*(x0-4.68883049033849)))*(((x2+x3)-1.443886096234261)*((x4/ 3.3615242104794647)-(x3+3.3615242104794647))))))",0.9233562154672755,0.8649613044636804
"GP-RV IA",100000,3.4971425533294678,"210_cloud",17,True,"1.3136341657232389 + (0.6127477442921703 * (((((x2/ 5.1907273411712955)-sin(2.494256760438274))*2.798482609802967)-(((2.1507177003338023/ 4.2634196096672925)-x3)*((x2/ x4)+(2.1507177003338023/ 5.827931410788956))))))",0.9011443130784609,0.8234979148115293
"GP-RV IA",100000,32.735032081604004,"1199_BNG_echoMonths",20,False,"((((29.331410561083736-x2)-(x0*17.71105171194912))+sin((48.925758066593374*15.873553602144995)))+(((x3*15.873553602144995)-sin(x2))+((-6.772831193425612*x8)-(x3*x4))))",0.4431628132929022,0.401457653435497
"GP-RV IA",100000,3.6517279148101807,"210_cloud",17,False,"(x3*((sin(2.139679733330727)-sin(2.921740098681805))-(x2/ (x3/ -0.36186709039652065))))",0.8397844601002347,0.9338157910031467
"GP-RV IA",100000,4.186490774154663,"210_cloud",16,False,"((x2/ ((0.9823781607470566/ x3)+(1.3628756833524465*1.2388096880466228)))+(x3/ 2.197998594897326))",0.906689623890738,0.81746426023078
"GP-RV IA",100000,3.1564137935638428,"210_cloud",19,False,"((1.45007809081029-1.3391160940108153)*((1.3391160940108153*(x2*2.6701349056068375))+(5.639885280703354*(x3+-0.1415600824560958))))",0.8767628663255735,0.7246013171841992
"GP-RV IA",100000,3.751255750656128,"210_cloud",18,True,"1.1294665766742364 + (2.445430638469778 * (sin((((x2*x3)/ (2.4086694328443383+x4))+sin(sin(-0.3668367302697762))))))",0.830667947249452,0.4405244128643272
"GP-RV IA",100000,3.383068561553955,"210_cloud",20,True,"2.743390229305369 + (0.4803135964307378 * ((((sin(x1)*sin(3.5040301270473266))+((x2+x3)-(x4/ 3.011758361188977)))-(((3.375737731694245+1.2260490776464061)-(x3/ 3.050150397600694))-sin((5.739852405789232-x3))))))",0.9097039904666786,0.6643091459300231
"GP-RV IA",100000,3.5106356143951416,"210_cloud",19,True,"-0.07157891967571549 + (0.12577267501220113 * (((((x2-x4)+(x3*5.536846683320907))+((x2/ 2.598609838263818)*(3.4213700623366714*2.231103045765895)))+sin(((x4*x2)*x2)))))",0.8969081065431569,0.6890602229984775
"GP-RV IA",100000,34.87767672538757,"1199_BNG_echoMonths",19,True,"-416.40384561565867 + (10.105911068861731 * ((sin((sin(29.08895965758922)+(x0/ 29.08895965758922)))*(((x1/ 68.54401282999689)+(x4/ 29.08895965758922))+((x8-68.54401282999689)+sin(1.930928506256727))))))",0.4370234863590088,0.42464353859212056
"GP-RV IA",100000,4.862807750701904,"210_cloud",16,True,"-1.4261764384326787 + (0.06583752287430353 * (((sin((x4/ x3))*((1.6353313691687328--0.1182016042713987)*(x0+x3)))+(((x2+3.7117896917171262)-sin(4.949080035408079))*((x3/ x3)+(x3+3.7881403143412102))))))",0.9211225953128711,0.7880251020341522
"GP-RV IA",100000,3.7525863647460938,"210_cloud",20,False,"(x3+(sin((x3/ 1.5664889084981126))/ ((1.2007839986269326+1.125039473890194)/ (x2+-1.9307066602188754))))",0.8761518756176677,0.6147870133013085
"GP-RV IA",100000,3.380394697189331,"210_cloud",24,False,"((((1.3286192522969396-x3)+-0.04359343516993992)-(sin(0.3325622916960842)*(x2+3.490014582698606)))*(((x0-x0)*(4.431399035176495/ x4))-sin((1.7395346248738544/ 1.8747659400943453))))",0.8491930459886494,0.8822142127579549
"GP-RV IA",100000,3.4409499168395996,"210_cloud",24,True,"0.006766562305572373 + (-0.5752444459350154 * (((x4/ (3.224693436311018-(2.234317713941084/ 3.942815433303391)))-((x2+x3)+(0.3276813757224688/ (3.224693436311018-x3))))))",0.9227367878101335,0.5572178135686068
"GP-RV IA",100000,4.3294358253479,"210_cloud",21,False,"((x3+x2)/ 2.176472858324415)",0.8302951259597262,0.9379558867589894
"GP-RV IA",100000,3.6684305667877197,"210_cloud",25,False,"((((x2-x3)/ (3.8964988053789225-x1))/ 1.4932707310265723)+x3)",0.8679960909642048,0.8521519580399672
"GP-RV IA",100000,3.964458703994751,"210_cloud",23,True,"0.3615218296393137 + (0.03705184220962156 * (((((5.474568641861899/ 1.4514585425889304)/ (x4+0.7420614049217755))-((2.1149570289678064/ 4.144330011694235)*(x0-4.144330011694235)))*(((x2+x3)-sin(2.2693353483133736))*((x0/ 5.474568641861899)+(x3+2.1149570289678064))))))",0.9091869704854775,0.8237255592410849
"GP-RV IA",100000,3.525181531906128,"210_cloud",26,False,"((((x3*x2)*(-0.5241579538297189+0.5396590701554841))+(sin(0.4551812687306608)*(x3+x2)))-(sin((x4-x4))*sin((x2*x0))))",0.9308627213348863,0.6044434085025472
"GP-RV IA",100000,4.239777326583862,"210_cloud",23,False,"(((sin(x1)*sin(x3))/ ((2.519551353356511-3.1069580721181773)*(2.53905888901207*2.0322945598229794)))-(((x2-x3)/ 1.5666854355214512)-x2))",0.885669069024187,0.8430236415649051
"GP-RV IA",100000,3.6653172969818115,"210_cloud",27,False,"(x3+(((x2-x3)-(0.09619971183460051*x4))/ 2.7532080747876293))",0.8587986976656696,0.9201096691678174
"GP-RV IA",100000,31.83463978767395,"1199_BNG_echoMonths",23,True,"41.63606086567423 + (-0.004144476523719689 * (((((62.0629951298272*x7)*(x5*x2))+((40.95339493679188-x8)*(x8*43.081860620919265)))+(((x1*38.00593198939185)+(x4*43.096154490874554))+((33.131857414995366+62.0629951298272)*(x0*43.081860620919265))))))",0.45050648434971496,0.39940923303318865
"GP-RV IA",100000,3.4936511516571045,"210_cloud",28,False,"((2.433903467807177-1.6781750926631276)*(((2.4188519206170263/ 2.433903467807177)*(x2/ 2.1119151891229175))+(0.8217953392618285*x3)))",0.8756089953140023,0.8192113993298581
"GP-RV IA",100000,4.702418565750122,"210_cloud",22,False,"(((sin(-0.07836376893237995)+x3)+x2)/ 2.222659116755751)",0.925729721806752,0.6451185940676977
"GP-RV IA",100000,4.584980726242065,"210_cloud",22,True,"-3.4596165343903476 + (0.0012145987592329785 * (((sin((4.41196320499174*x2))-((4.683285720205584+4.683285720205584)*(4.683285720205584-8.473275206907662)))*(((x2+8.645803971993182)-sin(5.7804712425108))*((x1/ 8.473275206907662)+(x3+8.645803971993182))))))",0.9439384659114085,0.6260776784865305
"GP-RV IA",100000,3.975949764251709,"210_cloud",26,True,"-1.6913303193809364 + (-0.003143630885727749 * (((sin((x1/ 0.6486772194116033))+((0.6486772194116033*6.097840654000514)*(x0-6.097840654000514)))*(((x2+6.097840654000514)-sin(0.511185621880335))*(x3+(x0+4.109151401579165))))))",0.948590977228141,0.6243189342591233
"GP-RV IA",100000,4.988255023956299,"210_cloud",21,True,"0.18746827672768532 + (0.018666869946517128 * (((((4.416190821219096/ 4.147526927473918)*(x3/ x4))-((2.9907987442829187*0.13194349816965056)*(x0-7.414474879599226)))*(((x2+x3)-sin(6.6064571675040344))*((x3/ 1.922742212160655)+(3.9531451449310104+1.922742212160655))))))",0.9021909242432655,0.8755835057667274
"GP-RV IA",100000,3.905837059020996,"210_cloud",27,True,"0.18814693803384333 + (-0.03810246094598524 * (((sin((x0/ 1.6035689059297695))-((1.866218205515393*2.41356337628141)+(1.0420268138175806-x0)))*(((x2+x3)-sin(2.6171604028768947))*((x0+1.5707947526132622)+(x3/ x4))))))",0.9187220007975943,0.7955482233449747
"GP-RV IA",100000,29.766247272491455,"1199_BNG_echoMonths",27,True,"33.47405282278575 + (-0.019198398072608577 * (((((x2*x8)*(52.841528792261954-x2))+((10.984262587258304+x8)*(x8*29.187996172927875)))+(((x7*x1)+(x4*10.984262587258304))+((29.187996172927875+-15.419066373039787)*(x0*x1))))))",0.43286873465501563,0.44571030190012084
"GP-RV IA",100000,3.537884473800659,"210_cloud",29,True,"0.07521825322430711 + (-0.3520304087651995 * ((((sin(x0)-(x3*x3))/ (sin(x3)+x4))-(x2+x3))))",0.913046586787207,0.4839853081296056
"GP-RV IA",100000,30.7844340801239,"1199_BNG_echoMonths",25,True,"25.063469087619875 + (-16.64731726812038 * ((x0+(((x4/ 64.9942803665383)-(26.525294905744076/ x1))+sin((x8*63.282068132749075))))))",0.42625535752667554,0.460330751889946
"GP-RV IA",100000,31.743247270584106,"1199_BNG_echoMonths",25,False,"((((29.581287673714602-x2)-(x0*18.808224114605956))+(sin(29.581287673714602)-(x8*x5)))+(((9.145399693089663/ x5)-sin(13.324991333288967))+((x3*9.145399693089663)-(x3*x4))))",0.4207924498318075,0.4608225275128347
"GP-RV IA",100000,3.944579601287842,"210_cloud",28,True,"-0.052420241022043026 + (-0.06540787941709154 * (((((x1-x1)*3.6739641762862343)-((x3*5.460087269799871)+(x2*1.8004324319311633)))*(sin((x2/ x4))+1.4969288549141329))))",0.9019120326785494,0.8231075936067169
"GP-RV IA",100000,5.066616535186768,"210_cloud",25,True,"0.6129394508825415 + (0.43194993854658625 * ((((sin(0.5279088953652555)*(-0.5075549730844534+x3))/ ((x0+x4)/ (x2+x3)))+(x2-sin((1.988260008513496-x3))))))",0.9267580202398705,0.8338869483902223
"GP-RV IA",100000,30.98220181465149,"1199_BNG_echoMonths",26,False,"((((30.658532876161278-x2)-(x0*19.02403897190264))+sin(sin(x0)))+(((0.5828029249481528/ 0.5828029249481528)-(6.67007518994143*x8))+((x7*x3)-(x3*x4))))",0.43181297112102013,0.41426327269309104
"GP-RV IA",100000,4.182699203491211,"210_cloud",29,False,"((x3+(x2+(-0.3913517603562385*x4)))/ 1.5604489571809137)",0.8767039991905649,0.8253114803669093
"GP-RV IA",100000,33.30897569656372,"1199_BNG_echoMonths",24,True,"-305.0825719042096 + (-16.8286698606754 * (((((32.790238523728306+x7)/ 76.5906306833633)*x8)+(((x0-20.052146028378843)+(x4/ 76.5906306833633))+sin((69.24276839549015*x2))))))",0.4402676918413896,0.41348069278808963
"GP-RV IA",100000,33.700639724731445,"1199_BNG_echoMonths",24,False,"((((28.90042591373556-x8)-(x0*18.22697441004117))+sin(sin(-4.577067621487993)))+((sin(33.47030805395157)-x7)+(x3-(x8*x5))))",0.4301105930094795,0.40015783757071166
"GP-RV IA",100000,5.192856311798096,"522_pm10",0,False,"(((3.881728098742009/ 0.5441260594416824)/ ((2.5280111127723544+x0)+(x2+3.0210558600023605)))*x0)",0.1482614351244126,0.06636989814971594
"GP-RV IA",100000,30.202935457229614,"1199_BNG_echoMonths",29,True,"24.00060924646623 + (-0.32655705971051313 * (((24.729904076291955*(x0+(x0+x8)))-(((50.50165430664173-x4)/ (x1/ 38.396020017447036))+(x7/ sin(12.393882086117404))))))",0.43555104692216595,0.44180305511245166
"GP-RV IA",100000,4.653959035873413,"522_pm10",4,False,"((((2.201276653219409*5.519228532299809)/ (x2+2.201276653219409))/ 3.335434439364213)+(x0/ (1.0039161090592386+1.7909835856133616)))",0.18652697074842994,0.20342505618787687
"GP-RV IA",100000,35.53605079650879,"1199_BNG_echoMonths",23,False,"((((30.84585721515524+x0)-(x0*20.344981612260796))+sin(sin(23.54388212694908)))+(((35.94066265700871/ 30.84585721515524)-(5.504503754610521*x8))+(sin(x7)-(x3*x4))))",0.43545802610029616,0.38709264744474414
"GP-RV IA",100000,5.188761234283447,"522_pm10",2,False,"(((x5+(x0+3.344510827628303))-x5)/ 3.1774617212608645)",0.14559217518708834,0.05770523041601072
"GP-RV IA",100000,35.91248035430908,"1199_BNG_echoMonths",22,True,"995.6623141072577 + (-17.36711478961744 * (((((30.276838607076336-30.276838607076336)+(x0+55.741528638694895))+((x4-20.00017425832188)/ (17.058815652826326*x5)))-(((x8/ x1)-(23.164667171080193/ 55.741528638694895))*x8))))",0.43205488711653506,0.4243694603941124
"GP-RV IA",100000,36.912976026535034,"1199_BNG_echoMonths",22,False,"((((32.09973925792751-x7)-(x0*18.05691220935264))-(sin(26.816572603925152)*(x8*6.606493605551417)))+(((11.751469835658844/ x6)-x2)+(x3-(x3*x4))))",0.43227262328605376,0.42333334207394724
"GP-RV IA",100000,6.103038549423218,"522_pm10",1,False,"((((4.081003037805637*x6)+sin(4.867644759740814))/ ((x6+x1)*(x2*x0)))+(((x4/ x0)/ (-0.4871081842400238-x4))*((8.315343123861947+4.486653893156137)-(4.867644759740814*x0))))",0.17090783868996662,0.19121056569761763
"GP-RV IA",100000,5.696695804595947,"522_pm10",3,False,"((((x0+2.11253891241745)/ (3.0368396471111208-4.368819288784131))*((3.1967332209978196-2.8309428889378636)-sin(2.1446800703863795)))+sin(((x3/ x5)*(2.11253891241745-x2))))",0.1636662379088134,0.15083306154858667
"GP-RV IA",100000,4.790549039840698,"522_pm10",6,False,"((((x0-4.513859680466975)*sin(2.9024657420516218))+sin((-0.09866376287778333*1.5341999762499856)))+2.834052465666047)",0.0919429601801971,0.21418149580923773
"GP-RV IA",100000,6.92082142829895,"522_pm10",0,True,"1.2482996759261293 + (0.3035957213209495 * (((sin((2.43332754979213-x3))*(sin(x3)-(x2/ 2.3853149558476745)))+x0)))",0.2415783721907434,0.2452382864407323
"GP-RV IA",100000,5.818582534790039,"522_pm10",3,True,"1.019919301540452 + (0.29683418335007455 * (((1.1216622135854726*(sin(x2)*(2.0152312727531227/ x2)))-(((x1/ 6.215060728299963)*sin(x3))-x0))))",0.26476718072715266,0.18434130594122577
"GP-RV IA",100000,6.2074079513549805,"522_pm10",2,True,"3.752990822200689 + (0.5054665794802472 * (((sin((3.881065667701364/ x2))+(x2*(3.3823771421009785-2.8260330075699938)))*sin(((x0/ 2.1691900388819456)/ (2.1691900388819456-3.3875260487034025))))))",0.24594482157376507,0.13584246928881916
"GP-RV IA",100000,34.49394965171814,"1199_BNG_echoMonths",26,True,"-681.1716850646179 + (-84807.4867629771 * ((sin(((x0+89.6901816418986)/ (-6.441449315110319-32.37607115794779)))/ (((x8+89.6901816418986)*sin(89.6901816418986))-((45.92123161597462-x4)/ (x1*x7))))))",0.43738067515188706,0.4188655339809879
"GP-RV IA",100000,4.693535566329956,"522_pm10",12,False,"(1.2592100552849081-(((2.461718190723847-3.4225583003840216)-(x0*3.911270469935705))/ ((x2+3.911270469935705)+(3.4225583003840216*2.0639042097003415))))",0.17631132610676292,0.12392628470247546
"GP-RV IA",100000,5.206912279129028,"522_pm10",8,False,"(3.7922510170156367-sin(((x0-0.9905151439244051)/ 2.3906524109725242)))",0.11756192930177412,0.16149762444168603
"GP-RV IA",100000,7.046792507171631,"522_pm10",1,True,"0.6256819691384173 + (0.28286493534452534 * (((((0.5561958321430527*x2)+(2.7373149106979673-2.53844882819969))*sin((x3-2.320579318257055)))-(((1.6445794124379414-x0)-(2.7373149106979673*1.6445794124379414))-((x3/ 2.53844882819969)+0.5561958321430527)))))",0.24366385035040905,0.24075746479452786
"GP-RV IA",100000,6.372051477432251,"522_pm10",4,True,"0.6320626192120811 + (0.33075501191741763 * (((((2.1668293249048167+x0)+sin(4.0895945721595135))+((1.6383608455783518/ x2)-(1.064389442181282-0.5967810665189042)))+(sin((x3-1.9276843783582072))-(sin(1.064389442181282)/ (x4*1.9276843783582072))))))",0.23534580836912367,0.21398995746959537
"GP-RV IA",100000,5.401509046554565,"522_pm10",7,False,"(1.3392392530838326+(((2.5829121783891127-2.2485351069843107)+(x0*2.2485351069843107))/ ((x2/ 3.7736955976008324)+(1.9373478145542569*3.7736955976008324))))",0.14953454406270927,0.17743104239896312
"GP-RV IA",100000,34.373841524124146,"1199_BNG_echoMonths",27,False,"((((17.821149590181612-x2)-(x0*17.821149590181612))+(sin(x5)-(7.0264182689631705*x8)))-(sin(sin(42.10768541323206))*15.349743113284212))",0.42284937460559746,0.422387083070103
"GP-RV IA",100000,5.660247802734375,"522_pm10",9,False,"(5.0451956206205-(((8.020137816210141-3.1324606724876713)*(2.338557749021517*2.381136408825472))/ ((2.7098238444200233-x2)+(x0*2.381136408825472))))",0.20532336025782083,0.06413208795070868
"GP-RV IA",100000,6.442095041275024,"522_pm10",5,True,"2.1641309310086085 + (0.6071478037147057 * (((((3.8298570522515627/ 2.436293411610399)/ (3.8298570522515627/ x0))-sin((x2/ x0)))+sin(((x3+4.307940714659725)*(x2/ x2))))))",0.23280811420637593,0.20335888813315728
"GP-RV IA",100000,6.556831121444702,"522_pm10",5,False,"((((7.327476257670624*3.517885367729906)/ sin(5.578016077638472))/ ((x6-x1)-(x0-x6)))+(((x4/ x0)/ (x3-x4))*((7.327476257670624+x2)-(4.894653025792402*x0))))",0.13325299421727121,0.16121651603849563
"GP-RV IA",100000,5.729136228561401,"522_pm10",11,True,"0.8914291362270054 + (0.42281964252093 * (((((2.973731394568829+x0)-sin(x3))/ 1.6623028150345616)+sin(((1.6623028150345616-x3)*(2.565449420491131+0.2541241903891849))))))",0.2474737303482648,0.10468483145867391
"GP-RV IA",100000,6.408267259597778,"522_pm10",6,True,"-1.6612563419858868 + (0.305138863834792 * ((((sin(x2)*(2.175183055912811/ x2))+((1.8420407701210748/ 2.175183055912811)+3.353793612316089))+(sin((x3+10.805929948826506))+((5.092460979189984+x0)-(x2/ x6))))))",0.24200686570327312,0.23908308381421173
"GP-RV IA",100000,33.83115267753601,"1199_BNG_echoMonths",28,True,"36.622620986949045 + (-13.489737204128154 * (((((11.449649491514371+x8)/ (39.689035249447144+11.449649491514371))+sin((x2/ 39.689035249447144)))*(((x8*x7)+(5.3290152636433215*x0))-((x1+x1)/ (x4-64.6385349604154))))))",0.4288552687135392,0.4521610747922902
"GP-RV IA",100000,6.155266523361206,"522_pm10",10,True,"2.728705424639282 + (-0.2911930132647771 * (((((-1.094796530560045*x0)+4.186223449955191)+((x2*3.8848127122692118)/ (2.148654721818294+x0)))+sin(((x3*x2)-4.653748696730255)))))",0.2782363626979212,0.013304416588171164
"GP-RV IA",100000,6.172842025756836,"522_pm10",11,False,"((((x0-2.4368285800118077)+(4.351440113566045/ x0))/ ((0.15800870485547516+2.4368285800118077)+(0.15800870485547516*x2)))+1.6111928408381382)",0.15243029797370378,0.19872947424627985
"GP-RV IA",100000,5.540619850158691,"522_pm10",15,False,"(3.7684893137873767-(((3.585211237462853-1.3552303133888832)*(x2*3.4512972993909212))/ ((x5-x0)+(x0*x0))))",0.1738902765759185,0.0763680209325085
"GP-RV IA",100000,5.642542362213135,"522_pm10",14,False,"(((2.929694509363217/ 4.916030998424804)-((2.0967239528187855*x2)/ (x5+x0)))+3.0859343370969334)",0.12349422016832401,0.12047540111233612
"GP-RV IA",100000,5.742914915084839,"522_pm10",13,True,"1.136143615178461 + (-0.3374019325014608 * (((sin((1.2510424988329474+x3))+sin((x2-2.601664846441973)))-x0)))",0.27633002047736777,0.06899129887802702
"GP-RV IA",100000,6.87000298500061,"522_pm10",10,False,"(4.580237315247957+(((x4/ x0)/ (0.16398501016925343-x4))*((6.320102335758384+x2)-sin(x0))))",0.19803083493497997,0.03354601341929564
"GP-RV IA",100000,7.3167500495910645,"522_pm10",7,True,"1.5309766428918892 + (0.7299680903676337 * ((sin(((x3-x2)/ (3.002213949900224+x3)))+((sin(2.087752680068599)+sin(3.767587512344638))*(x0+(x0/ 2.087752680068599))))))",0.25524295152074106,0.22261382349732706
"GP-RV IA",100000,6.382490873336792,"522_pm10",13,False,"(((sin(x2)+sin(x0))/ 2.549783976487893)+3.0461810806334597)",0.18359910840568316,-0.0028919456949449973
"GP-RV IA",100000,6.150453329086304,"522_pm10",16,False,"(2.7681016495017516/ sin(((x0/ 1.7503695339505745)/ 1.9981240438038657)))",0.1429625025892728,0.051779001004169434
"GP-RV IA",100000,7.667544603347778,"522_pm10",9,True,"0.42298736799764936 + (0.30794063854893944 * ((sin((x3+(3.375555898607576-5.318972756359903)))+(sin(sin(x2))+((3.375555898607576+x0)-(x2/ 6.345087361377891))))))",0.2523344169307391,0.14989652637062578
"GP-RV IA",100000,6.57404637336731,"522_pm10",14,True,"3.6245797111459743 + (0.10269508312996609 * (((sin((2.2231704663713057-x2))+sin((0.8005457651652188+x4)))-(((2.2231704663713057+2.2231704663713057)+(3.7238336289069207-x0))*x2))))",0.22458974350030259,0.22468876965399753
"GP-RV IA",100000,35.43199706077576,"1199_BNG_echoMonths",29,False,"((((31.992196246859173-x0)-(x0*17.76791910591176))-(sin(31.595262663933443)+x2))+((sin(x8)-(8.133029474021633*x8))+((x7*x8)-(x3*x4))))",0.42384178193525046,0.42711282629475456
"GP-RV IA",100000,8.139564990997314,"522_pm10",8,True,"3.6235258149768184 + (-0.29934314613206303 * ((sin(((x0-6.080937450020512)+(5.295435947515924/ 2.4611156928719264)))+(sin((x3-5.295435947515924))*((1.545255643175155+2.4611156928719264)/ (x0/ x2))))))",0.26448965801682345,0.1811521015426819
"GP-RV IA",100000,6.093705892562866,"522_pm10",16,True,"4.077791761567189 + (-0.024389159562454035 * (((sin((x3*x0))+x0)*(x2*((8.027617997443059-x0)+(2.3628993894110337/ x2))))))",0.2520005569892083,0.1406578104630698
"GP-RV IA",100000,5.946239948272705,"522_pm10",17,False,"((((x2/ 2.970567446670455)/ (2.970567446670455-x0))+1.8522422351571035)/ 0.4783376401573428)",0.14978338554529025,0.024231285675220926
"GP-RV IA",100000,7.3703508377075195,"522_pm10",15,True,"1.4507444014729343 + (0.37304838738216595 * (((sin((4.836522264645447+x3))+(sin(x2)/ x2))-(1.6981211217172851-x0))))",0.25980928997618136,0.15023700064598766
"GP-RV IA",100000,5.7709949016571045,"522_pm10",19,True,"4.657433638370984 + (-5.050844955298327 * (((sin((3.996879054159985/ x2))+3.804917579213772)/ (((3.804917579213772-2.0866080499504447)*(x0*3.857564380639909))-(x2+(x0*3.804917579213772))))))",0.22330117569243446,0.09372757775292184
"GP-RV IA",100000,37.18628644943237,"1199_BNG_echoMonths",28,False,"((((36.09263488525935-x7)-(x0*16.563766476629837))+sin(sin(51.83435986241945)))+(((x1/ -16.25878878896082)-(11.80617431543503*x8))+((x5*x8)-(x3*x4))))",0.4255093750686837,0.43818361179007403
"GP-RV IA",100000,8.549504280090332,"522_pm10",12,True,"1.0817031599581601 + (0.1952719029253534 * ((sin(((1.8066045589498607-3.5217673084971515)+(2.7058297595464467*x3)))+((sin(x2)*(3.5217673084971515/ x2))+((2.066589832095441*x0)/ (5.087337982182122/ 3.8165298416432303))))))",0.2570026044743531,0.2092042454367199
"GP-RV IA",100000,6.02869987487793,"522_pm10",19,False,"((sin((3.184948909209338*2.2313147009697323))+((0.8113953748682591*1.8456290440816983)+(0.8113953748682591/ x2)))-sin(((4.637413600807955-x0)/ (2.2313147009697323+1.1796332420237159))))",0.16793989538130616,0.07914711635965144
"GP-RV IA",100000,6.491436004638672,"522_pm10",18,False,"((((x0+4.6985980748328355)/ (5.166715622207654-2.176878919230642))-((2.593093285301607+2.1961811489833645)-(2.0410167678404725+2.176878919230642)))-(((x3/ x5)*sin(x0))+((6.277266589143727*x2)/ (x0+x6))))",0.16265894975040684,0.18873583524482662
"GP-RV IA",100000,7.0203857421875,"522_pm10",17,True,"3.715125279131431 + (-0.9252686753638087 * ((x2-((x0/ (2.676618147551285*3.0991588638848455))*(x2-(5.8521951938907275/ x6))))))",0.23189679059518076,0.1498991887118819
"GP-RV IA",100000,5.6305625438690186,"522_pm10",22,False,"(3.0915989357926246-(((2.834966253419874*4.833536565159344)-(x0*2.1104868153278877))/ ((x3+x3)+(x0*1.0171473648373877))))",0.15384286332777874,0.02303991245457082
"GP-RV IA",100000,6.606925010681152,"522_pm10",20,False,"(sin(2.65557857850489)*(5.668537246321836/ sin((6.5832855646106125/ x0))))",0.13942766835892562,0.07683086056523325
"GP-RV IA",100000,6.199652433395386,"522_pm10",21,False,"((((x0+2.3588171074752435)/ (4.084116786883269-2.3588171074752435))+((1.9022627936246728+2.3588171074752435)-(1.8215082322536242+1.9486195039369791)))/ 1.8215082322536242)",0.1552850108312238,0.03191697115213288
"GP-RV IA",100000,5.890513896942139,"522_pm10",23,False,"(3.6402557308180477*sin(((2.726730514834968-2.567699109042481)*x0)))",0.12677602974271296,0.06279570043874294
"GP-RV IA",100000,5.822657108306885,"522_pm10",23,True,"3.9445092520097877 + (0.08742332438538994 * (((x0-((5.375029272688099-0.019754297322004233)+3.100502826033324))*(-2.18403582638428+((0.019754297322004233+x0)+(x2-1.4738900785322309))))))",0.2385215469662484,0.15186586736771923
"GP-RV IA",100000,6.538633584976196,"522_pm10",21,True,"3.6378468234618397 + (-0.16359286493243827 * (((x2-((2.976459424032058*x2)-sin(4.504609704700327)))*sin((sin(3.5509030575140366)*(-0.15566233267242557+x0))))))",0.23072187800337252,0.16428405733980744
"GP-RV IA",100000,6.947476625442505,"522_pm10",20,True,"2.159904961974843 + (-0.3105360688090388 * (((((3.0885348490480817-x0)-sin(x2))-sin((4.575749536187714+x3)))+sin(((x3*-1.6596161308448019)*sin(x3))))))",0.28218816848371087,0.13106216682563943
"GP-RV IA",100000,7.616846323013306,"522_pm10",18,True,"3.8702263433405264 + (0.8444025747438438 * (((sin((2.6934920806447225/ x2))/ ((4.385993289629233-5.382875607220893)*(2.6934920806447225/ x2)))+(sin(sin(2.3709573785919744))*sin((5.382875607220893+x0))))))",0.2200953089224308,0.12334703064192865
"GP-RV IA",100000,5.485557794570923,"522_pm10",28,False,"(x0/ (((x6/ x0)/ (x2-x6))*((2.924283790724863+2.79112383032924)-(2.924283790724863*x0))))",0.14795721709847787,0.1604804754615199
"GP-RV IA",100000,6.777076482772827,"522_pm10",25,False,"((((3.2958371685897587-1.0430697976612762)-(x2/ x0))+((6.744567996291487-x0)/ 6.744567996291487))+(((x0/ 5.123924726916663)*(1.0430697976612762+1.0430697976612762))+((x4-x4)+(3.7653365091170965-5.123924726916663))))",0.20769236722027562,0.09367883260940446
"GP-RV IA",100000,6.666440963745117,"522_pm10",26,False,"((((0.8851920688799562*8.438849936533032)/ sin(5.0149470203628335))/ x4)+(((x4/ x0)/ (0.8851920688799562-x4))*((x2+8.438849936533032)-(5.0149470203628335*x0))))",0.19279266367978432,0.08485967668705952
"GP-RV IA",100000,5.623955249786377,"557_analcatdata_apnea1",1,False,"((((x2+-1287.4469515316732)*x0)-sin((x2*9706.61964465556)))*sin((sin(x1)+(23171.772436193525*x1))))",0.15007499524497936,0.1836280038846243
"GP-RV IA",100000,6.831819772720337,"522_pm10",26,True,"1.5288993646192688 + (0.07797829095542592 * (((x0+(sin(4.684347761532252)+sin(x2)))*(sin((4.574609891409594+x3))+((1.366653050473038+3.84039210964718)-sin(20.811697971235887))))))",0.2532728994449296,0.15459996039130064
"GP-RV IA",100000,7.74566912651062,"522_pm10",22,True,"3.757813920973791 + (-0.16529089498327004 * ((((sin(x1)+(x2+0.72681045300311))*sin((x0/ 2.625019790914548)))*(((1.7317100840320898+3.3222007477301583)+(x3+x0))/ ((1.7317100840320898*3.3222007477301583)-sin(x6))))))",0.25554406714170064,0.05115925391772835
"GP-RV IA",100000,5.951144218444824,"557_analcatdata_apnea1",0,False,"((sin((x1*14745.03844496423))*((3617.092598807888+x0)-(3617.092598807888*x1)))*sin((sin(5811.008474600031)*(4293.09709727338+x0))))",0.271007301229958,0.11529283749179609
"GP-RV IA",100000,7.277063846588135,"522_pm10",24,True,"-0.1058198842329806 + (-0.011485503832359686 * (((((5.578166565450192*x2)+(5.009683569962988*5.82324685116258))*sin((x3-5.009683569962988)))-(((5.82324685116258+x0)*(5.009683569962988*5.009683569962988))-((x1*2.188786396982361)-(x5-2.188786396982361))))))",0.24905831316347582,0.17176566619682443
"GP-RV IA",100000,7.537929058074951,"522_pm10",24,False,"(sin(((4.025105084237282-3.0078075321764812)/ x2))+((sin(3.739341838361061)+(3.7136581584364707/ 4.025105084237282))*(x0+sin(1.5659765102060204))))",0.20997523172135046,0.15619366640986798
"GP-RV IA",100000,7.047008037567139,"522_pm10",27,False,"((4.769646042708555+x0)/ (((x2/ x0)+3.4679616816453716)-sin((2.2281516435775415/ x0))))",0.15632840222087718,0.2526236564951957
"GP-RV IA",100000,6.222351789474487,"557_analcatdata_apnea1",0,True,"204.11649649680055 + (10339961.013386777 * (((sin((29777.404723356747-x1))/ ((26160.676848748204+x2)-(26555.708208119766-x2)))/ (((10164.817581684862*x1)+(x1-29777.404723356747))*sin((3088.3296183690236+x0))))))",0.9077435538520783,0.7966265220670996
"GP-RV IA",100000,7.583487033843994,"522_pm10",25,True,"1.2138984957525474 + (0.14046018044335734 * (((sin((x3+4.042109675521573))*x2)+(((x3/ x2)+(0.7568035407523204/ x2))+(x0*2.288461824281502)))))",0.2627107537859372,0.20379247050079563
"GP-RV IA",100000,7.008160352706909,"522_pm10",29,False,"((((x0+3.1103875387700644)/ (3.1103875387700644-2.023713636520016))-sin((1.21183538409062+x3)))/ 2.6622840726263615)",0.1934981446059133,0.14174715761356638
"GP-RV IA",100000,7.667704820632935,"522_pm10",27,True,"2.8981295492904677 + (0.45194413767690705 * (((((5.140737569299107-x0)-sin(x2))*sin((-1.0056349232250323+0.3542549306052879)))-sin(((2.761991159275695/ x2)-(x3/ -1.0056349232250323))))))",0.2563719523588256,0.273535316520795
"GP-RV IA",100000,7.759663343429565,"522_pm10",28,True,"2.894415834627039 + (0.3087923984737304 * (((sin((x3+4.08385020545262))/ (4.415217923454216/ (x2+4.415217923454216)))+(((x3+x5)/ (x5+x2))*((2.9507553613651005+x0)-(2.9507553613651005+4.08385020545262))))))",0.23178241246114806,0.23679313681338898
"GP-RV IA",100000,6.708430051803589,"557_analcatdata_apnea1",2,False,"((sin((x1*19256.35205646146))*((x2/ 14293.515469491094)-(x0*1781.6531613863067)))*sin((15330.573802076206*(545.4146812575925*x0))))",0.3606562831338842,-0.04634953121910734
"GP-RV IA",100000,6.215789556503296,"557_analcatdata_apnea1",4,False,"((((8436.56181457608/ 2387.788419124652)/ sin(15275.416738488024))*((x1*x0)+(x0*x2)))/ sin(((308.93932777340416*9674.067912055338)*(x1+17690.07798072062))))",0.2175544705932546,0.08881812589331894
"GP-RV IA",100000,6.868789196014404,"557_analcatdata_apnea1",2,True,"244.40913447603424 + (120.10230768655616 * ((((sin(x2)/ (11414.326567738226-11396.387954340618))+sin((x1*x0)))/ sin(((24835.249471724896-x1)*(x0+11414.326567738226))))))",0.9176155456254144,0.8430150625380055
"GP-RV IA",100000,6.810034513473511,"557_analcatdata_apnea1",3,False,"(sin(((x1*x0)*(x1-34657.345726550746)))*((sin(5804.24131848224)*(x1*x1))+((1926.473611862309*x1)-(1926.473611862309+x2))))",0.1994162133031081,0.24082427260466266
"GP-RV IA",100000,6.674546718597412,"557_analcatdata_apnea1",3,True,"244.22496059918467 + (55.99409941679492 * (((sin((12790.171407316308+x0))-sin((x1-12790.171407316308)))/ sin(((x1-x0)+(x1-8007.77330565798))))))",0.9239995849376718,0.8548384537160572
"GP-RV IA",100000,5.8721911907196045,"557_analcatdata_apnea1",6,False,"(((sin(x1)*(1809.56539211377/ 19053.107723761317))-((x0*228.0783237340578)*sin(12828.062665062484)))/ sin(((x0+1809.56539211377)+(x2-x2))))",0.1873643001276024,-9.4651791743906
"GP-RV IA",100000,7.224988698959351,"557_analcatdata_apnea1",1,True,"198.1276373733565 + (-57.63304508346225 * ((sin(((x0*10754.118185317217)-sin(x0)))/ sin(((x1+11554.632493146026)-(x0+x0))))))",0.8844554857738172,0.9008938821694306
"GP-RV IA",100000,7.758964776992798,"522_pm10",29,True,"1.1800962297094832 + (0.2972463803892014 * (((((2.337701677732503/ x2)+sin(x3))*(sin(x2)-(x2/ 4.052287251251983)))+x0)))",0.263757799539587,0.12952197476186778
"GP-RV IA",100000,5.6126484870910645,"557_analcatdata_apnea1",7,False,"((((x0--1082.3016715139374)-sin(15363.288286095116))*sin((-1082.3016715139374*x1)))+565.5786692095264)",0.0703384464690947,0.05958033650455041
"GP-RV IA",100000,6.338052034378052,"557_analcatdata_apnea1",5,False,"((((x2+x0)+x0)/ ((x1*5032.286850163192)-(x0+15062.160310463274)))*(((5032.286850163192-x1)-(7765.285564556523/ 5171.783957987309))+sin(sin(x1))))",0.15174972204276138,0.14611513545190202
"GP-RV IA",100000,4.846858978271484,"557_analcatdata_apnea1",11,False,"((sin((3924.720922503403-x1))*((x1*831.5839000086889)-(-435.74353264063484/ 15278.838757610745)))-(((831.5839000086889--435.74353264063484)+sin(3924.720922503403))+(sin(15278.838757610745)*(1118.5417909718603+x1))))",0.0741726503105875,0.06615663607739608
"GP-RV IA",100000,6.841060161590576,"557_analcatdata_apnea1",5,True,"272.13076150659055 + (39.19588372017001 * ((sin((sin(11101.034884702098)*(11101.034884702098*x1)))/ sin(((x1-4831.4834896878465)+x0)))))",0.8654162051444976,0.8403409134288242
"GP-RV IA",100000,6.112601041793823,"557_analcatdata_apnea1",7,True,"224.2329623257425 + (0.003722857139012705 * (((((x2+11528.005881929388)*sin(9117.418947022627))+(x2-(8149.139103310789/ x2)))/ sin(((14978.831735774243+x0)-(x1*x1))))))",0.8709213279213109,0.6370242595830943
"GP-RV IA",100000,7.03943395614624,"557_analcatdata_apnea1",4,True,"236.2782723498072 + (-0.0004073632572387416 * (((20773.56361731725-(20773.56361731725*x0))/ sin(((x1-x0)+(x1-20991.9816517792))))))",0.886008670877927,0.9119604769210325
"GP-RV IA",100000,5.350578784942627,"557_analcatdata_apnea1",9,False,"(x1*((sin(-3267.6440148764327)*(958.0793800418312*x0))*sin((x1--16457.753482471566))))",0.1451917241026769,0.11922213272511806
"GP-RV IA",100000,5.635671854019165,"557_analcatdata_apnea1",8,True,"247.8841891767087 + (-1071514.8925634578 * (((((15187.171877367764/ 7383.827693461206)+(x1-x0))/ ((22000.742614025312+x1)-(7383.827693461206*x0)))*sin(((x1*11604.751460934936)/ (x2-7383.827693461206))))))",0.8922935150962853,0.8935588562193324
"GP-RV IA",100000,6.422185182571411,"557_analcatdata_apnea1",8,False,"((((877.7560676752798-x0)/ (x2-9495.462794145044))/ sin((x0-9559.65848768526)))*(((x1+x2)*sin(x2))-((9559.65848768526/ 5268.683752813692)+(877.7560676752798*x0))))",0.17071693518342757,0.02678323357220791
"GP-RV IA",100000,6.230608940124512,"557_analcatdata_apnea1",10,False,"((((20344.13923758563-5736.699409574776)/ (920.3253535324975-7435.409560730911))-((x0-x0)-(10498.138930186155-10223.227131757098)))/ sin(((x0-10498.138930186155)+(x1--3907.416527738563))))",0.23481120441521408,0.039957199300908464
"GP-RV IA",100000,7.882848262786865,"557_analcatdata_apnea1",6,True,"147.13569216591546 + (-3.45908144606567 * (((((-180.2691313630803/ 12098.111443919346)*(1571.11865064005+-180.2691313630803))+sin((x2+x1)))/ (sin((12098.111443919346*-180.2691313630803))-sin((x1*x0))))))",0.911484277606347,-0.008449997698752432
"GP-RV IA",100000,6.8433332443237305,"557_analcatdata_apnea1",9,True,"216.13140139242395 + (85.85367333175087 * ((sin(sin((x0*x0)))/ (sin((x0+6489.048157630163))+sin((13862.248647560393*x1))))))",0.9254595864229485,0.8391222803430947
"GP-RV IA",100000,6.815323114395142,"557_analcatdata_apnea1",10,True,"186.91011689486604 + (36.09739319876319 * ((sin((sin(4928.765723157691)*(23167.939118707167+x0)))/ sin(((x1-25089.74191040479)*(x0-20470.984500378705))))))",0.913902419359731,0.8194595772308415
"GP-RV IA",100000,6.107428550720215,"557_analcatdata_apnea1",13,False,"((sin((x0*1710.5616567086997))*((-1241.8427349941603*x0)--1200.8505625144628))--224.74128615097447)",0.1436177289485795,0.11606469377317918
"GP-RV IA",100000,6.929043769836426,"557_analcatdata_apnea1",11,True,"84.39344057893895 + (-144.4044269411497 * ((sin((9551.938910016146+x1))/ sin(((x1+10967.592467870581)-sin(x0))))))",0.8832881308733237,0.9212086772455984
"GP-RV IA",100000,7.056020021438599,"557_analcatdata_apnea1",12,False,"((sin((x1*12286.716928722171))*((x0+7791.861289990089)-(x0*9552.676959289916)))*sin((sin(9552.676959289916)*(x0+x0))))",0.18204431068192772,0.2156145090891366
"GP-RV IA",100000,6.126220941543579,"557_analcatdata_apnea1",15,True,"193.0023043698715 + (3.564183583126521e-07 * ((((sin(6302.445769984983)*sin(10978.804498967254))+((x0*14395.791694852003)+(10332.87525507155*19975.58777679845)))/ sin(((x1*x1)-(x0+-5077.1022379754895))))))",0.8868998040175488,0.893280873548133
"GP-RV IA",100000,7.100673198699951,"557_analcatdata_apnea1",12,True,"227.30331030441775 + (61.6765867172369 * ((sin(((x0+x0)*(14610.52272661923*16021.710010048231)))/ sin(((x1+14413.906210156698)-sin(x0))))))",0.8944870148978321,0.9067353272017529
"GP-RV IA",100000,6.947206258773804,"557_analcatdata_apnea1",13,True,"236.83623406459623 + (-52.476965349469104 * ((sin(((x0-x1)+(23427.58867075265-x0)))/ sin(((x1+18818.425297608672)-sin(x0))))))",0.9051323676187043,0.8919300042446423
"GP-RV IA",100000,5.863945007324219,"557_analcatdata_apnea1",17,False,"((((x1/ 8455.210287304177)-(14159.57418180682-x2))+((x1*x0)+(x0+14000.564660030408)))/ (sin((x0*22566.554649980557))-sin((18939.40456577037+x1))))",0.7553914271492865,0.7613590265191539
"GP-RV IA",100000,6.927923679351807,"557_analcatdata_apnea1",15,False,"((sin((6529.738006171385+x1))-((x2*x0)-sin(17439.347801516415)))/ sin(((x1-x0)+(x1-6609.7661335278435))))",0.6381393109130081,0.5571410963803645
"GP-RV IA",100000,5.724200010299683,"557_analcatdata_apnea1",18,False,"((((x1*x0)-sin(10446.897891824405))*((x0-10446.897891824405)/ 979.0386160979451))*(((x1/ 8129.002963138734)-(6977.705859669442/ 5968.532063962001))/ sin((19129.321203991483+x0))))",0.21567046263713496,0.19022834907902164
"GP-RV IA",100000,6.266627073287964,"557_analcatdata_apnea1",16,False,"((((6201.07100987415/ 161.2665121321088)/ sin(24375.4629838898))+sin(sin(2215.969700039789)))/ sin(((10202.434517887872*7963.629414444165)*(x0+10202.434517887872))))",0.09772454995084845,0.10378482094974939
"GP-RV IA",100000,7.430832147598267,"557_analcatdata_apnea1",14,False,"((((7373.447429614771/ 13326.718353058148)-x2)/ sin((8947.696784508415+x0)))/ sin(((11611.180251029977-x1)+(x0/ 4214.839326142095))))",0.3092730790755426,0.2314486335002104
"GP-RV IA",100000,5.8122758865356445,"557_analcatdata_apnea1",21,False,"((((9402.49102261681-10950.528949202573)*(2956.8070392169343-x2))*((2956.8070392169343-9402.49102261681)+(9402.49102261681+x1)))/ (((x2-15298.464499199445)*(-1543.2273329525065*x1))+((14538.324359300039+10790.162300877002)*(x0-2956.8070392169343))))",0.16073732325136647,0.11968362723486314
"GP-RV IA",100000,5.135434150695801,"557_analcatdata_apnea1",23,False,"((((x2+x0)-sin(6094.541447336453))/ (sin(x1)+sin(22861.507521060797)))-(((12628.600047327462*x0)-(10843.741583202043/ -6050.824451405479))/ ((x1+x0)+(x0-22861.507521060797))))",0.21089002728603345,-0.020983011006328045
"GP-RV IA",100000,6.347751617431641,"557_analcatdata_apnea1",19,False,"(sin(((10385.213514745092-953.1405781498718)+(x0*11257.61066789668)))*(((953.1405781498718*x0)-(953.1405781498718/ 12092.615737578168))+sin((x2*-449.15379021479066))))",0.12424447451007403,0.03125626796031222
"GP-RV IA",100000,6.229912281036377,"557_analcatdata_apnea1",20,False,"((((1447.5582939541623+x0)+(x1*1447.5582939541623))+sin((x0+1787.0614543346683)))*sin(((16134.92460738001*-2114.6709970498505)*(x1*x0))))",0.30375792160644033,0.023480388092560478
"GP-RV IA",100000,6.939291000366211,"557_analcatdata_apnea1",16,True,"221.23946372460176 + (-46.372502834323534 * ((sin((11795.086728135162*x0))/ sin(((x1-x0)-(x0+2701.914367628386))))))",0.8652865914084275,0.95740805008151
"GP-RV IA",100000,7.949033260345459,"557_analcatdata_apnea1",14,True,"210.13411345906886 + (278657.4776352804 * (((-457.14695835902785/ ((x2--1153.5002000139052)+(-457.14695835902785*15459.63654038903)))/ (((x1-x0)+(x1/ 5559.369283515504))+sin((15459.63654038903-x0))))))",0.8991788138869167,0.8914503789375535
"GP-RV IA",100000,5.158557891845703,"557_analcatdata_apnea1",25,False,"(270.81875251424844+(((x1*x2)+(x2/ 270.81875251424844))/ ((x2/ 1658.2889722182454)+(x1-x0))))",0.26468305482030463,0.102037840652494
"GP-RV IA",100000,5.522289991378784,"557_analcatdata_apnea1",22,True,"237.80088444350028 + (-0.2892800458750762 * (((x0*(x1*(x0*x0)))/ sin(((x1-x0)+(x1-11051.979877843463))))))",0.8955846821571718,0.8910859566157223
"GP-RV IA",100000,5.788695335388184,"557_analcatdata_apnea1",22,False,"((sin((x1*7864.981893542432))*((x0*x1)-x0))*893.294458360608)",0.25016211674019107,0.037069079376052416
"GP-RV IA",100000,4.085407733917236,"579_fri_c0_250_5",1,False,"((((x0*0.7867017553813245)+sin(x1))+((x4*0.47026555119881175)+x3))*0.6032417597684429)",0.7493961943424685,0.4659612723541462
"GP-RV IA",100000,7.2107203006744385,"557_analcatdata_apnea1",17,True,"231.36899929058595 + (-2.1843431155719166 * (((((718.0053643383417/ 6145.374581479651)+sin(x2))+x0)/ sin(((15863.71435158338-x1)*(x0+15863.71435158338))))))",0.9013097946128338,0.9026723930519354
"GP-RV IA",100000,5.2999560832977295,"557_analcatdata_apnea1",27,False,"((sin((x1+2810.12167596938))*((23649.073289982374/ -72.98975668092316)-(x0*2810.12167596938)))*sin(((2810.12167596938*x1)*(x0+10651.1501009692))))",0.5300049543726808,0.5430121953995504
"GP-RV IA",100000,5.835039377212524,"557_analcatdata_apnea1",24,False,"((sin((x1*7264.924038611371))*((x2+x1)-(x0*1133.6937288897727)))*sin((sin(15436.882705887434)*(5832.882171217127*x0))))",0.2318540842776331,0.26987632756116897
"GP-RV IA",100000,6.656259059906006,"557_analcatdata_apnea1",21,True,"252.2156012982092 + (-106.29535184587816 * ((sin(((x1+11489.51438465247)*(19482.40467296264/ 13915.130048331488)))/ sin((sin(x0)-(x1-17831.392632107272))))))",0.886984801505375,0.9522092785511084
"GP-RV IA",100000,4.7870869636535645,"579_fri_c0_250_5",0,False,"((sin(sin(-0.6602089309609899))*((x3+x4)*(-0.42985643478031454-0.3510920685657522)))-sin(((x0*-0.9673049391807113)-(0.14229157469169637+x1))))",0.7455133278325183,0.6111896591440276
"GP-RV IA",100000,5.785482883453369,"557_analcatdata_apnea1",26,False,"(sin(((x1*x1)*(x0--6362.055353344262)))/ (sin((9819.63030936203+8852.310093815442))-((x0-460.5321300336336)/ 460.5321300336336)))",0.5126731270310183,0.12680789059645015
"GP-RV IA",100000,7.372021675109863,"557_analcatdata_apnea1",19,True,"162.20923505986067 + (145.40968233229515 * ((sin(((13821.019196041483*22201.91325500592)*(8894.351133487256-x1)))/ sin(((x1+10951.883921276069)-sin(x0))))))",0.9087975764415905,0.8925724516436723
"GP-RV IA",100000,7.3336992263793945,"557_analcatdata_apnea1",20,True,"212.2346492012986 + (-15.300662829471005 * ((sin(((16163.19980783176*x0)+(5043.680216038535-x0)))/ sin(((x1+15155.078203056644)+(x0*15155.078203056644))))))",0.9037005651640935,0.8929366277099353
"GP-RV IA",100000,6.624105453491211,"557_analcatdata_apnea1",23,True,"192.73918655778854 + (0.004243966855942826 * (((((x0+14153.905356843317)/ (10018.397338939867+x1))-((x0/ 20069.306553327508)-(10018.397338939867-x0)))/ (sin((10018.397338939867+x1))+(sin(x0)+sin(x0))))))",0.9084414598478017,0.8733273881929012
"GP-RV IA",100000,5.262738943099976,"579_fri_c0_250_5",0,True,"-0.037103878408445 + (-0.3903845022936648 * (((((x3/ -1.986332839241197)-(x1+x0))+((-0.8898662278462168*x4)*(x3/ x3)))-x3)))",0.7354937026623177,0.6077400581456742
"GP-RV IA",100000,6.53197169303894,"557_analcatdata_apnea1",26,True,"194.64457814177797 + (-0.0006629280779527013 * ((((sin(x2)*x2)-((7532.406763668372-x0)-(x0*7532.406763668372)))/ sin(((x1-x0)+(x1-7847.556194455589))))))",0.9119247391143912,0.7688625637050349
"GP-RV IA",100000,6.753423452377319,"557_analcatdata_apnea1",24,True,"125.05112174795478 + (-0.00020898207681526503 * (((((13201.641993033645+10582.262730522323)-(x0*18018.184123852654))/ (sin(-659.7183588938324)-(x1-x0)))/ sin(((11371.597978564478--659.7183588938324)+(x0+18018.184123852654))))))",0.9112377288971896,0.8803293173436543
"GP-RV IA",100000,4.644647836685181,"579_fri_c0_250_5",2,False,"(sin(((x0*0.8668814299477803)+(x1+0.275135956282661)))+sin(((-1.3617253067268724+-1.3617253067268724)-(x3--0.21299373971691382))))",0.6914421654470382,0.5777777786862239
"GP-RV IA",100000,6.811173439025879,"557_analcatdata_apnea1",25,True,"206.28971334398852 + (-59.149312549223296 * (((((12910.281085362905*9521.756463653008)/ (x1+14170.292637584571))/ ((16733.59473447006*x0)+(14947.297663440451-17957.406855121393)))/ sin(((x1*7456.638483266967)-(14801.961049190333+x0))))))",0.8990933199060609,0.9194059169434745
"GP-RV IA",100000,6.192707777023315,"557_analcatdata_apnea1",28,True,"275.0251464089746 + (26.129161497261975 * (((sin((2414.743992783324*5678.934421782135))-x0)/ sin(((x1-x0)+(x1-4328.969701782229))))))",0.8779072402633875,0.9806814357556308
"GP-RV IA",100000,8.539483785629272,"557_analcatdata_apnea1",18,True,"143.7858069680348 + (153.83317545051096 * ((sin(((x1+6682.918463834258)*(12713.780312817136+x0)))/ sin(((x1-16156.924318815652)-sin(x0))))))",0.9239369803166086,0.8136766165301059
"GP-RV IA",100000,4.461231470108032,"579_fri_c0_250_5",3,False,"((((x0*0.4873225967814702)+(x1*0.4235124519005871))+sin((x3/ 1.1500985295019284)))/ 1.1961904670421772)",0.6005789294746551,0.5861679234755128
"GP-RV IA",100000,5.10523247718811,"579_fri_c0_250_5",1,True,"-0.012499393396483918 + (-0.674694842475213 * ((sin((sin(-0.11885956226110253)-(x0+x1)))+(((-0.5797686825000891-x3)+(x4/ -1.7388718347910368))-sin((-1.7388718347910368-x2))))))",0.8494222478489661,0.7877257855950744
"GP-RV IA",100000,6.468301296234131,"557_analcatdata_apnea1",29,False,"(((14852.32096923639*sin(890.3641644435975))/ ((x1*3604.934894109774)-(x1+10824.315289639111)))*((x1-(x2/ 2813.7426780753467))+sin((x0/ x2))))",0.19176139696855377,0.02233895417327192
"GP-RV IA",100000,4.684459924697876,"579_fri_c0_250_5",3,True,"0.0071604755310479586 + (0.33201468742833656 * (((sin((-1.4346350108610113+x2))+((x1+x3)+(x4+x3)))-(sin((x0+-1.7952111544595004))-x0))))",0.8023275903281991,0.7753022879295065
"GP-RV IA",100000,7.221070766448975,"557_analcatdata_apnea1",27,True,"156.30196315312 + (0.0008583013988967337 * (((((14493.952956449695-6393.471493125856)+sin(x0))+((9136.551201298673-x2)-(11149.333075972612+12517.775507416276)))/ (sin((15648.351225485283+x0))+(sin(x1)+sin(15648.351225485283))))))",0.9113290636046901,0.8616915036244439
"GP-RV IA",100000,6.567047357559204,"557_analcatdata_apnea1",29,True,"203.56392361417718 + (-0.002584696302106305 * (((14868.785516344446+((x2-10955.028623050539)/ (x2-6511.066288824479)))/ sin(((x0*x1)-(6511.066288824479+8049.793349022796))))))",0.908684937575176,0.8289856344872055
"GP-RV IA",100000,7.150188684463501,"557_analcatdata_apnea1",28,False,"(sin((sin(x1)*(2645.8831001705776-8066.696136692996)))*2645.8831001705776)",0.12258867404599172,0.10154515178945522
"GP-RV IA",100000,5.48997688293457,"579_fri_c0_250_5",2,True,"-0.8082927916635213 + (-1.0481083718492192 * (((sin((1.7630812642569016+-3.256562946403339))*((x3+x1)*0.4636634881878695))-(((x0+2.335280232606526)+(0.8775182920566631*x4))/ ((x1*x1)-(-1.0344050558440308/ 0.4636634881878695))))))",0.7556449657269099,0.7048138085747352
"GP-RV IA",100000,4.7954466342926025,"579_fri_c0_250_5",5,False,"((((x0*0.5126102193631499)+(x1*0.5126102193631499))+sin((x3*0.7667822399314221)))-sin(((0.14965720465144394*x4)/ -0.5170916384714146)))",0.6882369939950514,0.6261339479522742
"GP-RV IA",100000,5.283252239227295,"579_fri_c0_250_5",4,False,"((sin((x1+x0))+sin((x3*0.7672737773146461)))-sin(((x4*0.14922964854052329)/ (-0.3217447168265174-0.14922964854052329))))",0.7914885866752156,0.5933810318740987
"GP-RV IA",100000,4.800677537918091,"579_fri_c0_250_5",6,False,"((sin((x3*0.7630381308581441))+sin((x0+x1)))-sin(((0.5001947690724539*-1.571764798641466)*(x4*0.3803295335847681))))",0.7699625933652503,0.7275771938060237
"GP-RV IA",100000,4.240667819976807,"579_fri_c0_250_5",8,False,"((sin(sin(x3))-(sin(x4)*sin(-0.4089958715803301)))-sin(((-1.5077170790365515*1.9718842808481531)+(x1+x0))))",0.7683681424127107,0.6565098114591718
"GP-RV IA",100000,5.099493980407715,"579_fri_c0_250_5",5,True,"-0.3025210105806487 + (0.3071371353266286 * (((((x3+x0)-(x1*x1))-((-0.6091376255820841-x4)+(-0.8457701487520837-x3)))+(x1+sin((1.0239293209119773+x0))))))",0.79782379091678,0.7592894389000782
"GP-RV IA",100000,5.295347690582275,"579_fri_c0_250_5",4,True,"-0.32045299606101946 + (-0.8441298593565002 * (((sin((x4*-0.41186129906754587))+(sin(-0.41186129906754587)+(x3*-0.7444883815857264)))-sin(((x1-x3)+(x0+x3))))))",0.8058847109818955,0.6218183800885718
"GP-RV IA",100000,4.459839582443237,"579_fri_c0_250_5",8,True,"-0.3724063960971637 + (-0.8475442307398463 * ((sin((sin(-1.2792399393662865)*(x0+x1)))-(sin(sin(-0.3794965325887636))*((-1.2792399393662865-x4)+(x3/ -0.47842821467851604))))))",0.7922052065295461,0.7274945638084127
"GP-RV IA",100000,4.360472679138184,"579_fri_c0_250_5",9,False,"((((x0+x3)+(x1+x4))+((x3*0.7127973711185266)+sin(0.0805197380923185)))*0.3770451573082253)",0.7368568119365024,0.6070570675898002
"GP-RV IA",100000,5.164235830307007,"579_fri_c0_250_5",6,True,"-0.5197217051676005 + (-0.8478689862857511 * (((((x4*0.6371715185424583)*(-0.36262668724787017/ 0.6371715185424583))+((-1.7249222850159123--1.1102039891605462)+(x3*-0.7357194437229819)))-sin(((x1+x0)/ (-1.1357803405069828*-1.0061928081630886))))))",0.7894833598150204,0.7472741523198749
"GP-RV IA",100000,4.501849174499512,"579_fri_c0_250_5",10,False,"((((x0/ 1.7500699073347539)+(x1*0.4672358021451982))+sin((x3*0.7090946039676105)))*sin(sin((0.4672358021451982+1.099537041838952))))",0.594857293596055,0.5634887128260815
"GP-RV IA",100000,4.071027040481567,"579_fri_c0_250_5",13,False,"((((x0*0.7025378297251494)+sin(x1))+((x3*1.1864938013165742)-(-0.5501690510297514*x4)))*0.5252909353841118)",0.7161340496640234,0.6135363362537596
"GP-RV IA",100000,5.3600616455078125,"579_fri_c0_250_5",7,False,"(sin(((x0*0.8178054677161327)+sin(x1)))-(((0.03499519269594946-x3)-(x4*0.41058051691461694))*(1.003858484728425-(-0.4390082531686856+0.8178054677161327))))",0.7375079009456663,0.7243598533002451
"GP-RV IA",100000,5.3950889110565186,"579_fri_c0_250_5",7,True,"0.018463205596834564 + (0.8685178658207922 * (((sin((x0+x1))-(x3*sin(-0.7596593625691164)))-sin((sin(x4)-x4)))))",0.7679053969241147,0.764201898521894
"GP-RV IA",100000,4.775036096572876,"579_fri_c0_250_5",9,True,"0.406501672844904 + (-0.5978390388443481 * (((((0.3995282152887154-x3)-sin(x0))+(sin(x4)/ (1.183017680374408-2.576159681990996)))-((1.183017680374408-(0.3995282152887154*2.576159681990996))-((x1+-1.5336927008679138)*(0.3995282152887154*x1))))))",0.7772593728727231,0.6320688343997118
"GP-RV IA",100000,3.8291873931884766,"579_fri_c0_250_5",16,False,"(sin(((x0+0.18280597091767142)+x1))+(x3*((0.16978424742281065+0.46201297929368595)-(-0.06376140985474399*x2))))",0.6951590686139042,0.7266558907963836
"GP-RV IA",100000,4.673032522201538,"579_fri_c0_250_5",12,True,"-0.01099257102421489 + (-0.4030659388294425 * ((sin((sin(x3)+(-2.7368282808549926--0.1560475864563286)))-(((x3+x0)-(0.5856089981520665-x4))+sin((0.5117425373281689+x1))))))",0.7412219227951853,0.5408176244413878
"GP-RV IA",100000,4.992632865905762,"579_fri_c0_250_5",10,True,"-0.30012339037858865 + (0.7144397065623418 * (((((x3*0.801480403815609)+(x1*0.5562084373210004))+sin((x0+0.801480403815609)))-sin((sin(0.032128192290346635)-(x4*0.5493940702180121))))))",0.7673702689994911,0.6950962366403473
"GP-RV IA",100000,4.802866220474243,"579_fri_c0_250_5",12,False,"(((sin(0.5065081040010766)-sin(0.5065081040010766))-((0.009907355427214475-0.6737838492801222)*(x4+x3)))+(sin((0.7244492543567131-0.3558703172107104))*((x1-x4)+(x0--0.06770423788202493))))",0.7350465722791563,0.5235471382672683
"GP-RV IA",100000,4.968796491622925,"579_fri_c0_250_5",11,True,"0.9965005712808955 + (0.36674906053303513 * ((((sin(x3)*sin(0.9261041841939815))+((x2*x2)+x0))-(((2.071015962676576+1.7016109675896611)-(x3+x1))-x4))))",0.7844861803063192,0.8032931964470894
"GP-RV IA",100000,5.241919279098511,"579_fri_c0_250_5",14,False,"((((x0/ 1.8328219959016667)+(x1/ 2.565186339397016))+((x3*0.7912859911521474)-(x4*-0.362466797253569)))*sin(0.7912859911521474))",0.6867721725176072,0.7297987581181204
"GP-RV IA",100000,5.855695962905884,"579_fri_c0_250_5",11,False,"(sin(((x0*0.9308200997193133)+(x1*0.8238335925983715)))+sin((x3*0.8238335925983715)))",0.6832275650734675,0.6488183346699115
"GP-RV IA",100000,5.182400941848755,"579_fri_c0_250_5",15,False,"((((x0*0.38988901098420964)+sin(x1))+sin((x3*0.6120816363990871)))-(sin((-0.5748334499185755+0.9832852491586477))*(sin(x1)-(-0.062094082875605416+x4))))",0.6841575971138254,0.7033120517690848
"GP-RV IA",100000,5.093290567398071,"579_fri_c0_250_5",15,True,"0.35857777363575416 + (-0.9029117960001694 * (((((x3+x4)+(0.5613944778074887+x3))*-0.3326923735424997)-(sin((x1+x0))-sin((x2+1.6834901646486216))))))",0.8833327996455816,0.8662549514538764
"GP-RV IA",100000,5.4902729988098145,"579_fri_c0_250_5",13,True,"-1.4116972146698206 + (0.36748913950927203 * (((((x0+3.915167263580397)+(x1+x4))+(sin(x3)-(0.17114810885938583*x4)))+(((x3+x2)-(x2+0.5853424769426353))-(x3-(x3+0.5853424769426353))))))",0.7213065416251987,0.6063309073245893
"GP-RV IA",100000,5.0973961353302,"579_fri_c0_250_5",17,False,"(((sin(-0.0032337880693999836)+sin(x1))-((x3*-0.6190687593803952)*(-0.07014410991231343--0.997275543896488)))-(sin((-2.8897824429911383+-0.6190687593803952))*((x1-x0)-(-0.07014410991231343+x4))))",0.7003507803178425,0.6554777647825583
"GP-RV IA",100000,4.760782480239868,"579_fri_c0_250_5",18,False,"((((x3*0.7201077219412607)+(x3*-0.08278890668788863))+sin((x0+x1)))-sin(sin((-0.33202755741446616*x4))))",0.7566352719101596,0.784893425197508
"GP-RV IA",100000,5.258256673812866,"579_fri_c0_250_5",16,True,"1.029315869429165 + (-0.3178637907802249 * (((-1.198519606020339*(x0+(x2*x2)))+(((x1*x1)-(-1.198519606020339+x4))-((-2.240533594308025+x1)+(x3/ 0.5550103761772899))))))",0.7951960683951519,0.8840018754929818
"GP-RV IA",100000,4.40612006187439,"579_fri_c0_250_5",20,True,"-1.1979095778057678 + (-0.40312480921675037 * (((((1.8131968790536792+x3)*(1.8131968790536792/ -1.1912927961112194))-x1)-((sin(x4)/ (-0.20938496784912333--1.1460204720942808))+((0.1662347334136719+x0)-(-0.20938496784912333*x2))))))",0.756041888378238,0.570107085024149
"GP-RV IA",100000,4.91066575050354,"579_fri_c0_250_5",18,True,"-0.7977621317938437 + (0.3230255445644285 * (((x0+((x3+x4)+(x2*x2)))+(sin((x1+1.29497528929919))+(x3+(0.8945822616667741+x1))))))",0.8068181245227037,0.842001641695323
"GP-RV IA",100000,4.611590385437012,"579_fri_c0_250_5",20,False,"(((sin(x3)+(x1*0.38240027109458813))+sin((x0*0.4537262313633442)))-sin(((0.14323113222335293*x3)-(x4*0.35560519350091024))))",0.7238416561893108,0.596667642784664
"GP-RV IA",100000,5.417595148086548,"579_fri_c0_250_5",17,True,"0.4084264073155806 + (0.29956107730841564 * ((((sin(x1)+(-0.6291603741239931*-0.2527516006139996))+sin((x1+x0)))-(((x0*x0)+(x4*-1.061621890725027))-((x3-0.5724234512173533)+(x0+x3))))))",0.7971462843642527,0.7640638896456159
"GP-RV IA",100000,4.785877704620361,"579_fri_c0_250_5",19,True,"-0.48384363222161164 + (0.37607653947851444 * (((x1+((x4+x3)+(x0--0.40646443458372394)))-((x3*(-0.40646443458372394+-0.176858197128889))-((x2--0.2636508961287939)/ (1.1249904895589922/ x2))))))",0.7742996553612752,0.8628013408685099
"GP-RV IA",100000,4.541406154632568,"579_fri_c0_250_5",21,False,"((sin((x0+x1))+(sin(x3)-(-0.3306808090973667*x4)))/ 1.124357973457483)",0.7732609347274384,0.6802086480410039
"GP-RV IA",100000,6.224080801010132,"579_fri_c0_250_5",14,True,"-0.8234234457771346 + (-0.8455791297823697 * (((sin((-0.9182570779637304-x0))+(sin(-0.5753112780149429)*(x4+x3)))+sin(((-0.9182570779637304*x1)+sin(-1.6280104229370744))))))",0.7683622963631795,0.7776107226719718
"GP-RV IA",100000,4.919746398925781,"579_fri_c0_250_5",22,False,"(((sin(x0)+(x1/ 1.817421406584968))+((x3*1.0148478498731213)+(x4*0.5898947959652441)))/ 1.817421406584968)",0.6723013536849879,0.7527095833017192
"GP-RV IA",100000,4.746779918670654,"579_fri_c0_250_5",23,False,"((sin((x0+x1))+sin((x3*0.756005806841661)))*sin(1.1901251054231698))",0.6742549082804306,0.7275394904651018
"GP-RV IA",100000,4.855215787887573,"579_fri_c0_250_5",23,True,"0.019105869162770007 + (0.6814260305676477 * (((((x3*0.6015767921262437)+(0.29921066898701343*x3))+sin((x0+x1)))-sin(((-0.2247075170327022*x0)-(x4*0.5377439636231726))))))",0.7673953589759563,0.787238017587919
"GP-RV IA",100000,4.112162351608276,"579_fri_c0_250_5",26,False,"(sin(x3)+sin(((0.6367164768077851+x1)+(x0+-0.4875422363853759))))",0.6991450334988908,0.5762090857706776
"GP-RV IA",100000,5.776522636413574,"579_fri_c0_250_5",19,False,"(sin(((x3*0.8139698837318787)*sin(1.0127410862503052)))-sin(((-1.1796220772940815-x0)+(0.9913883823081042-x1))))",0.7061706755507927,0.6607087107249929
"GP-RV IA",100000,5.627951622009277,"579_fri_c0_250_5",22,True,"0.19632494733209507 + (0.3606023669450591 * (((((x4+x1)-(x1/ x1))+((x0*1.0665034989459676)+(x3*1.5475470480928704)))-sin(((x1/ x2)+(0.9128248212374309*-1.6241359536336224))))))",0.770327274392913,0.8326749302502352
"GP-RV IA",100000,5.705622673034668,"579_fri_c0_250_5",21,True,"0.016334652932183117 + (-0.6049154790095493 * (((sin((-0.8651934946697404+x1))-((x3+x1)+(x0/ 1.5199452988952953)))-(((-0.20437247422565138/ -1.62855748051077)+(x4/ 1.5199452988952953))+sin((x2-1.5199452988952953))))))",0.84014306596475,0.7163174219604126
"GP-RV IA",100000,5.377514839172363,"579_fri_c0_250_5",24,True,"0.06646079754371897 + (0.4738581262734778 * (((sin((-1.3114253799100237+x2))-((x3/ -0.814871656950555)-sin(x4)))+(x0+sin((x1+0.5792136397595613))))))",0.7861266047415231,0.8190207034085898
"GP-RV IA",100000,5.099677324295044,"579_fri_c0_250_5",25,False,"((((x0*0.3927183669537405)+sin(x1))+((x3*0.6380672575208542)+(x2*0.0911583068567813)))+(sin((-0.6655599806280473+0.0911583068567813))*(sin(x1)-(0.6321599156352221*x4))))",0.7030055921573559,0.7295814044064751
"GP-RV IA",100000,5.222077369689941,"579_fri_c0_250_5",25,True,"-0.9363061113910137 + (0.5124297295523286 * (((sin((x1+x0))-sin((-1.8875285919139517+x0)))+(((x4--2.3011556556889543)-(-2.200663359043961/ -2.200663359043961))+x3))))",0.7659437609348952,0.690431924032155
"GP-RV IA",100000,4.7909533977508545,"579_fri_c0_250_5",27,False,"((((x4/ 2.066487165508654)+(0.6033494069267764*x1))+(x3+(x0*0.6414014856165947)))/ 1.5740592789496712)",0.7271440640631159,0.6635262544034085
"GP-RV IA",100000,4.486466884613037,"579_fri_c0_250_5",29,False,"(((x0+sin(x1))+((x3/ 0.7168461365101563)-(x4*-0.7566963115336639)))*0.4423007722872852)",0.6721326100475663,0.7615227563776339
"GP-RV IA",100000,5.926696300506592,"579_fri_c0_250_5",24,False,"((sin((x0+x1))+((x3*0.7998415689572331)*0.7998415689572331))+sin((0.2460306128887181*(x4/ 0.7826883910261786))))",0.7848194948842944,0.7094587237617311
"GP-RV IA",100000,4.765273332595825,"579_fri_c0_250_5",28,True,"0.5444200617900186 + (0.9172647070362621 * (((sin((x2+-1.440837357294512))+x4)-(((-0.6558336171042274*x3)+sin(x4))-sin((x0+x1))))))",0.8614203754541899,0.899151937592969
"GP-RV IA",100000,5.1037397384643555,"579_fri_c0_250_5",27,True,"0.5341648947371009 + (-0.32546841955437944 * (((((x2+1.2775051681687375)*(1.167256229654753-x2))+(sin(x1)*(x1-1.7185955923695013)))-(sin((1.167256229654753*-0.34234870622424385))+((1.2775051681687375*x0)-(-1.870866400831693*x3))))))",0.7680268963053514,0.6754696483843126
"GP-RV IA",100000,5.4479217529296875,"579_fri_c0_250_5",26,True,"-1.3203071553944021 + (0.821551101050009 * (((((x3+2.0265179458501326)/ (2.0265179458501326*0.6174575596720757))+sin((x0+x1)))-sin((-0.899136669956525*(x4*0.34883087344792035))))))",0.7811584010863645,0.748795336256052
"GP-RV IA",100000,5.126905918121338,"579_fri_c0_250_5",28,False,"((sin((x0+x1))+sin((x3*0.6927882685967148)))-(x4*sin((0.505775475403093-0.7641740695335584))))",0.7509162259479067,0.784230185144158
"GP-RV IA",100000,4.725261926651001,"579_fri_c0_250_5",29,True,"-0.29253113733504754 + (0.38744511661119735 * (((((x2+x0)+x1)+((0.8039317266801634*x4)-(x3/ -0.6151844394599669)))+(((x2*x2)-x2)-((x2+-0.8596719937526657)/ (-2.4747566847465667-1.1153499364257582))))))",0.784879776106818,0.81715788574072
"GP-RV IA",100000,7.328341245651245,"606_fri_c2_1000_10",1,False,"(((-0.017870554480381145*(0.00454539124370161+-0.4143043208296209))+((0.00454539124370161+x3)*(-0.529349759526019*-0.4143043208296209)))-sin(((x0-0.2947638340817832)+x1)))",0.6979050395336577,0.6614474478709145
"GP-RV IA",100000,7.378641128540039,"606_fri_c2_1000_10",2,False,"sin((((x1+-0.27696478310000827)/ (-0.41034815567898697+-0.41034815567898697))-x0))",0.661637309497003,0.6294224283396241
"GP-RV IA",100000,7.5609166622161865,"606_fri_c2_1000_10",5,False,"sin((-0.6211466481806603+((-1.2066495690356531*x1)-(x0-0.9667328902838893))))",0.6605714078680351,0.6272167394005044
"GP-RV IA",100000,8.781574964523315,"606_fri_c2_1000_10",0,False,"(-1.1272484231628808*sin(((x0-0.2707920693978188)+x1)))",0.6254409955434859,0.6713451126462642
"GP-RV IA",100000,7.52777886390686,"606_fri_c2_1000_10",6,False,"sin((((1.5598204458466223/ -0.8452850578964586)*(0.829329880101223*x1))-sin((x0+-0.6279083647500112))))",0.6711230611115417,0.6917787612738806
"GP-RV IA",100000,8.980217695236206,"606_fri_c2_1000_10",1,True,"-0.22384579428907767 + (1.32004546064903 * (sin((((x1+3.3139936836690174)+x0)+sin((x1+-1.2331317807517113))))))",0.7539159574348993,0.7333065873876199
"GP-RV IA",100000,7.280559778213501,"606_fri_c2_1000_10",11,False,"sin((sin((0.7572479114124249-x0))+((-0.36868370624675356*x0)-(x1/ 0.7572479114124249))))",0.6942436320146324,0.6970578049600253
"GP-RV IA",100000,7.850823163986206,"606_fri_c2_1000_10",7,False,"sin((sin((x1--1.8678333757848924))-((x0+0.1944316823223997)+x1)))",0.6791445125446979,0.6404156254764952
"GP-RV IA",100000,7.680834054946899,"606_fri_c2_1000_10",9,False,"sin((((x0+-0.38475980031459467)*(-0.42516094599296683-0.4314785605835361))+(x1/ (0.37065728398971914+-1.1257294948791379))))",0.6446315937500204,0.6863488762589908
"GP-RV IA",100000,9.386435747146606,"606_fri_c2_1000_10",2,True,"0.3585005402099416 + (-1.5416582470466746 * (((x0*0.31649681145138653)-sin(((-0.8107797006250285-x0)*x1)))))",0.742669794676633,0.7263409355010698
"GP-RV IA",100000,9.349556922912598,"606_fri_c2_1000_10",3,False,"(sin(((x1+x0)+(-0.8190662539747934+-2.5701557766216814)))+(((x3+x4)+(x2/ -2.5701557766216814))/ (-1.5128054474560857*(-1.885221357595729+-0.8505511924631314))))",0.7365240149409544,0.7277450275273045
"GP-RV IA",100000,9.132308006286621,"606_fri_c2_1000_10",4,True,"-0.16391456892963613 + (-1.2900881741108219 * (sin(((x0-(-0.6537795976484476*x1))+sin((-0.7586615756479775+x1))))))",0.7459198781321745,0.7325273391305203
"GP-RV IA",100000,9.99725079536438,"606_fri_c2_1000_10",0,True,"-0.5772254657894067 + (1.419570577409871 * (sin((((x0--2.4736473610228495)*(-0.45062534430550893*3.241476333848336))/ (sin(x1)-(-1.9159464972743034/ -1.0600753464826274))))))",0.7780296942348257,0.8016611646751625
"GP-RV IA",100000,8.135718822479248,"606_fri_c2_1000_10",10,False,"sin((sin((x0+-0.34894186154393353))-((x1+-2.3359573610614834)/ sin(-2.3359573610614834))))",0.6584567654463407,0.6671559619994614
"GP-RV IA",100000,8.430968284606934,"606_fri_c2_1000_10",8,False,"sin((-0.8809667138365862+((-1.1488624487246029*x0)-(x1-1.2166904607605056))))",0.6493070847123101,0.6205393448094851
"GP-RV IA",100000,9.89058518409729,"606_fri_c2_1000_10",4,False,"sin((((x1*-0.22954006036404856)+(-1.1501723703609439/ -1.1640219429738823))-((x1--0.6387371309797676)-(-0.9566435256110877*x0))))",0.664269388847158,0.6257885830754075
"GP-RV IA",100000,8.282747745513916,"606_fri_c2_1000_10",12,False,"sin((((x0*-1.1533509150273562)-(x1/ 0.9235164896291824))-(sin(-0.3402646537679303)-(0.5679773812346401-0.5679773812346401))))",0.6601059110990433,0.604501975251966
"GP-RV IA",100000,8.94546103477478,"606_fri_c2_1000_10",6,True,"0.34257365597884626 + (1.3910506530168092 * ((sin(((x0/ 0.8690125492356781)+(x1-0.3182405730277852)))/ (sin((x0+x1))+-1.5995635088047615))))",0.7758835723787099,0.7758621398517198
"GP-RV IA",100000,9.974960327148438,"606_fri_c2_1000_10",3,True,"-0.3661519082874498 + (1.395580490884038 * (sin((((x0+-0.8404293975086342)*(-0.627901004413169-x1))+((x1*-0.4076130308660695)/ sin(0.26347572817869724))))))",0.765159299747841,0.7733023602245357
"GP-RV IA",100000,8.957815408706665,"606_fri_c2_1000_10",8,True,"0.35663747662257583 + (0.5120831947250731 * ((((-1.0204964661210512-sin(x0))+((-1.6008596319470894+0.4614412661710993)-x1))*sin((x0+x1)))))",0.737125934612336,0.7308443759247286
"GP-RV IA",100000,8.194130659103394,"606_fri_c2_1000_10",13,True,"-0.2775902089224238 + (-1.3208500259375817 * (sin((sin((x1+-1.3432222466170287))+((x1+x0)-sin(-0.26179652999376457))))))",0.7587607468527031,0.7597884356809064
"GP-RV IA",100000,8.953797817230225,"606_fri_c2_1000_10",9,True,"0.29664964897600127 + (0.7187997753916429 * (((sin((x0+x1))+1.6973583108787724)*sin((x1-(-2.943735671525374-x0))))))",0.7473485251068843,0.7682915051597129
"GP-RV IA",100000,8.351821422576904,"606_fri_c2_1000_10",13,False,"sin((((-0.16296546302959483*0.15517836222103906)+(x1/ -0.8338195217530839))-((0.15517836222103906+-0.4507821251157871)+(x0+-0.0459991988193065))))",0.6529893309016692,0.6516022140151436
"GP-RV IA",100000,8.720843315124512,"606_fri_c2_1000_10",12,True,"0.5433153377239449 + (-0.7135150484771723 * (((((x1--1.2738081185815724)+(-0.5570063674138044*-0.5570063674138044))*sin((x1+x0)))+sin((0.41246221273594597+(x3*-0.43480089747431233))))))",0.7917000645976586,0.772908408837562
"GP-RV IA",100000,7.951557874679565,"606_fri_c2_1000_10",16,False,"sin(((x1/ sin(2.1607910635589302))-((-0.9943273404100039*-0.28889303363197627)-(x0+3.114433768057318))))",0.6445299772125118,0.6827714131252995
"GP-RV IA",100000,9.972523927688599,"606_fri_c2_1000_10",7,True,"-0.3940392059986103 + (-1.3872676519477618 * (sin(((sin(x1)*(x0+1.6648178580379638))-(sin(1.6648178580379638)-x0)))))",0.7641634722342414,0.7772727431843993
"GP-RV IA",100000,7.934423208236694,"606_fri_c2_1000_10",17,False,"sin((sin((x0--2.4593290605351195))+((-1.2323136709903582*x1)-(x0/ 2.4694966536600664))))",0.6941208652844667,0.7006129062588465
"GP-RV IA",100000,8.48025107383728,"606_fri_c2_1000_10",15,False,"sin((((x0-0.33990084337316606)*(-0.7185039583381331-0.15515318178453494))+(x1/ (0.15760270603170803+-0.9117478492176286))))",0.6480541985381885,0.6726050209090855
"GP-RV IA",100000,9.575298309326172,"606_fri_c2_1000_10",10,True,"-0.42659394237351295 + (1.3267296532868431 * (sin((((x1/ 0.9587838787484517)*(x0*-0.5510325371070606))-((x0--0.058101299339134146)+(-0.8682972749086535+x1))))))",0.7832204645938989,0.7830179367207607
"GP-RV IA",100000,10.377087116241455,"606_fri_c2_1000_10",5,True,"-0.3721567856256063 + (-1.4231772677835686 * (sin((((x1+1.9363223006248143)*(x0--2.3403694273014626))/ (-1.2564707634261296/ (-1.548095490146875/ -2.3403694273014626))))))",0.81949764450584,0.8167143132635049
"GP-RV IA",100000,9.65570878982544,"606_fri_c2_1000_10",11,True,"-0.5024300661348393 + (1.3415496373096738 * (sin((((x0--2.3037352566555076)*(1.844870385409455*-1.7998022188963525))/ (sin(-1.5227061759927385)+(-2.3037352566555076+x1))))))",0.7694950866904953,0.7697506742530099
"GP-RV IA",100000,8.995383739471436,"606_fri_c2_1000_10",14,False,"sin((sin((x0--1.1816834066485282))+((-1.451823900379357*x1)-(x0--0.2418153615641265))))",0.6859643353208453,0.6803447855104714
"GP-RV IA",100000,8.114799737930298,"606_fri_c2_1000_10",18,True,"1.0043321760903017 + (-0.9617751293096759 * ((((sin(x1)+(-1.3606721079724489*-0.8496295328020667))*sin((x1+x0)))+((0.36655736733878413-(-1.1190141268279872--1.1190141268279872))*((-0.7562347388871353*x3)+(0.7089467928349873/ 0.36655736733878413))))))",0.7808667101006047,0.8414132522149403
"GP-RV IA",100000,7.795515537261963,"606_fri_c2_1000_10",21,False,"sin(((x1+(1.4319151403643202+1.4319151403643202))+x0))",0.629265925269545,0.6251253230695719
"GP-RV IA",100000,8.03291940689087,"606_fri_c2_1000_10",20,False,"sin((sin((0.709639158473962-x0))+((-1.2809624003211544*x1)-(x0/ 2.74169065020197))))",0.6906485698387312,0.7126387433027539
"GP-RV IA",100000,9.150596618652344,"606_fri_c2_1000_10",15,True,"-0.49223397118419066 + (1.3532722262307144 * (sin((((x0-1.5035354579969378)--3.5621363441647764)-((-0.7246252474652521*x1)*(x0--1.3990906034828567))))))",0.756873671776184,0.7901559046378019
"GP-RV IA",100000,10.270933628082275,"606_fri_c2_1000_10",14,True,"-0.40799070875520516 + (1.3715874728744653 * (sin((((x0+-1.1509730279618637)*(-0.5027407224390588-x1))+(x1/ sin(-0.5027407224390588))))))",0.7792155100025184,0.7324929611584966
"GP-RV IA",100000,9.037780284881592,"606_fri_c2_1000_10",21,True,"-1.8116350304109792 + (-2.6318014076744847 * (sin((sin((x1+x0))+(sin(1.4429569539803464)/ sin(-1.911886520909608))))))",0.7259069228407777,0.6814331872446191
"GP-RV IA",100000,9.995143175125122,"606_fri_c2_1000_10",16,True,"-0.2679329880711445 + (-1.3989051569655953 * (sin((((x0+2.38649331244529)*sin(-0.8140096218423301))*(sin(x1)+(-3.77616132987054/ -2.8399834766690457))))))",0.7727594022783654,0.7988022089064136
"GP-RV IA",100000,10.04591178894043,"606_fri_c2_1000_10",17,True,"-0.5361194366245281 + (-1.236570252947519 * (sin((((x0+-0.38196841293651274)*(x1--1.0179793696297081))+((x1+-0.382950147063151)/ (-0.04151030039320342--1.0179793696297081))))))",0.7187327250737006,0.7401851650508091
"GP-RV IA",100000,9.568552494049072,"606_fri_c2_1000_10",20,True,"0.18112909337246091 + (0.38206126084808373 * (((((-3.378460284362442--0.5371862490008502)-x1)-x0)*sin(((x1+-0.22283485959761035)+(1.1842467302072688*x0))))))",0.7270706643954243,0.7346184970365535
"GP-RV IA",100000,10.041356086730957,"606_fri_c2_1000_10",19,True,"-0.4061385254347163 + (-1.3429905277987335 * (sin((-2.1091808420014373-((0.9134823765199724+x0)*(x1--0.5067924026307362))))))",0.7649482021713048,0.7769238627512453
"GP-RV IA",100000,10.562466859817505,"606_fri_c2_1000_10",18,False,"(sin(sin((-0.9895856641555021*x1)))+sin(((x1+x0)-(-2.3315277509347165-x1))))",0.7095326942235922,0.7494223955388364
"GP-RV IA",100000,10.441477060317993,"606_fri_c2_1000_10",19,False,"sin((((x0/ -1.1042965119055403)+(-0.6715272964438107*x1))+sin((2.515035125131094+x1))))",0.6851250577909128,0.6960754786334782
"GP-RV IA",100000,7.615619421005249,"606_fri_c2_1000_10",22,False,"sin((((x1-0.2686360903149993)-(x0*-0.6352261014912075))*-1.3295999825064333))",0.6465328807065964,0.6778639010524521
"GP-RV IA",100000,4.693800687789917,"650_fri_c0_500_50",3,False,"(((0.4536300522084352*(x41-x0))-(x4+(x3+x1)))*-0.43555611095167424)",0.6472146169909219,0.5525290439020751
"GP-RV IA",100000,7.6442015171051025,"606_fri_c2_1000_10",23,False,"sin(((x1+x0)-((-1.4033467921808995/ 0.0647743722053201)-(x1*0.24897828935231459))))",0.6460143262286483,0.6712759560226155
"GP-RV IA",100000,5.5053019523620605,"650_fri_c0_500_50",0,False,"(x3-sin((-0.5746543330261443*(x0+x1))))",0.5423515694483927,0.3970033069151505
"GP-RV IA",100000,5.7079246044158936,"650_fri_c0_500_50",1,True,"-0.0006979087779795852 + (0.6128684776409286 * ((x3+(((x0*1.1223162120064627)+(x1+x4))/ 1.7455399754798717))))",0.7470051723851971,0.7000754368126567
"GP-RV IA",100000,5.631664037704468,"650_fri_c0_500_50",2,False,"((((-0.04352263378909656-x3)-(x0*0.6397598928798616))*sin((-0.04352263378909656+-0.3725824311340384)))/ 0.6397598928798616)",0.5536118396674694,0.33124517880910886
"GP-RV IA",100000,7.530780553817749,"606_fri_c2_1000_10",24,False,"sin((((x1+-0.7605302921347132)+(x0+0.4359528795900787))*((-0.8647669913415956--2.435000512137454)*sin(-0.7605302921347132))))",0.6347528267201732,0.6864892226813015
"GP-RV IA",100000,9.085657596588135,"606_fri_c2_1000_10",22,True,"-0.0997000739134081 + (-1.3214503711617207 * (sin((sin((x0+-0.7023485743574616))+(sin(x1)-(x1/ -1.1520080268025652))))))",0.7129925229895931,0.7499006385754847
"GP-RV IA",100000,6.084443092346191,"650_fri_c0_500_50",1,False,"((x3+sin(sin(x0)))/ (sin(-1.7571453570123183)*-1.6276658598366478))",0.5082802818914229,0.4905705829130256
"GP-RV IA",100000,7.074303150177002,"606_fri_c2_1000_10",27,False,"sin(((sin(0.28774513563113147)-(x0+x1))/ ((-1.7038214705703991-0.29706678411886434)*-0.45347875398267623)))",0.6414553393743065,0.6694940372212437
"GP-RV IA",100000,7.328949213027954,"606_fri_c2_1000_10",26,False,"sin((((x0*x1)*-0.0967338030673823)-(x1+(-0.33893831476373587+x0))))",0.6733391108854336,0.5947213612570982
"GP-RV IA",100000,7.4651267528533936,"606_fri_c2_1000_10",25,False,"sin((((x0+-0.1470322087078198)*(-0.6588202060931728-0.23194542159916215))+((x1+-0.1470322087078198)/ (-0.10244974883392693+-0.6588202060931728))))",0.6481243587748617,0.675096811589381
"GP-RV IA",100000,6.014646053314209,"650_fri_c0_500_50",2,True,"-0.3525654941179226 + (0.6121821297158404 * ((((x3+(x4*0.522935201003528))-sin((-0.3023920384580031-x0)))-(-0.4448512106615258-((-0.3023920384580031/ 0.5233076765409792)*(-1.0259510950539275*x1))))))",0.7698986950625997,0.717536898883056
"GP-RV IA",100000,5.263664722442627,"650_fri_c0_500_50",5,True,"-0.005295757889645463 + (-0.4847503750712755 * ((((-0.6825342703388325*(x0+x4))-x3)-x1)))",0.6967439526715709,0.7547705925161416
"GP-RV IA",100000,6.6899449825286865,"650_fri_c0_500_50",0,True,"-0.3453807766288993 + (-0.417264192670444 * ((((sin(3.9373109730776714)-sin(x4))-(x1-(x3*-1.4917253359244298)))+sin((sin(-0.2082102593109929)-x0)))))",0.751543672085925,0.6777280961610824
"GP-RV IA",100000,6.307480335235596,"650_fri_c0_500_50",3,True,"-0.007567095212989915 + (0.4554745532052385 * (((((x0+x1)*(1.1364755510498898-0.2787668006296868))+x4)+x3)))",0.7009310627125507,0.6708679590623005
"GP-RV IA",100000,5.316645860671997,"650_fri_c0_500_50",9,False,"((sin((-0.5798690112836804-x0))-((-0.6188948150756235*0.3590433852590778)+(x3+-0.016739580391292586)))*-0.7039283740994794)",0.5566581744976278,0.4203806027656467
"GP-RV IA",100000,6.417371511459351,"650_fri_c0_500_50",4,False,"((sin((x1+x0))+((-0.6841340888657755--0.27614924854685496)*(-0.08080266790586084+x3)))+x3)",0.7108221082337658,0.6408526360641535
"GP-RV IA",100000,5.988871335983276,"650_fri_c0_500_50",7,False,"(((sin(x0)+x3)-((0.07568065796914492+-0.6442722164092182)*(x4+x1)))/ (1.2930115947063618-sin((1.2930115947063618*-0.34387540315245474))))",0.7364945609363466,0.7429825945508233
"GP-RV IA",100000,6.2200751304626465,"650_fri_c0_500_50",5,False,"(sin(sin((x0+x1)))+x3)",0.5562547031827293,0.4835258794728947
"GP-RV IA",100000,7.998381853103638,"606_fri_c2_1000_10",28,True,"0.3298104110754196 + (-1.1329273401940865 * ((((sin(x3)*-0.2960125580101296)+((-1.3899426718425723*-0.0762795506272404)*-0.39230977825671387))-(((-0.6820068815575705+-0.2960125580101296)-sin(x1))*sin((x0+x1))))))",0.7955664938939011,0.8049618509308443
"GP-RV IA",100000,6.0353758335113525,"650_fri_c0_500_50",8,False,"(x3/ 1.7232107906345546)",0.3581200217387078,0.3429333781366539
"GP-RV IA",100000,6.575043678283691,"650_fri_c0_500_50",4,True,"0.4120219996426942 + (0.4149757558330104 * ((x0+(x1-(sin(1.4883656837383126)-(x3+x4))))))",0.691342497475314,0.6807109306578426
"GP-RV IA",100000,9.176321029663086,"606_fri_c2_1000_10",24,True,"-1.9121514159492161 + (-2.7095108526792377 * (sin((-2.054288608319503-sin((x1+x0))))))",0.7276422150455868,0.6766319627568194
"GP-RV IA",100000,8.5340256690979,"606_fri_c2_1000_10",27,True,"0.37911131864957026 + (-0.5302267138838859 * ((((sin(x0)+(x1--2.134657076130909))*sin((x0+x1)))+((sin(x5)*(0.9362187303845932+-0.8799535034631862))-((-0.45370027139244373*x3)/ sin(-1.168962087628071))))))",0.8070402383259309,0.8073186111211769
"GP-RV IA",100000,8.339245319366455,"606_fri_c2_1000_10",28,False,"sin((((-0.30959596974931913*0.246632338972948)-(x1+x0))-sin((-1.133381005980783+x0))))",0.6399280668188143,0.7007486020753371
"GP-RV IA",100000,6.159949541091919,"650_fri_c0_500_50",8,True,"0.32579969694061456 + (-0.33126722313544477 * (((((x3+x1)*-1.4823550615628898)+((x4*-0.8917240463949659)-(x0/ 0.8467986338640343)))+sin(1.3841440124864948))))",0.7408194706432554,0.6500642195035523
"GP-RV IA",100000,8.312008142471313,"606_fri_c2_1000_10",29,False,"sin(((x1*(-0.9596875211137161+-0.5841250226730638))-sin((x0+-0.5841250226730638))))",0.6720452917931404,0.6969006470828256
"GP-RV IA",100000,6.85062575340271,"650_fri_c0_500_50",6,False,"((((0.11665733484709968/ 1.771436525470584)+(0.11665733484709968*x44))+(0.86636721416028+(0.24411994960759753/ 0.86636721416028)))*sin(((x3/ -0.7018341940489736)/ (-2.732466090710069-0.11665733484709968))))",0.3382130814945664,0.38716676321731236
"GP-RV IA",100000,6.84106707572937,"650_fri_c0_500_50",7,True,"0.18580838885799378 + (0.4171540118969397 * ((((sin(x1)+sin(x4))+((x3/ 0.6887658443634417)-(0.4811263004567729-x0)))-sin((sin(x28)*(0.4811263004567729-0.33458031441451064))))))",0.7297731557738314,0.7095985658317002
"GP-RV IA",100000,7.1515421867370605,"650_fri_c0_500_50",6,True,"0.03685629882001265 + (-0.3849079959050995 * ((((sin(x48)-(x3+x4))-sin(x0))+sin((sin(-1.4823865176455113)*x1)))))",0.5350856395835846,0.6331867672751572
"GP-RV IA",100000,5.544280767440796,"650_fri_c0_500_50",10,True,"-0.0566789931288763 + (-0.575081334021994 * (((sin((x0+x1))*((2.0776813542620753*1.9664164891644786)/ (0.7487612666362775*-3.626639355942366)))-x3)))",0.7298938825966728,0.6337976314488016
"GP-RV IA",100000,10.427746772766113,"606_fri_c2_1000_10",23,True,"0.36168545103040584 + (-1.1530728661239562 * ((((sin(x0)+(-0.6807849435280168*-1.3779987282943658))*sin((x0+x1)))+sin(((x4+x3)*-0.21259496633408065)))))",0.8178258785573262,0.8263434241385967
"GP-RV IA",100000,6.692485332489014,"650_fri_c0_500_50",9,True,"0.0013139120186411583 + (0.3765284923106139 * (((sin(x4)-(-1.318296373660629*(x3+x1)))+x0)))",0.7359066640799856,0.6098873095704136
"GP-RV IA",100000,5.896892547607422,"650_fri_c0_500_50",11,False,"(((x1+(x0+x3))-((-0.7395019526491908*-0.1933867519642862)*(x27+x8)))*0.4172045632704347)",0.6040496825143784,0.6888068240645251
"GP-RV IA",100000,6.206679821014404,"650_fri_c0_500_50",10,False,"((sin((x1+x0))-((x3*2.4543103849026515)/ -3.6582541953207244))/ 1.1630741777044997)",0.7266640315121073,0.6511371077594348
"GP-RV IA",100000,5.291528701782227,"650_fri_c0_500_50",13,False,"((x3+(sin(x1)+sin(x0)))/ 1.7814346985149339)",0.6457540090664734,0.610627111033142
"GP-RV IA",100000,9.472374439239502,"606_fri_c2_1000_10",29,True,"0.34363329899722495 + (-1.2422324302034486 * (((sin((x0--0.4617245530947007))-sin(sin(-0.6977475813366554)))*sin(((x1-2.4069450334323763)+(2.4069450334323763+x0))))))",0.7298154822809543,0.6870349274521932
"GP-RV IA",100000,5.987682104110718,"650_fri_c0_500_50",12,False,"((((x3+x0)*sin(0.4369201965571709))+((0.7959309442681846/ 0.4369201965571709)*(x1*0.1716054717381396)))*(-0.9842278294007101/ (-0.5061808660189038-0.3176731098258909)))",0.6439959690171552,0.5984049870626889
"GP-RV IA",100000,6.144197225570679,"650_fri_c0_500_50",11,True,"-0.007116932264898124 + (0.6009407264096404 * (((((x1/ -0.8094830779679214)-(x0+x4))*-0.5299340288031088)+x3)))",0.7213228835470991,0.7737685291131899
"GP-RV IA",100000,10.612513542175293,"606_fri_c2_1000_10",25,True,"-1.7852314911431024 + (-2.5892995412975672 * (sin((-1.0613270000687536+sin((x0+x1))))))",0.7034702874591002,0.7525522606891522
"GP-RV IA",100000,10.648735523223877,"606_fri_c2_1000_10",26,True,"-1.6662306389775041 + (2.4452918012902427 * (sin((sin((x0+x1))+((1.7955151507819789+0.8377207373490995)*sin(0.9355432251815634))))))",0.7197683400269244,0.7008962374381287
"GP-RV IA",100000,6.165542364120483,"650_fri_c0_500_50",14,False,"(sin(((x3*0.308144937985217)+(0.20811878905342918*x0)))/ sin(0.5035786723002597))",0.5177063275091696,0.4828040541140398
"GP-RV IA",100000,7.149139404296875,"650_fri_c0_500_50",12,True,"-0.5778886501270536 + (-0.41750181849810003 * (((((x0*-1.2442966429559585)-(x3+x1))-((x4*-1.2442966429559585)*(-1.2442966429559585--0.6350254694969808)))+(sin((-1.827223427425102/ -0.10297529021695438))-sin(sin(0.6222355061067255))))))",0.6988160073136809,0.6542949062662493
"GP-RV IA",100000,7.1336634159088135,"650_fri_c0_500_50",13,True,"2.0648243633299663 + (0.46012257920121596 * (((x4+((x3+-3.547662335341614)-(1.3107197541573972-x0)))-sin((sin(-1.3330909246513443)*(0.6339864033683404+x1))))))",0.7146574320384846,0.6380098787466474
"GP-RV IA",100000,5.540151357650757,"650_fri_c0_500_50",16,False,"((sin((x3/ 1.179124439870295))-((0.03178341356998947-x0)/ (1.179124439870295/ 0.5610583898185798)))/ 1.179124439870295)",0.5098646133884943,0.5014099009460997
"GP-RV IA",100000,2.9505653381347656,"678_visualizing_environmental",1,False,"(14.162658755290138*(x2/ (sin(x2)+(x0+x2))))",0.4008947525635539,0.23880378680887926
"GP-RV IA",100000,5.706741809844971,"650_fri_c0_500_50",18,False,"((((0.4273125203235101--0.6525803788679926)*(x0+x3))+x1)*0.4273125203235101)",0.6284391723649417,0.6171170862597447
"GP-RV IA",100000,6.6933534145355225,"650_fri_c0_500_50",14,True,"1.2418040091223375 + (0.664052627327276 * (((sin((x0+x1))+((x3+-0.9820495408978256)-(-0.5738201969416812--0.5738201969416812)))-(((0.5930386922801576+0.5930386922801576)*(0.8698368450408369*0.8698368450408369))-sin((x4*0.5930386922801576))))))",0.7781776344644906,0.7163351704108692
"GP-RV IA",100000,6.388541221618652,"650_fri_c0_500_50",15,True,"1.4571791681591293 + (-0.38939749331353085 * (((((2.385205335805879+-0.8692354063598411)-(x0+x1))-((-1.0204158124452625-1.3096330396274558)-(x3/ -0.7085251778759892)))-sin((sin(0.20022855131378595)/ (1.3096330396274558--0.8692354063598411))))))",0.6565446830114879,0.6281235327109004
"GP-RV IA",100000,6.80220103263855,"650_fri_c0_500_50",15,False,"((sin(sin(x1))+sin(sin(x3)))/ ((1.7075803651005528-(-0.1312322811484718*x16))-((x33*0.19704192666972697)-(0.19704192666972697*x25))))",0.44454351823978566,0.4612835913914951
"GP-RV IA",100000,3.6380021572113037,"678_visualizing_environmental",0,False,"((((x0+1.695160751663087)/ (5.286042491168685-20.30632514331038))-((1.695160751663087+9.761081966607511)-(14.746074434162852+9.761081966607511)))-sin(((x0*5.286042491168685)-sin(13.552722373502874))))",0.4308534289578758,0.46982530384415666
"GP-RV IA",100000,5.71196722984314,"650_fri_c0_500_50",20,True,"-0.1939829719688856 + (0.5765011708260919 * ((x3+(((x1*0.5412764275800463)+(x4*0.5412764275800463))+(sin(x0)--0.3203974929140091)))))",0.7235747568901923,0.7715221394506799
"GP-RV IA",100000,3.1761107444763184,"678_visualizing_environmental",2,False,"(((12.562282575844655-(x0/ 15.869431589300445))+((12.923118735921458+x1)/ (12.974825830688832*x2)))+sin(((15.779299800322711*x2)+(x1+x1))))",0.4778077265759184,0.25294176552395853
"GP-RV IA",100000,6.501462936401367,"650_fri_c0_500_50",17,False,"(sin((sin(x3)+(x0*0.540029070260071)))-sin(sin((x1/ -2.662558936874069))))",0.6040888930030979,0.6824869832323577
"GP-RV IA",100000,6.115422248840332,"650_fri_c0_500_50",20,False,"(sin(sin((x3/ 1.41806774944794)))-(((1.41806774944794*-0.16151414706645892)+(2.174208526117441*-0.05084733314658884))*(x0+(x4+x1))))",0.711125519600645,0.7819590825786525
"GP-RV IA",100000,5.8912436962127686,"650_fri_c0_500_50",21,False,"(sin(sin((x1+x0)))-(((x3*x31)/ (-1.7562739404389058*x31))-((-0.25296755462748216+0.32128162433043095)*(x19/ -1.3991677928130577))))",0.7199114898188592,0.6832202006355995
"GP-RV IA",100000,3.140784740447998,"678_visualizing_environmental",4,False,"(12.750865277056338+(((x0*x1)-(-15.987288641750037*9.295820977233673))/ (x2-(15.315497808703041*x1))))",0.3914436309456437,0.3412384416492219
"GP-RV IA",100000,5.955191373825073,"650_fri_c0_500_50",21,True,"-0.04990254101017268 + (0.6791811048347551 * ((sin(((x1*0.8506901896454359)+(x0--0.13407937452284108)))+x3)))",0.7028271385654659,0.6748898608047458
"GP-RV IA",100000,5.80043888092041,"650_fri_c0_500_50",22,False,"((((x0+x3)*(-0.6902010462111188--1.2006639846905265))*0.16004278397170513)/ 0.16004278397170513)",0.48986521437326136,0.4706421374342131
"GP-RV IA",100000,6.924977540969849,"650_fri_c0_500_50",17,True,"-1.1636636094278707 + (0.7528548389155445 * (((((-0.7398946874248282*x0)-(x3+1.4845175598636842))/ ((-0.2714670833045091*-0.4243123947408326)+(-0.7398946874248282+-0.6279342357316731)))+(sin(sin(0.9107393688380134))*sin((x1+0.9107393688380134))))))",0.6592819287175654,0.6768839769428386
"GP-RV IA",100000,7.034740447998047,"650_fri_c0_500_50",16,True,"0.15860136377457587 + (0.38079968716026147 * (((((x3/ 0.6243856743821642)+(-1.1863174812790112/ 3.014108530994947))+(x4/ 1.2922121383487186))+(x0+x1))))",0.7347800948617538,0.7572447771647013
"GP-RV IA",100000,6.695698261260986,"650_fri_c0_500_50",19,True,"0.06860951772388582 + (-0.36946271424389054 * (((2.915219190083179*(1.5350232932729675/ (-4.037159105214251/ x0)))-(x1+((x3-0.126907560589827)*1.5350232932729675)))))",0.6421955139430672,0.671032307096697
"GP-RV IA",100000,6.870156764984131,"650_fri_c0_500_50",18,True,"0.304388810255069 + (-0.37866935088854997 * (((((-0.8764958332373998*x4)-(x0+x1))-(-1.7669217815099512-(x3*-1.543612582949987)))+sin((sin(-4.503231680169177)-(-1.543612582949987*-1.707943420620229))))))",0.7395490410456143,0.7282552319800819
"GP-RV IA",100000,3.761723041534424,"678_visualizing_environmental",3,False,"(11.96954366719348-(((x2-3.7641475289116677)*(x0-8.915416565442204))/ ((17.09980590228684*15.808104880309951)+(x1*4.357703971128293))))",0.4404947873085404,0.10448928677168157
"GP-RV IA",100000,3.985135793685913,"678_visualizing_environmental",2,True,"16.05128435968346 + (-1.3294211399258342 * (((((x0+x2)/ (10.30549067154459+14.450800553086854))-((5.937659974675566/ 29.88675895865397)-(14.450800553086854-14.450800553086854)))-sin(((x1+x1)*sin(13.917802998855867))))))",0.4981494625275087,0.3074750180043757
"GP-RV IA",100000,5.839340686798096,"650_fri_c0_500_50",25,False,"((sin(0.1675509822133893)-sin((-0.3676103467115852--2.2211857599534963)))*(((x1*-0.5176655619711819)+(x0/ -2.2211857599534963))+sin((x3*-0.9223922848298779))))",0.6439485934462259,0.6449022781464104
"GP-RV IA",100000,4.616816520690918,"678_visualizing_environmental",1,True,"23.379042701664613 + (0.05573366661362263 * (((((8.451793142238234*13.232886748162377)/ (x1-18.20837875119121))+((7.979552888432493/ x1)+(x1/ 10.133484524082926)))+((18.20837875119121*sin(x0))-((x2+x0)+(10.133484524082926*14.450828775768851))))))",0.5723342313635187,0.3083133228771753
"GP-RV IA",100000,7.216233491897583,"650_fri_c0_500_50",19,False,"(((sin(-4.788307635214967)*(x0+x3))*sin((-0.29198693793719555/ -0.29198693793719555)))*0.5862299970618474)",0.4762207836390646,0.5174022258401807
"GP-RV IA",100000,4.116369247436523,"678_visualizing_environmental",3,True,"11.322643709489242 + (0.0006713363203977507 * (((((14.139693087787942-22.08634447948692)*(12.864213563465322-x1))-((x2+12.864213563465322)*x0))+(((8.486913419732069*x0)+(8.486913419732069*x1))/ ((18.027583819354447-x1)+sin(x0))))))",0.514659426732081,0.10725091135494502
"GP-RV IA",100000,6.386087894439697,"650_fri_c0_500_50",23,False,"(((sin(x0)-(-0.0035824272676683085-x3))+sin(sin(x1)))*0.5822309774542557)",0.6587857566026019,0.5862682342214582
"GP-RV IA",100000,6.165076732635498,"650_fri_c0_500_50",24,True,"0.21010096100627293 + (0.5078877450353108 * ((sin(((x0--0.3432095318418451)/ sin(-4.0193601954519735)))+(((0.6214349964595831-x4)-(x3*1.318072509757075))/ -1.1748739632307794))))",0.621882461897324,0.577719073606234
"GP-RV IA",100000,5.778107166290283,"650_fri_c0_500_50",28,False,"(sin(((x1+x3)*(-1.641978566202552*-0.3403076688953622)))+sin(((x0/ -1.641978566202552)*(-0.3403076688953622-0.3580584303691709))))",0.622343015064071,0.5810525182584658
"GP-RV IA",100000,3.33805251121521,"678_visualizing_environmental",5,False,"((13.11580150254126-sin((11.298690140376667-x0)))-(((x2/ x0)+(x0*x0))/ ((x1-x2)+(x0*12.739956271221242))))",0.49162209403926127,-0.21470215056908382
"GP-RV IA",100000,6.3576672077178955,"650_fri_c0_500_50",26,True,"1.6603814878294505 + (0.4650443327630925 * (((((x1*-0.8216314746023857)-(x3+x0))/ sin((2.568209661386768*-0.7017891693696379)))+-3.619711126572173)))",0.5994100965348809,0.7122151762061489
"GP-RV IA",100000,4.537933826446533,"678_visualizing_environmental",4,True,"15.808434835339657 + (0.011193137611149722 * (((((x2/ x1)+(x2+x0))*(sin(x0)+(4.479293719322942-9.053242745500492)))+(10.67015731898686/ sin((10.67015731898686-x1))))))",0.5542846007404872,0.3174956003568956
"GP-RV IA",100000,7.139783143997192,"650_fri_c0_500_50",22,True,"-0.4588626486647872 + (0.3889113666206126 * ((((sin(-0.5848084345225423)-(-1.5791485648012*x3))/ sin((1.695109120529278+-0.047595960242823754)))+(x0+((x1+1.695109120529278)+sin(x4))))))",0.7353806252830344,0.7374387357107681
"GP-RV IA",100000,6.593841791152954,"650_fri_c0_500_50",27,False,"((((x3+x0)*sin(0.6796668661723153))-sin((-0.5068641666201571*x1)))*sin(0.899097354145181))",0.6116622298776635,0.6960471791291564
"GP-RV IA",100000,5.934886455535889,"650_fri_c0_500_50",29,False,"((((x0*-0.32237701928697127)-(x3*0.48005209338133137))/ sin(sin(-0.762423874012041)))/ 1.2662370649906294)",0.5027287934992131,0.5357026105282239
"GP-RV IA",100000,6.633862733840942,"650_fri_c0_500_50",26,False,"(((sin(2.5124176535277454)*(x4+x0))-((2.5124176535277454-x3)-2.5124176535277454))/ 1.769278789711825)",0.5623906771335265,0.6830112530412323
"GP-RV IA",100000,7.198660612106323,"650_fri_c0_500_50",23,True,"1.3702630556978481 + (-0.3543248291900447 * ((((1.4006445451015204-(x4+x1))+(-1.7633914933691273*(x3-1.4006445451015204)))-x0)))",0.742759958306423,0.7169241674800859
"GP-RV IA",100000,5.947630405426025,"678_visualizing_environmental",0,True,"15.704576498348967 + (-1.402515182933613 * (((((x2+x0)/ (29.273814439397448+0.8511237547933093))-sin((x0-5.532903077098427)))-((sin(x1)*sin(x2))-sin((x0+x0))))))",0.534011391731048,0.31399441433947295
"GP-RV IA",100000,2.889863967895508,"678_visualizing_environmental",8,False,"((((x0+9.673795045023612)/ (1.7292085235743202-17.642131819746865))-((3.8488915196826605+13.732314620383457)-(12.958479327940148+17.642131819746865)))-sin(((x1-13.732314620383457)*sin(x2))))",0.4122965030197123,0.08392980225692281
"GP-RV IA",100000,3.864501953125,"678_visualizing_environmental",6,False,"((sin((8.516045929070303-x0))+sin(x1))-((sin(x1)-(8.516045929070303+3.729193073616219))-((x0/ 15.204402141412935)*(15.204402141412935-16.066397878654413))))",0.3857127127394072,0.5874697470399052
"GP-RV IA",100000,7.183413982391357,"650_fri_c0_500_50",25,True,"-0.26537593604253323 + (-0.3596700153182779 * (((((-1.3824038394264742-x0)-(x4+x1))-(1.657215766284383*(x3-0.7609140050003129)))+sin(((x0-0.7609140050003129)-(-0.9472787790909325/ -0.9472787790909325))))))",0.7773188386363294,0.7349881903202945
"GP-RV IA",100000,3.2505993843078613,"678_visualizing_environmental",7,False,"(12.836385572444529+((8.343696567342226+(x0-7.781494950357051))/ ((20.4805509040386*4.371397162794013)/ (12.836385572444529-18.91915079655862))))",0.4111262967362338,0.2801692701640742
"GP-RV IA",100000,7.1609814167022705,"650_fri_c0_500_50",27,True,"-0.014928181834105405 + (0.4936691374423418 * (((((0.6214882543753487*x4)+sin(x1))+x3)+x0)))",0.6986278511634746,0.7423244062853217
"GP-RV IA",100000,7.680878639221191,"650_fri_c0_500_50",24,False,"(x3/ (1.9284854490845897+((x39-x46)/ (1.847058469364996--1.6115180305717014))))",0.3507369166697818,0.3480241899942581
"GP-RV IA",100000,7.174876928329468,"650_fri_c0_500_50",28,True,"0.7758252006874488 + (-0.546471504703708 * (((((x3*0.5777618909564681)-(x4/ -1.2601551020369934))+((x3+x0)+(x1-1.9743940115851386)))/ -1.4253873006118205)))",0.7578055113639565,0.6838649989999086
"GP-RV IA",100000,3.2934000492095947,"678_visualizing_environmental",10,False,"((((19.402038271948257-11.427265569987327)-(x0/ 20.931618704503443))+(11.427265569987327/ 20.931618704503443))+(sin((x0-10.984711620751158))-((x1-x1)+(8.078674589593247-11.49604198081644))))",0.4133137222171638,0.35144961393924756
"GP-RV IA",100000,4.730782747268677,"678_visualizing_environmental",5,True,"13.207333595751734 + (8.66911469656705 * ((((sin(x0)/ (x1/ 7.695586872478767))-(x0/ (8.597155351899666*13.658719293902124)))-(((9.278974334133297-7.695586872478767)/ (8.597155351899666*19.26421855719455))/ sin((x1-16.956590095748794))))))",0.5790817953149787,-0.6886576347342417
"GP-RV IA",100000,6.996201038360596,"650_fri_c0_500_50",29,True,"0.19281655661122982 + (0.4972250724282695 * ((x3+(x0+((1.7920721424526957-x1)/ (2.515959724879518/ x1))))))",0.6719643455921891,0.6492733646203602
"GP-RV IA",100000,4.190015077590942,"678_visualizing_environmental",8,True,"16.30706649147485 + (1.4310790303911685 * (((((x2/ x1)+(x2+x0))*(sin(5.075987170380956)+sin(13.682851535681477)))-(((x2/ x2)*(14.45928924338544/ x1))+sin((11.447954268306585-x0))))))",0.5282727266975501,0.18230554940749688
"GP-RV IA",100000,4.95560097694397,"678_visualizing_environmental",6,True,"10.693376113443936 + (-0.06288829068951417 * (((((x2+x2)/ (18.24792412925334-x1))-((x1/ 7.937673825760481)-sin(9.602427256945676)))+x0)))",0.448404876308961,0.4400291898738049
"GP-RV IA",100000,4.3926591873168945,"678_visualizing_environmental",9,False,"((12.75252551496725+((x0/ 8.336741615026664)/ (6.839610708511811-8.745697887719306)))+((sin(x0)-sin(x2))/ (sin(x0)+(x0-8.745697887719306))))",0.4073493416285565,0.4929272683906575
"GP-RV IA",100000,4.2987048625946045,"678_visualizing_environmental",10,True,"-35.553873097080675 + (1.4841000795088855 * (((((22.15506437650745+3.8019708042987883)*(x2+17.81211190884911))+((x0/ 2.148655444993331)*sin(x1)))/ ((x2+(x0/ 10.858408982705711))-(sin(x0)+sin(x0))))))",0.44138266351455435,0.37414239963593543
"GP-RV IA",100000,3.7336337566375732,"678_visualizing_environmental",14,False,"(13.448115848862932-(((15.078433743147277-13.362220021772943)*(x0*13.362220021772943))/ (x0+(11.414227704322489*18.25098895164328))))",0.43454404766850896,0.17246617610418646
"GP-RV IA",100000,4.066937208175659,"678_visualizing_environmental",13,False,"((((x0+16.443106724852505)/ (9.353716425274689-23.26018933750036))-((9.603014617382819+10.633895209976014)-(11.338076198840316+23.26018933750036)))-sin(((x2*12.967565985811971)*(x2/ x0))))",0.4670142820238605,0.30257483539836505
"GP-RV IA",100000,4.712825059890747,"678_visualizing_environmental",9,True,"19.13595766100627 + (-1.5487086758834598 * (((((x0+x2)/ (23.605659756968766--0.08865233161482333))-(sin(x0)-(4.076372800089889/ x0)))-((sin(x1)*sin(x2))-sin((26.429739359564895/ x0))))))",0.5173243702862855,0.3499252262927526
"GP-RV IA",100000,4.336808681488037,"678_visualizing_environmental",11,False,"(13.031103153901714-(((13.031103153901714-10.747408526789584)*(x0*13.031103153901714))/ ((18.676751827174378+x1)+(13.031103153901714*15.251020465137765))))",0.3927586359031101,0.3708192207124992
"GP-RV IA",100000,5.02468729019165,"678_visualizing_environmental",7,True,"103.63833499294905 + (-101.60610749185399 * (((((3.715086097149806/ x1)/ (7.441902161014238-x0))/ x0)+(((x2-7.441902161014238)+(x0/ 26.59519782823467))/ (sin(x0)+x2)))))",0.5749836065323305,0.12122748130287475
"GP-RV IA",100000,4.492114305496216,"678_visualizing_environmental",12,False,"(5.539848614996451+(((x1/ 13.52099502847811)+(11.105060065493344*11.105060065493344))/ ((x2/ x0)+x0)))",0.4019030277440008,0.17940563629775474
"GP-RV IA",100000,4.360239028930664,"678_visualizing_environmental",13,True,"16.857893669659816 + (0.01557855753687336 * (((((x2/ x1)+(x2+x0))*(sin(x0)+(16.09844724231957/ -4.2913646894016635)))+(((x2/ 16.09844724231957)-sin(x2))/ sin((x0*16.09844724231957))))))",0.5123672210443618,0.18053182417065072
"GP-RV IA",100000,2.8283114433288574,"678_visualizing_environmental",23,False,"(sin(sin((0.5627374555425426+x0)))+(((x2*13.231778944835959)/ (x0+x2))/ sin(7.5585709868189355)))",0.45456177649286167,0.2889986801332016
"GP-RV IA",100000,3.5983006954193115,"678_visualizing_environmental",19,False,"(sin(((13.62000178562071-13.208253720296389)+(x2*13.62000178562071)))+(((x2*13.62000178562071)+sin(x1))/ ((x0+x2)-(x1/ x2))))",0.3224013163414293,0.5384596369545607
"GP-RV IA",100000,3.805001735687256,"678_visualizing_environmental",17,False,"((12.363277146231315-sin((7.662632943699468*x2)))-((sin(14.36024741647821)/ (x0*15.892861524451325))*((x0*x0)-(x1-x0))))",0.4302925012184755,0.39100329632623665
"GP-RV IA",100000,3.1624929904937744,"678_visualizing_environmental",21,False,"(6.923972118517965+(((34.469437903776786+16.051359775552314)+(x2-x0))/ ((x2/ x0)+x0)))",0.3107697976395233,0.3722519440363705
"GP-RV IA",100000,3.86576771736145,"678_visualizing_environmental",17,True,"10.744468798742169 + (0.06442086251597842 * (((x1/ (x0+(x0-x2)))-(((8.409866758095228-x0)/ sin(11.048573406272807))-((x1/ x2)/ sin(12.67580825040791))))))",nan,nan
"GP-RV IA",100000,4.1920177936553955,"678_visualizing_environmental",16,True,"16.709712308814044 + (0.05776983379562844 * (((sin((x1+x0))/ sin((10.25376584055396*x2)))+(((10.162957255923258+x2)-(x2+7.220218620006532))+((10.350860788011342-x0)-(x2+12.777705684026825))))))",0.482833147375471,-0.12746765801684523
"GP-RV IA",100000,4.963344573974609,"678_visualizing_environmental",12,True,"12.771731225002025 + (-1.4075127574955197 * (((((x1/ x2)*(x0/ 14.56295247952907))*((x2/ x1)*(12.908573949264166-12.245170898259815)))+(sin((x0-27.267433795579095))+((14.613823139792899*10.50938082776933)/ (x1*x1))))))",0.49116456060117797,0.33933393266403855
"GP-RV IA",100000,4.538191318511963,"678_visualizing_environmental",15,True,"16.559268810050526 + (0.009053071897002392 * (((((x2/ x0)+(x2+x0))*(sin(x0)+(11.14251675102827-17.393844610535055)))+((sin(x2)+sin(12.90753756542585))/ sin((11.14251675102827-x0))))))",0.5714207633842362,0.2581100633115406
"GP-RV IA",100000,3.8184375762939453,"678_visualizing_environmental",19,True,"10.050167597942107 + (0.00013031758561814848 * ((((x0-(x0+x1))-((18.347476758913835-x0)/ (13.016443301407998/ x2)))*(((x2/ 9.605404748037891)/ (18.347476758913835-x1))*((x1*x2)/ (9.605404748037891+0.8907706366647972))))))",0.4244334682200165,0.4476477315111854
"GP-RV IA",100000,5.104761123657227,"678_visualizing_environmental",11,True,"19.827185961002037 + (1.370014666547708 * ((sin(x0)-(((x2+x2)+x0)/ (28.032739922010787-(x2/ x1))))))",0.49600148443563163,0.24166054867746078
"GP-RV IA",100000,4.583646535873413,"678_visualizing_environmental",16,False,"((((23.660847987403976+x0)/ 9.592690232194746)/ (-9.590351271205028*(15.097892078492052/ x2)))+13.709032998496408)",0.367821010588096,0.42048968136714326
"GP-RV IA",100000,4.193827390670776,"678_visualizing_environmental",18,False,"(12.493187474240107-((23.4591646959042*(x0-13.646796500953322))/ ((5.266116268739128*23.4591646959042)+(x2+x0))))",0.4191143183426326,0.04735724522893359
"GP-RV IA",100000,4.840723037719727,"678_visualizing_environmental",14,True,"12.53782637088426 + (11.019023395051452 * (sin((((13.89170324913359/ x1)/ (x1-18.225714624357114))-(x0/ (11.535796135690877*13.89170324913359))))))",0.5245271513889502,0.1598491030942335
"GP-RV IA",100000,4.10807991027832,"678_visualizing_environmental",20,False,"((((7.577151036065953+9.768062282543658)/ (x2/ 15.446989678962769))+sin((x0+6.871011675118094)))+(x2/ (7.27877080911537+(x0/ 6.66888989149865))))",0.4590247268934834,0.26888999562998794
"GP-RV IA",100000,4.083604335784912,"678_visualizing_environmental",20,True,"-16.35868496612684 + (-1.2445508761391848 * (((((x0+x2)/ (20.86189095266812--1.1489825917429393))-((22.97645074877984--3.6691308938187728)-(3.360021776509997/ x0)))-((sin(x1)*sin(x2))-sin((x0+22.44302413033739))))))",0.5601361411601016,0.3566511083256566
"GP-RV IA",100000,4.955606698989868,"678_visualizing_environmental",15,False,"((((x2+9.319857841664886)*10.500819362081089)-(5.3408879238735105*(x0-7.773414882611792)))/ (x2-((x0+10.500819362081089)/ (x1-18.247589465230508))))",0.5239624085362333,0.2369017275173788
"GP-RV IA",100000,3.491471290588379,"678_visualizing_environmental",24,False,"(x2*((14.815676790345535-(34.07518186238362/ x1))/ (x2+x0)))",0.40830517860207527,0.21781491596982316
"GP-RV IA",100000,2.93354868888855,"678_visualizing_environmental",28,False,"(6.195696391251793+(((x1/ 5.725973366151041)+(9.388540738567182*7.054468045467133))/ ((20.9641732981046/ x0)+x0)))",0.3794923432703231,0.09879251400398348
"GP-RV IA",100000,3.2702343463897705,"678_visualizing_environmental",26,False,"(sin(((7.746859751676716+x1)+(12.331304001724314-7.746859751676716)))-(((5.155194393761312/ 12.331304001724314)*(x0/ 7.746859751676716))-(4.065120610359964*(12.331304001724314/ 4.065120610359964))))",0.3906150079407129,0.2177610276391133
"GP-RV IA",100000,3.3227245807647705,"678_visualizing_environmental",27,False,"((((x0+9.328022046371046)/ (7.032313696034202-22.649963249082454))-((12.48669567087536+8.985422427601774)-(11.96913266487127+22.649963249082454)))-sin(((x2*x1)*(x2/ 9.328022046371046))))",0.4806692030744607,0.25998767944801315
"GP-RV IA",100000,4.821660757064819,"678_visualizing_environmental",18,True,"13.355413486492173 + (-1.2672321924756291 * (((((x0+8.165220446277617)/ (13.243779703268837--6.090496105819163))-sin((x2+10.92591073303865)))-((sin(x1)*sin(x2))+sin((x0+13.243779703268837))))))",0.5495868101400067,0.14907929675671439
"GP-RV IA",100000,3.5281002521514893,"678_visualizing_environmental",25,True,"4.507952420768479 + (-0.053628972365926376 * (((sin((3.338791657731549/ x0))-sin((19.339036738534045*19.45196900281656)))*(((x0+x2)-(15.074444224439024*14.254252176579703))/ sin((12.24247892565232+15.074444224439024))))))",0.5201676851388577,-1.4408763671074434
"GP-RV IA",100000,4.26692795753479,"678_visualizing_environmental",21,True,"13.313378790356182 + (1.5834738016992895 * ((sin(((x0+13.491883563699544)-(2.609410030516349/ x0)))-((sin(13.491883563699544)*(x0/ 19.663875249170278))+sin((x2/ x1))))))",0.43919279244158893,0.5883952913238373
"GP-RV IA",100000,4.138639450073242,"678_visualizing_environmental",22,False,"(12.921813795107376-(sin((14.705830372057967/ 14.530763635677467))*((x0/ x1)+(x0/ 13.166334615152369))))",0.43597979056706626,0.23188344522691784
"GP-RV IA",100000,3.738006591796875,"678_visualizing_environmental",25,False,"(12.363646159563755+(((10.888459170361505-x0)/ (7.3360739702532864+10.888459170361505))/ (sin(13.276157529387817)/ sin(7.3360739702532864))))",0.4454825857043847,-0.4113968894269666
"GP-RV IA",100000,3.997692108154297,"678_visualizing_environmental",24,True,"12.85473092538234 + (-0.0694494585389442 * ((x0+(sin((x0+7.36627296261479))*((x2/ x0)-24.35782050040552)))))",0.500491002360984,0.2777350750312074
"GP-RV IA",100000,3.395522356033325,"678_visualizing_environmental",27,True,"16.823803436186825 + (-1.3352431147786354 * (((((x0+x2)/ (24.36388169176723-0.38850864916771144))-sin((19.300956956247596+x0)))-sin((sin(x2)*(x2+8.706145446176281))))))",0.5178999534700564,0.4290489068147556
"GP-RV IA",100000,3.2694132328033447,"678_visualizing_environmental",29,False,"((((x0+14.497919731052516)/ (4.525122413675367-15.983610272516588))-((x2/ x2)-15.983610272516588))-sin(((x1*14.497919731052516)*sin(7.002457768424072))))",0.3949549703206483,0.239994707980277
"GP-RV IA",100000,4.347899436950684,"678_visualizing_environmental",22,True,"12.490502866964206 + (4.150398244499795e-05 * (((((x1*x0)-sin(x0))-((21.290869368502655*x2)/ (x1-18.370080055400308)))*(((13.186589856957307*18.370080055400308)*(18.370080055400308/ 10.19372417715384))*((14.70372190287142/ 4.322204693323087)/ (4.322204693323087-x1))))))",0.5351872736675574,0.20232396885093806
"GP-RV IA",100000,4.62287163734436,"678_visualizing_environmental",23,True,"7.822558965635555 + (-4.178656994025331 * ((sin(((x2*5.4334218619928185)/ (x0+x2)))+((sin(9.98849047821063)*(15.437724797264952/ 22.977755187412626))*sin((15.437724797264952-x0))))))",0.5025351081300187,0.2164755060553878
"GP-RV IA",100000,3.6418356895446777,"678_visualizing_environmental",29,True,"13.739007054668184 + (-0.0002025183838351439 * (((((16.391862386919442+18.327127315953188)-(15.495594796501003+x1))-((x1-x2)/ (-4.468172303156108+x1)))*(((x2/ 0.6469625072883236)/ (18.327127315953188-x1))*((x0+x2)+(x0-16.391862386919442))))))",0.46271491049879476,0.3255083695538602
"GP-RV IA",100000,4.20117449760437,"678_visualizing_environmental",26,True,"13.15295293770753 + (-1.1442415102407277 * (((((x0+11.024114051241792)/ 19.145822745571905)-sin((7.415660189243858+x0)))-sin(((x1*7.415660189243858)*(x2/ x1))))))",0.5032754184522223,0.3858578041812827
"GP-RV IA",100000,3.907071828842163,"678_visualizing_environmental",28,True,"12.10439655692255 + (0.2246999576118992 * (((sin((x1-9.15372981689241))/ sin((11.563275082891467*x2)))+((x2/ (x2+x1))*((8.166929858743405-x0)+sin(x0))))))",0.5172899181197445,0.03966933675833373
