alg_name,max_evals,time_seconds,problem_name,run,linear_scaling,sympy_expr,r2_train,r2_test
"gpg",100000,1.596346139907837,"1028_SWD",1,False,"-0.512769571077495*sin(x9) + 4.388605 - x9/(x1*x2*x4*x5)",0.2968238130923475,0.21632912489696787
"gpg",100000,1.767503023147583,"1028_SWD",0,False,"0.25128841854398*x0 + x2/2 + 2.18587721659 + sin(x2)/(x2 + x3)",0.27899857010415663,0.14484503359488954
"gpg",100000,1.822706937789917,"1028_SWD",4,False,"0.320236103674517*x2 + x9 + sin(x9**(-2)) + sin(x9)",0.26730914201925227,0.3019202305189328
"gpg",100000,2.087768077850342,"1028_SWD",3,True,"2.383477421005142 + (0.32328102967535727 * (x2 + x9))",0.3112645160099834,0.27732125300520494
"gpg",100000,2.1633431911468506,"1028_SWD",2,False,"0.254699135372845*x2 - 0.341017363922136*x4*sin(x1 + x5)/(x1 + x5) + sin(1) + 2.357595",0.28268150404006953,0.26884539171839994
"gpg",100000,2.254776954650879,"1028_SWD",3,False,"0.516235409134702*x2 + 0.37371749498658*x7 + 1.54208918543787 + 0.128315680591172*x8*x9/x7",0.29801260510100236,0.21224087027581462
"gpg",100000,2.7929069995880127,"1028_SWD",1,True,"2.3458117528792184 + (0.332601236915142 * (x2 + x9))",0.3195478790957137,0.2330775091240137
"gpg",100000,2.843360662460327,"1028_SWD",0,True,"2.4154068286054144 + (0.3209083573976535 * (x2 + x9))",0.31513517113972034,0.264295245074156
"gpg",100000,2.947377920150757,"1028_SWD",4,True,"2.605102324510687 + (0.26354632524569155 * (x2 + x4))",0.27682764623392253,0.26267909374532483
"gpg",100000,3.0004498958587646,"1028_SWD",2,True,"2.478160611531095 + (0.3066276232652581 * (x2 + x9))",0.2964496256925546,0.31835787865137444
"gpg",100000,1.7639391422271729,"1028_SWD",5,False,"sin(x6) + 4.627468 - 0.808077543121038/x9 - sin(x6)/x6 - 1/x2",0.2684149224082629,0.22356970707559398
"gpg",100000,1.6066029071807861,"1028_SWD",6,False,"4.044719 - sin(x2)/x2**2",0.2459674963553733,0.2301841303031199
"gpg",100000,1.478498935699463,"1028_SWD",8,False,"0.221996997869157*x2 + 0.221996997869157*x7 + 0.221996997869157*x8 + 0.221996997869157*x9 + 1.819075",0.3253078348587848,0.3020777460894004
"gpg",100000,2.5063397884368896,"1028_SWD",6,True,"2.418578121046737 + (0.31832862278942564 * (x2 + x9))",0.3043978441925441,0.29825586011594407
"gpg",100000,3.0250368118286133,"1028_SWD",5,True,"2.359907427033769 + (0.3277188532814867 * (x2 + x9))",0.31599794205584286,0.2543882822177187
"gpg",100000,2.485412120819092,"1028_SWD",7,True,"2.4272922087861533 + (0.31901188598848945 * (x2 + x9))",0.30992087593331163,0.2776516396510873
"gpg",100000,1.950667142868042,"1028_SWD",9,False,"0.24735313593069*x2 + 0.24735313593069*x4 + 0.24735313593069*(x7 + x9)*sin(x5) + 1.67128499706763",0.3093393083010725,0.378946549826917
"gpg",100000,3.4736640453338623,"1028_SWD",7,False,"(x2/x5 - x5/x9)/(x0/x7 - x3 + 4.253656) + 4.691966*sin(x5) - 1/x4",0.32336806493560377,0.24523820615355485
"gpg",100000,2.4038500785827637,"1028_SWD",10,False,"0.402357654914738*x2 + sin(1) + 0.977378864052958 + (x3 + x9)*(x7 - 0.811347949390515)/x7**2",0.2861404639137859,0.30450165700937903
"gpg",100000,2.8733580112457275,"1028_SWD",9,True,"2.454216281358136 + (0.310447002111735 * (x2 + x9))",0.2885155779787252,0.33773386727312793
"gpg",100000,2.0737290382385254,"1028_SWD",11,False,"x7 + sin(sin(x7)) + (x1 + x2 + x9)/(2*x7 + 3.719663/x4)",0.28502367602020195,0.29763596187350294
"gpg",100000,3.7201693058013916,"1028_SWD",8,True,"2.591069841979702 + (0.3316592002053992 * (x2 + x9 - x9/(x6*x8)))",0.364454243864887,0.3246846663428372
"gpg",100000,3.17940092086792,"1028_SWD",10,True,"2.4867754149868158 + (0.30310762861175927 * (x2 + x9))",0.28619261626536396,0.3499195665581074
"gpg",100000,2.2073957920074463,"1028_SWD",11,True,"2.48333083995997 + (0.3053615199604098 * (x2 + x9))",0.2885719693663289,0.3381043153396305
"gpg",100000,1.985517978668213,"1028_SWD",13,False,"(2*x1 + x4 + x5 + x8 + x9)/(-0.475981068244034*x0 + x0/x1 + x1 + 1)",0.23661942419295823,0.2995162116334421
"gpg",100000,2.380794048309326,"1028_SWD",12,False,"0.301314908127578*x2 + sin(x5) + sin(0.631297518051552*x7) - sin(x9) + 1.977847",0.32537830257488487,0.23336446574398917
"gpg",100000,1.417598009109497,"1028_SWD",15,False,"0.294237851875369*x2 + 0.294237851875369*x4 + 0.294237851875369*x7 + 0.294237851875369*x9 + 1.14355599978933",0.3385950108935275,0.19586650579044673
"gpg",100000,2.264085054397583,"1028_SWD",13,True,"2.4940625540369417 + (0.30297383994833477 * (x2 + x9))",0.2833621950294617,0.3574940072110264
"gpg",100000,3.6567020416259766,"1028_SWD",12,True,"2.3868904988071553 + (0.3272209941123686 * (x2 + x9))",0.32176639259407835,0.23766812105093782
"gpg",100000,2.792616844177246,"1028_SWD",14,False,"sin(x5) + 1 + (x0 + x1 + x2 + x8)/(x1/x9 + 4.094431) + 1/(x0 + x8)",0.3061526196469735,0.3493891883833996
"gpg",100000,2.6952078342437744,"1028_SWD",14,True,"2.4432383238103674 + (0.30491121068334165 * (x2 + x9))",0.2810848950223287,0.34247085120560705
"gpg",100000,2.205221176147461,"1028_SWD",16,False,"(x0/x7 + 4*x1 + x4 + x9)/(x1 + (x5 + 4.630459)/(x2 + x7))",0.2999884677023823,0.2795347660240769
"gpg",100000,2.379822015762329,"1028_SWD",15,True,"2.6310156112299956 + (0.32341968114547404 * (x0 + x2 - sin(x9)))",0.3334750036159573,0.23812202879393918
"gpg",100000,2.1914360523223877,"1028_SWD",16,True,"2.423589468027917 + (0.3156904889844222 * (x2 + x9))",0.29794082293710034,0.3191545155932046
"gpg",100000,2.233936071395874,"1028_SWD",17,False,"x1 + 0.53703*x2*(x3 + x9)/(x1 + x2 + sin(x4)) + sin(x1)",0.3243171270486427,0.20089028795110309
"gpg",100000,2.7457191944122314,"1028_SWD",17,True,"2.417181984239557 + (0.3203280904096368 * (x2 + x9))",0.31145558687588826,0.2730374704000268
"gpg",100000,2.370861053466797,"1028_SWD",18,False,"4.379856 - (-x2 + 3.435775 + 0.89321/x3)/(x0 + 2*x4) - 0.788686/(x2*x7)",0.3346310343070945,0.30711459033331756
"gpg",100000,1.8391399383544922,"1028_SWD",19,False,"(x2 - 3.783149)/(x2 + x7) - sin(sin(x9)) + 4.699983",0.31928749612737173,0.22477668286839114
"gpg",100000,2.0011613368988037,"1028_SWD",20,False,"x1 - x1/(x4*(x6 + x9)) + (x2 + 4.972606)/(x1 + 1.613876)",0.31838707937221655,0.2386810960328568
"gpg",100000,1.7396061420440674,"1028_SWD",21,False,"0.414438197939828*x0 + x2 + sin(x2) + sin(x0)/(x0*x2)",0.2636454570251716,0.24203849143261635
"gpg",100000,2.780534029006958,"1028_SWD",18,True,"2.4344470744818807 + (0.31070024233707294 * (x2 + x9))",0.29626160009016733,0.3212963615440282
"gpg",100000,1.858180046081543,"1028_SWD",22,False,"x6 + (3.217261*x2 + x8*x9)/(x6**2 + x6 + 4.267361) + sin(sin(x6))",0.2966798393423137,0.3507229011045482
"gpg",100000,1.4938271045684814,"1028_SWD",23,False,"0.226647437898035*x0 + 0.226647437898035*x1 + 0.226647437898035*x2 + 0.226647437898035*x6 + 0.226647437898035*x8 + 0.226647437898035*x9 + 0.860098695893307",0.3122739783163254,0.25841075848493256
"gpg",100000,3.1977689266204834,"1028_SWD",19,True,"2.398879568320537 + (0.31859207951013074 * (x2 + x9))",0.3133860970590554,0.27054072449451716
"gpg",100000,2.224169969558716,"1028_SWD",22,True,"2.4485974984329664 + (0.30911483560316666 * (x2 + x9))",0.30029988721751677,0.3083772498922017
"gpg",100000,3.088191032409668,"1028_SWD",21,True,"2.8875227566555073 + (0.3979413471940031 * (x2))",0.260818248296834,0.2182441950781253
"gpg",100000,3.375563859939575,"1028_SWD",20,True,"2.414781094960389 + (0.3189920793802787 * (x2 + x9))",0.31850626802437176,0.25801876935056844
"gpg",100000,1.686730146408081,"1028_SWD",24,False,"2*x2*(sin(x4) + 1)/(x2 + x4) + x4",0.31834740064241296,0.30091808426802835
"gpg",100000,1.684278964996338,"1028_SWD",25,False,"sin(sin(x5) - 1.30327/x2) + 3.683294",0.28145883838942454,0.16633640127137672
"gpg",100000,2.57773494720459,"1028_SWD",23,True,"2.394722785835666 + (0.3187711952508288 * (x2 + x9))",0.30667043461699284,0.2899509871422109
"gpg",100000,2.234616994857788,"1028_SWD",26,False,"x2 + 0.266232317515051*x6 + sin(x5) - sin(x2 - x9) + sin(x2)/x9**2",0.34078380690342414,0.17989915504093823
"gpg",100000,2.852112054824829,"1028_SWD",25,True,"2.3677110411091804 + (0.3320885150190845 * (x2 + x9))",0.33059262080728313,0.19583895347645575
"gpg",100000,3.2934608459472656,"1028_SWD",24,True,"2.348329021283868 + (0.329705613287789 * (x2 + x9))",0.3273902648798629,0.22349806282227058
"gpg",100000,1.9796397686004639,"1028_SWD",27,False,"(x2*x9 + 0.372961485759212*x4)/(x2/x7 + x9 + 2.661311) + 2.963124",0.32386708367715145,0.34973148036221446
"gpg",100000,2.1881251335144043,"1028_SWD",27,True,"2.428542710606995 + (0.31430982747310926 * (x2 + x9))",0.301747117194191,0.3070763211711577
"gpg",100000,2.236776113510132,"1028_SWD",28,False,"-x5/(x6*(x8 + x9)) + 4.148199 + (x2 - 2.427001)/(x0*x1)",0.321899406480036,0.25538512443245753
"gpg",100000,0.7111380100250244,"1089_USCrime",0,False,"x1 + x11*(x1 - x11)/x4 - x3/x9 + x6/x4",0.7284935308519719,0.5799052879929929
"gpg",100000,2.8679380416870117,"1028_SWD",26,True,"2.351509715785358 + (0.32967188285219723 * (x2 + x9))",0.3313317773494542,0.2062450184293133
"gpg",100000,2.511805772781372,"1028_SWD",29,False,"(x2 + 4.954675*x6*(x1 + x9) - x9 + sin(x1))/(x1*x6 + x6*x9 + x6 + sin(x8))",0.28859018238313305,0.2941723730868032
"gpg",100000,0.9561889171600342,"1089_USCrime",1,True,"386.16657921899616 + (-0.36302988046507845 * (x12))",0.8002956381815266,0.7118522721768092
"gpg",100000,2.3056907653808594,"1028_SWD",29,True,"2.4737826631610806 + (0.30319747072791964 * (x2 + x9))",0.29104926506281836,0.32887783060243325
"gpg",100000,1.3299248218536377,"1089_USCrime",1,False,"(x0 + x1 - x2 + x7 - (x1 + x2)*(x2 - x7))/(-x0 + 2*x1 + x12 + 0.260375*x5 - x7/x4)",0.7865533935405604,0.6698671284053379
"gpg",100000,0.939824104309082,"1089_USCrime",2,True,"384.4528480212664 + (-0.35883540152532517 * (x12))",0.8266965416414759,0.45202034320221407
"gpg",100000,1.3644909858703613,"1089_USCrime",2,False,"x1 - x3*x9/(x2 - x6) + sin(x3*x4) + x6/x5 + 2*x7/x5",0.7182213740238085,0.5418235050453241
"gpg",100000,0.8833169937133789,"1089_USCrime",4,False,"-x4 + x5 + (x4 - x7)/(x2 - 4.834534) + (x12 + x5)/(x1 - x7)",0.6725656731775249,0.23978229420689878
"gpg",100000,2.0098838806152344,"1089_USCrime",0,True,"353.4532584941683 + (4.567791056147486 * (-x12*x3*(0.620081205834716*x11 + x5*x9)/(x9*(x2 + x5)*(x0 + x6 + x7 - 0.694057))))",0.9092035541000288,0.7695582361138286
"gpg",100000,3.701580762863159,"1028_SWD",28,True,"2.7186095027636603 + (0.29746766217460385 * (x2 + x8 - sin(x9)))",0.32788027104390416,0.288448085515436
"gpg",100000,1.442054033279419,"1089_USCrime",3,True,"284.1087882583788 + (-0.23929831135895716 * (-x1*x2 - x10 + x12 + x12/(x8*x9)))",0.8699294032138856,0.7052908486069958
"gpg",100000,1.4834072589874268,"1089_USCrime",3,False,"(x1*x9 + sin(x1))*(x10 + x11 + x12 + x3)/((x12 - sin(x10) + 4.281247)*(x0/x10 - x2 + x9))",0.7394355510446975,0.4604740762314008
"gpg",100000,1.1734538078308105,"1089_USCrime",4,True,"408.2078213420126 + (-0.4044995464371535 * (x12))",0.813058437557084,0.5511983217785522
"gpg",100000,1.0819368362426758,"1089_USCrime",6,False,"(x0*x3 + x1*x7 - x9 - sin(x11))/(-x0 + x12 + 3.332386*x3)",0.8049004572394624,0.19243634466037685
"gpg",100000,1.2473769187927246,"1089_USCrime",5,True,"330.73364597067297 + (261.47051466456924 * (-(-x0 - x10 + x12 + x12/x8 - x2 + x3 + x5)/(x7 + x9)))",0.886903333264071,0.8107714452220405
"gpg",100000,1.7440168857574463,"1089_USCrime",5,False,"1.87849*x1 - 1.87849*x3 + 0.203296699945659*x6 + sin(x10) - (x10*x3 + x2 - x4)/(x10 - x12 + 0.0801366334646887)",0.6459695734219312,0.5107694766132954
"gpg",100000,1.0669748783111572,"1089_USCrime",7,True,"346.53517060761243 + (-291.87513927259397 * (x12/(x2 - x3 + x7 + x8 + x9)))",0.9011976012039473,0.6827618702382028
"gpg",100000,1.0411746501922607,"1089_USCrime",8,False,"x1 + (x3 - x7)/(x8 + x9) + x6*x7/(x3*x4)",0.797439991649812,0.397036887252902
"gpg",100000,0.9204270839691162,"1089_USCrime",9,False,"(x0 + x1*x7 - x5/x6)/(x1 + x11 + x12 + x3 - x5)",0.768015510250527,0.3964470587438902
"gpg",100000,1.5945768356323242,"1089_USCrime",6,True,"272.185782373539 + (-409.02100963946816 * (x9*(x1*x2 + x1 - x12 - sin(x0 + x10))/(x6 - x9*(3.085605*x6 + sin(x9)))))",0.9034399595563704,0.6524305126188668
"gpg",100000,1.83284592628479,"1089_USCrime",7,False,"x11 + x3 - x4 - sin(x0 - x3) - x4*x6*(x1 + x2)/(x3*(x10 - x12))",0.7299430793200039,0.2844868778949774
"gpg",100000,1.5816600322723389,"1089_USCrime",8,True,"323.6016367677328 + (-0.3299303405851396 * (-x10*x2 + x12 + x3/x8 - (x0*x6 + x3*x6)/(x7 - 1)))",0.8968203956343337,0.8396861449046172
"gpg",100000,0.9205691814422607,"1089_USCrime",11,False,"3.230825*x0*x7/x5**2 + x1",0.7137656135436685,0.4687526245663737
"gpg",100000,1.613037109375,"1089_USCrime",9,True,"452.66771854279773 + (178.63183166755095 * (-(-x0 + 2*x12 + 3.910575*x3 + x6/x8 + 3.724838)/x7))",0.9404538349516881,0.6112867633520463
"gpg",100000,1.359443187713623,"1089_USCrime",10,True,"103829387.11286189 + (22746594.93346864 * (-4.564609 + (x0 + x11 + x4)/(x12*x7*(x5 + 3.07))))",0.908748936398959,0.658530173554866
"gpg",100000,1.28466796875,"1089_USCrime",11,True,"345.76756098885875 + (-3.1468469761288693 * (-x3*(x0 - x12)/x7 - sin(x11*x8) + sin(x4*x8*(x11 + x6))))",0.9164977978111952,0.5815024905476748
"gpg",100000,1.8979780673980713,"1089_USCrime",10,False,"1.210345*x1 - x1/x9 + x2 - (2*x7 + x9)/(-x5 + 4.329952 + x7/x3)",0.7659339987331488,0.47658405789777425
"gpg",100000,1.5487768650054932,"1089_USCrime",12,True,"378.1346129842267 + (-0.35378944973333726 * (x12))",0.7734981041487378,0.7893726234167402
"gpg",100000,1.414583683013916,"1089_USCrime",13,False,"x1 + x2*(x11 - 3.921961) - (x4 + x7)/(x11 - x5) + (x0 + x6)/x11 + 1.665981/x1",0.7421402647168698,-0.31141612444549494
"gpg",100000,1.7281363010406494,"1089_USCrime",12,False,"-x10*x11*(x4 - x9)/(x1*x3 + 0.872347979810754) - (x3 - x7 + 0.540941684213386)/(3.977913 + x5/x1)",0.7272985723544492,0.5251286230638333
"gpg",100000,1.2371649742126465,"1089_USCrime",13,True,"373.0785968112329 + (-0.41262412600269754 * (-x0 + x12))",0.8485091430834698,0.7509070443321586
"gpg",100000,1.2285420894622803,"1089_USCrime",15,False,"x1 + x1*x7/x4**2 + x11 + 2*x2 - 3.01505 - (x12 + x4)/(x8*x9)",0.6930215379217607,0.6508092644681533
"gpg",100000,1.4141721725463867,"1089_USCrime",15,True,"386.78645619723113 + (-0.3779079692416647 * (-x0 - x11 + x12 + x3 - sin(x0)))",0.8572843636144314,0.7934875086181822
"gpg",100000,1.7243578433990479,"1089_USCrime",14,False,"-0.991687258955756*(x2 + x6)*(-x1 + x10 + x5 + x6 - x7 + 1.587574 + x4/x11)/(x12 + x6)",0.7031283722977248,0.3705458430959828
"gpg",100000,0.8408427238464355,"1089_USCrime",17,False,"x1*(x1 + x12 - x4)/(-x10 + x12 + x9/x0)",0.7446522383684868,-0.3075010324350489
"gpg",100000,1.0704278945922852,"1089_USCrime",17,True,"404.0059291860577 + (-405.09734457648085 * (x12/(x7 + x8)))",0.82953469472308,0.6283345827047269
"gpg",100000,1.574568271636963,"1089_USCrime",16,False,"x1 - sin(x4*x8 - x7/x9) - 3.90961185497312 + 4.870219*(x7 + x9)/x4",0.6900431288621256,0.3375734814289799
"gpg",100000,1.1555240154266357,"1089_USCrime",18,False,"x1 + x10 + x11 - x2*(x2 - x6)/x5 - 2.832774 - x10*x3*x4*(x12 - x2)/(x1*x5*x6)",0.7770638105097639,0.6129403290612613
"gpg",100000,1.8212668895721436,"1089_USCrime",16,True,"356.0857066193853 + (-0.3204806772797857 * (-x1 + x12 - x2 + x3))",0.8317517916456516,0.6888759190043027
"gpg",100000,1.2807836532592773,"1089_USCrime",19,False,"x1*x9/x6 - 0.318065*x5 + 0.318065*x6 + sin(x5/x9) - 4.993005*(x5 - x6)/x12",0.6646766619813258,-0.6170444356286855
"gpg",100000,1.1921818256378174,"1089_USCrime",19,True,"321.3379169253014 + (-3.0155138332924665 * (x3*(-x0 + x12 + x4 + 0.701304)/(x4 + 2*x6 + x9 - (x6 - x9)/(x5 - 3.737837))))",0.9091075573789477,0.6327395802031738
"gpg",100000,1.3165369033813477,"1089_USCrime",20,False,"x8/(0.304432/x9 + x8/x1) + (x11/x9 + x7 + x8)/(x2 + 0.254436416975489*x4 - 4.517788)",0.7675175633128202,0.6543416382886386
"gpg",100000,2.9749810695648193,"1089_USCrime",14,True,"264.4926554394341 + (-0.29749705980568114 * (x12*(x12 - x9 + sin(x7))/x7))",0.8689033621066196,0.7412469810851139
"gpg",100000,1.4394099712371826,"1089_USCrime",20,True,"346.1433099682566 + (296.4652120518933 * (x12/(x11 - x7 - x9 + sin(x7))))",0.8385148695530196,0.7977843331943679
"gpg",100000,2.0796570777893066,"1089_USCrime",18,True,"373.99111609954133 + (-0.3441916669476759 * (x12))",0.7701024433401128,0.802197107369332
"gpg",100000,1.4310638904571533,"1089_USCrime",21,True,"333.367033857316 + (-3533.23608264638 * ((x3*(x12 - x3)/x7 + sin(x8))/(x0 + x10*x2 + x7 + 2*x8)))",0.9237068277879265,0.19333240806863827
"gpg",100000,1.5370121002197266,"1089_USCrime",21,False,"sin(x11) - sin(x0 - x9) + x6/x4 + x7/x11 - x11*(x12 - x7)/x10",0.7234484332249724,0.6572521458327114
"gpg",100000,1.0260899066925049,"1089_USCrime",23,True,"336.7339099187084 + (-2.9613616614247373 * (x12*x3/(x0 + x7) - 4.863761))",0.8442404755047034,0.8651620417542536
"gpg",100000,1.260941982269287,"1089_USCrime",24,False,"(x0 + x1*x7 + x12 - x2 - sin(x4) + 1.379351)/(1.604396*x1 + x12 - 3.341131*(x12 - 2.843621)/x10)",0.6522828910984032,0.8453006500343295
"gpg",100000,1.7470991611480713,"1089_USCrime",23,False,"x1 + x11*x2 - 4.140402 + (x6 + x9)/(x11 + x2) - (x0 - x7)*(x1 + x10 + x3)/(x1*x5)",0.678232785094666,0.7502825161079931
"gpg",100000,1.273163080215454,"1089_USCrime",25,False,"0.222295678594238*x2*(x0 + x1 + x10 - x5) + 0.296380687952925*x6 + 2*x7/(x5 - 0.309934) - x12/x11",0.6885807028182402,0.8551216537633992
"gpg",100000,2.014772891998291,"1089_USCrime",22,True,"376.8700293147201 + (-0.37197653888100185 * (-x11 + x12))",0.8208917327315362,0.6729015619054667
"gpg",100000,1.3067171573638916,"1089_USCrime",25,True,"335.9508648294832 + (-0.3432538953369959 * (-x0 + x12 + x5/x9 - x1*x11*x2/x0))",0.8817566941380007,0.8587920642971296
"gpg",100000,2.3914740085601807,"1089_USCrime",22,False,"x1 + x11 - x2*(x0 - x7)/x3 + (x6 - x7)*(x2*x8 + x7/x3)/(x11 - x12)",0.6278062941807894,0.45846640532072
"gpg",100000,0.9039709568023682,"1089_USCrime",27,False,"x1 + x11*x2 + x6**2/(x3*x4) + x5/x11",0.7349926596744465,0.8060688060611484
"gpg",100000,1.2213239669799805,"1089_USCrime",26,True,"375.4154041129741 + (-0.4159278999419162 * (-x0 + x12))",0.8150772552653816,0.7549693719868076
"gpg",100000,1.2360939979553223,"1089_USCrime",26,False,"x0*x11/x5 + sin(x9**2/x7) + x6*(x1 + x2)/x12",0.7579461062690006,0.03311977186473014
"gpg",100000,1.1846518516540527,"1089_USCrime",27,True,"320.2123910810494 + (1.577140172502708 * ((x0*x10*x2 - x12*x3 - x4 + x7)/(x0 + x6 - sin(x1)/sin(x12) + sin(x10))))",0.9011856016607315,0.86047991608901
"gpg",100000,0.9265689849853516,"1089_USCrime",29,False,"x1 + x7*(x7 + 3*x9)/(x1*(x4 + x5))",0.706400064274338,0.6257548410020468
"gpg",100000,2.4450299739837646,"1089_USCrime",24,True,"398.8695757886339 + (-0.3869097903279406 * (x12))",0.7644629961761246,0.7541592414562722
"gpg",100000,1.1486451625823975,"1089_USCrime",28,False,"x1 + x11*x2 + x11 - (x4 + 2.975753)/(x8 - 0.992572) + 1.321643 + (x1 + x7)/x4",0.7132897421445334,0.44089823458476796
"gpg",100000,1.1827809810638428,"1089_USCrime",29,True,"348.7095173573345 + (-0.30723564292071515 * (-x1*(x0 - x5)/x4 + x12))",0.8556935321516872,0.840679878690912
"gpg",100000,2.3266217708587646,"1089_USCrime",28,True,"345.01418764379724 + (-152.7945254108163 * ((x12 + (x2 - x7)/x4)/(x2*(x1 - x9) - x3 + x6 + x9)))",0.8934900044574404,0.8869950618894659
"gpg",100000,4.889883756637573,"1193_BNG_lowbwt",0,False,"-(x6*x8 - (x0 - x3)*(x3 - x4) + 13.91070881746)*(x0 - 2.203477*x1 - x2 + x5 + x6 - x7 + x8)",-0.16806775111565653,-0.22408388106303767
"gpg",100000,4.925787925720215,"1193_BNG_lowbwt",1,False,"(-x1*x2*(x0 - 4.942858) + x1 - x2*x7 + 3.427149)*sin((x7 + 4.104568)/(x1 + x4))",-0.2909001385541645,-0.3311994951357422
"gpg",100000,5.370378017425537,"1193_BNG_lowbwt",0,True,"6767.136967326451 + (-1160.3687403483418 * (x0 + 2.996059))",0.5409298805544938,0.5213354168572351
"gpg",100000,4.571254014968872,"1193_BNG_lowbwt",4,False,"-x1 - x2 + x4 - x8 - 6.24873962205456*(x0 - 4.190662)*(x2 + x7) + x6/x1",-0.35771718344372916,-0.4112419317818268
"gpg",100000,5.071272850036621,"1193_BNG_lowbwt",3,True,"3215.6909038551794 + (-182.7673340776556 * (5.617768*x0 - sin(x7) + sin(x0**2 + x4)))",0.5571963550701693,0.5769164895769157
"gpg",100000,6.245012044906616,"1193_BNG_lowbwt",1,True,"3182.558656882791 + (-243.92147609145684 * (3.752309*x0 + sin(x0 + x4 - x7)))",0.5582893119583557,0.5595459623016876
"gpg",100000,5.896183013916016,"1193_BNG_lowbwt",2,False,"-(x1 + x2)*(x0 - 1.656923*x3 + x4 - 16.243475)",-0.3020011883004601,-0.29689802781899854
"gpg",100000,6.029751777648926,"1193_BNG_lowbwt",2,True,"3277.5758584384857 + (-1133.3046686996884 * (x0))",0.5327040624312511,0.5468467457676127
"gpg",100000,6.3261590003967285,"1193_BNG_lowbwt",3,False,"-4.115527*x2*(x0 - 3.094145) + 5.278932*x2 + x3 + (x1 + x3)*(x1 - x6) - 3.481203",-0.15629504572017838,-0.12469986347663653
"gpg",100000,5.839501619338989,"1193_BNG_lowbwt",4,True,"2247.5560564858943 + (219.32962591833365 * (x7 - (x0 - 0.762609548759243)*(x3 - x4 + 3.98928)))",0.5552683275219261,0.6062725628893052
"gpg",100000,5.2435548305511475,"1193_BNG_lowbwt",5,False,"x1 + 2*x1*(x1 + x2)/(0.116570210645868*x1 - 0.116570210645868*x3)",-0.39650628076038874,-0.30834938402080314
"gpg",100000,5.833467245101929,"1193_BNG_lowbwt",5,True,"4426.114452711037 + (-306.6406138572422 * (3.369138*x0 + sin(x4) + 4.14443 + sin(x6 + x7)/(x3 - 2.769718)))",0.5663118517078971,0.5590376490013158
"gpg",100000,4.749949216842651,"1193_BNG_lowbwt",8,False,"-(sin(x3*x8) - 18.032018396084)*(x1 + x2 - x5 - (x4 + x6)*sin(x0) + 3.530422)",-0.3766351636499057,-0.3718751534599596
"gpg",100000,5.850866079330444,"1193_BNG_lowbwt",6,True,"2135.367754565674 + (290.5893382107784 * (-3.738014*x0 + x7 + 3.044138))",0.5452976730328383,0.5649833267069657
"gpg",100000,5.627225160598755,"1193_BNG_lowbwt",7,False,"-4.250165*x0**2*x2 + 21.9028196293472*x2 + 43.8056392586944*x3 - 21.9028196293472*x6 + (x3 - x7)*(x3 + x7)",-0.2556498762031927,-0.3269143117339006
"gpg",100000,5.261988878250122,"1193_BNG_lowbwt",7,True,"3662.375390617258 + (-83.88718063629534 * (-x0 - x3 + 2*x4 - x7 + (0.239168*x5 + 13.784816494778)*(x0 - x7 + sin(x7)) + 8.01908))",0.5720226253596432,0.5571154206124227
"gpg",100000,5.140895128250122,"1193_BNG_lowbwt",8,True,"8995.221193407186 + (-1145.3598553666402 * (x0 + 4.987943))",0.5403981127203288,0.524980241206148
"gpg",100000,6.698218107223511,"1193_BNG_lowbwt",6,False,"(x1 + 3.880888)*(x1*(x3 + 4.534278) + 3.501708*x2)*(-x0 + x4*x6 + 4.02323)/x1",-0.08639225790290284,-0.1383404835138684
"gpg",100000,5.542241096496582,"1193_BNG_lowbwt",9,True,"4755.425017136519 + (-1149.1844863849876 * (x0 + 1.279031))",0.5433746715201966,0.5155195451686801
"gpg",100000,6.42291522026062,"1193_BNG_lowbwt",9,False,"-(-x3 + x6 + (x0 - 4.575915)*(x7 + 3.092331))*(x1 + x2 + x6 - x7 + x8)",-0.09396774517007422,-0.12132018487662743
"gpg",100000,4.219099283218384,"1193_BNG_lowbwt",12,False,"17.6062390431457*x1 + 18.6062390431457*x2 + x3 + x7 + 10.6145751464664",-0.39291444184627755,-0.4699798567439326
"gpg",100000,4.441612958908081,"1193_BNG_lowbwt",11,False,"(-2*x0 + sin(x7 - 1.524848) + 8.197922)*(3*x2 + x3 - x6 + 2.918876)",-0.2276380668323359,-0.20968280029351405
"gpg",100000,6.074756860733032,"1193_BNG_lowbwt",10,False,"-(3.803836*x1 + x2)*(x6 + 14.787341)*sin(x0 + 4.49689)",0.13552474815357685,0.07095881799868675
"gpg",100000,5.8566389083862305,"1193_BNG_lowbwt",10,True,"3535.0679710118325 + (-227.1170740680267 * (4*x0 - x7 + sin(x0) + sin(x4) + 1.651311))",0.5708078112840997,0.5205424174386442
"gpg",100000,5.520861864089966,"1193_BNG_lowbwt",11,True,"303.15203564183014 + (2995.114398646088 * (sin(x0 + 1.474079)))",0.5272915398883185,0.5629232170209562
"gpg",100000,5.691118001937866,"1193_BNG_lowbwt",12,True,"3354.6979296870154 + (-213.86864581311286 * (-x0*(x7 - 4.499084) + x0 + sin(x0 + x4)))",0.5549059124010096,0.5552002968365772
"gpg",100000,5.688585996627808,"1193_BNG_lowbwt",13,False,"-((x0 - 3.539386)*(x1 + x2) - 4.814623)*(x3 + x6 + 4.20726)",-0.26033207379888346,-0.21508710311498325
"gpg",100000,5.989317893981934,"1193_BNG_lowbwt",13,True,"3840.8915256353202 + (-170.74134432864696 * (x0 - x3 + x4 - x7 + (x0 + 1.875255)*(x0 + 2.354891) + sin(x3)))",0.5713168026490383,0.5588031783592027
"gpg",100000,4.678222894668579,"1193_BNG_lowbwt",14,False,"(x0*(x2 - x5) - x2*(x6 + 6.647772))*(x0 - 2*x1 - 3*x2 + x6 + x8)/x2",-0.20208916425879475,-0.34632387325603076
"gpg",100000,5.134274244308472,"1193_BNG_lowbwt",14,True,"5133.87199113957 + (-1363.8571337341928 * (sin(x0) + 1.347057))",0.5400731324735875,0.5244088095871008
"gpg",100000,4.487727165222168,"1193_BNG_lowbwt",16,False,"-552.075815644473*x0 - 552.075815644473*x6*x8 + 2903.49976474586",0.15503438624134191,0.17451952884119193
"gpg",100000,5.394668102264404,"1193_BNG_lowbwt",15,True,"3174.4514219110374 + (-121.86756913872799 * (8.89797788061*x0**2 - x3*x7 + x4))",0.5674096765426216,0.5569898474283015
"gpg",100000,4.897840976715088,"1193_BNG_lowbwt",16,True,"-1164.382330842642 + (1150.4492860704531 * (3.868834 - x0))",0.5392153074568717,0.528150514549656
"gpg",100000,6.032849073410034,"1193_BNG_lowbwt",15,False,"-(x0*x3 + x6 - x7 - 8.950865603902)*(x1 + 2*x2 + x3 - x5 + 2*x8 + 4.95277)",-0.25311111510577233,-0.25150703032126387
"gpg",100000,5.875827312469482,"1193_BNG_lowbwt",17,False,"(x0 + x6 + 4.74472)*(x1 + 2*x2 + x7) + (-x0 + x1 + x2)/(x0 + 0.089902247577536)",-0.17162817808503905,-0.13417957651993073
"gpg",100000,5.624736070632935,"1193_BNG_lowbwt",17,True,"4122.096971791964 + (-1106.0200508551395 * (x0 - sin(x7 + 4.476852)))",0.5518260382235324,0.545561319043568
"gpg",100000,5.310295820236206,"1193_BNG_lowbwt",18,True,"4890.175563626715 + (-1116.4512885641009 * (x0 + 1.493513 + 2*x3*(x4 - x7)/x1))",0.5698232616047549,0.5409890132965844
"gpg",100000,6.167754411697388,"1193_BNG_lowbwt",18,False,"-3.330147*x0*x2 - x0 + x1**2 + x2*x7 + 17.45128265354*x2",-0.15159270121589574,-0.23547540675153567
"gpg",100000,5.173532009124756,"1193_BNG_lowbwt",19,True,"8498.435603730399 + (-1122.4642539174065 * (x0 + 4.650151))",0.5301400212350026,0.5531827900483546
"gpg",100000,5.986361980438232,"1193_BNG_lowbwt",19,False,"4.93012*x1 + 4.93012*x2 + 4.93012*(x0 - 3.450816)*(x0 - x2) + 3.60886756048",-0.263833180131539,-0.09751231113055425
"gpg",100000,4.5101318359375,"1193_BNG_lowbwt",20,False,"-4.894609*x0*x2*x3 + 2*x2 - x6 + (x3 + 4.233929)*(x1 + 3.331527*x2 + 1.099625)",-0.3953152291090991,-0.33091162158177445
"gpg",100000,5.221664905548096,"1193_BNG_lowbwt",20,True,"3133.8518029578177 + (-122.10429511759872 * (2*x0*(x0 + 3.374401) + x4 - 2*x7 + sin(x5)))",0.5637596492243853,0.5591450467656007
"gpg",100000,5.868197679519653,"1193_BNG_lowbwt",21,True,"954.8936783688861 + (1116.2824491101098 * (-x0 + (2*x1 + x3 - x4)/(x1 + x4 - x7)))",0.5654060725414025,0.5503531769812526
"gpg",100000,6.53051495552063,"1193_BNG_lowbwt",21,False,"(5.826937102386*x1 + 21.1367656647483)*(x6 + 3.418405) + (3.832856*x2 + 2*x3)*(-x0 + sin(x6) + 4.838066)",-0.13508214292137222,-0.07024771754197556
"gpg",100000,6.1931140422821045,"1193_BNG_lowbwt",22,True,"3175.806608795724 + (-184.44148059059305 * (5.482317*x0 - x7 + sin(x0 + x4)))",0.5535656923507943,0.5919050169009438
"gpg",100000,6.402208089828491,"1193_BNG_lowbwt",22,False,"2.95669*(-x0 + x3 + sin(x5*x8) + 5.001993)*(x1 + x2 + x6 - x7)",-0.31039467638607854,-0.26300609204537095
"gpg",100000,5.620469093322754,"1193_BNG_lowbwt",23,True,"2143.8956767918835 + (61.93556780852524 * ((x3 - x4**2 + x7 + 5.52844)/(4.378208*x0*(x2 - x7) + 0.405551774951611)))",0.5655982106197882,0.5606309326255915
"gpg",100000,5.4972312450408936,"1193_BNG_lowbwt",24,True,"8668.732148193265 + (-1150.9699657674892 * (x0 + 4.671923))",0.5347258704684048,0.5413284032789214
"gpg",100000,6.274599313735962,"1193_BNG_lowbwt",23,False,"-3.42852763801599*x0*x2 - x0 + x1**2 + x1*x3 + 18.0015659071784*x2 - x4",-0.1918012524447814,-0.12421965597653739
"gpg",100000,6.097301959991455,"1193_BNG_lowbwt",24,False,"-(x2 - x6)*(x7 + 4.496159)*(-x0 + 2*x2 + 2.330217)/(x1 - 0.697351034666018*x2 + 3.519127)",-0.20048056938161252,-0.1724326389406048
"gpg",100000,5.9804160594940186,"1193_BNG_lowbwt",25,False,"(x1 + 4.988549*x2)*(-x0 + sin(x4 + x7) + 3.947888)",-0.3174604829631573,-0.2920493150348864
"gpg",100000,5.991550922393799,"1193_BNG_lowbwt",25,True,"2919.846642119524 + (185.52910434573428 * (-5.518985*x0 + x3 - x4 + x7))",0.5601340155813331,0.557358256989907
"gpg",100000,5.357645034790039,"1193_BNG_lowbwt",26,True,"3285.768803455722 + (-1126.3082940494742 * (x0 + x5/x2))",0.5322248834239185,0.5496543668691543
"gpg",100000,4.40051007270813,"1193_BNG_lowbwt",28,False,"(-x0 + sin(x8) + 12.963716945272)*(x1 + x2 - x5 + 2*x7*(x1 + 4.597799) + x7)",-0.249836142177573,-0.2794426039104687
"gpg",100000,7.016372203826904,"1193_BNG_lowbwt",26,False,"(-4.211121*x0 + 4.211121*sin(x7) + 13.693693789953)*(3.227978*x1 + x2*x6/(x1 - x6) + x2 + x3)",-0.19642254952524096,-0.03691203562804479
"gpg",100000,5.1606221199035645,"1193_BNG_lowbwt",28,True,"2082.876018258451 + (122.63688858195391 * ((x3 - 2*x4 - x6 + x7 + 8.517300120465)*sin(1.293534*x0 + 1.792073)))",0.5681138296244647,0.5612935663255989
"gpg",100000,5.484909772872925,"1193_BNG_lowbwt",29,True,"523.0720328168477 + (141.1092796666266 * (-7.611877*x0 + x3*x7 - x4 + 18.662084512162 - x3/x2))",0.5637434089653461,0.5699255785823367
"gpg",100000,6.392232894897461,"1193_BNG_lowbwt",27,False,"(x7 - 4.685015)*(x1 + x2 - x3*x7)*(x0 - x7 + sin(x1)**2 - 4.735757)",-0.1980259417254946,-0.20702228847894033
"gpg",100000,6.629882097244263,"1193_BNG_lowbwt",27,True,"2180.159409877644 + (57.00569668792839 * (x7 + (4.564649*x0 - 4.264)*(x4 - 4.726234)))",0.5582343620496373,0.5534070873661512
"gpg",100000,5.212906122207642,"1199_BNG_echoMonths",0,False,"(24.485680983495 - 5.145191*x0)*sin(x0 + 1.572268) + 1.061016",0.3439090530456438,0.35561280837686393
"gpg",100000,6.674745321273804,"1193_BNG_lowbwt",29,False,"(1.959364*x2 - (x0 - 2.698951)*(x1 + x3))*(x4 + x5 + x7 - sin(x0) + 8.162035)",-0.27965814973611836,-0.24339040133847356
"gpg",100000,5.298514127731323,"1199_BNG_echoMonths",1,False,"(x1 - x6*x8 + 2*x6)/(x0*x5 - x3 + 3.420272 + x7/x1)",0.3234025024004118,0.34030678930922365
"gpg",100000,6.822787046432495,"1199_BNG_echoMonths",0,True,"29.374488024852443 + (-8.335060357272981 * (2*x0 + x8))",0.4166815561862678,0.4299622239555966
"gpg",100000,5.5782458782196045,"1199_BNG_echoMonths",2,False,"-x0*x5*(x0 + x7) + x6 + sin(x7) - (x1 + 2.141352)*(x8 - 1.945127)/x6",0.31394080432498195,0.2914802949983597
"gpg",100000,6.524525880813599,"1199_BNG_echoMonths",1,True,"35.02154910025106 + (-1.995270512641856 * (3.560269*x0*(x7 + x8) + 3*x0 + x2 + x4/(x5 + x6) + 2.163677))",0.4226752757241796,0.4486153796103709
"gpg",100000,5.089401960372925,"1199_BNG_echoMonths",3,False,"(x0 - 2.281238)*(2*x0 + 0.96143855431158*x7 - 13.248195024162)",0.36257897897868274,0.3655552855535579
"gpg",100000,5.892128944396973,"1199_BNG_echoMonths",2,True,"28.80197724904598 + (-3.1888323996489247 * (x0*(x7 + 4.254852) - x3 + x8 + sin(x7*x8)))",0.4253420381734164,0.4259307651425408
"gpg",100000,5.526197910308838,"1199_BNG_echoMonths",4,False,"-x0*x5*(x7 + 2.073068) - x0 + x2 + 2*x5 + x7 + 12.229635 + (x1 - x8)/(x6*x7)",0.35115287295342745,0.410880899768285
"gpg",100000,6.040642261505127,"1199_BNG_echoMonths",3,True,"33.895872355614166 + (-6.075383447303387 * (3*x0 + x8 + 0.737195))",0.41704929616137776,0.43040181212212514
"gpg",100000,5.687676906585693,"1199_BNG_echoMonths",5,False,"(-2*x0 + x3 + 2.388562)*(x2 - x8 + 10.597820016448) + sin(x2)*sin(x7/x3)",0.38329238337507465,0.4072330108969515
"gpg",100000,6.152493238449097,"1199_BNG_echoMonths",4,True,"28.879188490052837 + (-6.5058712959928275 * (x0*(x0 + x7 + sin(x8) + 0.218536)))",0.4054544809791234,0.46091303799806893
"gpg",100000,4.648771047592163,"1199_BNG_echoMonths",6,False,"(-x0 + 2*x1 - x3)/(x0*x4 + x7*x8 + 4.259624)",0.3580705569598047,0.31112700227247503
"gpg",100000,4.836519956588745,"1199_BNG_echoMonths",7,False,"(x3 + 6.183117*x6 - sin(x0))/(2*x0*x5 + 0.230073982589842*x6 - 0.087748)",0.39666975770442314,0.3649561268308682
"gpg",100000,6.603363990783691,"1199_BNG_echoMonths",5,True,"29.344614302761354 + (-6.317712095767647 * (2*x0 + x8 + sin(x0)))",0.41737127684738695,0.4295624886987728
"gpg",100000,5.990794897079468,"1199_BNG_echoMonths",8,False,"(sin(x0 + 2.038341) + (x5 - x8)/(x1 + x8))*(sin(x8 + 1.806002) - (x1 - x2)/(x0 - 2.169004))",0.3528863507335992,0.34726363175111374
"gpg",100000,6.4123780727386475,"1199_BNG_echoMonths",6,True,"32.16377857589991 + (-15.328838260023188 * (x0 + sin(sin(x8) + x4/x1)))",0.4350488231632441,0.3838711217872077
"gpg",100000,5.7650299072265625,"1199_BNG_echoMonths",8,True,"54.09287369787978 + (-8.327461387323426 * (2*x0 + x8 + 2.994755))",0.4220016287511229,0.4133082408270904
"gpg",100000,5.4713499546051025,"1199_BNG_echoMonths",10,False,"x5 + (-2*x0 - x8 + 4.79959)*(-x8 + sin(x3) + 4.578029)",0.3544419917388879,0.33932369992089706
"gpg",100000,6.338042736053467,"1199_BNG_echoMonths",9,False,"(1.94996*x0 - x3 + sin(x5 - x8) - 4.852308)*(x0 + x0*(x6 + 4.118747)/x6 - x3 + x8 - 4.486321)",0.39586090053341083,0.3916548865623515
"gpg",100000,7.489583730697632,"1199_BNG_echoMonths",7,True,"11.533946082048745 + (21.127982692371614 * (-sin(x0 - sin(x8 + 1.394112))))",0.4254511958531605,0.4037447446408883
"gpg",100000,6.9461870193481445,"1199_BNG_echoMonths",9,True,"29.175574882487574 + (-6.90836321447169 * (x0*(x0 + x7 + x8)))",0.42322971502091233,0.4102109302619642
"gpg",100000,5.826426029205322,"1199_BNG_echoMonths",10,True,"69.16289340973442 + (-8.466963996852519 * (2*x0 + x8 + 4.593025 - (x0 - x4 + 5.097871)/x1))",0.43546875392696704,0.4024871961547275
"gpg",100000,5.541545152664185,"1199_BNG_echoMonths",11,False,"(3.857441*x0*x8 - 4.154188)*(2*x0 + 1.40515371734613*x8 - 6.746803)",0.3829001690162671,0.3475945918595539
"gpg",100000,5.115156173706055,"1199_BNG_echoMonths",12,False,"4.159196 + (x5 + x7 + 7.540035)/(x0 + x8 + 0.60145)",0.3685121358794886,0.3535884192671104
"gpg",100000,6.594214200973511,"1199_BNG_echoMonths",11,True,"35.29837327722619 + (-6.97924965555713 * (x8 - 1.100982/(x0 - 1.323205)))",0.42912155731570667,0.3960400214334687
"gpg",100000,5.323670864105225,"1199_BNG_echoMonths",13,False,"-(x0 + x8 - 2.267684 + sin(x5)/(x4 + x5))*(-x0*x7 + x5 + 3.217418 + x5*(x1 + x3)/x1)",0.37793084691695156,0.3656603401737135
"gpg",100000,5.409131050109863,"1199_BNG_echoMonths",14,True,"29.82191151245435 + (-2.0728613251359893 * (2*x0 + x2 + (x0 + x8)*(x7 + 3.17434) + sin(x0)))",0.42283431993005116,0.42661170080689703
"gpg",100000,7.0758349895477295,"1199_BNG_echoMonths",12,True,"29.96697797437024 + (-3.0339731792207747 * (x0*x7 + 3.618623*x0 + x2 + 2*x8 + sin(x0)))",0.4329454319125856,0.4108677703532795
"gpg",100000,6.208150148391724,"1199_BNG_echoMonths",13,True,"29.48674895077401 + (-8.470075545267857 * (2*x0 + x8))",0.4277605443325698,0.3969741716634073
"gpg",100000,6.263041019439697,"1199_BNG_echoMonths",14,False,"(x1 + x6 + sin(x6))*(x8 + sin(x0) - 2.001389)*(x3 + x5 + x7 + 4.357509)/(-x1 + x5 + 0.330163434201564*x8)",0.3421546028805277,0.3623917838780205
"gpg",100000,6.623251914978027,"1199_BNG_echoMonths",15,False,"-x0*x6 - x5*x8 + x5 + x6 + (2*x1 + x2/x3)/(-2*x3 + x6 + 3.270693) + 1",0.3462145883143092,0.3279355476636212
"gpg",100000,5.697914123535156,"1199_BNG_echoMonths",16,False,"x8 + (x0 - 2.336851)*(x3 + 8.457526)*(x8 - 1.435835)",0.391639172860174,0.38879544084409434
"gpg",100000,7.0165979862213135,"1199_BNG_echoMonths",15,True,"35.07674935165744 + (-6.234982085652564 * (x0*(x7 + 1.411473) + x8 + sin(x7)))",0.42584446474069704,0.41197172414130556
"gpg",100000,5.841389894485474,"1199_BNG_echoMonths",17,False,"-x0*x6 + 0.552593*x1/(x8 + 1.472497) - x2 + x5 + sin(x7**2)",0.32017968760071547,0.3313440614266465
"gpg",100000,5.516453981399536,"1199_BNG_echoMonths",18,False,"(x1/x5 + 2*x5 - x8)/(x0*x1/x6 + sin(1))",0.35359671569163487,0.33740066938061475
"gpg",100000,7.335154056549072,"1199_BNG_echoMonths",16,True,"70.9071474159362 + (-8.705612864257192 * (2*x0 + sin(x8) + sin(x2/x5) + 4.718635))",0.42673194282275784,0.41363709633786216
"gpg",100000,6.028090953826904,"1199_BNG_echoMonths",19,False,"3.821267*x5*(-x2 + x3 + x5)/(x0*x5 + x5 - 1.621539)",0.3677632508150829,0.35419647862370873
"gpg",100000,8.624852895736694,"1199_BNG_echoMonths",17,True,"38.51415608244367 + (-0.9827894992815958 * (2*x5*sin(x8) + x7 - x8 + (x0*x1 + x4)/(x0/x7 + 2.941865) + 4.02625725048499))",0.4319503229175339,0.4338511521834515
"gpg",100000,7.958923101425171,"1199_BNG_echoMonths",18,True,"58.941895604767346 + (-8.426865434814514 * (2*x0 + x8 + 3.496409))",0.42573702619004905,0.40284265490286275
"gpg",100000,7.014756202697754,"1199_BNG_echoMonths",20,False,"-(x0 - x3 - 2*sin(x7) + x8/x5)*(-x2 + 2*x7 + 4.552956 + (x5 - x7)/(x0 + 0.458438))",0.34796933046246115,0.33024869779386
"gpg",100000,8.632059097290039,"1199_BNG_echoMonths",19,True,"29.077615043825404 + (-7.171359182936694 * (x0*x7 + x0 + sin(x8)))",0.42309896152589455,0.41440568204311234
"gpg",100000,6.514665842056274,"1199_BNG_echoMonths",21,False,"(-2.179106*x0 - 1.089553*x7 + 1.089553*sin(x7) + 5.033031008762)/sin(x8 + 0.146991)",0.35828892363900045,0.3420667939654586
"gpg",100000,7.554481029510498,"1199_BNG_echoMonths",20,True,"29.436659612811155 + (-3.455529964529428 * ((x5 + x7 + 2*x8)*sin(x0 + x2/x6)))",0.4320499504152556,0.3910506186835052
"gpg",100000,6.975224018096924,"1199_BNG_echoMonths",22,False,"-x0*x6 + x0 - x1*(x0 - x3)/x6 + x3 + 4.386902*x5 - x8 + 6.168736",0.3259361028124357,0.3196692648078894
"gpg",100000,9.601309299468994,"1199_BNG_echoMonths",21,True,"29.25977638418796 + (-5.4812203773450205 * (x0*x7 + x0 + x8 + sin(x0)))",0.4247227625232479,0.41908115220744935
"gpg",100000,6.693965196609497,"1199_BNG_echoMonths",23,True,"34.382682721589056 + (-5.383838130912943 * (x0*x7 + 2*x0 + x8 + 0.900937))",0.4358200219479693,0.3853587144310645
"gpg",100000,7.78685998916626,"1199_BNG_echoMonths",23,False,"(3.185806*x0 - 9.965618508586)*(x0 + x8 - 3.106551) - sin(x1 - x6)/(x2 - x3 - x5 + x8)",0.4151799563002392,0.3704713976462979
"gpg",100000,9.849127769470215,"1199_BNG_echoMonths",22,True,"32.52469877610654 + (-8.167736036644826 * (x0**2 + x0 + 0.033192*x4 + x8))",0.4315554881953426,0.4224473955206183
"gpg",100000,7.3692121505737305,"1199_BNG_echoMonths",24,False,"-x0**2*x1/x5 - 10.9025097577462*x0 + 0.340945510088578*x1 + x3 + 1.740096*x5/(x7 + x8) + x7 + 1",0.3458641717502422,0.3034519400573322
"gpg",100000,7.2294020652771,"1199_BNG_echoMonths",25,False,"-3*x0 - x2 + x5 + x7 - (x0 - 3.792465)/(x8 + 0.214171) + 1.740495",0.3256213264432819,0.36357448785909596
"gpg",100000,7.965541839599609,"1199_BNG_echoMonths",24,True,"43.64688400212883 + (-4.283463404412507 * ((x0 + x7/(x3 + x7))*(x8 + 3.901199)))",0.43058359535853674,0.3975483368671562
"gpg",100000,6.768153667449951,"1199_BNG_echoMonths",26,False,"(0.403900210500159*x1*x5 + x6)/(x0*x6 + x2 + x5 + x8**2)",0.3479396524426285,0.3117386760608234
"gpg",100000,8.258800983428955,"1199_BNG_echoMonths",25,True,"31.042200076767557 + (-8.634718368001867 * (2*x0 + sin(x8) + x4/x1))",0.4167464380453495,0.4582643947048902
"gpg",100000,1.5702528953552246,"192_vineyard",0,False,"-0.975549*x0 + 22.328055107092*x0/x1 + x1 + 4.002181",0.7468106502086178,0.28196211554622785
"gpg",100000,1.832690954208374,"192_vineyard",0,True,"11.249163879598667 + (2.0521739130434815 * (x0))",0.6320720374678639,-0.4414370727900263
"gpg",100000,1.4809291362762451,"192_vineyard",1,False,"(0.840768666967826*x1 - 0.7868171105532)*(x0/x1 - 0.205430303558197*x1 + 4.310888)",0.7196561096670024,0.5557142695660431
"gpg",100000,2.1706600189208984,"192_vineyard",1,True,"6.808544369811006 + (0.8694146606032792 * (x0 + x1))",0.6221748664942216,0.5721539612390548
"gpg",100000,2.0439658164978027,"192_vineyard",2,False,"(9.77483625071*x0 + 9.77483625071*x1 + (x1 - 3.621592)*(x1 + 4.525617))/(1.298145*x1 - 0.929526110427267 + 4.975119/(x1*(x0 + 3.623529)))",0.7260069263414081,0.583446177229713
"gpg",100000,1.8564229011535645,"192_vineyard",2,True,"5.58327156622384 + (1.2912366725583 * (x1))",0.5513941419358863,0.3798104027447887
"gpg",100000,7.335838079452515,"1199_BNG_echoMonths",27,True,"29.482119442376725 + (-4.004300569704609 * (x0*(x7 + sin(x0) + 2.538423) + x8))",0.42158506389276895,0.42154321445288667
"gpg",100000,7.813529014587402,"1199_BNG_echoMonths",27,False,"x3*(x7 + 3.679633)*(x0 - x2 + x5 + 2*x7 + x6/x1)/(x7*(x0**2 + x3))",0.34435751525334535,0.3676631957163212
"gpg",100000,7.609469890594482,"1199_BNG_echoMonths",28,False,"(x3 + 1.55525590958364*x5 + sin(x5 - 1.704943))/sin(x0 + 0.195078 + x5/x1)",0.37903382644814265,0.4073183995887625
"gpg",100000,1.676727056503296,"192_vineyard",3,False,"x0 + x1 + x1/(x1 - 3.03019) + sin(0.237112913169251*x1) + 3.129987",0.7164569708986862,0.41640588449675264
"gpg",100000,10.100952863693237,"1199_BNG_echoMonths",26,True,"32.71714692707016 + (-3.3571791817193377 * (x0*x7 + 4.090099*x0 + x8 + sin(x7) + sin(sin(x2 + x8))))",0.43305827009738274,0.4073347530925955
"gpg",100000,1.624258041381836,"192_vineyard",3,True,"6.791326386933251 + (0.8855855493422381 * (x0 + x1))",0.6553398560416404,0.377005095307977
"gpg",100000,7.383991003036499,"1199_BNG_echoMonths",29,False,"-x0*x6 + x6 + x7 + (2*x1 + x6 + x8)/(x1*x8 + x6 - x8) - sin(x3 + x5)",0.35022511671046597,0.3332853657407989
"gpg",100000,7.477049112319946,"1199_BNG_echoMonths",28,True,"49.36604445472751 + (-4.545655491714937 * (x0*x7 + 2*x0 + 2*x8 + 4.419747))",0.4176580622201055,0.43669490947331957
"gpg",100000,1.4220619201660156,"192_vineyard",5,False,"(x0 + 8.91805599544421)*(2*x1 + 2.989024)/(x0 + x1 + 3.527551/x0)",0.5599991547816952,0.721929981672309
"gpg",100000,1.8807668685913086,"192_vineyard",4,False,"x0 + x1 + sin(x0)/sin(x1) - sin(x0 - 3.630367) + 5.341419",0.7328845637550001,-0.5530494995603641
"gpg",100000,1.6349871158599854,"192_vineyard",4,True,"5.860380484940012 + (0.9640699723131141 * (x0 + x1))",0.6629693907272454,0.13345041411488257
"gpg",100000,1.1522228717803955,"192_vineyard",6,True,"5.379641505466777 + (0.9872476871320444 * (x0 + x1))",0.67873278490328,-0.10437749848970412
"gpg",100000,2.067713975906372,"192_vineyard",5,True,"17.164582328114005 + (0.2745982596140664 * ((2.868011*x0*(x0 - sin(x1)) - 9.387914898509)/x0))",nan,nan
"gpg",100000,1.511888027191162,"192_vineyard",7,False,"17.887549779792*(-x0 + x1*(x0 + x1 - 0.244497119888459))/(x1*(x1 + 2.003501))",0.5265071982700056,0.6345092367010019
"gpg",100000,1.5153570175170898,"192_vineyard",8,False,"(40.796397789321*x0 + x1 + 1.833061)/(2*x0 + 0.990949 + 1/(x1 - 1.184829))",0.7068339765902238,0.39242180403071636
"gpg",100000,1.3930160999298096,"192_vineyard",8,True,"6.3897393633460435 + (0.9061605027299883 * (x0 + x1))",0.5942147935755158,0.6480062212710547
"gpg",100000,1.454742670059204,"192_vineyard",9,True,"6.16810785577735 + (0.9080825145600852 * (x0 + x1))",0.5906548650950408,0.6782896891819401
"gpg",100000,8.299829959869385,"1199_BNG_echoMonths",29,True,"31.76313837952525 + (-4.1248025174601874 * ((x2 + 2*x8 + 4.762827)*sin(x0) + sin(x4*x5/(x1 + x4))))",0.42812690946278265,0.42890110120310254
"gpg",100000,2.127432107925415,"192_vineyard",7,True,"14.65668725272604 + (1.2713017465984737 * (x0))",0.4746171572037071,0.1736365770087026
"gpg",100000,2.531811237335205,"192_vineyard",6,False,"0.345147621363395*x0 + sin(x0 - x1) + 4.827285 + (x0*x1 + 4.536082*x0)/(x0 + 0.28968273802834)",0.7777961686270656,0.14799312960244115
"gpg",100000,1.7679340839385986,"192_vineyard",9,False,"0.522744106844231*x0 + x1 - sin(2.319031*x0) + 8.135266 - (x0 + 1.674107)/(x0 + 0.251758)",0.7035294186181187,0.6753474075343918
"gpg",100000,1.5772500038146973,"192_vineyard",10,False,"x0 - 0.271303*x1 + 7.229681 + (18.533963370747*x1 - 67.6086549328952)/(x1 + 1)",0.8131157845648977,0.3316955365526031
"gpg",100000,1.3561348915100098,"192_vineyard",10,True,"6.154190192864223 + (0.9329123914759274 * (x0 + x1))",0.7461809942439757,0.16400014930324525
"gpg",100000,1.2885971069335938,"192_vineyard",11,False,"(x0 + x0/x1 + x1 + 5.961452)*sin(0.163704728391886*x1)",0.7695208147761279,0.42770191854226625
"gpg",100000,1.2448961734771729,"192_vineyard",11,True,"-0.034757416250406264 + (0.8540750958773937 * (1.182708*x1 + (0.793861781025966*x0 + x1)*sin(0.200450974602661*x1) + sin(x0 - x1) - 1.000793/x1))",0.8132300826322896,0.5069194172223425
"gpg",100000,1.2985799312591553,"192_vineyard",12,False,"-2.21078883597296*x0 + 37.9057814472515*x0/x1 + x1 + 3.851845",0.7512506894623598,0.6464814109360081
"gpg",100000,1.052927017211914,"192_vineyard",13,True,"6.483462596141454 + (0.9069200360933268 * (x0 + x1))",0.5777187925337367,0.7290375323299778
"gpg",100000,1.2993521690368652,"192_vineyard",13,False,"-0.162757*x0 + 2*x1 + sin(0.958013157352703*x1) + 2.675722*sin(x0 - x1)",0.6762609592222528,-0.06775191879094611
"gpg",100000,1.1547040939331055,"192_vineyard",16,False,"(x0/x1 + 0.569202166205452)*(-0.207188186958332*x0*x1 + x0 + 2*x1 + 4.605076)",0.7474087286288748,0.6480259638287994
"gpg",100000,1.533257007598877,"192_vineyard",15,False,"-0.123030542671042*x0*x1 + 2.28811444366686*x0 - x0/(x0 - x1) + x1 + 4.20826055918944",0.7348341170004682,-0.4377967903362303
"gpg",100000,2.0837948322296143,"192_vineyard",12,True,"7.238994156382188 + (0.8579106885875012 * (x0 + x1))",0.6162469191751629,0.5388910416379168
"gpg",100000,1.9826631546020508,"192_vineyard",14,False,"(3.19782316836926*x0 + 3.19782316836926*x1 - sin(x0) - 1)*sin(4.686031/x1)",0.6829741193356079,0.6454480465719029
"gpg",100000,1.6538989543914795,"192_vineyard",16,True,"11.630093158934782 + (1.8797402841818032 * (x0))",0.614541126588584,0.25951513133347126
"gpg",100000,1.5012550354003906,"192_vineyard",17,False,"x0 + x1 + sin(x0 - x1) + sin(x0 + 4.650914 + 1.175006/x1) + 4.691745",0.735885746138953,0.4367510059123335
"gpg",100000,1.3399620056152344,"192_vineyard",18,False,"x0 + x1 - (x0 - x1)/(x1 - 3.549309) + sin(0.88586*x1) + 4.053124",0.7314797259828273,0.2978526165274997
"gpg",100000,1.6854500770568848,"192_vineyard",17,True,"6.054538527860769 + (0.921530687947387 * (x0 + x1))",0.6312029933787076,0.4349489935506705
"gpg",100000,2.346011161804199,"192_vineyard",15,True,"5.298546322412675 + (0.965719244955522 * (x0 + x1))",0.6718480062672171,-0.7408679112186709
"gpg",100000,2.744511842727661,"192_vineyard",14,True,"12.882893226176808 + (1.5843857634902394 * (x0))",0.49966389967680835,0.6361237846053711
"gpg",100000,1.092942237854004,"192_vineyard",19,False,"3*x0 + x0*(x0 + 3.966336)/x1 - 0.261537737280112*x1*(x0 - 4.948569) + 1.906228",0.7358580506893495,0.6547136383763164
"gpg",100000,1.1983680725097656,"192_vineyard",19,True,"6.693146000594708 + (0.866993755575379 * (x0 + x1))",0.6042003473177443,0.6295041287972662
"gpg",100000,1.6618869304656982,"192_vineyard",18,True,"6.278331893505066 + (0.9166241262860282 * (x0 + x1))",0.6614789180858265,0.31246074890613196
"gpg",100000,1.5453991889953613,"192_vineyard",20,False,"4.997905*x0 - x1*(0.361451357322137*x0 - 1.30546218062158) + 1.490679",0.7598081256621372,0.7242652979888213
"gpg",100000,1.3990318775177002,"192_vineyard",20,True,"11.65436533855868 + (2.0081645983017613 * (x0))",0.5811922425025906,0.2856483024188745
"gpg",100000,1.5963530540466309,"192_vineyard",21,False,"1.37435559364*x0 - 0.122523*x1**2 + 2.379580174736*x1 + 2.64542933116562 - 1.31586976941133/x1",0.6844744156195496,0.6636449988431408
"gpg",100000,1.2878220081329346,"192_vineyard",22,True,"5.574607140644675 + (0.9822516364837801 * (x0 + x1))",0.6630703855593868,-0.1701910603850867
"gpg",100000,1.338238000869751,"192_vineyard",23,False,"2*x0 + sin(0.516845012652366*x0) + 11.350242132288",0.7190753599749249,0.34700523886094736
"gpg",100000,1.8618359565734863,"192_vineyard",21,True,"12.583239399982663 + (1.6749328015260547 * (x0))",0.5298139275410823,0.664258959943602
"gpg",100000,1.4376280307769775,"192_vineyard",23,True,"12.203187042842215 + (1.8993730407523504 * (x0))",0.6789024218695774,0.27577998325298636
"gpg",100000,1.6372318267822266,"192_vineyard",22,False,"x0 + 1.53943052730287*x1 + (x0 + 1.906265)*sin(0.269429286801818*x1) - 1.72356090988123",0.7953592678930254,-0.013443730256087028
"gpg",100000,1.5628280639648438,"192_vineyard",24,False,"0.251701882277016*x0 + x1 + (x0 + 6.698446)*sin(0.202559419286452*x1)",0.7300597199234425,0.5436961738571178
"gpg",100000,1.23990797996521,"192_vineyard",25,False,"(4.255957*x0 + x1 + sin(3.354293*x0) + 1.251166)/(0.185732224064051*x0 + 0.737498086024573)",0.7342387997479094,0.4754520329533404
"gpg",100000,1.120406150817871,"192_vineyard",26,False,"x0 - (0.10874*x1 - 2.345018)*(x1 - 2.03079100098319) + sin(x0 + 4.166875) + 5.336372",0.7358232255695644,0.6797129412657529
"gpg",100000,1.7747011184692383,"192_vineyard",24,True,"5.8950832583258315 + (1.302992799279927 * (x1))",0.5131766573188523,0.27518161009538367
"gpg",100000,1.4748480319976807,"192_vineyard",25,True,"6.868909625762212 + (0.8396680368588184 * (x0 + x1))",0.604596335666348,0.5586570678242162
"gpg",100000,1.174241065979004,"192_vineyard",26,True,"12.697256504336226 + (1.573799199466312 * (x0))",0.540317112193984,0.5785846270487208
"gpg",100000,1.5983140468597412,"192_vineyard",28,False,"x0 + x1 - sin(5.35509453734869*x1) + 5.391306 + 1.48674570283352/(x1 - 3.069366)",0.7806392279949569,0.3380872680592618
"gpg",100000,1.4755988121032715,"192_vineyard",29,False,"x0 + (3.387069*x1 - 7.241773)/(0.160801279206336*x1 + 0.0866259003263623)",0.7447900879222907,0.43811671860054113
"gpg",100000,1.8271090984344482,"192_vineyard",27,True,"5.242799955520962 + (1.0072278438785727 * (x0 + x1))",0.7110711743684714,-0.0626845875974189
"gpg",100000,1.986497163772583,"192_vineyard",28,True,"6.303473082748171 + (0.9271306622607741 * (x0 + x1))",0.7096274880080118,0.3578056259830089
"gpg",100000,2.2800159454345703,"192_vineyard",27,False,"x0 + 1.727412*x0/(x1 - 0.577564) + x1 - sin(0.547125267065521*x1) + sin(x0 - x1) + 4.36253",0.7945791452121754,0.28104755194449627
"gpg",100000,2.0128300189971924,"192_vineyard",29,True,"6.103952755567939 + (0.9519302908833682 * (x0 + x1))",0.6568639980529554,0.29774970364817877
"gpg",100000,2.066368818283081,"210_cloud",0,False,"x3 + 1.10979661867166*(x2 - x3)*(x2 + x3)/(x4*(x0 + 3.349892))",0.9328814145341059,0.10121026985771464
"gpg",100000,2.0600602626800537,"210_cloud",1,False,"x3 - (x0 + x1)*(-x2 + x3 + 0.09494212224)/(x0 + 3.604825)",0.8886506307742222,0.8234000679435147
"gpg",100000,2.4157779216766357,"210_cloud",0,True,"0.23196947546636906 + (0.6457120942250821 * (x2))",0.8046852262173114,0.3381102634798949
"gpg",100000,1.493920087814331,"210_cloud",3,False,"0.354555237046768*x2 + 0.645444762953232*x3 - 0.14712061418737*sin(x3)",0.8574254006651515,0.9408348667306862
"gpg",100000,1.371431827545166,"210_cloud",4,False,"x3*(x2 + x4)/(x3 + x4)",0.9295870452611732,0.5288997440932555
"gpg",100000,2.0421721935272217,"210_cloud",2,False,"(x2*x4 + x3**2 - x3 + sin(x4))/(1.47017420829281*x4 + 0.880249590390693)",0.8816441364574368,0.8611516720961266
"gpg",100000,1.722999095916748,"210_cloud",3,True,"0.021641502457748096 + (1.017174052677313 * (x3))",0.7203397319052375,0.7627434939751061
"gpg",100000,2.0768299102783203,"210_cloud",2,True,"-0.00294544687258969 + (1.0314455060878664 * (x3))",0.7198891609764881,0.7816426537384473
"gpg",100000,1.5218989849090576,"210_cloud",4,True,"0.24922645700794416 + (0.6478101666028104 * (x2))",0.8081507663713421,0.22423583815754144
"gpg",100000,3.2686619758605957,"210_cloud",1,True,"-0.05152993068898178 + (1.0884281153593096 * (x3))",0.7206801047376696,0.7721177940302709
"gpg",100000,1.7897429466247559,"210_cloud",5,False,"x3 + (x0 + x1)*(x2 - x3)/(x0 + x1 + x4/x3)",0.898913223938413,0.897501538495069
"gpg",100000,2.0193920135498047,"210_cloud",5,True,"-0.005478489435315912 + (1.016297421049412 * (x3))",0.7213871011258468,0.7828371487280805
"gpg",100000,1.4858570098876953,"210_cloud",7,True,"-0.02685098537471768 + (1.0652379206424458 * (x3))",0.7480852540985531,0.5062449980240878
"gpg",100000,1.8326869010925293,"210_cloud",6,True,"0.06986218441545247 + (0.9932617688845229 * (x3))",0.7395838882981394,0.7110186959143832
"gpg",100000,1.4122798442840576,"210_cloud",8,True,"0.24753082844995267 + (0.6326070827230046 * (x2))",0.8068919951137405,0.26833185751298505
"gpg",100000,2.272063970565796,"210_cloud",6,False,"(-x0 + x1 + x2*x3 + x2 + 1.41299206972628*x4)/(-x0*x1 + 2*x0 + x1 + x4 + 2.989975/x3)",0.8880670722449241,0.8972047037303597
"gpg",100000,2.036864995956421,"210_cloud",7,False,"-0.257270198540558*x2*x3*(x0 - x2)/(x4*(x1 + x4)) - (x2 + 2*x3)/(0.05832*x3 - 3.425223)",0.9408466675432268,0.4156583444490555
"gpg",100000,1.4952189922332764,"210_cloud",9,False,"x3 - sin((x2 - x3)/(x3 - 3.613764))",0.8382638860506499,0.9280715975492542
"gpg",100000,2.0002639293670654,"210_cloud",8,False,"(-x0*x4 + x2*x3 + (x0 + x3)*(x4 + 0.399137))/(x3 + 0.700454*x4 + 2)",0.93356596041887,0.4003985124871835
"gpg",100000,1.8711810111999512,"210_cloud",9,True,"0.10519510789734782 + (0.9315512203811563 * (x3))",0.6744385371101058,0.8023565340246269
"gpg",100000,1.6185059547424316,"210_cloud",10,True,"0.2921980942202304 + (0.5915277534134192 * (x2))",0.8083111233923987,0.4969381655100239
"gpg",100000,1.574265956878662,"210_cloud",13,True,"0.026566410618803018 + (0.9759368665442941 * (x3))",0.7288516685988254,0.7325865128116427
"gpg",100000,1.9907619953155518,"210_cloud",11,False,"(-x0 + x2*x4 + x3*x4 + 1.29138802686598*x3)/(x0/x4 + 0.22281744188197*x1 + 2.130008*x4 + sin(x3))",0.8897140382771727,0.8036166561069475
"gpg",100000,1.759917974472046,"210_cloud",13,False,"-x2*x3*(x0 - x2)/((x1 + x4)*(x3 + 2.637789)) + 0.78278899862577*x3",0.8664999848591388,0.8235460963039981
"gpg",100000,1.7796351909637451,"210_cloud",12,True,"-0.07436394839987788 + (1.0772003113262534 * (x3))",0.7399399861924785,0.6885727556594197
"gpg",100000,1.4828770160675049,"210_cloud",14,False,"x3*x4*(x2 - x3)/(2*x3 + x4**2) + x3",0.8842321039570725,0.8526639357909342
"gpg",100000,1.523404836654663,"210_cloud",14,True,"-0.07396908319599332 + (1.1375346929066852 * (x3))",0.7561345019004634,0.49789737244122323
"gpg",100000,3.000298023223877,"210_cloud",10,False,"x2**2/((x4 + 1.496831)*(x0*x2 + x3 + x4)) + x3*(x2 + x4)/(x3 + x4 + sin(x3))",0.9319981475417253,0.7250589019922077
"gpg",100000,2.593609094619751,"210_cloud",12,False,"x2*x3/(x0 + x4) + 0.276394118112051*x4 + (x0 - x4)*sin(x3/x4)/(x3 + 2.562789)",0.9137842905937105,-0.4439088415958694
"gpg",100000,2.7978241443634033,"210_cloud",11,True,"-0.10801400677625683 + (1.144134688423801 * (x3))",0.7483696028948301,0.559539614480494
"gpg",100000,1.7445733547210693,"210_cloud",16,False,"(x2*x3 + x4)/(x3 + 0.201111436911 + x4/x3)",0.907936277369125,0.7337671964364398
"gpg",100000,2.397749900817871,"210_cloud",15,False,"(-x0 + x1*x4 + x2*x4 - x2 + x3 + 4.859233)/(x1 - x3 + 2*x4 + sin(x1) + 4.129301/x2)",0.8980125861122833,0.8236830023365964
"gpg",100000,2.0694167613983154,"210_cloud",17,False,"(1.842327*x2 + 3.17376791618224*x3)/(sin(x3/x4) + 4.743227)",0.8643585171342313,0.9279506648498004
"gpg",100000,2.1737518310546875,"210_cloud",16,True,"0.08258498124448406 + (0.908435135720865 * (x3))",0.7340887395391035,0.6988938003058802
"gpg",100000,2.4337871074676514,"210_cloud",15,True,"0.0014891927835363008 + (1.0458745444026774 * (x3))",0.7242595032926038,0.7692813012032433
"gpg",100000,1.9824440479278564,"210_cloud",18,False,"(x1*x2 + x1*x4 + 0.655931258404119*x3*(x2 + x4))/(x0 + 2.730037*x1 + x4)",0.8478086604708313,0.9342050800378581
"gpg",100000,1.9605422019958496,"210_cloud",18,True,"0.07656041264524868 + (0.9463005289365769 * (x3 + sin(x3*(x2 - x3)/x4)))",0.8331604918461014,0.8810159179937267
"gpg",100000,2.509320020675659,"210_cloud",17,True,"0.05697741595896747 + (0.9677520532472468 * (x3))",0.72249854486846,0.7503006909161802
"gpg",100000,2.17714262008667,"210_cloud",19,True,"-0.024896342700993092 + (1.0789703994822426 * (x3))",0.7451925274503653,0.4031158601846476
"gpg",100000,2.468169927597046,"210_cloud",19,False,"(x0*x4/(x0 + x3) + x2*x3 + x2 + x4)/(1.927193*x0 - x3 + x4 + 3.561716)",0.9051337569201887,0.6957111652659054
"gpg",100000,1.6904749870300293,"210_cloud",20,True,"-0.11876148985624993 + (1.1398107914702793 * (x3))",0.7480762370788752,0.5359889206910595
"gpg",100000,1.5245459079742432,"210_cloud",22,False,"0.469288471858295*x2 + 0.469288471858295*x3 - 0.234644235929148*sin(x1)",0.9270425866019872,0.6495782356649087
"gpg",100000,1.764293909072876,"210_cloud",21,False,"0.244719462003518*x0 + 0.244719462003518*x2 + 0.489438924007036*x3 - 0.244719462003518*x3*(x0 - x2)/x4",0.8727204838444662,0.8933792001177909
"gpg",100000,2.318838119506836,"210_cloud",20,False,"(x1 + 2*x2 + x3*(x0 + x2) + x3)/(x1 - x3 + x4 + 4.140351 + 1/(x3*x4))",0.9225645111377831,-1.165363050490364
"gpg",100000,2.2646780014038086,"210_cloud",22,True,"0.20853286284825526 + (0.6416903915285987 * (x2))",0.8229341663577439,0.3152041936288503
"gpg",100000,2.041801929473877,"210_cloud",23,True,"-0.05266606486400745 + (1.0619523780949918 * (x3))",0.7395013604256683,0.7003896699334667
"gpg",100000,2.3999311923980713,"210_cloud",21,True,"0.03060253637098863 + (1.0158971145913396 * (x3))",0.7048871360499078,0.8304751505384287
"gpg",100000,2.3126540184020996,"210_cloud",23,False,"(x2*x3 + (x0 + x3)*(x2 + x3))/(x0*x3**2/x4 + x0 + x3 + x4 + 0.807841)",0.9137974429634149,0.8248000917282927
"gpg",100000,1.8499209880828857,"210_cloud",24,False,"x3 - 0.677854*x3*(x1 - 2*x2 + x4)/(x4 + 2.627987)",0.8840651839095602,0.7448035696802157
"gpg",100000,2.043091058731079,"210_cloud",24,True,"-0.011044751302228751 + (1.03064874997001 * (x3))",0.7546051341508044,0.693938791246705
"gpg",100000,1.509580135345459,"210_cloud",25,True,"0.00607143934302913 + (0.9984335744136394 * (x3))",0.7543857707411274,0.6740086193202046
"gpg",100000,1.4401981830596924,"210_cloud",26,True,"0.21480734892770728 + (0.6415275867084423 * (x2))",0.8232748642504104,0.22612780893276063
"gpg",100000,2.028714895248413,"210_cloud",25,False,"((x1 + x4)*(x2 + x3) + sin(x1 + x4))/(2*x1 + 2*x4 - 0.949587348248034 + x4/x3)",0.9123287367018367,0.8694325149800557
"gpg",100000,2.0322978496551514,"210_cloud",26,False,"x3*(0.928491870418*x2 - 0.928491870418*x3 + x4 + 0.918893)/(x4 + 0.918893)",0.9358461956201614,0.13641985522627442
"gpg",100000,1.8109288215637207,"210_cloud",27,False,"x3 + (x2 - x3)*(x4 + 4.286041)/((x0 + 4.153651)*(x3 + 3.8398))",0.8560557842615076,0.8711859674014932
"gpg",100000,2.080798864364624,"210_cloud",28,False,"(0.299004166623062*x2*sin(x0) + x2 + 2*x3 + x4)/(4.75349738692096 - (x3 - x4)/(x1 + x4))",0.8981382711815371,0.7829784199318812
"gpg",100000,2.056196928024292,"210_cloud",29,False,"(4.129928*x3*(x2 + 0.377181) + (x1 + x2)/(x0 + 1.519015))/(x0*x3 + x1 + x2 - x3 + x4 + 5.640385353558)",0.9209545963051519,0.6397758423746631
"gpg",100000,1.7936577796936035,"210_cloud",29,True,"-0.1483379700071159 + (1.151432912089495 * (x3))",0.7422732817224463,0.6430748702189908
"gpg",100000,1.9225001335144043,"522_pm10",0,False,"(x0*x5 + x0 + x2 - x5 + 3.2226)/(x2 + 2*x5 + 0.796224983082185)",0.16221180444129368,0.051358268802391915
"gpg",100000,2.8354721069335938,"210_cloud",27,True,"-0.008559363482393499 + (1.0749173654997093 * (x3))",0.7211858216275704,0.7653123638473336
"gpg",100000,2.862330198287964,"210_cloud",28,True,"-0.02111033155159761 + (1.0382291491886133 * (x3))",0.7441117282584151,0.6593904806700737
"gpg",100000,2.2758498191833496,"522_pm10",0,True,"1.1061032455573117 + (0.33070464349327705 * (x0 + sin(x3**2) - sin(x2/x0) - (x2 - x3)/(x0 + 0.880682)))",0.22605396723358806,0.11766689262973917
"gpg",100000,2.5327308177948,"522_pm10",1,False,"(x5 + 5.118356)*(x0*x5 + x3 + sin(x2) + 1.681835/x0)/(2*x5*(x0 + x5))",0.13592980888901074,0.1584899747280245
"gpg",100000,2.45393705368042,"522_pm10",1,True,"1.2087954855220122 + (0.325623328117936 * (x0 + sin(1.1250895571245*x3 - 1.70756417210166)))",0.19506840545919968,0.20120763996803281
"gpg",100000,2.2097110748291016,"522_pm10",2,False,"0.322823387521391*x0 + 1.27515270353288 - 0.726636378015211*x2/x0",0.18610126861989407,0.126850011329666
"gpg",100000,2.164569139480591,"522_pm10",3,False,"3.540621 - (x2 + x3 - sin(x2))/(x0 + x5 - 3.127512)",0.14001742097223158,0.09602115551846313
"gpg",100000,2.5404961109161377,"522_pm10",2,True,"0.873501805004984 + (0.35433738756168887 * (x0 - sin((x2 - 1.582852)/x2)))",0.2037009344499866,0.13767497369806592
"gpg",100000,2.5159690380096436,"522_pm10",3,True,"1.2997021302874374 + (0.28392085039291837 * (x0))",0.13224608437547902,0.10702566030571525
"gpg",100000,2.2945480346679688,"522_pm10",4,False,"0.253094587521627*sin(x0) + 3.436984 - 0.511042864989491*x2/x0",0.143365733474069,0.1551587126965186
"gpg",100000,2.085677146911621,"522_pm10",5,True,"2.2766570051635293 + (0.18302631825874544 * (x0 - x2*sin(x3 + 0.766432)))",0.21934575639924525,0.17964013780708488
"gpg",100000,2.639585018157959,"522_pm10",5,False,"0.414949543793202*x0 + (x0 + x3/x2)/(x0*x2 + x0 - x3)",0.15965076623906915,0.23316357332806537
"gpg",100000,2.706542730331421,"522_pm10",6,False,"0.300734061771378*x0 + sin(x3/x6 + 1) + 0.658803197347684/x2",0.17431957275036203,0.1777943789312605
"gpg",100000,3.297837972640991,"522_pm10",4,True,"2.3938325995734857 + (0.36243466982805655 * (x0 - 0.27629078630055*x2 - x2/x6 - sin(-0.387396*x2 + x3 + 2.77554) - 3.22006899161165))",0.2522870314978394,0.27063531101416505
"gpg",100000,2.0009047985076904,"522_pm10",7,True,"2.6579953676802144 + (0.1477594301787767 * (x0 + (x2 + x3 + sin(x5))*sin(x3 + 4.121943) + sin(x0) - 0.885732041949149))",0.20158726010528605,0.2058122780316105
"gpg",100000,2.732978343963623,"522_pm10",6,True,"1.4954884297874953 + (0.2513713435315987 * (x0))",0.09261161012212393,0.21936899730603587
"gpg",100000,2.0246992111206055,"522_pm10",8,False,"-x0*x3**2/(x2 - x4) + 0.412206931177106*x0 - 0.206103465588553*x2 + 0.924590451803529",0.1644919875961155,-0.20954738280146157
"gpg",100000,1.9703700542449951,"522_pm10",8,True,"1.8330161324009022 + (0.41474889362493517 * (0.567120840189603*x0 - 0.257877513338714*x2 + x3*sin(x3)))",0.22099053791001055,0.11441886107505772
"gpg",100000,2.9586758613586426,"522_pm10",7,False,"(x0 + x3)/(x2 + sin(x3) + 3.929839) + 2.30389996072572 - x3/x0",0.1159447272490155,0.14935754169376314
"gpg",100000,2.317257881164551,"522_pm10",9,False,"x0*x4/((x0 + x2)*(x2 + x4)) + 0.239066759870827*x0 + x4/(x1 + x4)",0.17356907819641132,0.08797087113091706
"gpg",100000,2.1333160400390625,"522_pm10",9,True,"0.9475552120023215 + (0.36751664135307793 * (x0 - 0.290662862471123*x2 + sin(x1**2/(x0*x5))))",0.24252152424504836,0.10829160084791101
"gpg",100000,2.3377621173858643,"522_pm10",10,False,"0.367736153722538*x0 - (sin(x6) - 5.499932)/(x0 + x2/x5)",0.1744071816887902,0.05936164027227053
"gpg",100000,2.0956039428710938,"522_pm10",10,True,"-0.06636603256584829 + (0.5030692258592262 * (x0 - sin(x3 - sin(x0) + 2.311276)))",0.23487957225323486,0.06988079453964702
"gpg",100000,1.7464559078216553,"522_pm10",12,True,"2.6595239045400807 + (0.16513516818995458 * (x0 - x2))",0.14166778387380408,0.03291180574934027
"gpg",100000,2.471900224685669,"522_pm10",11,False,"0.399816023428673*x0 + x4/(x6*(x3 + 1.537295)*(x2 - x6 + 4.270562/x2)) + 0.613160252426354 - (x2 - 1.691827)/(x0 + x2)",0.16481016078015542,0.2030707289988346
"gpg",100000,2.2079451084136963,"522_pm10",12,False,"0.209507*x0 + x2*(x1 - 3*x2)/(x4*(x0 - 0.440941)) + 1.89814674624181",0.1565127099248389,0.1058644982738034
"gpg",100000,1.6189570426940918,"522_pm10",14,False,"0.366016267959046*x0 + 0.366016267959046*sin(1.801369/x5) + 0.211517507107121 + 0.748184101790588/x2",0.1421040157127903,0.2323853450310862
"gpg",100000,2.6035618782043457,"522_pm10",11,True,"0.009555175612644967 + (0.5518400774604749 * (x0 + sin(x3 + 4.60184) - sin(sin(x0))))",0.19395435917766146,0.18583232828409657
"gpg",100000,1.2600288391113281,"522_pm10",15,False,"0.36054017571286*x0 + 0.36054017571286*sin(x2) + 0.562821601836736",0.16773333740841767,0.08950841868435488
"gpg",100000,2.493311882019043,"522_pm10",13,False,"0.36353880304122*x0 + 1 - sin(4.830062/x2)/(2.23405 - 2.808666/x4) + x3/(x0*x2)",0.21949274114947026,0.025906654661881023
"gpg",100000,2.4371278285980225,"522_pm10",13,True,"1.1340591162252376 + (0.3285787277321443 * (x0 - 0.29159713290035*x2**2/x6 + sin(x2) - sin(x3 + 0.837942)))",0.259366016144604,0.06323462635687394
"gpg",100000,2.283085823059082,"522_pm10",14,True,"2.3786833338783033 + (0.22435718355775283 * (x0 + sin(x3 + 4.604377) - 4.004737*(x2 + 0.726862)/x0))",0.20211193394639715,0.2684136356227639
"gpg",100000,2.0713870525360107,"522_pm10",15,True,"2.0621659718857357 + (0.31049446604520303 * (x0 + sin(x2) - 3.299423))",0.18958294836985234,0.13223662303556138
"gpg",100000,1.8981108665466309,"522_pm10",16,False,"0.362909*x0 - x0/x6 - 1.616151/x6 + 0.558569744974839/x2 + 3.40401/x0",0.20395018068002024,0.13473447684716577
"gpg",100000,1.840688943862915,"522_pm10",17,False,"(x0 + (x0 + x2)/(x0*x2))*(x1 - x2 + x4)/(2.194086*x1 + 2.194086*x4)",0.17367265203246818,-0.005781845308515221
"gpg",100000,1.9566888809204102,"522_pm10",17,True,"0.21767413733861488 + (0.46972532949720447 * (x0 - x2/(x0 + x5) + sin(x0 - x3 + 3.711575)))",0.22687481682450594,0.1700382142387502
"gpg",100000,1.6219377517700195,"522_pm10",19,False,"0.439575897174406*x0 + x3/(x2*x5)",0.1223558678374711,0.023051546710127324
"gpg",100000,1.8254261016845703,"522_pm10",19,True,"1.1759523554885787 + (0.2960765246757442 * (x0))",0.1353761205180556,0.09510751501418213
"gpg",100000,2.7824349403381348,"522_pm10",16,True,"1.56712736276635 + (0.2850127988934345 * (x0 - sin(x2/x0) - sin(x2 + 4.103134) + sin(x3 + 3.872045)))",0.22523530725435914,0.22454001615916308
"gpg",100000,1.9157400131225586,"522_pm10",20,False,"0.238385*x0 + x6/(x1*x3 + x6 - 4.005149) + 0.238385*sin(x2) + 0.46094743401",0.18763775607816935,0.10070605838162361
"gpg",100000,2.9214930534362793,"522_pm10",18,False,"(x0**2 + 2*x2 + sin(x2) + 2.061582/x2)/(2*x0 + x2 + sin(x0 - x3))",0.20333781396515738,0.25072240134168455
"gpg",100000,2.8335840702056885,"522_pm10",18,True,"1.1505710996640306 + (0.3182410743258271 * (x0 + sin(x3 + 4.69148) + (x0 - x2)/(x0 + 3.244062)))",0.19271102314780497,0.25719356499216883
"gpg",100000,1.7752659320831299,"522_pm10",21,True,"0.9278310739480237 + (0.3566848880113255 * (x0 + sin(-x3 + 4.938489 + x1/x0)))",0.24745580948931523,0.15149793153191038
"gpg",100000,2.0946311950683594,"522_pm10",20,True,"1.3740383615644811 + (0.2927222776174556 * (x0 + sin(x2 + 1.050728) - sin(2.899017*x3 + 1.581536160816)))",0.2631798913325353,0.11067950365006829
"gpg",100000,2.31306791305542,"522_pm10",21,False,"0.415331548792112*x0 - x1/x6 + sin(0.655495576580094/(x0 - 2.220192)) + 0.361539827046577/x2",0.20296638762893682,0.09194239513279023
"gpg",100000,1.6812138557434082,"522_pm10",23,False,"0.315636639101067*x0 - x2/(x0*x5 + x5) + x5/(x5 - 0.213822) + 2.658308/x6",0.15506649775008496,0.07008862879476985
"gpg",100000,2.1952688694000244,"522_pm10",22,False,"x0 - sin(x0) - 3.455495 + 0.516406492468986*sin(x2)/x2",0.18242168312859253,0.10098148385674244
"gpg",100000,1.7220032215118408,"522_pm10",23,True,"1.0965451639359831 + (0.30530436002167943 * (x0))",0.1377450127102916,0.07664376749603707
"gpg",100000,1.6522607803344727,"522_pm10",24,False,"0.295667378929382*x0 + 0.295667378929382*sin(x2) + 1.14321920868174",0.1902934637503071,0.1295192896172378
"gpg",100000,2.7510719299316406,"522_pm10",22,True,"0.8862442858456078 + (0.3640462276404579 * (x0 - sin(0.229770911508099*x2) - sin(0.463596*x1*x3/x0)))",0.21055257063789756,0.14081989733769906
"gpg",100000,1.7008659839630127,"522_pm10",26,False,"(3.567648*x0 - x2 + 2*sin(x0))/x0",0.1738765333769834,0.08319769865067428
"gpg",100000,2.351624011993408,"522_pm10",24,True,"1.1617337437515072 + (0.33897171693416617 * (x0 - sin(x3 + 1.52109)))",0.21334210667560916,0.11392849826905316
"gpg",100000,1.5205039978027344,"522_pm10",27,True,"1.2218527026924568 + (0.32442672746973655 * (x0 + sin(x3 + 4.398467)))",0.18769741759311187,0.17857543922656316
"gpg",100000,1.5800771713256836,"522_pm10",28,False,"0.352071146537292*x0 + 0.378709778786657 + 0.757469453427149/x2",0.17580754714052993,0.12150234070458021
"gpg",100000,2.403378963470459,"522_pm10",25,True,"1.884816053339042 + (0.25934931795203897 * (1.0*x0 - 3.74642*x2/x0))",0.20830017716331328,0.09680173004849968
"gpg",100000,2.386606216430664,"522_pm10",26,True,"2.6243840302087484 + (0.1672617953393934 * (x0 - x2))",0.13901636557465535,0.025493662008322482
"gpg",100000,2.0772600173950195,"522_pm10",28,True,"0.3577688537280774 + (0.43799797620617914 * (x0 - sin(x0 + x2/x5 - x3)))",0.21302064967495227,0.20224501736973144
"gpg",100000,1.8123576641082764,"522_pm10",29,False,"-sin((x2 + x5)/(x1 + x4)) + (x0**2 + sin(x2))/(2*x0 - x3/x2)",0.14445332258257648,0.026363434830958488
"gpg",100000,2.578091859817505,"522_pm10",27,False,"0.233266979620544*x0 + 0.489945099849765 - (x3 + x4)/(x1 - x4) - 1.22301419185668*(x0 + x5)*(x1 - x5)/(x2*x5*x6)",0.1286469952606265,0.1652231967930411
"gpg",100000,1.517883062362671,"557_analcatdata_apnea1",0,False,"(-2*x0 + x1*x2 + x2**2 + 4.933213*x2)/sin(x0**2 + x1 + 0.587909)",0.48421888150564674,0.5894547677677549
"gpg",100000,2.3153488636016846,"522_pm10",29,True,"1.431775904581737 + (0.3123981494710925 * (x0 - 0.157212735453833*x2 + sin(x2) - 0.778713667461229))",0.22097140796530323,0.021719500492578425
"gpg",100000,1.7564418315887451,"557_analcatdata_apnea1",1,True,"339.5673428182361 + (73.48267937488183 * (x0*x1))",0.017355833726580894,0.0013366342324747649
"gpg",100000,1.5075242519378662,"557_analcatdata_apnea1",2,False,"1 - 5.641493/((x0 - 2.977709)*(x1 - 3.017735))",0.887056740348058,0.8437760691097426
"gpg",100000,2.032118797302246,"557_analcatdata_apnea1",0,True,"214.6387572795035 + (18.198375148440405 * (-x1/(-x0 + 0.961580452547811*x1 + 0.111721047266263)))",0.8991540756717463,0.7816540735104135
"gpg",100000,1.9036469459533691,"557_analcatdata_apnea1",1,False,"(-1.03274303047173*x0 + 1.03274303047173*x2 + (x0 + 3.371966)*(x1 + x2))/(x1**2 - 3.718801*x1 - sin(x0) + 2.308675)",0.599150984568307,0.6364484689915011
"gpg",100000,4.943447828292847,"522_pm10",25,False,"0.345490570698599*x0 - x1*x3/(x2 + x4) + 0.779925195723203 + sin(x5 + x6)/(x4 - x5 + sin(x2))",0.17881435656780587,0.03976587090851813
"gpg",100000,2.0857999324798584,"557_analcatdata_apnea1",2,True,"220.63214847615149 + (20.8686526093695 * ((x0*x1 - 9.84029205986834*x1/(x0 + 3.241431) + 20.652463223677)/(4.789628*x0*(x1 - 3.137956) - x0 + sin(x0) + 4.874859)))",0.9001307786748635,0.8697774809292256
"gpg",100000,1.9811420440673828,"557_analcatdata_apnea1",3,True,"194.55633647014452 + (5.963301904903815 * ((3.291785*x0 - x1)*(x1 - sin(x1))/(0.805684263616668*x1*(x0 - x1) + x1 - 2.99259605940523)))",0.9192053165043925,0.8500501552375107
"gpg",100000,1.7701127529144287,"557_analcatdata_apnea1",4,False,"x1*x2*(x1 + x2)*(x0 + x1 - 3.065897)/(x0**2 + 2.599075*x0 - 4.119932*x1 - 4.31052950045)",0.4874250428121514,0.4775906703907534
"gpg",100000,2.2320120334625244,"557_analcatdata_apnea1",3,False,"(-x0*x2 - 2.949301*x0 + sin(x0) - 2.061593049442)/(-0.115603296048475*x0*x1 + 0.284250578146595*x0 + 0.172737)",0.20105553529282527,0.186177545881697
"gpg",100000,1.5144321918487549,"557_analcatdata_apnea1",4,True,"234.73571547430998 + (20.011877250946583 * (-x2/(-x0 + x1 + 1.74377*x2*(x0 - 3.574238) + x2)))",0.8872187667620971,0.9120320444449015
"gpg",100000,1.7551450729370117,"557_analcatdata_apnea1",6,False,"-1.04085897183678*x1*x2*(x0/x2 + x1 + x2)/(x0 - x1 + sin(x1) - 0.850882933279385/(x0 + 1.098864))",0.48130939487596247,-0.36597127055757905
"gpg",100000,2.0459041595458984,"557_analcatdata_apnea1",5,False,"(x2**2 + 0.671598450630092)/(x0 - 4.048306 + 3.19958744084544/x1)",0.45000835845975107,0.43922601111754367
"gpg",100000,2.0585877895355225,"557_analcatdata_apnea1",6,True,"258.24748940703836 + (15.409226569336282 * ((x0 + sin(x1**2))/(sin(x0 + x1) + 0.848539299333785/x0)))",0.9027949512461226,-0.021032763695748802
"gpg",100000,2.2284698486328125,"557_analcatdata_apnea1",5,True,"163.65155357756535 + (8.046692869406181 * ((3*x0 - x1 + 3.47037329001)/(x0 - x1 - sin(x0)*sin(x1) + 0.02522)))",0.907662817399571,0.8817993983353074
"gpg",100000,1.7376608848571777,"557_analcatdata_apnea1",7,True,"112.21357168173142 + (55.71685404026356 * (-x0*x1/(x0 - 2*x1 + 2.963332)))",0.7569126770319787,0.8987407832130334
"gpg",100000,1.6157021522521973,"557_analcatdata_apnea1",8,False,"x1*(-x0 - 2.080004)/(sin(x0 - 3.052519)*sin(x1 + sin(x1) + 3.167418))",0.781930838602293,0.7577860040327207
"gpg",100000,1.6992881298065186,"557_analcatdata_apnea1",8,True,"210.0351446492303 + (54.45838022669338 * (-0.242243602104225*x0*x1*(x0 - 4.126896)/sin(-x0**2 + x1 + 2.849446)))",0.8907731556560303,0.8938202067942689
"gpg",100000,2.3256609439849854,"557_analcatdata_apnea1",7,False,"x2*(-x0 + (0.410955*x0 + x1 - 4.247127)*(2*x1 + x2 + 2.757834) - 4.194811)/(0.410955*x0 + x1 - 4.247127)",0.46278952508923044,0.40101569949160154
"gpg",100000,1.9797260761260986,"557_analcatdata_apnea1",9,False,"(3*x1 + 4.7791)/(sin(x0 + 0.14069) - (x0 - x1)/x2)",0.9203610371928221,0.8402836679414349
"gpg",100000,1.8929359912872314,"557_analcatdata_apnea1",10,False,"-(3.313118*x0 + 4.45305*x2)*(1.644878*x0 - x1 + 0.759634820616228)/(sin(x0) - 0.49077/x1)",0.45364048605750495,0.054559740668753354
"gpg",100000,1.883385181427002,"557_analcatdata_apnea1",10,True,"274.8621060867302 + (65.77605194125631 * (-x0*x1/sin(x0**2 - x1 + 0.239084)))",0.8313215020668991,0.6798623918950867
"gpg",100000,1.8242480754852295,"557_analcatdata_apnea1",11,False,"(0.490849582090666*x0*x2 + x1)/(sin(x0 + x1) + 0.843251801335348/x0)",0.7470039965594848,0.6500901436236297
"gpg",100000,1.546010971069336,"557_analcatdata_apnea1",12,False,"x1*(4.131901*x2 + 4.991286)/((-x0 + 0.181014*x1 + 2.487053)*sin(1))",0.45761104887623205,0.4416182478742692
"gpg",100000,2.734428882598877,"557_analcatdata_apnea1",9,True,"225.01318310322054 + (13.478478539447348 * (x0*sin(4.708119*x1)/((x1 - 3.124930301404)*sin(x0 + 0.163916))))",0.9202123863440237,0.8351269241618624
"gpg",100000,1.6802642345428467,"557_analcatdata_apnea1",13,False,"-(4.371155*x0 + 8.74231*x2)/(0.700120652994106 - (x1 - 1.441912)/(x0 - 0.804823))",0.64331304674596,0.8089751466636382
"gpg",100000,2.2048070430755615,"557_analcatdata_apnea1",11,True,"178.33036097371308 + (30.08002183450496 * (3.081379/(-x0 + 0.935069110009516*x1 + 0.201414516925351)))",0.8536836010871521,0.8968959817503123
"gpg",100000,1.6865730285644531,"557_analcatdata_apnea1",14,False,"(x0*x2 + x1*(x0 + x2) + 0.252677624789899*x1)/(1.298445 - (x1 + 2.351593)/(x0 + 1.146806))",0.6473186171618758,0.6134977683325646
"gpg",100000,2.7570762634277344,"557_analcatdata_apnea1",12,True,"151.27258834173293 + (24.016041394124468 * (-1.329741/((-0.214731665941947*x0 + (x0 - x1)*(x1 + 4.242321) + 0.662116717397023)*sin(x0 - 3.113478))))",0.9030260337214394,0.908575420562463
"gpg",100000,1.4978058338165283,"557_analcatdata_apnea1",15,True,"248.04312706341608 + (198.40711602604713 * (x1/(2.06001788579664*x0 + sin(sin(x1)) - 6.27698779900609)))",0.8750529448527602,0.8778704489236309
"gpg",100000,1.5616109371185303,"557_analcatdata_apnea1",15,False,"x0**2*x1*x2/sin(x0*x1 + 6.686272)",0.5291185875671359,0.6435804836699324
"gpg",100000,3.080428123474121,"557_analcatdata_apnea1",13,True,"220.6420839679764 + (9.739390198128822 * ((x1**2*sin(x1) + 0.914132694496312)/(-2.205659*x0 + 1.710702*x1 + 4.458724/x1)))",0.9000307816547957,0.8877997893034836
"gpg",100000,1.7111461162567139,"557_analcatdata_apnea1",16,True,"230.36337376209275 + (12.061001521110938 * ((-x0**2 + x0 - 4.7579738952*x1)/(-2.351527*x0 + x1 + 4.03824611497887)))",0.8661351711552457,0.9556300502893833
"gpg",100000,1.8293261528015137,"557_analcatdata_apnea1",16,False,"-x1*x2**2/(-x1 + 2.052572 + 2.509771/x0) - 3.816742*x2*(x1 - x2) + 3.355567",0.2900545742747134,0.1978753552635345
"gpg",100000,2.2534589767456055,"557_analcatdata_apnea1",14,True,"216.29866283982236 + (3.9666857371652395 * (-x0**2 + x1 - 0.485948112882649 - (x1 + sin(x2))/((x0 - 3.03313)*(x1 - 2.974952))))",0.9144624722377469,0.8646719248354164
"gpg",100000,1.6403119564056396,"557_analcatdata_apnea1",18,False,"(3*x0 + x2)*(x1*x2 + 4.327664) + (x2**2 + 2.732951)/(0.24526160706687*x0 - x1 + 2.319361)",0.2316195567634164,0.15785998994334904
"gpg",100000,2.1056771278381348,"557_analcatdata_apnea1",17,False,"(x0*x2 + 4.94916015219686*x0 + x1 + 4.979485)/(0.263459486517461*x0*sin(x1) - (x1 - 2.04776)/x0**2)",0.7029418230399356,0.6876815655289543
"gpg",100000,1.339128017425537,"557_analcatdata_apnea1",18,True,"141.26622878468072 + (523.1599175360795 * (0.651983913894756/(-x0*x1 + x0 + x1 + 3.021473)))",0.9145929359866718,0.8050528014362759
"gpg",100000,2.277677059173584,"557_analcatdata_apnea1",17,True,"253.05704218248786 + (27.90583559212498 * (-(0.991847112935795*x0 + sin(x2) + 0.959045737063895 - 0.745309/x2)/(x0 + (x0 + x1)*sin(x1) - 2.873621 - 2.939964/x0)))",0.9050727009859632,0.9334789244468897
"gpg",100000,1.597135066986084,"557_analcatdata_apnea1",19,True,"262.83215870931616 + (23.868392286772362 * (x1/(0.221152727631397*x0*x1**2 - x1 - 3.974705 + 3.024796/x1)))",0.8992863997069171,0.8815849772717999
"gpg",100000,1.7956607341766357,"557_analcatdata_apnea1",19,False,"(x1 - 2*x2 - sin(x0 - x2) - 4.75435)/(-x0 + sin(x1) + sin(x0 + 1.635388) + 3.853178)",0.6026569649605973,0.6289166012833766
"gpg",100000,1.4780728816986084,"557_analcatdata_apnea1",21,True,"326.3163968391279 + (77.69479922282036 * (x0/(sin(x1**2) + sin(x0 - 3.40736))))",0.8508824385587763,0.9300013879810256
"gpg",100000,1.6040949821472168,"557_analcatdata_apnea1",20,True,"219.88118713437544 + (9.878667483016576 * (x0/(sin(x1) - 0.135794) - x1))",0.28690255223513095,-0.4632068101644111
"gpg",100000,1.624567985534668,"557_analcatdata_apnea1",21,False,"(x0 + 6.330514527812*x1**2 + 3.750715*x2)/(-x1 + 2.689658 + 1.146747/(x0*(x0 - 1.795746)))",0.8282299929697517,0.9014205576876277
"gpg",100000,1.490067958831787,"557_analcatdata_apnea1",23,False,"x2*(x0 + 2.270077)*(2*x0 + 7.450356)/(0.213924518017365*x0 - x1 + 2.432172)",0.5731641865050392,0.294891649727701
"gpg",100000,1.8053390979766846,"557_analcatdata_apnea1",22,False,"x1*(20.153432360648*x0 + x2)/(-x1*(0.073087*x1 + sin(x0)) + 0.239976597482214*x1 + 0.375567454661821)",0.8764456167031438,0.9093527529428422
"gpg",100000,2.5508968830108643,"557_analcatdata_apnea1",20,False,"x1 + x2**2 + 4.528218*x2*(x0 + 3.873733)/(0.275472759462971*x0 - x1 + 2.203187) - x2 + 5.078439",0.626032283678309,0.7770590161575562
"gpg",100000,1.7393231391906738,"557_analcatdata_apnea1",23,True,"142.44149591802645 + (16.54509120650215 * (-4.372225*x1/(-x1 + sin(x0) + 2.844338)))",0.8915870033270945,0.8502085968574715
"gpg",100000,2.121187210083008,"557_analcatdata_apnea1",22,True,"210.57474418201164 + (0.8977447082166369 * (-0.490278993261115*x0**2*x1**2/(x0 - 2*x1 + 2.99774)))",0.89314429673373,0.8901349369823958
"gpg",100000,2.013171911239624,"557_analcatdata_apnea1",24,False,"x0**2*x1*x2/((x0 - 3.159793)*(x1 - 3.136332)) - x0**2*(x0 - x2) + x1*x2*(x0 + x1)",0.50585374423968,0.7003877177112788
"gpg",100000,1.8258147239685059,"557_analcatdata_apnea1",25,False,"(-83.4058030050364*x1 - 7.698549*x2)/sin(x0 - x1**2 + 2.889611)",0.7028445515733183,0.6777921290935619
"gpg",100000,1.921355962753296,"557_analcatdata_apnea1",25,True,"245.27848473221172 + (27.694005941565635 * (x2*(-x1 + sin(x1) + sin(x1/x2))/(-x0 + x1 + x2*(-2*x0 + x1 + 2.995417))))",0.8977827407014535,0.9048115873986838
"gpg",100000,1.3292207717895508,"557_analcatdata_apnea1",27,False,"(x0*x1 + x1 + 2*x2)/sin(x0*x1 + 3.569132)",0.7624637541346058,0.785732804870167
"gpg",100000,2.1301021575927734,"557_analcatdata_apnea1",26,False,"3.95759009485273*x0**2*x1*x2/(x0 - 2*x1 + 3.096265)",0.62285169604049,0.4257715962433588
"gpg",100000,2.4120960235595703,"557_analcatdata_apnea1",24,True,"210.40741501924552 + (3.116197040934862 * (x0 + 3.000524*x0/((x0 - 2.986588)*(x0 - 1.810997*x1 + 2.568917))))",0.8884266701491778,0.8749139825880401
"gpg",100000,1.6638457775115967,"557_analcatdata_apnea1",27,True,"280.80217609632575 + (131.41897945308517 * (x0*x1))",0.033797908841164515,0.022410544482915573
"gpg",100000,1.6801469326019287,"557_analcatdata_apnea1",28,True,"266.9622888233642 + (3.4885353352634882 * (-(x1 - sin(0.317760525499647*x0))/(sin(x0) - 0.42483363799679/x1)))",0.8781739296297192,0.9814448016237867
"gpg",100000,2.118105173110962,"557_analcatdata_apnea1",26,True,"145.6240873586835 + (72.27823673174117 * ((x1 - 3.855064)/((sin(x0 + 4.201511) - 2.46373410364/x1)*(x0 - x1 + 0.153672985819085))))",0.9074082520296332,0.7613007782200911
"gpg",100000,2.0316390991210938,"557_analcatdata_apnea1",28,False,"-(3.733779*x0 + x1)*(0.366890347481848*x2 + 1.72021162235243)/((0.220829182664821*x0 - 0.611032277472)*(sin(x1) - 0.868063/x0))",0.44169051562584827,0.4635234247073792
"gpg",100000,1.7208781242370605,"557_analcatdata_apnea1",29,False,"-2*(2*x1 + 0.223367152609353*x2)*(2.41893483399881*x1 + 2.331845)/(x1 + sin(x0) - 3.152312)",0.8616049645586474,0.7101650779123956
"gpg",100000,1.5589838027954102,"557_analcatdata_apnea1",29,True,"354.8763742701931 + (1062.9348459936361 * (-sin(0.0738859551649906*x0*x1)/(x0 - 1.288117/(x1*sin(x1)))))",0.9076390070815198,0.825091896207748
"gpg",100000,1.5696079730987549,"579_fri_c0_250_5",0,False,"0.335740783803541*x0 + 0.335740783803541*x1 + 0.335740783803541*x3 + 0.335740783803541*x4 + 0.335740783803541*sin(x3)",0.7257174021130373,0.6222473491743666
"gpg",100000,1.4488067626953125,"579_fri_c0_250_5",1,False,"(-1.276149823945*x4 + 0.475463*(x0 - 4.155028)*(x0 + x1 + x3))/(x0 - 4.155028)",0.7315546090789276,0.41377795263995
"gpg",100000,1.550182819366455,"579_fri_c0_250_5",0,True,"-0.037570831197565005 + (0.5680257218074581 * (x3))",0.32303473352015033,0.18038326382666126
"gpg",100000,1.4988460540771484,"579_fri_c0_250_5",2,False,"0.299353369230319*x0 + 0.299353369230319*x1 + 0.299353369230319*x3 + 0.299353369230319*x4 + 0.299353369230319*sin(x3)",0.7018011192905053,0.6438899723807953
"gpg",100000,1.9402952194213867,"579_fri_c0_250_5",1,True,"0.046252668803308764 + (0.7161271552821025 * (x3 + 1.103619*sin(x0 + x1)))",0.7131643306342946,0.5515106398144904
"gpg",100000,1.37758207321167,"579_fri_c0_250_5",3,False,"0.357781865516346*x0 + 0.357781865516346*x1 + 0.616892859251267*x3 + 0.357781865516346*x4",0.7282131285038478,0.6524547935859748
"gpg",100000,1.8124098777770996,"579_fri_c0_250_5",2,True,"-0.000251843104588897 + (0.7328237313383895 * (x3 + sin(sin(x0 + x1))))",0.6512409362135841,0.630415139596521
"gpg",100000,1.7511892318725586,"579_fri_c0_250_5",4,False,"sin(x3) + sin(x0 + x1)",0.684814717549872,0.5444562737102019
"gpg",100000,2.11454701423645,"579_fri_c0_250_5",3,True,"0.007635753980634173 + (0.7279125343847351 * (x3 + sin(sin(x0 + x1))))",0.6638251334986294,0.6022366954046037
"gpg",100000,1.733165979385376,"579_fri_c0_250_5",5,False,"x3 + sin(x0 + x1) - sin(sin(0.42956433585058*x3))",0.7085598753722563,0.6518560426956983
"gpg",100000,1.748121976852417,"579_fri_c0_250_5",6,False,"0.729527098648843*x3 + sin(sin(x0 + x1))",0.6910571336155079,0.6708519463786736
"gpg",100000,2.075216054916382,"579_fri_c0_250_5",4,True,"0.07954595712445016 + (0.6140668034518753 * (x3 + 0.757283026195229*x4 + sin(x0 + x1) - 0.098033))",0.7710678508250686,0.4959934901529117
"gpg",100000,2.1479930877685547,"579_fri_c0_250_5",5,True,"0.010742582760437016 + (0.8152851409788029 * (x3 + 0.293945775234951*x4 - 0.293945775234951*sin(x3) + sin(x0 + x1)))",0.7717056145580089,0.7871029119429592
"gpg",100000,1.8090648651123047,"579_fri_c0_250_5",6,True,"-0.025062019712140185 + (0.6192836308087329 * (x3 + sin(x4) + sin(x0 + x1)))",0.7401583459127556,0.6779229548431072
"gpg",100000,1.8073499202728271,"579_fri_c0_250_5",7,True,"0.027025640640610343 + (0.5842604021554376 * (x3 + sin(x0)))",0.4806379080722941,0.37524720457143046
"gpg",100000,1.9690089225769043,"579_fri_c0_250_5",7,False,"0.331128222199861*x0 + 0.331128222199861*x1 + 0.331128222199861*x3 + 1.57037518618761*x3/(x0**2 - x3 + 4.770173) + 0.331128222199861*x4",0.7092501772079521,0.7044967404918112
"gpg",100000,1.9149789810180664,"579_fri_c0_250_5",9,False,"0.313519362810037*x0 + 0.313519362810037*x1 + 0.313519362810037*sin(x4) + sin(0.202029058647622*x0 + x3)",0.7011912459372409,0.5606100423443714
"gpg",100000,2.425238847732544,"579_fri_c0_250_5",8,False,"0.23069695163969*x3 - sin(x1 + 4.340788) - 0.654754629568751 + (x0 + x3 + x4)/(x2 + 3.663987)",0.7117283327148725,0.6406877616067285
"gpg",100000,1.6688997745513916,"579_fri_c0_250_5",10,False,"0.322761652542265*x3*(x0 + x1 - x2 + x3 + sin(x2) + sin(x4))/sin(x3)",0.6670873687993826,0.6020360350092575
"gpg",100000,1.9082129001617432,"579_fri_c0_250_5",9,True,"0.03794053951982582 + (0.735816701609694 * (x3 + sin(sin(x0 + x1))))",0.6639243197083382,0.5930595106770642
"gpg",100000,2.206080913543701,"579_fri_c0_250_5",8,True,"0.024024775614637107 + (0.6563581899542089 * (x3 + sin(x0 + x1 - 0.10283*x3) + sin(sin(x4))))",0.7568791482460324,0.6405467784612053
"gpg",100000,1.7814910411834717,"579_fri_c0_250_5",11,True,"-0.20034198891837363 + (1.4787881013824096 * (0.300327266622438*x0 + 0.300327266622438*x1 + 0.300327266622438*x2**2 + 0.300327266622438*x3 + 0.300327266622438*sin(x4) - 0.176140740564994))",0.7581083803743723,0.7574691678801191
"gpg",100000,1.6533329486846924,"579_fri_c0_250_5",12,False,"0.737435962869923*x3 + sin(x0 + x1)",0.7388939671063881,0.3836282592648179
"gpg",100000,2.2548890113830566,"579_fri_c0_250_5",10,True,"-0.00044194655353741157 + (0.6966940744587036 * (x3 + sin(sin(x0 + x1))))",0.6162252717665012,0.718070506037463
"gpg",100000,2.055199146270752,"579_fri_c0_250_5",11,False,"-0.0812457703447688*(x0 - 4.320522)*(x0 + x1) + 0.410055377978796*sin(x4) + sin(sin(x3))",0.7205806792368976,0.6231181286422941
"gpg",100000,1.8308131694793701,"579_fri_c0_250_5",12,True,"0.032566431931891904 + (0.7323386279688521 * (x3 + x4 - sin(x4) + sin(x0 + x1)))",0.7930642425709756,0.44579978491469285
"gpg",100000,1.5864992141723633,"579_fri_c0_250_5",14,False,"0.458637*x4 + 0.940561671886057*sin(x3) + sin(sin(x0 + x1))",0.7071481902401302,0.7620656350993019
"gpg",100000,1.4111096858978271,"579_fri_c0_250_5",15,False,"(-x0 - 2*x1 - 2*x3 - x4 + sin(x1))/(0.989442167378311*sin(x2) - 3.68835609678433)",0.6602005361035712,0.6810497718843911
"gpg",100000,1.737499713897705,"579_fri_c0_250_5",13,False,"0.207995079950799*x2 + 0.207995079950799*x4 + sin(x0 + x1) - sin(x3 - 2.51757) - 0.400381082714528",0.7046165557055705,0.5625735147384234
"gpg",100000,2.0172979831695557,"579_fri_c0_250_5",14,True,"0.019404966407002098 + (0.7121041448846556 * (x3 + sin(sin(x0 + x1))))",0.6354619108847723,0.6818003688778058
"gpg",100000,1.611469030380249,"579_fri_c0_250_5",16,True,"0.000741844149709757 + (0.7226940191341483 * (x3 + sin(sin(x0 + x1))))",0.6414362906714659,0.6569934985097993
"gpg",100000,1.6547057628631592,"579_fri_c0_250_5",16,False,"0.626898140071639*x3 + 0.817557*sin(x0 + x1)",0.6840578326741338,0.7174946163716436
"gpg",100000,1.8326630592346191,"579_fri_c0_250_5",15,True,"0.012738101153304789 + (0.6385298892089034 * (x3 + 0.617579415370707*x4 - sin(x0 - 1.468771) + sin(x0 + x1) - 0.598749))",0.7934829535728407,0.7475474049938946
"gpg",100000,1.6430749893188477,"579_fri_c0_250_5",17,False,"sin(0.24201*x4) + sin(x0 + x1) + sin(sin(sin(x3)))",0.7447040117919118,0.6995556314242293
"gpg",100000,2.496300220489502,"579_fri_c0_250_5",13,True,"0.40443640995451957 + (0.7186451996506682 * (x3 + sin(x0 + x1) - 0.489225))",0.6925012521570357,0.5387155471955647
"gpg",100000,1.8521029949188232,"579_fri_c0_250_5",17,True,"-0.0029676394007255823 + (0.7459794308920227 * (x3 + sin(sin(x0 + x1))))",0.6434247374082006,0.6631704083797432
"gpg",100000,1.6972711086273193,"579_fri_c0_250_5",18,False,"0.429361527697423*x0 + 0.238875907310415*x1 + 0.47775181462083*x3 + 0.238875907310415*x4",0.6580225953101713,0.7133034372171734
"gpg",100000,1.8282480239868164,"579_fri_c0_250_5",18,True,"-0.009705865090883772 + (0.6601379625131574 * (x3 + sin(0.622877932742887*x4) + sin(x0 + x1)))",0.7521230621416185,0.7438652358580682
"gpg",100000,1.8764019012451172,"579_fri_c0_250_5",19,False,"sin(x0 + x1 + 6.54923) - 4.30298*sin(x3)/(x2 + sin(x4) - 4.82825)",0.6754912062405616,0.602545816966244
"gpg",100000,1.7607927322387695,"579_fri_c0_250_5",20,False,"-0.264717954738553*x1 + 0.529435909477107*x3 + 0.264717954738553*x4 + sin(x0 + x1)",0.755964146495079,0.612699482302077
"gpg",100000,1.989598035812378,"579_fri_c0_250_5",19,True,"0.007953761363217642 + (0.7140994816158475 * (x3 + sin(x0 + x1)))",0.6665654668944272,0.6791540371692004
"gpg",100000,1.6428439617156982,"579_fri_c0_250_5",21,True,"0.00641100091221487 + (0.7284382027574471 * (x3 + sin(x0 + x1)))",0.6903277966519618,0.5722385190225616
"gpg",100000,1.6386549472808838,"579_fri_c0_250_5",22,False,"sin(x0 + x1) + sin(sin(x3))",0.6700548087474779,0.64399068026189
"gpg",100000,1.796773910522461,"579_fri_c0_250_5",21,False,"0.403834633937088*x3 + 0.403834633937088*x4 + 0.999756796473994*sin(x0 + x1)",0.7335107103669117,0.5488912054039736
"gpg",100000,2.270972967147827,"579_fri_c0_250_5",20,True,"-0.013294759311809396 + (0.7540782689628421 * (x3 + sin(sin(x0 + x1))))",0.6776392592346246,0.5458701085051739
"gpg",100000,1.3370440006256104,"579_fri_c0_250_5",23,False,"(0.062456323699567*x3**2 + 0.335339)*(x0 + x1 + x3 + x4)",0.6664877759671277,0.6863318007130238
"gpg",100000,2.1426942348480225,"579_fri_c0_250_5",22,True,"-0.20102035254984968 + (0.8282495303996299 * (sin(x3) + sin(x0 + x1) + sin(x4 + 1.963398) - sin(x4 + 2.509082)))",0.7528423189311003,0.7175749116758924
"gpg",100000,1.749122142791748,"579_fri_c0_250_5",24,False,"0.299796570631664*x0 + 0.289753379743256*x1 + 0.599593141263329*x3 + 0.299796570631664*x4",0.6899018050575058,0.7121000625038942
"gpg",100000,1.4055039882659912,"579_fri_c0_250_5",26,False,"0.793344067042491*x3 + sin(x0 + x1)",0.7010094814077702,0.5808955848531642
"gpg",100000,2.1226108074188232,"579_fri_c0_250_5",23,True,"-0.009531193582726395 + (0.7098658108130879 * (x3 + sin(x0 + x1)))",0.6581554918929473,0.7022101647992717
"gpg",100000,1.6017580032348633,"579_fri_c0_250_5",25,False,"0.597590525523291*x3 + sin(x0 + x1 + 6.358117)",0.6793322708407346,0.7700236623444556
"gpg",100000,1.7775869369506836,"579_fri_c0_250_5",25,True,"-0.05603471098405526 + (1.0750460944669102 * (sin(x3 + sin(x0 + x1))))",0.5584736758364757,0.6176739912998739
"gpg",100000,2.026102066040039,"579_fri_c0_250_5",24,True,"-0.022790559506388978 + (0.7204149475085164 * (x3 + sin(x0 + x1)))",0.6659773135635726,0.6810832388223637
"gpg",100000,1.905189037322998,"579_fri_c0_250_5",26,True,"0.03043359877677902 + (0.7195483697303842 * (x3 + sin(x0 + x1)))",0.7053150461903108,0.5669169141361896
"gpg",100000,1.6447231769561768,"579_fri_c0_250_5",27,False,"0.492062452417403*x0 + 0.341871470846305*x1 + 0.68374294169261*x3 + 0.341871470846305*x4",0.7144348981594701,0.6439923921888373
"gpg",100000,1.6323518753051758,"579_fri_c0_250_5",28,False,"0.510145689280398*x3 + sin(sin(x0 + x1)) + 0.139477417060483",0.654040287806071,0.6855038753807994
"gpg",100000,1.9228882789611816,"579_fri_c0_250_5",27,True,"0.0010738752235683875 + (0.7020854686521042 * (x3 + sin(x0 + x1)))",0.6577079888606817,0.7049006923673959
"gpg",100000,1.286492109298706,"579_fri_c0_250_5",29,False,"0.357617594499555*x0 + 0.567551482606982*x3 + 0.357617594499555*x4 + 0.357617594499555*sin(x1)",0.665534602941283,0.7500965265274777
"gpg",100000,1.5892689228057861,"579_fri_c0_250_5",28,True,"0.006630753072608724 + (0.6392298577260024 * (x3 + sin(0.682019007346*x4) + sin(x0 + x1)))",0.7339757720346368,0.7809255628169045
"gpg",100000,2.1377971172332764,"579_fri_c0_250_5",29,True,"0.019859045539491145 + (0.9327885393950117 * (0.394752*x0 + 0.394752*x1 + 0.605248*x3 + 0.394752*x4))",0.6752739802327239,0.7731220534092437
"gpg",100000,2.340327024459839,"606_fri_c2_1000_10",0,False,"sin(x0 + x1 - 3.355345)",0.615400242615004,0.6528225397448348
"gpg",100000,2.2188310623168945,"606_fri_c2_1000_10",0,True,"0.006640809619633932 + (-0.7980822779716142 * (sin(sin(x1))))",0.27068738404484505,0.3456843931885093
"gpg",100000,2.2494678497314453,"606_fri_c2_1000_10",1,False,"-sin(x0 + x1 - 0.147937200658321*x5 - 0.301881332895686)",0.628749520898038,0.5915501565004764
"gpg",100000,2.033010959625244,"606_fri_c2_1000_10",2,True,"-1.1909516772831417 + (2.0017906252342894 * (-sin(sin(x0 + x1) - sin(1))))",0.7026521011015642,0.6851746984673885
"gpg",100000,1.8165102005004883,"606_fri_c2_1000_10",4,False,"sin(x0 + x1 - 3.21586376690542)",0.6083412224498066,0.5864596722581688
"gpg",100000,2.648892879486084,"606_fri_c2_1000_10",1,True,"-0.5466013688241167 + (1.313475934070524 * (-sin(0.850188723142126*x0*x1 + x0 + x1 - 1)))",0.7605566152374836,0.7741883711165957
"gpg",100000,2.620626211166382,"606_fri_c2_1000_10",2,False,"x1*x3/(x5 - 4.706969) + sin(0.205644277351614*x3) - sin(x0 + x1)",0.6305292753393585,0.556942245466991
"gpg",100000,1.97501802444458,"606_fri_c2_1000_10",3,True,"-1.6066793963931296 + (2.4204416861168556 * (-sin(sin(x0 + x1) - 1)))",0.7150274044193417,0.7125266426629442
"gpg",100000,1.9171440601348877,"606_fri_c2_1000_10",4,True,"-0.0225387217406484 + (-0.8591873418579029 * (sin(sin(x1))))",0.31034788532644586,0.23523667979302543
"gpg",100000,2.268435001373291,"606_fri_c2_1000_10",5,False,"-sin(x1 + sin(x0) - sin(x0 + 2.370167))",0.6750813384763863,0.6332493430124813
"gpg",100000,2.2253119945526123,"606_fri_c2_1000_10",5,True,"-0.02830745035275491 + (1.126865873732555 * (sin(x0 + x1 - 3.571937)))",0.6339104825741517,0.5924960491682729
"gpg",100000,1.6481349468231201,"606_fri_c2_1000_10",8,False,"sin(x0 + x1 - 3.39671)",0.635751837631993,0.6011673967026363
"gpg",100000,2.0335190296173096,"606_fri_c2_1000_10",6,True,"-0.01941965800434989 + (1.141655839953622 * (sin(x0 + x1 - 3.498857)))",0.6257542457208498,0.6651823776599068
"gpg",100000,2.1121950149536133,"606_fri_c2_1000_10",7,False,"sin(sin(x0 + x1 - 3.366911228679))",0.6040037753966468,0.5652509215153052
"gpg",100000,2.456512689590454,"606_fri_c2_1000_10",8,True,"-0.029023579946069404 + (-0.8685807885951262 * (sin(sin(x1))))",0.30820993555686493,0.23291790521878275
"gpg",100000,2.5216829776763916,"606_fri_c2_1000_10",7,True,"-1.561988115254611 + (2.35978415105077 * (-sin(sin(x0 + x1) - 0.992727120047214)))",0.7095023441155082,0.7209027951160027
"gpg",100000,2.1150259971618652,"606_fri_c2_1000_10",9,False,"sin((x0*x1 + x1 - 3.214038)/sin(1))",0.5886504622379995,0.5895050323235875
"gpg",100000,3.652531147003174,"606_fri_c2_1000_10",6,False,"-sin(1.0939794537622*x0 + x1 - 0.243961857033634)",0.6293423169435295,0.6651484577853926
"gpg",100000,1.9686479568481445,"606_fri_c2_1000_10",9,True,"-0.012183515307083472 + (-0.8311028201042394 * (sin(sin(x1))))",0.28705648499278413,0.30523982045457143
"gpg",100000,1.892237901687622,"606_fri_c2_1000_10",10,True,"-0.006304168475024754 + (-0.834429957308754 * (sin(sin(x1))))",0.29312667736450004,0.2876337410849594
"gpg",100000,2.119356870651245,"606_fri_c2_1000_10",10,False,"0.252488271919769*x3 + x4 - sin(x4) - sin(x0 + x1)",0.6695772667173612,0.6882270201881793
"gpg",100000,6.083083152770996,"606_fri_c2_1000_10",3,False,"-sin(x0 + x1 - 0.449008 - sin(x1)/(x0 - 4.020065))",0.6697961269565498,0.6450928374196867
"gpg",100000,2.069408893585205,"606_fri_c2_1000_10",11,True,"-2.218690439124317 + (3.0640241757595854 * (sin(sin(x0 + x1) + 1.971344)))",0.7093497421570895,0.6931850923889995
"gpg",100000,2.6307220458984375,"606_fri_c2_1000_10",11,False,"-sin(x0 + x1 + 0.217508375341569*sin(x1) - 0.302397252191598)",0.6517489596700115,0.654310644389077
"gpg",100000,2.3933298587799072,"606_fri_c2_1000_10",12,True,"-0.017884229460158708 + (1.288653641811423 * (sin(sin(x0 + x1 - 3.549466))))",0.6276146197807122,0.5882404026229358
"gpg",100000,2.6835029125213623,"606_fri_c2_1000_10",12,False,"(-x0 + x4 + 0.7809100137783)/(x6 + sin(x0) + 4.771844) - sin(x0*x1 + sin(x1))",0.6607780699262962,0.6578196026109657
"gpg",100000,2.2160818576812744,"606_fri_c2_1000_10",13,False,"-sin(x0 + x1 + 0.157503407192456*sin(x1) - 0.131816254585911)",0.6311735294506345,0.6195535843228823
"gpg",100000,1.8369801044464111,"606_fri_c2_1000_10",15,True,"-0.04325991909899937 + (1.1159522933324841 * (sin(x0 + x1 + 2.972046)))",0.6220390032943314,0.6550966682001047
"gpg",100000,2.307068109512329,"606_fri_c2_1000_10",14,False,"-sin(x0 + x1 - 0.366301)",0.6212142024473917,0.6349599242226213
"gpg",100000,2.2845492362976074,"606_fri_c2_1000_10",14,True,"-1.177940686991496 + (1.998897748427278 * (-sin(sin(x0 + x1) - sin(1))))",0.707281169334643,0.6693119199316929
"gpg",100000,2.840157985687256,"606_fri_c2_1000_10",13,True,"-0.023476905640834773 + (1.1248306791003164 * (-sin(x0 + x1 - 6.651046)))",0.6302272037597203,0.6415732487893699
"gpg",100000,2.474621295928955,"606_fri_c2_1000_10",15,False,"-sin(sin(x0 + x1)) + sin(sin(x3))/(x2*x3 + 2.712377)",0.6248839219575354,0.6335384654764554
"gpg",100000,2.1443538665771484,"606_fri_c2_1000_10",16,False,"-sin(x0 + x1 - 0.409292953923471)",0.6083435783302247,0.6545195775726296
"gpg",100000,2.0326149463653564,"606_fri_c2_1000_10",16,True,"-0.047007279370284205 + (1.3439179734829598 * (sin(x0*x1 + x1 - 3.524232)))",0.6363500478804225,0.661646755964109
"gpg",100000,1.8746211528778076,"606_fri_c2_1000_10",17,False,"sin(x0 + x1 + 9.357123)",0.5951662455491114,0.6145154716000467
"gpg",100000,1.8940420150756836,"606_fri_c2_1000_10",18,False,"-sin(x0 + x1 - 0.419735602196083)",0.6132494295808312,0.6284292070791412
"gpg",100000,2.109739065170288,"606_fri_c2_1000_10",17,True,"0.2824878897577243 + (0.8742237657409322 * (-(sin(x1) + 1.300695)*sin(x0 + x1)))",0.7221061085636111,0.7293862550247207
"gpg",100000,1.94868803024292,"606_fri_c2_1000_10",18,True,"0.44491506111718226 + (1.4361487891072189 * (-(sin(x1) + 0.784125136640444)*sin(sin(x0 + x1))))",0.6914775012716741,0.7368635700873698
"gpg",100000,1.6879088878631592,"606_fri_c2_1000_10",20,True,"-1.740097795626957 + (2.5371144329512205 * (sin(sin(x0 + x1) - 4.175915)))",0.7193581401075506,0.7021965242631453
"gpg",100000,1.8414089679718018,"606_fri_c2_1000_10",20,False,"sin(x0 + x1 + 2.886899)",0.6317914762144952,0.6130082639384047
"gpg",100000,2.029547929763794,"606_fri_c2_1000_10",19,True,"0.2115184325648083 + (-1.6626724726425681 * (sin(x1*(sin(x0) + 1))))",0.6419844192913748,0.5989925800041676
"gpg",100000,2.229318141937256,"606_fri_c2_1000_10",19,False,"sin(x0 + x1 - 3.425571)",0.6248917954013511,0.6363361125346894
"gpg",100000,1.88509202003479,"606_fri_c2_1000_10",21,False,"sin(x0 + x1 + 8.960539)",0.6100311568221092,0.6094831223701547
"gpg",100000,1.9072699546813965,"606_fri_c2_1000_10",21,True,"-0.05357725264623918 + (1.2994295543636567 * (sin(sin(x0 + x1 - 3.377739))))",0.632234496838473,0.6098788444976309
"gpg",100000,2.061326026916504,"606_fri_c2_1000_10",22,False,"sin(x0 + sin(x1) - sin(x1 - 4.204175) + 3.321078)",0.6654959744464889,0.7130080311739947
"gpg",100000,1.7597081661224365,"606_fri_c2_1000_10",22,True,"-0.975771407941889 + (1.7806670994796088 * (sin(sin(x0 + x1) - 3.886045)))",0.6762139667933997,0.7146766816409416
"gpg",100000,2.068942070007324,"606_fri_c2_1000_10",23,True,"-0.012362414865265231 + (-0.8074813312510771 * (sin(sin(x1))))",0.2813966872020931,0.3179489038681559
"gpg",100000,1.9436800479888916,"606_fri_c2_1000_10",25,True,"-0.02387600621345309 + (1.2531567699732444 * (sin(sin(x0 + x1 + 2.740923))))",0.6013579972794669,0.6695518732271688
"gpg",100000,2.7459487915039062,"606_fri_c2_1000_10",23,False,"-sin(-0.11057904942164*x4 + 0.11057904942164*x7 + sin(x0 + x1))",0.5702378509625072,0.6050284869862731
"gpg",100000,2.2523908615112305,"606_fri_c2_1000_10",24,False,"sin(x0 + 0.328966846721187*x1 + sin(x1 - 0.518173) + 3.226841)",0.6403331200557968,0.6698761165609539
"gpg",100000,2.208139657974243,"606_fri_c2_1000_10",25,False,"-sin(x0 + x1 - 0.358908)",0.610378612183113,0.6669773355574369
"gpg",100000,2.040195941925049,"606_fri_c2_1000_10",26,False,"-sin(1.129141*x0 + x1 - 0.308325)",0.6635963589586407,0.5796657274698138
"gpg",100000,1.6458349227905273,"606_fri_c2_1000_10",27,True,"0.004545766405721492 + (-0.7856893233532071 * (sin(sin(x1))))",0.26148026105694366,0.36642627432646047
"gpg",100000,2.8745946884155273,"606_fri_c2_1000_10",24,True,"-0.623074219415656 + (1.3246731167962467 * (sin(x0*x1 + x0 + x1 + 2)))",0.7461966423437025,0.6806759951451298
"gpg",100000,2.733922004699707,"606_fri_c2_1000_10",26,True,"-1.4792296243326684 + (2.2524039919775536 * (sin(sin(x0 + x1) + 2.184264)))",0.7179277926864073,0.6895307069117749
"gpg",100000,1.3322868347167969,"650_fri_c0_500_50",0,False,"sin(x3 + sin(x0 + x1))",0.5989604293387998,0.53751500801049
"gpg",100000,1.8897440433502197,"606_fri_c2_1000_10",28,False,"sin(x0 + x1 + 9.173516)",0.6120579328137037,0.6700957635776034
"gpg",100000,1.5659971237182617,"650_fri_c0_500_50",1,False,"sin(sin(x3) + sin(x0 + x1))",0.6678114198278127,0.6247780286874218
"gpg",100000,2.165897846221924,"606_fri_c2_1000_10",28,True,"-0.014966250124308616 + (-0.8113066564119753 * (sin(sin(x1))))",0.281135628173373,0.31912839545998173
"gpg",100000,1.4338350296020508,"650_fri_c0_500_50",1,True,"0.009443581426358986 + (0.6296024173680734 * (0.391415322579067*x1 + x3 - sin(0.306986*x28) + sin(x0 + sin(x4))))",0.6646705099545073,0.6872455568728234
"gpg",100000,2.1410629749298096,"606_fri_c2_1000_10",29,False,"sin(x0 + sin(0.306966*x1) + sin(x1) + 2.679434)",0.6162705416327547,0.6114667289624593
"gpg",100000,2.207242012023926,"606_fri_c2_1000_10",29,True,"-0.04745475883145813 + (1.1447105035205298 * (sin(x0 + x1 - 3.319755)))",0.6359002011514236,0.6189596965216644
"gpg",100000,2.0545878410339355,"650_fri_c0_500_50",0,True,"-0.016654540339314773 + (0.6180188702827014 * (x3 + sin(sin(x0))))",0.5396584273710634,0.3711243696946367
"gpg",100000,3.5096848011016846,"606_fri_c2_1000_10",27,False,"-sin(x0 + x1 - (x0 - x1)**2)",0.6126780010948993,0.6301046395874996
"gpg",100000,1.41837477684021,"650_fri_c0_500_50",2,False,"sin(x3 + sin(x0 + x1))",0.6268848795597002,0.43919303344168203
"gpg",100000,1.415625810623169,"650_fri_c0_500_50",2,True,"0.029985054137663638 + (0.641696395944907 * (x3))",0.3933641003970365,0.18636122956697643
"gpg",100000,1.5003020763397217,"650_fri_c0_500_50",3,False,"sin(sin(x3) + sin(x0 + x1))",0.6387218197208154,0.7239246348217651
"gpg",100000,1.1234123706817627,"650_fri_c0_500_50",6,False,"sin(sin(sin(x0)) + sin(sin(x3)))",0.45251867201064266,0.4685881384350613
"gpg",100000,1.394745111465454,"650_fri_c0_500_50",4,True,"0.017997952594311813 + (0.6877773673506902 * (x3 + sin(sin(x0) + sin(x1))))",0.6852155327652412,0.5780574490520806
"gpg",100000,1.5591340065002441,"650_fri_c0_500_50",3,True,"-0.0038090910310374414 + (0.5623413315813052 * (x3 + sin(x0)))",0.48218702599906416,0.5826511366683995
"gpg",100000,1.5402030944824219,"650_fri_c0_500_50",5,True,"0.00014512082731015633 + (0.68652642180864 * (x3 + sin(x0 + x1) - 0.00475261780617246))",0.6847500475611076,0.6879327408970763
"gpg",100000,1.459571123123169,"650_fri_c0_500_50",6,True,"0.014036503779685855 + (0.5640431110432861 * (x3))",0.3354818578872347,0.38990696512746426
"gpg",100000,1.7354810237884521,"650_fri_c0_500_50",4,False,"sin((x3 + sin(x0))*sin(x17)/x17)",0.47162513136783524,0.42911372285960314
"gpg",100000,1.4143500328063965,"650_fri_c0_500_50",7,False,"sin(sin(sin(x0) + sin(x3)))",0.44397891082179086,0.43859605401718427
"gpg",100000,1.9416930675506592,"650_fri_c0_500_50",5,False,"-(x0 + x4 + sin(x1))/(x33 + x37 - 4.692966) + sin(x3)",0.6420132517426054,0.618543530859332
"gpg",100000,1.5650250911712646,"650_fri_c0_500_50",7,True,"0.006652659977628546 + (0.5815578557202781 * (x3 + sin(x0)))",0.5078859351556972,0.5071626832934446
"gpg",100000,1.5407140254974365,"650_fri_c0_500_50",8,False,"sin(sin(x0 + x1) + sin(sin(x3)))",0.6495569814134651,0.6973298751937842
"gpg",100000,1.3913140296936035,"650_fri_c0_500_50",8,True,"0.0066899020910718325 + (0.7670091427498723 * (sin(x3)))",0.34610396649787034,0.35199669432606706
"gpg",100000,1.4828338623046875,"650_fri_c0_500_50",9,False,"sin(x3 + sin(x0 + x1))",0.6013080483927173,0.5320597805808555
"gpg",100000,1.5217318534851074,"650_fri_c0_500_50",9,True,"-0.0001632991334588091 + (0.6804656690659283 * (x3 + sin(x0 + sin(x1))))",0.7014408888272086,0.5618193112135004
"gpg",100000,1.3849718570709229,"650_fri_c0_500_50",11,False,"sin(x3 + sin(x0 + x1))",0.5624070300879632,0.6712322398416357
"gpg",100000,1.4222259521484375,"650_fri_c0_500_50",10,False,"x0/2 + sin(x3)",0.47753585323660974,0.4560059451958608
"gpg",100000,1.4465677738189697,"650_fri_c0_500_50",10,True,"-0.014752593894649784 + (0.7854231715765126 * (sin(x3)))",0.3444670627419668,0.35166009119288166
"gpg",100000,1.346466064453125,"650_fri_c0_500_50",11,True,"0.008980526519170825 + (0.5882417221917373 * (x3))",0.33307685809317955,0.42117888617789834
"gpg",100000,1.3124489784240723,"650_fri_c0_500_50",12,False,"sin(sin(sin(x0) + sin(x3)))",0.46448371161614455,0.3792306026612481
"gpg",100000,1.27512788772583,"650_fri_c0_500_50",13,False,"sin(x3 + sin(sin(x0)))",0.45454436281876487,0.38950038603854253
"gpg",100000,1.761950969696045,"650_fri_c0_500_50",12,True,"0.003773461346890659 + (0.5819753252394152 * (x3))",0.34470301147773286,0.3848013987313156
"gpg",100000,1.3803420066833496,"650_fri_c0_500_50",13,True,"-0.032520880228297924 + (0.5972512693464659 * (x3))",0.3529175367135987,0.34169694902440173
"gpg",100000,1.231794834136963,"650_fri_c0_500_50",14,False,"sin(x3 + sin(sin(x0)))",0.4539243892638123,0.40930512901358185
"gpg",100000,1.184244155883789,"650_fri_c0_500_50",16,False,"sin(x3 + sin(x0 + x1))",0.5893603257403541,0.5898481120496111
"gpg",100000,1.2268028259277344,"650_fri_c0_500_50",15,False,"sin(x3 + sin(x0 + x4))",0.4506002440181289,0.4496994787477351
"gpg",100000,1.332521915435791,"650_fri_c0_500_50",16,True,"-0.013830041923353104 + (0.8706255516992166 * (sin(x0 + x1) + sin(sin(x3))))",0.7017957862299586,0.6925109740483342
"gpg",100000,1.5829999446868896,"650_fri_c0_500_50",14,True,"-0.02552091016052304 + (0.6191579259895336 * (x3 - sin(sin(x0 + 3.236686))))",0.5141143135651487,0.5185157396903401
"gpg",100000,1.542518138885498,"650_fri_c0_500_50",15,True,"-0.018257421564608863 + (0.6429490885433019 * (x3 + sin(x1 + sin(x0))))",0.6688961302258106,0.6653226341130911
"gpg",100000,1.4196159839630127,"650_fri_c0_500_50",17,False,"sin(x3 + sin(x0 + x1))",0.5684604765440548,0.6565347304778013
"gpg",100000,1.5707471370697021,"650_fri_c0_500_50",17,True,"-0.013171731258515193 + (0.5799986306156742 * (x3 + sin(x0)))",0.5055208639452013,0.513845261667399
"gpg",100000,1.2933671474456787,"650_fri_c0_500_50",19,True,"-0.0007745411316173942 + (0.6148002682899228 * (x3 + sin(sin(sin(x0)))))",0.4895876478129433,0.5446017440772676
"gpg",100000,1.4569721221923828,"650_fri_c0_500_50",20,False,"sin(sin(x0) + sin(x3 + 0.129289))",0.47283214481747127,0.3839545854388662
"gpg",100000,1.7547147274017334,"650_fri_c0_500_50",18,False,"-sin((x0 + x1 + x3)/(x9 + sin(x11) - 4.233702))",0.47500724644146186,0.44820764432179483
"gpg",100000,1.7913239002227783,"650_fri_c0_500_50",18,True,"0.044316243206512965 + (0.5746006166711042 * (x3))",0.3241357465180984,0.41233501006003503
"gpg",100000,1.3736450672149658,"650_fri_c0_500_50",20,True,"0.014194968290357574 + (0.5744967524977422 * (x3 + sin(x0)))",0.5244874633800227,0.4646333483131929
"gpg",100000,1.3006141185760498,"650_fri_c0_500_50",21,True,"-0.01667195768989738 + (0.5907668999384202 * (x3 + sin(x0)))",0.5333414179440583,0.42116989730167054
"gpg",100000,1.4163100719451904,"650_fri_c0_500_50",21,False,"sin(x3 + sin(x0 + x1))",0.6093265566149897,0.523732142145812
"gpg",100000,1.348344087600708,"650_fri_c0_500_50",22,False,"sin(x3 + sin(x0 + x1))",0.5752962191192694,0.6320731885694618
"gpg",100000,2.078432083129883,"650_fri_c0_500_50",19,False,"(x0 + x1 + 2*x3 + sin(x0))/(4.334466 + sin(x45)/(x1 - 4.171473))",0.6066758773068319,0.63304279608311
"gpg",100000,1.568241834640503,"650_fri_c0_500_50",22,True,"0.00882918030775407 + (0.6275144727783676 * (x3 + sin(sin(sin(x0)))))",0.4995362674387621,0.5148593717423475
"gpg",100000,1.209312915802002,"650_fri_c0_500_50",24,False,"sin(sin(sin(x0) + sin(x3)))",0.4370771915456535,0.4599382407780317
"gpg",100000,1.4457149505615234,"650_fri_c0_500_50",23,False,"sin(sin(x0 + x1) + sin(sin(x3)))",0.6917472074866877,0.5862067736528904
"gpg",100000,1.4187469482421875,"650_fri_c0_500_50",25,False,"sin(x3 + sin(x0 + x1))",0.5723512668786059,0.6459162601729902
"gpg",100000,1.4395580291748047,"650_fri_c0_500_50",24,True,"0.014674741003281215 + (0.5905186694069474 * (x3 + sin(sin(x0))))",0.4979090337860673,0.5329290650152712
"gpg",100000,1.361994981765747,"650_fri_c0_500_50",26,False,"sin(sin(x1 + x4) + sin(sin(x3)))",0.46568126967841195,0.5476322922197926
"gpg",100000,1.6545732021331787,"650_fri_c0_500_50",23,True,"0.02310226235451555 + (0.6164764554784952 * (x3 + sin(x0*sin(x13)/x13)))",0.5506107425768486,0.4015010042289262
"gpg",100000,1.454298734664917,"650_fri_c0_500_50",26,True,"0.0029666305972404178 + (0.5654619907969243 * (x3))",0.3289678189222872,0.41648859303979835
"gpg",100000,1.5222411155700684,"650_fri_c0_500_50",27,False,"sin(sin(x3) + sin(x0 + x4))",0.47646700650930485,0.46861611324636065
"gpg",100000,1.1856048107147217,"650_fri_c0_500_50",28,False,"sin(sin(sin(x1) + sin(x3)))",0.4277050527027675,0.3901515118743858
"gpg",100000,2.2252602577209473,"650_fri_c0_500_50",25,True,"-0.041889389872058445 + (0.5744683675388029 * (x3))",0.33578884604476866,0.4078563746637448
"gpg",100000,1.0852420330047607,"678_visualizing_environmental",0,False,"(-6.712841433*x0 + 13.425682866*x2 + 9.87561009984082)/(x2 + 4.451526)",0.28652788548300834,0.5630499662824183
"gpg",100000,1.6727252006530762,"650_fri_c0_500_50",27,True,"0.025669408921138975 + (0.6152288607156882 * (x3))",0.3760446772980206,0.28426563847699404
"gpg",100000,1.6169037818908691,"650_fri_c0_500_50",28,True,"0.036480607243829316 + (0.6185285793759767 * (x3 + sin(x4 + sin(x0))))",0.5570862098369701,0.5088151703698826
"gpg",100000,1.4006991386413574,"650_fri_c0_500_50",29,True,"-0.0008796216010103779 + (0.575765178489596 * (x3 + sin(x0)))",0.49978977753647325,0.5337416961665478
"gpg",100000,1.6209638118743896,"650_fri_c0_500_50",29,False,"0.379881*x3 + sin(sin(x0 + x1))",0.6601189070944147,0.6904824588767271
"gpg",100000,1.3921911716461182,"678_visualizing_environmental",1,False,"0.615361515660028*(x0 + 2.57971313589929*x2)*(sin(x0) + 7.574106)/(x0 + x2)",0.3477462429376136,0.14953728179015646
"gpg",100000,1.5538029670715332,"678_visualizing_environmental",1,True,"12.60781769381176 + (-0.2563285992549028 * (-x0/(sin(x0 + 3.773836) - 4.009041)))",0.47004929986304433,0.2846468087587346
"gpg",100000,1.3526780605316162,"678_visualizing_environmental",2,False,"(2.0719906290889 + 0.174941/x1)*(5.70505301439328 - 2.258878*(x0 - 2.775943)/x2)",0.3752668392141937,0.24408184019105794
"gpg",100000,1.1145739555358887,"678_visualizing_environmental",4,False,"0.657890025517797 + (x0 + x1 + 2*x2)/(x0 + 1.796544 + x1/x0)",0.2881662039374131,0.20394470287961952
"gpg",100000,1.649535894393921,"678_visualizing_environmental",2,True,"12.752941036055555 + (-0.0659951396859535 * (x0))",0.4131068610936799,0.27524882282650953
"gpg",100000,2.6163761615753174,"678_visualizing_environmental",0,True,"12.600043244397247 + (-0.06257874199819208 * (x0))",0.33389776261329007,0.5407723134748093
"gpg",100000,1.5953259468078613,"678_visualizing_environmental",5,False,"(2.703102*x2 + sin(x2))/(0.322236994998237*x0 + 11.136851754851)",0.2745610941413008,-0.12778190628737196
"gpg",100000,1.2271528244018555,"678_visualizing_environmental",6,False,"-21.30708517092*(x0 - 2*x1*x2)*(x0*x2 + 0.729096)/(x2*(x0 + x2)*(3.110641*x0*x1 + 2.986165))",0.3071900604559019,0.42243902122007804
"gpg",100000,2.2850539684295654,"678_visualizing_environmental",3,False,"-5.648723604072*(x0 + 0.520449)/(x2 - 4.787604) + sin(x0) + 13.013381853884",0.40074524825930247,0.31424507693375725
"gpg",100000,2.4780611991882324,"678_visualizing_environmental",3,True,"12.229850531643853 + (0.15277564257783913 * (-1.43771515369164*x2*(x0 - 1.309717)/(x1 + x2) - 0.188329*x2*(x1 - x2)/(x0*x1 - 2.35930296753127*x2)))",0.519584452601342,0.09304819801341435
"gpg",100000,2.319629192352295,"678_visualizing_environmental",5,True,"13.146976899365999 + (-0.8649292286322551 * ((0.2978565*x2*(x0 - 4.251596) - (x1 + x2)*(sin(0.337253*x1) + sin(sin(x0))))/(x1 + x2)))",0.5053013885262614,-0.29071440423359163
"gpg",100000,2.716481924057007,"678_visualizing_environmental",4,True,"12.557401991965149 + (-0.5373844338764286 * ((x0*x2 - x1 + 4.859359)/(x0 + x1 + 4.460012*x2) - 2.232073*(x0 + 0.348736)*sin(x0 + 0.646036)/x0))",0.488465633339611,0.3716877261484809
"gpg",100000,1.96347975730896,"678_visualizing_environmental",7,False,"-0.069657*x0 + 13.0325149218785 - x1/(x0*(0.772197*x2 + 2.622510741096))",0.4096884493862425,0.2642359116890761
"gpg",100000,2.0499751567840576,"678_visualizing_environmental",7,True,"12.734052210271717 + (-0.0657257278942978 * (x0))",0.41167162936016266,0.2802915116696959
"gpg",100000,2.526439905166626,"678_visualizing_environmental",6,True,"12.435207333887927 + (-0.11021610655640712 * ((x0 - sin(2*x1))*sin(1.53378847342489*x2/x1)))",0.385205950146291,0.35194464763900435
"gpg",100000,1.6436307430267334,"678_visualizing_environmental",9,False,"-(0.214052824812318*x0 - 4.411167*x2)*(-x0 + 3*x2 + 2.650555)/(x2*(x2 + 1))",0.29809851441530455,0.25182842447056863
"gpg",100000,2.3788790702819824,"678_visualizing_environmental",8,False,"4.665024*x2/(x2 - 2.678129) + (x1 - x2)/(x0 + x2) + (x0 + x2 + sin(x0))/(0.808812*x0 + 4.62185)",0.295710288432557,0.11987602856707869
"gpg",100000,1.7579529285430908,"678_visualizing_environmental",10,False,"(-x0 + 2*x2 + 1.55749)/(0.224727*x2 - 1.599832) + 1.29774250271166*(-x0 + 2*x1 + 4.115999)/x1",0.36277719010790277,0.3868970789085895
"gpg",100000,2.317837953567505,"678_visualizing_environmental",9,True,"15.840762181962532 + (0.17138735694937376 * ((x0 + x2 - 3.218147)/(sin(x0 + 4.069726) - 3.675681)))",0.4466854002362308,0.45220616062635943
"gpg",100000,2.8619906902313232,"678_visualizing_environmental",8,True,"12.404477800884337 + (-0.06301496280398565 * (x0))",0.4072390439817104,0.23053923106352692
"gpg",100000,2.0485761165618896,"678_visualizing_environmental",11,False,"x2*(x0*(x2 + 2.712867) - 1)/(x0*(0.070386*x2 + 1)*(x0 + 0.858095*x2 - 4.587649))",0.36002738459452066,0.24539837651791674
"gpg",100000,2.3174819946289062,"678_visualizing_environmental",10,True,"12.886703098379996 + (-0.7760984195603341 * (0.0816968681389635*x0 + 1.24202503902614*x0/x1 + sin(x0 - 2.29484618024255)))",0.4453439823714028,0.42311471087165575
"gpg",100000,1.6401739120483398,"678_visualizing_environmental",13,False,"4.554188*x0/(x0 - 4.000454) + sin(x0) + 4.355285",0.28777954025672925,-4496358.118860581
"gpg",100000,1.9926867485046387,"678_visualizing_environmental",12,False,"(4.93511*x2 + 10.4140197709 + (x1 + x2)/(x1 - x2))/(0.346172007934832*x0 + 0.346172007934832*x2 + 0.346172007934832*sin(x2))",0.39942175391659285,0.21017923882600875
"gpg",100000,2.0005898475646973,"678_visualizing_environmental",12,True,"11.038112409904297 + (1.4436681838607706 * (-0.0434840000000001*x0 - sin(x0 + 3.796978) + 0.999129360090733))",0.4705975639868104,0.3700623088643261
"gpg",100000,1.366042137145996,"678_visualizing_environmental",14,False,"(13.4771230818334*x2 + 3.941303 + 1.03645/x2)/(x0 + x2 - 2.34340357309047)",0.40306112009679695,0.1323839379424091
"gpg",100000,2.6665828227996826,"678_visualizing_environmental",11,True,"24.089129209899337 + (1.3690486963579334 * (-3.833475*x0/x2 + sin(x0 + 1) - 8.369131449225))",0.44214867739223873,0.4051047028346547
"gpg",100000,1.211364984512329,"678_visualizing_environmental",16,False,"(x0 + 6.235118*x1 + x2)/(x0 + 0.527029999068249*x1 - 0.577579295861529*(x2 + 1.256009)/x0)",0.35292452367049376,-1.1064828217279126
"gpg",100000,2.8711769580841064,"678_visualizing_environmental",13,True,"12.9504390271028 + (-0.06903225461406076 * (x0))",0.3643644053618872,0.3738411597246204
"gpg",100000,2.0092580318450928,"678_visualizing_environmental",15,False,"-3.286494*x0/x2 + sin(x0 - x2) - sin(1) + 12.606977838024",0.41592900066377103,0.13174987260060977
"gpg",100000,2.333868980407715,"678_visualizing_environmental",15,True,"12.453936598277389 + (-0.06510828458421992 * (x0 - sin(x0)))",0.4461413358615266,0.23841529955083407
"gpg",100000,2.0905861854553223,"678_visualizing_environmental",17,True,"13.018826270731175 + (-0.8455996863066898 * (0.594234*x0/(x1/x2 + 4.75541905306) - sin(sin(x2 + 4.682951))))",0.43046416970802126,0.3519028843266625
"gpg",100000,1.6373460292816162,"678_visualizing_environmental",19,False,"-3.02191492705097*x0/x2 - sin(x2) + sin(x2 - 5.98141002746035) + 10.967899839631",0.17448278609861445,0.37057743924729303
"gpg",100000,3.7006468772888184,"678_visualizing_environmental",14,True,"15.172129869065621 + (0.16609083423839238 * (-0.296991035325599*x0 + 0.456278483184313*x1/(x0 - 4.908009) - 0.296991035325599*x2 - sin(x0 + x1 + x2 - 0.706247)))",0.5087582756370713,0.08410650119526764
"gpg",100000,2.9409241676330566,"678_visualizing_environmental",16,True,"2.0105696450072097 + (-210.11389036851563 * (-sin(4.180378/(x0 + x2 + 1.287532))))",0.382999791327737,0.22495370880830579
"gpg",100000,2.625976085662842,"678_visualizing_environmental",18,False,"16.534140398408*x2/(x0 + x2) - 0.272513721065856*(x1 + x2 - 1.185919)/x2",0.3752055496929382,-0.27442131708187345
"gpg",100000,2.0470662117004395,"678_visualizing_environmental",20,False,"-6.186538*x0/x2 + 14.26745580098 + 3.77892300654/x2 - 8.71499002691261/x0",0.29433100422546354,0.2654850303294314
"gpg",100000,3.5375030040740967,"678_visualizing_environmental",17,False,"2.528455*x0**2/(x2*(2*x0 + 1.19433642719953)) + (x0 + x1 + 2*x2)/(x0 + 1.70516 + x1/x0)",0.2503000340888294,0.32654045025575507
"gpg",100000,1.358546257019043,"678_visualizing_environmental",21,False,"(2.966375*x0 + 13.040169668125*x2)/(x0 + x2)",0.2762434871773627,0.4375194033620623
"gpg",100000,3.228199005126953,"678_visualizing_environmental",18,True,"17.139471674161882 + (-0.25462360706292336 * (0.230396962446447*x0 + 0.230396962446447*x0/x1 + 0.230396962446447*x2 - (3.144434*x2 + 1.01841318881548)*sin(x0)/(x1 - 3.863173)))",0.4922288842773558,-0.7081408014712169
"gpg",100000,2.752347230911255,"678_visualizing_environmental",19,True,"12.013358386645972 + (0.12156501588613321 * (-x0*(x0 - 4.00387)/x1 - sin(sin(x2))/sin(x1 - 4.389877) - (x0 + x1)/(2*x2)))",0.39989149396494184,0.2699482563398554
"gpg",100000,1.4295952320098877,"678_visualizing_environmental",22,False,"(11.40159*x1 + 14.1320277646389*x2 + 52.8146423187198)/(2*x0 + x1 + x2)",0.35124538817799844,0.2119905190407564
"gpg",100000,1.8286800384521484,"678_visualizing_environmental",22,True,"15.581222824398578 + (-1.501588905812725 * (0.03863129561*x0 + sin(x0 - 8.795906) + 2.219938))",0.48997368489297877,0.30016242478085364
"gpg",100000,1.8793442249298096,"678_visualizing_environmental",23,False,"-4.882246*x0/x2 - 0.195810052872632*sin(x1) + 12.250647 + 2.327464/x2",0.3534443319210119,0.30867874510764626
"gpg",100000,1.4406049251556396,"678_visualizing_environmental",24,False,"15.7183969963308*x2/(x0 + x2) - 0.999984510803421",0.37566774780464574,0.2582687707324647
"gpg",100000,3.270373821258545,"678_visualizing_environmental",20,True,"10.76110822337242 + (1.3257762947346243 * (-0.0615263335710801*x0 + x0/x2 + sin(x0) + 0.401875 + (x2 - 0.496944)/(x2 - 4.341823) - 3.415338/x0))",0.4929221346586209,0.23510539287393573
"gpg",100000,2.711479663848877,"678_visualizing_environmental",21,True,"12.554021573504631 + (-1.3017269132379297 * (-(0.217999095303754*x0 - 1.08696507109495)/(x0/x1 - 4.510278) + sin(2*x0 + sin(x0))))",0.3903276950136756,0.5303186627000743
"gpg",100000,1.8398728370666504,"678_visualizing_environmental",24,True,"11.822067843724941 + (1.4527456729969188 * (-0.0428960019609916*x0 + sin(x0 + 1.048222) + 0.179255571730672 + 0.0428960019609916*x1/x0))",0.5020608983011152,0.2784262110369017
"gpg",100000,1.8385231494903564,"678_visualizing_environmental",25,False,"(2*x0 + x1 + 1.936806*x2 + 0.874165)/(x0 - 0.0307852327930399 + x1/x0)",0.4151063595004767,-1.4648252234732548
"gpg",100000,1.2971172332763672,"678_visualizing_environmental",26,False,"sin(x1) + (-x0 + 3.730595*x2 + 4.3097)/(0.35531627767825*x2 - 1)",0.30340636984418257,0.11188955103951814
"gpg",100000,1.7366068363189697,"678_visualizing_environmental",25,True,"13.194541901416732 + (-0.0746987919398859 * (x0))",0.44575367827147705,-0.4320611018600229
"gpg",100000,1.1396830081939697,"678_visualizing_environmental",27,False,"(12.900827205448*x2 + 31.1260967159557)/(x0 + x2 - 7.15009)",0.3460466105011192,0.36353156046347057
"gpg",100000,2.946859836578369,"678_visualizing_environmental",23,True,"12.465189077681098 + (-2.149095075789535 * ((0.207027893075062*x0 + sin(x2))/(x1/x2 + 4.135623) - sin(x0)))",0.49625470135505034,0.11006214414440163
"gpg",100000,1.4579219818115234,"678_visualizing_environmental",28,False,"3.393136*(4.378499*x2 - 2.498913)/(x0 + x2 + x2/x1)",0.37616360946056593,0.2928094065545398
"gpg",100000,2.168025016784668,"678_visualizing_environmental",26,True,"12.60318358162331 + (-0.0650628255370335 * (x0))",0.37304474882626226,0.3819705466263882
"gpg",100000,1.3461809158325195,"678_visualizing_environmental",29,True,"12.897619041081962 + (-0.065845768437864 * (x0))",0.36444888809337017,0.3573764816059617
"gpg",100000,1.498986005783081,"678_visualizing_environmental",29,False,"12.782858204603 - (sin(x1) - 1)/(0.050305 - x2/x0) - (x0 + x2)/x2",0.20926415203333693,0.03674778114034705
"gpg",100000,2.0246129035949707,"678_visualizing_environmental",27,True,"12.541369549439336 + (0.12017070953284197 * (-0.512477642511119*x0 + 11.3000734504774*sin(x0)))",0.4227665801825403,0.36614768649722285
"gpg",100000,2.318403959274292,"678_visualizing_environmental",28,True,"14.054027644374514 + (-0.18948182075381836 * (x0*(x2 - 4.239141)/(0.61235787173797*x1 + x2) - 1.972192*sin(x0) + 6.09182498112))",0.4359741821792129,0.3081311712805983
