status,evaluations,generation,total_time_seconds,alg_time_seconds,eval_time_seconds,current_population_size,current_population_generation,dataset,kernel,population_size,num_observations,num_features,branching_factor,depth,operator_set,fold,iteration,seed,var_y,seed.1,discrete,discrete_active,continuous,continuous_active,subtrees,expressions,mse_train,objectives,constraint_value,mse
Running,1024,0,0.0428584179999999,0.033727902,0.009130516,1024,1,modular_1,single_kernel_inplace,1024,666,9,2,7,modular,0,0,3324115916,4.1594454033974815,3324115916,"[15,6,16,2,8,5,4,10,8,12,5,14,11,6,10,10,5,14,15,15,9,12,13,6,0,1,1,5,4,16,0,15,3,10,7,2,11,14,1,9,12,4,16,14,16,12,17,6,10,6,3,2,0,12,13,11,9,8,17,13,1,16,8,7,3,2,7,8,12,12,0,2,5,4,4,6,11,9,2,1,9,0,16,12,4,8,8,16,13,17,9,17,14,2,3,17,3,10,4,0,5,10,6,6,7,3,1,17,14,16,10,4,14,13,10,0,10,12,0,10,5,2,15,5,17,16,5,8,3,2,9,5,6,1,1,9,0,7,0,4,0,1,1,3,7,6,2,0,7,0,0,9,6,5,9,5,4,0,0,6,9,6,4,4,1,7,1,5,1,7,2,7,5,5,9,3,3,2,0,3,5,3,3,5,5,7,5,6,8,6,9,9,9,6,1,7,8,6,8,5,2,6,3,9,7,1,5,3,6,8,2,8,7,3,2,5,4,6,4,7,0,0,2,8,4,6,4,6,2,3,5,4,6,5,6,3,8,6,2,9,1,3,7,0,5,4,4,2,6,3,7,9,7,7,2]","[1,1,0,0,0,0,0,0,0,0,0,0,0,0,0,0,0,0,0,0,0,0,0,0,0,0,0,0,0,0,0,0,0,0,0,0,0,0,0,0,0,0,0,0,0,0,0,0,0,0,0,0,0,0,0,0,0,0,0,0,0,0,0,0,0,0,0,0,0,0,0,0,0,0,0,0,0,0,0,0,0,0,0,0,0,0,0,0,0,0,0,0,0,0,0,0,0,0,0,0,0,0,0,0,0,0,0,0,0,0,0,0,0,0,0,0,0,0,0,0,0,0,0,0,0,0,0,0,0,0,0,0,0,0,0,0,0,0,0,0,0,0,0,0,0,0,0,0,0,0,0,0,0,0,0,0,0,0,0,0,0,0,0,0,0,0,0,0,0,0,0,0,0,0,0,0,0,0,0,0,0,0,0,0,0,0,0,0,0,0,0,0,0,0,0,0,0,0,0,0,0,0,0,0,0,0,0,0,0,0,0,0,0,0,0,0,0,0,0,0,0,0,0,0,0,0,0,0,0,0,0,0,0,0,0,0,0,0,0,0,0,0,0,0,0,0,0,0,0,0,0,0,0,0,0]","[5.29067,0.486884,6.03465,-4.13254,5.75714,-3.32042,5.48259,2.28526,-0.618643,-2.56015,5.71211,-5.17684,-1.04547,0.732816,-1.32457,3.19993,3.05634,0.821869,-5.33092,-1.46761,-2.37874,-0.449066,-2.39607,-1.79307,5.90176,0.117862,-1.63502,4.42669,-1.45171,2.73,3.98788,-1.60761,-5.93821,-3.34984,-2.01563,-4.71377,-2.38378,5.24836,1.89544,5.42255,-4.52399,-1.24121,-4.40107,2.73686,2.19986,-2.31954,-5.21742,4.29248,5.02704,-2.07648,4.24074,2.51777,5.36644,5.30508,4.0626,2.32504,3.65999,5.37823,-4.57006,1.17603,-1.1638,-4.67245,4.3898,-1.95496,-1.34933,-0.0469355,3.11553,-1.2593,-3.23029,1.35853,5.85511,0.292493,2.94094,3.02109,2.9267,-2.23782,-3.5994,-0.377813,-0.647355,0.837664,-5.26013,3.99075,-4.28064,-1.86903,-5.41045,3.93914,-0.128868,0.638349,5.91691,-3.09853,2.65445,-1.42273,3.07059,-4.52,-3.87667,1.57838,-5.43015,2.58603,-4.60366,-3.77989,0.163149,0.720173,2.40752,-1.6845,-2.09954,-4.00629,-3.39294,-4.1235,-0.610176,4.17819,-1.86279,1.80017,4.42148,1.14198,-3.8475,-0.166812,4.60946,-1.78933,3.35789,0.696845,-0.588433,-4.15384,-2.36572,2.17841,-4.33053,4.20085,5.39255,5.45894,4.33488,-5.33093,1.78804,1.48164,0.971248,2.74481,4.04961,-0.607838,2.03275,-4.50543,-0.666899,2.93931,-2.94313,4.13215,3.39622,-5.47292,5.18821,4.37419,5.66122,3.98764,-3.09434,-1.95483,-0.0423463,2.17342,-3.55542,2.14578,2.23247,0.308031,-3.57909,5.99227,-2.63871,3.72359,3.20454,0.0552442,-0.191345,-2.21159,4.03283,1.78165,4.31296,-0.490084,0.771724,-2.68316,-3.16812,2.76673,-4.75198,0.499078,2.06418,2.25537,-3.5203,0.196665,-5.94305,-5.7071,0.627042,4.24024,4.74346,-0.712252,6.02092,5.07659,-0.814122,3.37791,-2.64999,3.85276,2.44991,0.725836,4.04878,-0.545155,-5.18542,0.895505,-1.0668,-3.85453,-0.320714,-5.97448,5.627,6.04285,2.52816,-4.99532,-2.3831,-1.04994,-4.04878,-1.09031,3.75741,-2.65765,0.45159,3.58584,-0.850466,-2.61308,-2.93387,-3.92188,-4.58893,3.09573,1.391,3.46313,-5.63758,1.09803,0.825069,3.63962,3.79588,5.1353,-1.73515,0.984894,-1.98895,3.43699,5.47766,5.26649,-0.25903,5.48634,-2.47851,1.52608,-2.29151,-4.32204,0.656919,4.47993,-1.50587,5.60949,5.77775,5.53861,3.33073,-5.44338,-0.542517,2.85524,4.90992,0.100628,-0.339424,4.86376,4.70875,-2.65976,-2.658]","[0,0,0,0,0,0,0,0,0,0,0,0,0,0,0,0,0,0,0,0,0,0,0,0,0,0,0,0,0,0,0,0,0,0,0,0,0,0,0,0,0,0,0,0,0,0,0,0,0,0,0,0,0,0,0,0,0,0,0,0,0,0,0,0,0,0,0,0,0,0,0,0,0,0,0,0,0,0,0,0,0,0,0,0,0,0,0,0,0,0,0,0,0,0,0,0,0,0,0,0,0,0,0,0,0,0,0,0,0,0,0,0,0,0,0,0,0,0,0,0,0,0,0,0,0,0,0,0,0,0,0,0,0,0,0,0,0,0,0,0,0,0,0,0,0,0,0,0,0,0,0,0,0,0,0,0,0,0,0,0,0,0,0,0,0,0,0,0,0,0,0,0,0,0,0,0,0,0,0,0,0,0,0,0,0,0,0,0,0,0,0,0,0,0,0,0,0,0,0,0,0,0,0,0,0,0,0,0,0,0,0,0,0,0,0,0,0,0,0,0,0,0,0,0,0,0,0,0,0,0,0,0,0,0,0,0,0,0,0,0,0,0,0,0,0,0,0,0,0,0,0,0,0,0,0]","Output
└─ 0 (V = 17, active): Op[5] (arity = 1)
       └─ 1 (V = 6, active): Input[6]
              └─ 3 (V = 2, inactive): Input[2]
                     └─ 7 (V = 12, inactive): Op[0] (arity = 2)
                            └─ 15 (V = 12, inactive): Op[0] (arity = 2)
                                   └─ 31 (V = 17, inactive): Op[5] (arity = 1)
                                          └─ 63 (V = 7, inactive): Input[7]
                                                 └─ 127 (V = 8, inactive): Input[8]
                                                 └─ 128 (V = 3, inactive): Input[3]
                                          └─ 64 (V = 3, inactive): Input[3]
                                                 └─ 129 (V = 2, inactive): Input[2]
                                                 └─ 130 (V = 9, inactive): Constant[0] -> 1.78804
                                   └─ 32 (V = 3, inactive): Input[3]
                                          └─ 65 (V = 2, inactive): Input[2]
                                                 └─ 131 (V = 5, inactive): Input[5]
                                                 └─ 132 (V = 6, inactive): Input[6]
                                          └─ 66 (V = 7, inactive): Input[7]
                                                 └─ 133 (V = 1, inactive): Input[1]
                                                 └─ 134 (V = 1, inactive): Input[1]
                            └─ 16 (V = 5, inactive): Input[5]
                                   └─ 33 (V = 12, inactive): Op[0] (arity = 2)
                                          └─ 67 (V = 8, inactive): Input[8]
                                                 └─ 135 (V = 9, inactive): Constant[0] -> -0.607838
                                                 └─ 136 (V = 0, inactive): Input[0]
                                          └─ 68 (V = 14, inactive): Op[2] (arity = 2)
                                                 └─ 137 (V = 7, inactive): Input[7]
                                                 └─ 138 (V = 0, inactive): Input[0]
                                   └─ 34 (V = 7, inactive): Input[7]
                                          └─ 69 (V = 14, inactive): Op[2] (arity = 2)
                                                 └─ 139 (V = 4, inactive): Input[4]
                                                 └─ 140 (V = 0, inactive): Input[0]
                                          └─ 70 (V = 0, inactive): Input[0]
                                                 └─ 141 (V = 1, inactive): Input[1]
                                                 └─ 142 (V = 1, inactive): Input[1]
                     └─ 8 (V = 8, inactive): Input[8]
                            └─ 17 (V = 16, inactive): Op[4] (arity = 1)
                                   └─ 35 (V = 2, inactive): Input[2]
                                          └─ 71 (V = 2, inactive): Input[2]
                                                 └─ 143 (V = 3, inactive): Input[3]
                                                 └─ 144 (V = 7, inactive): Input[7]
                                          └─ 72 (V = 5, inactive): Input[5]
                                                 └─ 145 (V = 6, inactive): Input[6]
                                                 └─ 146 (V = 2, inactive): Input[2]
                                   └─ 36 (V = 13, inactive): Op[1] (arity = 2)
                                          └─ 73 (V = 4, inactive): Input[4]
                                                 └─ 147 (V = 0, inactive): Input[0]
                                                 └─ 148 (V = 7, inactive): Input[7]
                                          └─ 74 (V = 4, inactive): Input[4]
                                                 └─ 149 (V = 0, inactive): Input[0]
                                                 └─ 150 (V = 0, inactive): Input[0]
                            └─ 18 (V = 17, inactive): Op[5] (arity = 1)
                                   └─ 37 (V = 16, inactive): Op[4] (arity = 1)
                                          └─ 75 (V = 6, inactive): Input[6]
                                                 └─ 151 (V = 9, inactive): Constant[0] -> 2.17342
                                                 └─ 152 (V = 6, inactive): Input[6]
                                          └─ 76 (V = 13, inactive): Op[1] (arity = 2)
                                                 └─ 153 (V = 5, inactive): Input[5]
                                                 └─ 154 (V = 9, inactive): Constant[0] -> 2.23247
                                   └─ 38 (V = 1, inactive): Input[1]
                                          └─ 77 (V = 9, inactive): Constant[0] -> -0.377813
                                                 └─ 155 (V = 5, inactive): Input[5]
                                                 └─ 156 (V = 4, inactive): Input[4]
                                          └─ 78 (V = 2, inactive): Input[2]
                                                 └─ 157 (V = 0, inactive): Input[0]
                                                 └─ 158 (V = 0, inactive): Input[0]
              └─ 4 (V = 8, inactive): Input[8]
                     └─ 9 (V = 14, inactive): Op[2] (arity = 2)
                            └─ 19 (V = 17, inactive): Op[5] (arity = 1)
                                   └─ 39 (V = 9, inactive): Constant[0] -> 5.42255
                                          └─ 79 (V = 1, inactive): Input[1]
                                                 └─ 159 (V = 6, inactive): Input[6]
                                                 └─ 160 (V = 9, inactive): Constant[0] -> 3.20454
                                          └─ 80 (V = 9, inactive): Constant[0] -> -5.26013
                                                 └─ 161 (V = 6, inactive): Input[6]
                                                 └─ 162 (V = 4, inactive): Input[4]
                                   └─ 40 (V = 14, inactive): Op[2] (arity = 2)
                                          └─ 81 (V = 0, inactive): Input[0]
                                                 └─ 163 (V = 4, inactive): Input[4]
                                                 └─ 164 (V = 1, inactive): Input[1]
                                          └─ 82 (V = 18, inactive): Op[6] (arity = 1)
                                                 └─ 165 (V = 7, inactive): Input[7]
                                                 └─ 166 (V = 1, inactive): Input[1]
                            └─ 20 (V = 9, inactive): Constant[0] -> -2.37874
                                   └─ 41 (V = 4, inactive): Input[4]
                                          └─ 83 (V = 14, inactive): Op[2] (arity = 2)
                                                 └─ 167 (V = 5, inactive): Input[5]
                                                 └─ 168 (V = 1, inactive): Input[1]
                                          └─ 84 (V = 4, inactive): Input[4]
                                                 └─ 169 (V = 7, inactive): Input[7]
                                                 └─ 170 (V = 2, inactive): Input[2]
                                   └─ 42 (V = 18, inactive): Op[6] (arity = 1)
                                          └─ 85 (V = 8, inactive): Input[8]
                                                 └─ 171 (V = 7, inactive): Input[7]
                                                 └─ 172 (V = 5, inactive): Input[5]
                                          └─ 86 (V = 8, inactive): Input[8]
                                                 └─ 173 (V = 5, inactive): Input[5]
                                                 └─ 174 (V = 9, inactive): Constant[0] -> 2.06418
                     └─ 10 (V = 5, inactive): Input[5]
                            └─ 21 (V = 14, inactive): Op[2] (arity = 2)
                                   └─ 43 (V = 16, inactive): Op[4] (arity = 1)
                                          └─ 87 (V = 18, inactive): Op[6] (arity = 1)
                                                 └─ 175 (V = 3, inactive): Input[3]
                                                 └─ 176 (V = 3, inactive): Input[3]
                                          └─ 88 (V = 15, inactive): Op[3] (arity = 2)
                                                 └─ 177 (V = 2, inactive): Input[2]
                                                 └─ 178 (V = 0, inactive): Input[0]
                                   └─ 44 (V = 18, inactive): Op[6] (arity = 1)
                                          └─ 89 (V = 19, inactive): Op[7] (arity = 1)
                                                 └─ 179 (V = 3, inactive): Input[3]
                                                 └─ 180 (V = 5, inactive): Input[5]
                                          └─ 90 (V = 9, inactive): Constant[0] -> 2.65445
                                                 └─ 181 (V = 3, inactive): Input[3]
                                                 └─ 182 (V = 3, inactive): Input[3]
                            └─ 22 (V = 15, inactive): Op[3] (arity = 2)
                                   └─ 45 (V = 14, inactive): Op[2] (arity = 2)
                                          └─ 91 (V = 19, inactive): Op[7] (arity = 1)
                                                 └─ 183 (V = 5, inactive): Input[5]
                                                 └─ 184 (V = 5, inactive): Input[5]
                                          └─ 92 (V = 16, inactive): Op[4] (arity = 1)
                                                 └─ 185 (V = 7, inactive): Input[7]
                                                 └─ 186 (V = 5, inactive): Input[5]
                                   └─ 46 (V = 19, inactive): Op[7] (arity = 1)
                                          └─ 93 (V = 2, inactive): Input[2]
                                                 └─ 187 (V = 6, inactive): Input[6]
                                                 └─ 188 (V = 8, inactive): Input[8]
                                          └─ 94 (V = 3, inactive): Input[3]
                                                 └─ 189 (V = 6, inactive): Input[6]
                                                 └─ 190 (V = 9, inactive): Constant[0] -> 2.44991
       └─ 2 (V = 18, inactive): Op[6] (arity = 1)
              └─ 5 (V = 5, inactive): Input[5]
                     └─ 11 (V = 16, inactive): Op[4] (arity = 1)
                            └─ 23 (V = 6, inactive): Input[6]
                                   └─ 47 (V = 6, inactive): Input[6]
                                          └─ 95 (V = 19, inactive): Op[7] (arity = 1)
                                                 └─ 191 (V = 9, inactive): Constant[0] -> 0.725836
                                                 └─ 192 (V = 9, inactive): Constant[0] -> 4.04878
                                          └─ 96 (V = 3, inactive): Input[3]
                                                 └─ 193 (V = 6, inactive): Input[6]
                                                 └─ 194 (V = 1, inactive): Input[1]
                                   └─ 48 (V = 12, inactive): Op[0] (arity = 2)
                                          └─ 97 (V = 12, inactive): Op[0] (arity = 2)
                                                 └─ 195 (V = 7, inactive): Input[7]
                                                 └─ 196 (V = 8, inactive): Input[8]
                                          └─ 98 (V = 4, inactive): Input[4]
                                                 └─ 197 (V = 6, inactive): Input[6]
                                                 └─ 198 (V = 8, inactive): Input[8]
                            └─ 24 (V = 0, inactive): Input[0]
                                   └─ 49 (V = 6, inactive): Input[6]
                                          └─ 99 (V = 0, inactive): Input[0]
                                                 └─ 199 (V = 5, inactive): Input[5]
                                                 └─ 200 (V = 2, inactive): Input[2]
                                          └─ 100 (V = 5, inactive): Input[5]
                                                 └─ 201 (V = 6, inactive): Input[6]
                                                 └─ 202 (V = 3, inactive): Input[3]
                                   └─ 50 (V = 3, inactive): Input[3]
                                          └─ 101 (V = 12, inactive): Op[0] (arity = 2)
                                                 └─ 203 (V = 9, inactive): Constant[0] -> -4.99532
                                                 └─ 204 (V = 7, inactive): Input[7]
                                          └─ 102 (V = 6, inactive): Input[6]
                                                 └─ 205 (V = 1, inactive): Input[1]
                                                 └─ 206 (V = 5, inactive): Input[5]
                     └─ 12 (V = 13, inactive): Op[1] (arity = 2)
                            └─ 25 (V = 1, inactive): Input[1]
                                   └─ 51 (V = 2, inactive): Input[2]
                                          └─ 103 (V = 6, inactive): Input[6]
                                                 └─ 207 (V = 3, inactive): Input[3]
                                                 └─ 208 (V = 6, inactive): Input[6]
                                          └─ 104 (V = 7, inactive): Input[7]
                                                 └─ 209 (V = 8, inactive): Input[8]
                                                 └─ 210 (V = 2, inactive): Input[2]
                                   └─ 52 (V = 0, inactive): Input[0]
                                          └─ 105 (V = 3, inactive): Input[3]
                                                 └─ 211 (V = 8, inactive): Input[8]
                                                 └─ 212 (V = 7, inactive): Input[7]
                                          └─ 106 (V = 1, inactive): Input[1]
                                                 └─ 213 (V = 3, inactive): Input[3]
                                                 └─ 214 (V = 2, inactive): Input[2]
                            └─ 26 (V = 1, inactive): Input[1]
                                   └─ 53 (V = 14, inactive): Op[2] (arity = 2)
                                          └─ 107 (V = 19, inactive): Op[7] (arity = 1)
                                                 └─ 215 (V = 5, inactive): Input[5]
                                                 └─ 216 (V = 4, inactive): Input[4]
                                          └─ 108 (V = 16, inactive): Op[4] (arity = 1)
                                                 └─ 217 (V = 6, inactive): Input[6]
                                                 └─ 218 (V = 4, inactive): Input[4]
                                   └─ 54 (V = 15, inactive): Op[3] (arity = 2)
                                          └─ 109 (V = 18, inactive): Op[6] (arity = 1)
                                                 └─ 219 (V = 7, inactive): Input[7]
                                                 └─ 220 (V = 0, inactive): Input[0]
                                          └─ 110 (V = 12, inactive): Op[0] (arity = 2)
                                                 └─ 221 (V = 0, inactive): Input[0]
                                                 └─ 222 (V = 2, inactive): Input[2]
              └─ 6 (V = 4, inactive): Input[4]
                     └─ 13 (V = 6, inactive): Input[6]
                            └─ 27 (V = 5, inactive): Input[5]
                                   └─ 55 (V = 13, inactive): Op[1] (arity = 2)
                                          └─ 111 (V = 4, inactive): Input[4]
                                                 └─ 223 (V = 8, inactive): Input[8]
                                                 └─ 224 (V = 4, inactive): Input[4]
                                          └─ 112 (V = 16, inactive): Op[4] (arity = 1)
                                                 └─ 225 (V = 6, inactive): Input[6]
                                                 └─ 226 (V = 4, inactive): Input[4]
                                   └─ 56 (V = 9, inactive): Constant[0] -> 3.65999
                                          └─ 113 (V = 15, inactive): Op[3] (arity = 2)
                                                 └─ 227 (V = 6, inactive): Input[6]
                                                 └─ 228 (V = 2, inactive): Input[2]
                                          └─ 114 (V = 12, inactive): Op[0] (arity = 2)
                                                 └─ 229 (V = 3, inactive): Input[3]
                                                 └─ 230 (V = 5, inactive): Input[5]
                            └─ 28 (V = 4, inactive): Input[4]
                                   └─ 57 (V = 8, inactive): Input[8]
                                          └─ 115 (V = 0, inactive): Input[0]
                                                 └─ 231 (V = 4, inactive): Input[4]
                                                 └─ 232 (V = 6, inactive): Input[6]
                                          └─ 116 (V = 12, inactive): Op[0] (arity = 2)
                                                 └─ 233 (V = 5, inactive): Input[5]
                                                 └─ 234 (V = 6, inactive): Input[6]
                                   └─ 58 (V = 19, inactive): Op[7] (arity = 1)
                                          └─ 117 (V = 14, inactive): Op[2] (arity = 2)
                                                 └─ 235 (V = 3, inactive): Input[3]
                                                 └─ 236 (V = 8, inactive): Input[8]
                                          └─ 118 (V = 0, inactive): Input[0]
                                                 └─ 237 (V = 6, inactive): Input[6]
                                                 └─ 238 (V = 2, inactive): Input[2]
                     └─ 14 (V = 12, inactive): Op[0] (arity = 2)
                            └─ 29 (V = 18, inactive): Op[6] (arity = 1)
                                   └─ 59 (V = 15, inactive): Op[3] (arity = 2)
                                          └─ 119 (V = 12, inactive): Op[0] (arity = 2)
                                                 └─ 239 (V = 9, inactive): Constant[0] -> 4.47993
                                                 └─ 240 (V = 1, inactive): Input[1]
                                          └─ 120 (V = 5, inactive): Input[5]
                                                 └─ 241 (V = 3, inactive): Input[3]
                                                 └─ 242 (V = 7, inactive): Input[7]
                                   └─ 60 (V = 1, inactive): Input[1]
                                          └─ 121 (V = 2, inactive): Input[2]
                                                 └─ 243 (V = 0, inactive): Input[0]
                                                 └─ 244 (V = 5, inactive): Input[5]
                                          └─ 122 (V = 17, inactive): Op[5] (arity = 1)
                                                 └─ 245 (V = 4, inactive): Input[4]
                                                 └─ 246 (V = 4, inactive): Input[4]
                            └─ 30 (V = 0, inactive): Input[0]
                                   └─ 61 (V = 18, inactive): Op[6] (arity = 1)
                                          └─ 123 (V = 5, inactive): Input[5]
                                                 └─ 247 (V = 2, inactive): Input[2]
                                                 └─ 248 (V = 6, inactive): Input[6]
                                          └─ 124 (V = 19, inactive): Op[7] (arity = 1)
                                                 └─ 249 (V = 3, inactive): Input[3]
                                                 └─ 250 (V = 7, inactive): Input[7]
                                   └─ 62 (V = 8, inactive): Input[8]
                                          └─ 125 (V = 18, inactive): Op[6] (arity = 1)
                                                 └─ 251 (V = 9, inactive): Constant[0] -> 4.86376
                                                 └─ 252 (V = 7, inactive): Input[7]
                                          └─ 126 (V = 5, inactive): Input[5]
                                                 └─ 253 (V = 7, inactive): Input[7]
                                                 └─ 254 (V = 2, inactive): Input[2]
",cos(x6),3.90302,[3.90302],0,
Running,2136,0,0.09104055,0.070901462,0.020139088,1024,1,modular_1,single_kernel_inplace,1024,666,9,2,7,modular,0,0,3324115916,4.1594454033974815,3324115916,"[15,6,16,2,8,5,4,10,8,12,5,14,11,6,10,10,5,14,15,15,9,12,13,6,0,1,1,5,4,16,0,15,3,10,7,2,11,14,1,9,12,4,16,14,16,12,17,6,10,6,3,2,0,12,13,11,9,8,17,13,1,16,8,7,3,2,7,8,12,12,0,2,5,4,4,6,11,9,2,1,9,0,16,12,4,8,8,16,13,17,9,17,14,2,3,17,3,10,4,0,5,10,6,6,7,3,1,17,14,16,10,4,14,13,10,0,10,12,0,10,5,2,15,5,17,16,5,8,3,2,9,5,6,1,1,9,0,7,0,4,0,1,1,3,7,6,2,0,7,0,0,9,6,5,9,5,4,0,0,6,9,6,4,4,1,7,1,5,1,7,2,7,5,5,9,3,3,2,0,3,5,3,3,5,5,7,5,6,8,6,9,9,9,6,1,7,8,6,8,5,2,6,3,9,7,1,5,3,6,8,2,8,7,3,2,5,4,6,4,7,0,0,2,8,4,6,4,6,2,3,5,4,6,5,6,3,8,6,2,9,1,3,7,0,5,4,4,2,6,3,7,9,7,7,2]","[1,1,0,0,0,0,0,0,0,0,0,0,0,0,0,0,0,0,0,0,0,0,0,0,0,0,0,0,0,0,0,0,0,0,0,0,0,0,0,0,0,0,0,0,0,0,0,0,0,0,0,0,0,0,0,0,0,0,0,0,0,0,0,0,0,0,0,0,0,0,0,0,0,0,0,0,0,0,0,0,0,0,0,0,0,0,0,0,0,0,0,0,0,0,0,0,0,0,0,0,0,0,0,0,0,0,0,0,0,0,0,0,0,0,0,0,0,0,0,0,0,0,0,0,0,0,0,0,0,0,0,0,0,0,0,0,0,0,0,0,0,0,0,0,0,0,0,0,0,0,0,0,0,0,0,0,0,0,0,0,0,0,0,0,0,0,0,0,0,0,0,0,0,0,0,0,0,0,0,0,0,0,0,0,0,0,0,0,0,0,0,0,0,0,0,0,0,0,0,0,0,0,0,0,0,0,0,0,0,0,0,0,0,0,0,0,0,0,0,0,0,0,0,0,0,0,0,0,0,0,0,0,0,0,0,0,0,0,0,0,0,0,0,0,0,0,0,0,0,0,0,0,0,0,0]","[5.29067,0.486884,6.03465,-4.13254,5.75714,-3.32042,5.48259,2.28526,-0.618643,-2.56015,5.71211,-5.17684,-1.04547,0.732816,-1.32457,3.19993,3.05634,0.821869,-5.33092,-1.46761,-2.37874,-0.449066,-2.39607,-1.79307,5.90176,0.117862,-1.63502,4.42669,-1.45171,2.73,3.98788,-1.60761,-5.93821,-3.34984,-2.01563,-4.71377,-2.38378,5.24836,1.89544,5.42255,-4.52399,-1.24121,-4.40107,2.73686,2.19986,-2.31954,-5.21742,4.29248,5.02704,-2.07648,4.24074,2.51777,5.36644,5.30508,4.0626,2.32504,3.65999,5.37823,-4.57006,1.17603,-1.1638,-4.67245,4.3898,-1.95496,-1.34933,-0.0469355,3.11553,-1.2593,-3.23029,1.35853,5.85511,0.292493,2.94094,3.02109,2.9267,-2.23782,-3.5994,-0.377813,-0.647355,0.837664,-5.26013,3.99075,-4.28064,-1.86903,-5.41045,3.93914,-0.128868,0.638349,5.91691,-3.09853,2.65445,-1.42273,3.07059,-4.52,-3.87667,1.57838,-5.43015,2.58603,-4.60366,-3.77989,0.163149,0.720173,2.40752,-1.6845,-2.09954,-4.00629,-3.39294,-4.1235,-0.610176,4.17819,-1.86279,1.80017,4.42148,1.14198,-3.8475,-0.166812,4.60946,-1.78933,3.35789,0.696845,-0.588433,-4.15384,-2.36572,2.17841,-4.33053,4.20085,5.39255,5.45894,4.33488,-5.33093,1.78804,1.48164,0.971248,2.74481,4.04961,-0.607838,2.03275,-4.50543,-0.666899,2.93931,-2.94313,4.13215,3.39622,-5.47292,5.18821,4.37419,5.66122,3.98764,-3.09434,-1.95483,-0.0423463,2.17342,-3.55542,2.14578,2.23247,0.308031,-3.57909,5.99227,-2.63871,3.72359,3.20454,0.0552442,-0.191345,-2.21159,4.03283,1.78165,4.31296,-0.490084,0.771724,-2.68316,-3.16812,2.76673,-4.75198,0.499078,2.06418,2.25537,-3.5203,0.196665,-5.94305,-5.7071,0.627042,4.24024,4.74346,-0.712252,6.02092,5.07659,-0.814122,3.37791,-2.64999,3.85276,2.44991,0.725836,4.04878,-0.545155,-5.18542,0.895505,-1.0668,-3.85453,-0.320714,-5.97448,5.627,6.04285,2.52816,-4.99532,-2.3831,-1.04994,-4.04878,-1.09031,3.75741,-2.65765,0.45159,3.58584,-0.850466,-2.61308,-2.93387,-3.92188,-4.58893,3.09573,1.391,3.46313,-5.63758,1.09803,0.825069,3.63962,3.79588,5.1353,-1.73515,0.984894,-1.98895,3.43699,5.47766,5.26649,-0.25903,5.48634,-2.47851,1.52608,-2.29151,-4.32204,0.656919,4.47993,-1.50587,5.60949,5.77775,5.53861,3.33073,-5.44338,-0.542517,2.85524,4.90992,0.100628,-0.339424,4.86376,4.70875,-2.65976,-2.658]","[0,0,0,0,0,0,0,0,0,0,0,0,0,0,0,0,0,0,0,0,0,0,0,0,0,0,0,0,0,0,0,0,0,0,0,0,0,0,0,0,0,0,0,0,0,0,0,0,0,0,0,0,0,0,0,0,0,0,0,0,0,0,0,0,0,0,0,0,0,0,0,0,0,0,0,0,0,0,0,0,0,0,0,0,0,0,0,0,0,0,0,0,0,0,0,0,0,0,0,0,0,0,0,0,0,0,0,0,0,0,0,0,0,0,0,0,0,0,0,0,0,0,0,0,0,0,0,0,0,0,0,0,0,0,0,0,0,0,0,0,0,0,0,0,0,0,0,0,0,0,0,0,0,0,0,0,0,0,0,0,0,0,0,0,0,0,0,0,0,0,0,0,0,0,0,0,0,0,0,0,0,0,0,0,0,0,0,0,0,0,0,0,0,0,0,0,0,0,0,0,0,0,0,0,0,0,0,0,0,0,0,0,0,0,0,0,0,0,0,0,0,0,0,0,0,0,0,0,0,0,0,0,0,0,0,0,0,0,0,0,0,0,0,0,0,0,0,0,0,0,0,0,0,0,0]","Output
└─ 0 (V = 17, active): Op[5] (arity = 1)
       └─ 1 (V = 6, active): Input[6]
              └─ 3 (V = 2, inactive): Input[2]
                     └─ 7 (V = 12, inactive): Op[0] (arity = 2)
                            └─ 15 (V = 12, inactive): Op[0] (arity = 2)
                                   └─ 31 (V = 17, inactive): Op[5] (arity = 1)
                                          └─ 63 (V = 7, inactive): Input[7]
                                                 └─ 127 (V = 8, inactive): Input[8]
                                                 └─ 128 (V = 3, inactive): Input[3]
                                          └─ 64 (V = 3, inactive): Input[3]
                                                 └─ 129 (V = 2, inactive): Input[2]
                                                 └─ 130 (V = 9, inactive): Constant[0] -> 1.78804
                                   └─ 32 (V = 3, inactive): Input[3]
                                          └─ 65 (V = 2, inactive): Input[2]
                                                 └─ 131 (V = 5, inactive): Input[5]
                                                 └─ 132 (V = 6, inactive): Input[6]
                                          └─ 66 (V = 7, inactive): Input[7]
                                                 └─ 133 (V = 1, inactive): Input[1]
                                                 └─ 134 (V = 1, inactive): Input[1]
                            └─ 16 (V = 5, inactive): Input[5]
                                   └─ 33 (V = 12, inactive): Op[0] (arity = 2)
                                          └─ 67 (V = 8, inactive): Input[8]
                                                 └─ 135 (V = 9, inactive): Constant[0] -> -0.607838
                                                 └─ 136 (V = 0, inactive): Input[0]
                                          └─ 68 (V = 14, inactive): Op[2] (arity = 2)
                                                 └─ 137 (V = 7, inactive): Input[7]
                                                 └─ 138 (V = 0, inactive): Input[0]
                                   └─ 34 (V = 7, inactive): Input[7]
                                          └─ 69 (V = 14, inactive): Op[2] (arity = 2)
                                                 └─ 139 (V = 4, inactive): Input[4]
                                                 └─ 140 (V = 0, inactive): Input[0]
                                          └─ 70 (V = 0, inactive): Input[0]
                                                 └─ 141 (V = 1, inactive): Input[1]
                                                 └─ 142 (V = 1, inactive): Input[1]
                     └─ 8 (V = 8, inactive): Input[8]
                            └─ 17 (V = 16, inactive): Op[4] (arity = 1)
                                   └─ 35 (V = 2, inactive): Input[2]
                                          └─ 71 (V = 2, inactive): Input[2]
                                                 └─ 143 (V = 3, inactive): Input[3]
                                                 └─ 144 (V = 7, inactive): Input[7]
                                          └─ 72 (V = 5, inactive): Input[5]
                                                 └─ 145 (V = 6, inactive): Input[6]
                                                 └─ 146 (V = 2, inactive): Input[2]
                                   └─ 36 (V = 13, inactive): Op[1] (arity = 2)
                                          └─ 73 (V = 4, inactive): Input[4]
                                                 └─ 147 (V = 0, inactive): Input[0]
                                                 └─ 148 (V = 7, inactive): Input[7]
                                          └─ 74 (V = 4, inactive): Input[4]
                                                 └─ 149 (V = 0, inactive): Input[0]
                                                 └─ 150 (V = 0, inactive): Input[0]
                            └─ 18 (V = 17, inactive): Op[5] (arity = 1)
                                   └─ 37 (V = 16, inactive): Op[4] (arity = 1)
                                          └─ 75 (V = 6, inactive): Input[6]
                                                 └─ 151 (V = 9, inactive): Constant[0] -> 2.17342
                                                 └─ 152 (V = 6, inactive): Input[6]
                                          └─ 76 (V = 13, inactive): Op[1] (arity = 2)
                                                 └─ 153 (V = 5, inactive): Input[5]
                                                 └─ 154 (V = 9, inactive): Constant[0] -> 2.23247
                                   └─ 38 (V = 1, inactive): Input[1]
                                          └─ 77 (V = 9, inactive): Constant[0] -> -0.377813
                                                 └─ 155 (V = 5, inactive): Input[5]
                                                 └─ 156 (V = 4, inactive): Input[4]
                                          └─ 78 (V = 2, inactive): Input[2]
                                                 └─ 157 (V = 0, inactive): Input[0]
                                                 └─ 158 (V = 0, inactive): Input[0]
              └─ 4 (V = 8, inactive): Input[8]
                     └─ 9 (V = 14, inactive): Op[2] (arity = 2)
                            └─ 19 (V = 17, inactive): Op[5] (arity = 1)
                                   └─ 39 (V = 9, inactive): Constant[0] -> 5.42255
                                          └─ 79 (V = 1, inactive): Input[1]
                                                 └─ 159 (V = 6, inactive): Input[6]
                                                 └─ 160 (V = 9, inactive): Constant[0] -> 3.20454
                                          └─ 80 (V = 9, inactive): Constant[0] -> -5.26013
                                                 └─ 161 (V = 6, inactive): Input[6]
                                                 └─ 162 (V = 4, inactive): Input[4]
                                   └─ 40 (V = 14, inactive): Op[2] (arity = 2)
                                          └─ 81 (V = 0, inactive): Input[0]
                                                 └─ 163 (V = 4, inactive): Input[4]
                                                 └─ 164 (V = 1, inactive): Input[1]
                                          └─ 82 (V = 18, inactive): Op[6] (arity = 1)
                                                 └─ 165 (V = 7, inactive): Input[7]
                                                 └─ 166 (V = 1, inactive): Input[1]
                            └─ 20 (V = 9, inactive): Constant[0] -> -2.37874
                                   └─ 41 (V = 4, inactive): Input[4]
                                          └─ 83 (V = 14, inactive): Op[2] (arity = 2)
                                                 └─ 167 (V = 5, inactive): Input[5]
                                                 └─ 168 (V = 1, inactive): Input[1]
                                          └─ 84 (V = 4, inactive): Input[4]
                                                 └─ 169 (V = 7, inactive): Input[7]
                                                 └─ 170 (V = 2, inactive): Input[2]
                                   └─ 42 (V = 18, inactive): Op[6] (arity = 1)
                                          └─ 85 (V = 8, inactive): Input[8]
                                                 └─ 171 (V = 7, inactive): Input[7]
                                                 └─ 172 (V = 5, inactive): Input[5]
                                          └─ 86 (V = 8, inactive): Input[8]
                                                 └─ 173 (V = 5, inactive): Input[5]
                                                 └─ 174 (V = 9, inactive): Constant[0] -> 2.06418
                     └─ 10 (V = 5, inactive): Input[5]
                            └─ 21 (V = 14, inactive): Op[2] (arity = 2)
                                   └─ 43 (V = 16, inactive): Op[4] (arity = 1)
                                          └─ 87 (V = 18, inactive): Op[6] (arity = 1)
                                                 └─ 175 (V = 3, inactive): Input[3]
                                                 └─ 176 (V = 3, inactive): Input[3]
                                          └─ 88 (V = 15, inactive): Op[3] (arity = 2)
                                                 └─ 177 (V = 2, inactive): Input[2]
                                                 └─ 178 (V = 0, inactive): Input[0]
                                   └─ 44 (V = 18, inactive): Op[6] (arity = 1)
                                          └─ 89 (V = 19, inactive): Op[7] (arity = 1)
                                                 └─ 179 (V = 3, inactive): Input[3]
                                                 └─ 180 (V = 5, inactive): Input[5]
                                          └─ 90 (V = 9, inactive): Constant[0] -> 2.65445
                                                 └─ 181 (V = 3, inactive): Input[3]
                                                 └─ 182 (V = 3, inactive): Input[3]
                            └─ 22 (V = 15, inactive): Op[3] (arity = 2)
                                   └─ 45 (V = 14, inactive): Op[2] (arity = 2)
                                          └─ 91 (V = 19, inactive): Op[7] (arity = 1)
                                                 └─ 183 (V = 5, inactive): Input[5]
                                                 └─ 184 (V = 5, inactive): Input[5]
                                          └─ 92 (V = 16, inactive): Op[4] (arity = 1)
                                                 └─ 185 (V = 7, inactive): Input[7]
                                                 └─ 186 (V = 5, inactive): Input[5]
                                   └─ 46 (V = 19, inactive): Op[7] (arity = 1)
                                          └─ 93 (V = 2, inactive): Input[2]
                                                 └─ 187 (V = 6, inactive): Input[6]
                                                 └─ 188 (V = 8, inactive): Input[8]
                                          └─ 94 (V = 3, inactive): Input[3]
                                                 └─ 189 (V = 6, inactive): Input[6]
                                                 └─ 190 (V = 9, inactive): Constant[0] -> 2.44991
       └─ 2 (V = 18, inactive): Op[6] (arity = 1)
              └─ 5 (V = 5, inactive): Input[5]
                     └─ 11 (V = 16, inactive): Op[4] (arity = 1)
                            └─ 23 (V = 6, inactive): Input[6]
                                   └─ 47 (V = 6, inactive): Input[6]
                                          └─ 95 (V = 19, inactive): Op[7] (arity = 1)
                                                 └─ 191 (V = 9, inactive): Constant[0] -> 0.725836
                                                 └─ 192 (V = 9, inactive): Constant[0] -> 4.04878
                                          └─ 96 (V = 3, inactive): Input[3]
                                                 └─ 193 (V = 6, inactive): Input[6]
                                                 └─ 194 (V = 1, inactive): Input[1]
                                   └─ 48 (V = 12, inactive): Op[0] (arity = 2)
                                          └─ 97 (V = 12, inactive): Op[0] (arity = 2)
                                                 └─ 195 (V = 7, inactive): Input[7]
                                                 └─ 196 (V = 8, inactive): Input[8]
                                          └─ 98 (V = 4, inactive): Input[4]
                                                 └─ 197 (V = 6, inactive): Input[6]
                                                 └─ 198 (V = 8, inactive): Input[8]
                            └─ 24 (V = 0, inactive): Input[0]
                                   └─ 49 (V = 6, inactive): Input[6]
                                          └─ 99 (V = 0, inactive): Input[0]
                                                 └─ 199 (V = 5, inactive): Input[5]
                                                 └─ 200 (V = 2, inactive): Input[2]
                                          └─ 100 (V = 5, inactive): Input[5]
                                                 └─ 201 (V = 6, inactive): Input[6]
                                                 └─ 202 (V = 3, inactive): Input[3]
                                   └─ 50 (V = 3, inactive): Input[3]
                                          └─ 101 (V = 12, inactive): Op[0] (arity = 2)
                                                 └─ 203 (V = 9, inactive): Constant[0] -> -4.99532
                                                 └─ 204 (V = 7, inactive): Input[7]
                                          └─ 102 (V = 6, inactive): Input[6]
                                                 └─ 205 (V = 1, inactive): Input[1]
                                                 └─ 206 (V = 5, inactive): Input[5]
                     └─ 12 (V = 13, inactive): Op[1] (arity = 2)
                            └─ 25 (V = 1, inactive): Input[1]
                                   └─ 51 (V = 2, inactive): Input[2]
                                          └─ 103 (V = 6, inactive): Input[6]
                                                 └─ 207 (V = 3, inactive): Input[3]
                                                 └─ 208 (V = 6, inactive): Input[6]
                                          └─ 104 (V = 7, inactive): Input[7]
                                                 └─ 209 (V = 8, inactive): Input[8]
                                                 └─ 210 (V = 2, inactive): Input[2]
                                   └─ 52 (V = 0, inactive): Input[0]
                                          └─ 105 (V = 3, inactive): Input[3]
                                                 └─ 211 (V = 8, inactive): Input[8]
                                                 └─ 212 (V = 7, inactive): Input[7]
                                          └─ 106 (V = 1, inactive): Input[1]
                                                 └─ 213 (V = 3, inactive): Input[3]
                                                 └─ 214 (V = 2, inactive): Input[2]
                            └─ 26 (V = 1, inactive): Input[1]
                                   └─ 53 (V = 14, inactive): Op[2] (arity = 2)
                                          └─ 107 (V = 19, inactive): Op[7] (arity = 1)
                                                 └─ 215 (V = 5, inactive): Input[5]
                                                 └─ 216 (V = 4, inactive): Input[4]
                                          └─ 108 (V = 16, inactive): Op[4] (arity = 1)
                                                 └─ 217 (V = 6, inactive): Input[6]
                                                 └─ 218 (V = 4, inactive): Input[4]
                                   └─ 54 (V = 15, inactive): Op[3] (arity = 2)
                                          └─ 109 (V = 18, inactive): Op[6] (arity = 1)
                                                 └─ 219 (V = 7, inactive): Input[7]
                                                 └─ 220 (V = 0, inactive): Input[0]
                                          └─ 110 (V = 12, inactive): Op[0] (arity = 2)
                                                 └─ 221 (V = 0, inactive): Input[0]
                                                 └─ 222 (V = 2, inactive): Input[2]
              └─ 6 (V = 4, inactive): Input[4]
                     └─ 13 (V = 6, inactive): Input[6]
                            └─ 27 (V = 5, inactive): Input[5]
                                   └─ 55 (V = 13, inactive): Op[1] (arity = 2)
                                          └─ 111 (V = 4, inactive): Input[4]
                                                 └─ 223 (V = 8, inactive): Input[8]
                                                 └─ 224 (V = 4, inactive): Input[4]
                                          └─ 112 (V = 16, inactive): Op[4] (arity = 1)
                                                 └─ 225 (V = 6, inactive): Input[6]
                                                 └─ 226 (V = 4, inactive): Input[4]
                                   └─ 56 (V = 9, inactive): Constant[0] -> 3.65999
                                          └─ 113 (V = 15, inactive): Op[3] (arity = 2)
                                                 └─ 227 (V = 6, inactive): Input[6]
                                                 └─ 228 (V = 2, inactive): Input[2]
                                          └─ 114 (V = 12, inactive): Op[0] (arity = 2)
                                                 └─ 229 (V = 3, inactive): Input[3]
                                                 └─ 230 (V = 5, inactive): Input[5]
                            └─ 28 (V = 4, inactive): Input[4]
                                   └─ 57 (V = 8, inactive): Input[8]
                                          └─ 115 (V = 0, inactive): Input[0]
                                                 └─ 231 (V = 4, inactive): Input[4]
                                                 └─ 232 (V = 6, inactive): Input[6]
                                          └─ 116 (V = 12, inactive): Op[0] (arity = 2)
                                                 └─ 233 (V = 5, inactive): Input[5]
                                                 └─ 234 (V = 6, inactive): Input[6]
                                   └─ 58 (V = 19, inactive): Op[7] (arity = 1)
                                          └─ 117 (V = 14, inactive): Op[2] (arity = 2)
                                                 └─ 235 (V = 3, inactive): Input[3]
                                                 └─ 236 (V = 8, inactive): Input[8]
                                          └─ 118 (V = 0, inactive): Input[0]
                                                 └─ 237 (V = 6, inactive): Input[6]
                                                 └─ 238 (V = 2, inactive): Input[2]
                     └─ 14 (V = 12, inactive): Op[0] (arity = 2)
                            └─ 29 (V = 18, inactive): Op[6] (arity = 1)
                                   └─ 59 (V = 15, inactive): Op[3] (arity = 2)
                                          └─ 119 (V = 12, inactive): Op[0] (arity = 2)
                                                 └─ 239 (V = 9, inactive): Constant[0] -> 4.47993
                                                 └─ 240 (V = 1, inactive): Input[1]
                                          └─ 120 (V = 5, inactive): Input[5]
                                                 └─ 241 (V = 3, inactive): Input[3]
                                                 └─ 242 (V = 7, inactive): Input[7]
                                   └─ 60 (V = 1, inactive): Input[1]
                                          └─ 121 (V = 2, inactive): Input[2]
                                                 └─ 243 (V = 0, inactive): Input[0]
                                                 └─ 244 (V = 5, inactive): Input[5]
                                          └─ 122 (V = 17, inactive): Op[5] (arity = 1)
                                                 └─ 245 (V = 4, inactive): Input[4]
                                                 └─ 246 (V = 4, inactive): Input[4]
                            └─ 30 (V = 0, inactive): Input[0]
                                   └─ 61 (V = 18, inactive): Op[6] (arity = 1)
                                          └─ 123 (V = 5, inactive): Input[5]
                                                 └─ 247 (V = 2, inactive): Input[2]
                                                 └─ 248 (V = 6, inactive): Input[6]
                                          └─ 124 (V = 19, inactive): Op[7] (arity = 1)
                                                 └─ 249 (V = 3, inactive): Input[3]
                                                 └─ 250 (V = 7, inactive): Input[7]
                                   └─ 62 (V = 8, inactive): Input[8]
                                          └─ 125 (V = 18, inactive): Op[6] (arity = 1)
                                                 └─ 251 (V = 9, inactive): Constant[0] -> 4.86376
                                                 └─ 252 (V = 7, inactive): Input[7]
                                          └─ 126 (V = 5, inactive): Input[5]
                                                 └─ 253 (V = 7, inactive): Input[7]
                                                 └─ 254 (V = 2, inactive): Input[2]
",cos(x6),3.90302,[3.90302],0,
Running,4311,0,0.140215881,0.100987454,0.039228427,1024,1,modular_1,single_kernel_inplace,1024,666,9,2,7,modular,0,0,3324115916,4.1594454033974815,3324115916,"[15,6,16,2,8,5,4,10,8,12,5,14,11,6,10,10,5,14,15,15,9,12,13,6,0,1,1,5,4,16,0,15,3,10,7,2,11,14,1,9,12,4,16,14,16,12,17,6,10,6,3,2,0,12,13,11,9,8,17,13,1,16,8,7,3,2,7,8,12,12,0,2,5,4,4,6,11,9,2,1,9,0,16,12,4,8,8,16,13,17,9,17,14,2,3,17,3,10,4,0,5,10,6,6,7,3,1,17,14,16,10,4,14,13,10,0,10,12,0,10,5,2,15,5,17,16,5,8,3,2,9,5,6,1,1,9,0,7,0,4,0,1,1,3,7,6,2,0,7,0,0,9,6,5,9,5,4,0,0,6,9,6,4,4,1,7,1,5,1,7,2,7,5,5,9,3,3,2,0,3,5,3,3,5,5,7,5,6,8,6,9,9,9,6,1,7,8,6,8,5,2,6,3,9,7,1,5,3,6,8,2,8,7,3,2,5,4,6,4,7,0,0,2,8,4,6,4,6,2,3,5,4,6,5,6,3,8,6,2,9,1,3,7,0,5,4,4,2,6,3,7,9,7,7,2]","[1,1,0,0,0,0,0,0,0,0,0,0,0,0,0,0,0,0,0,0,0,0,0,0,0,0,0,0,0,0,0,0,0,0,0,0,0,0,0,0,0,0,0,0,0,0,0,0,0,0,0,0,0,0,0,0,0,0,0,0,0,0,0,0,0,0,0,0,0,0,0,0,0,0,0,0,0,0,0,0,0,0,0,0,0,0,0,0,0,0,0,0,0,0,0,0,0,0,0,0,0,0,0,0,0,0,0,0,0,0,0,0,0,0,0,0,0,0,0,0,0,0,0,0,0,0,0,0,0,0,0,0,0,0,0,0,0,0,0,0,0,0,0,0,0,0,0,0,0,0,0,0,0,0,0,0,0,0,0,0,0,0,0,0,0,0,0,0,0,0,0,0,0,0,0,0,0,0,0,0,0,0,0,0,0,0,0,0,0,0,0,0,0,0,0,0,0,0,0,0,0,0,0,0,0,0,0,0,0,0,0,0,0,0,0,0,0,0,0,0,0,0,0,0,0,0,0,0,0,0,0,0,0,0,0,0,0,0,0,0,0,0,0,0,0,0,0,0,0,0,0,0,0,0,0]","[5.29067,0.486884,6.03465,-4.13254,5.75714,-3.32042,5.48259,2.28526,-0.618643,-2.56015,5.71211,-5.17684,-1.04547,0.732816,-1.32457,3.19993,3.05634,0.821869,-5.33092,-1.46761,-2.37874,-0.449066,-2.39607,-1.79307,5.90176,0.117862,-1.63502,4.42669,-1.45171,2.73,3.98788,-1.60761,-5.93821,-3.34984,-2.01563,-4.71377,-2.38378,5.24836,1.89544,5.42255,-4.52399,-1.24121,-4.40107,2.73686,2.19986,-2.31954,-5.21742,4.29248,5.02704,-2.07648,4.24074,2.51777,5.36644,5.30508,4.0626,2.32504,3.65999,5.37823,-4.57006,1.17603,-1.1638,-4.67245,4.3898,-1.95496,-1.34933,-0.0469355,3.11553,-1.2593,-3.23029,1.35853,5.85511,0.292493,2.94094,3.02109,2.9267,-2.23782,-3.5994,-0.377813,-0.647355,0.837664,-5.26013,3.99075,-4.28064,-1.86903,-5.41045,3.93914,-0.128868,0.638349,5.91691,-3.09853,2.65445,-1.42273,3.07059,-4.52,-3.87667,1.57838,-5.43015,2.58603,-4.60366,-3.77989,0.163149,0.720173,2.40752,-1.6845,-2.09954,-4.00629,-3.39294,-4.1235,-0.610176,4.17819,-1.86279,1.80017,4.42148,1.14198,-3.8475,-0.166812,4.60946,-1.78933,3.35789,0.696845,-0.588433,-4.15384,-2.36572,2.17841,-4.33053,4.20085,5.39255,5.45894,4.33488,-5.33093,1.78804,1.48164,0.971248,2.74481,4.04961,-0.607838,2.03275,-4.50543,-0.666899,2.93931,-2.94313,4.13215,3.39622,-5.47292,5.18821,4.37419,5.66122,3.98764,-3.09434,-1.95483,-0.0423463,2.17342,-3.55542,2.14578,2.23247,0.308031,-3.57909,5.99227,-2.63871,3.72359,3.20454,0.0552442,-0.191345,-2.21159,4.03283,1.78165,4.31296,-0.490084,0.771724,-2.68316,-3.16812,2.76673,-4.75198,0.499078,2.06418,2.25537,-3.5203,0.196665,-5.94305,-5.7071,0.627042,4.24024,4.74346,-0.712252,6.02092,5.07659,-0.814122,3.37791,-2.64999,3.85276,2.44991,0.725836,4.04878,-0.545155,-5.18542,0.895505,-1.0668,-3.85453,-0.320714,-5.97448,5.627,6.04285,2.52816,-4.99532,-2.3831,-1.04994,-4.04878,-1.09031,3.75741,-2.65765,0.45159,3.58584,-0.850466,-2.61308,-2.93387,-3.92188,-4.58893,3.09573,1.391,3.46313,-5.63758,1.09803,0.825069,3.63962,3.79588,5.1353,-1.73515,0.984894,-1.98895,3.43699,5.47766,5.26649,-0.25903,5.48634,-2.47851,1.52608,-2.29151,-4.32204,0.656919,4.47993,-1.50587,5.60949,5.77775,5.53861,3.33073,-5.44338,-0.542517,2.85524,4.90992,0.100628,-0.339424,4.86376,4.70875,-2.65976,-2.658]","[0,0,0,0,0,0,0,0,0,0,0,0,0,0,0,0,0,0,0,0,0,0,0,0,0,0,0,0,0,0,0,0,0,0,0,0,0,0,0,0,0,0,0,0,0,0,0,0,0,0,0,0,0,0,0,0,0,0,0,0,0,0,0,0,0,0,0,0,0,0,0,0,0,0,0,0,0,0,0,0,0,0,0,0,0,0,0,0,0,0,0,0,0,0,0,0,0,0,0,0,0,0,0,0,0,0,0,0,0,0,0,0,0,0,0,0,0,0,0,0,0,0,0,0,0,0,0,0,0,0,0,0,0,0,0,0,0,0,0,0,0,0,0,0,0,0,0,0,0,0,0,0,0,0,0,0,0,0,0,0,0,0,0,0,0,0,0,0,0,0,0,0,0,0,0,0,0,0,0,0,0,0,0,0,0,0,0,0,0,0,0,0,0,0,0,0,0,0,0,0,0,0,0,0,0,0,0,0,0,0,0,0,0,0,0,0,0,0,0,0,0,0,0,0,0,0,0,0,0,0,0,0,0,0,0,0,0,0,0,0,0,0,0,0,0,0,0,0,0,0,0,0,0,0,0]","Output
└─ 0 (V = 17, active): Op[5] (arity = 1)
       └─ 1 (V = 6, active): Input[6]
              └─ 3 (V = 2, inactive): Input[2]
                     └─ 7 (V = 12, inactive): Op[0] (arity = 2)
                            └─ 15 (V = 12, inactive): Op[0] (arity = 2)
                                   └─ 31 (V = 17, inactive): Op[5] (arity = 1)
                                          └─ 63 (V = 7, inactive): Input[7]
                                                 └─ 127 (V = 8, inactive): Input[8]
                                                 └─ 128 (V = 3, inactive): Input[3]
                                          └─ 64 (V = 3, inactive): Input[3]
                                                 └─ 129 (V = 2, inactive): Input[2]
                                                 └─ 130 (V = 9, inactive): Constant[0] -> 1.78804
                                   └─ 32 (V = 3, inactive): Input[3]
                                          └─ 65 (V = 2, inactive): Input[2]
                                                 └─ 131 (V = 5, inactive): Input[5]
                                                 └─ 132 (V = 6, inactive): Input[6]
                                          └─ 66 (V = 7, inactive): Input[7]
                                                 └─ 133 (V = 1, inactive): Input[1]
                                                 └─ 134 (V = 1, inactive): Input[1]
                            └─ 16 (V = 5, inactive): Input[5]
                                   └─ 33 (V = 12, inactive): Op[0] (arity = 2)
                                          └─ 67 (V = 8, inactive): Input[8]
                                                 └─ 135 (V = 9, inactive): Constant[0] -> -0.607838
                                                 └─ 136 (V = 0, inactive): Input[0]
                                          └─ 68 (V = 14, inactive): Op[2] (arity = 2)
                                                 └─ 137 (V = 7, inactive): Input[7]
                                                 └─ 138 (V = 0, inactive): Input[0]
                                   └─ 34 (V = 7, inactive): Input[7]
                                          └─ 69 (V = 14, inactive): Op[2] (arity = 2)
                                                 └─ 139 (V = 4, inactive): Input[4]
                                                 └─ 140 (V = 0, inactive): Input[0]
                                          └─ 70 (V = 0, inactive): Input[0]
                                                 └─ 141 (V = 1, inactive): Input[1]
                                                 └─ 142 (V = 1, inactive): Input[1]
                     └─ 8 (V = 8, inactive): Input[8]
                            └─ 17 (V = 16, inactive): Op[4] (arity = 1)
                                   └─ 35 (V = 2, inactive): Input[2]
                                          └─ 71 (V = 2, inactive): Input[2]
                                                 └─ 143 (V = 3, inactive): Input[3]
                                                 └─ 144 (V = 7, inactive): Input[7]
                                          └─ 72 (V = 5, inactive): Input[5]
                                                 └─ 145 (V = 6, inactive): Input[6]
                                                 └─ 146 (V = 2, inactive): Input[2]
                                   └─ 36 (V = 13, inactive): Op[1] (arity = 2)
                                          └─ 73 (V = 4, inactive): Input[4]
                                                 └─ 147 (V = 0, inactive): Input[0]
                                                 └─ 148 (V = 7, inactive): Input[7]
                                          └─ 74 (V = 4, inactive): Input[4]
                                                 └─ 149 (V = 0, inactive): Input[0]
                                                 └─ 150 (V = 0, inactive): Input[0]
                            └─ 18 (V = 17, inactive): Op[5] (arity = 1)
                                   └─ 37 (V = 16, inactive): Op[4] (arity = 1)
                                          └─ 75 (V = 6, inactive): Input[6]
                                                 └─ 151 (V = 9, inactive): Constant[0] -> 2.17342
                                                 └─ 152 (V = 6, inactive): Input[6]
                                          └─ 76 (V = 13, inactive): Op[1] (arity = 2)
                                                 └─ 153 (V = 5, inactive): Input[5]
                                                 └─ 154 (V = 9, inactive): Constant[0] -> 2.23247
                                   └─ 38 (V = 1, inactive): Input[1]
                                          └─ 77 (V = 9, inactive): Constant[0] -> -0.377813
                                                 └─ 155 (V = 5, inactive): Input[5]
                                                 └─ 156 (V = 4, inactive): Input[4]
                                          └─ 78 (V = 2, inactive): Input[2]
                                                 └─ 157 (V = 0, inactive): Input[0]
                                                 └─ 158 (V = 0, inactive): Input[0]
              └─ 4 (V = 8, inactive): Input[8]
                     └─ 9 (V = 14, inactive): Op[2] (arity = 2)
                            └─ 19 (V = 17, inactive): Op[5] (arity = 1)
                                   └─ 39 (V = 9, inactive): Constant[0] -> 5.42255
                                          └─ 79 (V = 1, inactive): Input[1]
                                                 └─ 159 (V = 6, inactive): Input[6]
                                                 └─ 160 (V = 9, inactive): Constant[0] -> 3.20454
                                          └─ 80 (V = 9, inactive): Constant[0] -> -5.26013
                                                 └─ 161 (V = 6, inactive): Input[6]
                                                 └─ 162 (V = 4, inactive): Input[4]
                                   └─ 40 (V = 14, inactive): Op[2] (arity = 2)
                                          └─ 81 (V = 0, inactive): Input[0]
                                                 └─ 163 (V = 4, inactive): Input[4]
                                                 └─ 164 (V = 1, inactive): Input[1]
                                          └─ 82 (V = 18, inactive): Op[6] (arity = 1)
                                                 └─ 165 (V = 7, inactive): Input[7]
                                                 └─ 166 (V = 1, inactive): Input[1]
                            └─ 20 (V = 9, inactive): Constant[0] -> -2.37874
                                   └─ 41 (V = 4, inactive): Input[4]
                                          └─ 83 (V = 14, inactive): Op[2] (arity = 2)
                                                 └─ 167 (V = 5, inactive): Input[5]
                                                 └─ 168 (V = 1, inactive): Input[1]
                                          └─ 84 (V = 4, inactive): Input[4]
                                                 └─ 169 (V = 7, inactive): Input[7]
                                                 └─ 170 (V = 2, inactive): Input[2]
                                   └─ 42 (V = 18, inactive): Op[6] (arity = 1)
                                          └─ 85 (V = 8, inactive): Input[8]
                                                 └─ 171 (V = 7, inactive): Input[7]
                                                 └─ 172 (V = 5, inactive): Input[5]
                                          └─ 86 (V = 8, inactive): Input[8]
                                                 └─ 173 (V = 5, inactive): Input[5]
                                                 └─ 174 (V = 9, inactive): Constant[0] -> 2.06418
                     └─ 10 (V = 5, inactive): Input[5]
                            └─ 21 (V = 14, inactive): Op[2] (arity = 2)
                                   └─ 43 (V = 16, inactive): Op[4] (arity = 1)
                                          └─ 87 (V = 18, inactive): Op[6] (arity = 1)
                                                 └─ 175 (V = 3, inactive): Input[3]
                                                 └─ 176 (V = 3, inactive): Input[3]
                                          └─ 88 (V = 15, inactive): Op[3] (arity = 2)
                                                 └─ 177 (V = 2, inactive): Input[2]
                                                 └─ 178 (V = 0, inactive): Input[0]
                                   └─ 44 (V = 18, inactive): Op[6] (arity = 1)
                                          └─ 89 (V = 19, inactive): Op[7] (arity = 1)
                                                 └─ 179 (V = 3, inactive): Input[3]
                                                 └─ 180 (V = 5, inactive): Input[5]
                                          └─ 90 (V = 9, inactive): Constant[0] -> 2.65445
                                                 └─ 181 (V = 3, inactive): Input[3]
                                                 └─ 182 (V = 3, inactive): Input[3]
                            └─ 22 (V = 15, inactive): Op[3] (arity = 2)
                                   └─ 45 (V = 14, inactive): Op[2] (arity = 2)
                                          └─ 91 (V = 19, inactive): Op[7] (arity = 1)
                                                 └─ 183 (V = 5, inactive): Input[5]
                                                 └─ 184 (V = 5, inactive): Input[5]
                                          └─ 92 (V = 16, inactive): Op[4] (arity = 1)
                                                 └─ 185 (V = 7, inactive): Input[7]
                                                 └─ 186 (V = 5, inactive): Input[5]
                                   └─ 46 (V = 19, inactive): Op[7] (arity = 1)
                                          └─ 93 (V = 2, inactive): Input[2]
                                                 └─ 187 (V = 6, inactive): Input[6]
                                                 └─ 188 (V = 8, inactive): Input[8]
                                          └─ 94 (V = 3, inactive): Input[3]
                                                 └─ 189 (V = 6, inactive): Input[6]
                                                 └─ 190 (V = 9, inactive): Constant[0] -> 2.44991
       └─ 2 (V = 18, inactive): Op[6] (arity = 1)
              └─ 5 (V = 5, inactive): Input[5]
                     └─ 11 (V = 16, inactive): Op[4] (arity = 1)
                            └─ 23 (V = 6, inactive): Input[6]
                                   └─ 47 (V = 6, inactive): Input[6]
                                          └─ 95 (V = 19, inactive): Op[7] (arity = 1)
                                                 └─ 191 (V = 9, inactive): Constant[0] -> 0.725836
                                                 └─ 192 (V = 9, inactive): Constant[0] -> 4.04878
                                          └─ 96 (V = 3, inactive): Input[3]
                                                 └─ 193 (V = 6, inactive): Input[6]
                                                 └─ 194 (V = 1, inactive): Input[1]
                                   └─ 48 (V = 12, inactive): Op[0] (arity = 2)
                                          └─ 97 (V = 12, inactive): Op[0] (arity = 2)
                                                 └─ 195 (V = 7, inactive): Input[7]
                                                 └─ 196 (V = 8, inactive): Input[8]
                                          └─ 98 (V = 4, inactive): Input[4]
                                                 └─ 197 (V = 6, inactive): Input[6]
                                                 └─ 198 (V = 8, inactive): Input[8]
                            └─ 24 (V = 0, inactive): Input[0]
                                   └─ 49 (V = 6, inactive): Input[6]
                                          └─ 99 (V = 0, inactive): Input[0]
                                                 └─ 199 (V = 5, inactive): Input[5]
                                                 └─ 200 (V = 2, inactive): Input[2]
                                          └─ 100 (V = 5, inactive): Input[5]
                                                 └─ 201 (V = 6, inactive): Input[6]
                                                 └─ 202 (V = 3, inactive): Input[3]
                                   └─ 50 (V = 3, inactive): Input[3]
                                          └─ 101 (V = 12, inactive): Op[0] (arity = 2)
                                                 └─ 203 (V = 9, inactive): Constant[0] -> -4.99532
                                                 └─ 204 (V = 7, inactive): Input[7]
                                          └─ 102 (V = 6, inactive): Input[6]
                                                 └─ 205 (V = 1, inactive): Input[1]
                                                 └─ 206 (V = 5, inactive): Input[5]
                     └─ 12 (V = 13, inactive): Op[1] (arity = 2)
                            └─ 25 (V = 1, inactive): Input[1]
                                   └─ 51 (V = 2, inactive): Input[2]
                                          └─ 103 (V = 6, inactive): Input[6]
                                                 └─ 207 (V = 3, inactive): Input[3]
                                                 └─ 208 (V = 6, inactive): Input[6]
                                          └─ 104 (V = 7, inactive): Input[7]
                                                 └─ 209 (V = 8, inactive): Input[8]
                                                 └─ 210 (V = 2, inactive): Input[2]
                                   └─ 52 (V = 0, inactive): Input[0]
                                          └─ 105 (V = 3, inactive): Input[3]
                                                 └─ 211 (V = 8, inactive): Input[8]
                                                 └─ 212 (V = 7, inactive): Input[7]
                                          └─ 106 (V = 1, inactive): Input[1]
                                                 └─ 213 (V = 3, inactive): Input[3]
                                                 └─ 214 (V = 2, inactive): Input[2]
                            └─ 26 (V = 1, inactive): Input[1]
                                   └─ 53 (V = 14, inactive): Op[2] (arity = 2)
                                          └─ 107 (V = 19, inactive): Op[7] (arity = 1)
                                                 └─ 215 (V = 5, inactive): Input[5]
                                                 └─ 216 (V = 4, inactive): Input[4]
                                          └─ 108 (V = 16, inactive): Op[4] (arity = 1)
                                                 └─ 217 (V = 6, inactive): Input[6]
                                                 └─ 218 (V = 4, inactive): Input[4]
                                   └─ 54 (V = 15, inactive): Op[3] (arity = 2)
                                          └─ 109 (V = 18, inactive): Op[6] (arity = 1)
                                                 └─ 219 (V = 7, inactive): Input[7]
                                                 └─ 220 (V = 0, inactive): Input[0]
                                          └─ 110 (V = 12, inactive): Op[0] (arity = 2)
                                                 └─ 221 (V = 0, inactive): Input[0]
                                                 └─ 222 (V = 2, inactive): Input[2]
              └─ 6 (V = 4, inactive): Input[4]
                     └─ 13 (V = 6, inactive): Input[6]
                            └─ 27 (V = 5, inactive): Input[5]
                                   └─ 55 (V = 13, inactive): Op[1] (arity = 2)
                                          └─ 111 (V = 4, inactive): Input[4]
                                                 └─ 223 (V = 8, inactive): Input[8]
                                                 └─ 224 (V = 4, inactive): Input[4]
                                          └─ 112 (V = 16, inactive): Op[4] (arity = 1)
                                                 └─ 225 (V = 6, inactive): Input[6]
                                                 └─ 226 (V = 4, inactive): Input[4]
                                   └─ 56 (V = 9, inactive): Constant[0] -> 3.65999
                                          └─ 113 (V = 15, inactive): Op[3] (arity = 2)
                                                 └─ 227 (V = 6, inactive): Input[6]
                                                 └─ 228 (V = 2, inactive): Input[2]
                                          └─ 114 (V = 12, inactive): Op[0] (arity = 2)
                                                 └─ 229 (V = 3, inactive): Input[3]
                                                 └─ 230 (V = 5, inactive): Input[5]
                            └─ 28 (V = 4, inactive): Input[4]
                                   └─ 57 (V = 8, inactive): Input[8]
                                          └─ 115 (V = 0, inactive): Input[0]
                                                 └─ 231 (V = 4, inactive): Input[4]
                                                 └─ 232 (V = 6, inactive): Input[6]
                                          └─ 116 (V = 12, inactive): Op[0] (arity = 2)
                                                 └─ 233 (V = 5, inactive): Input[5]
                                                 └─ 234 (V = 6, inactive): Input[6]
                                   └─ 58 (V = 19, inactive): Op[7] (arity = 1)
                                          └─ 117 (V = 14, inactive): Op[2] (arity = 2)
                                                 └─ 235 (V = 3, inactive): Input[3]
                                                 └─ 236 (V = 8, inactive): Input[8]
                                          └─ 118 (V = 0, inactive): Input[0]
                                                 └─ 237 (V = 6, inactive): Input[6]
                                                 └─ 238 (V = 2, inactive): Input[2]
                     └─ 14 (V = 12, inactive): Op[0] (arity = 2)
                            └─ 29 (V = 18, inactive): Op[6] (arity = 1)
                                   └─ 59 (V = 15, inactive): Op[3] (arity = 2)
                                          └─ 119 (V = 12, inactive): Op[0] (arity = 2)
                                                 └─ 239 (V = 9, inactive): Constant[0] -> 4.47993
                                                 └─ 240 (V = 1, inactive): Input[1]
                                          └─ 120 (V = 5, inactive): Input[5]
                                                 └─ 241 (V = 3, inactive): Input[3]
                                                 └─ 242 (V = 7, inactive): Input[7]
                                   └─ 60 (V = 1, inactive): Input[1]
                                          └─ 121 (V = 2, inactive): Input[2]
                                                 └─ 243 (V = 0, inactive): Input[0]
                                                 └─ 244 (V = 5, inactive): Input[5]
                                          └─ 122 (V = 17, inactive): Op[5] (arity = 1)
                                                 └─ 245 (V = 4, inactive): Input[4]
                                                 └─ 246 (V = 4, inactive): Input[4]
                            └─ 30 (V = 0, inactive): Input[0]
                                   └─ 61 (V = 18, inactive): Op[6] (arity = 1)
                                          └─ 123 (V = 5, inactive): Input[5]
                                                 └─ 247 (V = 2, inactive): Input[2]
                                                 └─ 248 (V = 6, inactive): Input[6]
                                          └─ 124 (V = 19, inactive): Op[7] (arity = 1)
                                                 └─ 249 (V = 3, inactive): Input[3]
                                                 └─ 250 (V = 7, inactive): Input[7]
                                   └─ 62 (V = 8, inactive): Input[8]
                                          └─ 125 (V = 18, inactive): Op[6] (arity = 1)
                                                 └─ 251 (V = 9, inactive): Constant[0] -> 4.86376
                                                 └─ 252 (V = 7, inactive): Input[7]
                                          └─ 126 (V = 5, inactive): Input[5]
                                                 └─ 253 (V = 7, inactive): Input[7]
                                                 └─ 254 (V = 2, inactive): Input[2]
",cos(x6),3.90302,[3.90302],0,
Running,8683,0,0.260475275,0.187027477,0.073447798,1024,1,modular_1,single_kernel_inplace,1024,666,9,2,7,modular,0,0,3324115916,4.1594454033974815,3324115916,"[15,6,16,2,8,5,4,10,8,12,5,14,11,6,10,10,5,14,15,15,9,12,13,6,0,1,1,5,4,16,0,15,3,10,7,2,11,14,1,9,12,4,16,14,16,12,17,6,10,6,3,2,0,12,13,11,9,8,17,13,1,16,8,7,3,2,7,8,12,12,0,2,5,4,4,6,11,9,2,1,9,0,16,12,4,8,8,16,13,17,9,17,14,2,3,17,3,10,4,0,5,10,6,6,7,3,1,17,14,16,10,4,14,13,10,0,10,12,0,10,5,2,15,5,17,16,5,8,3,2,9,5,6,1,1,9,0,7,0,4,0,1,1,3,7,6,2,0,7,0,0,9,6,5,9,5,4,0,0,6,9,6,4,4,1,7,1,5,1,7,2,7,5,5,9,3,3,2,0,3,5,3,3,5,5,7,5,6,8,6,9,9,9,6,1,7,8,6,8,5,2,6,3,9,7,1,5,3,6,8,2,8,7,3,2,5,4,6,4,7,0,0,2,8,4,6,4,6,2,3,5,4,6,5,6,3,8,6,2,9,1,3,7,0,5,4,4,2,6,3,7,9,7,7,2]","[1,1,0,0,0,0,0,0,0,0,0,0,0,0,0,0,0,0,0,0,0,0,0,0,0,0,0,0,0,0,0,0,0,0,0,0,0,0,0,0,0,0,0,0,0,0,0,0,0,0,0,0,0,0,0,0,0,0,0,0,0,0,0,0,0,0,0,0,0,0,0,0,0,0,0,0,0,0,0,0,0,0,0,0,0,0,0,0,0,0,0,0,0,0,0,0,0,0,0,0,0,0,0,0,0,0,0,0,0,0,0,0,0,0,0,0,0,0,0,0,0,0,0,0,0,0,0,0,0,0,0,0,0,0,0,0,0,0,0,0,0,0,0,0,0,0,0,0,0,0,0,0,0,0,0,0,0,0,0,0,0,0,0,0,0,0,0,0,0,0,0,0,0,0,0,0,0,0,0,0,0,0,0,0,0,0,0,0,0,0,0,0,0,0,0,0,0,0,0,0,0,0,0,0,0,0,0,0,0,0,0,0,0,0,0,0,0,0,0,0,0,0,0,0,0,0,0,0,0,0,0,0,0,0,0,0,0,0,0,0,0,0,0,0,0,0,0,0,0,0,0,0,0,0,0]","[5.29067,0.486884,6.03465,-4.13254,5.75714,-3.32042,5.48259,2.28526,-0.618643,-2.56015,5.71211,-5.17684,-1.04547,0.732816,-1.32457,3.19993,3.05634,0.821869,-5.33092,-1.46761,-2.37874,-0.449066,-2.39607,-1.79307,5.90176,0.117862,-1.63502,4.42669,-1.45171,2.73,3.98788,-1.60761,-5.93821,-3.34984,-2.01563,-4.71377,-2.38378,5.24836,1.89544,5.42255,-4.52399,-1.24121,-4.40107,2.73686,2.19986,-2.31954,-5.21742,4.29248,5.02704,-2.07648,4.24074,2.51777,5.36644,5.30508,4.0626,2.32504,3.65999,5.37823,-4.57006,1.17603,-1.1638,-4.67245,4.3898,-1.95496,-1.34933,-0.0469355,3.11553,-1.2593,-3.23029,1.35853,5.85511,0.292493,2.94094,3.02109,2.9267,-2.23782,-3.5994,-0.377813,-0.647355,0.837664,-5.26013,3.99075,-4.28064,-1.86903,-5.41045,3.93914,-0.128868,0.638349,5.91691,-3.09853,2.65445,-1.42273,3.07059,-4.52,-3.87667,1.57838,-5.43015,2.58603,-4.60366,-3.77989,0.163149,0.720173,2.40752,-1.6845,-2.09954,-4.00629,-3.39294,-4.1235,-0.610176,4.17819,-1.86279,1.80017,4.42148,1.14198,-3.8475,-0.166812,4.60946,-1.78933,3.35789,0.696845,-0.588433,-4.15384,-2.36572,2.17841,-4.33053,4.20085,5.39255,5.45894,4.33488,-5.33093,1.78804,1.48164,0.971248,2.74481,4.04961,-0.607838,2.03275,-4.50543,-0.666899,2.93931,-2.94313,4.13215,3.39622,-5.47292,5.18821,4.37419,5.66122,3.98764,-3.09434,-1.95483,-0.0423463,2.17342,-3.55542,2.14578,2.23247,0.308031,-3.57909,5.99227,-2.63871,3.72359,3.20454,0.0552442,-0.191345,-2.21159,4.03283,1.78165,4.31296,-0.490084,0.771724,-2.68316,-3.16812,2.76673,-4.75198,0.499078,2.06418,2.25537,-3.5203,0.196665,-5.94305,-5.7071,0.627042,4.24024,4.74346,-0.712252,6.02092,5.07659,-0.814122,3.37791,-2.64999,3.85276,2.44991,0.725836,4.04878,-0.545155,-5.18542,0.895505,-1.0668,-3.85453,-0.320714,-5.97448,5.627,6.04285,2.52816,-4.99532,-2.3831,-1.04994,-4.04878,-1.09031,3.75741,-2.65765,0.45159,3.58584,-0.850466,-2.61308,-2.93387,-3.92188,-4.58893,3.09573,1.391,3.46313,-5.63758,1.09803,0.825069,3.63962,3.79588,5.1353,-1.73515,0.984894,-1.98895,3.43699,5.47766,5.26649,-0.25903,5.48634,-2.47851,1.52608,-2.29151,-4.32204,0.656919,4.47993,-1.50587,5.60949,5.77775,5.53861,3.33073,-5.44338,-0.542517,2.85524,4.90992,0.100628,-0.339424,4.86376,4.70875,-2.65976,-2.658]","[0,0,0,0,0,0,0,0,0,0,0,0,0,0,0,0,0,0,0,0,0,0,0,0,0,0,0,0,0,0,0,0,0,0,0,0,0,0,0,0,0,0,0,0,0,0,0,0,0,0,0,0,0,0,0,0,0,0,0,0,0,0,0,0,0,0,0,0,0,0,0,0,0,0,0,0,0,0,0,0,0,0,0,0,0,0,0,0,0,0,0,0,0,0,0,0,0,0,0,0,0,0,0,0,0,0,0,0,0,0,0,0,0,0,0,0,0,0,0,0,0,0,0,0,0,0,0,0,0,0,0,0,0,0,0,0,0,0,0,0,0,0,0,0,0,0,0,0,0,0,0,0,0,0,0,0,0,0,0,0,0,0,0,0,0,0,0,0,0,0,0,0,0,0,0,0,0,0,0,0,0,0,0,0,0,0,0,0,0,0,0,0,0,0,0,0,0,0,0,0,0,0,0,0,0,0,0,0,0,0,0,0,0,0,0,0,0,0,0,0,0,0,0,0,0,0,0,0,0,0,0,0,0,0,0,0,0,0,0,0,0,0,0,0,0,0,0,0,0,0,0,0,0,0,0]","Output
└─ 0 (V = 17, active): Op[5] (arity = 1)
       └─ 1 (V = 6, active): Input[6]
              └─ 3 (V = 2, inactive): Input[2]
                     └─ 7 (V = 12, inactive): Op[0] (arity = 2)
                            └─ 15 (V = 12, inactive): Op[0] (arity = 2)
                                   └─ 31 (V = 17, inactive): Op[5] (arity = 1)
                                          └─ 63 (V = 7, inactive): Input[7]
                                                 └─ 127 (V = 8, inactive): Input[8]
                                                 └─ 128 (V = 3, inactive): Input[3]
                                          └─ 64 (V = 3, inactive): Input[3]
                                                 └─ 129 (V = 2, inactive): Input[2]
                                                 └─ 130 (V = 9, inactive): Constant[0] -> 1.78804
                                   └─ 32 (V = 3, inactive): Input[3]
                                          └─ 65 (V = 2, inactive): Input[2]
                                                 └─ 131 (V = 5, inactive): Input[5]
                                                 └─ 132 (V = 6, inactive): Input[6]
                                          └─ 66 (V = 7, inactive): Input[7]
                                                 └─ 133 (V = 1, inactive): Input[1]
                                                 └─ 134 (V = 1, inactive): Input[1]
                            └─ 16 (V = 5, inactive): Input[5]
                                   └─ 33 (V = 12, inactive): Op[0] (arity = 2)
                                          └─ 67 (V = 8, inactive): Input[8]
                                                 └─ 135 (V = 9, inactive): Constant[0] -> -0.607838
                                                 └─ 136 (V = 0, inactive): Input[0]
                                          └─ 68 (V = 14, inactive): Op[2] (arity = 2)
                                                 └─ 137 (V = 7, inactive): Input[7]
                                                 └─ 138 (V = 0, inactive): Input[0]
                                   └─ 34 (V = 7, inactive): Input[7]
                                          └─ 69 (V = 14, inactive): Op[2] (arity = 2)
                                                 └─ 139 (V = 4, inactive): Input[4]
                                                 └─ 140 (V = 0, inactive): Input[0]
                                          └─ 70 (V = 0, inactive): Input[0]
                                                 └─ 141 (V = 1, inactive): Input[1]
                                                 └─ 142 (V = 1, inactive): Input[1]
                     └─ 8 (V = 8, inactive): Input[8]
                            └─ 17 (V = 16, inactive): Op[4] (arity = 1)
                                   └─ 35 (V = 2, inactive): Input[2]
                                          └─ 71 (V = 2, inactive): Input[2]
                                                 └─ 143 (V = 3, inactive): Input[3]
                                                 └─ 144 (V = 7, inactive): Input[7]
                                          └─ 72 (V = 5, inactive): Input[5]
                                                 └─ 145 (V = 6, inactive): Input[6]
                                                 └─ 146 (V = 2, inactive): Input[2]
                                   └─ 36 (V = 13, inactive): Op[1] (arity = 2)
                                          └─ 73 (V = 4, inactive): Input[4]
                                                 └─ 147 (V = 0, inactive): Input[0]
                                                 └─ 148 (V = 7, inactive): Input[7]
                                          └─ 74 (V = 4, inactive): Input[4]
                                                 └─ 149 (V = 0, inactive): Input[0]
                                                 └─ 150 (V = 0, inactive): Input[0]
                            └─ 18 (V = 17, inactive): Op[5] (arity = 1)
                                   └─ 37 (V = 16, inactive): Op[4] (arity = 1)
                                          └─ 75 (V = 6, inactive): Input[6]
                                                 └─ 151 (V = 9, inactive): Constant[0] -> 2.17342
                                                 └─ 152 (V = 6, inactive): Input[6]
                                          └─ 76 (V = 13, inactive): Op[1] (arity = 2)
                                                 └─ 153 (V = 5, inactive): Input[5]
                                                 └─ 154 (V = 9, inactive): Constant[0] -> 2.23247
                                   └─ 38 (V = 1, inactive): Input[1]
                                          └─ 77 (V = 9, inactive): Constant[0] -> -0.377813
                                                 └─ 155 (V = 5, inactive): Input[5]
                                                 └─ 156 (V = 4, inactive): Input[4]
                                          └─ 78 (V = 2, inactive): Input[2]
                                                 └─ 157 (V = 0, inactive): Input[0]
                                                 └─ 158 (V = 0, inactive): Input[0]
              └─ 4 (V = 8, inactive): Input[8]
                     └─ 9 (V = 14, inactive): Op[2] (arity = 2)
                            └─ 19 (V = 17, inactive): Op[5] (arity = 1)
                                   └─ 39 (V = 9, inactive): Constant[0] -> 5.42255
                                          └─ 79 (V = 1, inactive): Input[1]
                                                 └─ 159 (V = 6, inactive): Input[6]
                                                 └─ 160 (V = 9, inactive): Constant[0] -> 3.20454
                                          └─ 80 (V = 9, inactive): Constant[0] -> -5.26013
                                                 └─ 161 (V = 6, inactive): Input[6]
                                                 └─ 162 (V = 4, inactive): Input[4]
                                   └─ 40 (V = 14, inactive): Op[2] (arity = 2)
                                          └─ 81 (V = 0, inactive): Input[0]
                                                 └─ 163 (V = 4, inactive): Input[4]
                                                 └─ 164 (V = 1, inactive): Input[1]
                                          └─ 82 (V = 18, inactive): Op[6] (arity = 1)
                                                 └─ 165 (V = 7, inactive): Input[7]
                                                 └─ 166 (V = 1, inactive): Input[1]
                            └─ 20 (V = 9, inactive): Constant[0] -> -2.37874
                                   └─ 41 (V = 4, inactive): Input[4]
                                          └─ 83 (V = 14, inactive): Op[2] (arity = 2)
                                                 └─ 167 (V = 5, inactive): Input[5]
                                                 └─ 168 (V = 1, inactive): Input[1]
                                          └─ 84 (V = 4, inactive): Input[4]
                                                 └─ 169 (V = 7, inactive): Input[7]
                                                 └─ 170 (V = 2, inactive): Input[2]
                                   └─ 42 (V = 18, inactive): Op[6] (arity = 1)
                                          └─ 85 (V = 8, inactive): Input[8]
                                                 └─ 171 (V = 7, inactive): Input[7]
                                                 └─ 172 (V = 5, inactive): Input[5]
                                          └─ 86 (V = 8, inactive): Input[8]
                                                 └─ 173 (V = 5, inactive): Input[5]
                                                 └─ 174 (V = 9, inactive): Constant[0] -> 2.06418
                     └─ 10 (V = 5, inactive): Input[5]
                            └─ 21 (V = 14, inactive): Op[2] (arity = 2)
                                   └─ 43 (V = 16, inactive): Op[4] (arity = 1)
                                          └─ 87 (V = 18, inactive): Op[6] (arity = 1)
                                                 └─ 175 (V = 3, inactive): Input[3]
                                                 └─ 176 (V = 3, inactive): Input[3]
                                          └─ 88 (V = 15, inactive): Op[3] (arity = 2)
                                                 └─ 177 (V = 2, inactive): Input[2]
                                                 └─ 178 (V = 0, inactive): Input[0]
                                   └─ 44 (V = 18, inactive): Op[6] (arity = 1)
                                          └─ 89 (V = 19, inactive): Op[7] (arity = 1)
                                                 └─ 179 (V = 3, inactive): Input[3]
                                                 └─ 180 (V = 5, inactive): Input[5]
                                          └─ 90 (V = 9, inactive): Constant[0] -> 2.65445
                                                 └─ 181 (V = 3, inactive): Input[3]
                                                 └─ 182 (V = 3, inactive): Input[3]
                            └─ 22 (V = 15, inactive): Op[3] (arity = 2)
                                   └─ 45 (V = 14, inactive): Op[2] (arity = 2)
                                          └─ 91 (V = 19, inactive): Op[7] (arity = 1)
                                                 └─ 183 (V = 5, inactive): Input[5]
                                                 └─ 184 (V = 5, inactive): Input[5]
                                          └─ 92 (V = 16, inactive): Op[4] (arity = 1)
                                                 └─ 185 (V = 7, inactive): Input[7]
                                                 └─ 186 (V = 5, inactive): Input[5]
                                   └─ 46 (V = 19, inactive): Op[7] (arity = 1)
                                          └─ 93 (V = 2, inactive): Input[2]
                                                 └─ 187 (V = 6, inactive): Input[6]
                                                 └─ 188 (V = 8, inactive): Input[8]
                                          └─ 94 (V = 3, inactive): Input[3]
                                                 └─ 189 (V = 6, inactive): Input[6]
                                                 └─ 190 (V = 9, inactive): Constant[0] -> 2.44991
       └─ 2 (V = 18, inactive): Op[6] (arity = 1)
              └─ 5 (V = 5, inactive): Input[5]
                     └─ 11 (V = 16, inactive): Op[4] (arity = 1)
                            └─ 23 (V = 6, inactive): Input[6]
                                   └─ 47 (V = 6, inactive): Input[6]
                                          └─ 95 (V = 19, inactive): Op[7] (arity = 1)
                                                 └─ 191 (V = 9, inactive): Constant[0] -> 0.725836
                                                 └─ 192 (V = 9, inactive): Constant[0] -> 4.04878
                                          └─ 96 (V = 3, inactive): Input[3]
                                                 └─ 193 (V = 6, inactive): Input[6]
                                                 └─ 194 (V = 1, inactive): Input[1]
                                   └─ 48 (V = 12, inactive): Op[0] (arity = 2)
                                          └─ 97 (V = 12, inactive): Op[0] (arity = 2)
                                                 └─ 195 (V = 7, inactive): Input[7]
                                                 └─ 196 (V = 8, inactive): Input[8]
                                          └─ 98 (V = 4, inactive): Input[4]
                                                 └─ 197 (V = 6, inactive): Input[6]
                                                 └─ 198 (V = 8, inactive): Input[8]
                            └─ 24 (V = 0, inactive): Input[0]
                                   └─ 49 (V = 6, inactive): Input[6]
                                          └─ 99 (V = 0, inactive): Input[0]
                                                 └─ 199 (V = 5, inactive): Input[5]
                                                 └─ 200 (V = 2, inactive): Input[2]
                                          └─ 100 (V = 5, inactive): Input[5]
                                                 └─ 201 (V = 6, inactive): Input[6]
                                                 └─ 202 (V = 3, inactive): Input[3]
                                   └─ 50 (V = 3, inactive): Input[3]
                                          └─ 101 (V = 12, inactive): Op[0] (arity = 2)
                                                 └─ 203 (V = 9, inactive): Constant[0] -> -4.99532
                                                 └─ 204 (V = 7, inactive): Input[7]
                                          └─ 102 (V = 6, inactive): Input[6]
                                                 └─ 205 (V = 1, inactive): Input[1]
                                                 └─ 206 (V = 5, inactive): Input[5]
                     └─ 12 (V = 13, inactive): Op[1] (arity = 2)
                            └─ 25 (V = 1, inactive): Input[1]
                                   └─ 51 (V = 2, inactive): Input[2]
                                          └─ 103 (V = 6, inactive): Input[6]
                                                 └─ 207 (V = 3, inactive): Input[3]
                                                 └─ 208 (V = 6, inactive): Input[6]
                                          └─ 104 (V = 7, inactive): Input[7]
                                                 └─ 209 (V = 8, inactive): Input[8]
                                                 └─ 210 (V = 2, inactive): Input[2]
                                   └─ 52 (V = 0, inactive): Input[0]
                                          └─ 105 (V = 3, inactive): Input[3]
                                                 └─ 211 (V = 8, inactive): Input[8]
                                                 └─ 212 (V = 7, inactive): Input[7]
                                          └─ 106 (V = 1, inactive): Input[1]
                                                 └─ 213 (V = 3, inactive): Input[3]
                                                 └─ 214 (V = 2, inactive): Input[2]
                            └─ 26 (V = 1, inactive): Input[1]
                                   └─ 53 (V = 14, inactive): Op[2] (arity = 2)
                                          └─ 107 (V = 19, inactive): Op[7] (arity = 1)
                                                 └─ 215 (V = 5, inactive): Input[5]
                                                 └─ 216 (V = 4, inactive): Input[4]
                                          └─ 108 (V = 16, inactive): Op[4] (arity = 1)
                                                 └─ 217 (V = 6, inactive): Input[6]
                                                 └─ 218 (V = 4, inactive): Input[4]
                                   └─ 54 (V = 15, inactive): Op[3] (arity = 2)
                                          └─ 109 (V = 18, inactive): Op[6] (arity = 1)
                                                 └─ 219 (V = 7, inactive): Input[7]
                                                 └─ 220 (V = 0, inactive): Input[0]
                                          └─ 110 (V = 12, inactive): Op[0] (arity = 2)
                                                 └─ 221 (V = 0, inactive): Input[0]
                                                 └─ 222 (V = 2, inactive): Input[2]
              └─ 6 (V = 4, inactive): Input[4]
                     └─ 13 (V = 6, inactive): Input[6]
                            └─ 27 (V = 5, inactive): Input[5]
                                   └─ 55 (V = 13, inactive): Op[1] (arity = 2)
                                          └─ 111 (V = 4, inactive): Input[4]
                                                 └─ 223 (V = 8, inactive): Input[8]
                                                 └─ 224 (V = 4, inactive): Input[4]
                                          └─ 112 (V = 16, inactive): Op[4] (arity = 1)
                                                 └─ 225 (V = 6, inactive): Input[6]
                                                 └─ 226 (V = 4, inactive): Input[4]
                                   └─ 56 (V = 9, inactive): Constant[0] -> 3.65999
                                          └─ 113 (V = 15, inactive): Op[3] (arity = 2)
                                                 └─ 227 (V = 6, inactive): Input[6]
                                                 └─ 228 (V = 2, inactive): Input[2]
                                          └─ 114 (V = 12, inactive): Op[0] (arity = 2)
                                                 └─ 229 (V = 3, inactive): Input[3]
                                                 └─ 230 (V = 5, inactive): Input[5]
                            └─ 28 (V = 4, inactive): Input[4]
                                   └─ 57 (V = 8, inactive): Input[8]
                                          └─ 115 (V = 0, inactive): Input[0]
                                                 └─ 231 (V = 4, inactive): Input[4]
                                                 └─ 232 (V = 6, inactive): Input[6]
                                          └─ 116 (V = 12, inactive): Op[0] (arity = 2)
                                                 └─ 233 (V = 5, inactive): Input[5]
                                                 └─ 234 (V = 6, inactive): Input[6]
                                   └─ 58 (V = 19, inactive): Op[7] (arity = 1)
                                          └─ 117 (V = 14, inactive): Op[2] (arity = 2)
                                                 └─ 235 (V = 3, inactive): Input[3]
                                                 └─ 236 (V = 8, inactive): Input[8]
                                          └─ 118 (V = 0, inactive): Input[0]
                                                 └─ 237 (V = 6, inactive): Input[6]
                                                 └─ 238 (V = 2, inactive): Input[2]
                     └─ 14 (V = 12, inactive): Op[0] (arity = 2)
                            └─ 29 (V = 18, inactive): Op[6] (arity = 1)
                                   └─ 59 (V = 15, inactive): Op[3] (arity = 2)
                                          └─ 119 (V = 12, inactive): Op[0] (arity = 2)
                                                 └─ 239 (V = 9, inactive): Constant[0] -> 4.47993
                                                 └─ 240 (V = 1, inactive): Input[1]
                                          └─ 120 (V = 5, inactive): Input[5]
                                                 └─ 241 (V = 3, inactive): Input[3]
                                                 └─ 242 (V = 7, inactive): Input[7]
                                   └─ 60 (V = 1, inactive): Input[1]
                                          └─ 121 (V = 2, inactive): Input[2]
                                                 └─ 243 (V = 0, inactive): Input[0]
                                                 └─ 244 (V = 5, inactive): Input[5]
                                          └─ 122 (V = 17, inactive): Op[5] (arity = 1)
                                                 └─ 245 (V = 4, inactive): Input[4]
                                                 └─ 246 (V = 4, inactive): Input[4]
                            └─ 30 (V = 0, inactive): Input[0]
                                   └─ 61 (V = 18, inactive): Op[6] (arity = 1)
                                          └─ 123 (V = 5, inactive): Input[5]
                                                 └─ 247 (V = 2, inactive): Input[2]
                                                 └─ 248 (V = 6, inactive): Input[6]
                                          └─ 124 (V = 19, inactive): Op[7] (arity = 1)
                                                 └─ 249 (V = 3, inactive): Input[3]
                                                 └─ 250 (V = 7, inactive): Input[7]
                                   └─ 62 (V = 8, inactive): Input[8]
                                          └─ 125 (V = 18, inactive): Op[6] (arity = 1)
                                                 └─ 251 (V = 9, inactive): Constant[0] -> 4.86376
                                                 └─ 252 (V = 7, inactive): Input[7]
                                          └─ 126 (V = 5, inactive): Input[5]
                                                 └─ 253 (V = 7, inactive): Input[7]
                                                 └─ 254 (V = 2, inactive): Input[2]
",cos(x6),3.90302,[3.90302],0,
Running,17383,0,0.5612533199999999,0.428880473,0.132372847,1024,1,modular_1,single_kernel_inplace,1024,666,9,2,7,modular,0,0,3324115916,4.1594454033974815,3324115916,"[13,15,11,11,5,0,14,14,14,5,9,1,16,14,11,10,14,15,2,15,11,10,15,11,11,14,10,9,13,13,13,3,0,10,9,15,16,0,8,15,16,14,15,10,10,15,10,7,16,11,8,17,17,16,10,10,16,13,16,4,14,14,13,11,16,12,14,6,14,5,16,12,6,4,8,10,11,10,0,13,11,7,3,15,14,8,11,12,17,14,13,6,15,16,7,15,13,3,10,16,7,8,11,16,11,17,13,13,16,14,17,14,16,11,15,10,11,0,5,8,16,4,16,17,3,15,7,6,0,9,6,3,4,7,9,1,4,5,4,8,5,4,7,8,0,5,8,5,1,1,4,7,9,9,1,4,1,7,7,2,0,5,2,5,0,3,3,0,1,7,0,0,8,8,6,9,3,2,0,3,1,1,0,6,0,2,7,1,9,2,0,7,2,4,0,7,1,1,8,7,0,8,3,7,8,4,2,6,4,5,8,0,7,6,7,9,0,1,4,5,2,7,5,8,8,7,7,0,7,7,6,4,5,6,6,3,4,5,9,4,8,6,8,5,7,8,4,3,1,6,5,3,9,6,2]","[1,1,1,1,0,1,1,1,1,0,0,0,0,1,0,1,0,1,0,0,0,0,0,0,0,0,0,1,0,0,0,1,1,0,0,1,0,0,0,0,0,0,0,0,0,0,0,0,0,0,0,0,0,0,0,0,0,0,0,0,0,0,0,0,0,0,0,0,0,0,0,1,0,0,0,0,0,0,0,0,0,0,0,0,0,0,0,0,0,0,0,0,0,0,0,0,0,0,0,0,0,0,0,0,0,0,0,0,0,0,0,0,0,0,0,0,0,0,0,0,0,0,0,0,0,0,0,0,0,0,0,0,0,0,0,0,0,0,0,0,0,0,0,1,1,0,0,0,0,0,0,0,0,0,0,0,0,0,0,0,0,0,0,0,0,0,0,0,0,0,0,0,0,0,0,0,0,0,0,0,0,0,0,0,0,0,0,0,0,0,0,0,0,0,0,0,0,0,0,0,0,0,0,0,0,0,0,0,0,0,0,0,0,0,0,0,0,0,0,0,0,0,0,0,0,0,0,0,0,0,0,0,0,0,0,0,0,0,0,0,0,0,0,0,0,0,0,0,0,0,0,0,0,0,0]","[-0.13149,-1.78398,1.58807,2.51276,-1.77762,-5.07086,-2.79737,-5.71417,-1.99318,5.87658,-1.3715,-3.10145,-1.60334,2.01834,3.68043,-2.03274,-4.83086,3.18173,-4.52755,2.16584,1.12587,-5.43676,-1.0081,-2.36844,-6.02224,-3.40861,5.80137,-0.698009,2.03661,-5.03592,-2.49219,-4.26627,-1.76288,2.37498,6.01813,3.61304,5.79519,3.56235,-2.52868,-3.56277,-3.45809,0.121181,5.87914,4.75186,5.17566,3.82147,5.46115,2.74159,-4.84248,3.97655,0.649984,0.0692046,-2.48776,-3.62147,-4.23494,2.35464,3.59649,3.79684,5.48003,-1.40241,-3.81668,-1.32725,3.57894,2.15137,-4.25292,2.75414,4.01701,1.91188,3.57967,5.05367,4.83177,-4.6295,-1.88483,0.157361,-2.23247,3.18208,-4.84542,3.78367,3.02838,-4.1578,-3.6311,0.582886,2.1935,-1.84073,-3.47145,-3.89098,0.783856,3.74466,-5.42951,1.00546,2.83893,-1.30087,-5.52547,-1.74855,-5.60517,-4.34354,-0.37852,2.25894,1.25535,-1.04707,-1.33721,3.70893,1.83174,-4.53484,1.01197,-2.57859,5.97209,-2.38926,4.72545,3.48793,-5.11983,-5.81372,-5.93849,-2.65188,-6.00806,5.61999,5.46905,5.83031,-0.61507,5.12406,-5.64227,-4.44475,-4.21174,3.77967,0.232908,-3.91012,-5.57132,-5.61765,0.896201,-1.639,-3.54258,-4.57008,-3.5538,4.19386,5.4385,-3.8167,5.9995,5.96694,2.95041,4.6892,-4.57231,5.69626,5.12845,-1.60173,-3.80786,3.34598,-4.82215,5.5513,5.83119,4.20845,4.29056,0.909272,-2.41654,5.21189,5.55208,3.23414,4.37926,-1.33253,-5.24971,-3.57286,6.02087,1.3715,-0.67605,-0.838193,3.87928,-2.99424,-4.81374,0.722693,5.10751,0.301237,-0.418781,0.23941,-1.58343,-4.45719,-2.0052,4.57483,1.37418,2.6818,5.68263,-0.842801,-2.66398,-4.70743,-2.03197,1.82924,3.37832,4.71686,0.537266,-2.71621,0.228177,-4.25327,-5.36381,5.69433,-4.43495,3.75207,-4.5363,-4.09078,-3.68095,5.10686,4.13858,-3.72041,0.921531,1.94803,5.63298,-3.60936,1.40647,2.7955,-4.32067,-3.45799,5.34979,0.133856,5.71703,4.93931,2.65606,5.83891,3.36848,-1.96627,4.95829,5.27529,5.61943,-4.17397,1.66477,3.12056,-2.15502,5.69908,-5.74568,2.58423,-5.55015,-1.09193,0.58074,-1.78846,-5.48817,5.49499,-5.13849,-2.23717,1.43178,3.51479,5.8348,2.31538,4.18876,-1.45326,1.19917,-2.6422,-0.592916,2.85494,-4.57474,-4.18734,-3.57733,5.52561,5.18565,1.02828,-3.26188,-4.13934,-1.13514,-4.00023,-3.81598]","[0,0,0,0,0,0,0,0,0,0,0,0,0,0,0,0,0,0,0,0,0,0,0,0,0,0,0,1,0,0,0,0,0,0,0,0,0,0,0,0,0,0,0,0,0,0,0,0,0,0,0,0,0,0,0,0,0,0,0,0,0,0,0,0,0,0,0,0,0,0,0,0,0,0,0,0,0,0,0,0,0,0,0,0,0,0,0,0,0,0,0,0,0,0,0,0,0,0,0,0,0,0,0,0,0,0,0,0,0,0,0,0,0,0,0,0,0,0,0,0,0,0,0,0,0,0,0,0,0,0,0,0,0,0,0,0,0,0,0,0,0,0,0,0,0,0,0,0,0,0,0,0,0,0,0,0,0,0,0,0,0,0,0,0,0,0,0,0,0,0,0,0,0,0,0,0,0,0,0,0,0,0,0,0,0,0,0,0,0,0,0,0,0,0,0,0,0,0,0,0,0,0,0,0,0,0,0,0,0,0,0,0,0,0,0,0,0,0,0,0,0,0,0,0,0,0,0,0,0,0,0,0,0,0,0,0,0,0,0,0,0,0,0,0,0,0,0,0,0,0,0,0,0,0,0]","Output
└─ 0 (V = 15, active): Op[3] (arity = 2)
       └─ 1 (V = 17, active): Op[5] (arity = 1)
              └─ 3 (V = 13, active): Op[1] (arity = 2)
                     └─ 7 (V = 16, active): Op[4] (arity = 1)
                            └─ 15 (V = 12, active): Op[0] (arity = 2)
                                   └─ 31 (V = 3, active): Input[3]
                                          └─ 63 (V = 13, inactive): Op[1] (arity = 2)
                                                 └─ 127 (V = 6, inactive): Input[6]
                                                 └─ 128 (V = 0, inactive): Input[0]
                                          └─ 64 (V = 18, inactive): Op[6] (arity = 1)
                                                 └─ 129 (V = 9, inactive): Constant[0] -> -1.639
                                                 └─ 130 (V = 6, inactive): Input[6]
                                   └─ 32 (V = 0, active): Input[0]
                                          └─ 65 (V = 14, inactive): Op[2] (arity = 2)
                                                 └─ 131 (V = 3, inactive): Input[3]
                                                 └─ 132 (V = 4, inactive): Input[4]
                                          └─ 66 (V = 16, inactive): Op[4] (arity = 1)
                                                 └─ 133 (V = 7, inactive): Input[7]
                                                 └─ 134 (V = 9, inactive): Constant[0] -> 5.4385
                            └─ 16 (V = 16, inactive): Op[4] (arity = 1)
                                   └─ 33 (V = 12, inactive): Op[0] (arity = 2)
                                          └─ 67 (V = 6, inactive): Input[6]
                                                 └─ 135 (V = 1, inactive): Input[1]
                                                 └─ 136 (V = 4, inactive): Input[4]
                                          └─ 68 (V = 16, inactive): Op[4] (arity = 1)
                                                 └─ 137 (V = 5, inactive): Input[5]
                                                 └─ 138 (V = 4, inactive): Input[4]
                                   └─ 34 (V = 9, inactive): Constant[0] -> 6.01813
                                          └─ 69 (V = 5, inactive): Input[5]
                                                 └─ 139 (V = 8, inactive): Input[8]
                                                 └─ 140 (V = 5, inactive): Input[5]
                                          └─ 70 (V = 18, inactive): Op[6] (arity = 1)
                                                 └─ 141 (V = 4, inactive): Input[4]
                                                 └─ 142 (V = 7, inactive): Input[7]
                     └─ 8 (V = 16, active): Op[4] (arity = 1)
                            └─ 17 (V = 17, active): Op[5] (arity = 1)
                                   └─ 35 (V = 17, active): Op[5] (arity = 1)
                                          └─ 71 (V = 14, active): Op[2] (arity = 2)
                                                 └─ 143 (V = 8, active): Input[8]
                                                 └─ 144 (V = 0, active): Input[0]
                                          └─ 72 (V = 6, inactive): Input[6]
                                                 └─ 145 (V = 5, inactive): Input[5]
                                                 └─ 146 (V = 8, inactive): Input[8]
                                   └─ 36 (V = 18, inactive): Op[6] (arity = 1)
                                          └─ 73 (V = 4, inactive): Input[4]
                                                 └─ 147 (V = 5, inactive): Input[5]
                                                 └─ 148 (V = 1, inactive): Input[1]
                                          └─ 74 (V = 8, inactive): Input[8]
                                                 └─ 149 (V = 1, inactive): Input[1]
                                                 └─ 150 (V = 4, inactive): Input[4]
                            └─ 18 (V = 2, inactive): Input[2]
                                   └─ 37 (V = 0, inactive): Input[0]
                                          └─ 75 (V = 12, inactive): Op[0] (arity = 2)
                                                 └─ 151 (V = 7, inactive): Input[7]
                                                 └─ 152 (V = 9, inactive): Constant[0] -> -2.41654
                                          └─ 76 (V = 13, inactive): Op[1] (arity = 2)
                                                 └─ 153 (V = 9, inactive): Constant[0] -> 5.21189
                                                 └─ 154 (V = 1, inactive): Input[1]
                                   └─ 38 (V = 8, inactive): Input[8]
                                          └─ 77 (V = 12, inactive): Op[0] (arity = 2)
                                                 └─ 155 (V = 4, inactive): Input[4]
                                                 └─ 156 (V = 1, inactive): Input[1]
                                          └─ 78 (V = 0, inactive): Input[0]
                                                 └─ 157 (V = 7, inactive): Input[7]
                                                 └─ 158 (V = 7, inactive): Input[7]
              └─ 4 (V = 5, inactive): Input[5]
                     └─ 9 (V = 5, inactive): Input[5]
                            └─ 19 (V = 17, inactive): Op[5] (arity = 1)
                                   └─ 39 (V = 17, inactive): Op[5] (arity = 1)
                                          └─ 79 (V = 15, inactive): Op[3] (arity = 2)
                                                 └─ 159 (V = 2, inactive): Input[2]
                                                 └─ 160 (V = 0, inactive): Input[0]
                                          └─ 80 (V = 13, inactive): Op[1] (arity = 2)
                                                 └─ 161 (V = 5, inactive): Input[5]
                                                 └─ 162 (V = 2, inactive): Input[2]
                                   └─ 40 (V = 18, inactive): Op[6] (arity = 1)
                                          └─ 81 (V = 7, inactive): Input[7]
                                                 └─ 163 (V = 5, inactive): Input[5]
                                                 └─ 164 (V = 0, inactive): Input[0]
                                          └─ 82 (V = 3, inactive): Input[3]
                                                 └─ 165 (V = 3, inactive): Input[3]
                                                 └─ 166 (V = 3, inactive): Input[3]
                            └─ 20 (V = 13, inactive): Op[1] (arity = 2)
                                   └─ 41 (V = 16, inactive): Op[4] (arity = 1)
                                          └─ 83 (V = 17, inactive): Op[5] (arity = 1)
                                                 └─ 167 (V = 0, inactive): Input[0]
                                                 └─ 168 (V = 1, inactive): Input[1]
                                          └─ 84 (V = 16, inactive): Op[4] (arity = 1)
                                                 └─ 169 (V = 7, inactive): Input[7]
                                                 └─ 170 (V = 0, inactive): Input[0]
                                   └─ 42 (V = 17, inactive): Op[5] (arity = 1)
                                          └─ 85 (V = 8, inactive): Input[8]
                                                 └─ 171 (V = 0, inactive): Input[0]
                                                 └─ 172 (V = 8, inactive): Input[8]
                                          └─ 86 (V = 13, inactive): Op[1] (arity = 2)
                                                 └─ 173 (V = 8, inactive): Input[8]
                                                 └─ 174 (V = 6, inactive): Input[6]
                     └─ 10 (V = 9, inactive): Constant[0] -> -1.3715
                            └─ 21 (V = 12, inactive): Op[0] (arity = 2)
                                   └─ 43 (V = 12, inactive): Op[0] (arity = 2)
                                          └─ 87 (V = 14, inactive): Op[2] (arity = 2)
                                                 └─ 175 (V = 9, inactive): Constant[0] -> 4.57483
                                                 └─ 176 (V = 3, inactive): Input[3]
                                          └─ 88 (V = 19, inactive): Op[7] (arity = 1)
                                                 └─ 177 (V = 2, inactive): Input[2]
                                                 └─ 178 (V = 0, inactive): Input[0]
                                   └─ 44 (V = 12, inactive): Op[0] (arity = 2)
                                          └─ 89 (V = 16, inactive): Op[4] (arity = 1)
                                                 └─ 179 (V = 3, inactive): Input[3]
                                                 └─ 180 (V = 1, inactive): Input[1]
                                          └─ 90 (V = 15, inactive): Op[3] (arity = 2)
                                                 └─ 181 (V = 1, inactive): Input[1]
                                                 └─ 182 (V = 0, inactive): Input[0]
                            └─ 22 (V = 17, inactive): Op[5] (arity = 1)
                                   └─ 45 (V = 17, inactive): Op[5] (arity = 1)
                                          └─ 91 (V = 6, inactive): Input[6]
                                                 └─ 183 (V = 6, inactive): Input[6]
                                                 └─ 184 (V = 0, inactive): Input[0]
                                          └─ 92 (V = 17, inactive): Op[5] (arity = 1)
                                                 └─ 185 (V = 2, inactive): Input[2]
                                                 └─ 186 (V = 7, inactive): Input[7]
                                   └─ 46 (V = 12, inactive): Op[0] (arity = 2)
                                          └─ 93 (V = 18, inactive): Op[6] (arity = 1)
                                                 └─ 187 (V = 1, inactive): Input[1]
                                                 └─ 188 (V = 9, inactive): Constant[0] -> 0.228177
                                          └─ 94 (V = 7, inactive): Input[7]
                                                 └─ 189 (V = 2, inactive): Input[2]
                                                 └─ 190 (V = 0, inactive): Input[0]
       └─ 2 (V = 13, active): Op[1] (arity = 2)
              └─ 5 (V = 0, active): Input[0]
                     └─ 11 (V = 1, inactive): Input[1]
                            └─ 23 (V = 13, inactive): Op[1] (arity = 2)
                                   └─ 47 (V = 7, inactive): Input[7]
                                          └─ 95 (V = 17, inactive): Op[5] (arity = 1)
                                                 └─ 191 (V = 7, inactive): Input[7]
                                                 └─ 192 (V = 2, inactive): Input[2]
                                          └─ 96 (V = 15, inactive): Op[3] (arity = 2)
                                                 └─ 193 (V = 4, inactive): Input[4]
                                                 └─ 194 (V = 0, inactive): Input[0]
                                   └─ 48 (V = 18, inactive): Op[6] (arity = 1)
                                          └─ 97 (V = 3, inactive): Input[3]
                                                 └─ 195 (V = 7, inactive): Input[7]
                                                 └─ 196 (V = 1, inactive): Input[1]
                                          └─ 98 (V = 12, inactive): Op[0] (arity = 2)
                                                 └─ 197 (V = 1, inactive): Input[1]
                                                 └─ 198 (V = 8, inactive): Input[8]
                            └─ 24 (V = 13, inactive): Op[1] (arity = 2)
                                   └─ 49 (V = 13, inactive): Op[1] (arity = 2)
                                          └─ 99 (V = 18, inactive): Op[6] (arity = 1)
                                                 └─ 199 (V = 7, inactive): Input[7]
                                                 └─ 200 (V = 0, inactive): Input[0]
                                          └─ 100 (V = 7, inactive): Input[7]
                                                 └─ 201 (V = 8, inactive): Input[8]
                                                 └─ 202 (V = 3, inactive): Input[3]
                                   └─ 50 (V = 8, inactive): Input[8]
                                          └─ 101 (V = 8, inactive): Input[8]
                                                 └─ 203 (V = 7, inactive): Input[7]
                                                 └─ 204 (V = 8, inactive): Input[8]
                                          └─ 102 (V = 13, inactive): Op[1] (arity = 2)
                                                 └─ 205 (V = 4, inactive): Input[4]
                                                 └─ 206 (V = 2, inactive): Input[2]
                     └─ 12 (V = 18, inactive): Op[6] (arity = 1)
                            └─ 25 (V = 16, inactive): Op[4] (arity = 1)
                                   └─ 51 (V = 19, inactive): Op[7] (arity = 1)
                                          └─ 103 (V = 18, inactive): Op[6] (arity = 1)
                                                 └─ 207 (V = 6, inactive): Input[6]
                                                 └─ 208 (V = 4, inactive): Input[4]
                                          └─ 104 (V = 13, inactive): Op[1] (arity = 2)
                                                 └─ 209 (V = 5, inactive): Input[5]
                                                 └─ 210 (V = 8, inactive): Input[8]
                                   └─ 52 (V = 19, inactive): Op[7] (arity = 1)
                                          └─ 105 (V = 19, inactive): Op[7] (arity = 1)
                                                 └─ 211 (V = 0, inactive): Input[0]
                                                 └─ 212 (V = 7, inactive): Input[7]
                                          └─ 106 (V = 15, inactive): Op[3] (arity = 2)
                                                 └─ 213 (V = 6, inactive): Input[6]
                                                 └─ 214 (V = 7, inactive): Input[7]
                            └─ 26 (V = 12, inactive): Op[0] (arity = 2)
                                   └─ 53 (V = 18, inactive): Op[6] (arity = 1)
                                          └─ 107 (V = 15, inactive): Op[3] (arity = 2)
                                                 └─ 215 (V = 9, inactive): Constant[0] -> -1.96627
                                                 └─ 216 (V = 0, inactive): Input[0]
                                          └─ 108 (V = 18, inactive): Op[6] (arity = 1)
                                                 └─ 217 (V = 1, inactive): Input[1]
                                                 └─ 218 (V = 4, inactive): Input[4]
                                   └─ 54 (V = 12, inactive): Op[0] (arity = 2)
                                          └─ 109 (V = 16, inactive): Op[4] (arity = 1)
                                                 └─ 219 (V = 5, inactive): Input[5]
                                                 └─ 220 (V = 2, inactive): Input[2]
                                          └─ 110 (V = 19, inactive): Op[7] (arity = 1)
                                                 └─ 221 (V = 7, inactive): Input[7]
                                                 └─ 222 (V = 5, inactive): Input[5]
              └─ 6 (V = 16, active): Op[4] (arity = 1)
                     └─ 13 (V = 16, active): Op[4] (arity = 1)
                            └─ 27 (V = 9, active): Constant[0] -> -0.698009
                                   └─ 55 (V = 12, inactive): Op[0] (arity = 2)
                                          └─ 111 (V = 16, inactive): Op[4] (arity = 1)
                                                 └─ 223 (V = 8, inactive): Input[8]
                                                 └─ 224 (V = 8, inactive): Input[8]
                                          └─ 112 (V = 18, inactive): Op[6] (arity = 1)
                                                 └─ 225 (V = 7, inactive): Input[7]
                                                 └─ 226 (V = 7, inactive): Input[7]
                                   └─ 56 (V = 18, inactive): Op[6] (arity = 1)
                                          └─ 113 (V = 13, inactive): Op[1] (arity = 2)
                                                 └─ 227 (V = 0, inactive): Input[0]
                                                 └─ 228 (V = 7, inactive): Input[7]
                                          └─ 114 (V = 17, inactive): Op[5] (arity = 1)
                                                 └─ 229 (V = 7, inactive): Input[7]
                                                 └─ 230 (V = 6, inactive): Input[6]
                            └─ 28 (V = 15, inactive): Op[3] (arity = 2)
                                   └─ 57 (V = 15, inactive): Op[3] (arity = 2)
                                          └─ 115 (V = 12, inactive): Op[0] (arity = 2)
                                                 └─ 231 (V = 4, inactive): Input[4]
                                                 └─ 232 (V = 5, inactive): Input[5]
                                          └─ 116 (V = 13, inactive): Op[1] (arity = 2)
                                                 └─ 233 (V = 6, inactive): Input[6]
                                                 └─ 234 (V = 6, inactive): Input[6]
                                   └─ 58 (V = 18, inactive): Op[6] (arity = 1)
                                          └─ 117 (V = 0, inactive): Input[0]
                                                 └─ 235 (V = 3, inactive): Input[3]
                                                 └─ 236 (V = 4, inactive): Input[4]
                                          └─ 118 (V = 5, inactive): Input[5]
                                                 └─ 237 (V = 5, inactive): Input[5]
                                                 └─ 238 (V = 9, inactive): Constant[0] -> 4.18876
                     └─ 14 (V = 13, inactive): Op[1] (arity = 2)
                            └─ 29 (V = 15, inactive): Op[3] (arity = 2)
                                   └─ 59 (V = 4, inactive): Input[4]
                                          └─ 119 (V = 8, inactive): Input[8]
                                                 └─ 239 (V = 4, inactive): Input[4]
                                                 └─ 240 (V = 8, inactive): Input[8]
                                          └─ 120 (V = 18, inactive): Op[6] (arity = 1)
                                                 └─ 241 (V = 6, inactive): Input[6]
                                                 └─ 242 (V = 8, inactive): Input[8]
                                   └─ 60 (V = 16, inactive): Op[4] (arity = 1)
                                          └─ 121 (V = 4, inactive): Input[4]
                                                 └─ 243 (V = 5, inactive): Input[5]
                                                 └─ 244 (V = 7, inactive): Input[7]
                                          └─ 122 (V = 18, inactive): Op[6] (arity = 1)
                                                 └─ 245 (V = 8, inactive): Input[8]
                                                 └─ 246 (V = 4, inactive): Input[4]
                            └─ 30 (V = 15, inactive): Op[3] (arity = 2)
                                   └─ 61 (V = 16, inactive): Op[4] (arity = 1)
                                          └─ 123 (V = 19, inactive): Op[7] (arity = 1)
                                                 └─ 247 (V = 3, inactive): Input[3]
                                                 └─ 248 (V = 1, inactive): Input[1]
                                          └─ 124 (V = 3, inactive): Input[3]
                                                 └─ 249 (V = 6, inactive): Input[6]
                                                 └─ 250 (V = 5, inactive): Input[5]
                                   └─ 62 (V = 15, inactive): Op[3] (arity = 2)
                                          └─ 125 (V = 17, inactive): Op[5] (arity = 1)
                                                 └─ 251 (V = 3, inactive): Input[3]
                                                 └─ 252 (V = 9, inactive): Constant[0] -> -1.13514
                                          └─ 126 (V = 7, inactive): Input[7]
                                                 └─ 253 (V = 6, inactive): Input[6]
                                                 └─ 254 (V = 2, inactive): Input[2]
",(cos((sin((x3 + x0)) - sin(cos(cos((x8 * x0)))))) / (x0 - sin(sin(-0.698008810441471)))),3.74496,[3.74496],0,
Running,26984,1,0.970540506,0.773994347,0.196546159,1024,2,modular_1,single_kernel_inplace,1024,666,9,2,7,modular,0,0,3324115916,4.1594454033974815,3324115916,"[15,11,11,14,11,5,1,11,17,0,15,17,12,10,9,17,15,1,15,10,5,1,2,16,15,17,13,15,11,14,15,15,17,16,5,12,12,7,17,2,11,12,15,8,6,3,10,16,10,15,15,7,9,11,13,0,2,14,11,3,11,13,10,15,14,11,14,17,14,3,13,7,16,15,14,14,7,3,0,10,10,15,15,14,13,14,16,10,13,3,11,2,17,17,14,17,14,0,14,10,4,15,11,7,1,12,12,3,0,17,10,17,13,16,6,10,13,1,16,13,1,12,3,14,16,15,8,4,2,0,1,8,9,3,0,0,1,4,5,1,3,5,8,3,5,8,5,4,7,1,7,7,6,3,2,5,2,1,3,6,9,9,3,1,4,7,2,0,6,6,6,1,4,9,9,4,7,1,4,9,6,6,0,1,0,1,3,1,9,6,1,5,5,8,8,8,5,1,7,1,7,5,5,6,3,8,5,8,7,8,2,9,0,6,4,9,7,4,9,8,8,9,0,1,2,2,3,6,4,7,6,9,3,9,7,7,6,6,3,9,9,5,0,3,7,5,8,9,8,5,8,9,6,2,5]","[1,1,0,1,1,0,0,1,0,1,1,0,0,0,0,1,1,0,0,0,0,1,0,0,0,0,0,0,0,0,0,1,0,1,0,0,0,0,0,0,0,0,0,0,0,0,0,0,0,0,0,0,0,0,0,0,0,0,0,0,0,0,0,1,0,0,0,1,0,0,0,0,0,0,0,0,0,0,0,0,0,0,0,0,0,0,0,0,0,0,0,0,0,0,0,0,0,0,0,0,0,0,0,0,0,0,0,0,0,0,0,0,0,0,0,0,0,0,0,0,0,0,0,0,0,0,0,1,0,0,0,0,0,0,0,1,0,0,0,0,0,0,0,0,0,0,0,0,0,0,0,0,0,0,0,0,0,0,0,0,0,0,0,0,0,0,0,0,0,0,0,0,0,0,0,0,0,0,0,0,0,0,0,0,0,0,0,0,0,0,0,0,0,0,0,0,0,0,0,0,0,0,0,0,0,0,0,0,0,0,0,0,0,0,0,0,0,0,0,0,0,0,0,0,0,0,0,0,0,0,0,0,0,0,0,0,0,0,0,0,0,0,0,0,0,0,0,0,0,0,0,0,0,0,0]","[3.8887,-0.845788,2.88572,1.61602,0.975812,0.455551,-0.807149,-3.42868,-4.17217,-2.15091,-0.612813,2.77394,0.792944,5.06492,5.55402,1.47189,1.67248,-1.84163,-0.389244,-3.24534,0.796837,-0.254948,0.915845,-5.32099,-4.928,-1.21295,-2.57949,4.05255,5.8794,3.3728,1.39182,2.10562,5.86984,5.70605,-3.11751,-4.40029,0.349299,0.614206,1.31629,1.59486,0.247502,0.4093,3.12819,-2.64225,-0.359187,4.12478,5.46115,4.64917,1.20581,-3.62617,-3.47206,-2.21548,-1.53305,-3.8597,3.73284,-0.0395304,4.76284,4.17243,-5.58912,3.90349,2.68699,5.92787,5.48287,4.27462,3.08506,-3.62971,1.09103,-5.0336,5.94712,-2.831,-5.31836,-2.4587,-3.42659,-2.63072,-1.34923,5.52286,3.61372,4.74046,2.48426,4.09723,-3.71345,1.33227,-4.15653,-1.99713,-2.98104,5.42584,-1.45425,-0.795622,-4.01638,0.116423,-3.88353,4.81151,-0.464551,1.16879,-1.86644,4.64574,1.98715,-3.29383,-1.83508,4.87649,-3.03048,3.79476,-5.03678,-2.53208,5.65149,-5.46833,-5.18048,1.80346,1.53205,5.31139,-1.15381,0.589698,-1.01653,-0.318243,4.78609,-4.48797,0.476281,5.74995,-5.15324,2.37006,4.12718,-3.73404,-3.59913,4.39419,5.7464,-4.85815,3.90704,-1.86714,-5.13747,-1.0756,-1.0528,-4.28427,2.70843,-1.92434,2.80233,-2.49469,2.61946,3.70677,-2.32714,1.33367,-2.67302,-4.06999,-5.05393,-2.32592,4.22138,4.95225,-4.67867,0.742144,3.54876,-1.77599,5.74865,-0.381377,-1.26837,-3.87606,0.215443,-1.59092,-0.326886,0.679596,4.08712,-4.25358,-3.7923,3.86765,2.47533,4.81005,-0.270447,5.09741,3.45807,1.87008,-1.96934,-2.08167,-0.126962,-5.78833,-4.59247,0.696689,-3.83472,4.59365,-2.72995,-0.131992,2.72098,-5.08638,-1.38012,-5.41951,4.47262,0.455714,-4.32328,3.02575,-1.95329,-2.71621,0.228177,-2.32465,-5.38977,3.1248,-3.10532,-4.23122,2.38237,3.19786,-0.96829,-2.40026,5.53654,-3.20284,-3.94439,-4.74289,-4.22765,4.06805,-5.74487,0.0265688,-0.445519,-0.987462,0.0899201,-2.96477,-3.17234,2.10493,3.17586,-3.65332,-1.40477,-1.5524,-2.56261,4.69938,-0.393322,0.171688,-1.28628,-3.54488,5.54482,3.79899,-2.99203,-2.38251,0.575981,-3.47539,4.28678,2.38797,-0.487924,-5.63361,0.573626,-0.281508,3.08154,-0.0672837,-5.97667,-0.461766,-1.31368,-0.102353,3.13059,2.81324,4.90911,3.61014,-0.970802,3.02588,3.94499,2.68587,2.93882,4.69731,3.06318,-0.804353,-4.8858,2.86586,-1.09837]","[0,0,0,0,0,0,0,0,0,0,0,0,0,0,0,0,0,0,0,0,0,0,0,0,0,0,0,0,0,0,0,0,0,0,0,0,0,0,0,0,0,0,0,0,0,0,0,0,0,0,0,0,0,0,0,0,0,0,0,0,0,0,0,0,0,0,0,0,0,0,0,0,0,0,0,0,0,0,0,0,0,0,0,0,0,0,0,0,0,0,0,0,0,0,0,0,0,0,0,0,0,0,0,0,0,0,0,0,0,0,0,0,0,0,0,0,0,0,0,0,0,0,0,0,0,0,0,0,0,0,0,0,0,0,0,0,0,0,0,0,0,0,0,0,0,0,0,0,0,0,0,0,0,0,0,0,0,0,0,0,0,0,0,0,0,0,0,0,0,0,0,0,0,0,0,0,0,0,0,0,0,0,0,0,0,0,0,0,0,0,0,0,0,0,0,0,0,0,0,0,0,0,0,0,0,0,0,0,0,0,0,0,0,0,0,0,0,0,0,0,0,0,0,0,0,0,0,0,0,0,0,0,0,0,0,0,0,0,0,0,0,0,0,0,0,0,0,0,0,0,0,0,0,0,0]","Output
└─ 0 (V = 17, active): Op[5] (arity = 1)
       └─ 1 (V = 13, active): Op[1] (arity = 2)
              └─ 3 (V = 16, active): Op[4] (arity = 1)
                     └─ 7 (V = 13, active): Op[1] (arity = 2)
                            └─ 15 (V = 19, active): Op[7] (arity = 1)
                                   └─ 31 (V = 17, active): Op[5] (arity = 1)
                                          └─ 63 (V = 17, active): Op[5] (arity = 1)
                                                 └─ 127 (V = 4, active): Input[4]
                                                 └─ 128 (V = 2, inactive): Input[2]
                                          └─ 64 (V = 16, inactive): Op[4] (arity = 1)
                                                 └─ 129 (V = 0, inactive): Input[0]
                                                 └─ 130 (V = 1, inactive): Input[1]
                                   └─ 32 (V = 19, inactive): Op[7] (arity = 1)
                                          └─ 65 (V = 13, inactive): Op[1] (arity = 2)
                                                 └─ 131 (V = 8, inactive): Input[8]
                                                 └─ 132 (V = 9, inactive): Constant[0] -> 2.70843
                                          └─ 66 (V = 16, inactive): Op[4] (arity = 1)
                                                 └─ 133 (V = 3, inactive): Input[3]
                                                 └─ 134 (V = 0, inactive): Input[0]
                            └─ 16 (V = 17, active): Op[5] (arity = 1)
                                   └─ 33 (V = 18, active): Op[6] (arity = 1)
                                          └─ 67 (V = 19, active): Op[7] (arity = 1)
                                                 └─ 135 (V = 0, active): Input[0]
                                                 └─ 136 (V = 1, inactive): Input[1]
                                          └─ 68 (V = 16, inactive): Op[4] (arity = 1)
                                                 └─ 137 (V = 4, inactive): Input[4]
                                                 └─ 138 (V = 5, inactive): Input[5]
                                   └─ 34 (V = 5, inactive): Input[5]
                                          └─ 69 (V = 3, inactive): Input[3]
                                                 └─ 139 (V = 1, inactive): Input[1]
                                                 └─ 140 (V = 3, inactive): Input[3]
                                          └─ 70 (V = 15, inactive): Op[3] (arity = 2)
                                                 └─ 141 (V = 5, inactive): Input[5]
                                                 └─ 142 (V = 8, inactive): Input[8]
                     └─ 8 (V = 19, inactive): Op[7] (arity = 1)
                            └─ 17 (V = 1, inactive): Input[1]
                                   └─ 35 (V = 14, inactive): Op[2] (arity = 2)
                                          └─ 71 (V = 7, inactive): Input[7]
                                                 └─ 143 (V = 3, inactive): Input[3]
                                                 └─ 144 (V = 5, inactive): Input[5]
                                          └─ 72 (V = 18, inactive): Op[6] (arity = 1)
                                                 └─ 145 (V = 8, inactive): Input[8]
                                                 └─ 146 (V = 5, inactive): Input[5]
                                   └─ 36 (V = 14, inactive): Op[2] (arity = 2)
                                          └─ 73 (V = 17, inactive): Op[5] (arity = 1)
                                                 └─ 147 (V = 4, inactive): Input[4]
                                                 └─ 148 (V = 7, inactive): Input[7]
                                          └─ 74 (V = 16, inactive): Op[4] (arity = 1)
                                                 └─ 149 (V = 1, inactive): Input[1]
                                                 └─ 150 (V = 7, inactive): Input[7]
                            └─ 18 (V = 17, inactive): Op[5] (arity = 1)
                                   └─ 37 (V = 7, inactive): Input[7]
                                          └─ 75 (V = 16, inactive): Op[4] (arity = 1)
                                                 └─ 151 (V = 7, inactive): Input[7]
                                                 └─ 152 (V = 6, inactive): Input[6]
                                          └─ 76 (V = 7, inactive): Input[7]
                                                 └─ 153 (V = 3, inactive): Input[3]
                                                 └─ 154 (V = 2, inactive): Input[2]
                                   └─ 38 (V = 19, inactive): Op[7] (arity = 1)
                                          └─ 77 (V = 3, inactive): Input[3]
                                                 └─ 155 (V = 5, inactive): Input[5]
                                                 └─ 156 (V = 2, inactive): Input[2]
                                          └─ 78 (V = 0, inactive): Input[0]
                                                 └─ 157 (V = 1, inactive): Input[1]
                                                 └─ 158 (V = 3, inactive): Input[3]
              └─ 4 (V = 13, active): Op[1] (arity = 2)
                     └─ 9 (V = 0, active): Input[0]
                            └─ 19 (V = 12, inactive): Op[0] (arity = 2)
                                   └─ 39 (V = 2, inactive): Input[2]
                                          └─ 79 (V = 12, inactive): Op[0] (arity = 2)
                                                 └─ 159 (V = 6, inactive): Input[6]
                                                 └─ 160 (V = 9, inactive): Constant[0] -> -3.7923
                                          └─ 80 (V = 12, inactive): Op[0] (arity = 2)
                                                 └─ 161 (V = 9, inactive): Constant[0] -> 3.86765
                                                 └─ 162 (V = 3, inactive): Input[3]
                                   └─ 40 (V = 13, inactive): Op[1] (arity = 2)
                                          └─ 81 (V = 17, inactive): Op[5] (arity = 1)
                                                 └─ 163 (V = 1, inactive): Input[1]
                                                 └─ 164 (V = 4, inactive): Input[4]
                                          └─ 82 (V = 17, inactive): Op[5] (arity = 1)
                                                 └─ 165 (V = 7, inactive): Input[7]
                                                 └─ 166 (V = 2, inactive): Input[2]
                            └─ 20 (V = 5, inactive): Input[5]
                                   └─ 41 (V = 14, inactive): Op[2] (arity = 2)
                                          └─ 83 (V = 16, inactive): Op[4] (arity = 1)
                                                 └─ 167 (V = 0, inactive): Input[0]
                                                 └─ 168 (V = 6, inactive): Input[6]
                                          └─ 84 (V = 15, inactive): Op[3] (arity = 2)
                                                 └─ 169 (V = 6, inactive): Input[6]
                                                 └─ 170 (V = 6, inactive): Input[6]
                                   └─ 42 (V = 17, inactive): Op[5] (arity = 1)
                                          └─ 85 (V = 16, inactive): Op[4] (arity = 1)
                                                 └─ 171 (V = 1, inactive): Input[1]
                                                 └─ 172 (V = 4, inactive): Input[4]
                                          └─ 86 (V = 18, inactive): Op[6] (arity = 1)
                                                 └─ 173 (V = 9, inactive): Constant[0] -> 0.696689
                                                 └─ 174 (V = 9, inactive): Constant[0] -> -3.83472
                     └─ 10 (V = 17, active): Op[5] (arity = 1)
                            └─ 21 (V = 1, active): Input[1]
                                   └─ 43 (V = 8, inactive): Input[8]
                                          └─ 87 (V = 12, inactive): Op[0] (arity = 2)
                                                 └─ 175 (V = 4, inactive): Input[4]
                                                 └─ 176 (V = 7, inactive): Input[7]
                                          └─ 88 (V = 15, inactive): Op[3] (arity = 2)
                                                 └─ 177 (V = 1, inactive): Input[1]
                                                 └─ 178 (V = 4, inactive): Input[4]
                                   └─ 44 (V = 6, inactive): Input[6]
                                          └─ 89 (V = 3, inactive): Input[3]
                                                 └─ 179 (V = 9, inactive): Constant[0] -> -5.08638
                                                 └─ 180 (V = 6, inactive): Input[6]
                                          └─ 90 (V = 13, inactive): Op[1] (arity = 2)
                                                 └─ 181 (V = 6, inactive): Input[6]
                                                 └─ 182 (V = 0, inactive): Input[0]
                            └─ 22 (V = 2, inactive): Input[2]
                                   └─ 45 (V = 3, inactive): Input[3]
                                          └─ 91 (V = 2, inactive): Input[2]
                                                 └─ 183 (V = 1, inactive): Input[1]
                                                 └─ 184 (V = 0, inactive): Input[0]
                                          └─ 92 (V = 19, inactive): Op[7] (arity = 1)
                                                 └─ 185 (V = 1, inactive): Input[1]
                                                 └─ 186 (V = 3, inactive): Input[3]
                                   └─ 46 (V = 12, inactive): Op[0] (arity = 2)
                                          └─ 93 (V = 19, inactive): Op[7] (arity = 1)
                                                 └─ 187 (V = 1, inactive): Input[1]
                                                 └─ 188 (V = 9, inactive): Constant[0] -> 0.228177
                                          └─ 94 (V = 16, inactive): Op[4] (arity = 1)
                                                 └─ 189 (V = 6, inactive): Input[6]
                                                 └─ 190 (V = 1, inactive): Input[1]
       └─ 2 (V = 13, inactive): Op[1] (arity = 2)
              └─ 5 (V = 5, inactive): Input[5]
                     └─ 11 (V = 19, inactive): Op[7] (arity = 1)
                            └─ 23 (V = 18, inactive): Op[6] (arity = 1)
                                   └─ 47 (V = 18, inactive): Op[6] (arity = 1)
                                          └─ 95 (V = 19, inactive): Op[7] (arity = 1)
                                                 └─ 191 (V = 5, inactive): Input[5]
                                                 └─ 192 (V = 5, inactive): Input[5]
                                          └─ 96 (V = 16, inactive): Op[4] (arity = 1)
                                                 └─ 193 (V = 8, inactive): Input[8]
                                                 └─ 194 (V = 8, inactive): Input[8]
                                   └─ 48 (V = 12, inactive): Op[0] (arity = 2)
                                          └─ 97 (V = 0, inactive): Input[0]
                                                 └─ 195 (V = 8, inactive): Input[8]
                                                 └─ 196 (V = 5, inactive): Input[5]
                                          └─ 98 (V = 16, inactive): Op[4] (arity = 1)
                                                 └─ 197 (V = 1, inactive): Input[1]
                                                 └─ 198 (V = 7, inactive): Input[7]
                            └─ 24 (V = 17, inactive): Op[5] (arity = 1)
                                   └─ 49 (V = 17, inactive): Op[5] (arity = 1)
                                          └─ 99 (V = 12, inactive): Op[0] (arity = 2)
                                                 └─ 199 (V = 1, inactive): Input[1]
                                                 └─ 200 (V = 7, inactive): Input[7]
                                          └─ 100 (V = 4, inactive): Input[4]
                                                 └─ 201 (V = 5, inactive): Input[5]
                                                 └─ 202 (V = 5, inactive): Input[5]
                                   └─ 50 (V = 17, inactive): Op[5] (arity = 1)
                                          └─ 101 (V = 17, inactive): Op[5] (arity = 1)
                                                 └─ 203 (V = 6, inactive): Input[6]
                                                 └─ 204 (V = 3, inactive): Input[3]
                                          └─ 102 (V = 13, inactive): Op[1] (arity = 2)
                                                 └─ 205 (V = 8, inactive): Input[8]
                                                 └─ 206 (V = 5, inactive): Input[5]
                     └─ 12 (V = 14, inactive): Op[2] (arity = 2)
                            └─ 25 (V = 19, inactive): Op[7] (arity = 1)
                                   └─ 51 (V = 7, inactive): Input[7]
                                          └─ 103 (V = 7, inactive): Input[7]
                                                 └─ 207 (V = 8, inactive): Input[8]
                                                 └─ 208 (V = 7, inactive): Input[7]
                                          └─ 104 (V = 1, inactive): Input[1]
                                                 └─ 209 (V = 8, inactive): Input[8]
                                                 └─ 210 (V = 2, inactive): Input[2]
                                   └─ 52 (V = 9, inactive): Constant[0] -> -1.53305
                                          └─ 105 (V = 14, inactive): Op[2] (arity = 2)
                                                 └─ 211 (V = 9, inactive): Constant[0] -> 2.10493
                                                 └─ 212 (V = 0, inactive): Input[0]
                                          └─ 106 (V = 14, inactive): Op[2] (arity = 2)
                                                 └─ 213 (V = 6, inactive): Input[6]
                                                 └─ 214 (V = 4, inactive): Input[4]
                            └─ 26 (V = 15, inactive): Op[3] (arity = 2)
                                   └─ 53 (V = 13, inactive): Op[1] (arity = 2)
                                          └─ 107 (V = 3, inactive): Input[3]
                                                 └─ 215 (V = 9, inactive): Constant[0] -> -1.5524
                                                 └─ 216 (V = 7, inactive): Input[7]
                                          └─ 108 (V = 0, inactive): Input[0]
                                                 └─ 217 (V = 4, inactive): Input[4]
                                                 └─ 218 (V = 9, inactive): Constant[0] -> -0.393322
                                   └─ 54 (V = 15, inactive): Op[3] (arity = 2)
                                          └─ 109 (V = 19, inactive): Op[7] (arity = 1)
                                                 └─ 219 (V = 8, inactive): Input[8]
                                                 └─ 220 (V = 8, inactive): Input[8]
                                          └─ 110 (V = 12, inactive): Op[0] (arity = 2)
                                                 └─ 221 (V = 9, inactive): Constant[0] -> -3.54488
                                                 └─ 222 (V = 0, inactive): Input[0]
              └─ 6 (V = 1, inactive): Input[1]
                     └─ 13 (V = 12, inactive): Op[0] (arity = 2)
                            └─ 27 (V = 17, inactive): Op[5] (arity = 1)
                                   └─ 55 (V = 0, inactive): Input[0]
                                          └─ 111 (V = 19, inactive): Op[7] (arity = 1)
                                                 └─ 223 (V = 1, inactive): Input[1]
                                                 └─ 224 (V = 2, inactive): Input[2]
                                          └─ 112 (V = 15, inactive): Op[3] (arity = 2)
                                                 └─ 225 (V = 2, inactive): Input[2]
                                                 └─ 226 (V = 3, inactive): Input[3]
                                   └─ 56 (V = 2, inactive): Input[2]
                                          └─ 113 (V = 18, inactive): Op[6] (arity = 1)
                                                 └─ 227 (V = 6, inactive): Input[6]
                                                 └─ 228 (V = 4, inactive): Input[4]
                                          └─ 114 (V = 6, inactive): Input[6]
                                                 └─ 229 (V = 7, inactive): Input[7]
                                                 └─ 230 (V = 6, inactive): Input[6]
                            └─ 28 (V = 13, inactive): Op[1] (arity = 2)
                                   └─ 57 (V = 16, inactive): Op[4] (arity = 1)
                                          └─ 115 (V = 12, inactive): Op[0] (arity = 2)
                                                 └─ 231 (V = 9, inactive): Constant[0] -> -5.63361
                                                 └─ 232 (V = 3, inactive): Input[3]
                                          └─ 116 (V = 15, inactive): Op[3] (arity = 2)
                                                 └─ 233 (V = 9, inactive): Constant[0] -> -0.281508
                                                 └─ 234 (V = 7, inactive): Input[7]
                                   └─ 58 (V = 13, inactive): Op[1] (arity = 2)
                                          └─ 117 (V = 1, inactive): Input[1]
                                                 └─ 235 (V = 7, inactive): Input[7]
                                                 └─ 236 (V = 6, inactive): Input[6]
                                          └─ 118 (V = 18, inactive): Op[6] (arity = 1)
                                                 └─ 237 (V = 6, inactive): Input[6]
                                                 └─ 238 (V = 3, inactive): Input[3]
                     └─ 14 (V = 9, inactive): Constant[0] -> 5.55402
                            └─ 29 (V = 16, inactive): Op[4] (arity = 1)
                                   └─ 59 (V = 3, inactive): Input[3]
                                          └─ 119 (V = 15, inactive): Op[3] (arity = 2)
                                                 └─ 239 (V = 9, inactive): Constant[0] -> -0.102353
                                                 └─ 240 (V = 9, inactive): Constant[0] -> 3.13059
                                          └─ 120 (V = 1, inactive): Input[1]
                                                 └─ 241 (V = 5, inactive): Input[5]
                                                 └─ 242 (V = 0, inactive): Input[0]
                                   └─ 60 (V = 13, inactive): Op[1] (arity = 2)
                                          └─ 121 (V = 14, inactive): Op[2] (arity = 2)
                                                 └─ 243 (V = 3, inactive): Input[3]
                                                 └─ 244 (V = 7, inactive): Input[7]
                                          └─ 122 (V = 3, inactive): Input[3]
                                                 └─ 245 (V = 5, inactive): Input[5]
                                                 └─ 246 (V = 8, inactive): Input[8]
                            └─ 30 (V = 17, inactive): Op[5] (arity = 1)
                                   └─ 61 (V = 15, inactive): Op[3] (arity = 2)
                                          └─ 123 (V = 16, inactive): Op[4] (arity = 1)
                                                 └─ 247 (V = 9, inactive): Constant[0] -> 2.68587
                                                 └─ 248 (V = 8, inactive): Input[8]
                                          └─ 124 (V = 18, inactive): Op[6] (arity = 1)
                                                 └─ 249 (V = 5, inactive): Input[5]
                                                 └─ 250 (V = 8, inactive): Input[8]
                                   └─ 62 (V = 12, inactive): Op[0] (arity = 2)
                                          └─ 125 (V = 17, inactive): Op[5] (arity = 1)
                                                 └─ 251 (V = 9, inactive): Constant[0] -> -0.804353
                                                 └─ 252 (V = 6, inactive): Input[6]
                                          └─ 126 (V = 8, inactive): Input[8]
                                                 └─ 253 (V = 2, inactive): Input[2]
                                                 └─ 254 (V = 5, inactive): Input[5]
",cos((sin((sqrt(cos(cos(x4))) - cos(log(sqrt(x0))))) - (x0 - cos(x1)))),3.57298,[3.57298],0,
Running,27837,1,1.001292663,0.800349111,0.200943552,1024,2,modular_1,single_kernel_inplace,1024,666,9,2,7,modular,0,0,3324115916,4.1594454033974815,3324115916,"[15,11,11,14,11,5,1,11,17,0,15,17,12,10,9,17,11,1,15,10,5,1,2,16,15,17,13,15,11,14,15,15,17,16,5,12,12,7,17,2,11,12,15,8,6,3,10,16,10,15,15,7,9,11,13,0,2,14,11,3,11,13,10,15,14,11,14,17,14,3,13,7,16,15,14,14,7,3,0,10,10,15,15,14,13,14,16,10,13,3,11,2,17,17,14,17,14,0,14,10,4,15,11,7,1,12,12,3,0,17,10,17,13,16,6,10,13,1,16,13,1,12,3,14,16,15,8,4,2,0,1,8,9,3,0,0,1,4,5,1,3,5,8,3,5,8,5,4,7,1,7,7,6,3,2,5,2,1,3,6,9,9,3,1,4,7,2,0,6,6,6,1,4,9,9,4,7,1,4,9,6,6,0,1,0,1,3,1,9,6,1,5,5,8,8,8,5,1,7,1,7,5,5,6,3,8,5,8,7,8,2,9,0,6,4,9,7,4,9,8,8,9,0,1,2,2,3,6,4,7,6,9,3,6,7,7,6,6,3,9,9,5,0,3,7,5,8,9,8,5,8,9,6,2,5]","[1,1,0,1,1,0,0,1,0,1,1,0,0,0,0,1,1,0,0,0,0,1,0,0,0,0,0,0,0,0,0,1,0,1,1,0,0,0,0,0,0,0,0,0,0,0,0,0,0,0,0,0,0,0,0,0,0,0,0,0,0,0,0,1,0,0,0,1,0,0,0,0,0,0,0,0,0,0,0,0,0,0,0,0,0,0,0,0,0,0,0,0,0,0,0,0,0,0,0,0,0,0,0,0,0,0,0,0,0,0,0,0,0,0,0,0,0,0,0,0,0,0,0,0,0,0,0,1,0,0,0,0,0,0,0,1,0,0,0,0,0,0,0,0,0,0,0,0,0,0,0,0,0,0,0,0,0,0,0,0,0,0,0,0,0,0,0,0,0,0,0,0,0,0,0,0,0,0,0,0,0,0,0,0,0,0,0,0,0,0,0,0,0,0,0,0,0,0,0,0,0,0,0,0,0,0,0,0,0,0,0,0,0,0,0,0,0,0,0,0,0,0,0,0,0,0,0,0,0,0,0,0,0,0,0,0,0,0,0,0,0,0,0,0,0,0,0,0,0,0,0,0,0,0,0]","[3.8887,-0.845788,2.88572,1.61602,0.975812,0.455551,-0.807149,-3.42868,-4.17217,-2.15091,-0.612813,2.77394,0.792944,5.06492,5.55402,1.47189,2.66432,-1.84163,-0.389244,-3.24534,0.796837,-0.254948,0.915845,-5.32099,-4.928,-1.21295,-2.57949,4.05255,5.8794,3.3728,1.39182,2.10562,5.86984,5.70605,-3.11751,-4.40029,0.349299,0.614206,1.31629,1.59486,0.247502,0.4093,3.12819,-2.64225,-0.359187,4.12478,5.46115,4.64917,1.20581,-3.62617,-3.47206,-2.21548,-1.53305,-3.8597,3.73284,-0.0395304,4.76284,4.17243,-5.58912,3.90349,2.68699,5.92787,5.48287,4.27462,3.08506,-3.62971,1.09103,-5.0336,5.94712,-2.831,-5.31836,-2.4587,-3.42659,-2.63072,-1.34923,5.52286,3.61372,4.74046,2.48426,4.09723,-3.71345,1.33227,-4.15653,-1.99713,-2.98104,5.42584,-1.45425,-0.795622,-4.01638,0.116423,-3.88353,4.81151,-0.464551,1.16879,-1.86644,4.64574,1.98715,-3.29383,-1.83508,4.87649,-3.03048,3.79476,-5.03678,-2.53208,5.65149,-5.46833,-5.18048,1.80346,1.53205,5.31139,-1.15381,0.589698,-1.01653,-0.318243,4.78609,-4.48797,0.476281,5.74995,-5.15324,2.37006,4.12718,-3.73404,-3.59913,4.39419,5.7464,-4.85815,3.90704,-1.86714,-5.13747,-1.0756,-1.0528,-4.28427,2.70843,-1.92434,2.80233,-2.49469,2.61946,3.70677,-2.32714,1.33367,-2.67302,-4.06999,-5.05393,-2.32592,4.22138,4.95225,-4.67867,0.742144,3.54876,-1.77599,5.74865,-0.381377,-1.26837,-3.87606,0.215443,-1.59092,-0.326886,0.679596,4.08712,-4.25358,-3.7923,3.86765,2.47533,4.81005,-0.270447,5.09741,3.45807,1.87008,-1.96934,-2.08167,-0.126962,-5.78833,-4.59247,0.696689,-3.83472,4.59365,-2.72995,-0.131992,2.72098,-5.08638,-1.38012,-5.41951,4.47262,0.455714,-4.32328,3.02575,-1.95329,-2.71621,0.228177,-2.32465,-5.38977,3.1248,-3.10532,-4.23122,2.38237,3.19786,-0.96829,-2.40026,5.53654,-3.20284,-3.94439,-4.74289,-4.22765,4.06805,-5.74487,0.0265688,-0.445519,-0.987462,0.0899201,-2.96477,-3.17234,2.10493,3.17586,-3.65332,-1.40477,-1.5524,-2.56261,4.69938,-0.393322,0.171688,-1.28628,-3.54488,5.54482,3.79899,-2.99203,-2.38251,0.575981,-3.47539,4.28678,2.38797,-0.487924,-5.63361,0.573626,1.50431,3.08154,-0.0672837,-5.97667,-0.461766,-1.31368,-0.102353,3.13059,2.81324,4.90911,3.61014,-0.970802,3.02588,3.94499,2.68587,2.93882,4.69731,3.06318,-0.804353,-4.8858,2.86586,-1.09837]","[0,0,0,0,0,0,0,0,0,0,0,0,0,0,0,0,0,0,0,0,0,0,0,0,0,0,0,0,0,0,0,0,0,0,0,0,0,0,0,0,0,0,0,0,0,0,0,0,0,0,0,0,0,0,0,0,0,0,0,0,0,0,0,0,0,0,0,0,0,0,0,0,0,0,0,0,0,0,0,0,0,0,0,0,0,0,0,0,0,0,0,0,0,0,0,0,0,0,0,0,0,0,0,0,0,0,0,0,0,0,0,0,0,0,0,0,0,0,0,0,0,0,0,0,0,0,0,0,0,0,0,0,0,0,0,0,0,0,0,0,0,0,0,0,0,0,0,0,0,0,0,0,0,0,0,0,0,0,0,0,0,0,0,0,0,0,0,0,0,0,0,0,0,0,0,0,0,0,0,0,0,0,0,0,0,0,0,0,0,0,0,0,0,0,0,0,0,0,0,0,0,0,0,0,0,0,0,0,0,0,0,0,0,0,0,0,0,0,0,0,0,0,0,0,0,0,0,0,0,0,0,0,0,0,0,0,0,0,0,0,0,0,0,0,0,0,0,0,0,0,0,0,0,0,0]","Output
└─ 0 (V = 17, active): Op[5] (arity = 1)
       └─ 1 (V = 13, active): Op[1] (arity = 2)
              └─ 3 (V = 16, active): Op[4] (arity = 1)
                     └─ 7 (V = 13, active): Op[1] (arity = 2)
                            └─ 15 (V = 19, active): Op[7] (arity = 1)
                                   └─ 31 (V = 17, active): Op[5] (arity = 1)
                                          └─ 63 (V = 17, active): Op[5] (arity = 1)
                                                 └─ 127 (V = 4, active): Input[4]
                                                 └─ 128 (V = 2, inactive): Input[2]
                                          └─ 64 (V = 16, inactive): Op[4] (arity = 1)
                                                 └─ 129 (V = 0, inactive): Input[0]
                                                 └─ 130 (V = 1, inactive): Input[1]
                                   └─ 32 (V = 19, inactive): Op[7] (arity = 1)
                                          └─ 65 (V = 13, inactive): Op[1] (arity = 2)
                                                 └─ 131 (V = 8, inactive): Input[8]
                                                 └─ 132 (V = 9, inactive): Constant[0] -> 2.70843
                                          └─ 66 (V = 16, inactive): Op[4] (arity = 1)
                                                 └─ 133 (V = 3, inactive): Input[3]
                                                 └─ 134 (V = 0, inactive): Input[0]
                            └─ 16 (V = 13, active): Op[1] (arity = 2)
                                   └─ 33 (V = 18, active): Op[6] (arity = 1)
                                          └─ 67 (V = 19, active): Op[7] (arity = 1)
                                                 └─ 135 (V = 0, active): Input[0]
                                                 └─ 136 (V = 1, inactive): Input[1]
                                          └─ 68 (V = 16, inactive): Op[4] (arity = 1)
                                                 └─ 137 (V = 4, inactive): Input[4]
                                                 └─ 138 (V = 5, inactive): Input[5]
                                   └─ 34 (V = 5, active): Input[5]
                                          └─ 69 (V = 3, inactive): Input[3]
                                                 └─ 139 (V = 1, inactive): Input[1]
                                                 └─ 140 (V = 3, inactive): Input[3]
                                          └─ 70 (V = 15, inactive): Op[3] (arity = 2)
                                                 └─ 141 (V = 5, inactive): Input[5]
                                                 └─ 142 (V = 8, inactive): Input[8]
                     └─ 8 (V = 19, inactive): Op[7] (arity = 1)
                            └─ 17 (V = 1, inactive): Input[1]
                                   └─ 35 (V = 14, inactive): Op[2] (arity = 2)
                                          └─ 71 (V = 7, inactive): Input[7]
                                                 └─ 143 (V = 3, inactive): Input[3]
                                                 └─ 144 (V = 5, inactive): Input[5]
                                          └─ 72 (V = 18, inactive): Op[6] (arity = 1)
                                                 └─ 145 (V = 8, inactive): Input[8]
                                                 └─ 146 (V = 5, inactive): Input[5]
                                   └─ 36 (V = 14, inactive): Op[2] (arity = 2)
                                          └─ 73 (V = 17, inactive): Op[5] (arity = 1)
                                                 └─ 147 (V = 4, inactive): Input[4]
                                                 └─ 148 (V = 7, inactive): Input[7]
                                          └─ 74 (V = 16, inactive): Op[4] (arity = 1)
                                                 └─ 149 (V = 1, inactive): Input[1]
                                                 └─ 150 (V = 7, inactive): Input[7]
                            └─ 18 (V = 17, inactive): Op[5] (arity = 1)
                                   └─ 37 (V = 7, inactive): Input[7]
                                          └─ 75 (V = 16, inactive): Op[4] (arity = 1)
                                                 └─ 151 (V = 7, inactive): Input[7]
                                                 └─ 152 (V = 6, inactive): Input[6]
                                          └─ 76 (V = 7, inactive): Input[7]
                                                 └─ 153 (V = 3, inactive): Input[3]
                                                 └─ 154 (V = 2, inactive): Input[2]
                                   └─ 38 (V = 19, inactive): Op[7] (arity = 1)
                                          └─ 77 (V = 3, inactive): Input[3]
                                                 └─ 155 (V = 5, inactive): Input[5]
                                                 └─ 156 (V = 2, inactive): Input[2]
                                          └─ 78 (V = 0, inactive): Input[0]
                                                 └─ 157 (V = 1, inactive): Input[1]
                                                 └─ 158 (V = 3, inactive): Input[3]
              └─ 4 (V = 13, active): Op[1] (arity = 2)
                     └─ 9 (V = 0, active): Input[0]
                            └─ 19 (V = 12, inactive): Op[0] (arity = 2)
                                   └─ 39 (V = 2, inactive): Input[2]
                                          └─ 79 (V = 12, inactive): Op[0] (arity = 2)
                                                 └─ 159 (V = 6, inactive): Input[6]
                                                 └─ 160 (V = 9, inactive): Constant[0] -> -3.7923
                                          └─ 80 (V = 12, inactive): Op[0] (arity = 2)
                                                 └─ 161 (V = 9, inactive): Constant[0] -> 3.86765
                                                 └─ 162 (V = 3, inactive): Input[3]
                                   └─ 40 (V = 13, inactive): Op[1] (arity = 2)
                                          └─ 81 (V = 17, inactive): Op[5] (arity = 1)
                                                 └─ 163 (V = 1, inactive): Input[1]
                                                 └─ 164 (V = 4, inactive): Input[4]
                                          └─ 82 (V = 17, inactive): Op[5] (arity = 1)
                                                 └─ 165 (V = 7, inactive): Input[7]
                                                 └─ 166 (V = 2, inactive): Input[2]
                            └─ 20 (V = 5, inactive): Input[5]
                                   └─ 41 (V = 14, inactive): Op[2] (arity = 2)
                                          └─ 83 (V = 16, inactive): Op[4] (arity = 1)
                                                 └─ 167 (V = 0, inactive): Input[0]
                                                 └─ 168 (V = 6, inactive): Input[6]
                                          └─ 84 (V = 15, inactive): Op[3] (arity = 2)
                                                 └─ 169 (V = 6, inactive): Input[6]
                                                 └─ 170 (V = 6, inactive): Input[6]
                                   └─ 42 (V = 17, inactive): Op[5] (arity = 1)
                                          └─ 85 (V = 16, inactive): Op[4] (arity = 1)
                                                 └─ 171 (V = 1, inactive): Input[1]
                                                 └─ 172 (V = 4, inactive): Input[4]
                                          └─ 86 (V = 18, inactive): Op[6] (arity = 1)
                                                 └─ 173 (V = 9, inactive): Constant[0] -> 0.696689
                                                 └─ 174 (V = 9, inactive): Constant[0] -> -3.83472
                     └─ 10 (V = 17, active): Op[5] (arity = 1)
                            └─ 21 (V = 1, active): Input[1]
                                   └─ 43 (V = 8, inactive): Input[8]
                                          └─ 87 (V = 12, inactive): Op[0] (arity = 2)
                                                 └─ 175 (V = 4, inactive): Input[4]
                                                 └─ 176 (V = 7, inactive): Input[7]
                                          └─ 88 (V = 15, inactive): Op[3] (arity = 2)
                                                 └─ 177 (V = 1, inactive): Input[1]
                                                 └─ 178 (V = 4, inactive): Input[4]
                                   └─ 44 (V = 6, inactive): Input[6]
                                          └─ 89 (V = 3, inactive): Input[3]
                                                 └─ 179 (V = 9, inactive): Constant[0] -> -5.08638
                                                 └─ 180 (V = 6, inactive): Input[6]
                                          └─ 90 (V = 13, inactive): Op[1] (arity = 2)
                                                 └─ 181 (V = 6, inactive): Input[6]
                                                 └─ 182 (V = 0, inactive): Input[0]
                            └─ 22 (V = 2, inactive): Input[2]
                                   └─ 45 (V = 3, inactive): Input[3]
                                          └─ 91 (V = 2, inactive): Input[2]
                                                 └─ 183 (V = 1, inactive): Input[1]
                                                 └─ 184 (V = 0, inactive): Input[0]
                                          └─ 92 (V = 19, inactive): Op[7] (arity = 1)
                                                 └─ 185 (V = 1, inactive): Input[1]
                                                 └─ 186 (V = 3, inactive): Input[3]
                                   └─ 46 (V = 12, inactive): Op[0] (arity = 2)
                                          └─ 93 (V = 19, inactive): Op[7] (arity = 1)
                                                 └─ 187 (V = 1, inactive): Input[1]
                                                 └─ 188 (V = 9, inactive): Constant[0] -> 0.228177
                                          └─ 94 (V = 16, inactive): Op[4] (arity = 1)
                                                 └─ 189 (V = 6, inactive): Input[6]
                                                 └─ 190 (V = 1, inactive): Input[1]
       └─ 2 (V = 13, inactive): Op[1] (arity = 2)
              └─ 5 (V = 5, inactive): Input[5]
                     └─ 11 (V = 19, inactive): Op[7] (arity = 1)
                            └─ 23 (V = 18, inactive): Op[6] (arity = 1)
                                   └─ 47 (V = 18, inactive): Op[6] (arity = 1)
                                          └─ 95 (V = 19, inactive): Op[7] (arity = 1)
                                                 └─ 191 (V = 5, inactive): Input[5]
                                                 └─ 192 (V = 5, inactive): Input[5]
                                          └─ 96 (V = 16, inactive): Op[4] (arity = 1)
                                                 └─ 193 (V = 8, inactive): Input[8]
                                                 └─ 194 (V = 8, inactive): Input[8]
                                   └─ 48 (V = 12, inactive): Op[0] (arity = 2)
                                          └─ 97 (V = 0, inactive): Input[0]
                                                 └─ 195 (V = 8, inactive): Input[8]
                                                 └─ 196 (V = 5, inactive): Input[5]
                                          └─ 98 (V = 16, inactive): Op[4] (arity = 1)
                                                 └─ 197 (V = 1, inactive): Input[1]
                                                 └─ 198 (V = 7, inactive): Input[7]
                            └─ 24 (V = 17, inactive): Op[5] (arity = 1)
                                   └─ 49 (V = 17, inactive): Op[5] (arity = 1)
                                          └─ 99 (V = 12, inactive): Op[0] (arity = 2)
                                                 └─ 199 (V = 1, inactive): Input[1]
                                                 └─ 200 (V = 7, inactive): Input[7]
                                          └─ 100 (V = 4, inactive): Input[4]
                                                 └─ 201 (V = 5, inactive): Input[5]
                                                 └─ 202 (V = 5, inactive): Input[5]
                                   └─ 50 (V = 17, inactive): Op[5] (arity = 1)
                                          └─ 101 (V = 17, inactive): Op[5] (arity = 1)
                                                 └─ 203 (V = 6, inactive): Input[6]
                                                 └─ 204 (V = 3, inactive): Input[3]
                                          └─ 102 (V = 13, inactive): Op[1] (arity = 2)
                                                 └─ 205 (V = 8, inactive): Input[8]
                                                 └─ 206 (V = 5, inactive): Input[5]
                     └─ 12 (V = 14, inactive): Op[2] (arity = 2)
                            └─ 25 (V = 19, inactive): Op[7] (arity = 1)
                                   └─ 51 (V = 7, inactive): Input[7]
                                          └─ 103 (V = 7, inactive): Input[7]
                                                 └─ 207 (V = 8, inactive): Input[8]
                                                 └─ 208 (V = 7, inactive): Input[7]
                                          └─ 104 (V = 1, inactive): Input[1]
                                                 └─ 209 (V = 8, inactive): Input[8]
                                                 └─ 210 (V = 2, inactive): Input[2]
                                   └─ 52 (V = 9, inactive): Constant[0] -> -1.53305
                                          └─ 105 (V = 14, inactive): Op[2] (arity = 2)
                                                 └─ 211 (V = 9, inactive): Constant[0] -> 2.10493
                                                 └─ 212 (V = 0, inactive): Input[0]
                                          └─ 106 (V = 14, inactive): Op[2] (arity = 2)
                                                 └─ 213 (V = 6, inactive): Input[6]
                                                 └─ 214 (V = 4, inactive): Input[4]
                            └─ 26 (V = 15, inactive): Op[3] (arity = 2)
                                   └─ 53 (V = 13, inactive): Op[1] (arity = 2)
                                          └─ 107 (V = 3, inactive): Input[3]
                                                 └─ 215 (V = 9, inactive): Constant[0] -> -1.5524
                                                 └─ 216 (V = 7, inactive): Input[7]
                                          └─ 108 (V = 0, inactive): Input[0]
                                                 └─ 217 (V = 4, inactive): Input[4]
                                                 └─ 218 (V = 9, inactive): Constant[0] -> -0.393322
                                   └─ 54 (V = 15, inactive): Op[3] (arity = 2)
                                          └─ 109 (V = 19, inactive): Op[7] (arity = 1)
                                                 └─ 219 (V = 8, inactive): Input[8]
                                                 └─ 220 (V = 8, inactive): Input[8]
                                          └─ 110 (V = 12, inactive): Op[0] (arity = 2)
                                                 └─ 221 (V = 9, inactive): Constant[0] -> -3.54488
                                                 └─ 222 (V = 0, inactive): Input[0]
              └─ 6 (V = 1, inactive): Input[1]
                     └─ 13 (V = 12, inactive): Op[0] (arity = 2)
                            └─ 27 (V = 17, inactive): Op[5] (arity = 1)
                                   └─ 55 (V = 0, inactive): Input[0]
                                          └─ 111 (V = 19, inactive): Op[7] (arity = 1)
                                                 └─ 223 (V = 1, inactive): Input[1]
                                                 └─ 224 (V = 2, inactive): Input[2]
                                          └─ 112 (V = 15, inactive): Op[3] (arity = 2)
                                                 └─ 225 (V = 2, inactive): Input[2]
                                                 └─ 226 (V = 3, inactive): Input[3]
                                   └─ 56 (V = 2, inactive): Input[2]
                                          └─ 113 (V = 18, inactive): Op[6] (arity = 1)
                                                 └─ 227 (V = 6, inactive): Input[6]
                                                 └─ 228 (V = 4, inactive): Input[4]
                                          └─ 114 (V = 6, inactive): Input[6]
                                                 └─ 229 (V = 7, inactive): Input[7]
                                                 └─ 230 (V = 6, inactive): Input[6]
                            └─ 28 (V = 13, inactive): Op[1] (arity = 2)
                                   └─ 57 (V = 16, inactive): Op[4] (arity = 1)
                                          └─ 115 (V = 12, inactive): Op[0] (arity = 2)
                                                 └─ 231 (V = 9, inactive): Constant[0] -> -5.63361
                                                 └─ 232 (V = 3, inactive): Input[3]
                                          └─ 116 (V = 15, inactive): Op[3] (arity = 2)
                                                 └─ 233 (V = 6, inactive): Input[6]
                                                 └─ 234 (V = 7, inactive): Input[7]
                                   └─ 58 (V = 13, inactive): Op[1] (arity = 2)
                                          └─ 117 (V = 1, inactive): Input[1]
                                                 └─ 235 (V = 7, inactive): Input[7]
                                                 └─ 236 (V = 6, inactive): Input[6]
                                          └─ 118 (V = 18, inactive): Op[6] (arity = 1)
                                                 └─ 237 (V = 6, inactive): Input[6]
                                                 └─ 238 (V = 3, inactive): Input[3]
                     └─ 14 (V = 9, inactive): Constant[0] -> 5.55402
                            └─ 29 (V = 16, inactive): Op[4] (arity = 1)
                                   └─ 59 (V = 3, inactive): Input[3]
                                          └─ 119 (V = 15, inactive): Op[3] (arity = 2)
                                                 └─ 239 (V = 9, inactive): Constant[0] -> -0.102353
                                                 └─ 240 (V = 9, inactive): Constant[0] -> 3.13059
                                          └─ 120 (V = 1, inactive): Input[1]
                                                 └─ 241 (V = 5, inactive): Input[5]
                                                 └─ 242 (V = 0, inactive): Input[0]
                                   └─ 60 (V = 13, inactive): Op[1] (arity = 2)
                                          └─ 121 (V = 14, inactive): Op[2] (arity = 2)
                                                 └─ 243 (V = 3, inactive): Input[3]
                                                 └─ 244 (V = 7, inactive): Input[7]
                                          └─ 122 (V = 3, inactive): Input[3]
                                                 └─ 245 (V = 5, inactive): Input[5]
                                                 └─ 246 (V = 8, inactive): Input[8]
                            └─ 30 (V = 17, inactive): Op[5] (arity = 1)
                                   └─ 61 (V = 15, inactive): Op[3] (arity = 2)
                                          └─ 123 (V = 16, inactive): Op[4] (arity = 1)
                                                 └─ 247 (V = 9, inactive): Constant[0] -> 2.68587
                                                 └─ 248 (V = 8, inactive): Input[8]
                                          └─ 124 (V = 18, inactive): Op[6] (arity = 1)
                                                 └─ 249 (V = 5, inactive): Input[5]
                                                 └─ 250 (V = 8, inactive): Input[8]
                                   └─ 62 (V = 12, inactive): Op[0] (arity = 2)
                                          └─ 125 (V = 17, inactive): Op[5] (arity = 1)
                                                 └─ 251 (V = 9, inactive): Constant[0] -> -0.804353
                                                 └─ 252 (V = 6, inactive): Input[6]
                                          └─ 126 (V = 8, inactive): Input[8]
                                                 └─ 253 (V = 2, inactive): Input[2]
                                                 └─ 254 (V = 5, inactive): Input[5]
",cos((sin((sqrt(cos(cos(x4))) - (log(sqrt(x0)) - x5))) - (x0 - cos(x1)))),3.50255,[3.50255],0,
Running,34795,1,1.23448518,0.999629629,0.234855551,1024,2,modular_1,single_kernel_inplace,1024,666,9,2,7,modular,0,0,3324115916,4.1594454033974815,3324115916,"[15,11,16,14,11,5,1,15,17,0,15,17,12,10,9,5,3,1,15,10,11,1,2,16,15,17,13,15,3,14,15,8,7,15,1,12,12,7,17,13,11,12,15,12,1,5,5,16,10,15,15,7,9,11,13,17,2,14,7,3,11,13,10,16,14,12,15,9,3,4,5,7,16,15,14,17,5,3,0,12,0,15,15,14,13,14,16,2,12,5,4,10,13,5,15,17,14,0,14,10,14,15,11,10,14,12,12,3,0,17,10,17,13,7,6,14,11,10,0,12,1,9,3,14,16,15,8,1,7,5,7,6,2,3,0,0,0,1,2,9,1,4,1,3,5,8,5,4,7,1,1,4,5,7,1,5,2,5,3,1,5,3,0,1,4,7,9,0,1,6,6,1,4,9,9,7,2,3,9,5,4,8,0,8,7,6,7,1,8,4,2,5,5,8,8,8,5,1,7,1,7,9,6,6,3,8,5,2,3,2,6,9,0,6,4,9,7,4,9,8,8,9,0,9,2,5,3,9,4,6,8,4,3,3,5,0,3,1,6,5,9,5,0,3,2,5,8,9,8,5,8,9,6,2,5]","[1,1,0,1,1,0,0,1,0,1,1,0,0,0,0,1,0,0,0,0,0,1,0,0,0,0,0,0,0,0,0,0,0,0,0,0,0,0,0,0,0,0,0,0,0,0,0,0,0,0,0,0,0,0,0,0,0,0,0,0,0,0,0,0,0,0,0,0,0,0,0,0,0,0,0,0,0,0,0,0,0,0,0,0,0,0,0,0,0,0,0,0,0,0,0,0,0,0,0,0,0,0,0,0,0,0,0,0,0,0,0,0,0,0,0,0,0,0,0,0,0,0,0,0,0,0,0,0,0,0,0,0,0,0,0,0,0,0,0,0,0,0,0,0,0,0,0,0,0,0,0,0,0,0,0,0,0,0,0,0,0,0,0,0,0,0,0,0,0,0,0,0,0,0,0,0,0,0,0,0,0,0,0,0,0,0,0,0,0,0,0,0,0,0,0,0,0,0,0,0,0,0,0,0,0,0,0,0,0,0,0,0,0,0,0,0,0,0,0,0,0,0,0,0,0,0,0,0,0,0,0,0,0,0,0,0,0,0,0,0,0,0,0,0,0,0,0,0,0,0,0,0,0,0,0]","[3.8887,-0.845788,-0.0649339,1.61602,0.975812,0.455551,-0.807149,-1.94878,-4.17217,-2.15091,-0.612813,2.77394,0.792944,5.06492,5.55402,-0.506304,-0.875774,-1.84163,-0.389244,-3.24534,-3.5516,4.89705,0.915845,-5.32099,-4.928,-1.21295,-2.57949,4.05255,3.23968,3.3728,1.39182,-4.32103,-1.39663,-0.0971162,5.01064,-4.40029,0.349299,0.614206,1.31629,-5.94747,0.247502,0.4093,3.12819,-0.851107,2.87959,-0.298912,5.30121,4.64917,1.20581,-3.62617,-3.47206,-2.21548,-1.53305,-3.8597,3.73284,-2.87509,4.76284,3.85253,1.97364,3.90349,2.68699,5.92787,5.48287,4.62331,0.941835,-5.91405,5.12061,1.27008,-0.224956,3.00367,-1.16936,-2.4587,-3.42659,-2.63072,-1.34923,-2.89561,4.7561,4.74046,2.48426,-3.99765,2.17832,1.33227,-4.15653,-1.99713,-2.98104,5.42584,-1.45425,-3.92362,4.21198,-5.80863,-1.66176,4.20922,-5.03839,5.56604,1.39087,4.64574,1.98715,-3.29383,-1.83508,4.87649,-2.57387,3.79476,-5.03678,2.31223,-1.5221,-5.46833,-5.18048,1.80346,1.53205,5.31139,-1.15381,0.589698,-1.01653,-5.85403,4.78609,1.98162,-0.642636,-1.05489,-3.61553,-4.85868,4.12718,-3.78573,-3.59913,4.39419,5.7464,-4.85815,3.90704,1.16832,1.5813,-4.85421,-0.613672,-0.151081,0.758898,-1.92434,-1.33663,-2.49469,2.12238,3.02766,-0.424335,1.03394,0.240293,-1.53697,4.41345,-2.32592,4.22138,4.95225,-4.67867,0.742144,3.54876,-1.77599,4.07381,2.32583,-2.21988,2.87302,-4.55363,-1.59092,-0.326886,2.62031,4.08712,-3.69246,-5.30089,-0.14691,-3.94087,4.81005,-0.270447,5.09741,-5.15295,1.87008,-1.89013,-2.08167,-0.126962,-5.78833,-4.59247,0.696689,-3.83472,-1.49526,0.970934,-2.74411,5.33556,-3.78238,-0.787088,-4.55927,-1.28797,-1.87485,-0.840658,-5.50461,-4.05313,2.63762,1.41373,2.72403,-2.17342,3.1248,-3.10532,-4.23122,2.38237,3.19786,-0.96829,-2.40026,5.53654,-3.20284,-3.94439,-2.85925,2.4015,4.06805,-5.74487,0.0265688,-0.445519,-0.735819,-5.51799,-3.87081,4.28424,2.10493,3.17586,-3.65332,-1.40477,-1.5524,-2.56261,4.69938,-0.393322,0.171688,-1.28628,-3.54488,5.54482,-4.47387,3.78864,-1.96233,0.575981,5.92964,4.28678,1.45129,-1.57997,2.83895,4.21191,3.8529,-2.85484,-4.49518,-2.10832,3.01964,-3.95324,-0.1182,3.13059,2.81324,4.90911,-4.34132,-1.71942,3.02588,3.94499,2.68587,2.93882,4.69731,3.06318,-0.804353,-4.8858,2.86586,-1.09837]","[0,0,0,0,0,0,0,0,0,0,0,0,0,0,0,0,0,0,0,0,0,0,0,0,0,0,0,0,0,0,0,0,0,0,0,0,0,0,0,0,0,0,0,0,0,0,0,0,0,0,0,0,0,0,0,0,0,0,0,0,0,0,0,0,0,0,0,0,0,0,0,0,0,0,0,0,0,0,0,0,0,0,0,0,0,0,0,0,0,0,0,0,0,0,0,0,0,0,0,0,0,0,0,0,0,0,0,0,0,0,0,0,0,0,0,0,0,0,0,0,0,0,0,0,0,0,0,0,0,0,0,0,0,0,0,0,0,0,0,0,0,0,0,0,0,0,0,0,0,0,0,0,0,0,0,0,0,0,0,0,0,0,0,0,0,0,0,0,0,0,0,0,0,0,0,0,0,0,0,0,0,0,0,0,0,0,0,0,0,0,0,0,0,0,0,0,0,0,0,0,0,0,0,0,0,0,0,0,0,0,0,0,0,0,0,0,0,0,0,0,0,0,0,0,0,0,0,0,0,0,0,0,0,0,0,0,0,0,0,0,0,0,0,0,0,0,0,0,0,0,0,0,0,0,0]","Output
└─ 0 (V = 17, active): Op[5] (arity = 1)
       └─ 1 (V = 13, active): Op[1] (arity = 2)
              └─ 3 (V = 16, active): Op[4] (arity = 1)
                     └─ 7 (V = 17, active): Op[5] (arity = 1)
                            └─ 15 (V = 5, active): Input[5]
                                   └─ 31 (V = 8, inactive): Input[8]
                                          └─ 63 (V = 18, inactive): Op[6] (arity = 1)
                                                 └─ 127 (V = 1, inactive): Input[1]
                                                 └─ 128 (V = 7, inactive): Input[7]
                                          └─ 64 (V = 16, inactive): Op[4] (arity = 1)
                                                 └─ 129 (V = 5, inactive): Input[5]
                                                 └─ 130 (V = 7, inactive): Input[7]
                                   └─ 32 (V = 7, inactive): Input[7]
                                          └─ 65 (V = 14, inactive): Op[2] (arity = 2)
                                                 └─ 131 (V = 6, inactive): Input[6]
                                                 └─ 132 (V = 2, inactive): Input[2]
                                          └─ 66 (V = 17, inactive): Op[5] (arity = 1)
                                                 └─ 133 (V = 3, inactive): Input[3]
                                                 └─ 134 (V = 0, inactive): Input[0]
                            └─ 16 (V = 3, inactive): Input[3]
                                   └─ 33 (V = 17, inactive): Op[5] (arity = 1)
                                          └─ 67 (V = 9, inactive): Constant[0] -> 1.27008
                                                 └─ 135 (V = 0, inactive): Input[0]
                                                 └─ 136 (V = 0, inactive): Input[0]
                                          └─ 68 (V = 3, inactive): Input[3]
                                                 └─ 137 (V = 1, inactive): Input[1]
                                                 └─ 138 (V = 2, inactive): Input[2]
                                   └─ 34 (V = 1, inactive): Input[1]
                                          └─ 69 (V = 4, inactive): Input[4]
                                                 └─ 139 (V = 9, inactive): Constant[0] -> 1.03394
                                                 └─ 140 (V = 1, inactive): Input[1]
                                          └─ 70 (V = 5, inactive): Input[5]
                                                 └─ 141 (V = 4, inactive): Input[4]
                                                 └─ 142 (V = 1, inactive): Input[1]
                     └─ 8 (V = 19, inactive): Op[7] (arity = 1)
                            └─ 17 (V = 1, inactive): Input[1]
                                   └─ 35 (V = 14, inactive): Op[2] (arity = 2)
                                          └─ 71 (V = 7, inactive): Input[7]
                                                 └─ 143 (V = 3, inactive): Input[3]
                                                 └─ 144 (V = 5, inactive): Input[5]
                                          └─ 72 (V = 18, inactive): Op[6] (arity = 1)
                                                 └─ 145 (V = 8, inactive): Input[8]
                                                 └─ 146 (V = 5, inactive): Input[5]
                                   └─ 36 (V = 14, inactive): Op[2] (arity = 2)
                                          └─ 73 (V = 17, inactive): Op[5] (arity = 1)
                                                 └─ 147 (V = 4, inactive): Input[4]
                                                 └─ 148 (V = 7, inactive): Input[7]
                                          └─ 74 (V = 16, inactive): Op[4] (arity = 1)
                                                 └─ 149 (V = 1, inactive): Input[1]
                                                 └─ 150 (V = 1, inactive): Input[1]
                            └─ 18 (V = 17, inactive): Op[5] (arity = 1)
                                   └─ 37 (V = 7, inactive): Input[7]
                                          └─ 75 (V = 19, inactive): Op[7] (arity = 1)
                                                 └─ 151 (V = 4, inactive): Input[4]
                                                 └─ 152 (V = 5, inactive): Input[5]
                                          └─ 76 (V = 5, inactive): Input[5]
                                                 └─ 153 (V = 7, inactive): Input[7]
                                                 └─ 154 (V = 1, inactive): Input[1]
                                   └─ 38 (V = 19, inactive): Op[7] (arity = 1)
                                          └─ 77 (V = 3, inactive): Input[3]
                                                 └─ 155 (V = 5, inactive): Input[5]
                                                 └─ 156 (V = 2, inactive): Input[2]
                                          └─ 78 (V = 0, inactive): Input[0]
                                                 └─ 157 (V = 5, inactive): Input[5]
                                                 └─ 158 (V = 3, inactive): Input[3]
              └─ 4 (V = 13, active): Op[1] (arity = 2)
                     └─ 9 (V = 0, active): Input[0]
                            └─ 19 (V = 12, inactive): Op[0] (arity = 2)
                                   └─ 39 (V = 15, inactive): Op[3] (arity = 2)
                                          └─ 79 (V = 14, inactive): Op[2] (arity = 2)
                                                 └─ 159 (V = 1, inactive): Input[1]
                                                 └─ 160 (V = 5, inactive): Input[5]
                                          └─ 80 (V = 0, inactive): Input[0]
                                                 └─ 161 (V = 3, inactive): Input[3]
                                                 └─ 162 (V = 0, inactive): Input[0]
                                   └─ 40 (V = 13, inactive): Op[1] (arity = 2)
                                          └─ 81 (V = 17, inactive): Op[5] (arity = 1)
                                                 └─ 163 (V = 1, inactive): Input[1]
                                                 └─ 164 (V = 4, inactive): Input[4]
                                          └─ 82 (V = 17, inactive): Op[5] (arity = 1)
                                                 └─ 165 (V = 7, inactive): Input[7]
                                                 └─ 166 (V = 9, inactive): Constant[0] -> -5.15295
                            └─ 20 (V = 13, inactive): Op[1] (arity = 2)
                                   └─ 41 (V = 14, inactive): Op[2] (arity = 2)
                                          └─ 83 (V = 16, inactive): Op[4] (arity = 1)
                                                 └─ 167 (V = 0, inactive): Input[0]
                                                 └─ 168 (V = 1, inactive): Input[1]
                                          └─ 84 (V = 15, inactive): Op[3] (arity = 2)
                                                 └─ 169 (V = 6, inactive): Input[6]
                                                 └─ 170 (V = 6, inactive): Input[6]
                                   └─ 42 (V = 17, inactive): Op[5] (arity = 1)
                                          └─ 85 (V = 16, inactive): Op[4] (arity = 1)
                                                 └─ 171 (V = 1, inactive): Input[1]
                                                 └─ 172 (V = 4, inactive): Input[4]
                                          └─ 86 (V = 18, inactive): Op[6] (arity = 1)
                                                 └─ 173 (V = 9, inactive): Constant[0] -> 0.696689
                                                 └─ 174 (V = 9, inactive): Constant[0] -> -3.83472
                     └─ 10 (V = 17, active): Op[5] (arity = 1)
                            └─ 21 (V = 1, active): Input[1]
                                   └─ 43 (V = 14, inactive): Op[2] (arity = 2)
                                          └─ 87 (V = 2, inactive): Input[2]
                                                 └─ 175 (V = 7, inactive): Input[7]
                                                 └─ 176 (V = 2, inactive): Input[2]
                                          └─ 88 (V = 14, inactive): Op[2] (arity = 2)
                                                 └─ 177 (V = 3, inactive): Input[3]
                                                 └─ 178 (V = 9, inactive): Constant[0] -> 5.33556
                                   └─ 44 (V = 1, inactive): Input[1]
                                          └─ 89 (V = 5, inactive): Input[5]
                                                 └─ 179 (V = 5, inactive): Input[5]
                                                 └─ 180 (V = 4, inactive): Input[4]
                                          └─ 90 (V = 4, inactive): Input[4]
                                                 └─ 181 (V = 8, inactive): Input[8]
                                                 └─ 182 (V = 0, inactive): Input[0]
                            └─ 22 (V = 2, inactive): Input[2]
                                   └─ 45 (V = 5, inactive): Input[5]
                                          └─ 91 (V = 12, inactive): Op[0] (arity = 2)
                                                 └─ 183 (V = 8, inactive): Input[8]
                                                 └─ 184 (V = 7, inactive): Input[7]
                                          └─ 92 (V = 15, inactive): Op[3] (arity = 2)
                                                 └─ 185 (V = 6, inactive): Input[6]
                                                 └─ 186 (V = 7, inactive): Input[7]
                                   └─ 46 (V = 5, inactive): Input[5]
                                          └─ 93 (V = 5, inactive): Input[5]
                                                 └─ 187 (V = 1, inactive): Input[1]
                                                 └─ 188 (V = 8, inactive): Input[8]
                                          └─ 94 (V = 17, inactive): Op[5] (arity = 1)
                                                 └─ 189 (V = 4, inactive): Input[4]
                                                 └─ 190 (V = 2, inactive): Input[2]
       └─ 2 (V = 18, inactive): Op[6] (arity = 1)
              └─ 5 (V = 5, inactive): Input[5]
                     └─ 11 (V = 19, inactive): Op[7] (arity = 1)
                            └─ 23 (V = 18, inactive): Op[6] (arity = 1)
                                   └─ 47 (V = 18, inactive): Op[6] (arity = 1)
                                          └─ 95 (V = 19, inactive): Op[7] (arity = 1)
                                                 └─ 191 (V = 5, inactive): Input[5]
                                                 └─ 192 (V = 5, inactive): Input[5]
                                          └─ 96 (V = 16, inactive): Op[4] (arity = 1)
                                                 └─ 193 (V = 8, inactive): Input[8]
                                                 └─ 194 (V = 8, inactive): Input[8]
                                   └─ 48 (V = 12, inactive): Op[0] (arity = 2)
                                          └─ 97 (V = 0, inactive): Input[0]
                                                 └─ 195 (V = 8, inactive): Input[8]
                                                 └─ 196 (V = 5, inactive): Input[5]
                                          └─ 98 (V = 16, inactive): Op[4] (arity = 1)
                                                 └─ 197 (V = 1, inactive): Input[1]
                                                 └─ 198 (V = 7, inactive): Input[7]
                            └─ 24 (V = 17, inactive): Op[5] (arity = 1)
                                   └─ 49 (V = 17, inactive): Op[5] (arity = 1)
                                          └─ 99 (V = 12, inactive): Op[0] (arity = 2)
                                                 └─ 199 (V = 1, inactive): Input[1]
                                                 └─ 200 (V = 7, inactive): Input[7]
                                          └─ 100 (V = 16, inactive): Op[4] (arity = 1)
                                                 └─ 201 (V = 9, inactive): Constant[0] -> -2.85925
                                                 └─ 202 (V = 6, inactive): Input[6]
                                   └─ 50 (V = 17, inactive): Op[5] (arity = 1)
                                          └─ 101 (V = 17, inactive): Op[5] (arity = 1)
                                                 └─ 203 (V = 6, inactive): Input[6]
                                                 └─ 204 (V = 3, inactive): Input[3]
                                          └─ 102 (V = 13, inactive): Op[1] (arity = 2)
                                                 └─ 205 (V = 8, inactive): Input[8]
                                                 └─ 206 (V = 5, inactive): Input[5]
                     └─ 12 (V = 14, inactive): Op[2] (arity = 2)
                            └─ 25 (V = 19, inactive): Op[7] (arity = 1)
                                   └─ 51 (V = 7, inactive): Input[7]
                                          └─ 103 (V = 12, inactive): Op[0] (arity = 2)
                                                 └─ 207 (V = 2, inactive): Input[2]
                                                 └─ 208 (V = 3, inactive): Input[3]
                                          └─ 104 (V = 16, inactive): Op[4] (arity = 1)
                                                 └─ 209 (V = 2, inactive): Input[2]
                                                 └─ 210 (V = 6, inactive): Input[6]
                                   └─ 52 (V = 9, inactive): Constant[0] -> -1.53305
                                          └─ 105 (V = 14, inactive): Op[2] (arity = 2)
                                                 └─ 211 (V = 9, inactive): Constant[0] -> 2.10493
                                                 └─ 212 (V = 0, inactive): Input[0]
                                          └─ 106 (V = 14, inactive): Op[2] (arity = 2)
                                                 └─ 213 (V = 6, inactive): Input[6]
                                                 └─ 214 (V = 4, inactive): Input[4]
                            └─ 26 (V = 15, inactive): Op[3] (arity = 2)
                                   └─ 53 (V = 13, inactive): Op[1] (arity = 2)
                                          └─ 107 (V = 3, inactive): Input[3]
                                                 └─ 215 (V = 9, inactive): Constant[0] -> -1.5524
                                                 └─ 216 (V = 7, inactive): Input[7]
                                          └─ 108 (V = 0, inactive): Input[0]
                                                 └─ 217 (V = 4, inactive): Input[4]
                                                 └─ 218 (V = 9, inactive): Constant[0] -> -0.393322
                                   └─ 54 (V = 15, inactive): Op[3] (arity = 2)
                                          └─ 109 (V = 19, inactive): Op[7] (arity = 1)
                                                 └─ 219 (V = 8, inactive): Input[8]
                                                 └─ 220 (V = 8, inactive): Input[8]
                                          └─ 110 (V = 12, inactive): Op[0] (arity = 2)
                                                 └─ 221 (V = 9, inactive): Constant[0] -> -3.54488
                                                 └─ 222 (V = 0, inactive): Input[0]
              └─ 6 (V = 1, inactive): Input[1]
                     └─ 13 (V = 12, inactive): Op[0] (arity = 2)
                            └─ 27 (V = 17, inactive): Op[5] (arity = 1)
                                   └─ 55 (V = 19, inactive): Op[7] (arity = 1)
                                          └─ 111 (V = 19, inactive): Op[7] (arity = 1)
                                                 └─ 223 (V = 9, inactive): Constant[0] -> -4.47387
                                                 └─ 224 (V = 2, inactive): Input[2]
                                          └─ 112 (V = 15, inactive): Op[3] (arity = 2)
                                                 └─ 225 (V = 5, inactive): Input[5]
                                                 └─ 226 (V = 3, inactive): Input[3]
                                   └─ 56 (V = 2, inactive): Input[2]
                                          └─ 113 (V = 7, inactive): Input[7]
                                                 └─ 227 (V = 9, inactive): Constant[0] -> 5.92964
                                                 └─ 228 (V = 4, inactive): Input[4]
                                          └─ 114 (V = 6, inactive): Input[6]
                                                 └─ 229 (V = 6, inactive): Input[6]
                                                 └─ 230 (V = 8, inactive): Input[8]
                            └─ 28 (V = 3, inactive): Input[3]
                                   └─ 57 (V = 16, inactive): Op[4] (arity = 1)
                                          └─ 115 (V = 16, inactive): Op[4] (arity = 1)
                                                 └─ 231 (V = 4, inactive): Input[4]
                                                 └─ 232 (V = 3, inactive): Input[3]
                                          └─ 116 (V = 13, inactive): Op[1] (arity = 2)
                                                 └─ 233 (V = 3, inactive): Input[3]
                                                 └─ 234 (V = 5, inactive): Input[5]
                                   └─ 58 (V = 7, inactive): Input[7]
                                          └─ 117 (V = 12, inactive): Op[0] (arity = 2)
                                                 └─ 235 (V = 0, inactive): Input[0]
                                                 └─ 236 (V = 3, inactive): Input[3]
                                          └─ 118 (V = 0, inactive): Input[0]
                                                 └─ 237 (V = 1, inactive): Input[1]
                                                 └─ 238 (V = 6, inactive): Input[6]
                     └─ 14 (V = 9, inactive): Constant[0] -> 5.55402
                            └─ 29 (V = 16, inactive): Op[4] (arity = 1)
                                   └─ 59 (V = 3, inactive): Input[3]
                                          └─ 119 (V = 14, inactive): Op[2] (arity = 2)
                                                 └─ 239 (V = 5, inactive): Input[5]
                                                 └─ 240 (V = 9, inactive): Constant[0] -> 3.13059
                                          └─ 120 (V = 1, inactive): Input[1]
                                                 └─ 241 (V = 5, inactive): Input[5]
                                                 └─ 242 (V = 0, inactive): Input[0]
                                   └─ 60 (V = 13, inactive): Op[1] (arity = 2)
                                          └─ 121 (V = 9, inactive): Constant[0] -> -3.78573
                                                 └─ 243 (V = 3, inactive): Input[3]
                                                 └─ 244 (V = 2, inactive): Input[2]
                                          └─ 122 (V = 3, inactive): Input[3]
                                                 └─ 245 (V = 5, inactive): Input[5]
                                                 └─ 246 (V = 8, inactive): Input[8]
                            └─ 30 (V = 17, inactive): Op[5] (arity = 1)
                                   └─ 61 (V = 15, inactive): Op[3] (arity = 2)
                                          └─ 123 (V = 16, inactive): Op[4] (arity = 1)
                                                 └─ 247 (V = 9, inactive): Constant[0] -> 2.68587
                                                 └─ 248 (V = 8, inactive): Input[8]
                                          └─ 124 (V = 18, inactive): Op[6] (arity = 1)
                                                 └─ 249 (V = 5, inactive): Input[5]
                                                 └─ 250 (V = 8, inactive): Input[8]
                                   └─ 62 (V = 12, inactive): Op[0] (arity = 2)
                                          └─ 125 (V = 17, inactive): Op[5] (arity = 1)
                                                 └─ 251 (V = 9, inactive): Constant[0] -> -0.804353
                                                 └─ 252 (V = 6, inactive): Input[6]
                                          └─ 126 (V = 8, inactive): Input[8]
                                                 └─ 253 (V = 2, inactive): Input[2]
                                                 └─ 254 (V = 5, inactive): Input[5]
",cos((sin(cos(x5)) - (x0 - cos(x1)))),3.42796,[3.42796],0,
Running,54516,2,1.839994861,1.511970989,0.328023872,1024,3,modular_1,single_kernel_inplace,1024,666,9,2,7,modular,0,0,3324115916,4.1594454033974815,3324115916,"[15,11,11,14,11,12,15,10,16,0,15,13,12,13,16,17,5,15,15,14,7,6,17,1,16,15,14,10,17,9,9,15,10,10,7,15,15,7,17,13,11,10,13,14,9,16,16,12,12,6,12,4,3,17,3,13,2,17,5,15,3,7,12,15,17,7,14,10,12,10,16,3,11,17,16,15,2,3,9,12,10,15,3,15,12,17,10,17,14,10,11,2,15,0,10,11,17,11,17,17,11,17,10,17,17,11,15,5,10,1,9,3,11,16,6,17,12,13,15,17,10,0,13,2,12,15,8,6,2,0,8,5,6,3,0,2,5,7,3,1,9,7,6,2,5,0,8,6,3,8,7,6,1,2,4,8,2,2,3,8,7,4,3,0,0,3,7,1,2,1,9,0,8,3,2,8,3,7,2,5,3,4,0,8,0,1,3,4,1,4,2,1,8,0,2,3,9,3,9,0,8,3,1,1,5,8,2,7,7,2,3,3,5,9,6,2,1,7,4,9,1,9,8,3,3,5,1,0,4,7,6,9,7,2,5,3,4,0,3,8,0,4,9,5,4,7,8,9,8,8,8,8,2,2,5]","[1,1,0,1,1,0,0,1,0,1,1,0,0,0,0,1,1,0,0,0,0,1,0,0,0,0,0,0,0,0,0,1,0,0,0,0,0,0,0,0,0,0,0,0,0,0,0,0,0,0,0,0,0,0,0,0,0,0,0,0,0,0,0,1,0,0,0,0,0,0,0,0,0,0,0,0,0,0,0,0,0,0,0,0,0,0,0,0,0,0,0,0,0,0,0,0,0,0,0,0,0,0,0,0,0,0,0,0,0,0,0,0,0,0,0,0,0,0,0,0,0,0,0,0,0,0,0,1,0,0,0,0,0,0,0,0,0,0,0,0,0,0,0,0,0,0,0,0,0,0,0,0,0,0,0,0,0,0,0,0,0,0,0,0,0,0,0,0,0,0,0,0,0,0,0,0,0,0,0,0,0,0,0,0,0,0,0,0,0,0,0,0,0,0,0,0,0,0,0,0,0,0,0,0,0,0,0,0,0,0,0,0,0,0,0,0,0,0,0,0,0,0,0,0,0,0,0,0,0,0,0,0,0,0,0,0,0,0,0,0,0,0,0,0,0,0,0,0,0,0,0,0,0,0,0]","[0.0206878,-0.845788,2.88572,1.61602,0.975812,4.32804,4.36004,2.28526,-3.8885,-2.15091,-0.612813,4.21012,0.417862,-4.43753,-4.72796,1.47189,3.05634,3.18173,-0.389244,1.2063,5.46301,5.51172,5.72823,4.32474,0.512334,-1.55558,2.55851,1.89111,4.75886,-5.14823,-3.48039,2.10562,-2.30315,-3.34984,-2.01563,3.61304,-4.52967,0.614206,1.31629,5.42095,-5.96306,-4.53016,4.75532,3.62545,-4.45476,-2.23423,4.95879,4.79607,4.01691,-0.741275,0.404894,4.10841,-0.193895,5.86212,-3.96026,-0.722038,4.76284,0.0152552,5.37037,-3.82169,0.241987,-5.9345,-5.00309,4.27462,-1.95872,0.805231,1.09103,-2.85487,-3.23029,-3.02446,-3.77178,4.88138,2.24611,-4.58239,-3.65451,-1.44341,-0.613394,4.74046,4.42419,5.70439,4.3199,4.98521,0.851547,-1.23657,5.97532,-4.28242,-0.812884,-5.02349,-2.7666,-4.39232,-3.88353,4.81151,-0.654845,-5.89344,1.97131,-5.96945,-4.53155,4.40497,-5.01427,-3.80564,0.957433,3.99878,-3.34638,-4.13924,-3.6074,5.59792,2.43323,-1.94526,-1.67456,-5.37822,6.08322,-5.0231,1.21548,-0.318243,4.78609,-1.07964,2.97659,5.29649,-2.74156,-4.02881,0.178588,3.25866,-4.56973,-3.04424,-3.37418,-4.85815,3.90704,-5.61765,-5.13747,-0.4292,0.548029,-3.64817,-4.16391,-1.92434,2.80233,-3.58041,4.41212,-4.50543,6.01897,2.97434,0.799054,5.23872,3.47296,5.21173,4.22138,0.545519,-4.82215,-5.10332,-1.21275,3.84633,-1.66029,5.07732,4.44533,2.50754,0.621298,-5.08913,-0.326886,5.75599,4.08712,-5.8914,0.514342,5.67053,-5.39652,-2.02948,1.04048,-1.80385,-4.77074,3.40083,3.75062,-1.60898,2.08876,5.52416,1.52619,-1.47919,3.17187,-3.30338,-2.58879,-4.18031,4.4249,3.19198,-3.04977,3.25067,4.47262,-1.03256,-4.32328,-4.93802,-1.95329,-3.4293,-3.65145,-3.19298,4.26209,-0.292252,2.42431,2.52068,-0.395176,0.413875,2.1855,3.22349,-0.904397,-4.8252,4.60224,-3.52456,-2.80408,-1.32445,4.48017,4.3576,-2.93772,1.87257,5.79201,-3.99665,-0.0132665,-5.18659,-1.87198,-4.46298,-4.42046,3.32695,-3.48948,-3.39343,0.987649,-0.597804,3.24196,1.484,1.42131,1.52703,0.384697,-2.5556,-3.30456,-3.22596,4.28678,2.38797,-0.487924,-3.02176,0.258834,-3.34017,-3.74882,-3.76097,-4.95281,-0.00241555,-0.125857,0.185264,-3.3763,-1.20758,-2.34062,-3.88754,-4.15019,-4.6451,3.94499,-5.34299,-2.86851,-5.11558,-3.27808,-3.7788,5.97257,2.86586,-1.09837]","[0,0,0,0,0,0,0,0,0,0,0,0,0,0,0,0,0,0,0,0,0,0,0,0,0,0,0,0,0,0,0,0,0,0,0,0,0,0,0,0,0,0,0,0,0,0,0,0,0,0,0,0,0,0,0,0,0,0,0,0,0,0,0,0,0,0,0,0,0,0,0,0,0,0,0,0,0,0,0,0,0,0,0,0,0,0,0,0,0,0,0,0,0,0,0,0,0,0,0,0,0,0,0,0,0,0,0,0,0,0,0,0,0,0,0,0,0,0,0,0,0,0,0,0,0,0,0,0,0,0,0,0,0,0,0,0,0,0,0,0,0,0,0,0,0,0,0,0,0,0,0,0,0,0,0,0,0,0,0,0,0,0,0,0,0,0,0,0,0,0,0,0,0,0,0,0,0,0,0,0,0,0,0,0,0,0,0,0,0,0,0,0,0,0,0,0,0,0,0,0,0,0,0,0,0,0,0,0,0,0,0,0,0,0,0,0,0,0,0,0,0,0,0,0,0,0,0,0,0,0,0,0,0,0,0,0,0,0,0,0,0,0,0,0,0,0,0,0,0,0,0,0,0,0,0]","Output
└─ 0 (V = 17, active): Op[5] (arity = 1)
       └─ 1 (V = 13, active): Op[1] (arity = 2)
              └─ 3 (V = 16, active): Op[4] (arity = 1)
                     └─ 7 (V = 12, active): Op[0] (arity = 2)
                            └─ 15 (V = 19, active): Op[7] (arity = 1)
                                   └─ 31 (V = 17, active): Op[5] (arity = 1)
                                          └─ 63 (V = 17, active): Op[5] (arity = 1)
                                                 └─ 127 (V = 6, active): Input[6]
                                                 └─ 128 (V = 2, inactive): Input[2]
                                          └─ 64 (V = 19, inactive): Op[7] (arity = 1)
                                                 └─ 129 (V = 0, inactive): Input[0]
                                                 └─ 130 (V = 8, inactive): Input[8]
                                   └─ 32 (V = 12, inactive): Op[0] (arity = 2)
                                          └─ 65 (V = 7, inactive): Input[7]
                                                 └─ 131 (V = 5, inactive): Input[5]
                                                 └─ 132 (V = 6, inactive): Input[6]
                                          └─ 66 (V = 16, inactive): Op[4] (arity = 1)
                                                 └─ 133 (V = 3, inactive): Input[3]
                                                 └─ 134 (V = 0, inactive): Input[0]
                            └─ 16 (V = 5, active): Input[5]
                                   └─ 33 (V = 12, inactive): Op[0] (arity = 2)
                                          └─ 67 (V = 12, inactive): Op[0] (arity = 2)
                                                 └─ 135 (V = 2, inactive): Input[2]
                                                 └─ 136 (V = 5, inactive): Input[5]
                                          └─ 68 (V = 14, inactive): Op[2] (arity = 2)
                                                 └─ 137 (V = 7, inactive): Input[7]
                                                 └─ 138 (V = 3, inactive): Input[3]
                                   └─ 34 (V = 7, inactive): Input[7]
                                          └─ 69 (V = 12, inactive): Op[0] (arity = 2)
                                                 └─ 139 (V = 1, inactive): Input[1]
                                                 └─ 140 (V = 9, inactive): Constant[0] -> 0.799054
                                          └─ 70 (V = 18, inactive): Op[6] (arity = 1)
                                                 └─ 141 (V = 7, inactive): Input[7]
                                                 └─ 142 (V = 6, inactive): Input[6]
                     └─ 8 (V = 18, inactive): Op[6] (arity = 1)
                            └─ 17 (V = 17, inactive): Op[5] (arity = 1)
                                   └─ 35 (V = 17, inactive): Op[5] (arity = 1)
                                          └─ 71 (V = 3, inactive): Input[3]
                                                 └─ 143 (V = 2, inactive): Input[2]
                                                 └─ 144 (V = 5, inactive): Input[5]
                                          └─ 72 (V = 13, inactive): Op[1] (arity = 2)
                                                 └─ 145 (V = 0, inactive): Input[0]
                                                 └─ 146 (V = 8, inactive): Input[8]
                                   └─ 36 (V = 17, inactive): Op[5] (arity = 1)
                                          └─ 73 (V = 19, inactive): Op[7] (arity = 1)
                                                 └─ 147 (V = 6, inactive): Input[6]
                                                 └─ 148 (V = 3, inactive): Input[3]
                                          └─ 74 (V = 18, inactive): Op[6] (arity = 1)
                                                 └─ 149 (V = 8, inactive): Input[8]
                                                 └─ 150 (V = 7, inactive): Input[7]
                            └─ 18 (V = 17, inactive): Op[5] (arity = 1)
                                   └─ 37 (V = 7, inactive): Input[7]
                                          └─ 75 (V = 17, inactive): Op[5] (arity = 1)
                                                 └─ 151 (V = 6, inactive): Input[6]
                                                 └─ 152 (V = 1, inactive): Input[1]
                                          └─ 76 (V = 2, inactive): Input[2]
                                                 └─ 153 (V = 2, inactive): Input[2]
                                                 └─ 154 (V = 4, inactive): Input[4]
                                   └─ 38 (V = 19, inactive): Op[7] (arity = 1)
                                          └─ 77 (V = 3, inactive): Input[3]
                                                 └─ 155 (V = 8, inactive): Input[8]
                                                 └─ 156 (V = 2, inactive): Input[2]
                                          └─ 78 (V = 9, inactive): Constant[0] -> 4.42419
                                                 └─ 157 (V = 2, inactive): Input[2]
                                                 └─ 158 (V = 3, inactive): Input[3]
              └─ 4 (V = 13, active): Op[1] (arity = 2)
                     └─ 9 (V = 0, active): Input[0]
                            └─ 19 (V = 16, inactive): Op[4] (arity = 1)
                                   └─ 39 (V = 15, inactive): Op[3] (arity = 2)
                                          └─ 79 (V = 14, inactive): Op[2] (arity = 2)
                                                 └─ 159 (V = 8, inactive): Input[8]
                                                 └─ 160 (V = 7, inactive): Input[7]
                                          └─ 80 (V = 12, inactive): Op[0] (arity = 2)
                                                 └─ 161 (V = 4, inactive): Input[4]
                                                 └─ 162 (V = 3, inactive): Input[3]
                                   └─ 40 (V = 13, inactive): Op[1] (arity = 2)
                                          └─ 81 (V = 17, inactive): Op[5] (arity = 1)
                                                 └─ 163 (V = 0, inactive): Input[0]
                                                 └─ 164 (V = 0, inactive): Input[0]
                                          └─ 82 (V = 3, inactive): Input[3]
                                                 └─ 165 (V = 3, inactive): Input[3]
                                                 └─ 166 (V = 7, inactive): Input[7]
                            └─ 20 (V = 7, inactive): Input[7]
                                   └─ 41 (V = 12, inactive): Op[0] (arity = 2)
                                          └─ 83 (V = 17, inactive): Op[5] (arity = 1)
                                                 └─ 167 (V = 1, inactive): Input[1]
                                                 └─ 168 (V = 2, inactive): Input[2]
                                          └─ 84 (V = 14, inactive): Op[2] (arity = 2)
                                                 └─ 169 (V = 1, inactive): Input[1]
                                                 └─ 170 (V = 9, inactive): Constant[0] -> 2.08876
                                   └─ 42 (V = 15, inactive): Op[3] (arity = 2)
                                          └─ 85 (V = 19, inactive): Op[7] (arity = 1)
                                                 └─ 171 (V = 0, inactive): Input[0]
                                                 └─ 172 (V = 8, inactive): Input[8]
                                          └─ 86 (V = 12, inactive): Op[0] (arity = 2)
                                                 └─ 173 (V = 3, inactive): Input[3]
                                                 └─ 174 (V = 2, inactive): Input[2]
                     └─ 10 (V = 17, active): Op[5] (arity = 1)
                            └─ 21 (V = 6, active): Input[6]
                                   └─ 43 (V = 16, inactive): Op[4] (arity = 1)
                                          └─ 87 (V = 19, inactive): Op[7] (arity = 1)
                                                 └─ 175 (V = 8, inactive): Input[8]
                                                 └─ 176 (V = 3, inactive): Input[3]
                                          └─ 88 (V = 16, inactive): Op[4] (arity = 1)
                                                 └─ 177 (V = 7, inactive): Input[7]
                                                 └─ 178 (V = 2, inactive): Input[2]
                                   └─ 44 (V = 9, inactive): Constant[0] -> -4.45476
                                          └─ 89 (V = 12, inactive): Op[0] (arity = 2)
                                                 └─ 179 (V = 5, inactive): Input[5]
                                                 └─ 180 (V = 3, inactive): Input[3]
                                          └─ 90 (V = 13, inactive): Op[1] (arity = 2)
                                                 └─ 181 (V = 4, inactive): Input[4]
                                                 └─ 182 (V = 0, inactive): Input[0]
                            └─ 22 (V = 19, inactive): Op[7] (arity = 1)
                                   └─ 45 (V = 18, inactive): Op[6] (arity = 1)
                                          └─ 91 (V = 2, inactive): Input[2]
                                                 └─ 183 (V = 8, inactive): Input[8]
                                                 └─ 184 (V = 0, inactive): Input[0]
                                          └─ 92 (V = 17, inactive): Op[5] (arity = 1)
                                                 └─ 185 (V = 1, inactive): Input[1]
                                                 └─ 186 (V = 3, inactive): Input[3]
                                   └─ 46 (V = 18, inactive): Op[6] (arity = 1)
                                          └─ 93 (V = 0, inactive): Input[0]
                                                 └─ 187 (V = 4, inactive): Input[4]
                                                 └─ 188 (V = 1, inactive): Input[1]
                                          └─ 94 (V = 12, inactive): Op[0] (arity = 2)
                                                 └─ 189 (V = 4, inactive): Input[4]
                                                 └─ 190 (V = 2, inactive): Input[2]
       └─ 2 (V = 13, inactive): Op[1] (arity = 2)
              └─ 5 (V = 14, inactive): Op[2] (arity = 2)
                     └─ 11 (V = 15, inactive): Op[3] (arity = 2)
                            └─ 23 (V = 1, inactive): Input[1]
                                   └─ 47 (V = 14, inactive): Op[2] (arity = 2)
                                          └─ 95 (V = 13, inactive): Op[1] (arity = 2)
                                                 └─ 191 (V = 1, inactive): Input[1]
                                                 └─ 192 (V = 8, inactive): Input[8]
                                          └─ 96 (V = 19, inactive): Op[7] (arity = 1)
                                                 └─ 193 (V = 0, inactive): Input[0]
                                                 └─ 194 (V = 2, inactive): Input[2]
                                   └─ 48 (V = 14, inactive): Op[2] (arity = 2)
                                          └─ 97 (V = 13, inactive): Op[1] (arity = 2)
                                                 └─ 195 (V = 3, inactive): Input[3]
                                                 └─ 196 (V = 9, inactive): Constant[0] -> 2.1855
                                          └─ 98 (V = 19, inactive): Op[7] (arity = 1)
                                                 └─ 197 (V = 3, inactive): Input[3]
                                                 └─ 198 (V = 9, inactive): Constant[0] -> -0.904397
                            └─ 24 (V = 18, inactive): Op[6] (arity = 1)
                                   └─ 49 (V = 6, inactive): Input[6]
                                          └─ 99 (V = 19, inactive): Op[7] (arity = 1)
                                                 └─ 199 (V = 0, inactive): Input[0]
                                                 └─ 200 (V = 8, inactive): Input[8]
                                          └─ 100 (V = 13, inactive): Op[1] (arity = 2)
                                                 └─ 201 (V = 3, inactive): Input[3]
                                                 └─ 202 (V = 1, inactive): Input[1]
                                   └─ 50 (V = 14, inactive): Op[2] (arity = 2)
                                          └─ 101 (V = 19, inactive): Op[7] (arity = 1)
                                                 └─ 203 (V = 1, inactive): Input[1]
                                                 └─ 204 (V = 5, inactive): Input[5]
                                          └─ 102 (V = 12, inactive): Op[0] (arity = 2)
                                                 └─ 205 (V = 8, inactive): Input[8]
                                                 └─ 206 (V = 2, inactive): Input[2]
                     └─ 12 (V = 14, inactive): Op[2] (arity = 2)
                            └─ 25 (V = 17, inactive): Op[5] (arity = 1)
                                   └─ 51 (V = 4, inactive): Input[4]
                                          └─ 103 (V = 19, inactive): Op[7] (arity = 1)
                                                 └─ 207 (V = 7, inactive): Input[7]
                                                 └─ 208 (V = 7, inactive): Input[7]
                                          └─ 104 (V = 19, inactive): Op[7] (arity = 1)
                                                 └─ 209 (V = 2, inactive): Input[2]
                                                 └─ 210 (V = 3, inactive): Input[3]
                                   └─ 52 (V = 3, inactive): Input[3]
                                          └─ 105 (V = 13, inactive): Op[1] (arity = 2)
                                                 └─ 211 (V = 3, inactive): Input[3]
                                                 └─ 212 (V = 5, inactive): Input[5]
                                          └─ 106 (V = 17, inactive): Op[5] (arity = 1)
                                                 └─ 213 (V = 9, inactive): Constant[0] -> -4.46298
                                                 └─ 214 (V = 6, inactive): Input[6]
                            └─ 26 (V = 16, inactive): Op[4] (arity = 1)
                                   └─ 53 (V = 19, inactive): Op[7] (arity = 1)
                                          └─ 107 (V = 5, inactive): Input[5]
                                                 └─ 215 (V = 2, inactive): Input[2]
                                                 └─ 216 (V = 1, inactive): Input[1]
                                          └─ 108 (V = 12, inactive): Op[0] (arity = 2)
                                                 └─ 217 (V = 7, inactive): Input[7]
                                                 └─ 218 (V = 4, inactive): Input[4]
                                   └─ 54 (V = 3, inactive): Input[3]
                                          └─ 109 (V = 1, inactive): Input[1]
                                                 └─ 219 (V = 9, inactive): Constant[0] -> -0.597804
                                                 └─ 220 (V = 1, inactive): Input[1]
                                          └─ 110 (V = 9, inactive): Constant[0] -> 6.08322
                                                 └─ 221 (V = 9, inactive): Constant[0] -> 1.484
                                                 └─ 222 (V = 8, inactive): Input[8]
              └─ 6 (V = 17, inactive): Op[5] (arity = 1)
                     └─ 13 (V = 15, inactive): Op[3] (arity = 2)
                            └─ 27 (V = 12, inactive): Op[0] (arity = 2)
                                   └─ 55 (V = 15, inactive): Op[3] (arity = 2)
                                          └─ 111 (V = 3, inactive): Input[3]
                                                 └─ 223 (V = 3, inactive): Input[3]
                                                 └─ 224 (V = 3, inactive): Input[3]
                                          └─ 112 (V = 13, inactive): Op[1] (arity = 2)
                                                 └─ 225 (V = 5, inactive): Input[5]
                                                 └─ 226 (V = 1, inactive): Input[1]
                                   └─ 56 (V = 2, inactive): Input[2]
                                          └─ 113 (V = 18, inactive): Op[6] (arity = 1)
                                                 └─ 227 (V = 0, inactive): Input[0]
                                                 └─ 228 (V = 4, inactive): Input[4]
                                          └─ 114 (V = 6, inactive): Input[6]
                                                 └─ 229 (V = 7, inactive): Input[7]
                                                 └─ 230 (V = 6, inactive): Input[6]
                            └─ 28 (V = 19, inactive): Op[7] (arity = 1)
                                   └─ 57 (V = 19, inactive): Op[7] (arity = 1)
                                          └─ 115 (V = 19, inactive): Op[7] (arity = 1)
                                                 └─ 231 (V = 9, inactive): Constant[0] -> -3.02176
                                                 └─ 232 (V = 7, inactive): Input[7]
                                          └─ 116 (V = 14, inactive): Op[2] (arity = 2)
                                                 └─ 233 (V = 2, inactive): Input[2]
                                                 └─ 234 (V = 5, inactive): Input[5]
                                   └─ 58 (V = 5, inactive): Input[5]
                                          └─ 117 (V = 15, inactive): Op[3] (arity = 2)
                                                 └─ 235 (V = 3, inactive): Input[3]
                                                 └─ 236 (V = 4, inactive): Input[4]
                                          └─ 118 (V = 17, inactive): Op[5] (arity = 1)
                                                 └─ 237 (V = 0, inactive): Input[0]
                                                 └─ 238 (V = 3, inactive): Input[3]
                     └─ 14 (V = 18, inactive): Op[6] (arity = 1)
                            └─ 29 (V = 9, inactive): Constant[0] -> -5.14823
                                   └─ 59 (V = 17, inactive): Op[5] (arity = 1)
                                          └─ 119 (V = 19, inactive): Op[7] (arity = 1)
                                                 └─ 239 (V = 8, inactive): Input[8]
                                                 └─ 240 (V = 0, inactive): Input[0]
                                          └─ 120 (V = 12, inactive): Op[0] (arity = 2)
                                                 └─ 241 (V = 4, inactive): Input[4]
                                                 └─ 242 (V = 9, inactive): Constant[0] -> -2.34062
                                   └─ 60 (V = 3, inactive): Input[3]
                                          └─ 121 (V = 0, inactive): Input[0]
                                                 └─ 243 (V = 5, inactive): Input[5]
                                                 └─ 244 (V = 4, inactive): Input[4]
                                          └─ 122 (V = 15, inactive): Op[3] (arity = 2)
                                                 └─ 245 (V = 7, inactive): Input[7]
                                                 └─ 246 (V = 8, inactive): Input[8]
                            └─ 30 (V = 9, inactive): Constant[0] -> -3.48039
                                   └─ 61 (V = 7, inactive): Input[7]
                                          └─ 123 (V = 2, inactive): Input[2]
                                                 └─ 247 (V = 9, inactive): Constant[0] -> -5.34299
                                                 └─ 248 (V = 8, inactive): Input[8]
                                          └─ 124 (V = 14, inactive): Op[2] (arity = 2)
                                                 └─ 249 (V = 8, inactive): Input[8]
                                                 └─ 250 (V = 8, inactive): Input[8]
                                   └─ 62 (V = 14, inactive): Op[2] (arity = 2)
                                          └─ 125 (V = 17, inactive): Op[5] (arity = 1)
                                                 └─ 251 (V = 8, inactive): Input[8]
                                                 └─ 252 (V = 2, inactive): Input[2]
                                          └─ 126 (V = 8, inactive): Input[8]
                                                 └─ 253 (V = 2, inactive): Input[2]
                                                 └─ 254 (V = 5, inactive): Input[5]
",cos((sin((sqrt(cos(cos(x6))) + x5)) - (x0 - cos(x6)))),3.33668,[3.33668],0,
Running,60687,2,2.00277981,1.646182652,0.356597158,1024,3,modular_1,single_kernel_inplace,1024,666,9,2,7,modular,0,0,3324115916,4.1594454033974815,3324115916,"[15,11,11,14,11,12,15,10,16,0,15,13,12,13,16,0,5,16,15,14,7,6,17,1,16,15,14,2,5,2,17,15,10,10,7,1,14,7,10,14,0,5,16,14,17,16,16,12,12,6,14,4,3,17,3,14,5,8,11,11,12,16,11,15,15,7,2,10,12,10,17,8,0,13,14,15,17,10,10,10,12,10,15,5,0,17,2,17,14,0,7,2,15,0,10,11,17,11,17,15,15,11,1,10,1,11,15,10,10,1,9,17,6,16,17,11,1,13,8,14,17,11,0,14,14,16,5,6,2,0,5,5,6,3,0,2,5,7,3,1,9,4,9,1,0,4,5,6,3,1,7,0,5,9,8,3,8,6,3,0,0,6,3,1,1,1,9,0,6,6,7,0,8,5,5,3,3,7,2,8,8,4,0,8,0,1,3,4,1,4,2,1,8,0,2,3,9,3,9,8,2,1,2,6,0,0,6,6,8,5,9,3,5,9,6,2,1,7,4,9,1,9,8,2,4,3,4,1,0,1,6,4,6,5,3,3,4,9,5,4,5,0,9,3,6,3,4,9,8,7,9,9,3,7,3]","[1,1,0,1,1,0,0,1,0,1,1,0,0,0,0,1,1,0,0,0,0,1,0,0,0,0,0,0,0,0,0,0,0,0,0,0,0,0,0,0,0,0,0,0,0,0,0,0,0,0,0,0,0,0,0,0,0,0,0,0,0,0,0,0,0,0,0,0,0,0,0,0,0,0,0,0,0,0,0,0,0,0,0,0,0,0,0,0,0,0,0,0,0,0,0,0,0,0,0,0,0,0,0,0,0,0,0,0,0,0,0,0,0,0,0,0,0,0,0,0,0,0,0,0,0,0,0,0,0,0,0,0,0,0,0,0,0,0,0,0,0,0,0,0,0,0,0,0,0,0,0,0,0,0,0,0,0,0,0,0,0,0,0,0,0,0,0,0,0,0,0,0,0,0,0,0,0,0,0,0,0,0,0,0,0,0,0,0,0,0,0,0,0,0,0,0,0,0,0,0,0,0,0,0,0,0,0,0,0,0,0,0,0,0,0,0,0,0,0,0,0,0,0,0,0,0,0,0,0,0,0,0,0,0,0,0,0,0,0,0,0,0,0,0,0,0,0,0,0,0,0,0,0,0,0]","[0.0206878,-0.845788,2.88572,1.61602,0.975812,4.32804,4.36004,2.28526,-3.8885,-2.15091,-0.612813,4.21012,0.417862,-4.43753,-4.72796,2.19047,3.05634,0.400116,-0.389244,1.2063,5.46301,5.51172,5.72823,4.32474,0.512334,-1.55558,2.55851,4.36316,1.20261,1.66468,-1.31533,2.10562,-2.30315,-3.34984,-2.01563,0.0567434,0.00876275,0.614206,-6.02957,3.84648,1.25511,-2.52431,4.75341,3.62545,3.45015,-2.23423,4.95879,4.79607,4.01691,-0.741275,5.71256,4.10841,-0.193895,5.86212,-3.96026,5.41378,2.63432,-1.95221,5.28219,3.64235,2.42989,1.48403,3.50099,4.27462,-2.51406,0.805231,-1.22382,-2.85487,-3.23029,-3.02446,-3.90035,3.20093,-2.17258,0.153102,-1.34923,1.50119,-2.61352,1.85231,4.24259,4.56413,-3.34034,0.622958,5.96573,-0.0885447,-4.79711,-4.28242,3.77757,-5.02349,-2.7666,3.98054,-4.32028,4.81151,-0.654845,-5.89344,1.97131,-5.96945,-4.53155,4.40497,-5.01427,3.82327,1.80364,5.55863,0.504791,4.31154,5.65149,5.59792,2.43323,4.55919,-1.67456,-5.37822,6.08322,0.589698,-3.41701,-4.91596,-0.697675,1.76483,0.918275,5.29649,-2.16701,-1.1431,1.35455,0.810001,5.18854,4.39419,1.46669,3.65685,3.04069,-5.61765,-5.13747,-0.4292,1.97584,-3.64817,-4.16391,-1.92434,2.80233,-3.58041,4.41212,-4.50543,6.01897,2.97434,0.799054,2.7499,1.69403,-4.29734,3.57216,-1.32213,5.7454,-0.212912,-3.49907,-1.77599,5.74865,2.11924,-2.0645,-3.96141,-2.13704,3.24886,0.705069,-5.38209,5.76609,5.11676,-5.73713,3.31007,3.6037,4.81005,2.99006,-1.93954,-5.15295,5.95975,-3.80589,-4.51118,-2.99245,5.52416,1.52619,-3.77515,1.70781,-2.40112,-2.58879,-4.18031,4.4249,-0.909984,4.82816,4.83512,4.47262,-1.03256,-4.32328,-4.93802,-1.95329,-3.4293,-3.65145,-3.19298,4.26209,-0.292252,2.42431,2.52068,-0.395176,0.413875,2.1855,3.22349,-0.904397,-3.49015,1.58933,5.12593,2.41712,4.55491,-5.42231,4.0383,-3.18531,3.72023,-5.14264,3.21169,2.42274,-5.18659,-1.87198,-4.46298,-4.42046,3.32695,5.29341,-3.39343,0.987649,-0.597804,3.24196,1.484,1.42131,-0.471612,5.07294,3.72844,-5.12243,2.78927,0.420084,-4.42209,4.95253,5.84223,-2.55906,1.74408,-3.30619,-3.76097,-4.95281,1.75195,-2.16136,3.33433,1.36681,-5.76779,1.44119,0.0913388,-2.88347,-1.21014,2.04446,2.68587,2.93882,3.98419,3.43733,4.19487,3.28006,-4.2168,0.387051]","[0,0,0,0,0,0,0,0,0,0,0,0,0,0,0,0,0,0,0,0,0,0,0,0,0,0,0,0,0,0,0,0,0,0,0,0,0,0,0,0,0,0,0,0,0,0,0,0,0,0,0,0,0,0,0,0,0,0,0,0,0,0,0,0,0,0,0,0,0,0,0,0,0,0,0,0,0,0,0,0,0,0,0,0,0,0,0,0,0,0,0,0,0,0,0,0,0,0,0,0,0,0,0,0,0,0,0,0,0,0,0,0,0,0,0,0,0,0,0,0,0,0,0,0,0,0,0,0,0,0,0,0,0,0,0,0,0,0,0,0,0,0,0,0,0,0,0,0,0,0,0,0,0,0,0,0,0,0,0,0,0,0,0,0,0,0,0,0,0,0,0,0,0,0,0,0,0,0,0,0,0,0,0,0,0,0,0,0,0,0,0,0,0,0,0,0,0,0,0,0,0,0,0,0,0,0,0,0,0,0,0,0,0,0,0,0,0,0,0,0,0,0,0,0,0,0,0,0,0,0,0,0,0,0,0,0,0,0,0,0,0,0,0,0,0,0,0,0,0,0,0,0,0,0,0]","Output
└─ 0 (V = 17, active): Op[5] (arity = 1)
       └─ 1 (V = 13, active): Op[1] (arity = 2)
              └─ 3 (V = 16, active): Op[4] (arity = 1)
                     └─ 7 (V = 12, active): Op[0] (arity = 2)
                            └─ 15 (V = 0, active): Input[0]
                                   └─ 31 (V = 17, inactive): Op[5] (arity = 1)
                                          └─ 63 (V = 17, inactive): Op[5] (arity = 1)
                                                 └─ 127 (V = 6, inactive): Input[6]
                                                 └─ 128 (V = 2, inactive): Input[2]
                                          └─ 64 (V = 17, inactive): Op[5] (arity = 1)
                                                 └─ 129 (V = 0, inactive): Input[0]
                                                 └─ 130 (V = 5, inactive): Input[5]
                                   └─ 32 (V = 12, inactive): Op[0] (arity = 2)
                                          └─ 65 (V = 7, inactive): Input[7]
                                                 └─ 131 (V = 5, inactive): Input[5]
                                                 └─ 132 (V = 6, inactive): Input[6]
                                          └─ 66 (V = 2, inactive): Input[2]
                                                 └─ 133 (V = 3, inactive): Input[3]
                                                 └─ 134 (V = 0, inactive): Input[0]
                            └─ 16 (V = 5, active): Input[5]
                                   └─ 33 (V = 12, inactive): Op[0] (arity = 2)
                                          └─ 67 (V = 12, inactive): Op[0] (arity = 2)
                                                 └─ 135 (V = 2, inactive): Input[2]
                                                 └─ 136 (V = 5, inactive): Input[5]
                                          └─ 68 (V = 14, inactive): Op[2] (arity = 2)
                                                 └─ 137 (V = 7, inactive): Input[7]
                                                 └─ 138 (V = 3, inactive): Input[3]
                                   └─ 34 (V = 7, inactive): Input[7]
                                          └─ 69 (V = 12, inactive): Op[0] (arity = 2)
                                                 └─ 139 (V = 1, inactive): Input[1]
                                                 └─ 140 (V = 9, inactive): Constant[0] -> 0.799054
                                          └─ 70 (V = 19, inactive): Op[7] (arity = 1)
                                                 └─ 141 (V = 4, inactive): Input[4]
                                                 └─ 142 (V = 9, inactive): Constant[0] -> 1.69403
                     └─ 8 (V = 18, inactive): Op[6] (arity = 1)
                            └─ 17 (V = 18, inactive): Op[6] (arity = 1)
                                   └─ 35 (V = 1, inactive): Input[1]
                                          └─ 71 (V = 8, inactive): Input[8]
                                                 └─ 143 (V = 1, inactive): Input[1]
                                                 └─ 144 (V = 0, inactive): Input[0]
                                          └─ 72 (V = 0, inactive): Input[0]
                                                 └─ 145 (V = 4, inactive): Input[4]
                                                 └─ 146 (V = 5, inactive): Input[5]
                                   └─ 36 (V = 16, inactive): Op[4] (arity = 1)
                                          └─ 73 (V = 15, inactive): Op[3] (arity = 2)
                                                 └─ 147 (V = 6, inactive): Input[6]
                                                 └─ 148 (V = 3, inactive): Input[3]
                                          └─ 74 (V = 16, inactive): Op[4] (arity = 1)
                                                 └─ 149 (V = 1, inactive): Input[1]
                                                 └─ 150 (V = 7, inactive): Input[7]
                            └─ 18 (V = 17, inactive): Op[5] (arity = 1)
                                   └─ 37 (V = 7, inactive): Input[7]
                                          └─ 75 (V = 17, inactive): Op[5] (arity = 1)
                                                 └─ 151 (V = 0, inactive): Input[0]
                                                 └─ 152 (V = 5, inactive): Input[5]
                                          └─ 76 (V = 19, inactive): Op[7] (arity = 1)
                                                 └─ 153 (V = 9, inactive): Constant[0] -> -3.96141
                                                 └─ 154 (V = 8, inactive): Input[8]
                                   └─ 38 (V = 12, inactive): Op[0] (arity = 2)
                                          └─ 77 (V = 12, inactive): Op[0] (arity = 2)
                                                 └─ 155 (V = 3, inactive): Input[3]
                                                 └─ 156 (V = 8, inactive): Input[8]
                                          └─ 78 (V = 12, inactive): Op[0] (arity = 2)
                                                 └─ 157 (V = 6, inactive): Input[6]
                                                 └─ 158 (V = 3, inactive): Input[3]
              └─ 4 (V = 13, active): Op[1] (arity = 2)
                     └─ 9 (V = 0, active): Input[0]
                            └─ 19 (V = 16, inactive): Op[4] (arity = 1)
                                   └─ 39 (V = 16, inactive): Op[4] (arity = 1)
                                          └─ 79 (V = 12, inactive): Op[0] (arity = 2)
                                                 └─ 159 (V = 0, inactive): Input[0]
                                                 └─ 160 (V = 0, inactive): Input[0]
                                          └─ 80 (V = 14, inactive): Op[2] (arity = 2)
                                                 └─ 161 (V = 6, inactive): Input[6]
                                                 └─ 162 (V = 3, inactive): Input[3]
                                   └─ 40 (V = 0, inactive): Input[0]
                                          └─ 81 (V = 12, inactive): Op[0] (arity = 2)
                                                 └─ 163 (V = 1, inactive): Input[1]
                                                 └─ 164 (V = 1, inactive): Input[1]
                                          └─ 82 (V = 17, inactive): Op[5] (arity = 1)
                                                 └─ 165 (V = 1, inactive): Input[1]
                                                 └─ 166 (V = 9, inactive): Constant[0] -> -5.15295
                            └─ 20 (V = 7, inactive): Input[7]
                                   └─ 41 (V = 5, inactive): Input[5]
                                          └─ 83 (V = 5, inactive): Input[5]
                                                 └─ 167 (V = 0, inactive): Input[0]
                                                 └─ 168 (V = 6, inactive): Input[6]
                                          └─ 84 (V = 0, inactive): Input[0]
                                                 └─ 169 (V = 6, inactive): Input[6]
                                                 └─ 170 (V = 7, inactive): Input[7]
                                   └─ 42 (V = 18, inactive): Op[6] (arity = 1)
                                          └─ 85 (V = 19, inactive): Op[7] (arity = 1)
                                                 └─ 171 (V = 0, inactive): Input[0]
                                                 └─ 172 (V = 8, inactive): Input[8]
                                          └─ 86 (V = 2, inactive): Input[2]
                                                 └─ 173 (V = 5, inactive): Input[5]
                                                 └─ 174 (V = 5, inactive): Input[5]
                     └─ 10 (V = 17, active): Op[5] (arity = 1)
                            └─ 21 (V = 6, active): Input[6]
                                   └─ 43 (V = 16, inactive): Op[4] (arity = 1)
                                          └─ 87 (V = 19, inactive): Op[7] (arity = 1)
                                                 └─ 175 (V = 3, inactive): Input[3]
                                                 └─ 176 (V = 3, inactive): Input[3]
                                          └─ 88 (V = 16, inactive): Op[4] (arity = 1)
                                                 └─ 177 (V = 7, inactive): Input[7]
                                                 └─ 178 (V = 2, inactive): Input[2]
                                   └─ 44 (V = 19, inactive): Op[7] (arity = 1)
                                          └─ 89 (V = 0, inactive): Input[0]
                                                 └─ 179 (V = 8, inactive): Input[8]
                                                 └─ 180 (V = 8, inactive): Input[8]
                                          └─ 90 (V = 7, inactive): Input[7]
                                                 └─ 181 (V = 4, inactive): Input[4]
                                                 └─ 182 (V = 0, inactive): Input[0]
                            └─ 22 (V = 19, inactive): Op[7] (arity = 1)
                                   └─ 45 (V = 18, inactive): Op[6] (arity = 1)
                                          └─ 91 (V = 2, inactive): Input[2]
                                                 └─ 183 (V = 8, inactive): Input[8]
                                                 └─ 184 (V = 0, inactive): Input[0]
                                          └─ 92 (V = 17, inactive): Op[5] (arity = 1)
                                                 └─ 185 (V = 1, inactive): Input[1]
                                                 └─ 186 (V = 3, inactive): Input[3]
                                   └─ 46 (V = 18, inactive): Op[6] (arity = 1)
                                          └─ 93 (V = 0, inactive): Input[0]
                                                 └─ 187 (V = 4, inactive): Input[4]
                                                 └─ 188 (V = 1, inactive): Input[1]
                                          └─ 94 (V = 12, inactive): Op[0] (arity = 2)
                                                 └─ 189 (V = 4, inactive): Input[4]
                                                 └─ 190 (V = 2, inactive): Input[2]
       └─ 2 (V = 13, inactive): Op[1] (arity = 2)
              └─ 5 (V = 14, inactive): Op[2] (arity = 2)
                     └─ 11 (V = 15, inactive): Op[3] (arity = 2)
                            └─ 23 (V = 1, inactive): Input[1]
                                   └─ 47 (V = 14, inactive): Op[2] (arity = 2)
                                          └─ 95 (V = 13, inactive): Op[1] (arity = 2)
                                                 └─ 191 (V = 1, inactive): Input[1]
                                                 └─ 192 (V = 8, inactive): Input[8]
                                          └─ 96 (V = 19, inactive): Op[7] (arity = 1)
                                                 └─ 193 (V = 0, inactive): Input[0]
                                                 └─ 194 (V = 2, inactive): Input[2]
                                   └─ 48 (V = 14, inactive): Op[2] (arity = 2)
                                          └─ 97 (V = 13, inactive): Op[1] (arity = 2)
                                                 └─ 195 (V = 3, inactive): Input[3]
                                                 └─ 196 (V = 9, inactive): Constant[0] -> 2.1855
                                          └─ 98 (V = 19, inactive): Op[7] (arity = 1)
                                                 └─ 197 (V = 3, inactive): Input[3]
                                                 └─ 198 (V = 9, inactive): Constant[0] -> -0.904397
                            └─ 24 (V = 18, inactive): Op[6] (arity = 1)
                                   └─ 49 (V = 6, inactive): Input[6]
                                          └─ 99 (V = 17, inactive): Op[5] (arity = 1)
                                                 └─ 199 (V = 8, inactive): Input[8]
                                                 └─ 200 (V = 2, inactive): Input[2]
                                          └─ 100 (V = 17, inactive): Op[5] (arity = 1)
                                                 └─ 201 (V = 1, inactive): Input[1]
                                                 └─ 202 (V = 2, inactive): Input[2]
                                   └─ 50 (V = 16, inactive): Op[4] (arity = 1)
                                          └─ 101 (V = 13, inactive): Op[1] (arity = 2)
                                                 └─ 203 (V = 6, inactive): Input[6]
                                                 └─ 204 (V = 0, inactive): Input[0]
                                          └─ 102 (V = 1, inactive): Input[1]
                                                 └─ 205 (V = 0, inactive): Input[0]
                                                 └─ 206 (V = 6, inactive): Input[6]
                     └─ 12 (V = 14, inactive): Op[2] (arity = 2)
                            └─ 25 (V = 17, inactive): Op[5] (arity = 1)
                                   └─ 51 (V = 4, inactive): Input[4]
                                          └─ 103 (V = 12, inactive): Op[0] (arity = 2)
                                                 └─ 207 (V = 6, inactive): Input[6]
                                                 └─ 208 (V = 8, inactive): Input[8]
                                          └─ 104 (V = 1, inactive): Input[1]
                                                 └─ 209 (V = 5, inactive): Input[5]
                                                 └─ 210 (V = 9, inactive): Constant[0] -> 2.42274
                                   └─ 52 (V = 3, inactive): Input[3]
                                          └─ 105 (V = 13, inactive): Op[1] (arity = 2)
                                                 └─ 211 (V = 3, inactive): Input[3]
                                                 └─ 212 (V = 5, inactive): Input[5]
                                          └─ 106 (V = 17, inactive): Op[5] (arity = 1)
                                                 └─ 213 (V = 9, inactive): Constant[0] -> -4.46298
                                                 └─ 214 (V = 6, inactive): Input[6]
                            └─ 26 (V = 16, inactive): Op[4] (arity = 1)
                                   └─ 53 (V = 19, inactive): Op[7] (arity = 1)
                                          └─ 107 (V = 12, inactive): Op[0] (arity = 2)
                                                 └─ 215 (V = 2, inactive): Input[2]
                                                 └─ 216 (V = 1, inactive): Input[1]
                                          └─ 108 (V = 12, inactive): Op[0] (arity = 2)
                                                 └─ 217 (V = 7, inactive): Input[7]
                                                 └─ 218 (V = 4, inactive): Input[4]
                                   └─ 54 (V = 3, inactive): Input[3]
                                          └─ 109 (V = 1, inactive): Input[1]
                                                 └─ 219 (V = 9, inactive): Constant[0] -> -0.597804
                                                 └─ 220 (V = 1, inactive): Input[1]
                                          └─ 110 (V = 9, inactive): Constant[0] -> 6.08322
                                                 └─ 221 (V = 9, inactive): Constant[0] -> 1.484
                                                 └─ 222 (V = 8, inactive): Input[8]
              └─ 6 (V = 17, inactive): Op[5] (arity = 1)
                     └─ 13 (V = 15, inactive): Op[3] (arity = 2)
                            └─ 27 (V = 2, inactive): Input[2]
                                   └─ 55 (V = 16, inactive): Op[4] (arity = 1)
                                          └─ 111 (V = 19, inactive): Op[7] (arity = 1)
                                                 └─ 223 (V = 2, inactive): Input[2]
                                                 └─ 224 (V = 4, inactive): Input[4]
                                          └─ 112 (V = 6, inactive): Input[6]
                                                 └─ 225 (V = 3, inactive): Input[3]
                                                 └─ 226 (V = 4, inactive): Input[4]
                                   └─ 56 (V = 5, inactive): Input[5]
                                          └─ 113 (V = 18, inactive): Op[6] (arity = 1)
                                                 └─ 227 (V = 1, inactive): Input[1]
                                                 └─ 228 (V = 0, inactive): Input[0]
                                          └─ 114 (V = 19, inactive): Op[7] (arity = 1)
                                                 └─ 229 (V = 1, inactive): Input[1]
                                                 └─ 230 (V = 6, inactive): Input[6]
                            └─ 28 (V = 5, inactive): Input[5]
                                   └─ 57 (V = 8, inactive): Input[8]
                                          └─ 115 (V = 13, inactive): Op[1] (arity = 2)
                                                 └─ 231 (V = 4, inactive): Input[4]
                                                 └─ 232 (V = 6, inactive): Input[6]
                                          └─ 116 (V = 1, inactive): Input[1]
                                                 └─ 233 (V = 5, inactive): Input[5]
                                                 └─ 234 (V = 3, inactive): Input[3]
                                   └─ 58 (V = 13, inactive): Op[1] (arity = 2)
                                          └─ 117 (V = 15, inactive): Op[3] (arity = 2)
                                                 └─ 235 (V = 3, inactive): Input[3]
                                                 └─ 236 (V = 4, inactive): Input[4]
                                          └─ 118 (V = 8, inactive): Input[8]
                                                 └─ 237 (V = 9, inactive): Constant[0] -> 1.75195
                                                 └─ 238 (V = 5, inactive): Input[5]
                     └─ 14 (V = 18, inactive): Op[6] (arity = 1)
                            └─ 29 (V = 2, inactive): Input[2]
                                   └─ 59 (V = 13, inactive): Op[1] (arity = 2)
                                          └─ 119 (V = 16, inactive): Op[4] (arity = 1)
                                                 └─ 239 (V = 4, inactive): Input[4]
                                                 └─ 240 (V = 5, inactive): Input[5]
                                          └─ 120 (V = 19, inactive): Op[7] (arity = 1)
                                                 └─ 241 (V = 0, inactive): Input[0]
                                                 └─ 242 (V = 9, inactive): Constant[0] -> 1.44119
                                   └─ 60 (V = 14, inactive): Op[2] (arity = 2)
                                          └─ 121 (V = 13, inactive): Op[1] (arity = 2)
                                                 └─ 243 (V = 3, inactive): Input[3]
                                                 └─ 244 (V = 6, inactive): Input[6]
                                          └─ 122 (V = 0, inactive): Input[0]
                                                 └─ 245 (V = 3, inactive): Input[3]
                                                 └─ 246 (V = 4, inactive): Input[4]
                            └─ 30 (V = 19, inactive): Op[7] (arity = 1)
                                   └─ 61 (V = 18, inactive): Op[6] (arity = 1)
                                          └─ 123 (V = 16, inactive): Op[4] (arity = 1)
                                                 └─ 247 (V = 9, inactive): Constant[0] -> 2.68587
                                                 └─ 248 (V = 8, inactive): Input[8]
                                          └─ 124 (V = 16, inactive): Op[4] (arity = 1)
                                                 └─ 249 (V = 7, inactive): Input[7]
                                                 └─ 250 (V = 9, inactive): Constant[0] -> 3.43733
                                   └─ 62 (V = 13, inactive): Op[1] (arity = 2)
                                          └─ 125 (V = 18, inactive): Op[6] (arity = 1)
                                                 └─ 251 (V = 9, inactive): Constant[0] -> 4.19487
                                                 └─ 252 (V = 3, inactive): Input[3]
                                          └─ 126 (V = 5, inactive): Input[5]
                                                 └─ 253 (V = 7, inactive): Input[7]
                                                 └─ 254 (V = 3, inactive): Input[3]
",cos((sin((x0 + x5)) - (x0 - cos(x6)))),3.27744,[3.27744],0,
Running,69641,2,2.211159315,1.813408782,0.397750533,1024,3,modular_1,single_kernel_inplace,1024,666,9,2,7,modular,0,0,3324115916,4.1594454033974815,3324115916,"[15,11,11,14,11,12,15,10,16,0,15,13,12,13,16,0,5,16,15,14,7,6,17,1,16,15,14,2,5,2,17,15,10,10,7,1,14,7,10,14,0,5,16,14,17,16,16,12,12,6,14,4,3,17,3,14,5,8,11,11,12,16,11,15,15,7,2,10,12,10,17,8,0,13,14,15,17,10,10,10,12,10,15,5,0,17,2,17,14,0,7,2,15,0,10,11,17,11,17,15,15,11,1,10,1,11,15,10,10,1,9,17,6,16,17,11,1,13,8,14,17,11,0,14,14,16,5,6,2,0,5,5,6,3,0,2,5,7,3,1,9,4,9,1,0,4,5,6,3,1,7,0,5,9,8,3,8,6,3,0,0,6,3,1,1,1,9,0,6,6,7,0,8,5,5,3,3,7,2,8,8,4,0,8,0,1,3,4,1,4,2,1,8,0,2,3,9,3,9,8,2,1,2,6,0,0,6,6,8,5,9,3,5,9,6,2,1,7,4,9,1,9,8,2,4,3,4,1,0,1,6,4,6,5,3,3,4,9,5,4,5,0,9,3,6,3,4,9,8,7,9,9,3,7,3]","[1,1,0,1,1,0,0,1,0,1,1,0,0,0,0,1,1,0,0,0,0,1,0,0,0,0,0,0,0,0,0,0,0,0,0,0,0,0,0,0,0,0,0,0,0,0,0,0,0,0,0,0,0,0,0,0,0,0,0,0,0,0,0,0,0,0,0,0,0,0,0,0,0,0,0,0,0,0,0,0,0,0,0,0,0,0,0,0,0,0,0,0,0,0,0,0,0,0,0,0,0,0,0,0,0,0,0,0,0,0,0,0,0,0,0,0,0,0,0,0,0,0,0,0,0,0,0,0,0,0,0,0,0,0,0,0,0,0,0,0,0,0,0,0,0,0,0,0,0,0,0,0,0,0,0,0,0,0,0,0,0,0,0,0,0,0,0,0,0,0,0,0,0,0,0,0,0,0,0,0,0,0,0,0,0,0,0,0,0,0,0,0,0,0,0,0,0,0,0,0,0,0,0,0,0,0,0,0,0,0,0,0,0,0,0,0,0,0,0,0,0,0,0,0,0,0,0,0,0,0,0,0,0,0,0,0,0,0,0,0,0,0,0,0,0,0,0,0,0,0,0,0,0,0,0]","[0.0206878,-0.845788,2.88572,1.61602,0.975812,4.32804,4.36004,2.28526,-3.8885,-2.15091,-0.612813,4.21012,0.417862,-4.43753,-4.72796,2.19047,3.05634,0.400116,-0.389244,1.2063,5.46301,5.51172,5.72823,4.32474,0.512334,-1.55558,2.55851,4.36316,1.20261,1.66468,-1.31533,2.10562,-2.30315,-3.34984,-2.01563,0.0567434,0.00876275,0.614206,-6.02957,3.84648,1.25511,-2.52431,4.75341,3.62545,3.45015,-2.23423,4.95879,4.79607,4.01691,-0.741275,5.71256,4.10841,-0.193895,5.86212,-3.96026,5.41378,2.63432,-1.95221,5.28219,3.64235,2.42989,1.48403,3.50099,4.27462,-2.51406,0.805231,-1.22382,-2.85487,-3.23029,-3.02446,-3.90035,3.20093,-2.17258,0.153102,-1.34923,1.50119,-2.61352,1.85231,4.24259,4.56413,-3.34034,0.622958,5.96573,-0.0885447,-4.79711,-4.28242,3.77757,-5.02349,-2.7666,3.98054,-4.32028,4.81151,-0.654845,-5.89344,1.97131,-5.96945,-4.53155,4.40497,-5.01427,3.82327,1.80364,5.55863,0.504791,4.31154,5.65149,5.59792,2.43323,4.55919,-1.67456,-5.37822,6.08322,0.589698,-3.41701,-4.91596,-0.697675,1.76483,0.918275,5.29649,-2.16701,-1.1431,1.35455,0.810001,5.18854,4.39419,1.46669,3.65685,3.04069,-5.61765,-5.13747,-0.4292,1.97584,-3.64817,-4.16391,-1.92434,2.80233,-3.58041,4.41212,-4.50543,6.01897,2.97434,0.799054,2.7499,1.69403,-4.29734,3.57216,-1.32213,5.7454,-0.212912,-3.49907,-1.77599,5.74865,2.11924,-2.0645,-3.96141,-2.13704,3.24886,0.705069,-5.38209,5.76609,5.11676,-5.73713,3.31007,3.6037,4.81005,2.99006,-1.93954,-5.15295,5.95975,-3.80589,-4.51118,-2.99245,5.52416,1.52619,-3.77515,1.70781,-2.40112,-2.58879,-4.18031,4.4249,-0.909984,4.82816,4.83512,4.47262,-1.03256,-4.32328,-4.93802,-1.95329,-3.4293,-3.65145,-3.19298,4.26209,-0.292252,2.42431,2.52068,-0.395176,0.413875,2.1855,3.22349,-0.904397,-3.49015,1.58933,5.12593,2.41712,4.55491,-5.42231,4.0383,-3.18531,3.72023,-5.14264,3.21169,2.42274,-5.18659,-1.87198,-4.46298,-4.42046,3.32695,5.29341,-3.39343,0.987649,-0.597804,3.24196,1.484,1.42131,-0.471612,5.07294,3.72844,-5.12243,2.78927,0.420084,-4.42209,4.95253,5.84223,-2.55906,1.74408,-3.30619,-3.76097,-4.95281,1.75195,-2.16136,3.33433,1.36681,-5.76779,1.44119,0.0913388,-2.88347,-1.21014,2.04446,2.68587,2.93882,3.98419,3.43733,4.19487,3.28006,-4.2168,0.387051]","[0,0,0,0,0,0,0,0,0,0,0,0,0,0,0,0,0,0,0,0,0,0,0,0,0,0,0,0,0,0,0,0,0,0,0,0,0,0,0,0,0,0,0,0,0,0,0,0,0,0,0,0,0,0,0,0,0,0,0,0,0,0,0,0,0,0,0,0,0,0,0,0,0,0,0,0,0,0,0,0,0,0,0,0,0,0,0,0,0,0,0,0,0,0,0,0,0,0,0,0,0,0,0,0,0,0,0,0,0,0,0,0,0,0,0,0,0,0,0,0,0,0,0,0,0,0,0,0,0,0,0,0,0,0,0,0,0,0,0,0,0,0,0,0,0,0,0,0,0,0,0,0,0,0,0,0,0,0,0,0,0,0,0,0,0,0,0,0,0,0,0,0,0,0,0,0,0,0,0,0,0,0,0,0,0,0,0,0,0,0,0,0,0,0,0,0,0,0,0,0,0,0,0,0,0,0,0,0,0,0,0,0,0,0,0,0,0,0,0,0,0,0,0,0,0,0,0,0,0,0,0,0,0,0,0,0,0,0,0,0,0,0,0,0,0,0,0,0,0,0,0,0,0,0,0]","Output
└─ 0 (V = 17, active): Op[5] (arity = 1)
       └─ 1 (V = 13, active): Op[1] (arity = 2)
              └─ 3 (V = 16, active): Op[4] (arity = 1)
                     └─ 7 (V = 12, active): Op[0] (arity = 2)
                            └─ 15 (V = 0, active): Input[0]
                                   └─ 31 (V = 17, inactive): Op[5] (arity = 1)
                                          └─ 63 (V = 17, inactive): Op[5] (arity = 1)
                                                 └─ 127 (V = 6, inactive): Input[6]
                                                 └─ 128 (V = 2, inactive): Input[2]
                                          └─ 64 (V = 17, inactive): Op[5] (arity = 1)
                                                 └─ 129 (V = 0, inactive): Input[0]
                                                 └─ 130 (V = 5, inactive): Input[5]
                                   └─ 32 (V = 12, inactive): Op[0] (arity = 2)
                                          └─ 65 (V = 7, inactive): Input[7]
                                                 └─ 131 (V = 5, inactive): Input[5]
                                                 └─ 132 (V = 6, inactive): Input[6]
                                          └─ 66 (V = 2, inactive): Input[2]
                                                 └─ 133 (V = 3, inactive): Input[3]
                                                 └─ 134 (V = 0, inactive): Input[0]
                            └─ 16 (V = 5, active): Input[5]
                                   └─ 33 (V = 12, inactive): Op[0] (arity = 2)
                                          └─ 67 (V = 12, inactive): Op[0] (arity = 2)
                                                 └─ 135 (V = 2, inactive): Input[2]
                                                 └─ 136 (V = 5, inactive): Input[5]
                                          └─ 68 (V = 14, inactive): Op[2] (arity = 2)
                                                 └─ 137 (V = 7, inactive): Input[7]
                                                 └─ 138 (V = 3, inactive): Input[3]
                                   └─ 34 (V = 7, inactive): Input[7]
                                          └─ 69 (V = 12, inactive): Op[0] (arity = 2)
                                                 └─ 139 (V = 1, inactive): Input[1]
                                                 └─ 140 (V = 9, inactive): Constant[0] -> 0.799054
                                          └─ 70 (V = 19, inactive): Op[7] (arity = 1)
                                                 └─ 141 (V = 4, inactive): Input[4]
                                                 └─ 142 (V = 9, inactive): Constant[0] -> 1.69403
                     └─ 8 (V = 18, inactive): Op[6] (arity = 1)
                            └─ 17 (V = 18, inactive): Op[6] (arity = 1)
                                   └─ 35 (V = 1, inactive): Input[1]
                                          └─ 71 (V = 8, inactive): Input[8]
                                                 └─ 143 (V = 1, inactive): Input[1]
                                                 └─ 144 (V = 0, inactive): Input[0]
                                          └─ 72 (V = 0, inactive): Input[0]
                                                 └─ 145 (V = 4, inactive): Input[4]
                                                 └─ 146 (V = 5, inactive): Input[5]
                                   └─ 36 (V = 16, inactive): Op[4] (arity = 1)
                                          └─ 73 (V = 15, inactive): Op[3] (arity = 2)
                                                 └─ 147 (V = 6, inactive): Input[6]
                                                 └─ 148 (V = 3, inactive): Input[3]
                                          └─ 74 (V = 16, inactive): Op[4] (arity = 1)
                                                 └─ 149 (V = 1, inactive): Input[1]
                                                 └─ 150 (V = 7, inactive): Input[7]
                            └─ 18 (V = 17, inactive): Op[5] (arity = 1)
                                   └─ 37 (V = 7, inactive): Input[7]
                                          └─ 75 (V = 17, inactive): Op[5] (arity = 1)
                                                 └─ 151 (V = 0, inactive): Input[0]
                                                 └─ 152 (V = 5, inactive): Input[5]
                                          └─ 76 (V = 19, inactive): Op[7] (arity = 1)
                                                 └─ 153 (V = 9, inactive): Constant[0] -> -3.96141
                                                 └─ 154 (V = 8, inactive): Input[8]
                                   └─ 38 (V = 12, inactive): Op[0] (arity = 2)
                                          └─ 77 (V = 12, inactive): Op[0] (arity = 2)
                                                 └─ 155 (V = 3, inactive): Input[3]
                                                 └─ 156 (V = 8, inactive): Input[8]
                                          └─ 78 (V = 12, inactive): Op[0] (arity = 2)
                                                 └─ 157 (V = 6, inactive): Input[6]
                                                 └─ 158 (V = 3, inactive): Input[3]
              └─ 4 (V = 13, active): Op[1] (arity = 2)
                     └─ 9 (V = 0, active): Input[0]
                            └─ 19 (V = 16, inactive): Op[4] (arity = 1)
                                   └─ 39 (V = 16, inactive): Op[4] (arity = 1)
                                          └─ 79 (V = 12, inactive): Op[0] (arity = 2)
                                                 └─ 159 (V = 0, inactive): Input[0]
                                                 └─ 160 (V = 0, inactive): Input[0]
                                          └─ 80 (V = 14, inactive): Op[2] (arity = 2)
                                                 └─ 161 (V = 6, inactive): Input[6]
                                                 └─ 162 (V = 3, inactive): Input[3]
                                   └─ 40 (V = 0, inactive): Input[0]
                                          └─ 81 (V = 12, inactive): Op[0] (arity = 2)
                                                 └─ 163 (V = 1, inactive): Input[1]
                                                 └─ 164 (V = 1, inactive): Input[1]
                                          └─ 82 (V = 17, inactive): Op[5] (arity = 1)
                                                 └─ 165 (V = 1, inactive): Input[1]
                                                 └─ 166 (V = 9, inactive): Constant[0] -> -5.15295
                            └─ 20 (V = 7, inactive): Input[7]
                                   └─ 41 (V = 5, inactive): Input[5]
                                          └─ 83 (V = 5, inactive): Input[5]
                                                 └─ 167 (V = 0, inactive): Input[0]
                                                 └─ 168 (V = 6, inactive): Input[6]
                                          └─ 84 (V = 0, inactive): Input[0]
                                                 └─ 169 (V = 6, inactive): Input[6]
                                                 └─ 170 (V = 7, inactive): Input[7]
                                   └─ 42 (V = 18, inactive): Op[6] (arity = 1)
                                          └─ 85 (V = 19, inactive): Op[7] (arity = 1)
                                                 └─ 171 (V = 0, inactive): Input[0]
                                                 └─ 172 (V = 8, inactive): Input[8]
                                          └─ 86 (V = 2, inactive): Input[2]
                                                 └─ 173 (V = 5, inactive): Input[5]
                                                 └─ 174 (V = 5, inactive): Input[5]
                     └─ 10 (V = 17, active): Op[5] (arity = 1)
                            └─ 21 (V = 6, active): Input[6]
                                   └─ 43 (V = 16, inactive): Op[4] (arity = 1)
                                          └─ 87 (V = 19, inactive): Op[7] (arity = 1)
                                                 └─ 175 (V = 3, inactive): Input[3]
                                                 └─ 176 (V = 3, inactive): Input[3]
                                          └─ 88 (V = 16, inactive): Op[4] (arity = 1)
                                                 └─ 177 (V = 7, inactive): Input[7]
                                                 └─ 178 (V = 2, inactive): Input[2]
                                   └─ 44 (V = 19, inactive): Op[7] (arity = 1)
                                          └─ 89 (V = 0, inactive): Input[0]
                                                 └─ 179 (V = 8, inactive): Input[8]
                                                 └─ 180 (V = 8, inactive): Input[8]
                                          └─ 90 (V = 7, inactive): Input[7]
                                                 └─ 181 (V = 4, inactive): Input[4]
                                                 └─ 182 (V = 0, inactive): Input[0]
                            └─ 22 (V = 19, inactive): Op[7] (arity = 1)
                                   └─ 45 (V = 18, inactive): Op[6] (arity = 1)
                                          └─ 91 (V = 2, inactive): Input[2]
                                                 └─ 183 (V = 8, inactive): Input[8]
                                                 └─ 184 (V = 0, inactive): Input[0]
                                          └─ 92 (V = 17, inactive): Op[5] (arity = 1)
                                                 └─ 185 (V = 1, inactive): Input[1]
                                                 └─ 186 (V = 3, inactive): Input[3]
                                   └─ 46 (V = 18, inactive): Op[6] (arity = 1)
                                          └─ 93 (V = 0, inactive): Input[0]
                                                 └─ 187 (V = 4, inactive): Input[4]
                                                 └─ 188 (V = 1, inactive): Input[1]
                                          └─ 94 (V = 12, inactive): Op[0] (arity = 2)
                                                 └─ 189 (V = 4, inactive): Input[4]
                                                 └─ 190 (V = 2, inactive): Input[2]
       └─ 2 (V = 13, inactive): Op[1] (arity = 2)
              └─ 5 (V = 14, inactive): Op[2] (arity = 2)
                     └─ 11 (V = 15, inactive): Op[3] (arity = 2)
                            └─ 23 (V = 1, inactive): Input[1]
                                   └─ 47 (V = 14, inactive): Op[2] (arity = 2)
                                          └─ 95 (V = 13, inactive): Op[1] (arity = 2)
                                                 └─ 191 (V = 1, inactive): Input[1]
                                                 └─ 192 (V = 8, inactive): Input[8]
                                          └─ 96 (V = 19, inactive): Op[7] (arity = 1)
                                                 └─ 193 (V = 0, inactive): Input[0]
                                                 └─ 194 (V = 2, inactive): Input[2]
                                   └─ 48 (V = 14, inactive): Op[2] (arity = 2)
                                          └─ 97 (V = 13, inactive): Op[1] (arity = 2)
                                                 └─ 195 (V = 3, inactive): Input[3]
                                                 └─ 196 (V = 9, inactive): Constant[0] -> 2.1855
                                          └─ 98 (V = 19, inactive): Op[7] (arity = 1)
                                                 └─ 197 (V = 3, inactive): Input[3]
                                                 └─ 198 (V = 9, inactive): Constant[0] -> -0.904397
                            └─ 24 (V = 18, inactive): Op[6] (arity = 1)
                                   └─ 49 (V = 6, inactive): Input[6]
                                          └─ 99 (V = 17, inactive): Op[5] (arity = 1)
                                                 └─ 199 (V = 8, inactive): Input[8]
                                                 └─ 200 (V = 2, inactive): Input[2]
                                          └─ 100 (V = 17, inactive): Op[5] (arity = 1)
                                                 └─ 201 (V = 1, inactive): Input[1]
                                                 └─ 202 (V = 2, inactive): Input[2]
                                   └─ 50 (V = 16, inactive): Op[4] (arity = 1)
                                          └─ 101 (V = 13, inactive): Op[1] (arity = 2)
                                                 └─ 203 (V = 6, inactive): Input[6]
                                                 └─ 204 (V = 0, inactive): Input[0]
                                          └─ 102 (V = 1, inactive): Input[1]
                                                 └─ 205 (V = 0, inactive): Input[0]
                                                 └─ 206 (V = 6, inactive): Input[6]
                     └─ 12 (V = 14, inactive): Op[2] (arity = 2)
                            └─ 25 (V = 17, inactive): Op[5] (arity = 1)
                                   └─ 51 (V = 4, inactive): Input[4]
                                          └─ 103 (V = 12, inactive): Op[0] (arity = 2)
                                                 └─ 207 (V = 6, inactive): Input[6]
                                                 └─ 208 (V = 8, inactive): Input[8]
                                          └─ 104 (V = 1, inactive): Input[1]
                                                 └─ 209 (V = 5, inactive): Input[5]
                                                 └─ 210 (V = 9, inactive): Constant[0] -> 2.42274
                                   └─ 52 (V = 3, inactive): Input[3]
                                          └─ 105 (V = 13, inactive): Op[1] (arity = 2)
                                                 └─ 211 (V = 3, inactive): Input[3]
                                                 └─ 212 (V = 5, inactive): Input[5]
                                          └─ 106 (V = 17, inactive): Op[5] (arity = 1)
                                                 └─ 213 (V = 9, inactive): Constant[0] -> -4.46298
                                                 └─ 214 (V = 6, inactive): Input[6]
                            └─ 26 (V = 16, inactive): Op[4] (arity = 1)
                                   └─ 53 (V = 19, inactive): Op[7] (arity = 1)
                                          └─ 107 (V = 12, inactive): Op[0] (arity = 2)
                                                 └─ 215 (V = 2, inactive): Input[2]
                                                 └─ 216 (V = 1, inactive): Input[1]
                                          └─ 108 (V = 12, inactive): Op[0] (arity = 2)
                                                 └─ 217 (V = 7, inactive): Input[7]
                                                 └─ 218 (V = 4, inactive): Input[4]
                                   └─ 54 (V = 3, inactive): Input[3]
                                          └─ 109 (V = 1, inactive): Input[1]
                                                 └─ 219 (V = 9, inactive): Constant[0] -> -0.597804
                                                 └─ 220 (V = 1, inactive): Input[1]
                                          └─ 110 (V = 9, inactive): Constant[0] -> 6.08322
                                                 └─ 221 (V = 9, inactive): Constant[0] -> 1.484
                                                 └─ 222 (V = 8, inactive): Input[8]
              └─ 6 (V = 17, inactive): Op[5] (arity = 1)
                     └─ 13 (V = 15, inactive): Op[3] (arity = 2)
                            └─ 27 (V = 2, inactive): Input[2]
                                   └─ 55 (V = 16, inactive): Op[4] (arity = 1)
                                          └─ 111 (V = 19, inactive): Op[7] (arity = 1)
                                                 └─ 223 (V = 2, inactive): Input[2]
                                                 └─ 224 (V = 4, inactive): Input[4]
                                          └─ 112 (V = 6, inactive): Input[6]
                                                 └─ 225 (V = 3, inactive): Input[3]
                                                 └─ 226 (V = 4, inactive): Input[4]
                                   └─ 56 (V = 5, inactive): Input[5]
                                          └─ 113 (V = 18, inactive): Op[6] (arity = 1)
                                                 └─ 227 (V = 1, inactive): Input[1]
                                                 └─ 228 (V = 0, inactive): Input[0]
                                          └─ 114 (V = 19, inactive): Op[7] (arity = 1)
                                                 └─ 229 (V = 1, inactive): Input[1]
                                                 └─ 230 (V = 6, inactive): Input[6]
                            └─ 28 (V = 5, inactive): Input[5]
                                   └─ 57 (V = 8, inactive): Input[8]
                                          └─ 115 (V = 13, inactive): Op[1] (arity = 2)
                                                 └─ 231 (V = 4, inactive): Input[4]
                                                 └─ 232 (V = 6, inactive): Input[6]
                                          └─ 116 (V = 1, inactive): Input[1]
                                                 └─ 233 (V = 5, inactive): Input[5]
                                                 └─ 234 (V = 3, inactive): Input[3]
                                   └─ 58 (V = 13, inactive): Op[1] (arity = 2)
                                          └─ 117 (V = 15, inactive): Op[3] (arity = 2)
                                                 └─ 235 (V = 3, inactive): Input[3]
                                                 └─ 236 (V = 4, inactive): Input[4]
                                          └─ 118 (V = 8, inactive): Input[8]
                                                 └─ 237 (V = 9, inactive): Constant[0] -> 1.75195
                                                 └─ 238 (V = 5, inactive): Input[5]
                     └─ 14 (V = 18, inactive): Op[6] (arity = 1)
                            └─ 29 (V = 2, inactive): Input[2]
                                   └─ 59 (V = 13, inactive): Op[1] (arity = 2)
                                          └─ 119 (V = 16, inactive): Op[4] (arity = 1)
                                                 └─ 239 (V = 4, inactive): Input[4]
                                                 └─ 240 (V = 5, inactive): Input[5]
                                          └─ 120 (V = 19, inactive): Op[7] (arity = 1)
                                                 └─ 241 (V = 0, inactive): Input[0]
                                                 └─ 242 (V = 9, inactive): Constant[0] -> 1.44119
                                   └─ 60 (V = 14, inactive): Op[2] (arity = 2)
                                          └─ 121 (V = 13, inactive): Op[1] (arity = 2)
                                                 └─ 243 (V = 3, inactive): Input[3]
                                                 └─ 244 (V = 6, inactive): Input[6]
                                          └─ 122 (V = 0, inactive): Input[0]
                                                 └─ 245 (V = 3, inactive): Input[3]
                                                 └─ 246 (V = 4, inactive): Input[4]
                            └─ 30 (V = 19, inactive): Op[7] (arity = 1)
                                   └─ 61 (V = 18, inactive): Op[6] (arity = 1)
                                          └─ 123 (V = 16, inactive): Op[4] (arity = 1)
                                                 └─ 247 (V = 9, inactive): Constant[0] -> 2.68587
                                                 └─ 248 (V = 8, inactive): Input[8]
                                          └─ 124 (V = 16, inactive): Op[4] (arity = 1)
                                                 └─ 249 (V = 7, inactive): Input[7]
                                                 └─ 250 (V = 9, inactive): Constant[0] -> 3.43733
                                   └─ 62 (V = 13, inactive): Op[1] (arity = 2)
                                          └─ 125 (V = 18, inactive): Op[6] (arity = 1)
                                                 └─ 251 (V = 9, inactive): Constant[0] -> 4.19487
                                                 └─ 252 (V = 3, inactive): Input[3]
                                          └─ 126 (V = 5, inactive): Input[5]
                                                 └─ 253 (V = 7, inactive): Input[7]
                                                 └─ 254 (V = 3, inactive): Input[3]
",cos((sin((x0 + x5)) - (x0 - cos(x6)))),3.27744,[3.27744],0,
Running,120602,4,3.586696481,2.9327777,0.653918781,1024,5,modular_1,single_kernel_inplace,1024,666,9,2,7,modular,0,0,3324115916,4.1594454033974815,3324115916,"[10,11,16,14,11,9,12,10,17,0,15,17,2,5,9,0,5,13,17,10,16,6,11,17,15,13,9,17,10,17,13,11,10,10,17,15,15,12,13,16,10,14,10,13,9,10,10,14,15,12,11,14,17,5,12,8,15,10,15,10,11,13,11,15,13,12,12,12,0,15,13,2,16,15,13,15,14,10,9,8,17,14,16,4,14,16,7,17,12,13,1,5,5,11,16,11,15,10,9,13,14,8,0,7,13,17,9,8,13,11,10,14,2,13,8,14,11,11,10,11,2,15,10,12,11,1,1,9,1,9,5,1,3,2,2,5,8,7,5,0,5,5,1,4,3,1,5,6,0,8,7,9,2,5,8,1,3,2,3,0,8,0,6,8,2,4,3,0,6,4,1,4,1,6,5,3,3,8,6,0,8,4,9,2,4,8,9,8,2,2,1,1,9,0,3,4,4,4,1,5,3,0,3,9,2,4,2,5,9,2,9,3,2,6,8,6,5,4,8,3,2,1,3,5,3,1,8,3,2,0,6,1,3,0,4,6,1,6,4,0,7,7,0,0,0,4,7,8,2,4,6,5,5,1,7]","[1,1,1,1,1,1,0,1,0,1,1,0,0,0,0,1,1,0,0,0,0,1,0,0,0,0,0,0,0,0,0,0,0,0,0,0,0,0,0,0,0,0,0,0,0,0,0,0,0,0,0,0,0,0,0,0,0,0,0,0,0,0,0,0,0,0,0,0,0,0,0,0,0,0,0,0,0,0,0,0,0,0,0,0,0,0,0,0,0,0,0,0,0,0,0,0,0,0,0,0,0,0,0,0,0,0,0,0,0,0,0,0,0,0,0,0,0,0,0,0,0,0,0,0,0,0,0,0,0,0,0,0,0,0,0,0,0,0,0,0,0,0,0,0,0,0,0,0,0,0,0,0,0,0,0,0,0,0,0,0,0,0,0,0,0,0,0,0,0,0,0,0,0,0,0,0,0,0,0,0,0,0,0,0,0,0,0,0,0,0,0,0,0,0,0,0,0,0,0,0,0,0,0,0,0,0,0,0,0,0,0,0,0,0,0,0,0,0,0,0,0,0,0,0,0,0,0,0,0,0,0,0,0,0,0,0,0,0,0,0,0,0,0,0,0,0,0,0,0,0,0,0,0,0,0]","[-4.93417,-0.845788,1.04072,1.61602,0.975812,2.97832,2.51271,2.28526,-2.16525,-2.15091,-0.612813,1.95841,-4.5628,2.31617,5.55402,1.88445,3.05634,-3.26839,0.501652,-0.37406,-5.87804,-2.66749,-5.36216,-2.74021,-3.35648,-5.66929,2.08951,1.27977,0.593711,0.287669,4.94445,-1.72171,-4.86367,-3.34984,-2.26474,3.73459,1.32141,2.409,-3.55355,-4.67769,-1.52458,2.20164,-1.05446,-1.85136,-4.45476,-3.60791,5.46115,1.98732,-4.22901,2.57034,1.58559,1.96882,0.459863,-0.400292,-2.98922,-0.412571,-4.15759,-3.15289,-1.56046,4.96721,0.832625,3.36917,1.13963,4.27462,-1.13654,-5.58765,-6.06768,-1.38372,-4.26769,5.89919,5.7614,-2.72143,-0.0771454,4.6219,0.52901,-5.05704,-1.37249,-3.09183,4.42419,0.293576,-1.92609,-5.77571,-0.0768477,2.80892,2.25159,1.90599,-2.4178,-5.02349,-2.34249,2.48767,1.16686,-2.26445,-2.86725,4.54857,1.20254,5.53187,1.58194,-3.0652,-3.49633,-3.37565,-4.72165,5.24741,-0.706921,4.43181,6.02552,3.61982,0.742845,-0.694667,-5.18342,-4.53422,-1.15381,0.00465725,-3.12411,-4.28833,5.03228,-4.43711,5.48106,3.00756,-4.13581,-1.83256,1.17309,3.24928,2.77883,-4.49078,-3.38241,-1.77491,5.9902,-2.02357,0.125052,-0.429039,1.72333,-1.76383,-5.22678,-2.89737,-1.90611,3.73128,-1.04225,-4.50543,-2.32714,-1.55781,1.70661,-4.06999,3.4741,3.24365,-3.07933,-4.84874,-4.67867,-0.364834,3.31422,-4.7137,-1.16643,-0.618585,-3.29142,3.44336,0.722386,3.15942,0.0558027,5.71947,-2.66325,-2.5714,-2.02011,-5.624,0.684489,2.54826,-5.68724,-3.30448,2.98697,1.87008,-1.96934,5.91386,-4.63542,0.106105,-1.97462,-3.52213,-1.20005,4.0056,-2.58879,-5.05924,1.17138,-1.16492,2.80998,-4.80381,0.831883,5.36738,-0.597906,1.4627,-0.571406,0.727649,4.55825,5.46751,5.23133,3.94882,-1.2482,5.90571,-0.81582,2.54967,1.04458,0.0853512,3.33594,-5.86855,-0.317209,3.55116,-4.35239,1.21074,3.48187,-0.946375,-1.70912,-3.60812,5.93061,-3.99665,-4.96727,-2.2245,1.01104,-3.65332,0.690071,1.06996,2.51399,-5.16973,-4.51049,-0.390354,2.62437,2.92822,1.76964,0.834226,0.384697,5.9796,4.53739,5.47615,-3.9944,-4.35369,-0.487924,2.45629,0.573626,-3.5293,4.23047,4.81208,3.4458,1.13211,2.86803,0.17782,-2.74657,-0.727258,3.28976,-4.79765,-4.66217,0.0505005,-4.82628,2.14366,1.93453,2.39157,-3.72213,3.73201,-3.11562,1.76363,6.08677]","[0,0,0,0,0,1,0,0,0,0,0,0,0,0,0,0,0,0,0,0,0,0,0,0,0,0,0,0,0,0,0,0,0,0,0,0,0,0,0,0,0,0,0,0,0,0,0,0,0,0,0,0,0,0,0,0,0,0,0,0,0,0,0,0,0,0,0,0,0,0,0,0,0,0,0,0,0,0,0,0,0,0,0,0,0,0,0,0,0,0,0,0,0,0,0,0,0,0,0,0,0,0,0,0,0,0,0,0,0,0,0,0,0,0,0,0,0,0,0,0,0,0,0,0,0,0,0,0,0,0,0,0,0,0,0,0,0,0,0,0,0,0,0,0,0,0,0,0,0,0,0,0,0,0,0,0,0,0,0,0,0,0,0,0,0,0,0,0,0,0,0,0,0,0,0,0,0,0,0,0,0,0,0,0,0,0,0,0,0,0,0,0,0,0,0,0,0,0,0,0,0,0,0,0,0,0,0,0,0,0,0,0,0,0,0,0,0,0,0,0,0,0,0,0,0,0,0,0,0,0,0,0,0,0,0,0,0,0,0,0,0,0,0,0,0,0,0,0,0,0,0,0,0,0,0]","Output
└─ 0 (V = 12, active): Op[0] (arity = 2)
       └─ 1 (V = 13, active): Op[1] (arity = 2)
              └─ 3 (V = 16, active): Op[4] (arity = 1)
                     └─ 7 (V = 12, active): Op[0] (arity = 2)
                            └─ 15 (V = 0, active): Input[0]
                                   └─ 31 (V = 13, inactive): Op[1] (arity = 2)
                                          └─ 63 (V = 17, inactive): Op[5] (arity = 1)
                                                 └─ 127 (V = 9, inactive): Constant[0] -> -2.02357
                                                 └─ 128 (V = 1, inactive): Input[1]
                                          └─ 64 (V = 15, inactive): Op[3] (arity = 2)
                                                 └─ 129 (V = 9, inactive): Constant[0] -> -0.429039
                                                 └─ 130 (V = 5, inactive): Input[5]
                                   └─ 32 (V = 12, inactive): Op[0] (arity = 2)
                                          └─ 65 (V = 14, inactive): Op[2] (arity = 2)
                                                 └─ 131 (V = 1, inactive): Input[1]
                                                 └─ 132 (V = 3, inactive): Input[3]
                                          └─ 66 (V = 14, inactive): Op[2] (arity = 2)
                                                 └─ 133 (V = 2, inactive): Input[2]
                                                 └─ 134 (V = 2, inactive): Input[2]
                            └─ 16 (V = 5, active): Input[5]
                                   └─ 33 (V = 12, inactive): Op[0] (arity = 2)
                                          └─ 67 (V = 14, inactive): Op[2] (arity = 2)
                                                 └─ 135 (V = 5, inactive): Input[5]
                                                 └─ 136 (V = 8, inactive): Input[8]
                                          └─ 68 (V = 0, inactive): Input[0]
                                                 └─ 137 (V = 7, inactive): Input[7]
                                                 └─ 138 (V = 5, inactive): Input[5]
                                   └─ 34 (V = 19, inactive): Op[7] (arity = 1)
                                          └─ 69 (V = 17, inactive): Op[5] (arity = 1)
                                                 └─ 139 (V = 0, inactive): Input[0]
                                                 └─ 140 (V = 5, inactive): Input[5]
                                          └─ 70 (V = 15, inactive): Op[3] (arity = 2)
                                                 └─ 141 (V = 5, inactive): Input[5]
                                                 └─ 142 (V = 1, inactive): Input[1]
                     └─ 8 (V = 19, inactive): Op[7] (arity = 1)
                            └─ 17 (V = 15, inactive): Op[3] (arity = 2)
                                   └─ 35 (V = 17, inactive): Op[5] (arity = 1)
                                          └─ 71 (V = 2, inactive): Input[2]
                                                 └─ 143 (V = 4, inactive): Input[4]
                                                 └─ 144 (V = 3, inactive): Input[3]
                                          └─ 72 (V = 18, inactive): Op[6] (arity = 1)
                                                 └─ 145 (V = 1, inactive): Input[1]
                                                 └─ 146 (V = 5, inactive): Input[5]
                                   └─ 36 (V = 17, inactive): Op[5] (arity = 1)
                                          └─ 73 (V = 17, inactive): Op[5] (arity = 1)
                                                 └─ 147 (V = 6, inactive): Input[6]
                                                 └─ 148 (V = 0, inactive): Input[0]
                                          └─ 74 (V = 15, inactive): Op[3] (arity = 2)
                                                 └─ 149 (V = 8, inactive): Input[8]
                                                 └─ 150 (V = 7, inactive): Input[7]
                            └─ 18 (V = 19, inactive): Op[7] (arity = 1)
                                   └─ 37 (V = 14, inactive): Op[2] (arity = 2)
                                          └─ 75 (V = 17, inactive): Op[5] (arity = 1)
                                                 └─ 151 (V = 9, inactive): Constant[0] -> -0.618585
                                                 └─ 152 (V = 2, inactive): Input[2]
                                          └─ 76 (V = 16, inactive): Op[4] (arity = 1)
                                                 └─ 153 (V = 5, inactive): Input[5]
                                                 └─ 154 (V = 8, inactive): Input[8]
                                   └─ 38 (V = 15, inactive): Op[3] (arity = 2)
                                          └─ 77 (V = 12, inactive): Op[0] (arity = 2)
                                                 └─ 155 (V = 1, inactive): Input[1]
                                                 └─ 156 (V = 3, inactive): Input[3]
                                          └─ 78 (V = 9, inactive): Constant[0] -> 4.42419
                                                 └─ 157 (V = 2, inactive): Input[2]
                                                 └─ 158 (V = 3, inactive): Input[3]
              └─ 4 (V = 13, active): Op[1] (arity = 2)
                     └─ 9 (V = 0, active): Input[0]
                            └─ 19 (V = 12, inactive): Op[0] (arity = 2)
                                   └─ 39 (V = 18, inactive): Op[6] (arity = 1)
                                          └─ 79 (V = 8, inactive): Input[8]
                                                 └─ 159 (V = 0, inactive): Input[0]
                                                 └─ 160 (V = 8, inactive): Input[8]
                                          └─ 80 (V = 19, inactive): Op[7] (arity = 1)
                                                 └─ 161 (V = 0, inactive): Input[0]
                                                 └─ 162 (V = 6, inactive): Input[6]
                                   └─ 40 (V = 12, inactive): Op[0] (arity = 2)
                                          └─ 81 (V = 16, inactive): Op[4] (arity = 1)
                                                 └─ 163 (V = 8, inactive): Input[8]
                                                 └─ 164 (V = 2, inactive): Input[2]
                                          └─ 82 (V = 18, inactive): Op[6] (arity = 1)
                                                 └─ 165 (V = 4, inactive): Input[4]
                                                 └─ 166 (V = 3, inactive): Input[3]
                            └─ 20 (V = 18, inactive): Op[6] (arity = 1)
                                   └─ 41 (V = 16, inactive): Op[4] (arity = 1)
                                          └─ 83 (V = 4, inactive): Input[4]
                                                 └─ 167 (V = 0, inactive): Input[0]
                                                 └─ 168 (V = 6, inactive): Input[6]
                                          └─ 84 (V = 16, inactive): Op[4] (arity = 1)
                                                 └─ 169 (V = 4, inactive): Input[4]
                                                 └─ 170 (V = 1, inactive): Input[1]
                                   └─ 42 (V = 12, inactive): Op[0] (arity = 2)
                                          └─ 85 (V = 18, inactive): Op[6] (arity = 1)
                                                 └─ 171 (V = 4, inactive): Input[4]
                                                 └─ 172 (V = 1, inactive): Input[1]
                                          └─ 86 (V = 7, inactive): Input[7]
                                                 └─ 173 (V = 6, inactive): Input[6]
                                                 └─ 174 (V = 5, inactive): Input[5]
                     └─ 10 (V = 17, active): Op[5] (arity = 1)
                            └─ 21 (V = 6, active): Input[6]
                                   └─ 43 (V = 15, inactive): Op[3] (arity = 2)
                                          └─ 87 (V = 19, inactive): Op[7] (arity = 1)
                                                 └─ 175 (V = 3, inactive): Input[3]
                                                 └─ 176 (V = 3, inactive): Input[3]
                                          └─ 88 (V = 14, inactive): Op[2] (arity = 2)
                                                 └─ 177 (V = 8, inactive): Input[8]
                                                 └─ 178 (V = 6, inactive): Input[6]
                                   └─ 44 (V = 9, inactive): Constant[0] -> -4.45476
                                          └─ 89 (V = 15, inactive): Op[3] (arity = 2)
                                                 └─ 179 (V = 0, inactive): Input[0]
                                                 └─ 180 (V = 8, inactive): Input[8]
                                          └─ 90 (V = 1, inactive): Input[1]
                                                 └─ 181 (V = 4, inactive): Input[4]
                                                 └─ 182 (V = 9, inactive): Constant[0] -> 0.831883
                            └─ 22 (V = 13, inactive): Op[1] (arity = 2)
                                   └─ 45 (V = 12, inactive): Op[0] (arity = 2)
                                          └─ 91 (V = 5, inactive): Input[5]
                                                 └─ 183 (V = 2, inactive): Input[2]
                                                 └─ 184 (V = 4, inactive): Input[4]
                                          └─ 92 (V = 5, inactive): Input[5]
                                                 └─ 185 (V = 8, inactive): Input[8]
                                                 └─ 186 (V = 9, inactive): Constant[0] -> -0.571406
                                   └─ 46 (V = 12, inactive): Op[0] (arity = 2)
                                          └─ 93 (V = 13, inactive): Op[1] (arity = 2)
                                                 └─ 187 (V = 8, inactive): Input[8]
                                                 └─ 188 (V = 2, inactive): Input[2]
                                          └─ 94 (V = 18, inactive): Op[6] (arity = 1)
                                                 └─ 189 (V = 2, inactive): Input[2]
                                                 └─ 190 (V = 1, inactive): Input[1]
       └─ 2 (V = 18, active): Op[6] (arity = 1)
              └─ 5 (V = 9, active): Constant[0] -> 2.97832
                     └─ 11 (V = 19, inactive): Op[7] (arity = 1)
                            └─ 23 (V = 19, inactive): Op[7] (arity = 1)
                                   └─ 47 (V = 16, inactive): Op[4] (arity = 1)
                                          └─ 95 (V = 13, inactive): Op[1] (arity = 2)
                                                 └─ 191 (V = 1, inactive): Input[1]
                                                 └─ 192 (V = 9, inactive): Constant[0] -> -1.2482
                                          └─ 96 (V = 17, inactive): Op[5] (arity = 1)
                                                 └─ 193 (V = 0, inactive): Input[0]
                                                 └─ 194 (V = 3, inactive): Input[3]
                                   └─ 48 (V = 17, inactive): Op[5] (arity = 1)
                                          └─ 97 (V = 12, inactive): Op[0] (arity = 2)
                                                 └─ 195 (V = 4, inactive): Input[4]
                                                 └─ 196 (V = 4, inactive): Input[4]
                                          └─ 98 (V = 9, inactive): Constant[0] -> -3.49633
                                                 └─ 197 (V = 4, inactive): Input[4]
                                                 └─ 198 (V = 1, inactive): Input[1]
                            └─ 24 (V = 17, inactive): Op[5] (arity = 1)
                                   └─ 49 (V = 14, inactive): Op[2] (arity = 2)
                                          └─ 99 (V = 15, inactive): Op[3] (arity = 2)
                                                 └─ 199 (V = 5, inactive): Input[5]
                                                 └─ 200 (V = 3, inactive): Input[3]
                                          └─ 100 (V = 16, inactive): Op[4] (arity = 1)
                                                 └─ 201 (V = 0, inactive): Input[0]
                                                 └─ 202 (V = 3, inactive): Input[3]
                                   └─ 50 (V = 13, inactive): Op[1] (arity = 2)
                                          └─ 101 (V = 8, inactive): Input[8]
                                                 └─ 203 (V = 9, inactive): Constant[0] -> 1.21074
                                                 └─ 204 (V = 2, inactive): Input[2]
                                          └─ 102 (V = 0, inactive): Input[0]
                                                 └─ 205 (V = 4, inactive): Input[4]
                                                 └─ 206 (V = 2, inactive): Input[2]
                     └─ 12 (V = 2, inactive): Input[2]
                            └─ 25 (V = 15, inactive): Op[3] (arity = 2)
                                   └─ 51 (V = 16, inactive): Op[4] (arity = 1)
                                          └─ 103 (V = 7, inactive): Input[7]
                                                 └─ 207 (V = 5, inactive): Input[5]
                                                 └─ 208 (V = 9, inactive): Constant[0] -> 5.93061
                                          └─ 104 (V = 15, inactive): Op[3] (arity = 2)
                                                 └─ 209 (V = 2, inactive): Input[2]
                                                 └─ 210 (V = 9, inactive): Constant[0] -> -4.96727
                                   └─ 52 (V = 19, inactive): Op[7] (arity = 1)
                                          └─ 105 (V = 19, inactive): Op[7] (arity = 1)
                                                 └─ 211 (V = 3, inactive): Input[3]
                                                 └─ 212 (V = 2, inactive): Input[2]
                                          └─ 106 (V = 9, inactive): Constant[0] -> 0.742845
                                                 └─ 213 (V = 6, inactive): Input[6]
                                                 └─ 214 (V = 8, inactive): Input[8]
                            └─ 26 (V = 9, inactive): Constant[0] -> 2.08951
                                   └─ 53 (V = 5, inactive): Input[5]
                                          └─ 107 (V = 8, inactive): Input[8]
                                                 └─ 215 (V = 6, inactive): Input[6]
                                                 └─ 216 (V = 5, inactive): Input[5]
                                          └─ 108 (V = 15, inactive): Op[3] (arity = 2)
                                                 └─ 217 (V = 4, inactive): Input[4]
                                                 └─ 218 (V = 8, inactive): Input[8]
                                   └─ 54 (V = 14, inactive): Op[2] (arity = 2)
                                          └─ 109 (V = 13, inactive): Op[1] (arity = 2)
                                                 └─ 219 (V = 3, inactive): Input[3]
                                                 └─ 220 (V = 2, inactive): Input[2]
                                          └─ 110 (V = 12, inactive): Op[0] (arity = 2)
                                                 └─ 221 (V = 1, inactive): Input[1]
                                                 └─ 222 (V = 3, inactive): Input[3]
              └─ 6 (V = 14, inactive): Op[2] (arity = 2)
                     └─ 13 (V = 5, inactive): Input[5]
                            └─ 27 (V = 19, inactive): Op[7] (arity = 1)
                                   └─ 55 (V = 8, inactive): Input[8]
                                          └─ 111 (V = 16, inactive): Op[4] (arity = 1)
                                                 └─ 223 (V = 5, inactive): Input[5]
                                                 └─ 224 (V = 3, inactive): Input[3]
                                          └─ 112 (V = 2, inactive): Input[2]
                                                 └─ 225 (V = 1, inactive): Input[1]
                                                 └─ 226 (V = 8, inactive): Input[8]
                                   └─ 56 (V = 17, inactive): Op[5] (arity = 1)
                                          └─ 113 (V = 15, inactive): Op[3] (arity = 2)
                                                 └─ 227 (V = 3, inactive): Input[3]
                                                 └─ 228 (V = 2, inactive): Input[2]
                                          └─ 114 (V = 8, inactive): Input[8]
                                                 └─ 229 (V = 0, inactive): Input[0]
                                                 └─ 230 (V = 6, inactive): Input[6]
                            └─ 28 (V = 12, inactive): Op[0] (arity = 2)
                                   └─ 57 (V = 12, inactive): Op[0] (arity = 2)
                                          └─ 115 (V = 16, inactive): Op[4] (arity = 1)
                                                 └─ 231 (V = 1, inactive): Input[1]
                                                 └─ 232 (V = 3, inactive): Input[3]
                                          └─ 116 (V = 13, inactive): Op[1] (arity = 2)
                                                 └─ 233 (V = 0, inactive): Input[0]
                                                 └─ 234 (V = 4, inactive): Input[4]
                                   └─ 58 (V = 17, inactive): Op[5] (arity = 1)
                                          └─ 117 (V = 13, inactive): Op[1] (arity = 2)
                                                 └─ 235 (V = 6, inactive): Input[6]
                                                 └─ 236 (V = 1, inactive): Input[1]
                                          └─ 118 (V = 12, inactive): Op[0] (arity = 2)
                                                 └─ 237 (V = 6, inactive): Input[6]
                                                 └─ 238 (V = 4, inactive): Input[4]
                     └─ 14 (V = 9, inactive): Constant[0] -> 5.55402
                            └─ 29 (V = 19, inactive): Op[7] (arity = 1)
                                   └─ 59 (V = 12, inactive): Op[0] (arity = 2)
                                          └─ 119 (V = 13, inactive): Op[1] (arity = 2)
                                                 └─ 239 (V = 0, inactive): Input[0]
                                                 └─ 240 (V = 7, inactive): Input[7]
                                          └─ 120 (V = 2, inactive): Input[2]
                                                 └─ 241 (V = 7, inactive): Input[7]
                                                 └─ 242 (V = 0, inactive): Input[0]
                                   └─ 60 (V = 13, inactive): Op[1] (arity = 2)
                                          └─ 121 (V = 17, inactive): Op[5] (arity = 1)
                                                 └─ 243 (V = 0, inactive): Input[0]
                                                 └─ 244 (V = 0, inactive): Input[0]
                                          └─ 122 (V = 12, inactive): Op[0] (arity = 2)
                                                 └─ 245 (V = 4, inactive): Input[4]
                                                 └─ 246 (V = 7, inactive): Input[7]
                            └─ 30 (V = 15, inactive): Op[3] (arity = 2)
                                   └─ 61 (V = 15, inactive): Op[3] (arity = 2)
                                          └─ 123 (V = 14, inactive): Op[2] (arity = 2)
                                                 └─ 247 (V = 8, inactive): Input[8]
                                                 └─ 248 (V = 2, inactive): Input[2]
                                          └─ 124 (V = 13, inactive): Op[1] (arity = 2)
                                                 └─ 249 (V = 4, inactive): Input[4]
                                                 └─ 250 (V = 6, inactive): Input[6]
                                   └─ 62 (V = 13, inactive): Op[1] (arity = 2)
                                          └─ 125 (V = 1, inactive): Input[1]
                                                 └─ 251 (V = 5, inactive): Input[5]
                                                 └─ 252 (V = 5, inactive): Input[5]
                                          └─ 126 (V = 1, inactive): Input[1]
                                                 └─ 253 (V = 1, inactive): Input[1]
                                                 └─ 254 (V = 7, inactive): Input[7]
",((sin((x0 + x5)) - (x0 - cos(x6))) + log(2.9783159498701473)),2.99361,[2.99361],0,
Running,132056,4,4.006765674,3.2916309,0.715134774,1024,5,modular_1,single_kernel_inplace,1024,666,9,2,7,modular,0,0,3324115916,4.1594454033974815,3324115916,"[10,11,16,14,11,9,12,10,11,14,15,13,2,5,9,0,5,13,12,16,6,6,13,13,6,10,14,17,11,15,13,0,17,10,4,15,14,7,13,2,7,17,15,11,7,3,12,14,2,13,15,12,9,8,13,8,15,11,15,3,11,13,11,15,10,11,0,17,14,4,14,2,16,15,17,10,16,5,17,8,11,13,5,16,12,0,17,13,12,8,11,16,10,0,8,11,8,15,14,10,14,17,16,4,3,13,17,16,10,11,11,14,14,13,0,12,0,1,1,14,10,15,15,12,11,15,1,4,8,6,2,9,5,6,0,3,5,1,2,8,8,8,1,4,5,1,6,6,0,1,7,8,3,6,8,8,3,8,3,2,2,2,7,2,3,5,3,1,0,6,9,7,4,9,6,4,8,3,1,2,7,5,8,9,0,9,6,4,1,5,5,9,5,9,8,5,6,1,9,9,0,7,0,0,2,2,6,8,1,4,8,0,0,8,0,9,5,4,4,3,2,0,8,8,0,4,8,3,4,0,6,1,3,4,5,0,6,2,5,3,0,0,9,0,0,9,7,8,2,4,6,5,3,1,1]","[1,1,1,1,1,1,0,1,0,1,1,0,0,0,0,1,1,0,0,1,0,1,0,0,0,0,0,0,0,0,0,0,0,0,0,0,0,0,0,1,0,0,0,0,0,0,0,0,0,0,0,0,0,0,0,0,0,0,0,0,0,0,0,0,0,0,0,0,0,0,0,0,0,0,0,0,0,0,0,0,0,0,0,0,0,0,0,0,0,0,0,0,0,0,0,0,0,0,0,0,0,0,0,0,0,0,0,0,0,0,0,0,0,0,0,0,0,0,0,0,0,0,0,0,0,0,0,0,0,0,0,0,0,0,0,0,0,0,0,0,0,0,0,0,0,0,0,0,0,0,0,0,0,0,0,0,0,0,0,0,0,0,0,0,0,0,0,0,0,0,0,0,0,0,0,0,0,0,0,0,0,0,0,0,0,0,0,0,0,0,0,0,0,0,0,0,0,0,0,0,0,0,0,0,0,0,0,0,0,0,0,0,0,0,0,0,0,0,0,0,0,0,0,0,0,0,0,0,0,0,0,0,0,0,0,0,0,0,0,0,0,0,0,0,0,0,0,0,0,0,0,0,0,0,0]","[-4.93417,-0.845788,1.04072,1.61602,0.975812,2.97832,2.51271,2.28526,-3.85603,5.71831,-0.612813,4.21012,-4.5628,2.31617,5.55402,1.88445,3.05634,-3.10845,-2.4711,1.7712,1.80253,5.51172,2.08387,-2.96329,5.74768,4.86374,2.08673,1.27977,5.8794,-3.00908,4.94445,1.5773,4.17521,-3.34984,3.93947,3.73459,-5.83618,0.614206,-3.55355,1.59486,5.88109,-5.571,3.12819,1.67156,5.71414,4.12478,3.53511,4.09863,-1.81127,1.32034,-1.98335,-1.77981,-1.53305,4.34388,3.73284,-0.412571,-4.15759,1.48127,-1.56046,3.90349,4.41483,3.36917,1.13963,4.27462,-0.829288,1.67643,-0.558048,-1.40403,5.94712,0.268524,0.0617004,-2.72143,-3.42659,4.6219,-5.75563,-4.34819,-0.754651,-0.746901,5.87892,0.293576,5.71269,5.55729,-3.54626,5.35058,5.97532,-1.38566,-2.12114,-5.05432,-4.08635,3.55732,-3.76172,-3.67025,2.46866,-5.89344,2.51062,5.60283,-3.49475,-3.0811,2.03489,4.87649,0.414752,-3.7646,-3.66427,-3.56646,-0.674411,-3.97978,2.99451,3.6613,-1.67456,-4.53422,0.951911,0.00465725,-3.59494,-4.28833,1.86972,1.59552,-4.98632,5.74995,1.12449,1.18522,2.49333,3.24928,-0.815253,-4.49078,-3.38241,-1.76734,5.9902,-1.86714,6.04482,2.47727,-5.73154,3.37736,-1.82575,-2.75667,2.80233,0.102586,4.41212,-0.678109,5.53599,2.20214,-4.8969,1.17979,3.4741,3.24365,4.22138,-4.84874,-3.38783,-0.364834,3.31422,0.653856,5.74865,5.79235,2.50535,-1.91027,0.722386,-5.08913,0.0558027,1.26922,-2.66325,3.46521,-2.84073,4.69688,-4.03385,-0.0137742,-4.8823,1.14778,-0.403378,4.81188,-0.954715,-2.08167,2.08876,-2.39007,-4.59247,0.696689,-0.558371,0.408698,4.43574,5.12743,-5.06868,-4.88333,4.96327,1.03979,-4.47138,2.95837,-4.32328,6.07838,-4.55234,-3.4293,-3.65145,2.68503,-3.48622,-1.85077,-3.10532,-0.573918,2.38237,-3.69465,4.52402,-2.40026,0.554463,1.66902,5.00759,0.340329,-4.25721,4.126,-4.9073,3.29512,4.87037,2.89033,-0.495708,-0.804606,1.72315,3.96879,5.45032,5.70013,-2.78871,-1.5524,-1.89637,-5.16973,0.987649,-0.390354,2.62437,1.09441,-2.41321,-5.91377,1.57235,-2.76618,0.866024,5.47615,-4.93579,-4.35369,-0.487924,2.45629,0.573626,2.01624,-3.74882,-4.49518,5.43898,-2.5052,5.43704,-1.89821,-1.65562,-3.72509,-4.87531,-4.79765,-4.66217,3.85812,-4.82628,2.14366,1.93453,2.39157,-3.72213,-1.06693,5.14671,1.76363,-5.67218]","[0,0,0,0,0,1,0,0,0,0,0,0,0,0,0,0,0,0,0,0,0,0,0,0,0,0,0,0,0,0,0,0,0,0,0,0,0,0,0,0,0,0,0,0,0,0,0,0,0,0,0,0,0,0,0,0,0,0,0,0,0,0,0,0,0,0,0,0,0,0,0,0,0,0,0,0,0,0,0,0,0,0,0,0,0,0,0,0,0,0,0,0,0,0,0,0,0,0,0,0,0,0,0,0,0,0,0,0,0,0,0,0,0,0,0,0,0,0,0,0,0,0,0,0,0,0,0,0,0,0,0,0,0,0,0,0,0,0,0,0,0,0,0,0,0,0,0,0,0,0,0,0,0,0,0,0,0,0,0,0,0,0,0,0,0,0,0,0,0,0,0,0,0,0,0,0,0,0,0,0,0,0,0,0,0,0,0,0,0,0,0,0,0,0,0,0,0,0,0,0,0,0,0,0,0,0,0,0,0,0,0,0,0,0,0,0,0,0,0,0,0,0,0,0,0,0,0,0,0,0,0,0,0,0,0,0,0,0,0,0,0,0,0,0,0,0,0,0,0,0,0,0,0,0,0]","Output
└─ 0 (V = 12, active): Op[0] (arity = 2)
       └─ 1 (V = 13, active): Op[1] (arity = 2)
              └─ 3 (V = 16, active): Op[4] (arity = 1)
                     └─ 7 (V = 12, active): Op[0] (arity = 2)
                            └─ 15 (V = 0, active): Input[0]
                                   └─ 31 (V = 0, inactive): Input[0]
                                          └─ 63 (V = 17, inactive): Op[5] (arity = 1)
                                                 └─ 127 (V = 4, inactive): Input[4]
                                                 └─ 128 (V = 8, inactive): Input[8]
                                          └─ 64 (V = 12, inactive): Op[0] (arity = 2)
                                                 └─ 129 (V = 6, inactive): Input[6]
                                                 └─ 130 (V = 2, inactive): Input[2]
                                   └─ 32 (V = 19, inactive): Op[7] (arity = 1)
                                          └─ 65 (V = 13, inactive): Op[1] (arity = 2)
                                                 └─ 131 (V = 9, inactive): Constant[0] -> 3.37736
                                                 └─ 132 (V = 5, inactive): Input[5]
                                          └─ 66 (V = 0, inactive): Input[0]
                                                 └─ 133 (V = 6, inactive): Input[6]
                                                 └─ 134 (V = 0, inactive): Input[0]
                            └─ 16 (V = 5, active): Input[5]
                                   └─ 33 (V = 12, inactive): Op[0] (arity = 2)
                                          └─ 67 (V = 19, inactive): Op[7] (arity = 1)
                                                 └─ 135 (V = 3, inactive): Input[3]
                                                 └─ 136 (V = 5, inactive): Input[5]
                                          └─ 68 (V = 16, inactive): Op[4] (arity = 1)
                                                 └─ 137 (V = 1, inactive): Input[1]
                                                 └─ 138 (V = 2, inactive): Input[2]
                                   └─ 34 (V = 4, inactive): Input[4]
                                          └─ 69 (V = 4, inactive): Input[4]
                                                 └─ 139 (V = 8, inactive): Input[8]
                                                 └─ 140 (V = 8, inactive): Input[8]
                                          └─ 70 (V = 16, inactive): Op[4] (arity = 1)
                                                 └─ 141 (V = 8, inactive): Input[8]
                                                 └─ 142 (V = 1, inactive): Input[1]
                     └─ 8 (V = 13, inactive): Op[1] (arity = 2)
                            └─ 17 (V = 15, inactive): Op[3] (arity = 2)
                                   └─ 35 (V = 17, inactive): Op[5] (arity = 1)
                                          └─ 71 (V = 2, inactive): Input[2]
                                                 └─ 143 (V = 4, inactive): Input[4]
                                                 └─ 144 (V = 5, inactive): Input[5]
                                          └─ 72 (V = 18, inactive): Op[6] (arity = 1)
                                                 └─ 145 (V = 1, inactive): Input[1]
                                                 └─ 146 (V = 6, inactive): Input[6]
                                   └─ 36 (V = 16, inactive): Op[4] (arity = 1)
                                          └─ 73 (V = 17, inactive): Op[5] (arity = 1)
                                                 └─ 147 (V = 6, inactive): Input[6]
                                                 └─ 148 (V = 0, inactive): Input[0]
                                          └─ 74 (V = 19, inactive): Op[7] (arity = 1)
                                                 └─ 149 (V = 1, inactive): Input[1]
                                                 └─ 150 (V = 7, inactive): Input[7]
                            └─ 18 (V = 14, inactive): Op[2] (arity = 2)
                                   └─ 37 (V = 7, inactive): Input[7]
                                          └─ 75 (V = 12, inactive): Op[0] (arity = 2)
                                                 └─ 151 (V = 8, inactive): Input[8]
                                                 └─ 152 (V = 3, inactive): Input[3]
                                          └─ 76 (V = 18, inactive): Op[6] (arity = 1)
                                                 └─ 153 (V = 6, inactive): Input[6]
                                                 └─ 154 (V = 8, inactive): Input[8]
                                   └─ 38 (V = 15, inactive): Op[3] (arity = 2)
                                          └─ 77 (V = 5, inactive): Input[5]
                                                 └─ 155 (V = 8, inactive): Input[8]
                                                 └─ 156 (V = 3, inactive): Input[3]
                                          └─ 78 (V = 19, inactive): Op[7] (arity = 1)
                                                 └─ 157 (V = 8, inactive): Input[8]
                                                 └─ 158 (V = 3, inactive): Input[3]
              └─ 4 (V = 13, active): Op[1] (arity = 2)
                     └─ 9 (V = 16, active): Op[4] (arity = 1)
                            └─ 19 (V = 18, active): Op[6] (arity = 1)
                                   └─ 39 (V = 2, active): Input[2]
                                          └─ 79 (V = 8, inactive): Input[8]
                                                 └─ 159 (V = 2, inactive): Input[2]
                                                 └─ 160 (V = 2, inactive): Input[2]
                                          └─ 80 (V = 13, inactive): Op[1] (arity = 2)
                                                 └─ 161 (V = 2, inactive): Input[2]
                                                 └─ 162 (V = 7, inactive): Input[7]
                                   └─ 40 (V = 7, inactive): Input[7]
                                          └─ 81 (V = 15, inactive): Op[3] (arity = 2)
                                                 └─ 163 (V = 2, inactive): Input[2]
                                                 └─ 164 (V = 3, inactive): Input[3]
                                          └─ 82 (V = 5, inactive): Input[5]
                                                 └─ 165 (V = 5, inactive): Input[5]
                                                 └─ 166 (V = 3, inactive): Input[3]
                            └─ 20 (V = 6, inactive): Input[6]
                                   └─ 41 (V = 19, inactive): Op[7] (arity = 1)
                                          └─ 83 (V = 18, inactive): Op[6] (arity = 1)
                                                 └─ 167 (V = 1, inactive): Input[1]
                                                 └─ 168 (V = 0, inactive): Input[0]
                                          └─ 84 (V = 14, inactive): Op[2] (arity = 2)
                                                 └─ 169 (V = 6, inactive): Input[6]
                                                 └─ 170 (V = 9, inactive): Constant[0] -> 2.08876
                                   └─ 42 (V = 17, inactive): Op[5] (arity = 1)
                                          └─ 85 (V = 0, inactive): Input[0]
                                                 └─ 171 (V = 7, inactive): Input[7]
                                                 └─ 172 (V = 4, inactive): Input[4]
                                          └─ 86 (V = 19, inactive): Op[7] (arity = 1)
                                                 └─ 173 (V = 9, inactive): Constant[0] -> 0.696689
                                                 └─ 174 (V = 6, inactive): Input[6]
                     └─ 10 (V = 17, active): Op[5] (arity = 1)
                            └─ 21 (V = 6, active): Input[6]
                                   └─ 43 (V = 13, inactive): Op[1] (arity = 2)
                                          └─ 87 (V = 15, inactive): Op[3] (arity = 2)
                                                 └─ 175 (V = 4, inactive): Input[4]
                                                 └─ 176 (V = 8, inactive): Input[8]
                                          └─ 88 (V = 14, inactive): Op[2] (arity = 2)
                                                 └─ 177 (V = 3, inactive): Input[3]
                                                 └─ 178 (V = 1, inactive): Input[1]
                                   └─ 44 (V = 7, inactive): Input[7]
                                          └─ 89 (V = 8, inactive): Input[8]
                                                 └─ 179 (V = 2, inactive): Input[2]
                                                 └─ 180 (V = 7, inactive): Input[7]
                                          └─ 90 (V = 13, inactive): Op[1] (arity = 2)
                                                 └─ 181 (V = 5, inactive): Input[5]
                                                 └─ 182 (V = 8, inactive): Input[8]
                            └─ 22 (V = 15, inactive): Op[3] (arity = 2)
                                   └─ 45 (V = 3, inactive): Input[3]
                                          └─ 91 (V = 18, inactive): Op[6] (arity = 1)
                                                 └─ 183 (V = 9, inactive): Constant[0] -> 2.95837
                                                 └─ 184 (V = 0, inactive): Input[0]
                                          └─ 92 (V = 12, inactive): Op[0] (arity = 2)
                                                 └─ 185 (V = 9, inactive): Constant[0] -> 6.07838
                                                 └─ 186 (V = 6, inactive): Input[6]
                                   └─ 46 (V = 14, inactive): Op[2] (arity = 2)
                                          └─ 93 (V = 0, inactive): Input[0]
                                                 └─ 187 (V = 4, inactive): Input[4]
                                                 └─ 188 (V = 1, inactive): Input[1]
                                          └─ 94 (V = 8, inactive): Input[8]
                                                 └─ 189 (V = 5, inactive): Input[5]
                                                 └─ 190 (V = 5, inactive): Input[5]
       └─ 2 (V = 18, active): Op[6] (arity = 1)
              └─ 5 (V = 9, active): Constant[0] -> 2.97832
                     └─ 11 (V = 15, inactive): Op[3] (arity = 2)
                            └─ 23 (V = 15, inactive): Op[3] (arity = 2)
                                   └─ 47 (V = 16, inactive): Op[4] (arity = 1)
                                          └─ 95 (V = 13, inactive): Op[1] (arity = 2)
                                                 └─ 191 (V = 9, inactive): Constant[0] -> -1.85077
                                                 └─ 192 (V = 5, inactive): Input[5]
                                          └─ 96 (V = 8, inactive): Input[8]
                                                 └─ 193 (V = 9, inactive): Constant[0] -> -0.573918
                                                 └─ 194 (V = 8, inactive): Input[8]
                                   └─ 48 (V = 2, inactive): Input[2]
                                          └─ 97 (V = 17, inactive): Op[5] (arity = 1)
                                                 └─ 195 (V = 5, inactive): Input[5]
                                                 └─ 196 (V = 6, inactive): Input[6]
                                          └─ 98 (V = 16, inactive): Op[4] (arity = 1)
                                                 └─ 197 (V = 1, inactive): Input[1]
                                                 └─ 198 (V = 9, inactive): Constant[0] -> 0.554463
                            └─ 24 (V = 6, inactive): Input[6]
                                   └─ 49 (V = 15, inactive): Op[3] (arity = 2)
                                          └─ 99 (V = 12, inactive): Op[0] (arity = 2)
                                                 └─ 199 (V = 9, inactive): Constant[0] -> 1.66902
                                                 └─ 200 (V = 0, inactive): Input[0]
                                          └─ 100 (V = 16, inactive): Op[4] (arity = 1)
                                                 └─ 201 (V = 7, inactive): Input[7]
                                                 └─ 202 (V = 0, inactive): Input[0]
                                   └─ 50 (V = 17, inactive): Op[5] (arity = 1)
                                          └─ 101 (V = 19, inactive): Op[7] (arity = 1)
                                                 └─ 203 (V = 0, inactive): Input[0]
                                                 └─ 204 (V = 2, inactive): Input[2]
                                          └─ 102 (V = 18, inactive): Op[6] (arity = 1)
                                                 └─ 205 (V = 2, inactive): Input[2]
                                                 └─ 206 (V = 6, inactive): Input[6]
                     └─ 12 (V = 2, inactive): Input[2]
                            └─ 25 (V = 12, inactive): Op[0] (arity = 2)
                                   └─ 51 (V = 14, inactive): Op[2] (arity = 2)
                                          └─ 103 (V = 4, inactive): Input[4]
                                                 └─ 207 (V = 8, inactive): Input[8]
                                                 └─ 208 (V = 1, inactive): Input[1]
                                          └─ 104 (V = 3, inactive): Input[3]
                                                 └─ 209 (V = 4, inactive): Input[4]
                                                 └─ 210 (V = 8, inactive): Input[8]
                                   └─ 52 (V = 9, inactive): Constant[0] -> -1.53305
                                          └─ 105 (V = 15, inactive): Op[3] (arity = 2)
                                                 └─ 211 (V = 0, inactive): Input[0]
                                                 └─ 212 (V = 0, inactive): Input[0]
                                          └─ 106 (V = 19, inactive): Op[7] (arity = 1)
                                                 └─ 213 (V = 8, inactive): Input[8]
                                                 └─ 214 (V = 0, inactive): Input[0]
                            └─ 26 (V = 16, inactive): Op[4] (arity = 1)
                                   └─ 53 (V = 8, inactive): Input[8]
                                          └─ 107 (V = 18, inactive): Op[6] (arity = 1)
                                                 └─ 215 (V = 9, inactive): Constant[0] -> -1.5524
                                                 └─ 216 (V = 5, inactive): Input[5]
                                          └─ 108 (V = 12, inactive): Op[0] (arity = 2)
                                                 └─ 217 (V = 4, inactive): Input[4]
                                                 └─ 218 (V = 4, inactive): Input[4]
                                   └─ 54 (V = 15, inactive): Op[3] (arity = 2)
                                          └─ 109 (V = 13, inactive): Op[1] (arity = 2)
                                                 └─ 219 (V = 3, inactive): Input[3]
                                                 └─ 220 (V = 2, inactive): Input[2]
                                          └─ 110 (V = 13, inactive): Op[1] (arity = 2)
                                                 └─ 221 (V = 0, inactive): Input[0]
                                                 └─ 222 (V = 8, inactive): Input[8]
              └─ 6 (V = 14, inactive): Op[2] (arity = 2)
                     └─ 13 (V = 5, inactive): Input[5]
                            └─ 27 (V = 19, inactive): Op[7] (arity = 1)
                                   └─ 55 (V = 8, inactive): Input[8]
                                          └─ 111 (V = 16, inactive): Op[4] (arity = 1)
                                                 └─ 223 (V = 8, inactive): Input[8]
                                                 └─ 224 (V = 0, inactive): Input[0]
                                          └─ 112 (V = 16, inactive): Op[4] (arity = 1)
                                                 └─ 225 (V = 4, inactive): Input[4]
                                                 └─ 226 (V = 8, inactive): Input[8]
                                   └─ 56 (V = 17, inactive): Op[5] (arity = 1)
                                          └─ 113 (V = 15, inactive): Op[3] (arity = 2)
                                                 └─ 227 (V = 3, inactive): Input[3]
                                                 └─ 228 (V = 4, inactive): Input[4]
                                          └─ 114 (V = 0, inactive): Input[0]
                                                 └─ 229 (V = 0, inactive): Input[0]
                                                 └─ 230 (V = 6, inactive): Input[6]
                            └─ 28 (V = 13, inactive): Op[1] (arity = 2)
                                   └─ 57 (V = 13, inactive): Op[1] (arity = 2)
                                          └─ 115 (V = 14, inactive): Op[2] (arity = 2)
                                                 └─ 231 (V = 1, inactive): Input[1]
                                                 └─ 232 (V = 3, inactive): Input[3]
                                          └─ 116 (V = 0, inactive): Input[0]
                                                 └─ 233 (V = 4, inactive): Input[4]
                                                 └─ 234 (V = 5, inactive): Input[5]
                                   └─ 58 (V = 17, inactive): Op[5] (arity = 1)
                                          └─ 117 (V = 1, inactive): Input[1]
                                                 └─ 235 (V = 0, inactive): Input[0]
                                                 └─ 236 (V = 6, inactive): Input[6]
                                          └─ 118 (V = 1, inactive): Input[1]
                                                 └─ 237 (V = 2, inactive): Input[2]
                                                 └─ 238 (V = 5, inactive): Input[5]
                     └─ 14 (V = 9, inactive): Constant[0] -> 5.55402
                            └─ 29 (V = 17, inactive): Op[5] (arity = 1)
                                   └─ 59 (V = 3, inactive): Input[3]
                                          └─ 119 (V = 16, inactive): Op[4] (arity = 1)
                                                 └─ 239 (V = 3, inactive): Input[3]
                                                 └─ 240 (V = 0, inactive): Input[0]
                                          └─ 120 (V = 12, inactive): Op[0] (arity = 2)
                                                 └─ 241 (V = 0, inactive): Input[0]
                                                 └─ 242 (V = 9, inactive): Constant[0] -> -4.87531
                                   └─ 60 (V = 13, inactive): Op[1] (arity = 2)
                                          └─ 121 (V = 17, inactive): Op[5] (arity = 1)
                                                 └─ 243 (V = 0, inactive): Input[0]
                                                 └─ 244 (V = 0, inactive): Input[0]
                                          └─ 122 (V = 17, inactive): Op[5] (arity = 1)
                                                 └─ 245 (V = 9, inactive): Constant[0] -> 3.85812
                                                 └─ 246 (V = 7, inactive): Input[7]
                            └─ 30 (V = 15, inactive): Op[3] (arity = 2)
                                   └─ 61 (V = 15, inactive): Op[3] (arity = 2)
                                          └─ 123 (V = 14, inactive): Op[2] (arity = 2)
                                                 └─ 247 (V = 8, inactive): Input[8]
                                                 └─ 248 (V = 2, inactive): Input[2]
                                          └─ 124 (V = 13, inactive): Op[1] (arity = 2)
                                                 └─ 249 (V = 4, inactive): Input[4]
                                                 └─ 250 (V = 6, inactive): Input[6]
                                   └─ 62 (V = 13, inactive): Op[1] (arity = 2)
                                          └─ 125 (V = 17, inactive): Op[5] (arity = 1)
                                                 └─ 251 (V = 5, inactive): Input[5]
                                                 └─ 252 (V = 3, inactive): Input[3]
                                          └─ 126 (V = 1, inactive): Input[1]
                                                 └─ 253 (V = 1, inactive): Input[1]
                                                 └─ 254 (V = 1, inactive): Input[1]
",((sin((x0 + x5)) - (sin(log(x2)) - cos(x6))) + log(2.9783159498701473)),2.97287,[2.97287],0,
Running,139292,4,4.326012337,3.565121157,0.76089118,1024,5,modular_1,single_kernel_inplace,1024,666,9,2,7,modular,0,0,3324115916,4.1594454033974815,3324115916,"[10,11,16,14,11,9,10,10,17,12,15,17,2,12,9,0,5,17,15,0,17,6,10,5,15,13,14,11,16,9,10,0,11,10,17,10,15,16,14,10,10,12,11,17,16,10,17,14,12,6,15,14,9,10,14,8,15,10,12,12,11,16,11,14,3,12,10,17,1,4,11,15,11,1,14,13,7,10,9,14,11,12,6,1,14,15,5,3,9,10,16,13,12,14,17,6,14,17,10,17,13,12,15,2,11,13,9,8,12,11,11,13,13,13,4,5,12,0,10,12,9,16,4,10,16,0,10,4,3,9,5,1,3,9,4,4,7,4,3,9,9,8,0,3,2,0,5,3,5,0,5,4,9,0,2,1,3,2,3,4,8,5,3,5,1,3,6,3,5,0,9,2,3,8,6,3,8,2,2,0,3,0,0,1,5,1,8,8,1,4,5,7,7,3,6,2,6,5,9,9,2,4,2,6,7,5,2,8,1,2,4,7,8,7,8,3,4,4,3,8,1,5,5,3,5,6,1,3,2,0,3,0,1,5,1,8,0,9,2,1,1,7,0,7,1,2,5,1,1,8,6,8,0,2,7]","[1,1,1,1,1,1,0,1,0,1,1,0,0,0,0,1,1,0,0,1,1,1,0,0,0,0,0,0,0,0,0,0,0,0,0,0,0,0,0,0,0,1,0,0,0,0,0,0,0,0,0,0,0,0,0,0,0,0,0,0,0,0,0,0,0,0,0,0,0,0,0,0,0,0,0,0,0,0,0,0,0,0,0,1,1,0,0,0,0,0,0,0,0,0,0,0,0,0,0,0,0,0,0,0,0,0,0,0,0,0,0,0,0,0,0,0,0,0,0,0,0,0,0,0,0,0,0,0,0,0,0,0,0,0,0,0,0,0,0,0,0,0,0,0,0,0,0,0,0,0,0,0,0,0,0,0,0,0,0,0,0,0,0,0,0,0,0,0,0,1,0,0,0,0,0,0,0,0,0,0,0,0,0,0,0,0,0,0,0,0,0,0,0,0,0,0,0,0,0,0,0,0,0,0,0,0,0,0,0,0,0,0,0,0,0,0,0,0,0,0,0,0,0,0,0,0,0,0,0,0,0,0,0,0,0,0,0,0,0,0,0,0,0,0,0,0,0,0,0,0,0,0,0,0,0]","[-4.93417,-0.845788,1.04072,1.61602,0.975812,2.97832,2.68514,2.28526,-2.16525,-1.46869,-0.612813,1.95841,-4.5628,3.79475,5.55402,1.88445,3.05634,-6.02191,-0.389244,-0.902504,-1.20376,-5.0382,5.67441,5.93063,-4.4267,-5.66929,5.9451,-0.235214,-1.12501,-5.14823,-4.37404,1.5773,6.08334,-3.34984,-2.26474,-4.46526,1.51249,-3.16174,3.99335,1.16019,-3.71706,-2.92751,4.72868,-3.85848,1.49431,-3.60791,1.86134,1.98732,1.31677,-0.741275,-3.25904,1.96882,-1.53305,2.77671,5.83302,-0.412571,-4.15759,-5.01062,-5.75954,-2.41482,4.48545,-4.74682,1.13963,-4.11343,-0.46156,-5.58765,2.03386,-5.0336,4.52866,0.268524,-5.29624,5.11237,-5.92377,-0.267069,-1.34923,-1.87615,-2.9998,-3.09183,4.42419,-1.21234,2.1721,-1.04634,-5.00264,-5.56352,5.94932,0.197581,2.5504,-3.54773,-5.6164,-2.14052,-1.77533,1.63681,3.48823,-5.15402,2.92271,1.33276,4.11454,-3.49189,3.52783,0.402261,2.73749,-3.60121,-3.66358,-5.18869,0.235299,-3.94964,0.742845,-0.694667,1.07559,5.32768,5.38863,2.98746,-2.87237,-4.28833,-4.12876,-1.41417,3.22101,-2.50889,-4.13581,-1.02118,0.890262,-5.11544,1.66965,0.56394,5.7464,1.36199,-1.06856,-1.86714,-0.135245,-0.429039,1.72333,-1.76383,-5.22678,-5.65764,-3.01262,5.5717,-3.91836,3.70677,0.179081,5.84911,0.799054,0.0959333,-4.80312,-4.07714,3.08475,-3.08342,0.688304,-0.347488,-2.72753,1.99183,2.76016,-1.00086,5.89256,-0.432557,-5.17185,3.15942,0.0558027,5.71947,-2.66325,1.30376,5.3723,2.06632,-5.39652,-2.11804,1.16722,2.25628,-0.586254,0.302185,-0.983245,2.45678,2.08876,-6.00037,5.55242,5.97876,-0.558371,1.96398,3.3915,0.283107,-5.42125,-4.76297,-2.9272,1.28301,4.47262,0.455714,-1.3054,-2.13286,6.03247,-3.48414,-3.65145,-1.12439,-5.48016,-1.20648,2.50401,-3.06177,2.60872,-3.48922,-1.8899,-4.64541,-0.904397,-3.16485,5.54629,6.05248,-3.68862,4.06805,4.1294,-3.77159,-2.93772,1.78422,-2.27897,-2.44971,-5.87808,2.44513,4.10382,4.89658,0.690071,-1.72133,-3.2216,-5.16973,3.69627,-4.95265,-2.37017,-1.17523,0.995583,-4.25049,-1.11102,-3.61593,5.6242,5.47615,-3.9944,-4.35369,3.61021,1.70362,2.97643,-2.39631,2.79752,5.23911,1.01441,4.87071,2.00307,1.71007,-5.288,1.48869,3.28976,2.40214,1.02779,4.87518,-0.986088,-2.71136,0.429538,3.48815,-3.72213,-3.7788,-5.49418,2.86586,6.08677]","[0,0,0,0,0,1,0,0,0,0,0,0,0,0,0,0,0,0,0,0,0,0,0,0,0,0,0,0,0,0,0,0,0,0,0,0,0,0,0,0,0,0,0,0,0,0,0,0,0,0,0,0,0,0,0,0,0,0,0,0,0,0,0,0,0,0,0,0,0,0,0,0,0,0,0,0,0,0,0,0,0,0,0,0,0,0,0,0,0,0,0,0,0,0,0,0,0,0,0,0,0,0,0,0,0,0,0,0,0,0,0,0,0,0,0,0,0,0,0,0,0,0,0,0,0,0,0,0,0,0,0,0,0,0,0,0,0,0,0,0,0,0,0,0,0,0,0,0,0,0,0,0,0,0,0,0,0,0,0,0,0,0,0,0,0,0,0,0,0,0,0,0,0,0,0,0,0,0,0,0,0,0,0,0,0,0,0,0,0,0,0,0,0,0,0,0,0,0,0,0,0,0,0,0,0,0,0,0,0,0,0,0,0,0,0,0,0,0,0,0,0,0,0,0,0,0,0,0,0,0,0,0,0,0,0,0,0,0,0,0,0,0,0,0,0,0,0,0,0,0,0,0,0,0,0]","Output
└─ 0 (V = 12, active): Op[0] (arity = 2)
       └─ 1 (V = 13, active): Op[1] (arity = 2)
              └─ 3 (V = 16, active): Op[4] (arity = 1)
                     └─ 7 (V = 12, active): Op[0] (arity = 2)
                            └─ 15 (V = 0, active): Input[0]
                                   └─ 31 (V = 0, inactive): Input[0]
                                          └─ 63 (V = 16, inactive): Op[4] (arity = 1)
                                                 └─ 127 (V = 4, inactive): Input[4]
                                                 └─ 128 (V = 3, inactive): Input[3]
                                          └─ 64 (V = 3, inactive): Input[3]
                                                 └─ 129 (V = 9, inactive): Constant[0] -> -0.429039
                                                 └─ 130 (V = 5, inactive): Input[5]
                                   └─ 32 (V = 13, inactive): Op[1] (arity = 2)
                                          └─ 65 (V = 14, inactive): Op[2] (arity = 2)
                                                 └─ 131 (V = 1, inactive): Input[1]
                                                 └─ 132 (V = 3, inactive): Input[3]
                                          └─ 66 (V = 12, inactive): Op[0] (arity = 2)
                                                 └─ 133 (V = 9, inactive): Constant[0] -> -5.65764
                                                 └─ 134 (V = 4, inactive): Input[4]
                            └─ 16 (V = 5, active): Input[5]
                                   └─ 33 (V = 12, inactive): Op[0] (arity = 2)
                                          └─ 67 (V = 19, inactive): Op[7] (arity = 1)
                                                 └─ 135 (V = 4, inactive): Input[4]
                                                 └─ 136 (V = 7, inactive): Input[7]
                                          └─ 68 (V = 1, inactive): Input[1]
                                                 └─ 137 (V = 4, inactive): Input[4]
                                                 └─ 138 (V = 3, inactive): Input[3]
                                   └─ 34 (V = 19, inactive): Op[7] (arity = 1)
                                          └─ 69 (V = 4, inactive): Input[4]
                                                 └─ 139 (V = 9, inactive): Constant[0] -> 5.84911
                                                 └─ 140 (V = 9, inactive): Constant[0] -> 0.799054
                                          └─ 70 (V = 13, inactive): Op[1] (arity = 2)
                                                 └─ 141 (V = 8, inactive): Input[8]
                                                 └─ 142 (V = 0, inactive): Input[0]
                     └─ 8 (V = 19, inactive): Op[7] (arity = 1)
                            └─ 17 (V = 19, inactive): Op[7] (arity = 1)
                                   └─ 35 (V = 12, inactive): Op[0] (arity = 2)
                                          └─ 71 (V = 17, inactive): Op[5] (arity = 1)
                                                 └─ 143 (V = 3, inactive): Input[3]
                                                 └─ 144 (V = 2, inactive): Input[2]
                                          └─ 72 (V = 13, inactive): Op[1] (arity = 2)
                                                 └─ 145 (V = 0, inactive): Input[0]
                                                 └─ 146 (V = 5, inactive): Input[5]
                                   └─ 36 (V = 17, inactive): Op[5] (arity = 1)
                                          └─ 73 (V = 1, inactive): Input[1]
                                                 └─ 147 (V = 3, inactive): Input[3]
                                                 └─ 148 (V = 5, inactive): Input[5]
                                          └─ 74 (V = 16, inactive): Op[4] (arity = 1)
                                                 └─ 149 (V = 0, inactive): Input[0]
                                                 └─ 150 (V = 5, inactive): Input[5]
                            └─ 18 (V = 17, inactive): Op[5] (arity = 1)
                                   └─ 37 (V = 18, inactive): Op[6] (arity = 1)
                                          └─ 75 (V = 15, inactive): Op[3] (arity = 2)
                                                 └─ 151 (V = 4, inactive): Input[4]
                                                 └─ 152 (V = 9, inactive): Constant[0] -> 5.89256
                                          └─ 76 (V = 7, inactive): Input[7]
                                                 └─ 153 (V = 0, inactive): Input[0]
                                                 └─ 154 (V = 2, inactive): Input[2]
                                   └─ 38 (V = 16, inactive): Op[4] (arity = 1)
                                          └─ 77 (V = 12, inactive): Op[0] (arity = 2)
                                                 └─ 155 (V = 1, inactive): Input[1]
                                                 └─ 156 (V = 3, inactive): Input[3]
                                          └─ 78 (V = 9, inactive): Constant[0] -> 4.42419
                                                 └─ 157 (V = 2, inactive): Input[2]
                                                 └─ 158 (V = 3, inactive): Input[3]
              └─ 4 (V = 13, active): Op[1] (arity = 2)
                     └─ 9 (V = 14, active): Op[2] (arity = 2)
                            └─ 19 (V = 0, active): Input[0]
                                   └─ 39 (V = 12, inactive): Op[0] (arity = 2)
                                          └─ 79 (V = 16, inactive): Op[4] (arity = 1)
                                                 └─ 159 (V = 4, inactive): Input[4]
                                                 └─ 160 (V = 8, inactive): Input[8]
                                          └─ 80 (V = 13, inactive): Op[1] (arity = 2)
                                                 └─ 161 (V = 5, inactive): Input[5]
                                                 └─ 162 (V = 3, inactive): Input[3]
                                   └─ 40 (V = 12, inactive): Op[0] (arity = 2)
                                          └─ 81 (V = 14, inactive): Op[2] (arity = 2)
                                                 └─ 163 (V = 5, inactive): Input[5]
                                                 └─ 164 (V = 1, inactive): Input[1]
                                          └─ 82 (V = 6, inactive): Input[6]
                                                 └─ 165 (V = 3, inactive): Input[3]
                                                 └─ 166 (V = 6, inactive): Input[6]
                            └─ 20 (V = 19, active): Op[7] (arity = 1)
                                   └─ 41 (V = 14, active): Op[2] (arity = 2)
                                          └─ 83 (V = 1, active): Input[1]
                                                 └─ 167 (V = 3, inactive): Input[3]
                                                 └─ 168 (V = 5, inactive): Input[5]
                                          └─ 84 (V = 16, active): Op[4] (arity = 1)
                                                 └─ 169 (V = 0, active): Input[0]
                                                 └─ 170 (V = 9, inactive): Constant[0] -> 2.08876
                                   └─ 42 (V = 13, inactive): Op[1] (arity = 2)
                                          └─ 85 (V = 17, inactive): Op[5] (arity = 1)
                                                 └─ 171 (V = 2, inactive): Input[2]
                                                 └─ 172 (V = 3, inactive): Input[3]
                                          └─ 86 (V = 5, inactive): Input[5]
                                                 └─ 173 (V = 8, inactive): Input[8]
                                                 └─ 174 (V = 6, inactive): Input[6]
                     └─ 10 (V = 17, active): Op[5] (arity = 1)
                            └─ 21 (V = 6, active): Input[6]
                                   └─ 43 (V = 19, inactive): Op[7] (arity = 1)
                                          └─ 87 (V = 3, inactive): Input[3]
                                                 └─ 175 (V = 3, inactive): Input[3]
                                                 └─ 176 (V = 8, inactive): Input[8]
                                          └─ 88 (V = 9, inactive): Constant[0] -> -5.6164
                                                 └─ 177 (V = 2, inactive): Input[2]
                                                 └─ 178 (V = 2, inactive): Input[2]
                                   └─ 44 (V = 18, inactive): Op[6] (arity = 1)
                                          └─ 89 (V = 12, inactive): Op[0] (arity = 2)
                                                 └─ 179 (V = 0, inactive): Input[0]
                                                 └─ 180 (V = 3, inactive): Input[3]
                                          └─ 90 (V = 18, inactive): Op[6] (arity = 1)
                                                 └─ 181 (V = 0, inactive): Input[0]
                                                 └─ 182 (V = 0, inactive): Input[0]
                            └─ 22 (V = 12, inactive): Op[0] (arity = 2)
                                   └─ 45 (V = 12, inactive): Op[0] (arity = 2)
                                          └─ 91 (V = 15, inactive): Op[3] (arity = 2)
                                                 └─ 183 (V = 1, inactive): Input[1]
                                                 └─ 184 (V = 5, inactive): Input[5]
                                          └─ 92 (V = 14, inactive): Op[2] (arity = 2)
                                                 └─ 185 (V = 1, inactive): Input[1]
                                                 └─ 186 (V = 8, inactive): Input[8]
                                   └─ 46 (V = 19, inactive): Op[7] (arity = 1)
                                          └─ 93 (V = 16, inactive): Op[4] (arity = 1)
                                                 └─ 187 (V = 8, inactive): Input[8]
                                                 └─ 188 (V = 1, inactive): Input[1]
                                          └─ 94 (V = 19, inactive): Op[7] (arity = 1)
                                                 └─ 189 (V = 4, inactive): Input[4]
                                                 └─ 190 (V = 5, inactive): Input[5]
       └─ 2 (V = 18, active): Op[6] (arity = 1)
              └─ 5 (V = 9, active): Constant[0] -> 2.97832
                     └─ 11 (V = 19, inactive): Op[7] (arity = 1)
                            └─ 23 (V = 5, inactive): Input[5]
                                   └─ 47 (V = 16, inactive): Op[4] (arity = 1)
                                          └─ 95 (V = 6, inactive): Input[6]
                                                 └─ 191 (V = 7, inactive): Input[7]
                                                 └─ 192 (V = 7, inactive): Input[7]
                                          └─ 96 (V = 16, inactive): Op[4] (arity = 1)
                                                 └─ 193 (V = 3, inactive): Input[3]
                                                 └─ 194 (V = 6, inactive): Input[6]
                                   └─ 48 (V = 14, inactive): Op[2] (arity = 2)
                                          └─ 97 (V = 19, inactive): Op[7] (arity = 1)
                                                 └─ 195 (V = 2, inactive): Input[2]
                                                 └─ 196 (V = 6, inactive): Input[6]
                                          └─ 98 (V = 12, inactive): Op[0] (arity = 2)
                                                 └─ 197 (V = 5, inactive): Input[5]
                                                 └─ 198 (V = 9, inactive): Constant[0] -> -0.904397
                            └─ 24 (V = 17, inactive): Op[5] (arity = 1)
                                   └─ 49 (V = 6, inactive): Input[6]
                                          └─ 99 (V = 19, inactive): Op[7] (arity = 1)
                                                 └─ 199 (V = 9, inactive): Constant[0] -> -3.16485
                                                 └─ 200 (V = 2, inactive): Input[2]
                                          └─ 100 (V = 15, inactive): Op[3] (arity = 2)
                                                 └─ 201 (V = 4, inactive): Input[4]
                                                 └─ 202 (V = 2, inactive): Input[2]
                                   └─ 50 (V = 17, inactive): Op[5] (arity = 1)
                                          └─ 101 (V = 14, inactive): Op[2] (arity = 2)
                                                 └─ 203 (V = 6, inactive): Input[6]
                                                 └─ 204 (V = 7, inactive): Input[7]
                                          └─ 102 (V = 17, inactive): Op[5] (arity = 1)
                                                 └─ 205 (V = 5, inactive): Input[5]
                                                 └─ 206 (V = 2, inactive): Input[2]
                     └─ 12 (V = 2, inactive): Input[2]
                            └─ 25 (V = 15, inactive): Op[3] (arity = 2)
                                   └─ 51 (V = 16, inactive): Op[4] (arity = 1)
                                          └─ 103 (V = 2, inactive): Input[2]
                                                 └─ 207 (V = 8, inactive): Input[8]
                                                 └─ 208 (V = 1, inactive): Input[1]
                                          └─ 104 (V = 13, inactive): Op[1] (arity = 2)
                                                 └─ 209 (V = 2, inactive): Input[2]
                                                 └─ 210 (V = 4, inactive): Input[4]
                                   └─ 52 (V = 9, inactive): Constant[0] -> -1.53305
                                          └─ 105 (V = 15, inactive): Op[3] (arity = 2)
                                                 └─ 211 (V = 7, inactive): Input[7]
                                                 └─ 212 (V = 8, inactive): Input[8]
                                          └─ 106 (V = 9, inactive): Constant[0] -> 0.742845
                                                 └─ 213 (V = 7, inactive): Input[7]
                                                 └─ 214 (V = 8, inactive): Input[8]
                            └─ 26 (V = 16, inactive): Op[4] (arity = 1)
                                   └─ 53 (V = 12, inactive): Op[0] (arity = 2)
                                          └─ 107 (V = 8, inactive): Input[8]
                                                 └─ 215 (V = 3, inactive): Input[3]
                                                 └─ 216 (V = 4, inactive): Input[4]
                                          └─ 108 (V = 14, inactive): Op[2] (arity = 2)
                                                 └─ 217 (V = 4, inactive): Input[4]
                                                 └─ 218 (V = 3, inactive): Input[3]
                                   └─ 54 (V = 16, inactive): Op[4] (arity = 1)
                                          └─ 109 (V = 13, inactive): Op[1] (arity = 2)
                                                 └─ 219 (V = 8, inactive): Input[8]
                                                 └─ 220 (V = 1, inactive): Input[1]
                                          └─ 110 (V = 13, inactive): Op[1] (arity = 2)
                                                 └─ 221 (V = 5, inactive): Input[5]
                                                 └─ 222 (V = 5, inactive): Input[5]
              └─ 6 (V = 12, inactive): Op[0] (arity = 2)
                     └─ 13 (V = 14, inactive): Op[2] (arity = 2)
                            └─ 27 (V = 13, inactive): Op[1] (arity = 2)
                                   └─ 55 (V = 8, inactive): Input[8]
                                          └─ 111 (V = 15, inactive): Op[3] (arity = 2)
                                                 └─ 223 (V = 3, inactive): Input[3]
                                                 └─ 224 (V = 5, inactive): Input[5]
                                          └─ 112 (V = 15, inactive): Op[3] (arity = 2)
                                                 └─ 225 (V = 6, inactive): Input[6]
                                                 └─ 226 (V = 1, inactive): Input[1]
                                   └─ 56 (V = 17, inactive): Op[5] (arity = 1)
                                          └─ 113 (V = 15, inactive): Op[3] (arity = 2)
                                                 └─ 227 (V = 3, inactive): Input[3]
                                                 └─ 228 (V = 2, inactive): Input[2]
                                          └─ 114 (V = 4, inactive): Input[4]
                                                 └─ 229 (V = 0, inactive): Input[0]
                                                 └─ 230 (V = 3, inactive): Input[3]
                            └─ 28 (V = 18, inactive): Op[6] (arity = 1)
                                   └─ 57 (V = 12, inactive): Op[0] (arity = 2)
                                          └─ 115 (V = 5, inactive): Input[5]
                                                 └─ 231 (V = 0, inactive): Input[0]
                                                 └─ 232 (V = 1, inactive): Input[1]
                                          └─ 116 (V = 14, inactive): Op[2] (arity = 2)
                                                 └─ 233 (V = 5, inactive): Input[5]
                                                 └─ 234 (V = 1, inactive): Input[1]
                                   └─ 58 (V = 14, inactive): Op[2] (arity = 2)
                                          └─ 117 (V = 0, inactive): Input[0]
                                                 └─ 235 (V = 8, inactive): Input[8]
                                                 └─ 236 (V = 0, inactive): Input[0]
                                          └─ 118 (V = 12, inactive): Op[0] (arity = 2)
                                                 └─ 237 (V = 9, inactive): Constant[0] -> 4.87071
                                                 └─ 238 (V = 2, inactive): Input[2]
                     └─ 14 (V = 9, inactive): Constant[0] -> 5.55402
                            └─ 29 (V = 9, inactive): Constant[0] -> -5.14823
                                   └─ 59 (V = 14, inactive): Op[2] (arity = 2)
                                          └─ 119 (V = 14, inactive): Op[2] (arity = 2)
                                                 └─ 239 (V = 1, inactive): Input[1]
                                                 └─ 240 (V = 1, inactive): Input[1]
                                          └─ 120 (V = 9, inactive): Constant[0] -> 0.890262
                                                 └─ 241 (V = 7, inactive): Input[7]
                                                 └─ 242 (V = 0, inactive): Input[0]
                                   └─ 60 (V = 13, inactive): Op[1] (arity = 2)
                                          └─ 121 (V = 18, inactive): Op[6] (arity = 1)
                                                 └─ 243 (V = 7, inactive): Input[7]
                                                 └─ 244 (V = 1, inactive): Input[1]
                                          └─ 122 (V = 4, inactive): Input[4]
                                                 └─ 245 (V = 2, inactive): Input[2]
                                                 └─ 246 (V = 5, inactive): Input[5]
                            └─ 30 (V = 12, inactive): Op[0] (arity = 2)
                                   └─ 61 (V = 18, inactive): Op[6] (arity = 1)
                                          └─ 123 (V = 12, inactive): Op[0] (arity = 2)
                                                 └─ 247 (V = 1, inactive): Input[1]
                                                 └─ 248 (V = 1, inactive): Input[1]
                                          └─ 124 (V = 18, inactive): Op[6] (arity = 1)
                                                 └─ 249 (V = 8, inactive): Input[8]
                                                 └─ 250 (V = 6, inactive): Input[6]
                                   └─ 62 (V = 13, inactive): Op[1] (arity = 2)
                                          └─ 125 (V = 0, inactive): Input[0]
                                                 └─ 251 (V = 8, inactive): Input[8]
                                                 └─ 252 (V = 0, inactive): Input[0]
                                          └─ 126 (V = 12, inactive): Op[0] (arity = 2)
                                                 └─ 253 (V = 2, inactive): Input[2]
                                                 └─ 254 (V = 7, inactive): Input[7]
",((sin((x0 + x5)) - ((x0 * sqrt((x1 * sin(x0)))) - cos(x6))) + log(2.9783159498701473)),2.80205,[2.80205],0,
Running,210976,8,7.11964587,5.919250227,1.200395643,1024,9,modular_1,single_kernel_inplace,1024,666,9,2,7,modular,0,0,3324115916,4.1594454033974815,3324115916,"[10,11,16,14,11,9,12,10,14,12,15,17,2,5,9,11,5,12,16,16,17,6,10,5,15,13,13,17,11,14,10,0,14,10,4,15,11,16,13,10,10,12,13,17,17,10,17,13,15,6,17,14,9,11,13,8,16,13,11,1,10,4,11,15,14,11,12,17,12,3,13,15,0,17,15,13,11,3,14,10,11,12,14,1,13,15,5,17,9,3,12,13,12,14,16,6,15,3,10,17,13,17,15,2,12,13,9,8,10,14,9,16,0,13,4,12,7,0,7,3,5,11,4,17,16,5,10,9,1,1,3,5,8,0,0,0,7,4,5,1,7,9,1,0,5,0,5,2,9,9,0,4,9,0,7,8,4,2,3,0,3,2,3,0,1,4,5,3,5,0,9,8,3,8,0,4,8,3,2,4,3,0,9,1,7,1,8,4,1,8,1,5,2,0,4,4,8,5,2,6,2,4,8,6,8,5,2,8,1,2,4,7,6,1,8,3,2,7,3,1,1,8,0,3,0,5,0,0,8,0,9,2,9,7,5,3,0,6,2,6,1,4,2,5,1,2,0,3,5,6,1,0,6,2,7]","[1,1,1,1,1,1,0,1,0,1,1,0,0,0,0,1,1,0,0,1,1,1,0,0,0,0,0,0,0,0,0,1,1,0,0,0,0,0,0,1,0,1,0,0,0,0,0,0,0,0,0,0,0,0,0,0,0,0,0,0,0,0,0,0,0,1,0,0,0,0,0,0,0,0,0,0,0,0,0,1,1,0,0,1,1,0,0,0,0,0,0,0,0,0,0,0,0,0,0,0,0,0,0,0,0,0,0,0,0,0,0,0,0,0,0,0,0,0,0,0,0,0,0,0,0,0,0,0,0,0,0,1,1,0,0,0,0,0,0,0,0,0,0,0,0,0,0,0,0,0,0,0,0,0,0,0,0,0,0,1,1,1,1,0,0,0,0,0,0,1,1,0,0,0,0,0,0,0,0,0,0,0,0,0,0,0,0,0,0,0,0,0,0,0,0,0,0,0,0,0,0,0,0,0,0,0,0,0,0,0,0,0,0,0,0,0,0,0,0,0,0,0,0,0,0,0,0,0,0,0,0,0,0,0,0,0,0,0,0,0,0,0,0,0,0,0,0,0,0,0,0,0,0,0,0]","[-4.93417,-0.845788,1.04072,1.61602,0.975812,2.97832,2.51271,2.28526,-3.33097,-1.46869,-0.612813,1.95841,-4.5628,2.31617,5.55402,5.77822,3.05634,-4.04321,-2.95213,1.7712,-1.20376,5.51172,5.67441,5.93063,-3.35648,-5.66929,-2.57949,1.61975,5.8794,3.3728,-4.37404,5.64597,-1.35778,-3.34984,3.93947,3.61304,4.21589,-3.16174,-1.14093,1.16019,-3.71706,-2.92751,4.75532,-3.85848,-2.912,-3.60791,1.86134,5.34801,-4.22901,-0.741275,-3.66447,1.96882,-1.53305,-3.8597,3.73284,-0.412571,4.14719,1.91371,-5.58912,1.13862,5.85419,1.89717,1.13963,4.27462,-2.23837,-5.64749,-6.06768,-5.0336,-3.23029,-2.831,-4.89603,5.11237,-5.08765,-4.58239,-6.08327,-1.87615,3.2111,4.74046,1.61176,4.09723,2.1721,-1.04634,4.40176,-5.56352,-3.89647,0.197581,-3.28014,-3.35622,-5.6164,0.116423,-3.37168,-5.57444,3.48823,-5.15402,1.20254,1.33276,1.58194,2.25894,3.52783,0.402261,2.73749,3.99878,-3.66358,-5.18869,2.18734,-0.380425,0.742845,-0.694667,4.24811,-3.69011,6.08322,-4.04817,3.6284,-0.615743,-4.12876,1.388,5.56922,-2.50889,0.652207,4.10773,-3.92699,5.79511,1.66965,-3.41398,5.7464,1.20974,-1.06856,-2.02357,0.125052,-3.49219,-1.23706,-3.64817,3.00074,-4.99117,2.80233,-2.49469,-3.91836,-3.50287,-2.32714,2.97434,0.650784,-0.0224282,3.4741,-5.71509,4.22138,-3.08342,0.688304,-3.5952,-2.48695,-1.62956,3.72123,-1.00086,5.89256,-0.432557,3.43767,-5.08913,-1.83773,5.71947,-2.66325,1.95027,1.14949,4.69688,-5.39652,5.72691,1.16722,3.65495,-0.840918,0.302185,-0.983245,2.45678,2.08876,2.39317,5.55242,5.97876,-0.650412,4.59365,3.3915,-1.2088,-5.42125,-1.23632,-2.9272,1.28301,-2.652,0.455714,0.273094,-2.13286,6.03247,-3.4293,-3.65145,3.40768,5.23133,-5.45899,-1.90042,5.90571,4.60309,-3.41005,2.89194,-4.64541,-0.0818507,-5.27199,5.54629,6.05248,-5.47074,4.06805,3.6331,-3.77159,-2.93772,1.78422,3.72977,-2.44971,-5.87808,2.44513,-3.79856,-5.53342,0.690071,-1.72133,-5.2818,2.87046,3.69627,1.92965,-2.37017,-4.71633,5.54482,-2.65771,1.97178,-2.5556,-4.28892,-3.22596,-1.23521,-4.35369,-1.02755,4.28799,3.16782,2.58207,-3.74882,-3.76097,1.01441,2.26979,2.00307,1.88396,-5.288,-1.20758,2.3733,-4.7173,1.02779,4.87518,-1.6319,-4.35029,-0.636343,3.28112,-3.47843,4.83255,-4.8858,-3.94248,6.08677]","[0,0,0,0,0,1,0,0,0,0,0,0,0,0,0,0,0,0,0,0,0,0,0,0,0,0,0,0,0,0,0,0,0,0,0,0,0,0,0,0,0,0,0,0,0,0,0,0,0,0,0,0,0,0,0,0,0,0,0,0,0,0,0,0,0,0,0,0,0,0,0,0,0,0,0,0,0,0,0,0,0,0,0,0,0,0,0,0,0,0,0,0,0,0,0,0,0,0,0,0,0,0,0,0,0,0,0,0,0,0,0,0,0,0,0,0,0,0,0,0,0,0,0,0,0,0,0,0,0,0,0,0,0,0,0,0,0,0,0,0,0,0,0,0,0,0,0,0,0,0,0,0,0,0,0,0,0,0,0,0,0,0,0,0,0,0,0,0,0,0,1,0,0,0,0,0,0,0,0,0,0,0,0,0,0,0,0,0,0,0,0,0,0,0,0,0,0,0,0,0,0,0,0,0,0,0,0,0,0,0,0,0,0,0,0,0,0,0,0,0,0,0,0,0,0,0,0,0,0,0,0,0,0,0,0,0,0,0,0,0,0,0,0,0,0,0,0,0,0,0,0,0,0,0,0]","Output
└─ 0 (V = 12, active): Op[0] (arity = 2)
       └─ 1 (V = 13, active): Op[1] (arity = 2)
              └─ 3 (V = 16, active): Op[4] (arity = 1)
                     └─ 7 (V = 12, active): Op[0] (arity = 2)
                            └─ 15 (V = 13, active): Op[1] (arity = 2)
                                   └─ 31 (V = 0, active): Input[0]
                                          └─ 63 (V = 17, inactive): Op[5] (arity = 1)
                                                 └─ 127 (V = 9, inactive): Constant[0] -> -2.02357
                                                 └─ 128 (V = 1, inactive): Input[1]
                                          └─ 64 (V = 16, inactive): Op[4] (arity = 1)
                                                 └─ 129 (V = 1, inactive): Input[1]
                                                 └─ 130 (V = 3, inactive): Input[3]
                                   └─ 32 (V = 16, active): Op[4] (arity = 1)
                                          └─ 65 (V = 13, active): Op[1] (arity = 2)
                                                 └─ 131 (V = 5, active): Input[5]
                                                 └─ 132 (V = 8, active): Input[8]
                                          └─ 66 (V = 14, inactive): Op[2] (arity = 2)
                                                 └─ 133 (V = 0, inactive): Input[0]
                                                 └─ 134 (V = 0, inactive): Input[0]
                            └─ 16 (V = 5, active): Input[5]
                                   └─ 33 (V = 12, inactive): Op[0] (arity = 2)
                                          └─ 67 (V = 19, inactive): Op[7] (arity = 1)
                                                 └─ 135 (V = 0, inactive): Input[0]
                                                 └─ 136 (V = 7, inactive): Input[7]
                                          └─ 68 (V = 14, inactive): Op[2] (arity = 2)
                                                 └─ 137 (V = 4, inactive): Input[4]
                                                 └─ 138 (V = 5, inactive): Input[5]
                                   └─ 34 (V = 4, inactive): Input[4]
                                          └─ 69 (V = 3, inactive): Input[3]
                                                 └─ 139 (V = 1, inactive): Input[1]
                                                 └─ 140 (V = 7, inactive): Input[7]
                                          └─ 70 (V = 15, inactive): Op[3] (arity = 2)
                                                 └─ 141 (V = 9, inactive): Constant[0] -> -0.0224282
                                                 └─ 142 (V = 1, inactive): Input[1]
                     └─ 8 (V = 16, inactive): Op[4] (arity = 1)
                            └─ 17 (V = 14, inactive): Op[2] (arity = 2)
                                   └─ 35 (V = 17, inactive): Op[5] (arity = 1)
                                          └─ 71 (V = 17, inactive): Op[5] (arity = 1)
                                                 └─ 143 (V = 0, inactive): Input[0]
                                                 └─ 144 (V = 5, inactive): Input[5]
                                          └─ 72 (V = 0, inactive): Input[0]
                                                 └─ 145 (V = 0, inactive): Input[0]
                                                 └─ 146 (V = 5, inactive): Input[5]
                                   └─ 36 (V = 13, inactive): Op[1] (arity = 2)
                                          └─ 73 (V = 19, inactive): Op[7] (arity = 1)
                                                 └─ 147 (V = 2, inactive): Input[2]
                                                 └─ 148 (V = 9, inactive): Constant[0] -> -2.48695
                                          └─ 74 (V = 17, inactive): Op[5] (arity = 1)
                                                 └─ 149 (V = 9, inactive): Constant[0] -> -1.62956
                                                 └─ 150 (V = 0, inactive): Input[0]
                            └─ 18 (V = 18, inactive): Op[6] (arity = 1)
                                   └─ 37 (V = 18, inactive): Op[6] (arity = 1)
                                          └─ 75 (V = 15, inactive): Op[3] (arity = 2)
                                                 └─ 151 (V = 4, inactive): Input[4]
                                                 └─ 152 (V = 9, inactive): Constant[0] -> 5.89256
                                          └─ 76 (V = 13, inactive): Op[1] (arity = 2)
                                                 └─ 153 (V = 0, inactive): Input[0]
                                                 └─ 154 (V = 7, inactive): Input[7]
                                   └─ 38 (V = 15, inactive): Op[3] (arity = 2)
                                          └─ 77 (V = 3, inactive): Input[3]
                                                 └─ 155 (V = 8, inactive): Input[8]
                                                 └─ 156 (V = 4, inactive): Input[4]
                                          └─ 78 (V = 16, inactive): Op[4] (arity = 1)
                                                 └─ 157 (V = 2, inactive): Input[2]
                                                 └─ 158 (V = 3, inactive): Input[3]
              └─ 4 (V = 13, active): Op[1] (arity = 2)
                     └─ 9 (V = 14, active): Op[2] (arity = 2)
                            └─ 19 (V = 18, active): Op[6] (arity = 1)
                                   └─ 39 (V = 12, active): Op[0] (arity = 2)
                                          └─ 79 (V = 12, active): Op[0] (arity = 2)
                                                 └─ 159 (V = 0, active): Input[0]
                                                 └─ 160 (V = 3, active): Input[3]
                                          └─ 80 (V = 13, active): Op[1] (arity = 2)
                                                 └─ 161 (V = 2, active): Input[2]
                                                 └─ 162 (V = 3, active): Input[3]
                                   └─ 40 (V = 12, inactive): Op[0] (arity = 2)
                                          └─ 81 (V = 14, inactive): Op[2] (arity = 2)
                                                 └─ 163 (V = 0, inactive): Input[0]
                                                 └─ 164 (V = 1, inactive): Input[1]
                                          └─ 82 (V = 16, inactive): Op[4] (arity = 1)
                                                 └─ 165 (V = 4, inactive): Input[4]
                                                 └─ 166 (V = 5, inactive): Input[5]
                            └─ 20 (V = 19, active): Op[7] (arity = 1)
                                   └─ 41 (V = 14, active): Op[2] (arity = 2)
                                          └─ 83 (V = 1, active): Input[1]
                                                 └─ 167 (V = 3, inactive): Input[3]
                                                 └─ 168 (V = 5, inactive): Input[5]
                                          └─ 84 (V = 15, active): Op[3] (arity = 2)
                                                 └─ 169 (V = 0, active): Input[0]
                                                 └─ 170 (V = 9, active): Constant[0] -> 2.08876
                                   └─ 42 (V = 15, inactive): Op[3] (arity = 2)
                                          └─ 85 (V = 17, inactive): Op[5] (arity = 1)
                                                 └─ 171 (V = 8, inactive): Input[8]
                                                 └─ 172 (V = 3, inactive): Input[3]
                                          └─ 86 (V = 5, inactive): Input[5]
                                                 └─ 173 (V = 8, inactive): Input[8]
                                                 └─ 174 (V = 0, inactive): Input[0]
                     └─ 10 (V = 17, active): Op[5] (arity = 1)
                            └─ 21 (V = 6, active): Input[6]
                                   └─ 43 (V = 19, inactive): Op[7] (arity = 1)
                                          └─ 87 (V = 19, inactive): Op[7] (arity = 1)
                                                 └─ 175 (V = 4, inactive): Input[4]
                                                 └─ 176 (V = 8, inactive): Input[8]
                                          └─ 88 (V = 9, inactive): Constant[0] -> -5.6164
                                                 └─ 177 (V = 3, inactive): Input[3]
                                                 └─ 178 (V = 2, inactive): Input[2]
                                   └─ 44 (V = 19, inactive): Op[7] (arity = 1)
                                          └─ 89 (V = 3, inactive): Input[3]
                                                 └─ 179 (V = 4, inactive): Input[4]
                                                 └─ 180 (V = 3, inactive): Input[3]
                                          └─ 90 (V = 14, inactive): Op[2] (arity = 2)
                                                 └─ 181 (V = 0, inactive): Input[0]
                                                 └─ 182 (V = 9, inactive): Constant[0] -> -2.652
                            └─ 22 (V = 12, inactive): Op[0] (arity = 2)
                                   └─ 45 (V = 12, inactive): Op[0] (arity = 2)
                                          └─ 91 (V = 15, inactive): Op[3] (arity = 2)
                                                 └─ 183 (V = 1, inactive): Input[1]
                                                 └─ 184 (V = 7, inactive): Input[7]
                                          └─ 92 (V = 14, inactive): Op[2] (arity = 2)
                                                 └─ 185 (V = 1, inactive): Input[1]
                                                 └─ 186 (V = 8, inactive): Input[8]
                                   └─ 46 (V = 19, inactive): Op[7] (arity = 1)
                                          └─ 93 (V = 16, inactive): Op[4] (arity = 1)
                                                 └─ 187 (V = 4, inactive): Input[4]
                                                 └─ 188 (V = 1, inactive): Input[1]
                                          └─ 94 (V = 18, inactive): Op[6] (arity = 1)
                                                 └─ 189 (V = 8, inactive): Input[8]
                                                 └─ 190 (V = 1, inactive): Input[1]
       └─ 2 (V = 18, active): Op[6] (arity = 1)
              └─ 5 (V = 9, active): Constant[0] -> 2.97832
                     └─ 11 (V = 19, inactive): Op[7] (arity = 1)
                            └─ 23 (V = 5, inactive): Input[5]
                                   └─ 47 (V = 15, inactive): Op[3] (arity = 2)
                                          └─ 95 (V = 6, inactive): Input[6]
                                                 └─ 191 (V = 5, inactive): Input[5]
                                                 └─ 192 (V = 2, inactive): Input[2]
                                          └─ 96 (V = 17, inactive): Op[5] (arity = 1)
                                                 └─ 193 (V = 0, inactive): Input[0]
                                                 └─ 194 (V = 4, inactive): Input[4]
                                   └─ 48 (V = 17, inactive): Op[5] (arity = 1)
                                          └─ 97 (V = 3, inactive): Input[3]
                                                 └─ 195 (V = 4, inactive): Input[4]
                                                 └─ 196 (V = 8, inactive): Input[8]
                                          └─ 98 (V = 12, inactive): Op[0] (arity = 2)
                                                 └─ 197 (V = 5, inactive): Input[5]
                                                 └─ 198 (V = 2, inactive): Input[2]
                            └─ 24 (V = 17, inactive): Op[5] (arity = 1)
                                   └─ 49 (V = 6, inactive): Input[6]
                                          └─ 99 (V = 19, inactive): Op[7] (arity = 1)
                                                 └─ 199 (V = 6, inactive): Input[6]
                                                 └─ 200 (V = 2, inactive): Input[2]
                                          └─ 100 (V = 15, inactive): Op[3] (arity = 2)
                                                 └─ 201 (V = 4, inactive): Input[4]
                                                 └─ 202 (V = 8, inactive): Input[8]
                                   └─ 50 (V = 19, inactive): Op[7] (arity = 1)
                                          └─ 101 (V = 19, inactive): Op[7] (arity = 1)
                                                 └─ 203 (V = 6, inactive): Input[6]
                                                 └─ 204 (V = 8, inactive): Input[8]
                                          └─ 102 (V = 17, inactive): Op[5] (arity = 1)
                                                 └─ 205 (V = 5, inactive): Input[5]
                                                 └─ 206 (V = 2, inactive): Input[2]
                     └─ 12 (V = 2, inactive): Input[2]
                            └─ 25 (V = 15, inactive): Op[3] (arity = 2)
                                   └─ 51 (V = 16, inactive): Op[4] (arity = 1)
                                          └─ 103 (V = 2, inactive): Input[2]
                                                 └─ 207 (V = 8, inactive): Input[8]
                                                 └─ 208 (V = 1, inactive): Input[1]
                                          └─ 104 (V = 14, inactive): Op[2] (arity = 2)
                                                 └─ 209 (V = 2, inactive): Input[2]
                                                 └─ 210 (V = 4, inactive): Input[4]
                                   └─ 52 (V = 9, inactive): Constant[0] -> -1.53305
                                          └─ 105 (V = 15, inactive): Op[3] (arity = 2)
                                                 └─ 211 (V = 7, inactive): Input[7]
                                                 └─ 212 (V = 6, inactive): Input[6]
                                          └─ 106 (V = 9, inactive): Constant[0] -> 0.742845
                                                 └─ 213 (V = 1, inactive): Input[1]
                                                 └─ 214 (V = 8, inactive): Input[8]
                            └─ 26 (V = 15, inactive): Op[3] (arity = 2)
                                   └─ 53 (V = 13, inactive): Op[1] (arity = 2)
                                          └─ 107 (V = 8, inactive): Input[8]
                                                 └─ 215 (V = 3, inactive): Input[3]
                                                 └─ 216 (V = 2, inactive): Input[2]
                                          └─ 108 (V = 12, inactive): Op[0] (arity = 2)
                                                 └─ 217 (V = 7, inactive): Input[7]
                                                 └─ 218 (V = 3, inactive): Input[3]
                                   └─ 54 (V = 15, inactive): Op[3] (arity = 2)
                                          └─ 109 (V = 16, inactive): Op[4] (arity = 1)
                                                 └─ 219 (V = 1, inactive): Input[1]
                                                 └─ 220 (V = 1, inactive): Input[1]
                                          └─ 110 (V = 9, inactive): Constant[0] -> 6.08322
                                                 └─ 221 (V = 8, inactive): Input[8]
                                                 └─ 222 (V = 0, inactive): Input[0]
              └─ 6 (V = 14, inactive): Op[2] (arity = 2)
                     └─ 13 (V = 5, inactive): Input[5]
                            └─ 27 (V = 19, inactive): Op[7] (arity = 1)
                                   └─ 55 (V = 8, inactive): Input[8]
                                          └─ 111 (V = 18, inactive): Op[6] (arity = 1)
                                                 └─ 223 (V = 3, inactive): Input[3]
                                                 └─ 224 (V = 0, inactive): Input[0]
                                          └─ 112 (V = 0, inactive): Input[0]
                                                 └─ 225 (V = 5, inactive): Input[5]
                                                 └─ 226 (V = 0, inactive): Input[0]
                                   └─ 56 (V = 18, inactive): Op[6] (arity = 1)
                                          └─ 113 (V = 15, inactive): Op[3] (arity = 2)
                                                 └─ 227 (V = 0, inactive): Input[0]
                                                 └─ 228 (V = 8, inactive): Input[8]
                                          └─ 114 (V = 4, inactive): Input[4]
                                                 └─ 229 (V = 0, inactive): Input[0]
                                                 └─ 230 (V = 9, inactive): Constant[0] -> -1.02755
                            └─ 28 (V = 13, inactive): Op[1] (arity = 2)
                                   └─ 57 (V = 15, inactive): Op[3] (arity = 2)
                                          └─ 115 (V = 14, inactive): Op[2] (arity = 2)
                                                 └─ 231 (V = 2, inactive): Input[2]
                                                 └─ 232 (V = 9, inactive): Constant[0] -> 3.16782
                                          └─ 116 (V = 7, inactive): Input[7]
                                                 └─ 233 (V = 7, inactive): Input[7]
                                                 └─ 234 (V = 5, inactive): Input[5]
                                   └─ 58 (V = 13, inactive): Op[1] (arity = 2)
                                          └─ 117 (V = 0, inactive): Input[0]
                                                 └─ 235 (V = 3, inactive): Input[3]
                                                 └─ 236 (V = 0, inactive): Input[0]
                                          └─ 118 (V = 7, inactive): Input[7]
                                                 └─ 237 (V = 6, inactive): Input[6]
                                                 └─ 238 (V = 2, inactive): Input[2]
                     └─ 14 (V = 9, inactive): Constant[0] -> 5.55402
                            └─ 29 (V = 16, inactive): Op[4] (arity = 1)
                                   └─ 59 (V = 1, inactive): Input[1]
                                          └─ 119 (V = 3, inactive): Input[3]
                                                 └─ 239 (V = 6, inactive): Input[6]
                                                 └─ 240 (V = 1, inactive): Input[1]
                                          └─ 120 (V = 5, inactive): Input[5]
                                                 └─ 241 (V = 4, inactive): Input[4]
                                                 └─ 242 (V = 2, inactive): Input[2]
                                   └─ 60 (V = 12, inactive): Op[0] (arity = 2)
                                          └─ 121 (V = 13, inactive): Op[1] (arity = 2)
                                                 └─ 243 (V = 5, inactive): Input[5]
                                                 └─ 244 (V = 1, inactive): Input[1]
                                          └─ 122 (V = 4, inactive): Input[4]
                                                 └─ 245 (V = 2, inactive): Input[2]
                                                 └─ 246 (V = 0, inactive): Input[0]
                            └─ 30 (V = 12, inactive): Op[0] (arity = 2)
                                   └─ 61 (V = 4, inactive): Input[4]
                                          └─ 123 (V = 19, inactive): Op[7] (arity = 1)
                                                 └─ 247 (V = 3, inactive): Input[3]
                                                 └─ 248 (V = 5, inactive): Input[5]
                                          └─ 124 (V = 18, inactive): Op[6] (arity = 1)
                                                 └─ 249 (V = 6, inactive): Input[6]
                                                 └─ 250 (V = 1, inactive): Input[1]
                                   └─ 62 (V = 13, inactive): Op[1] (arity = 2)
                                          └─ 125 (V = 5, inactive): Input[5]
                                                 └─ 251 (V = 0, inactive): Input[0]
                                                 └─ 252 (V = 6, inactive): Input[6]
                                          └─ 126 (V = 12, inactive): Op[0] (arity = 2)
                                                 └─ 253 (V = 2, inactive): Input[2]
                                                 └─ 254 (V = 7, inactive): Input[7]
",((sin(((x0 - sin((x5 - x8))) + x5)) - ((log(((x0 + x3) + (x2 - x3))) * sqrt((x1 * (x0 / 2.0887604574390046)))) - cos(x6))) + log(2.9783159498701473)),2.29223,[2.29223],0,
Running,233995,9,8.014887852000001,6.670105222,1.34478263,1024,10,modular_1,single_kernel_inplace,1024,666,9,2,7,modular,0,0,3324115916,4.1594454033974815,3324115916,"[10,11,9,14,11,9,12,10,14,12,15,17,2,5,16,11,5,16,16,16,17,6,10,5,15,13,13,17,11,9,10,0,14,10,4,15,11,16,13,10,10,12,13,17,16,10,17,12,10,6,15,14,9,10,13,8,16,13,11,1,11,4,11,15,14,11,10,17,12,3,13,16,10,17,2,13,11,10,11,10,11,12,14,1,13,15,5,17,9,17,16,13,15,14,13,17,14,17,10,13,13,12,15,12,17,13,15,8,10,14,9,13,0,16,4,12,7,0,7,3,14,11,4,10,16,5,12,6,1,4,3,5,4,2,0,0,7,4,5,1,7,9,1,3,2,0,3,8,9,9,3,4,9,0,2,1,7,4,1,0,3,2,3,0,1,4,5,3,5,0,9,8,3,8,0,4,8,3,2,6,3,0,5,1,7,1,8,4,1,4,8,4,8,0,6,5,2,5,9,1,4,4,3,6,7,5,2,0,1,2,3,8,9,1,8,3,2,7,8,1,1,8,0,3,7,4,0,0,2,7,6,2,9,4,4,3,0,6,2,1,0,7,8,5,1,9,5,3,4,6,1,8,6,1,7]","[1,1,1,1,1,0,0,1,0,1,1,0,0,0,0,1,1,0,0,1,1,1,0,0,0,0,0,0,0,0,0,1,1,0,0,0,0,0,0,1,0,1,0,0,0,0,0,0,0,0,0,0,0,0,0,0,0,0,0,0,0,0,0,0,0,1,0,0,0,0,0,0,0,0,0,0,0,0,0,1,1,0,0,1,1,0,0,0,0,0,0,0,0,0,0,0,0,0,0,0,0,0,0,0,0,0,0,0,0,0,0,0,0,0,0,0,0,0,0,0,0,0,0,0,0,0,0,0,0,0,0,1,1,0,0,0,0,0,0,0,0,0,0,0,0,0,0,0,0,0,0,0,0,0,0,0,0,0,0,1,1,1,1,0,0,0,0,0,0,1,1,0,0,0,0,0,0,0,0,0,0,0,0,0,0,0,0,0,0,0,0,0,0,0,0,0,0,0,0,0,0,0,0,0,0,0,0,0,0,0,0,0,0,0,0,0,0,0,0,0,0,0,0,0,0,0,0,0,0,0,0,0,0,0,0,0,0,0,0,0,0,0,0,0,0,0,0,0,0,0,0,0,0,0,0]","[-4.93417,1.0255,1.20734,1.61602,0.975812,2.97832,2.51271,2.28526,-3.33097,-1.46869,-0.612813,1.95841,-4.5628,2.31617,-4.72796,5.77822,3.05634,-6.08562,-2.95213,1.7712,-1.20376,-5.0382,5.67441,5.93063,0.839163,-5.66929,-2.57949,1.61975,5.8794,-5.14823,-4.37404,5.64597,-1.35778,-3.34984,3.93947,3.61304,4.21589,-3.16174,-1.14093,1.16019,-3.71706,-2.92751,4.75532,-3.85848,1.49431,-3.60791,1.86134,-3.94787,3.19058,-0.741275,-3.25904,-0.50177,-1.53305,2.77671,3.73284,-0.412571,4.14719,1.91371,-5.58912,1.13862,4.48545,1.89717,1.13963,4.27462,-3.68076,-5.64749,2.03386,-5.0336,-3.23029,-2.831,-4.89603,-0.419993,-3.92942,-3.36665,-2.10793,-1.87615,3.2111,-3.09183,-5.66181,4.09723,2.1721,-1.04634,4.40176,-5.56352,-3.89647,0.197581,-3.28014,-3.35622,-5.6164,-0.791194,-1.77533,-5.57444,3.02746,-5.15402,0.341344,4.64574,4.11454,-3.49189,3.52783,-3.37565,2.73749,-3.60121,-3.66358,3.20986,-3.64677,-3.97978,1.97388,-0.694667,-1.67456,-3.69011,6.08322,2.98746,3.6284,-0.318243,-4.12876,1.388,5.56922,-2.50889,0.652207,4.10773,3.4151,5.79511,1.66965,0.56394,5.7464,1.20974,-2.56182,-5.61765,0.125052,3.25222,-1.23706,-3.64817,0.868009,-2.89737,2.80233,-2.49469,-3.91836,-3.50287,-2.32714,2.97434,0.650784,-0.0224282,3.4741,-4.07714,3.08475,-3.08342,-1.86715,-6.07129,-3.06173,-1.62956,-3.30958,-1.00086,5.89256,-0.432557,-5.17185,3.15942,-1.30498,-5.2406,2.00357,1.95027,1.14949,4.69688,-5.39652,5.72691,1.16722,3.65495,-0.840918,0.302185,-0.983245,2.45678,2.08876,2.39317,5.55242,5.97876,-0.650412,4.59365,3.3915,-1.2088,-5.42125,3.94447,-2.9272,-2.02132,5.1643,0.455714,0.273094,-2.13286,6.03247,-3.4293,-3.65145,-1.12439,-1.18547,-5.06944,2.42431,5.90571,-0.760792,3.70676,5.788,-4.64541,-0.904397,4.79703,-1.05931,6.05248,-4.35239,4.06805,4.1294,-3.77159,-2.93772,5.72044,1.37171,-2.44971,2.70662,1.85093,-4.24497,-3.70073,0.690071,-1.72133,-5.2818,2.87046,-4.51049,1.92965,-2.37017,-4.71633,5.54482,-2.65771,-2.72388,-0.818686,-4.28892,-3.22596,-3.9944,2.38797,-0.487924,4.28799,3.16782,1.19533,-3.94632,-3.76097,1.01441,2.26979,2.00307,1.71007,-0.728504,-3.60175,-5.64674,-4.7173,1.02779,1.92895,-0.986088,-4.64209,-2.5752,3.28112,-3.47843,-3.7788,-4.8858,1.76363,6.08677]","[0,0,1,0,0,0,0,0,0,0,0,0,0,0,0,0,0,0,0,0,0,0,0,0,0,0,0,0,0,0,0,0,0,0,0,0,0,0,0,0,0,0,0,0,0,0,0,0,0,0,0,0,0,0,0,0,0,0,0,0,0,0,0,0,0,0,0,0,0,0,0,0,0,0,0,0,0,0,0,0,0,0,0,0,0,0,0,0,0,0,0,0,0,0,0,0,0,0,0,0,0,0,0,0,0,0,0,0,0,0,0,0,0,0,0,0,0,0,0,0,0,0,0,0,0,0,0,0,0,0,0,0,0,0,0,0,0,0,0,0,0,0,0,0,0,0,0,0,0,0,0,0,0,0,0,0,0,0,0,0,0,0,0,0,0,0,0,0,0,0,1,0,0,0,0,0,0,0,0,0,0,0,0,0,0,0,0,0,0,0,0,0,0,0,0,0,0,0,0,0,0,0,0,0,0,0,0,0,0,0,0,0,0,0,0,0,0,0,0,0,0,0,0,0,0,0,0,0,0,0,0,0,0,0,0,0,0,0,0,0,0,0,0,0,0,0,0,0,0,0,0,0,0,0,0]","Output
└─ 0 (V = 12, active): Op[0] (arity = 2)
       └─ 1 (V = 13, active): Op[1] (arity = 2)
              └─ 3 (V = 16, active): Op[4] (arity = 1)
                     └─ 7 (V = 12, active): Op[0] (arity = 2)
                            └─ 15 (V = 13, active): Op[1] (arity = 2)
                                   └─ 31 (V = 0, active): Input[0]
                                          └─ 63 (V = 17, inactive): Op[5] (arity = 1)
                                                 └─ 127 (V = 6, inactive): Input[6]
                                                 └─ 128 (V = 1, inactive): Input[1]
                                          └─ 64 (V = 16, inactive): Op[4] (arity = 1)
                                                 └─ 129 (V = 4, inactive): Input[4]
                                                 └─ 130 (V = 3, inactive): Input[3]
                                   └─ 32 (V = 16, active): Op[4] (arity = 1)
                                          └─ 65 (V = 13, active): Op[1] (arity = 2)
                                                 └─ 131 (V = 5, active): Input[5]
                                                 └─ 132 (V = 4, active): Input[4]
                                          └─ 66 (V = 12, inactive): Op[0] (arity = 2)
                                                 └─ 133 (V = 2, inactive): Input[2]
                                                 └─ 134 (V = 0, inactive): Input[0]
                            └─ 16 (V = 5, active): Input[5]
                                   └─ 33 (V = 12, inactive): Op[0] (arity = 2)
                                          └─ 67 (V = 19, inactive): Op[7] (arity = 1)
                                                 └─ 135 (V = 0, inactive): Input[0]
                                                 └─ 136 (V = 7, inactive): Input[7]
                                          └─ 68 (V = 14, inactive): Op[2] (arity = 2)
                                                 └─ 137 (V = 4, inactive): Input[4]
                                                 └─ 138 (V = 5, inactive): Input[5]
                                   └─ 34 (V = 4, inactive): Input[4]
                                          └─ 69 (V = 3, inactive): Input[3]
                                                 └─ 139 (V = 1, inactive): Input[1]
                                                 └─ 140 (V = 7, inactive): Input[7]
                                          └─ 70 (V = 15, inactive): Op[3] (arity = 2)
                                                 └─ 141 (V = 9, inactive): Constant[0] -> -0.0224282
                                                 └─ 142 (V = 1, inactive): Input[1]
                     └─ 8 (V = 16, inactive): Op[4] (arity = 1)
                            └─ 17 (V = 18, inactive): Op[6] (arity = 1)
                                   └─ 35 (V = 17, inactive): Op[5] (arity = 1)
                                          └─ 71 (V = 18, inactive): Op[6] (arity = 1)
                                                 └─ 143 (V = 3, inactive): Input[3]
                                                 └─ 144 (V = 2, inactive): Input[2]
                                          └─ 72 (V = 12, inactive): Op[0] (arity = 2)
                                                 └─ 145 (V = 0, inactive): Input[0]
                                                 └─ 146 (V = 3, inactive): Input[3]
                                   └─ 36 (V = 13, inactive): Op[1] (arity = 2)
                                          └─ 73 (V = 19, inactive): Op[7] (arity = 1)
                                                 └─ 147 (V = 8, inactive): Input[8]
                                                 └─ 148 (V = 9, inactive): Constant[0] -> -3.06173
                                          └─ 74 (V = 2, inactive): Input[2]
                                                 └─ 149 (V = 9, inactive): Constant[0] -> -1.62956
                                                 └─ 150 (V = 3, inactive): Input[3]
                            └─ 18 (V = 18, inactive): Op[6] (arity = 1)
                                   └─ 37 (V = 18, inactive): Op[6] (arity = 1)
                                          └─ 75 (V = 15, inactive): Op[3] (arity = 2)
                                                 └─ 151 (V = 4, inactive): Input[4]
                                                 └─ 152 (V = 9, inactive): Constant[0] -> 5.89256
                                          └─ 76 (V = 13, inactive): Op[1] (arity = 2)
                                                 └─ 153 (V = 0, inactive): Input[0]
                                                 └─ 154 (V = 2, inactive): Input[2]
                                   └─ 38 (V = 15, inactive): Op[3] (arity = 2)
                                          └─ 77 (V = 12, inactive): Op[0] (arity = 2)
                                                 └─ 155 (V = 1, inactive): Input[1]
                                                 └─ 156 (V = 7, inactive): Input[7]
                                          └─ 78 (V = 13, inactive): Op[1] (arity = 2)
                                                 └─ 157 (V = 4, inactive): Input[4]
                                                 └─ 158 (V = 1, inactive): Input[1]
              └─ 4 (V = 13, active): Op[1] (arity = 2)
                     └─ 9 (V = 14, active): Op[2] (arity = 2)
                            └─ 19 (V = 18, active): Op[6] (arity = 1)
                                   └─ 39 (V = 12, active): Op[0] (arity = 2)
                                          └─ 79 (V = 12, active): Op[0] (arity = 2)
                                                 └─ 159 (V = 0, active): Input[0]
                                                 └─ 160 (V = 3, active): Input[3]
                                          └─ 80 (V = 13, active): Op[1] (arity = 2)
                                                 └─ 161 (V = 2, active): Input[2]
                                                 └─ 162 (V = 3, active): Input[3]
                                   └─ 40 (V = 12, inactive): Op[0] (arity = 2)
                                          └─ 81 (V = 14, inactive): Op[2] (arity = 2)
                                                 └─ 163 (V = 0, inactive): Input[0]
                                                 └─ 164 (V = 1, inactive): Input[1]
                                          └─ 82 (V = 16, inactive): Op[4] (arity = 1)
                                                 └─ 165 (V = 4, inactive): Input[4]
                                                 └─ 166 (V = 5, inactive): Input[5]
                            └─ 20 (V = 19, active): Op[7] (arity = 1)
                                   └─ 41 (V = 14, active): Op[2] (arity = 2)
                                          └─ 83 (V = 1, active): Input[1]
                                                 └─ 167 (V = 3, inactive): Input[3]
                                                 └─ 168 (V = 5, inactive): Input[5]
                                          └─ 84 (V = 15, active): Op[3] (arity = 2)
                                                 └─ 169 (V = 0, active): Input[0]
                                                 └─ 170 (V = 9, active): Constant[0] -> 2.08876
                                   └─ 42 (V = 15, inactive): Op[3] (arity = 2)
                                          └─ 85 (V = 17, inactive): Op[5] (arity = 1)
                                                 └─ 171 (V = 8, inactive): Input[8]
                                                 └─ 172 (V = 3, inactive): Input[3]
                                          └─ 86 (V = 5, inactive): Input[5]
                                                 └─ 173 (V = 8, inactive): Input[8]
                                                 └─ 174 (V = 0, inactive): Input[0]
                     └─ 10 (V = 17, active): Op[5] (arity = 1)
                            └─ 21 (V = 6, active): Input[6]
                                   └─ 43 (V = 19, inactive): Op[7] (arity = 1)
                                          └─ 87 (V = 19, inactive): Op[7] (arity = 1)
                                                 └─ 175 (V = 4, inactive): Input[4]
                                                 └─ 176 (V = 8, inactive): Input[8]
                                          └─ 88 (V = 9, inactive): Constant[0] -> -5.6164
                                                 └─ 177 (V = 3, inactive): Input[3]
                                                 └─ 178 (V = 2, inactive): Input[2]
                                   └─ 44 (V = 18, inactive): Op[6] (arity = 1)
                                          └─ 89 (V = 19, inactive): Op[7] (arity = 1)
                                                 └─ 179 (V = 6, inactive): Input[6]
                                                 └─ 180 (V = 3, inactive): Input[3]
                                          └─ 90 (V = 18, inactive): Op[6] (arity = 1)
                                                 └─ 181 (V = 0, inactive): Input[0]
                                                 └─ 182 (V = 5, inactive): Input[5]
                            └─ 22 (V = 12, inactive): Op[0] (arity = 2)
                                   └─ 45 (V = 12, inactive): Op[0] (arity = 2)
                                          └─ 91 (V = 15, inactive): Op[3] (arity = 2)
                                                 └─ 183 (V = 1, inactive): Input[1]
                                                 └─ 184 (V = 7, inactive): Input[7]
                                          └─ 92 (V = 17, inactive): Op[5] (arity = 1)
                                                 └─ 185 (V = 1, inactive): Input[1]
                                                 └─ 186 (V = 8, inactive): Input[8]
                                   └─ 46 (V = 19, inactive): Op[7] (arity = 1)
                                          └─ 93 (V = 16, inactive): Op[4] (arity = 1)
                                                 └─ 187 (V = 4, inactive): Input[4]
                                                 └─ 188 (V = 1, inactive): Input[1]
                                          └─ 94 (V = 15, inactive): Op[3] (arity = 2)
                                                 └─ 189 (V = 4, inactive): Input[4]
                                                 └─ 190 (V = 8, inactive): Input[8]
       └─ 2 (V = 9, active): Constant[0] -> 1.20734
              └─ 5 (V = 9, inactive): Constant[0] -> 2.97832
                     └─ 11 (V = 19, inactive): Op[7] (arity = 1)
                            └─ 23 (V = 5, inactive): Input[5]
                                   └─ 47 (V = 14, inactive): Op[2] (arity = 2)
                                          └─ 95 (V = 19, inactive): Op[7] (arity = 1)
                                                 └─ 191 (V = 4, inactive): Input[4]
                                                 └─ 192 (V = 8, inactive): Input[8]
                                          └─ 96 (V = 16, inactive): Op[4] (arity = 1)
                                                 └─ 193 (V = 0, inactive): Input[0]
                                                 └─ 194 (V = 6, inactive): Input[6]
                                   └─ 48 (V = 12, inactive): Op[0] (arity = 2)
                                          └─ 97 (V = 19, inactive): Op[7] (arity = 1)
                                                 └─ 195 (V = 5, inactive): Input[5]
                                                 └─ 196 (V = 2, inactive): Input[2]
                                          └─ 98 (V = 12, inactive): Op[0] (arity = 2)
                                                 └─ 197 (V = 5, inactive): Input[5]
                                                 └─ 198 (V = 9, inactive): Constant[0] -> -0.904397
                            └─ 24 (V = 17, inactive): Op[5] (arity = 1)
                                   └─ 49 (V = 6, inactive): Input[6]
                                          └─ 99 (V = 15, inactive): Op[3] (arity = 2)
                                                 └─ 199 (V = 1, inactive): Input[1]
                                                 └─ 200 (V = 4, inactive): Input[4]
                                          └─ 100 (V = 15, inactive): Op[3] (arity = 2)
                                                 └─ 201 (V = 4, inactive): Input[4]
                                                 └─ 202 (V = 3, inactive): Input[3]
                                   └─ 50 (V = 17, inactive): Op[5] (arity = 1)
                                          └─ 101 (V = 14, inactive): Op[2] (arity = 2)
                                                 └─ 203 (V = 6, inactive): Input[6]
                                                 └─ 204 (V = 7, inactive): Input[7]
                                          └─ 102 (V = 17, inactive): Op[5] (arity = 1)
                                                 └─ 205 (V = 5, inactive): Input[5]
                                                 └─ 206 (V = 2, inactive): Input[2]
                     └─ 12 (V = 2, inactive): Input[2]
                            └─ 25 (V = 15, inactive): Op[3] (arity = 2)
                                   └─ 51 (V = 16, inactive): Op[4] (arity = 1)
                                          └─ 103 (V = 14, inactive): Op[2] (arity = 2)
                                                 └─ 207 (V = 0, inactive): Input[0]
                                                 └─ 208 (V = 1, inactive): Input[1]
                                          └─ 104 (V = 19, inactive): Op[7] (arity = 1)
                                                 └─ 209 (V = 2, inactive): Input[2]
                                                 └─ 210 (V = 3, inactive): Input[3]
                                   └─ 52 (V = 9, inactive): Constant[0] -> -1.53305
                                          └─ 105 (V = 15, inactive): Op[3] (arity = 2)
                                                 └─ 211 (V = 8, inactive): Input[8]
                                                 └─ 212 (V = 9, inactive): Constant[0] -> -4.24497
                                          └─ 106 (V = 17, inactive): Op[5] (arity = 1)
                                                 └─ 213 (V = 1, inactive): Input[1]
                                                 └─ 214 (V = 8, inactive): Input[8]
                            └─ 26 (V = 15, inactive): Op[3] (arity = 2)
                                   └─ 53 (V = 12, inactive): Op[0] (arity = 2)
                                          └─ 107 (V = 8, inactive): Input[8]
                                                 └─ 215 (V = 3, inactive): Input[3]
                                                 └─ 216 (V = 2, inactive): Input[2]
                                          └─ 108 (V = 12, inactive): Op[0] (arity = 2)
                                                 └─ 217 (V = 7, inactive): Input[7]
                                                 └─ 218 (V = 8, inactive): Input[8]
                                   └─ 54 (V = 15, inactive): Op[3] (arity = 2)
                                          └─ 109 (V = 16, inactive): Op[4] (arity = 1)
                                                 └─ 219 (V = 1, inactive): Input[1]
                                                 └─ 220 (V = 1, inactive): Input[1]
                                          └─ 110 (V = 9, inactive): Constant[0] -> 6.08322
                                                 └─ 221 (V = 8, inactive): Input[8]
                                                 └─ 222 (V = 0, inactive): Input[0]
              └─ 6 (V = 14, inactive): Op[2] (arity = 2)
                     └─ 13 (V = 5, inactive): Input[5]
                            └─ 27 (V = 19, inactive): Op[7] (arity = 1)
                                   └─ 55 (V = 8, inactive): Input[8]
                                          └─ 111 (V = 15, inactive): Op[3] (arity = 2)
                                                 └─ 223 (V = 3, inactive): Input[3]
                                                 └─ 224 (V = 7, inactive): Input[7]
                                          └─ 112 (V = 0, inactive): Input[0]
                                                 └─ 225 (V = 4, inactive): Input[4]
                                                 └─ 226 (V = 0, inactive): Input[0]
                                   └─ 56 (V = 18, inactive): Op[6] (arity = 1)
                                          └─ 113 (V = 18, inactive): Op[6] (arity = 1)
                                                 └─ 227 (V = 0, inactive): Input[0]
                                                 └─ 228 (V = 2, inactive): Input[2]
                                          └─ 114 (V = 4, inactive): Input[4]
                                                 └─ 229 (V = 7, inactive): Input[7]
                                                 └─ 230 (V = 6, inactive): Input[6]
                            └─ 28 (V = 13, inactive): Op[1] (arity = 2)
                                   └─ 57 (V = 15, inactive): Op[3] (arity = 2)
                                          └─ 115 (V = 14, inactive): Op[2] (arity = 2)
                                                 └─ 231 (V = 2, inactive): Input[2]
                                                 └─ 232 (V = 9, inactive): Constant[0] -> 3.16782
                                          └─ 116 (V = 7, inactive): Input[7]
                                                 └─ 233 (V = 4, inactive): Input[4]
                                                 └─ 234 (V = 4, inactive): Input[4]
                                   └─ 58 (V = 13, inactive): Op[1] (arity = 2)
                                          └─ 117 (V = 0, inactive): Input[0]
                                                 └─ 235 (V = 3, inactive): Input[3]
                                                 └─ 236 (V = 0, inactive): Input[0]
                                          └─ 118 (V = 7, inactive): Input[7]
                                                 └─ 237 (V = 6, inactive): Input[6]
                                                 └─ 238 (V = 2, inactive): Input[2]
                     └─ 14 (V = 18, inactive): Op[6] (arity = 1)
                            └─ 29 (V = 9, inactive): Constant[0] -> -5.14823
                                   └─ 59 (V = 1, inactive): Input[1]
                                          └─ 119 (V = 3, inactive): Input[3]
                                                 └─ 239 (V = 1, inactive): Input[1]
                                                 └─ 240 (V = 0, inactive): Input[0]
                                          └─ 120 (V = 16, inactive): Op[4] (arity = 1)
                                                 └─ 241 (V = 7, inactive): Input[7]
                                                 └─ 242 (V = 8, inactive): Input[8]
                                   └─ 60 (V = 13, inactive): Op[1] (arity = 2)
                                          └─ 121 (V = 13, inactive): Op[1] (arity = 2)
                                                 └─ 243 (V = 5, inactive): Input[5]
                                                 └─ 244 (V = 1, inactive): Input[1]
                                          └─ 122 (V = 4, inactive): Input[4]
                                                 └─ 245 (V = 9, inactive): Constant[0] -> 1.92895
                                                 └─ 246 (V = 5, inactive): Input[5]
                            └─ 30 (V = 12, inactive): Op[0] (arity = 2)
                                   └─ 61 (V = 4, inactive): Input[4]
                                          └─ 123 (V = 12, inactive): Op[0] (arity = 2)
                                                 └─ 247 (V = 3, inactive): Input[3]
                                                 └─ 248 (V = 4, inactive): Input[4]
                                          └─ 124 (V = 18, inactive): Op[6] (arity = 1)
                                                 └─ 249 (V = 6, inactive): Input[6]
                                                 └─ 250 (V = 1, inactive): Input[1]
                                   └─ 62 (V = 13, inactive): Op[1] (arity = 2)
                                          └─ 125 (V = 5, inactive): Input[5]
                                                 └─ 251 (V = 8, inactive): Input[8]
                                                 └─ 252 (V = 6, inactive): Input[6]
                                          └─ 126 (V = 14, inactive): Op[2] (arity = 2)
                                                 └─ 253 (V = 1, inactive): Input[1]
                                                 └─ 254 (V = 7, inactive): Input[7]
",((sin(((x0 - sin((x5 - x4))) + x5)) - ((log(((x0 + x3) + (x2 - x3))) * sqrt((x1 * (x0 / 2.0887604574390046)))) - cos(x6))) + 1.207339579306594),2.26985,[2.26985],0,
TimeLimitReached,276121,11,9.974635336,8.328521202,1.646114134,1024,12,modular_1,single_kernel_inplace,1024,666,9,2,7,modular,0,0,3324115916,4.1594454033974815,3324115916,"[10,11,16,14,11,9,12,10,14,12,15,17,11,12,16,11,5,12,17,16,12,6,12,17,11,17,13,12,11,9,13,0,14,17,17,15,15,17,13,10,10,12,9,17,13,16,17,7,10,16,11,14,9,11,12,12,11,5,15,0,11,4,11,15,14,11,14,17,10,11,14,10,17,9,14,7,11,1,2,10,11,0,6,1,14,15,5,17,14,10,16,17,15,14,17,17,15,14,10,0,13,12,14,7,12,10,7,8,14,15,11,13,2,16,4,14,12,0,1,12,13,16,1,16,11,15,2,9,8,1,3,5,4,0,0,5,9,4,1,3,9,3,1,5,2,0,5,3,7,0,7,7,6,5,7,1,4,9,0,0,3,2,3,8,2,3,4,3,6,0,9,2,3,5,6,3,8,4,9,0,7,0,0,1,5,1,9,5,1,8,4,0,8,1,2,8,2,3,1,7,2,0,2,6,1,5,2,3,1,5,4,7,0,0,3,6,6,8,9,1,4,3,3,2,7,8,1,5,2,4,5,9,0,0,6,9,5,4,2,9,2,8,2,1,1,7,7,7,1,6,6,7,5,1,7]","[1,1,1,1,1,1,0,1,0,1,1,0,0,0,0,1,1,0,0,1,1,1,0,0,0,0,0,0,0,0,0,1,1,0,0,0,0,0,0,1,0,1,1,0,0,0,0,0,0,0,0,0,0,0,0,0,0,0,0,0,0,0,0,0,0,1,0,0,0,0,0,0,0,0,0,0,0,0,0,1,1,0,0,1,1,0,0,0,0,0,0,0,0,0,0,0,0,0,0,0,0,0,0,0,0,0,0,0,0,0,0,0,0,0,0,0,0,0,0,0,0,0,0,0,0,0,0,0,0,0,0,1,1,0,0,0,0,0,0,0,0,0,0,0,0,0,0,0,0,0,0,0,0,0,0,0,0,0,0,1,1,1,1,0,0,0,0,0,0,1,0,0,0,0,0,0,0,0,0,0,0,0,0,0,0,0,0,0,0,0,0,0,0,0,0,0,0,0,0,0,0,0,0,0,0,0,0,0,0,0,0,0,0,0,0,0,0,0,0,0,0,0,0,0,0,0,0,0,0,0,0,0,0,0,0,0,0,0,0,0,0,0,0,0,0,0,0,0,0,0,0,0,0,0,0]","[-4.93417,-0.845788,1.04072,1.61602,0.975812,2.97832,1.32847,2.28526,-3.33097,-1.46869,-0.612813,-0.540739,-5.49512,3.79475,-4.72796,5.77822,3.05634,-0.410203,-5.84296,1.7712,-6.06455,-5.0382,1.90218,-2.74021,-5.45111,-4.38923,-2.57949,5.21441,5.8794,-5.14823,4.94445,5.64597,-1.35778,-5.22693,-2.26474,3.73459,1.32141,-1.87197,-3.55355,1.16019,-3.71706,-2.92751,0.61909,-3.85848,4.51955,-3.50027,5.63502,-1.39049,1.20581,-1.06151,1.58559,1.96882,-1.53305,-3.8597,1.53616,0.523947,-2.7503,-3.95077,-1.56046,4.22075,4.48545,1.89717,1.13963,4.27462,-2.23837,-5.64749,4.01701,-5.0336,0.0207985,-1.91986,-4.78738,-0.706306,4.09912,-5.67502,-1.34923,-0.126507,3.2111,3.36084,-0.339651,4.09723,2.1721,-2.28405,-5.00264,-5.56352,5.94932,0.197581,2.5504,-5.02349,-2.7666,-2.14052,-1.77533,-2.03704,-3.67619,-5.15402,2.92271,4.64574,1.58194,-0.839187,3.52783,1.62605,2.73749,0.634562,6.0353,3.8876,2.18734,-5.30634,2.42156,0.852452,4.35696,5.78291,5.61912,-2.80448,-3.12411,-0.318243,-4.12876,-5.75078,3.22101,-2.50889,1.12449,-1.02118,-5.74315,-5.11544,1.22645,-3.04295,-4.61958,-4.31277,5.30745,-2.02357,1.00732,-3.49219,-1.23706,-3.64817,0.173271,-4.99117,2.80233,3.73128,1.55758,3.70677,1.6098,5.25718,0.799054,-0.485786,3.4741,-0.599289,3.08475,-3.08342,0.688304,-0.347488,3.54876,1.99183,5.74865,-3.52155,0.0640921,-3.01016,3.43767,3.15942,-1.83773,1.23283,2.24191,1.95027,1.14949,4.69688,-5.39652,2.54826,2.83153,2.25628,-2.25378,0.302185,-1.96934,2.45678,2.08876,-2.44947,5.55242,-1.31126,-0.558371,1.96398,-3.12839,3.49634,1.30603,-4.76297,5.96429,1.28301,5.96739,0.455714,-1.3054,-2.13286,-2.48362,-1.8119,-3.65145,0.964096,-5.73675,0.324356,2.42431,-0.813811,-3.41833,-0.806431,5.42754,-0.250888,-5.2884,2.34546,5.54629,3.55116,-3.68862,4.06805,4.49423,4.48424,-2.93772,-4.53486,3.72977,-2.49393,-5.87808,2.44513,-5.03928,2.0128,1.57222,3.90517,3.46638,-0.914118,-5.7406,1.92965,-2.55419,1.43286,1.76964,2.36204,2.88223,-0.0701741,2.72075,1.93097,-3.9944,-5.08366,3.97452,-3.58642,1.45517,-0.0509855,-2.42554,-2.8232,4.96588,-5.1435,5.29477,-0.102353,-5.89386,1.55226,2.40405,2.03475,1.02779,1.57845,-4.82628,4.38218,0.429538,3.28112,2.96898,-1.27195,-3.11562,2.69133,6.08677]","[0,0,0,0,0,1,0,0,0,0,0,0,0,0,0,0,0,0,0,0,0,0,0,0,0,0,0,0,0,0,0,0,0,0,0,0,0,0,0,0,0,0,1,0,0,0,0,0,0,0,0,0,0,0,0,0,0,0,0,0,0,0,0,0,0,0,0,0,0,0,0,0,0,0,0,0,0,0,0,0,0,0,0,0,0,0,0,0,0,0,0,0,0,0,0,0,0,0,0,0,0,0,0,0,0,0,0,0,0,0,0,0,0,0,0,0,0,0,0,0,0,0,0,0,0,0,0,0,0,0,0,0,0,0,0,0,0,0,0,0,0,0,0,0,0,0,0,0,0,0,0,0,0,0,0,0,0,0,0,0,0,0,0,0,0,0,0,0,0,0,0,0,0,0,0,0,0,0,0,0,0,0,0,0,0,0,0,0,0,0,0,0,0,0,0,0,0,0,0,0,0,0,0,0,0,0,0,0,0,0,0,0,0,0,0,0,0,0,0,0,0,0,0,0,0,0,0,0,0,0,0,0,0,0,0,0,0,0,0,0,0,0,0,0,0,0,0,0,0,0,0,0,0,0,0]","Output
└─ 0 (V = 12, active): Op[0] (arity = 2)
       └─ 1 (V = 13, active): Op[1] (arity = 2)
              └─ 3 (V = 16, active): Op[4] (arity = 1)
                     └─ 7 (V = 12, active): Op[0] (arity = 2)
                            └─ 15 (V = 13, active): Op[1] (arity = 2)
                                   └─ 31 (V = 0, active): Input[0]
                                          └─ 63 (V = 17, inactive): Op[5] (arity = 1)
                                                 └─ 127 (V = 9, inactive): Constant[0] -> -2.02357
                                                 └─ 128 (V = 8, inactive): Input[8]
                                          └─ 64 (V = 16, inactive): Op[4] (arity = 1)
                                                 └─ 129 (V = 1, inactive): Input[1]
                                                 └─ 130 (V = 3, inactive): Input[3]
                                   └─ 32 (V = 16, active): Op[4] (arity = 1)
                                          └─ 65 (V = 13, active): Op[1] (arity = 2)
                                                 └─ 131 (V = 5, active): Input[5]
                                                 └─ 132 (V = 4, active): Input[4]
                                          └─ 66 (V = 16, inactive): Op[4] (arity = 1)
                                                 └─ 133 (V = 0, inactive): Input[0]
                                                 └─ 134 (V = 0, inactive): Input[0]
                            └─ 16 (V = 5, active): Input[5]
                                   └─ 33 (V = 19, inactive): Op[7] (arity = 1)
                                          └─ 67 (V = 19, inactive): Op[7] (arity = 1)
                                                 └─ 135 (V = 5, inactive): Input[5]
                                                 └─ 136 (V = 9, inactive): Constant[0] -> 1.55758
                                          └─ 68 (V = 12, inactive): Op[0] (arity = 2)
                                                 └─ 137 (V = 4, inactive): Input[4]
                                                 └─ 138 (V = 1, inactive): Input[1]
                                   └─ 34 (V = 19, inactive): Op[7] (arity = 1)
                                          └─ 69 (V = 13, inactive): Op[1] (arity = 2)
                                                 └─ 139 (V = 3, inactive): Input[3]
                                                 └─ 140 (V = 9, inactive): Constant[0] -> 0.799054
                                          └─ 70 (V = 16, inactive): Op[4] (arity = 1)
                                                 └─ 141 (V = 3, inactive): Input[3]
                                                 └─ 142 (V = 1, inactive): Input[1]
                     └─ 8 (V = 16, inactive): Op[4] (arity = 1)
                            └─ 17 (V = 14, inactive): Op[2] (arity = 2)
                                   └─ 35 (V = 17, inactive): Op[5] (arity = 1)
                                          └─ 71 (V = 12, inactive): Op[0] (arity = 2)
                                                 └─ 143 (V = 5, inactive): Input[5]
                                                 └─ 144 (V = 2, inactive): Input[2]
                                          └─ 72 (V = 19, inactive): Op[7] (arity = 1)
                                                 └─ 145 (V = 0, inactive): Input[0]
                                                 └─ 146 (V = 5, inactive): Input[5]
                                   └─ 36 (V = 17, inactive): Op[5] (arity = 1)
                                          └─ 73 (V = 9, inactive): Constant[0] -> -5.67502
                                                 └─ 147 (V = 3, inactive): Input[3]
                                                 └─ 148 (V = 7, inactive): Input[7]
                                          └─ 74 (V = 16, inactive): Op[4] (arity = 1)
                                                 └─ 149 (V = 0, inactive): Input[0]
                                                 └─ 150 (V = 7, inactive): Input[7]
                            └─ 18 (V = 19, inactive): Op[7] (arity = 1)
                                   └─ 37 (V = 19, inactive): Op[7] (arity = 1)
                                          └─ 75 (V = 7, inactive): Input[7]
                                                 └─ 151 (V = 7, inactive): Input[7]
                                                 └─ 152 (V = 6, inactive): Input[6]
                                          └─ 76 (V = 13, inactive): Op[1] (arity = 2)
                                                 └─ 153 (V = 5, inactive): Input[5]
                                                 └─ 154 (V = 7, inactive): Input[7]
                                   └─ 38 (V = 15, inactive): Op[3] (arity = 2)
                                          └─ 77 (V = 1, inactive): Input[1]
                                                 └─ 155 (V = 1, inactive): Input[1]
                                                 └─ 156 (V = 4, inactive): Input[4]
                                          └─ 78 (V = 2, inactive): Input[2]
                                                 └─ 157 (V = 9, inactive): Constant[0] -> 1.23283
                                                 └─ 158 (V = 0, inactive): Input[0]
              └─ 4 (V = 13, active): Op[1] (arity = 2)
                     └─ 9 (V = 14, active): Op[2] (arity = 2)
                            └─ 19 (V = 18, active): Op[6] (arity = 1)
                                   └─ 39 (V = 12, active): Op[0] (arity = 2)
                                          └─ 79 (V = 12, active): Op[0] (arity = 2)
                                                 └─ 159 (V = 0, active): Input[0]
                                                 └─ 160 (V = 3, active): Input[3]
                                          └─ 80 (V = 13, active): Op[1] (arity = 2)
                                                 └─ 161 (V = 2, active): Input[2]
                                                 └─ 162 (V = 3, active): Input[3]
                                   └─ 40 (V = 12, inactive): Op[0] (arity = 2)
                                          └─ 81 (V = 0, inactive): Input[0]
                                                 └─ 163 (V = 8, inactive): Input[8]
                                                 └─ 164 (V = 2, inactive): Input[2]
                                          └─ 82 (V = 6, inactive): Input[6]
                                                 └─ 165 (V = 3, inactive): Input[3]
                                                 └─ 166 (V = 4, inactive): Input[4]
                            └─ 20 (V = 14, active): Op[2] (arity = 2)
                                   └─ 41 (V = 14, active): Op[2] (arity = 2)
                                          └─ 83 (V = 1, active): Input[1]
                                                 └─ 167 (V = 3, inactive): Input[3]
                                                 └─ 168 (V = 6, inactive): Input[6]
                                          └─ 84 (V = 16, active): Op[4] (arity = 1)
                                                 └─ 169 (V = 0, active): Input[0]
                                                 └─ 170 (V = 9, inactive): Constant[0] -> 2.08876
                                   └─ 42 (V = 9, active): Constant[0] -> 0.61909
                                          └─ 85 (V = 17, inactive): Op[5] (arity = 1)
                                                 └─ 171 (V = 2, inactive): Input[2]
                                                 └─ 172 (V = 3, inactive): Input[3]
                                          └─ 86 (V = 5, inactive): Input[5]
                                                 └─ 173 (V = 5, inactive): Input[5]
                                                 └─ 174 (V = 6, inactive): Input[6]
                     └─ 10 (V = 17, active): Op[5] (arity = 1)
                            └─ 21 (V = 6, active): Input[6]
                                   └─ 43 (V = 19, inactive): Op[7] (arity = 1)
                                          └─ 87 (V = 19, inactive): Op[7] (arity = 1)
                                                 └─ 175 (V = 3, inactive): Input[3]
                                                 └─ 176 (V = 8, inactive): Input[8]
                                          └─ 88 (V = 16, inactive): Op[4] (arity = 1)
                                                 └─ 177 (V = 4, inactive): Input[4]
                                                 └─ 178 (V = 9, inactive): Constant[0] -> 1.30603
                                   └─ 44 (V = 15, inactive): Op[3] (arity = 2)
                                          └─ 89 (V = 12, inactive): Op[0] (arity = 2)
                                                 └─ 179 (V = 0, inactive): Input[0]
                                                 └─ 180 (V = 7, inactive): Input[7]
                                          └─ 90 (V = 18, inactive): Op[6] (arity = 1)
                                                 └─ 181 (V = 0, inactive): Input[0]
                                                 └─ 182 (V = 0, inactive): Input[0]
                            └─ 22 (V = 14, inactive): Op[2] (arity = 2)
                                   └─ 45 (V = 18, inactive): Op[6] (arity = 1)
                                          └─ 91 (V = 19, inactive): Op[7] (arity = 1)
                                                 └─ 183 (V = 1, inactive): Input[1]
                                                 └─ 184 (V = 5, inactive): Input[5]
                                          └─ 92 (V = 17, inactive): Op[5] (arity = 1)
                                                 └─ 185 (V = 1, inactive): Input[1]
                                                 └─ 186 (V = 9, inactive): Constant[0] -> -2.48362
                                   └─ 46 (V = 19, inactive): Op[7] (arity = 1)
                                          └─ 93 (V = 16, inactive): Op[4] (arity = 1)
                                                 └─ 187 (V = 5, inactive): Input[5]
                                                 └─ 188 (V = 1, inactive): Input[1]
                                          └─ 94 (V = 19, inactive): Op[7] (arity = 1)
                                                 └─ 189 (V = 8, inactive): Input[8]
                                                 └─ 190 (V = 4, inactive): Input[4]
       └─ 2 (V = 18, active): Op[6] (arity = 1)
              └─ 5 (V = 9, active): Constant[0] -> 2.97832
                     └─ 11 (V = 19, inactive): Op[7] (arity = 1)
                            └─ 23 (V = 19, inactive): Op[7] (arity = 1)
                                   └─ 47 (V = 7, inactive): Input[7]
                                          └─ 95 (V = 19, inactive): Op[7] (arity = 1)
                                                 └─ 191 (V = 0, inactive): Input[0]
                                                 └─ 192 (V = 8, inactive): Input[8]
                                          └─ 96 (V = 17, inactive): Op[5] (arity = 1)
                                                 └─ 193 (V = 1, inactive): Input[1]
                                                 └─ 194 (V = 2, inactive): Input[2]
                                   └─ 48 (V = 12, inactive): Op[0] (arity = 2)
                                          └─ 97 (V = 16, inactive): Op[4] (arity = 1)
                                                 └─ 195 (V = 8, inactive): Input[8]
                                                 └─ 196 (V = 2, inactive): Input[2]
                                          └─ 98 (V = 12, inactive): Op[0] (arity = 2)
                                                 └─ 197 (V = 3, inactive): Input[3]
                                                 └─ 198 (V = 1, inactive): Input[1]
                            └─ 24 (V = 13, inactive): Op[1] (arity = 2)
                                   └─ 49 (V = 18, inactive): Op[6] (arity = 1)
                                          └─ 99 (V = 0, inactive): Input[0]
                                                 └─ 199 (V = 7, inactive): Input[7]
                                                 └─ 200 (V = 2, inactive): Input[2]
                                          └─ 100 (V = 15, inactive): Op[3] (arity = 2)
                                                 └─ 201 (V = 0, inactive): Input[0]
                                                 └─ 202 (V = 2, inactive): Input[2]
                                   └─ 50 (V = 13, inactive): Op[1] (arity = 2)
                                          └─ 101 (V = 14, inactive): Op[2] (arity = 2)
                                                 └─ 203 (V = 6, inactive): Input[6]
                                                 └─ 204 (V = 1, inactive): Input[1]
                                          └─ 102 (V = 16, inactive): Op[4] (arity = 1)
                                                 └─ 205 (V = 5, inactive): Input[5]
                                                 └─ 206 (V = 2, inactive): Input[2]
                     └─ 12 (V = 13, inactive): Op[1] (arity = 2)
                            └─ 25 (V = 19, inactive): Op[7] (arity = 1)
                                   └─ 51 (V = 16, inactive): Op[4] (arity = 1)
                                          └─ 103 (V = 7, inactive): Input[7]
                                                 └─ 207 (V = 3, inactive): Input[3]
                                                 └─ 208 (V = 1, inactive): Input[1]
                                          └─ 104 (V = 14, inactive): Op[2] (arity = 2)
                                                 └─ 209 (V = 5, inactive): Input[5]
                                                 └─ 210 (V = 4, inactive): Input[4]
                                   └─ 52 (V = 9, inactive): Constant[0] -> -1.53305
                                          └─ 105 (V = 12, inactive): Op[0] (arity = 2)
                                                 └─ 211 (V = 7, inactive): Input[7]
                                                 └─ 212 (V = 0, inactive): Input[0]
                                          └─ 106 (V = 7, inactive): Input[7]
                                                 └─ 213 (V = 0, inactive): Input[0]
                                                 └─ 214 (V = 3, inactive): Input[3]
                            └─ 26 (V = 15, inactive): Op[3] (arity = 2)
                                   └─ 53 (V = 13, inactive): Op[1] (arity = 2)
                                          └─ 107 (V = 8, inactive): Input[8]
                                                 └─ 215 (V = 6, inactive): Input[6]
                                                 └─ 216 (V = 6, inactive): Input[6]
                                          └─ 108 (V = 16, inactive): Op[4] (arity = 1)
                                                 └─ 217 (V = 8, inactive): Input[8]
                                                 └─ 218 (V = 9, inactive): Constant[0] -> -5.7406
                                   └─ 54 (V = 14, inactive): Op[2] (arity = 2)
                                          └─ 109 (V = 17, inactive): Op[5] (arity = 1)
                                                 └─ 219 (V = 1, inactive): Input[1]
                                                 └─ 220 (V = 4, inactive): Input[4]
                                          └─ 110 (V = 13, inactive): Op[1] (arity = 2)
                                                 └─ 221 (V = 3, inactive): Input[3]
                                                 └─ 222 (V = 3, inactive): Input[3]
              └─ 6 (V = 14, inactive): Op[2] (arity = 2)
                     └─ 13 (V = 14, inactive): Op[2] (arity = 2)
                            └─ 27 (V = 14, inactive): Op[2] (arity = 2)
                                   └─ 55 (V = 14, inactive): Op[2] (arity = 2)
                                          └─ 111 (V = 15, inactive): Op[3] (arity = 2)
                                                 └─ 223 (V = 2, inactive): Input[2]
                                                 └─ 224 (V = 7, inactive): Input[7]
                                          └─ 112 (V = 2, inactive): Input[2]
                                                 └─ 225 (V = 8, inactive): Input[8]
                                                 └─ 226 (V = 1, inactive): Input[1]
                                   └─ 56 (V = 13, inactive): Op[1] (arity = 2)
                                          └─ 113 (V = 18, inactive): Op[6] (arity = 1)
                                                 └─ 227 (V = 5, inactive): Input[5]
                                                 └─ 228 (V = 2, inactive): Input[2]
                                          └─ 114 (V = 4, inactive): Input[4]
                                                 └─ 229 (V = 4, inactive): Input[4]
                                                 └─ 230 (V = 5, inactive): Input[5]
                            └─ 28 (V = 13, inactive): Op[1] (arity = 2)
                                   └─ 57 (V = 5, inactive): Input[5]
                                          └─ 115 (V = 16, inactive): Op[4] (arity = 1)
                                                 └─ 231 (V = 9, inactive): Constant[0] -> -3.58642
                                                 └─ 232 (V = 0, inactive): Input[0]
                                          └─ 116 (V = 14, inactive): Op[2] (arity = 2)
                                                 └─ 233 (V = 0, inactive): Input[0]
                                                 └─ 234 (V = 6, inactive): Input[6]
                                   └─ 58 (V = 17, inactive): Op[5] (arity = 1)
                                          └─ 117 (V = 0, inactive): Input[0]
                                                 └─ 235 (V = 9, inactive): Constant[0] -> -2.8232
                                                 └─ 236 (V = 5, inactive): Input[5]
                                          └─ 118 (V = 1, inactive): Input[1]
                                                 └─ 237 (V = 4, inactive): Input[4]
                                                 └─ 238 (V = 2, inactive): Input[2]
                     └─ 14 (V = 18, inactive): Op[6] (arity = 1)
                            └─ 29 (V = 9, inactive): Constant[0] -> -5.14823
                                   └─ 59 (V = 0, inactive): Input[0]
                                          └─ 119 (V = 14, inactive): Op[2] (arity = 2)
                                                 └─ 239 (V = 9, inactive): Constant[0] -> -0.102353
                                                 └─ 240 (V = 2, inactive): Input[2]
                                          └─ 120 (V = 15, inactive): Op[3] (arity = 2)
                                                 └─ 241 (V = 8, inactive): Input[8]
                                                 └─ 242 (V = 2, inactive): Input[2]
                                   └─ 60 (V = 13, inactive): Op[1] (arity = 2)
                                          └─ 121 (V = 18, inactive): Op[6] (arity = 1)
                                                 └─ 243 (V = 1, inactive): Input[1]
                                                 └─ 244 (V = 1, inactive): Input[1]
                                          └─ 122 (V = 1, inactive): Input[1]
                                                 └─ 245 (V = 7, inactive): Input[7]
                                                 └─ 246 (V = 7, inactive): Input[7]
                            └─ 30 (V = 15, inactive): Op[3] (arity = 2)
                                   └─ 61 (V = 4, inactive): Input[4]
                                          └─ 123 (V = 18, inactive): Op[6] (arity = 1)
                                                 └─ 247 (V = 7, inactive): Input[7]
                                                 └─ 248 (V = 1, inactive): Input[1]
                                          └─ 124 (V = 13, inactive): Op[1] (arity = 2)
                                                 └─ 249 (V = 6, inactive): Input[6]
                                                 └─ 250 (V = 6, inactive): Input[6]
                                   └─ 62 (V = 13, inactive): Op[1] (arity = 2)
                                          └─ 125 (V = 17, inactive): Op[5] (arity = 1)
                                                 └─ 251 (V = 7, inactive): Input[7]
                                                 └─ 252 (V = 5, inactive): Input[5]
                                          └─ 126 (V = 2, inactive): Input[2]
                                                 └─ 253 (V = 1, inactive): Input[1]
                                                 └─ 254 (V = 7, inactive): Input[7]
",((sin(((x0 - sin((x5 - x4))) + x5)) - ((log(((x0 + x3) + (x2 - x3))) * ((x1 * sin(x0)) * 0.6190896037747002)) - cos(x6))) + log(2.9783159498701473)),2.25621,[2.25621],0,2.256205716498593
