total_time_seconds,expression,mse,evaluations,dataset,fold,num_observations,num_features,population_size,operator_set,template_depth,iteration,seed,old_mse,mse_val,var_y_val
600.0013656530064,'x4**cos(sqrt(x5) + sqrt(x5 + x6)) - 388.478*cos(log(1.14832e-20/x3))/sqrt(0.0949861*x0 + 0.0949861*x3)',8.847942741684276,26785408,9,0,384,7,128,paper,4,0,3324115916,8.847920417785645,9.7531734523364,44.4359693877551
600.0019284549635,'(x5 - 27.3243)**2*sin(x1 + exp(2*x1))*cos(cos(x5))/(x0*x1) - 388.478*cos(log(x5**2))/sqrt(x0)',10.408823910145252,26713088,9,1,384,7,128,paper,4,0,2811363264,10.055861473083496,6.1687235974323,43.733112244897946
600.0016723601148,'43.6379928588867 - log(25.5535**x1*exp(2*sin(43.4137*x5))/((-x6 + sin(sin(x0)))**2*sin(x1)**2*cos(sqrt(x5))**8))',14.024563345869115,26315776,9,2,384,7,128,paper,4,0,1884968544,14.024757385253906,20.182332992397143,65.46061224489797
600.0001477058977,'sqrt(x1 + 29.2199*x1/cos(253.358/log(x1)) - 0.0682017*x3/sqrt(x6) + 10.7978*x5 - 11.0769157409668)',16.42749295979169,26746752,9,3,384,7,128,paper,4,0,1859786275,16.427326202392578,26.624402678140306,95.62836734693876
600.0025832590181,'(x0 - 33.3919)/(-x5 - sin(x6**2) - 21.0454*cos(x1**2) + 43.1505966186523) + exp(exp(sin(sqrt(sqrt(x0) - x1) + sin(x1)))) + 21.0454',12.5569864457321,27062528,9,5,384,7,128,paper,4,0,369133708,12.557001113891602,30.8395123062332,41.03678571428571
600.0026119239628,'-2*x1 - log(0.00502339*log(x1 - log(log(x0 + sqrt(log(x0)))**2))**2/cos(0.922632*sqrt(x5))**2) + 30.4894409179688',12.484192126375245,26853760,9,4,384,7,128,paper,4,0,3687649985,12.484197616577148,6.090077366597804,47.259591836734685
600.001015852904,'x5 + log((x1 - 2.93401)**2*exp(-sqrt(x3))) + sin(x1**2) + sin((x5 + 7.95726)**2) + cos(sqrt(x3)/(x6 - 6.47726))',9.435153044398888,26668032,9,6,384,7,128,paper,4,0,2995172877,9.434885025024414,6.890533042848591,60.70882653061225
600.002731702989,'(sin(log(5.07958*x3)) - sin(sin(0.188329*x5/log(log(x0)) - 0.188329*log(333437.0**sin(sin(sin(x1**14.7927)))))) + 5.30986)**2',65.72594244458658,27008768,9,7,384,7,128,paper,4,0,865305066,8.668105125427246,48.6331141265782,50.27836734693877
600.0006917060819,'-2*x1 + x6 + exp(exp(-sin(12.2871*log(x5)))) + exp(exp(-sin(sin(12.959300994873*exp(24.0404281616211/x0))))) + sin(x6) + 25.3373146057129',11.82229755895436,26884352,9,8,384,7,128,paper,4,0,404488628,11.823492050170898,20.974091942955972,102.83325443786981
600.0007515090983,'33.1297*sqrt(x5/x0) + sin(5.75584*sqrt(x5)) + sin(7.12612*sqrt(x5)) + sin(log(x5**2)**2) + 0.560663',10.892636441908811,26694656,9,9,384,7,128,paper,4,0,2261209995,10.892629623413086,5.970965832437785,57.220828402366855
600.001713403035,'103.726*log((-sin(11.2088*x5) + sin(x0 + sqrt(x4)) + 17.0841)*exp(-sin(sin(sqrt(x5))))/sin(sin(sqrt(x5))))/sqrt(x0)',9.97867915311624,26790400,9,11,384,7,128,paper,4,0,3160032368,9.978893280029297,8.72521766585833,37.648639053254435
600.0009445690084,'log(x5*sqrt((-x1**2 + 2.58411*x5)/((-0.924832*x0 + 0.924832*x4 + 0.998971*x5 - 36.5661659240723)*sin(x5/log(x5)))))**2',12.140297932081632,26797568,9,10,384,7,128,paper,4,0,4190266092,12.140302658081056,21.826145101714417,81.26520710059171
600.0009395561647,'x1 - sqrt(x3) + x5 - exp(cos(11.1909*x5)) - sin(x5**2) - sin(2*x1 + cos(exp(sqrt(x5))) - 22.9924) - 2.52987',9.997104279983349,26739456,9,12,384,7,128,paper,4,0,3269070126,9.996173858642578,6.113690733714345,61.78745562130178
600.0026214609388,'sqrt(x0*cos(log(x4)) - 26.3066*x1 + x5*(sqrt(x5) - 6.69352)*sin(2*x1) + x5*(sqrt(x5) + x6) + x5)',15.80591644305892,26905088,9,13,384,7,128,paper,4,0,3081541439,15.805923461914062,10.028043752624784,39.60248520710059
600.0008449368179,'sin(x0 + sqrt(x4)) + sin(92.0579*exp(-x1)) + 2*sin(log(x5**2)**2) + 3.74441*x5/sqrt(x0)',9.893968280198951,26210304,9,14,384,7,128,paper,4,0,3376120482,9.893950462341309,9.722350095526366,52.635621301775146
600.0016812600661,'20.4562*x1**2*x5*(-x5 - 16.4125480651855)*exp(-x1)*sin(sin(x1))/x3 - sin(x0) - sin(0.288443*x5) + 16.5236473083496',12.911399359118803,26818560,9,15,384,7,128,paper,4,0,2204291346,12.91139793395996,32.904847041634135,65.60082840236686
600.0022563848179,'x1 - sqrt(x3) + x5 - exp(sin(exp(exp(sin(sin(exp(4*exp(27.62548828125/x5)))))))) + log(cos(exp(x1))**2)',10.16132392119013,26773760,9,17,384,7,128,paper,4,0,3606691181,10.161678314208984,11.748684759779442,53.85514792899409
600.0010972369928,'50.8496**(sqrt((x5 + exp(sin(sqrt(x5**4.45018))) - 43.8084)/sqrt(x0 + x3 + x5 + cos(x5) - 203.136)))',8.269361428993891,26922752,9,16,384,7,128,paper,4,0,550243861,8.25578498840332,6.842917627374598,59.17313609467456
600.0008778900374,'-x1 + x5/log(log(x0)**2) + 2*sin(log(x5**2)**2) + exp(-215.743468632572*(x1 - 25.4434)/x3)',9.74736895938421,26714496,9,18,384,7,128,paper,4,0,1934392872,9.747358322143556,2.8189183808189884,40.97751479289941
600.0023985141888,'0.387907*x5 + x6 + cos(0.383619*x5) + cos(0.387907*x5) + 19.7776*cos(log(x3)) - 5.42361',8.940701919877625,26969728,9,20,384,7,128,paper,4,0,1592565386,8.940699577331543,4.282880811583599,57.465917159763315
600.0024612769485,'-28.2638*log(log(x4))*sin(log(x3*log(log(x0))))**2*cos(log(41.7727*x3) + 36.4399)*cos(sin(3.33675*x5)) + 14.9741',9.019172157694094,26249728,9,19,384,7,128,paper,4,0,2148995112,9.018156051635742,5.109181412608661,35.17100591715976
600.000804662006,'exp(exp(sin(log(x1)))) - 32423.8/((x0 + 2*cos(x0))*(sqrt(x4) + 9.89635 + 28.0910358428955/cos(sqrt(x5))))',10.415884213405286,26858752,9,21,384,7,128,paper,4,0,784044718,10.415884017944336,16.249647859106854,67.99668639053255
600.001809673151,'x5/(-0.0479049*x5 + log(x0) + log(sqrt(x3)) - 1.62996182224038 + exp(-cos(sin(x5)**2))*sin(x1) - 10.2587814331055/sqrt(x3))',8.491621622507386,26792192,9,23,384,7,128,paper,4,0,3356806661,8.491626739501953,10.33626597809382,61.70863905325443
600.0017354139127,'(4.13838*sqrt(x5) - 28.747)*log(51859.166580122*sqrt(x0**(-3)))',11.981863587886856,26961152,9,22,384,7,128,paper,4,0,3980425317,11.981863021850586,7.243873165360688,37.42946745562131
600.0010157250799,'-26.0862998962402*(-x5 + cos(sqrt(x0 + 9.56011)) + 37.1092758178711)/(sqrt(x3)*sqrt(cos(cos(exp(38.9696807861328/x1) - exp(cos(x1))*sin(log(x6)**2)))))',8.777746730732483,26818048,9,24,384,7,128,paper,4,0,2765379632,8.768621444702148,4.396430225314904,48.59005917159763
600.002626231173,'x5*(3*x4 + 13.251*x5 + 45.1625*cos(43.3538*x5) - 181.292)/(x3 + 127.25)',8.020740372312114,26856960,9,26,384,7,128,paper,4,0,3533734220,8.020918846130371,6.517851691333615,53.533017751479285
600.0016457019374,'-x1 + x6 + exp(0.326783*sqrt(x5)) + exp(2*cos(log(x3*(x3/x5 - (sin(x1) + sin(x5))**2)/x5))) + 6.53912',14.644807503798257,26289792,9,25,384,7,128,paper,4,0,1728356533,14.644808769226074,15.06998023179727,45.5971597633136
600.0020299020689,'x5**2*log(x3*(x4 + log(sin(x4)**2) + cos(0.436138*exp(sqrt(x5)))) + x3)/(x3*sin(sqrt(x5) - 0.727317))',7.5697753397764815,26796800,9,27,384,7,128,paper,4,0,2342600226,7.570072174072266,21.05908551040388,129.35147928994084
600.002466982929,'x5/sqrt(x0 - 20.7583) + log(x1) + 2*sin(0.326023*x5) + sin(x0 + sqrt(x4)) + x5/x1',13.062970462851212,26226432,9,29,384,7,128,paper,4,0,1934709049,13.062971115112305,13.578461302644065,50.51928994082839
600.0006531788968,'x1 - sqrt(x3) - sqrt(x5) + x5 - cos(x6**4 + sqrt(0.0154647*x3 - 0.0154647*x5 - 13.2563) + log(x6)) + 5.00522',10.515643882991794,26930944,9,28,384,7,128,paper,4,0,1904449481,10.515644073486328,5.692513139669658,39.72082840236687
600.0017583710141,'-2*x1 + x6 + exp(exp(sin(x5**0.578287))**2.25578) + exp(exp(sin(x5**0.672445))) + log(x5 - 49.3698) + log(x5 - 46.4132) + sin(x0 - 39.6419) + sin(log(-6.88446e+12*x0 + 6.88446e+12*x3 - 2.44132e+15) + sin(3.12097**exp(sin(x5**0.448469))) + sin(sin(x1**exp(sin(37.6999**cos(x5**2))/2))) - 20.9879) + sin(log((x3 + 31.7776)**2)) + sin(log((x3 - x4)**2)) + sin(log((x0 - x5 - 60.6298)**2)) + sin(log((2*x0 - x5 - 39.8841)**2)) + 22.4092',9.161182895232026,25362048,9,0,384,7,128,paper,6,0,3324115916,9.15912628173828,10.169612425461503,44.4359693877551
600.0015521668829,'sqrt(x6*(log(x5 - cos(x0))**4 + (x5 - cos(x0))*(-x4 + x5 - log(cos(sqrt(x3))**4) - cos(x0))/(x6*sqrt(sqrt(x3) - 9.9885)*log(x0)))*exp(cos(exp(exp(-cos((-0.915907*exp(x1*x6) + cos(x1))**2))*cos((cos(cos(2*x5 - cos(x5)**4)) - 9.84122)*cos(log(2.28658/x3))/x1))))*cos(x6/x4)**32*cos(log(x5 - cos(exp(x1*x6))**2)**2)*cos(cos(0.210628*x5)))',11.255187617349572,23271936,9,2,384,7,128,paper,6,0,1884968544,7.997756481170654,12.627905472304004,65.46061224489797
600.0028067009989,'log((-0.0790497*x0 + 3*x1**2 - 2*sqrt(x3) + 2*x5 + x6**4 + exp(x1/2) - 2*exp(x6) - log((exp(x5) + 23.4275)**(-sin(6.46616*sqrt(x5)))) - log(-log(sin(x6 - 31.8594)) + (x0**2 - 15.4452*x1*x5 + 48.6699 - 1/(x0**2 - 15.4452*x1*x5 + 55.6438)**sin(cos(x0) - 25.6857147216797))**(-sin(43.0456*sqrt(x1))))**2 - cos(sqrt(x0)) + 161.800720214844)**sin(0.863654*sqrt(x1)))**2',11.80009390957776,24096640,9,1,384,7,128,paper,6,0,2811363264,11.800021171569824,11.880058614361223,43.733112244897946
600.0022558670025,'x4 + log(86375142641.3875*exp(2*sin(sin(0.0926565158656045*x1*x5))*cos(x1))*log(exp(exp(x6**2*sin(x1)/4)/2)*log(0.953963777329067*sqrt(exp(x1/x4 + x6 + 293896.482866651*exp(x6*sin(x1*sqrt(x5))*cos(sqrt(x5)))*exp(-0.790034*cos(x0))/(x3*x4**2)))))**2*log(x6 - 0.0921854348284912 + x5**2*exp(sin(x1)*cos(exp(exp(-sin(0.82975*x4*x6)/4))))*cos(sqrt(x4))*cos(sqrt(x5))/x3)**2*sin(0.172898*x5)**2/x1**8)',11.859632127587108,24721024,9,3,384,7,128,paper,6,0,1859786275,11.702204704284668,12.057886053557018,95.62836734693876
600.0000382279977,'log(489.749350453434*exp(1.00014*x4)*log(x0**2*cos(x5)**2/(x5**(15.4769439697266/x6)*sin(x4)**2))**2/(x0**2*(sqrt(x5**cos(sqrt(x5))*sin(sin(sin(sin(sin(sin(sin((x1 + exp(sqrt(x5))/35.445**(0.036376*x5))*sin(x1))))))))**4)/x5**(9.63357925415039/x4))**1.99972*log(13.8035*(113.305 - x0)**2*exp(sqrt(x4))**(19.2671585083008/x4)/(x0*cos(1.83244*log((113.305 - x0)**2/(36.9258**(19.2671585083008/x6)*x0**2))/x0))**(9.63357925415039/x6))**2*cos(cos(sqrt(x4)))**2*Abs(x4)**1.99972))',12.60107447170477,25058176,9,5,384,7,128,paper,6,0,369133708,12.601069450378418,11.589887849465358,41.03678571428571
600.0024906620383,'23.5625 + (-(x0 + sqrt(x3))**2 - (x0 + 2*x4)**2 + sqrt(exp(x4) + 1.88243e+10) - (-x0 - sqrt(x3) - 29.7525863647461)**2)/sqrt((645828966.385392*x1 + (-x1 - 3*x3 + x4**4 - x5 - 157858.0*sqrt(1/(log(log(21.3696*x1) - 2.83756)*log(log(x5) - 2.83756)*log(log(x5 - sqrt(x0 + x3)/x1) - 2.83756)**2)) + (-x0 - x5 + (x0 + x4 - 20.8447)/log(0.0728061*sqrt(x5 + 29.7526)))**2 + (x1*x5 + 23.9389*x1 - sqrt(x3) + 434.501)**2 - 43.8542289733887)**2/x1**2)/x5)',10.645932366361338,24013440,9,4,384,7,128,paper,6,0,3687649985,10.416040420532228,10.907954688925306,47.259591836734685
600.0020341828931,'x4 + 0.0419254*x5 - 2.87784*sin(x1 - cos(x4/x1)) + 2*cos(12.1803*x5) + 2*cos(0.00180447*x5**2) + cos(10.249584197998*exp(-log(log(log(log(x0 - 22.3371))**2)**2)**2)) + cos(10.249584197998*exp(-log(log(log(log(log(x3)))**4)**2)**2)) + cos(log(x3)) + 2*cos(log(log(log(sin(exp(log(log(log(log(log(x3)))**4)**2)**2))**2)**4)**2)) + 10.249584197998*exp(-sin(sqrt(x4))**2)',8.657463695256764,21851904,9,6,384,7,128,paper,6,0,2995172877,8.657354354858398,12.699688042704674,60.70882653061225
600.0018509998918,'-x0**(1/4) + x5 - log(x0) - log(sqrt(x3))**2 - log(log(sqrt(x3))**2) - log(log(log(0.430274*x3**(1/4)))) - log(log(log(0.433809*(-x3/sin(log(x5)))**(1/4)))) - log(log(log(log(x5 - 54.5273)))) - sin(sqrt(x0) - exp(x1)) - sin(exp(x1) - cos(0.494921*x5)**8 + cos(exp(x6))) - sin(exp(x1)) + sin(log(sqrt(x3))**2) - cos((x5 + sin(2*x5) + 28.2362)/log(log(x3))) - cos(exp(x1) + 2*log(x0) + log(x3) - sin(x5)**8 - 29.1759) - 31.7585',6.781078682971526,25056512,9,7,384,7,128,paper,6,0,865305066,6.781104564666748,7.0259857810049855,50.27836734693877
600.0028286548331,'-sin(14.8854*40.9509**exp(-0.990458/x5)) - sin(14.8854*40.9509**exp(-0.989565/x5)) - sin(14.8854*40.9509**exp(-0.989354/x5)) - sin(x1 - sin(sqrt(x4))) - sin(x1 + sin(-40.8464**exp(-15.7505187988281/x5) + sin(sqrt(x4)) + cos(sqrt(x0)))) - sin(x1 - sin(sin(x1))) - sin(x1 - sin(sin(sqrt(x4)))) - sin(x1 - sin(sin(sin(cos(sqrt(x0)))))) + sin(-40.9509**exp(-25.6366882324219/x5) + sin(x1) + cos(sqrt(x0)) + cos(x6)) - cos(sqrt(x0)) - cos(x0) - cos(0.00148134909139827*x3) - cos(0.0015444*x3) + 21.6865463256836',8.73157844877206,25798144,9,8,384,7,128,paper,6,0,404488628,8.731559753417969,20.84358153388826,102.83325443786981
600.0003479740117,'x4 + sqrt(x6) + x6 + sin(0.347592*x5 - 45.4584) + 2*sin(0.347592*x5 - 14.2653) - sin(2.31693*x5**2/(x3 + 46.4451) + 16.4203) + sin(x1 + 0.411021*x4 + sin(sqrt(x1)) + sin(x1 + cos(log(x0)) + 21.6566) + 310.816) + sin(x1 + 0.411021*x4 + sin(sqrt(x1)) + sin(x1 + cos(log(x0)) + 40.4857) - 15.8422) + 5*sin(log(x3**2)) + 6.19888',9.238953677884403,25357696,9,9,384,7,128,paper,6,0,2261209995,9.238950729370115,14.237006558990563,57.220828402366855
600.0020404909737,'x5 - sqrt(-x0 + x3 + 5*x5 - (-2*x4 + sin(x5))/cos(x6) - sqrt(-2*exp(x1) + exp(0.179476*sqrt(x3)) + exp(x4/2)) - 2*exp(x6) + exp(-x0 + x5 - x6) + exp(exp(cos(log(x5)**2))) - sin(x3) - 173.776*sin(x5)**4 + 64.7599620819092 + 2.76678466796875/sin(x4) - (x0 - x4 - 3*x5 + 2*exp(x6) + exp(exp(cos(0.257517*x5))) + sin(x5) + 28.3188)**2/x0 - exp(0.179476*sqrt(x3))/x0)',7.393524999608736,25172480,9,10,384,7,128,paper,6,0,4190266092,7.393521308898926,14.256303066211135,81.26520710059171
600.0012873909436,'-0.458111*x1 - 0.244142*x3**(1/4)/x6 - sin(2.66713*x1) + 4*cos(x3**(1/4)) + cos(sqrt(x0 - 46.351)) + cos(sqrt(2*x0 - 7.92249)) + cos(x1 + 21.1139) + 3*cos(0.362978063717264*x5 + 14.3848) + cos(sqrt(x5 - 46.351)) + cos(x1 + cos(x1 + cos(sqrt(x0 - 41.9415))) - 42.1722) + cos(x1 + cos(x1 + cos(sqrt(2*x0 - 22.1911))) - 10.6251) + 24.9392',8.606740983675886,26106112,9,11,384,7,128,paper,6,0,3160032368,8.606739044189453,7.434267363948941,37.648639053254435
600.0001867869869,'-x3**(1/4) - exp(sin(x3**(1/4))) - exp(sin(sqrt(x0) - x1)) - log(sqrt(x0) - x1 - 3.86423) - log(-exp(sin(sqrt(x5))) - exp(sin(x1 + log(x0))) - exp(cos(x0)) + 7.88534927368164)*cos(x0) - 3*log(sin(x3**(1/4))) - 3*log(sin(sqrt(x5))) - 4*sin(x1) - sin(x5) - sin(exp(x1)) - sin(exp(exp(sin(sqrt(x5))))) - 2*sin(exp(exp(sin(sin(sqrt(x5)))))) + 31.4873809814453',7.974475055342808,25936384,9,12,384,7,128,paper,6,0,3269070126,7.974532604217529,2.9009131642647974,61.78745562130178
600.0005312880967,'-16.561408996582*sqrt(x3)*x6**(1/4)*exp(-log(x1)**(-sqrt(x3) + x5 - sqrt(-44.4078*x0*x5/(-1.73087*x0 + 76.8643439005245*x3/(-27.9673*x1 + 1.73087*x3 - 48.4079*exp(x1) + 3.46175*exp(x6**2) - 1443.71) + 1.73087*x4 - 102.408*exp(x1)) + x4) - 8.10984))/(x0**(1/4) + sqrt(x0) - 16.1579*x1 - 3*x4 + 3*x6**2 + exp(x6**2/2)) - sqrt(x3) + x5',8.069501160180181,23696640,9,13,384,7,128,paper,6,0,3081541439,8.069507598876953,10.5450703032964,39.60248520710059
600.0020483329426,'sqrt(x1*cos(x1) + x1**(4*cos(sqrt(x5))**4) + exp(exp(cos(sqrt(x1) + sqrt(x5) + exp(cos(exp(cos(cos(cos(cos(4.10979080200195/x1) + 14.5564)**2))**2) + cos(x1 + cos(sqrt(x0)))**2)**4)**cos(4.10979080200195/x1) + 8.12591e+6)**4) + cos(exp(cos(cos(cos(x1 + cos(cos(sqrt(x0)) - 20.6399))**4))**2) + cos(x1 + cos(sqrt(x0)))**2)**2) + cos(x1) - 0.999977) + exp(6.16626339530302*sqrt(1/x1)) + exp(cos(exp(cos(cos(cos(x1 + cos(sqrt(x0)))))**2) + cos(x1 + cos(cos(sqrt(x0)) - 20.6399))**2)**8)',18.57908989473428,22725248,9,14,384,7,128,paper,6,0,3376120482,13.593424797058104,9.360558965713988,52.635621301775146
600.0025448889937,'1.35891*x4 + 1.35891*x6 + 1.35891*exp(-sqrt(x6) + exp(sin(log((x3 + 42.0266)**2 - exp(x4/2) - 2.02102e+6)))) + 0.363511*exp(exp(-sin((log(sqrt(x5)) + 17.2987)**2 - log(x0)))) + 0.349159*exp(exp(sin(log(-x3**2*(-x4**2 + cos(x5)) + x5)))) + 1.35891*exp(sin(log(-x3**2*(x1**2 - x4**2) + x5))) + 1.35891*exp(sin(log(x0 - x1**2*(-x4**2 - 45.2506713867188) - 1766.24))) - 1.35891*sqrt(log(x4)) - 1.35891*log(x4) - 1.35891*log(x4**2) + 1.35891*log(-x4 + x5 - 44.763) - 1.35891*log(log(x4)) - 1.85625 + 1.35891*exp(-sin((log(sqrt(x5)) + 30.7303)**2 + 20.4102745056152))',6.978403859698432,23670272,9,15,384,7,128,paper,6,0,2204291346,6.977858543395996,20.174963640323558,65.60082840236686
600.0004453829024,'-x3/(-x3/(-x1 - cos(exp(x1)) - cos(exp(sin(x1))) + 28.2606201171875)**2 - cos((x0 - 25.201)**4) - cos(x3/(-x1 - cos(exp(sin(x1)) - sin(39.0535*log(sqrt(x5))*log(log(sqrt(x5))))) + 28.2606201171875)**2 + x6 - exp(x1) + cos(x1) + cos(x6**2) + 35.1715927124023/(-x3/x5 + x4)) + 28.1122589111328)**2 + sin(52.1599*log(sqrt(x5))) - sin(56.486*log(sqrt(x5))) - sin(891.581*log(sqrt(x5))) - cos(x5**2) - cos(x6) - cos(x1*log(sqrt(x3))) + 28.2606201171875 - 38.5217132568359/(-x3/x5 + x4)',8.88064984470142,24556416,9,16,384,7,128,paper,6,0,550243861,7.761954307556152,10.551778586275702,59.17313609467456
600.0012040548027,'9.82178810073556*x4*sqrt(0.984016**(2*sqrt(x3))*(0.984016**(3.9081*1.19606**(x4/2)*sqrt(x1*log(x3)*cos(3.14093780517578/x4)**(1048.84*x1*cos(x3**(1/4))**2*cos(x6**log(x6**log(11.6125984191895/log(x1)**x4)))**2*cos(log(cos(log(x5))**2))**4*cos(log(cos(log(x6))))**2))*(x0 - 14.2715)**(1/8))/x4**2)**(1/4))*Abs(cos(sin(sin(sin(x5*sin(x5)**2)))))**(1/4)',7.651742351696993,24481024,9,17,384,7,128,paper,6,0,3606691181,7.651406764984131,12.867920866349156,53.85514792899409
600.0013154519256,'x4 + sqrt(x5) + cos(0.0673942*x0) + 2*cos(19.2346*x5) + 3*cos(x5/x4) + cos(x1 + 45.9648) + cos(x1 + log(x5/x4)) + cos(sqrt(x5) + x6) + cos(exp(x1) + 14.1037) + cos(sqrt(x5) + log(sqrt(x5)) + 3*cos(log(x3))) + cos(2*sqrt(x5) + log(x5)**2 + cos(0.0673942*x0) + cos(x3**(1/4) + log(x3)) + cos(log(x5))) + 5*cos(log(x3))',9.163828501002488,25693824,9,18,384,7,128,paper,6,0,1934392872,9.163955688476562,6.344929061438931,40.97751479289941
600.0005231888499,'-x1 + exp(2*cos((6*x0 + x3 - 12*x5 + 66.5135)**(1/4))) - exp(cos((x3 + 36.995*log(x0))**(1/4) + 35.8027*log(1756.81 - 6.65166*x5) + cos(x1)**2 - 6.65166)) - cos(exp(cos((x3 - x4**2 + x5 - 17.9023)**(1/4) + 35.8027*log(1763.96 - 6.65166*x5) - 18.5128)) + 35.8027*log(1756.81 - 6.65166*x5) + 5.77042) + 27.533119005975',13.860014198047692,24963584,9,19,384,7,128,paper,6,0,2148995112,13.860023498535156,4.391706027883952,35.17100591715976
600.0023032659665,'-0.163476*sqrt(x3) + x6 + cos(3.76519e+7 + 6.07699*x5/sqrt(x3)) + cos(x1 + 27.1343) + cos(x1 + (exp(exp(sin(x6))) - sin(x5))**(1/4)) + cos(0.320157*x5 + 36.9298) + cos(x5/(log(x3) - cos((0.164555*sqrt(x3))**cos(x0))) - 18.4576) + cos(x5/(log(x3) - cos(0.447109*x5 - 1400.17)) - 690.141) + cos(x5/(log(x3) - cos(0.447109*x5 + 13.6556)) - 5.38237) + cos(0.0875734*x0 + x1 + cos(sin(sqrt(x0)))) + 22.6368 + 6.36565*x5/sqrt(x3)',8.32310541159606,26056576,9,20,384,7,128,paper,6,0,1592565386,6.559472560882568,4.1811190387432795,57.465917159763315
600.0027738029603,'x4 + sqrt(x5) + exp(cos((-log(log(sqrt(x0)) + log(x0)) + cos(sqrt(x4) + log(x0)))**2)) + cos(sqrt(x4) + 2*log(x0)) + cos(0.332004*x5 + 29.709) + 2*cos(181.924*x5 + log(x0)) + cos(exp(2*sqrt(x5)) + 34.2054) + 2*cos(log(x0) + log(x3**2)) + cos(sqrt(x4) + log(x3**2) + 0.702441) + 2*cos(sqrt(x4) + log(x3**2) + 32.2079) + cos(sqrt(x4) + log(x3**2) + sin(sqrt(x5)))',9.3530923611717,24879360,9,21,384,7,128,paper,6,0,784044718,7.898177146911621,16.27822019178649,67.99668639053255
600.0011166259646,'-sin(x1) - sin(x1)/sin(sin(sin(sin(sin(sin(sin(sin(sin(sin(sin(sin(sin(sin(sin(sin(sin(sin(sin(sin(sin(sin(sin(sin(sin(sin(sin(sin(sin(log(log(log(x3))**9.13326)))))))))))))))))))))))))))))) - cos(x0) - cos(x1 - sin(x4)**2) - cos(x1 + 0.951877/sin(sin(x5/log(x0)))) - 2*cos(log(x0) + sin(0.370056*x5)) - cos(-x1 + cos(x5/log(x0)) + cos(exp(x6))) - 2*cos(log(x0) + sin(0.370056*x5) - cos(x5/log(x0))) + 22.6378326416016',8.07586512040453,25904000,9,22,384,7,128,paper,6,0,3980425317,8.075629234313965,10.65461825514626,37.42946745562131
600.0017894560006,'-sqrt(x0) - exp(cos(log((-2*sqrt(x0) + 2.68306829458001e-15*exp(sqrt(x0) + x4 - sin(exp(x4)) - cos(exp(x1))) + log(sqrt(x0)) + 26.8739948272705/(sin(sqrt(x5))*sin(exp(cos(sin(sqrt(x5)))))))**2) + cos(log(x3)) + 37.2739)) + log((-sqrt(x0) + x6 + sin(x1*x5) + cos(exp(x1)) + cos(log(x3)) - 22.4391 + 26.8846168518066/(sin(sqrt(x5))*sin(exp(cos(sin(sqrt(x5)))))))**2) - 1.18738*cos(sqrt(x0)) - 1.18738*cos(x0) - 1.18738*cos(x1) - 1.18738*cos(sqrt(x5)) - 1.18738*cos(x6**exp(sin(sin(exp(x4))))) + 2*cos(log(x3)) + 31.9095',9.67281267711458,25758592,9,23,384,7,128,paper,6,0,3356806661,9.099668502807615,11.543063237264164,61.70863905325443
600.0005731619895,'2*x6 + 2*sin(x6) + sin(x0 + sqrt(x4)) - sin(0.0643093*x5 - 2.00344) + sin(exp(sqrt(x1))) + 8*sin(log(x3**2)) + 2*sin(log(sin(0.0535407*x5 + 1.89666)**2)) + sin(log(sin(sin(0.0535407*x5 - 45.2459))**2)) + sin(log(sin(sin(0.0535407*x5 + 1.89666))**2)) + cos(sqrt(x4)) + cos(x5 + 19.1111) + 22.4539',7.281192598767792,24185728,9,24,384,7,128,paper,6,0,2765379632,7.2810378074646,2.788174650977167,48.59005917159763
600.0012355539948,'x4 + 3*x6 + 6*cos(x3**(1/4)) + cos(345.579*x3) + 2*cos(x6) + cos(exp(exp(cos(cos(sqrt(x5))))) + cos(x0)) + cos(log(x5)**2 + 3.14728e+7) + cos(x1 + log(x4)**2 + sin(x6)) + cos(x5/(x1 + 0.152774) + cos(345.579*x3) + 17.1328) + cos(1.72099*exp(x1)) + cos(exp(exp(cos(cos(sqrt(x5)))))) + 2*cos(log(x4)**2)',12.985341785053953,24120576,9,25,384,7,128,paper,6,0,1728356533,9.463085174560549,8.166905581603142,45.5971597633136
600.000239541987,'log(1.77371e-14*x1*x4**9*x5**12*x6**8*sin(x6)**4/(x0**2*sqrt(x3)*(729.860083340667/x0)**cos(x5**2)*(sqrt(x3) - 39.9434)*(-x1 + sqrt(x3) - 31.4223480224609)**4*log(0.0034133*x4**2*x6**2*log(x1)**2)**4*log(log(sqrt(x0)))**4*sin(0.665633*x5/log(x5))**4*sin(sin(x6))**4))',8.570849882059242,25314816,9,26,384,7,128,paper,6,0,3533734220,8.570563316345215,5.162502614483153,53.533017751479285
600.002725295024,'x1*cos(log(x0*log(x3**2))) + 2*x6 + cos(log(33033.0*x5**16) + cos(log(x3**5) + cos(log(cos(x5)**2)))) + cos(log(33033.0*x5**16) + cos(log(x3**5) + cos(log(cos(x6)**2)))) + cos(log(33033.0*x5**16) + cos(log((x3/x5)**(2*x6)))) + cos(log(1.75574e+7*x5**16) + cos(log(x3**5))) + cos(log(x3**4*x6**2) + cos(sqrt(x4))**2) + cos(log(2.29931e-26*x5**32)) + 22.4841',7.900279286233991,20969984,9,27,384,7,128,paper,6,0,2342600226,7.900271892547607,20.924709439385285,129.35147928994084
600.0020674041007,'24.3558*exp(sin(x1 + 9.86345)/(x1 + sin(x1*sqrt(x5)) - 0.884981))*exp(exp(-sin(24.3558*exp(sin(exp(sin(2*x1)/x1)*exp(sin(24.3558*exp(-sin(0.0585619*x0*sin(sin(sin(sin(sin(sin(sin(sin(x1 + exp(sin(sin(exp(sin(x5/x1))/x1)))))))))))/x1)/x1))/(x1*(x1 - 0.684372)))*exp(sin(x1)/((x0**(sin(sqrt(x5))**2) + log(x5/x1))*(x6 + 2*sin(x3) + sin(18.4278*x4) + 4.02578)))))))*sin(24.3558*exp(sin(sin(sin(2*x1)/x1))))/(x1 - 0.999624))',9.646837968630336,25772928,9,28,384,7,128,paper,6,0,1904449481,9.646820068359377,4.2912184390418,39.72082840236687
600.0023884829134,'1.07494**(2*1.03679**x5 + 2*exp(cos(sqrt(x1))) - 2*cos(sqrt(x0) + 13*x6 + (x0 + 1.43878)**(1/4) + 2*exp(2*x1) + log(sqrt(x6)) + sqrt(log(x0 - 33.1962)) + 13.6519)) + 2*x6 + exp(sin(x5)**2) + log(sin(x1 + exp(x6**2)) + 0.971849) + sin(x0 - 33.1962) + 2*sin(x1**2 + x1 + cos(sqrt(x6))) + 8.27681',9.58244125149479,25093248,9,29,384,7,128,paper,6,0,1934709049,9.330400466918944,11.959479192994719,50.51928994082839
600.0023203960154,'x1 + 2*x6 + log(4.69093322753906 - log(x5))**8 + log(11.2533569335938 - x1)**4 - cos(sqrt(x0)) - cos(x0) + 2.48415',14.394661138258924,50073088,9,0,384,7,256,paper,4,0,3324115916,14.394659996032717,15.394787780958495,44.4359693877551
600.0010065799579,'0.661768*x5 - 0.338232*sqrt(x3 - 25.2824) + 0.487982*cos(37.1492*x5) - 15.5634 + 12.565*(x1 + x5)/x0',9.538266110141434,53278208,9,2,384,7,256,paper,4,0,1884968544,9.538297653198242,6.4202648307433146,65.46061224489797
600.0020276778378,'19.7512*sqrt((x3 - x4**2 + 3.71276*x4 + (sqrt(x6) - 23.2637)**2)**(-2))*Abs(x5)*Abs(x5 - 28.9843)',8.32730195039421,51612160,9,1,384,7,256,paper,4,0,2811363264,8.327302932739258,4.656489976772539,43.733112244897946
600.0014675990678,'x1 + x6 + exp(cos(x1 + sin(x6))) + (x1 + 41.0555)*(x5 - 41.0555)**2/(x1*x3*cos(cos(182.96**x1))**2)',24.149470789759054,51245824,9,3,384,7,256,paper,4,0,1859786275,8.609743118286133,33.43606020772226,95.62836734693876
600.0014085590374,'log((log(x6) + cos((x3*x4)**(1/4)) + 1895.38/x0)*log(x5**2*exp(exp(2*cos(0.309485*x5)))))**2',10.902394529154488,50246144,9,4,384,7,256,paper,4,0,3687649985,10.90271282196045,3.398356009366107,47.259591836734685
600.0018260919023,'sqrt((-0.342082*x5 + log(x0)**2 + cos(x0) + 2*cos(0.342082*x5) + cos(x5/log(sqrt(x3))) - 24.5868)**2)',10.053060982600526,50776320,9,5,384,7,256,paper,4,0,369133708,10.053060531616213,13.904938026822943,41.03678571428571
600.0019380471203,'x5*(-sqrt(exp(x3**(1/8)) + exp(x6**cos(0.123268*x4)) + log(sin(sqrt(x5))) - 7.16864) + log(x5))/log(sqrt(x3))',8.36721794836295,53248000,9,6,384,7,256,paper,4,0,2995172877,8.367218017578125,6.087954893796909,60.70882653061225
600.0015042070299,'0.0741314*x5**2/(x1*log(x0**2/(x1**2*(-x1 + sin(exp(4*x1)))**2)))',13.58532341474559,51406848,9,7,384,7,256,paper,4,0,865305066,10.575521469116213,4.550807932291174,50.27836734693877
600.0023308128584,'25.9802 + 691.86/(-(-74.4461822509766 + 21.4534244537354/(x1**2*sin(x1)**2))/(-0.0132976*x0 + 0.0265953*x5 - 0.345475378094307) - 41.1925621032715)',12.557879055371368,50952192,9,8,384,7,256,paper,4,0,404488628,12.557891845703123,25.611814493298148,102.83325443786981
600.0009618080221,'4.96851*x6*sin(sin(log(x3**2))) - sin(x1**4) - 5.70377*sin(x1 + sin(5.70377*x5*exp(exp(x1/2)))) + 22.7090606689453',13.032733775746117,52571904,9,9,384,7,256,paper,4,0,2261209995,11.731405258178713,13.479142596958258,57.220828402366855
600.0028567509726,'205.16**cos(log(x3)) - 0.00513034*x3 + x5**0.923945 + cos((0.0510308*x5 + 0.0510308*sqrt(x6) + 0.0510308*x6)**2) - 17.408',8.815494596966262,53039360,9,10,384,7,256,paper,4,0,4190266092,8.81556510925293,21.53410938419599,81.26520710059171
600.0022327920888,'0.104555*x5 - log(x1)**2 + 24.185188293457 - (-x5 - 29.4754199981689 - (x0 - 3.70594*x3 - 168.041)/x5)/x1',10.499222829151014,51523072,9,11,384,7,256,paper,4,0,3160032368,10.49921989440918,7.056548373585257,37.648639053254435
600.0008523599245,'28.0774*exp(cos(4.61846*exp(cos(4.61846*((2*x3 + exp(22.9698*sin(x1)) + 310.777)/x5)**(1/8)))**(1/4)))',12.059631674456917,53153792,9,12,384,7,256,paper,4,0,3269070126,12.059664726257324,3.869873063529885,61.78745562130178
600.002688257955,'x5 - (x0 - 22.080940246582/(log(log(x0)) - 5.22739/x1))/(sqrt(x0) - x4 - cos(sqrt(x0)) + 20.919) - 46.562',10.749916929957417,52765440,9,13,384,7,256,paper,4,0,3081541439,10.749911308288574,8.91084158494087,39.60248520710059
600.0016559078358,'sin(43.9874*x1*x5/x3 + sin(sin(sin(sin(sin(31.9755*x5))))) - cos(log(x5))) + sqrt(x5)*(x5 - 43.4048)/sqrt(x0)',10.06111347661938,45592576,9,14,384,7,256,paper,4,0,3376120482,10.06117057800293,13.494921082973597,52.635621301775146
600.0027284878306,'x6 + exp(4*cos(log(x3))) + sin(0.161536*x5) + sin(0.043371309259486*x5**2) + sin(log(x0)**2) + 6.19059 + x5/x1',12.201844858999491,51676672,9,15,384,7,256,paper,4,0,2204291346,12.201830863952637,27.028408547833166,65.60082840236686
600.0018165509682,'6.69529*sqrt(sqrt(exp(x6 + sqrt(x5 - 10.3642)*exp(sqrt(log(x1)))/(x1 + x6))/(x3 - x5 - 44.8269))*(x5 - 43.6959))',12.388045676847392,53485056,9,16,384,7,256,paper,4,0,550243861,12.388049125671388,14.239710240765984,59.17313609467456
600.0022759409621,'-sqrt(x0) + 0.00362592*x5**2 + sin(0.484654*x5) - 2*sin(exp(x1)) - cos(sqrt(x0)) + 15.478',10.997441297137948,50953216,9,17,384,7,256,paper,4,0,3606691181,10.997302055358888,10.869149809823805,53.85514792899409
600.0025651659817,'-0.0469759*x0 - 6.7835*sqrt(x5) + x5 + x6 + sin(0.192337*sqrt(x3)) + sin(7.76088*sqrt(x5) + 7.76088*sin(x6)) + 14.504',12.364639451820006,50118144,9,18,384,7,256,paper,4,0,1934392872,12.364652633666992,7.547697337064643,40.97751479289941
600.0006813441869,'-sqrt(x0) - x1 + 0.715224*x5 + sqrt(-x4/x6 + 36.5775146484375) - cos(x0) - cos(0.501349*x5) - 16.911693572998',12.034258299108169,53471744,9,19,384,7,256,paper,4,0,2148995112,12.034232139587402,4.550615835796974,35.17100591715976
600.0023591120262,'x5 + log(4.54739e-16*0.995254**(-x0 + x3)*exp(x6)*sin(x1)**2/(43.9571151733398 - x0)**2) + 4.81862',10.522584156028175,51783424,9,20,384,7,256,paper,4,0,1592565386,10.522577285766602,4.694513957178116,57.465917159763315
600.0010608769953,'x4 + (-x3 - 4*x5**2 + 1490.99*x5**2/(x4**2*sin(sqrt(x5))**2))**(482.805/x3)',14.5438253714005,45702144,9,21,384,7,256,paper,4,0,784044718,14.543818473815918,,67.99668639053255
600.0009312250186,'0.409515*x5/(sqrt(x0/x5)*cos(cos(-sqrt(x3)/x5 + sqrt(x5) + cos(x5**2)/(log(x1**(-36.2535)) + 44.8352))))',9.648461153559197,53167360,9,22,384,7,256,paper,4,0,3980425317,9.64851188659668,9.649523196463235,37.42946745562131
600.002189434832,'(sqrt(x1) - 6.58445)**2 + exp((28.5790176391602 - x5)/x3)**(58.2800140380859 - 2*x5) + cos(6.58445*x5) + cos(4.86074*x5**2)',9.816164074007991,52504832,9,23,384,7,256,paper,4,0,3356806661,9.81694793701172,7.307890373945223,61.70863905325443
600.0026553410571,'sqrt((x0 + x5**2)*(0.24117*x5 + 2*sin(0.488082*x5) - cos(x0 + sqrt(x4) + 46.0833) - 4.14645004272461)/x0)',9.763258533669651,51973632,9,24,384,7,256,paper,4,0,2765379632,9.76325225830078,3.3097764605832243,48.59005917159763
600.0022286381572,'-2*x1 - sqrt(x5) + x5 - sin(exp(x1)) - cos(sqrt(x0)) - cos(x0) - cos(x6) - cos(4.08686e-13*exp(sqrt(x3))) - 31.9993',14.719432108833162,53300480,9,25,384,7,256,paper,4,0,1728356533,12.32514476776123,19.997251702466546,45.5971597633136
600.0024966041092,'x5 - log((x0 + x3)**exp(sin(sin(sin(sin(cos(log(x0)))))))) - log(cos(log(-17977.2*x0 + 17977.2*x3))**2) - 44.078',10.856640925889096,52630528,9,26,384,7,256,paper,4,0,3533734220,10.856646537780762,4.330915104186413,53.533017751479285
600.0016371069942,'14.6769*(6.32876**sin(sin(sin(exp(x1/2))))*x5*sqrt(exp(x1*sin(x5**0.670242))))**sin(sin(sin(sin(14.676929473877/x0))))',8.970806770296223,53918208,9,27,384,7,256,paper,4,0,2342600226,8.970808029174805,22.351100937077437,129.35147928994084
600.0027361779939,'-sqrt(x3) + x5 - sin(x5**2) - sin(x6**x1) - (-x0 - x4 + x5 + x6**x6)/(x5*sin(log(x3))**4)',8.675690180258199,51338496,9,28,384,7,256,paper,4,0,1904449481,8.675786972045898,4.2541044303725215,39.72082840236687
600.002198047936,'14.0537 + (x5 + cos(43.9565*x5**(1/4)) - 66.6543851115857*exp(-45.6378707885742/x0))**2*sin(x1**4)**2/x5',9.64378275392811,49473536,9,29,384,7,256,paper,4,0,1934709049,9.64370059967041,43.75206246718445,50.51928994082839
600.001889300067,'3.33924*sqrt(x5) - log(x0 - 46.0753) - sin(x1) - sin(x1 - sin(sin(5.47526*sqrt(x5)))) - sin(sqrt(x6) - log(x0 - 46.0753)) - 2*sin(-log(x0) + sin(-sqrt(x1) + 5.76005*log(x3) + 29.2984) + 7.98075485229492) + 2*sin(log(x0) + sin(sqrt(x5) + 19.1572*x5 - 10.6805) - 14.5280342102051) + sin(log(x0) + sin(sqrt(x1) - x5**(3/2) + 3.29486*sqrt(x5) - 33.1781311035156) - 1.96772003173828)',9.730569969813123,49449984,9,0,384,7,256,paper,6,0,3324115916,9.730789184570312,8.603090236812372,44.4359693877551
600.0015662738588,'exp(exp(exp(sin(sin(sin(sin(sin(sin(sin(sin(sin(sin(sin(log(log(sqrt(exp(sin(exp(exp(exp(sin(sin(sin(sin(exp(x1*cos(sqrt(cos(sqrt(x5 + cos(exp(x1) - 22.8827) - 21.2853))))/(x3 + exp(0.820258*(x0 - x1)*exp(x0*exp(cos(sqrt(x4)))/(-x0/(39.966178894043 - x1**2) + exp(x1)))/(-x4 + x5 + exp(x6**4) - 5.06096)) + exp(4*x0**3*exp(-3*x1)*cos(sqrt(x5 + exp(cos(sin(log(x0)**2))**4) - 21.2853))*cos(sin(log(x3**2))))))))))))))) + 42.5336494445801/x1)))))))))))))))))',12.024944649157618,45289984,9,1,384,7,256,paper,6,0,2811363264,12.028900146484377,22.637010814593374,43.733112244897946
600.0026121579576,'21.2729**cos(sqrt(34.9881**sin((x5 - x5**sin(x3**(1/4)) + 31.4918)**((7.14485*x5 - 36.5758)/(x3 - x4 + 219.562))) + 37.0099)*cos(sin(x5**sin(sin(sin(sin(sin(sin(7.14485*x5/(x3 - (x1**2*x4)**sin((x5*exp(x6) - exp(x1*sin(exp(exp(cos(x3))))/2) - 18.7169)/(sin(sin(sin(sin(sin(sin(sin(sin((x5 + 68.4147)*(sin(x5) + 0.26875))))))))) + 41.3373)) + 446.851))))))))**2)) + 15.0559',8.242970344584757,46213888,9,2,384,7,256,paper,6,0,1884968544,8.242927551269531,5.6884831382835275,65.46061224489797
600.0020856859628,'-sqrt(x0) - x1 + sqrt(x5) - log(x0) + cos((-x5 - 5.78958511352539)**4) - cos(x1 + 3*sqrt(x5) + cos(x1 + 18.2817306518555) + cos(2*sqrt(x5) + 44.0047607421875/log(x3)) + cos(x1 + sqrt(x5) + 47.5387153625488) - 32.7321090698242) - cos(2*x1 + 2*sqrt(x5) + x6 + cos(x1) + cos(2*sqrt(x5) + cos(x6)) - cos(log(-x0**2 + 2*x3 + x4 + 2*exp(sqrt(x0)))) + 31.1164283752441) + 39.2651710510254',12.454620416921443,47935488,9,3,384,7,256,paper,6,0,1859786275,11.202174186706545,18.369190377438287,95.62836734693876
600.0003715520725,'x4*cos(sin(1240.96*sqrt(exp(x6**(1/16)*exp(x6) + x6))*exp(exp(sqrt(x6))*cos(cos(sin(exp(x6**(1/8))))) + cos(exp(log(x0 + cos(cos(cos(exp(sin(sin(Abs(x0)))**2)) + 11.3978)))**2*sin(x6)**2)))**(1/8))) + sqrt(x5) + 14.5442*sin(cos(log(x0 + x4**2*sin(x6 - 23.6216*(exp(sqrt(x6))*cos(cos(exp(x5**(1/4)))))**(1/16) + 30.2824)**2*sin(sqrt(x1) + x1 + sqrt(x5) + 0.307528*sin(sqrt(x0 + exp(sqrt(x1)))) + 69.7610853540245/x4**2)**4)) - 32.5018)**2',23.35418152438935,46142208,9,5,384,7,256,paper,6,0,369133708,9.995231628417969,22.96333250011008,41.03678571428571
600.0018740200903,'0.0234081*(21.1184*sqrt(1/(x4 + 3*x6**4 + exp(x6) + sin(x0) + 4*cos(x0))) + (sqrt(6.6197*sqrt(1/(x6*((x6**2 + ((x0 + exp(x5/sin(484.923/(x1 + 22.262)) + exp(sqrt(x4)))/cos(x5 + 2.34036) + sin(x0) - 56.8099)**2)**(1/4))**2/log(exp(x6) - cos(sqrt(x0)))**(sqrt(x4)) + cos(x5**2) + 2.59773)**2))*Abs(x5 - 22.021) + 19.2704) + 491.015/(x1 + 22.262))**2/(x1 + 22.262))**2/sin(log(x5**2)) + 3.18607',9.017252298777713,41357312,9,4,384,7,256,paper,6,0,3687649985,9.017303466796877,5.490340001598725,47.259591836734685
600.0007326568011,'-0.857025*x6/(sin(exp(x1))*cos(cos(x6/cos(cos(log(log(1.43495*exp(sqrt(x5*cos(cos(sqrt(x5*cos(cos(sqrt(x5*exp(cos(exp(exp(1.01045/x6**9.4804)))/(log(x0)*cos(sqrt(x5/x3**0.225454))))))))))))*exp(-cos(x1))*exp(-cos(exp(x1))))/cos(log(x6))**2))/cos(x6))))*cos(cos(log(x6)))*cos(cos(12.2333*cos(sqrt(x5/x3**0.225454))))*cos(cos(15.7133*cos(sqrt(x5/x3**0.225454))))) + 24.0761566162109',10.885546360547837,49126912,9,6,384,7,256,paper,6,0,2995172877,10.884188652038574,19.44770539712505,60.70882653061225
600.0023556640372,'-1.16722*sqrt(x0) + sqrt(0.404264*sqrt(x0)/x6**128 + 0.595736*x5 + 2*exp(exp(sqrt(x5))/x3) - 0.404264*log(x3) - 40.8269 - (17.4053802490234 - x1)/x6) - sin(x1**2 - 0.0426053694395896*x1*x5 + x1 - sqrt(x5) - (0.448586*sqrt(x0) - x1)*cos(sqrt(x0 + exp(x6) + 357.511)) + log(17.4053802490234 - x1) + sin(sqrt(x5)) + sin(sin(sin(sin(sin(x6))))) + 28.6905078887939) + 34.8107604980469',9.328671541886292,46081280,9,7,384,7,256,paper,6,0,865305066,9.328694343566896,5.590268046811204,50.27836734693877
600.0000755069777,'sqrt(0.0428865*(-0.0428865*(0.0428865*x5 + 0.0428865*(29.3340759277344 - 0.042459*x0)**2)**2 - 2.28249e-5*(0.0428865*x5 + 0.0428865*(29.1916 - sin(0.364656*x5))**2 + 4.35722)**4 + 23.3173)**2 + 0.0428865*(-0.0428865*x0 + 0.171546*x5 - cos(sqrt(x0)) - cos(x5**2) + cos(x0 - 28.9204) + 40.84457640461 + 0.0428865*(-0.136256*x0**2 - 0.0681278*x3 - x4**2/(x6**4*cos(x1)**2) + x5**2)/(x0*sin(sin(sin(sin(sin(sin(sin(sin(sin(cos(x1) + 38.3915)))))))))))**2 + 30.6433)',8.017907292673984,43299840,9,8,384,7,256,paper,6,0,404488628,8.017047882080078,14.693752723466899,102.83325443786981
600.0027228549588,'(x1**2*exp(sin(x6))/(sqrt(x1*x6/(sqrt(x0)*(exp(cos(sqrt(x0)))/x1)**(1/4)*(x1*sin(sqrt(x5))/log(0.727174*sqrt(x6/sqrt(x1))) + x5 + log(sin(x6)**4/x0))))*(x1**2*exp(-cos(exp(sqrt(x0)/sqrt(x6))))/sin(sqrt(x1 + x5)) + x5 + x6/log(0.727174*sqrt(x6/sqrt(x1))))*log(0.727174*sqrt(x6/sqrt(x1)))) + x5 + 4.12167739868164*sqrt(x6)*exp(-sin(sin(sin(sin(0.0588643*x0)))))/sin(sqrt(x5)))/x1**(3/4)',9.819134301308672,47525632,9,9,384,7,256,paper,6,0,2261209995,9.591859817504885,5.02064970425051,57.220828402366855
600.0023729470558,'x1/(x3*(cos(x1) + 0.114005)*log(x5)*cos(x6)/(x0 - x1*x3*(0.023348*cos(x1) + 0.00266179)*log(1.69648*x0*x6**3/x1 + x4)*cos(x6)/x6 + cos(x4**2)/cos(x0 + x5) - 14.1774) + 42.1357*(cos(x1) + 0.114005)/x1) + 8.71131*x6/log(x0**2/(x4*log(x5)**2*cos(cos(435.409/x0))) - 15.5392) + 20.2222 + 8.71131*x5*cos(exp(x1**2))/(x0*x6)',45.7966314211483,47706624,9,11,384,7,256,paper,6,0,3160032368,14.302103996276855,29.133478135034423,37.648639053254435
600.0002675009891,'x5 - 10.3688*log(x0 + 5*cos(sqrt(x0)) + cos(x0 - 19.3711) + cos(exp(x5/4)) - 11.3438 + 2.20152282714844/sin(x1)**2) - cos(10.0198*cos(10.3688*log(x5 - cos(10.3688*log(log(2*x0) - cos((cos(864.689*x0) - 26.5812)*cos(10.3688*log(x5 + 20.3383))) + 4.02405) + cos(10.0198*cos(10.3688*log(x5 - cos(x0) - cos(x0 - 26.0425) - cos(x0 + log(2*x0 + 40.3911) + 3*cos(x0)) + 26.0425)))) + 26.0425)))',9.629688391744812,46626816,9,10,384,7,256,paper,6,0,4190266092,9.483917236328123,12.462458625865825,81.26520710059171
600.0023319569882,'exp(x6) - cos(sqrt(x0)) - cos(exp(sqrt(x0)) - sin(x6)**(exp(x1) - exp(x6) - 35.4252)) - cos(exp(exp(x6)) - log(x1**(-22.9518))) - cos(log(x5**(log(0.398656*exp(-2*cos(log(x3**2*x6)) - 2*cos(cos(sqrt(x5)))))/2)) - 40.4242706298828) - cos(log(x5**(21.138557434082/sqrt(log(log(x3**2*x6))))) - 40.9088592529297) - 2*cos(exp(2*x1)) - 3*cos(exp(sqrt(x6))) - 2*cos(exp(exp(x6))) - 2*cos(exp(2*sqrt(log(x5)))) + 14.1091',23.566031448757684,46855936,9,12,384,7,256,paper,6,0,3269070126,11.48948860168457,6.231657418719189,61.78745562130178
600.0030427251477,'x4 + x6 + exp(x5/sqrt(x3)) - cos(x1 + cos(x5/x1)) - cos(x5/(cos(x0) + 9.7573) + cos(x1) + cos(exp(x5/sqrt(x3))) + cos(exp(cos(exp(x5/(cos(x5/x6) + 45.943))) + cos(cos(x1))))) - cos(exp(2*x1)) + 3*cos(exp(x4**(1/4))) + cos(exp(0.031534*x5)) + 4*cos(exp(x5/sqrt(x3))) - 3.13907 + 37.088752746582/x4 + 2*x5/sqrt(x3)',9.129309768955157,48487936,9,13,384,7,256,paper,6,0,3081541439,7.875000953674316,6.848958736573915,39.60248520710059
600.000995217124,'x4 + log(x1 + exp(exp(cos((4.75293350219727 - sin(sqrt(x5)))**2))) - log(x3) + log((x1 - sqrt(x5) + x6)**2 + log((2*x1 - sqrt(x5) + (exp(2*x6) + exp(cos((x1 - log(x3) + cos(x1))**2)) + log(-sin(log(x1) - cos(sqrt(x6))) + cos(log(x1)**(-13.2384))) - 0.697404)**2 - log(x3) - 8*cos(x1) + cos(sqrt(x5)))**2)**2)**2 - 4*cos(x1) + cos(x5/x4) + cos((x1 - x5)/x4) + cos((x1 - sin(sqrt(sin(sqrt(x5)))))**2) + cos(log(x3) - cos((x1 - x5)/x4)))**2',18.730693486058872,40575744,9,14,384,7,256,paper,6,0,3376120482,18.73073387145996,22.701352176740098,52.635621301775146
600.0006053210236,'log((19926.4*exp(x1))**(sin(cos(x5**0.56539))**(((-2*sqrt(x4) - x6 - log(x3) - sin(x5)**4 - sin(x6) - cos(4*x3**2) - cos(x3**sin(x5)) - cos(exp(x4)) + 24.7681655883789)**1.15742)**log(log(x4))))/((cos((24.7681655883789 - sin(sqrt(18.8927**log(log(x3)))))**cos(sin(log(log(x3)))) + 22.1552) + cos(sin(cos(x5**0.56539))))**8*(cos((-sin(sin(9.8998*x1)) - cos(cos(x5)) + 24.7681655883789)**cos(sin(log(log(x3)))) - 40.6758) + cos(sin(cos(x5**0.56539))))**4)) + 18.8927',7.207924863996085,45091584,9,15,384,7,256,paper,6,0,2204291346,5.655422210693359,13.664004514601174,65.60082840236686
600.0004567201249,'-3*x1 + sqrt(x5) + sqrt(-3*sqrt(x0) + 7*x1 - x3**(1/4) + x6**2 + exp(exp(sin(log(x0)**2))) + exp(exp(sin(log(x5*exp(x1))**2))) - exp(2*sin(x0)) - exp(2*sin(sqrt(x1))) - 2*exp(2*sin(x3**(1/4))) - exp(2*sin(cos(sqrt(x0)) + 13.5715)) - exp(2*sin(cos(x0) + 0.961789)) - exp(2*sin(exp(x1))) + 44.537) + 2*exp(sin(log(x5**2)**2)) + 23.8967',11.295880237538022,44375552,9,16,384,7,256,paper,6,0,550243861,11.295900344848633,12.367000534146054,59.17313609467456
600.002837637905,'16.0708**cos(log(x3)) + 24.672**cos(log(x3)) + x4 + x6 + exp(x1*cos(log(x3))) + sin(3.15213**(3.66806030273438/sqrt(x1))) + 8*sin(sqrt(x4)) + sin(0.321764*x5) + 3*sin(0.327592*x5) + sin(x0**cos(log(x3)) - 0.0557015*x4 + cos(log(x3))) + 4*cos(log(x3)) + cos(cos(x5)) + 8.89028',7.865153827496841,47869184,9,17,384,7,256,paper,6,0,3606691181,7.865211486816406,10.035744468212327,53.85514792899409
600.0028238480445,'x6 - sin(x1) - 2*sin(1941.46995320859/x5) - 2*sin(x1 - 0.265701*sqrt(x3)) - sin(x1 - sin(sin(x0 - cos(sqrt(x3))**4))) - sin(x1 - cos(sqrt(x0))) + sin(cos(x5) - 1941.46995320859/x5) - sin(x1 + sin(cos(exp(x1)) - 1941.46995320859/x5) - cos(x5**2)) - sin(exp(x1)) - sin(1941.46995320859/cos(0.989785/sqrt(x5 - exp(cos(x0))))**2) - cos(sqrt(x0)) - cos(x0) - cos(x5**2) + cos((x5 - cos(x5**2))**2) - cos(exp(2*x1)) + 20.4592',8.269105507350252,43833856,9,18,384,7,256,paper,6,0,1934392872,7.215987682342529,6.893522418601092,40.97751479289941
600.0019589818548,'45.8131408691406/log(x1*log(1.10449929731396*x1*(1/(x1**2*log(0.719347*x6*(x1**(3/2))**(1/4)*log(0.782415700948366*x1)*log(x1**2*log(0.997347*x1*log(0.38271*x1*(x1**(3/2))**(1/4)))*cos(cos(x6)**2))*cos(0.56689/log(x0)))))**(1/4)*log(x0)*cos(cos(x3**(1/4)))*cos(cos(sqrt(6*x5 - 5.62671))))*cos(sin(sin(cos(x1)))))',13.384925065621616,46983680,9,19,384,7,256,paper,6,0,2148995112,10.089576721191406,5.904782949878298,35.17100591715976
600.0009395929519,'x6 + sin(exp(cos(x0)) + cos(5.2482*sqrt(x5) - exp(cos(1517.98*x5))) + 15.0201683044434) + sin(exp(sqrt(x1))) + 3*sin(log(sqrt(x3))**2) + cos(sqrt(x0) + 122.875) + cos(sqrt(x0) + x1) + cos(3.89161*x1 + 15.9365) + cos(4.42882*sqrt(x5) + 28.4545) + 2*cos(5.87917*sqrt(x5) + 15.9365) + cos(-exp(x1) + sin(sqrt(x0) + sin(sin(sin(sin(x0)))))**2 + cos(5.87917*sqrt(x5)) + 23.3755) + cos(exp(cos(cos(5.8761*sqrt(x5)) - 19.6145))) + 23.3755',7.346822663025203,45698048,9,20,384,7,256,paper,6,0,1592565386,7.336040496826172,4.50501731562354,57.465917159763315
600.0028006809298,'(0.0414856*x5 + x6 + log(log(log((x6 + log(log(1.14727 - sin(4.99977493286133/sqrt(cos(x6 + (x6 + log(cos(-x6 + cos(x1) + 36.7491683959961) + 1.14727) + 3.14957)**2 + 37.4538) + 1.14727))) + log(log((x6 + log(cos(x1 + x6 - 24.4352) + 1.14727) + 3.14957)**2)) + cos(x1 + log(log(x4)) - 30.9494)) + 3.18241)**2)) + cos(x6)/sqrt(cos(x6**2 - sqrt(x6**cos(x4**2) - log(x1) + log(x5) - cos(x0 - 2*cos(x6)) + 3.14957) + cos(x1) + 37.4538) + 0.958988)))**2',14.01889480287648,46695424,9,21,384,7,256,paper,6,0,784044718,14.017621994018556,29.191069358306756,67.99668639053255
600.002895268146,'x6**2 - x6 - log(x6)*sin(x5) - sin(x1 + sin(40.6914*log(x5))) + sin(exp(x1) - 15.6043) + sin(-x1 + x6 + cos(sqrt(x0)) + 42.9771) + sin(-x1 + x6 + sin(44.0547*log(x5)) + cos(x1 + 12.3174) - 38.512) + sin(log(x0**2)) + 2*sin(log(x3**2)) + 3*sin(20.1965*log(x5)) - sin(22.418*log(x5)) + 3*sin(log(x3**2*x6)) - cos(sqrt(x0)) - cos(x0) - cos(exp(x1)) + 24.1008',7.265997804901839,45849344,9,22,384,7,256,paper,6,0,3980425317,7.265986442565918,4.713998521831275,37.42946745562131
600.0027761731762,'-14.3489**(sin(0.428373*x5/sqrt(x0 - x4 + exp(exp(sin(x0 - 23.6572))) + 2*sin(40.4712*x4) - sin(x0/cos(x3))))**2)/(x6*(-x0*sin(x0*sin(sqrt(x0 - x6))) + x0 + 0.743856622362462*sin(x3)*sin(x5 + 42.1850471496582))**(sin(sin(x6*(-x6 + cos(-cos(14.3489**(sin((x6 - 10.5792)**2*sin(x1))**2)) + 28.8036193847656 + 1.34434509277344/x6**3))/(29.6969299316406 - x1)**(sin(sin(33.8760299682617/sqrt(x0)))**2)))**2)*sin((33.8760299682617 - x6)/sqrt(x0 + 1.50394))) + 26.8567276000977',14.779265940503764,45491456,9,23,384,7,256,paper,6,0,3356806661,14.760883331298828,25.033773886921594,61.70863905325443
600.0024254180025,'x4 + (5.84441 - exp(x6))*exp(-cos(cos(sqrt(x5) - exp(x1)))**42.7027)*cos(x6*(42.7026748657227 - exp(cos(log(x3) - 2.12988)**exp(x6))) + 1.19972229003906) + exp(x6) - cos(cos(cos(sqrt(x5) - log(x3)))**13.7659/cos(log(x1))) - cos(exp(x4) + 40.2016) - 3.58954*cos(-5.09821*log(x3 + x5) + 5.09821*cos(x1) + 13.3685) + sqrt(x5)*(-cos(x1) - cos(2*exp(x4) + log(x3**x6) - cos(x4)) - cos(exp(x4)) - cos(exp(sqrt(log(2*x0)))) + 5.09820938110352)*exp(-x6)*exp(cos(cos(sqrt(x5) - 32.5637130737305))**x4)/x1',12.327896033079004,49040384,9,24,384,7,256,paper,6,0,2765379632,8.977850914001465,8.680014902066791,48.59005917159763
600.0028577880003,'0.311811*x5 + 2*x6 + cos(0.46229*x5) + cos(x1 - 10.6289) + 2*cos(x5/log(x3) + sin(x6)) + cos(x5/log(x3) + sin(x1)**2 + cos(log(x3))) + cos(x5/log(x3) + sin(x5)**2 + sin(x6)**2) + cos(cos(x1 + 20.3191) + cos(x5/log(x0) + cos(cos(x5))) + 30.2404479980469/log(x3)) + 10*cos(log(x3))',7.436021935316847,48294144,9,25,384,7,256,paper,6,0,1728356533,7.436023712158203,9.667554793017107,45.5971597633136
600.0031057859305,'-(-x4*sin(sin(sin(exp(0.22593*sin(sin(13.7961*sin(sin(sin(sin(sin(sin(sin(sin((20.812370300293 - 0.612024*x5)*sin(13.907*sin(sin(sin(sin(13.907*sin(sin(6.71967*sin(x1))))))))))))))))))/sin(sin(sin(sin(sin(sin(sin(sin(sin(exp(45.9206*(x1 - 45.6046)/x3))))))))))**2)))) - log(34.1988*cos(sin(sqrt(x3)))) - sin(x5) - sin(x5**2) + 20.812370300293)*sin(sin(sin(sin(sin(sin((-14.758*sin(sin(sin(sin(sin(log(x3)))))) - 25.5875244140625)*(cos(sin(x1))**2 - 0.933558)*sin(sin(sin(sin(x1)))))))))) - sin(sqrt(x5)) + sin(31.9819*x5) + 20.0537719726563',8.316332330588507,47404544,9,26,384,7,256,paper,6,0,3533734220,8.317914962768555,11.38780991988342,53.533017751479285
600.0024705468677,'-0.0838503082690632*x4**2*exp(sin(exp(x1)))/sqrt(x5) + x4 + exp(sqrt(exp(105.772/x0))) + sqrt(exp(sqrt(exp(exp(sqrt(exp(exp(sqrt(x5))**(1/8))))**(1/4))))) - 0.807865*exp(0.621235/(0.975155 - 0.621235/(sqrt(x1)*((x1**8*exp(4*sin(x4))/sin(sqrt(x3))**4)**log(cos(cos(exp(sin(x4/x1))))) + exp(sqrt(x5))**(1/4)/x4))))*exp(sin(x1))/(x6 - 0.573062/(sqrt(x1)*(exp(2*x4*log(cos(sin(x5/sin(x1))))) + sin(sin(x3**log(sqrt(x5)))) + 8.22817611694336/x4)))',525.1864513562801,47911424,9,27,384,7,256,paper,6,0,2342600226,11.607073783874512,34.41819311125077,129.35147928994084
600.0010870748665,'sqrt(x5) - exp(sin(x1)) - sin((28.9990463256836 - sin(log(x5)))**2) - sin((40.6481552124023 - 26.6385650634766/x5)**2) - 2*sin(x1 - cos(sqrt(x0))) - sin(x1 - cos(x5**2)) - sin((sin(42.1918983459473/x0) - 12.4313774108887)**2) + sin(2*x1 - (10.8355979919434 + 28.8350315093994/x5)**2 + sin(x1)) + sin(2*x1 - (x1 - sqrt(x5))**2 + sin(sin(x1 - cos(x5)))) + sin(2*x1 - (x1 - sqrt(x5))**2 + cos(x0)) - sin(x0 + sqrt(x1) + x1 + 0.036251*x4) - sin(exp(x1)) - cos(sqrt(x0)) - cos(x0) - cos(x6) + 15.2818',8.824556606869605,45855744,9,28,384,7,256,paper,6,0,1904449481,8.824810028076172,4.885555394244563,39.72082840236687
600.0026326170191,'-7.34171*sin(x1) + sin(0.255079*x0/(22.0573 + 0.376293/((sin(x1) - 0.926455)*sin(sin(x6**2 + cos(x0))))) + (((-0.0667785*x6 + 0.0333892*sin(sin(x3)) + 0.0667785*cos(31.1094*x5) + cos(0.407871*x0/(cos(31.1094*x5) + 22.6403)) - 0.76355)**2 - sin(17.0471*x0)/(x1*log(0.615488767623901/(x6**2 - cos(0.235284*x0)))))**2)**exp(sin(sin(x1**2)))) + cos(6.35179*x0) + cos(290.605*x1) + 2*cos(31.1094*x5) + cos(29.9498*log(x5)) + 22.0573',11.501181815105497,45999872,9,29,384,7,256,paper,6,0,1934709049,11.20526123046875,10.50162754673981,50.51928994082839
600.0001670001075,'x5 - sqrt(x3 - x4) + exp(2*sin(sqrt(x3/x5))) - cos(sin(x5)/cos(x5)) - cos(sqrt(x3/(x5*x6**2)))',7.940625802793394,100967424,9,1,384,7,512,paper,4,0,2811363264,7.941151618957519,8.155424389880663,43.733112244897946
600.0024101778399,'log(x3 + (x3**2*x4**2*exp(2*sin(sin(sin(sin(log(x5)**2)))))*cos(cos(x5))**2)**(-90.3354949951172*(39.8615570068359 - x5)/(x0 + x3)))',8.052836658112788,98580992,9,0,384,7,512,paper,4,0,3324115916,8.052840232849121,8.730773153758362,44.4359693877551
600.0026605851017,'sqrt(x1) + x5**2*(20.3277130126953 - x1)*log(sqrt(log(x5)))/(x3 + 252.612 + 148.411/x6) + cos(14.9563**x1)',9.031271865666776,102476800,9,2,384,7,512,paper,4,0,1884968544,9.053629875183104,5.250264032139836,65.46061224489797
600.0025796601549,'-x1 + x5/log(log(x0))**2 - sin(0.413223*x5 - 41.7023) - sin(x5/log(log(x0))**4 - 4.55176) - sin(exp(x1))',10.471912970286075,97237504,9,3,384,7,512,paper,4,0,1859786275,10.471899032592772,15.059723469392752,95.62836734693876
600.0028449690435,'x4*sin(log(x5 + sin(x0))**2)*cos(log(x4) - 4.48866) + x5 + 22.3604*cos(log(x3)) - 50.7855',8.685637464316343,103613952,9,4,384,7,512,paper,4,0,3687649985,8.68564510345459,4.935801957491272,47.259591836734685
600.002712299116,'-x1 - sin(x5**2) - 8.80564*sin(x5/log(x0 + x3)) - sin(exp(x1)) - cos(sqrt(x0)) - cos(x0) + 28.6359',9.928609748751423,101928448,9,5,384,7,512,paper,4,0,369133708,9.928543090820312,11.492689114638209,41.03678571428571
600.0016898030881,'x4 + (-x4 + x5 - sqrt(x0 + 11.9318) - cos(0.504318*x5) - 34.4183397293091)**cos(sqrt(-x1 + sqrt(x3 + sin(x5))))',9.549691017457572,103194624,9,6,384,7,512,paper,4,0,2995172877,9.549683570861816,11.690489036858503,60.70882653061225
600.0015546360519,'(3.00115*x3/(sin(0.00169039*x5**2) + sin(log(x0)) + cos(log(x4)) + 3.1914) + 53318.2)/x3',7.598166773741159,98287104,9,7,384,7,512,paper,4,0,865305066,7.59812068939209,10.733140284546794,50.27836734693877
600.0015289050061,'x6 + exp(cos(x1 - 42.1276)) - log(x0) - cos(x0) - 6.32083*cos(x5/log(x0 + x3) + 42.1276) + 42.6102676391602/log(log(x0))',9.321383677754657,94170624,9,8,384,7,512,paper,4,0,404488628,9.321375846862791,22.477386410388043,102.83325443786981
600.0027174390852,'cos(exp(x1**2)) + cos(exp(0.0305788*x5 + 0.0305788*sin(x5)**2)) + cos(exp(0.0305788*x5 + 0.0305788*cos(exp(x4)))) + 832.702*x5/x3',10.503020856412553,101099520,9,10,384,7,512,paper,4,0,4190266092,8.136220932006836,25.095562191450345,81.26520710059171
600.0020541348495,'x5**((x0 - 33.1645)**(-0.054893*sqrt(x3 - x5*x6)/(x5 + sqrt(x0 - 0.0628338*x3 + 8.70724*x4 - 15.915) - 44.3776)))',8.536908512333902,104574976,9,9,384,7,512,paper,4,0,2261209995,8.536909103393555,7.870503321094114,57.220828402366855
600.0023708119988,'x4 + x6 + exp(exp(sin(1.88494*log(x3)))*cos(sin(sin(40.3216*log(log(x5)))))) + sin(44.469*x5) + sin(exp(sqrt(x1)))',12.018898532391892,101158400,9,11,384,7,512,paper,4,0,3160032368,12.019035339355469,10.233299056615063,37.648639053254435
600.0000761109404,'(x1 + x5 + sin(5.67366*x5))**2/(x0 + sqrt(2)*sqrt(x3) + exp(40.8841094970703/x1**2) + 39.0783*sin(sin(sqrt(x5))) + 17.2015)',8.603798129848203,96784896,9,13,384,7,512,paper,4,0,3081541439,8.603811264038086,9.658783439394295,39.60248520710059
600.0029813789297,'3.87616*sqrt(x5*(x5 + 39.6419*cos(6.51795*x5)**4)/(x0 - (x0 - 9.0724)*cos(x3**(1/4))**2 + 82.3084))',8.552864883446318,95988736,9,12,384,7,512,paper,4,0,3269070126,8.552760124206543,1.737484941655389,61.78745562130178
600.0009785420261,'exp(exp(sin(log(x1))) + (3*x5 - 100.152 + 73.0482503398962/(-sqrt(x1) + cos(sin(x1))))/x0)',10.132836093452774,101810176,9,14,384,7,512,paper,4,0,3376120482,10.132834434509276,12.505242188235085,52.635621301775146
600.0009283418767,'0.204109*x5*exp((-0.211005*x0 + x5)*(0.0575482*x0 + x4 + x5 + sin(sqrt(x3)))/x3)**(1/4)',9.097681395545443,103840768,9,16,384,7,512,paper,4,0,550243861,9.097694396972656,8.46726295447041,59.17313609467456
600.0014042181429,'exp(3.45685*cos(exp(142.798*cos(sqrt(x5))/(x0 + sqrt(x3) - x5) - 5.00137710571289/(x4*sqrt((x3/x0)**(x6**2))))))',13.230982350668556,97739776,9,15,384,7,512,paper,4,0,2204291346,13.230926513671877,30.070336223918893,65.60082840236686
600.0007953068707,'(log(x3**cos((x5 + 30.3302)/log(x0))) + 13.6486)**cos(x1 - 23.529468536377) + exp(sqrt((x5 - 31.613)/log(x0)))',9.107073672003285,96640000,9,17,384,7,512,paper,4,0,3606691181,9.107073783874512,10.26528002467186,53.85514792899409
600.0013721641153,'x5 - sqrt(x0 + x3 + x3*(-x0 - 36.9149*x6)*cos(cos(x1))/(35.3526992797852 - x5)**2 - x4 + 91.6685)',9.323998912355975,102510080,9,19,384,7,512,paper,4,0,2148995112,9.323999404907228,2.8823118756829778,35.17100591715976
600.0010664160363,'0.0382031*x5**(3/2) + 6.56814*cos(log(x3))/cos((x5*log(88.5992050170898 - sqrt(x0))**2 + 1861.1)**(1/4))',10.25182292242006,100941312,9,18,384,7,512,paper,4,0,1934392872,10.251826286315918,3.9384481722783593,40.97751479289941
600.0000465898775,'x5**cos(cos(sin(sin(log(1.94707*x3))))) + (-sqrt(x6) - sin(0.410083*x5))**2 + cos(115.561*x1**3)',8.329725679392688,93831168,9,20,384,7,512,paper,4,0,1592565386,8.31883430480957,5.089103105106006,57.465917159763315
600.0009031370282,'-x1 - x3/((-x5 + exp(x1/2))*cos(x1)**2 + 250.444) + x5 + x6 + cos(sqrt(x0) - sqrt(x5)) - 35.4939',9.733076480770295,101390336,9,22,384,7,512,paper,4,0,3980425317,9.733070373535156,10.016206188830848,37.42946745562131
600.0006322199479,'x5**cos(cos(sin(log(x1**2/cos(x6) + x3) + sin(log(2*x3 + exp(sqrt(x5 - sin(x5**2)))) - 0.722132))))',7.484130490604976,100893184,9,21,384,7,512,paper,4,0,784044718,7.484254837036133,17.199185864868262,67.99668639053255
600.0009992849082,'-x1 + x5**2/log(sqrt(0.650715*x0 + 0.650715*x3 - 0.650715*x5))**4 + x6 - Abs(cos(x1))/log(log(x1))',8.105426088678776,96702976,9,23,384,7,512,paper,4,0,3356806661,8.105425834655762,9.794593696141696,61.70863905325443
600.0003652749583,'-x1 + x5 + x6 + (cos(log(x3) + 33.649)**2 - cos(log(x3) + 33.649))**4 - sin(x5**2) + sin(x6) - 52.6515121459961',9.374115829364063,95414272,9,24,384,7,512,paper,4,0,2765379632,9.37399673461914,5.578391462250025,48.59005917159763
600.0001383479685,'(1.83959 - (-x1 + 2*x5 - x5/(x4 - 2140.52/x5) + sin(x5)**4 - 6.29398)/(-x3/x5 - 13.4615669250488))**2',7.894542611078772,96703488,9,25,384,7,512,paper,4,0,1728356533,7.8945631980896,8.71361961956767,45.5971597633136
600.0017516610678,'-2*x1 + x5 - (-x6 + log(x4))**2 - sin(x0/x1**2) - sin(exp(x1)) - cos(sqrt(x0)) - cos(x0) - 40.0145',12.006101264392404,90648576,9,26,384,7,512,paper,4,0,3533734220,12.00604248046875,6.163471825310119,53.533017751479285
600.0019763750024,'x5 - sqrt(-2*x0 + x3 + 4*x5 - (x0 - x4**2*sqrt(log(x6)) - x5)*sin(sin(x1)))',9.691302242934244,103727616,9,27,384,7,512,paper,4,0,2342600226,9.691302299499512,18.79087939138419,129.35147928994084
600.0018564220518,'-39.2663*cos(0.633937*log((x5 - 2*cos(43.4806*x5) - cos(exp(x1)) - 49.5276)/x3) - 13.6511)',10.430671130252094,103344128,9,28,384,7,512,paper,4,0,1904449481,10.430082321166992,4.2514898508826295,39.72082840236687
600.0032302830368,'(x5 - exp(854.948920626251*exp(-2*x1)) - log(exp(exp(sin(cos(x0))))/x6**2) - 42.7124)*cos(sin(log(x3) + 46.0167))**2',8.19302197680983,85854720,9,29,384,7,512,paper,4,0,1934709049,8.192943572998047,12.116551263827716,50.51928994082839
600.0017878089566,'(sqrt((x5 + sqrt((2*x1 + x5)*exp(-sin(x0*x1/(x5 + cos(x3)) - sin(x0*x1/x5 - log(x3**4/x1**4))) - sin(x0*(x0*x1/(x5 + cos(38.0594*x0)) - log(x5**2/x1**2))/(x0 + x5 + 2.36019) - sin(log((x0 - x3)**2))) - sin(log(246.608621903593*x3**2/x1**2)))) + log(x6) + log(log(x6*cos(1.80484771728516/x3)/x1)**2) + log(sin(log(x3**2*x5**2/x1**2))**4))/x1) + sin(sin(exp(sin(exp(sin(exp(sin(exp(sin(sin(sin((0.424019*sqrt(x5) - 0.669937)**2)))))))))))))**2',7.040083419272842,76031488,9,0,384,7,512,paper,6,0,3324115916,7.040827751159668,3.9214652356141646,44.4359693877551
600.0009286380373,'-0.0376373*x0/log((0.0258264*x5 - 0.0258264*x4/x1)**2) - 0.0427341*sqrt(x3) - 0.00183276*x3 + 0.139778*x5 - 0.0376373*(-cos(x5**2) - cos(x5 - 30.9591217041016/cos(x0)) - cos(x5 - 30.5314788818359/cos(x0)) + 24.8922882080078)/log(cos(0.0187155*x0 - 0.0215236*x5)**2/log(log(-cos(0.0409544*x0/(x5 - 34.5193) - 0.0409544*x5) - cos(log((x5 - cos(x5**2))**2)) + 0.00161332)**2)**2) - 0.0427341*sin(x5) - cos(0.0137787*x0 - 0.0421843*x5) - cos(0.0138832*x0 - 0.0425044*x5) - cos(0.0399672*(x5 - 3.15832)**2) + 24.7182147502899',7.662983858028372,79592960,9,1,384,7,512,paper,6,0,2811363264,7.663194179534912,9.333111525087874,43.733112244897946
600.0010221691336,'log((x1 + (x5 + log(x1*log(sin(sqrt(x5)))**2/x3**9))*(x5 + log(log(sin(sqrt(x5)))**2*sin(sin(sin(sin(x1))))**4/(9*x3**8))))/(sqrt(x3)*log(0.00542556662453251*x1*x5*(x3*(x5 + log((-34.8173*x3*cos(log(x1*x3**8) + cos(x4)) - x3)**2*cos(sin(log(x1*x3**8)))/x3**8)) - x3)**4) - x3)**2) + 34.3572*cos(log(log(log(2*x1 - x6 - cos(x1)))) + cos(cos(sin(sqrt(x5)))))',9.258037337614178,56840704,9,2,384,7,512,paper,6,0,1884968544,9.257535934448242,14.45360631526732,65.46061224489797
600.0022665488068,'-0.190513*sqrt(x0) - 0.200425*x1*exp(x4**cos(sqrt(exp(x4**cos(x5/(0.200425*x1*x6**(cos(x5 + 29.614)/cos(34.4246*x5)) + x5 - 31.2238)))))) - 0.205096*x1*exp(x6**(-5.24899*cos(x5 - (x5 + 31.5904)**2)/sqrt(x0))) + x6 + 2*exp((32.9473*x6**2)**(x1*cos(x5/(x5 - 29.0353)))) + exp((0.0362952*x0**(1/4)*x1*exp(cos(sqrt(x0))))**(-0.200425*exp(sin(31.2238*exp(sin(x1)))))) + 23.1618',8.75947649167721,84680192,9,4,384,7,512,paper,6,0,3687649985,8.75879955291748,4.6447445333920685,47.259591836734685
600.0012711021118,'(x5 - 23.6154)*exp(-0.0982047*sin(x1))/(x0*cos((x5 - 18.8179)/(x0*exp(2*sqrt((sqrt(2)*sqrt(x3))**sin(cos(cos(cos(exp(2*sqrt((x0*cos(sin(sqrt(x3))))**sin(cos(cos(cos(exp(2*sqrt((x0*exp(sin(x1)/2))**sin(cos(cos(cos(cos((0.806437*(x5 - 21.3093)/(136.436*cos(cos(sin((x4 - 36.0308)*cos(cos(x5 + exp(sin(x1)/2))**2)))))**sin(cos((x5 - 21.3093)/(454.088032208616/x0**2)**sin(x5))))**sin(cos(x0)))))))/x0))))))/x0))))))/x0)))**0.718517))**0.196409',8.522741308543273,83377664,9,3,384,7,512,paper,6,0,1859786275,8.43307876586914,38.65611809498903,95.62836734693876
600.003018300049,'x5*cos(cos(log(x0/cos(cos(log(x3)))) + x4/x0))*cos(cos(log(x5)))/log(log((0.321845*x3*cos(cos(log(x5/log(x0/cos(sin(x4 + cos(x5**2))))))) + x5*log(x1**2)*cos(log(0.000884592*x5)/cos(log(x0) + 22.1266250610352/x0))/log((x1 + 0.322916*x3*cos(cos(log(36.1849/sin(log(x3))))) + x3*cos(log(x0))/log(log(x5/log(x0))))**2) + 0.804825*(x3 + sin(x4))*cos(log(x0)))**2))',122.23749435071863,79746560,9,5,384,7,512,paper,6,0,369133708,9.562740325927734,16.964800221906604,41.03678571428571
600.0029065839481,'-2*x1 + sqrt(-x6 + exp(x6) - log(x0) - 20.7334*cos(exp(x5**(1/4))) + 25.0739288330078) - sin(x5) + sin(exp(x5**(1/4))) + sin(log(x0)**2) - sin(log(x3/x1)) + cos(x5) - cos((x5 - sin((x0 - 38.3562)**2))/log(sqrt(x0))) - cos(x0 - cos(x1 - x4/x1)) - cos(sqrt(x0 + cos(log(x6)))) - cos(exp(x1) - cos(x5 - cos(x5)) - cos(sin(x3)) + 11.8591) - cos(cos(x5) - cos(x5 - cos(x5)) - 25.1807*cos(cos(cos(sqrt(x5)))) + 325.431616242218) - cos(exp(sqrt(x0))) + 31.3766441345215',9.026159767045725,85349376,9,6,384,7,512,paper,6,0,2995172877,8.658035278320312,11.392681405466542,60.70882653061225
600.003241215134,'x4 + log(x0**(log(x6) - sin(log(x0**(log(x4 + 3*x6 - sin(x6 + cos(x5)**2) + sin((log(x6) - log(sin(sin(sqrt(x5)))))**2) - sin(log(x0**(x6 - log(cos(sin(sin(sqrt(x5)))))))) + 5.40676879882813) - sin(cos(sin(sin(sqrt(x5)))))))))) - log(sin(x3**(1/4))) + sin(x5/4) - sin(log((2*x1**2 + 53.6326)**(log(sin(sqrt(x5))) - cos(sin(x3**(1/4)))))) - sin(log((x1**2 + x5 - exp(x6) - 2*cos(x5))**(log(sin(sqrt(x5))) - cos(sin(x3**(1/4)))))) + 7.17982',9.511572210267188,84383744,9,7,384,7,512,paper,6,0,865305066,9.511574745178224,5.4482898521792,50.27836734693877
600.0026724489871,'(log(x4)**2 + sin(sin(log(x5)**2 + log(sin(172.393/log(x5))**2) + 2*cos(log(x3))) + cos(log(x3))) + sin((cos(exp(x1)) + 15.09)**2) + sin(172.393/log(x5))**4 + cos(log(x3) + 0.999996/(-log(x4)**2 + log(x5))) + cos(cos(log(x3) - sin(x5)/(4.41668 - log(x4)**2)) - 46.1474) + 2*cos(log(x3)) + cos(log(x4)**2) + 131.574/(x0*sin(cos(cos(5693.65188146761/log(sin(131.574/log(sin(131.574/x5)**2))**2)**2)))))*exp(sin(131.574/x5))',8.474084672067292,64918528,9,8,384,7,512,paper,6,0,404488628,7.372547149658203,18.56046314045352,102.83325443786981
600.0006229248829,'-2*x1 - cos(sqrt(x0) + (cos(log(x5)) - 10.2994)**2) - cos(sqrt(x0) + Abs(exp(x1) - 3.84884)) - cos(30.8568*x1 - 30.8568*exp(x1)) - cos(33.9492*(23.5207*x5 + 3118.42)**(1/4)) - cos(sqrt(x0) + exp(x1) + 8.62190628051758) - cos(30.8568*(23.5207*x5 + 23.5207*cos(19.4853*sqrt(log(x3)))**8 + 2700.17)**(1/4)) - cos(30.8568*(30.8568*x5 + 30.8568*cos(-x1 + x5 + 0.246167) + 2122.99)**(1/4)) - cos(19.4853*sqrt(log(x3))) - cos(21.7657*sqrt(log(x3))) + 34.0919876098633',8.529245108557271,78788096,9,9,384,7,512,paper,6,0,2261209995,8.527898788452148,6.239159800555269,57.220828402366855
600.0035449850839,'0.502004*sqrt(x5)*sin(log(x3**2)) + log(sqrt(x5)) + sin(770.226*x1) - sin(0.367181*x5) - sin(0.37185*x5) + sin(6.68849*x5) + sin(x1*(sin(sin(sin(log(x3**2)))) - 29.9578)) + sin(x1*(log(x0) + 24.4334*sin(19.177*x1) - 3.97784)) - sin(7.44202*sin(sin(sin(3.97784*x1))) + 194.394) + 3*sin(log(x3**2)) + sin(log(x6**2)) + sin(log(cos(x5)**2)) + sin(sin(0.252008*x5)) + sin(sin(x5*sin(sin(sin(x1**2))))) + 22.2103',6.369578580652245,79713280,9,10,384,7,512,paper,6,0,4190266092,6.312348365783691,13.161843109279166,81.26520710059171
600.0033708459232,'x4 + x6 + (x4 - (x4 + exp(cos(556.88*x5)) + log((-2*x4 + exp(x6**2) + exp(x5*cos(sqrt(exp(sqrt(x1 + 24.269))))) + 22.0335578918457)**2))*cos(log(log(sqrt(x3)))**2) + sin(x5*cos(x1)) - 4.62265)*cos(sqrt(x5 + 36.2568)) + (x4 + sin(26.372*x5) + cos(sqrt(x1) + (exp(cos(log(x5))**2) + 21.9067)**2 + sin(42.2315*x5)) + 3.62355)*cos(log(log(sqrt(x3)))**2) - cos(log((46.4718246459961 - 2*x0)**2)) + 21.9067*cos(log(log(sqrt(x3)))**2) + 26.8118',7.297502033523798,78103552,9,11,384,7,512,paper,6,0,3160032368,7.29734992980957,4.832492980720682,37.648639053254435
600.0040297498927,'0.734625**(x6**2 + log(0.897435**(x5*cos(13.6803*log(x1))))) + x6**2 - 2*log(x1) + log(log(x6**4 - 0.525628) + sin(x6)) + sin(sqrt(x0) + sqrt(x0 + x6**16 + cos(sqrt(x3)))) + sin(sqrt(x0 + exp(x6) + sin(x5)) - 14.4766) + sin(sin(x0 - 39.3781)) + cos(0.389363*x5) + 2*cos(382.889*x5) + 2*cos(sqrt(x0)*log(x1)) + cos(sqrt(x5)*log(x1)) + cos(x5*sin(x6**2 - 3.60831)) + 21.0671',8.75425165208962,71461888,9,13,384,7,512,paper,6,0,3081541439,8.7575044631958,9.955585920204793,39.60248520710059
600.0031159031205,'-x1**4/((x1**4*sin(352.182*x5 - 31.1891174316406)/(-x5**2/(-x4 + log(-3*x1 - x4 + 48.0136489868164) + 35.175)**2 + 31.8201293945313)**2 + 31.1891174316406)**2*sin(log((log(x5**2) - log(x5/(x1 - log(x1**2))))**4/sin(log((31.1891174316406 - log(x1))**8/sin(log(x1**4/((31.1891174316406 - exp(sin(sin(sqrt(x5)))))**2*(31.1891174316406 - log(x3 + 18.7665))**2*(-log(x1**2) + log(x3))**2)))**4))**2))) - x1 - sin(x1*sin(sqrt(x5)))**2/sin(log(120.894*x1**8/(31.1891174316406 - log(x3))**4)) + 31.1891174316406',10.261086801301166,60362240,9,12,384,7,512,paper,6,0,3269070126,10.257410049438477,4.2334474621985,61.78745562130178
600.0025076118764,'sqrt(x6/(sqrt(sin(x3**(1/4)))*sin(0.457825688678333*sqrt(x3**(1/4)*sin(sqrt(x5))))))*(-x6/(sin(sqrt(sqrt(sin(x3**(1/4)))/(log(x6/sin(log(x1)))**(1/4)*sin(sqrt(x6/(log(x4)**2*log(0.927046834490966/sin(sqrt(x5)))*cos(cos(x5))))))))*sin(log(x3 + exp(sqrt(x4))))*sin(log(7*x0 + x3 + 1175.8))*sin(sin(sqrt(log(log(x1)))))) + 28.7094039916992)*exp(-sin(sin(sin(log(log(x1)))))**2)/(x6/sin(log(8.74968338012695/(x3**(1/4)*sin(sqrt(x5))))))**(1/4)',7.8118501458870595,78851072,9,14,384,7,512,paper,6,0,3376120482,7.811856269836426,8.882091098842274,52.635621301775146
600.0009328378364,'exp(exp(cos(x1**0.95982 + exp(cos(cos(exp(exp(cos(cos(cos(cos(sqrt(x5) + cos(x1 + exp(sqrt(sin(log(0.744879*x3))))))))))) + log(x5) + sin(sqrt(x6)) + sin(exp(cos(cos(exp(exp(cos(log(x0)**cos(35.5493965148926/x0)*cos(x1)))) + exp(exp(cos(cos(sin(exp(cos(cos(-log(x0) + cos(log(x5)) + 1.23121)))))))) - log(x3) + cos(log(x0)*sin(sqrt(x5))))))))))))) + exp(cos(x1 + exp(exp(cos(cos(sin(exp(cos(cos(-log(x0) + log(x5) + cos(log(x5)))))))))) + log(x0)**cos(0.0281299*x1))) - 0.585628*log(x3)**sin(x3**(1/4)) + 17.6931',8.645631959011993,88159744,9,15,384,7,512,paper,6,0,2204291346,8.645618438720703,28.199998694003952,65.60082840236686
600.0027213650756,'(36.8681411743164 - sin(sqrt(x5)))*exp(-0.0393758*sqrt(x0))*exp(-0.000995977942237236*x0*sin(sin(sin(sin(sin(45.7253112792969/sqrt(x0))))))/cos(1.56647*x1*exp(-0.0393758*sqrt(x0))*exp(0.000995978*x0*exp(-x6/x0)*exp(0.0726934*sqrt(x4 + 2*sin(x4)))*exp(0.119562*sin(x3/x5))*exp(-cos(25.2380867004395*x1/sqrt(exp(-0.0396227*sqrt(x0)))))*sin(sin(25.2380867004395*x1/x5**(1/4)))/cos(sin(x1*x1**(0.0251365786966959*sqrt(x0)*x1)/sqrt(exp(-0.0393758*sqrt(x0))))))/x1**(0.0251365786966959*sqrt(x0)*x1)))',11.155024161807567,87659520,9,16,384,7,512,paper,6,0,550243861,11.155004501342772,19.957833518297278,59.17313609467456
600.0025435029529,'(x5/x4)**(3/4) + sin(sqrt(x4)*sqrt(Abs(sin(0.193141*x5)))) + sin(sqrt(x4)*sqrt(Abs(sin(0.194413*x5)))) + sin(sqrt(x3**(1/4)*x4*sqrt(sin(sqrt(x5 - sin(1.39974*x5) - sin(x0/(x1 - 15.6301)) - cos(sqrt(x0))))))) + sin(sqrt(x3**(1/4)*x4*sqrt(sin(sqrt(x5 - sin(1.39974*x5) - sin(exp(x1)) - 2*cos(sqrt(x0))))) - 12.8211 + x3/x0)) + 17.7315*x4*sin(x4**(1/4))/sqrt(x0)',10.545134577544635,78642176,9,17,384,7,512,paper,6,0,3606691181,10.54477596282959,14.013523053875371,53.85514792899409
600.0013441517949,'x1 + x4 + x6 - (-sqrt(x5 + 44.5888) + 805.394*(27.9271*sqrt(sin(x5**(1/4))) + cos(0.123932*x0))*sin(sin(sin(-x1*sqrt(x4 + 40.3795) + x1 + exp(Abs(x1 - 0.994116)))))/(45.6847*x4 + 45.6847*x6**8.51683 - (-x1 + x6**4)**4 - 45.6847*exp(x5**(1/4)) + 91.3693*exp(cos(x4)) + 91.3693*cos(0.157131*x3) + 45.6847*cos(x4) - 754.122))*cos(10.0779*sin(675.798/(-28.6171*sqrt(x3) - x4 - 1009.93/(-8.95707*sqrt(-sin(exp(x5**(1/4)) + 43.7473) + cos(x4**x4)) - cos(x5**2)))))',,71593472,9,18,384,7,512,paper,6,0,1934392872,8.810425758361816,,40.97751479289941
600.0020734840073,'x4 - 2*sin(0.280576*x5) + sin(0.323131*x5) + sin(0.325894*x5) + cos(x1 + 26.849235534668*x5/x1) + cos(exp(x6)) + 2*cos(log(0.150707244873047/(x3**4*x4**2))) + cos(log(x5/x3**4)) + cos(log(1/(x3**(7/2)*x4**2))) + 2*cos(log(sqrt(x0 + x3)/(x3**4*x4**2))) + cos(log(0.156887/(x3**2*x4**4*(0.491637*x1 - sin(x1))**4))) + 10.1579',8.06031767780396,70344192,9,19,384,7,512,paper,6,0,2148995112,8.060302734375,4.337844717208542,35.17100591715976
600.0005995370448,'x6 - 3*sin(x1) + sin(0.793349*x5*exp(-sin(sqrt(log(x0 + x3 - x5) + 43.2396) + 0.231492))) + 2*sin(0.793349*x5*exp(-sin(sqrt(log(x3 - x5 - 45.1563) + 43.2396) + 0.231492))) + sin(x5/log(sqrt(x0 + 33.0122))) + sin(31.8859*x1**2 - sin(x1) + sin(15.7203941345215*(-x4 + x5)/x0) - sin(sin(x1))) + 3*sin(log(sqrt(x3))**2) - cos(x0) + 21.7533',8.176581941088283,81387520,9,20,384,7,512,paper,6,0,1592565386,8.17676830291748,4.600781535011861,57.465917159763315
600.0031100751366,'43.128721195743/(log(x1)*log(log(10.3180322479329/(log(x1)*log(log(20.3176803588867/(log(log(sqrt(x3)))*log(log(0.0384523*x3))*log(log(x3/x4))*log(log(sqrt(x3)/(sqrt(x4)*x6*log(log(x1)))))*sin(x3**(1/4)))))*log(log(20.3176803588867/(log(log(x3/sqrt(x1)))*log(log(x3/x4))*log(log(x3/x5))*log(log(18.4176788330078/(log(log(x1))**2*sin(exp(cos((x5 + 44.9009)**2)))*cos(cos(x5))**2)))*sin(sqrt(x5)))))*sin(log(x3))))))',7.646614752712499,88091648,9,21,384,7,512,paper,6,0,784044718,7.651830196380615,16.486186681532022,67.99668639053255
600.0013191460166,'x6 + sin(sqrt(x0)) + 2*sin(2*x1) + sqrt(sin(x6)) + sin(sqrt(x0) + sqrt(x4)) + sin(x0 + sqrt(x4)) - sin(31.7944*x5 + 43.1644) - sin(31.7944*x5 - cos(cos(x5**2))) - sin(31.7944*x5 - cos(cos(exp(x4)))) + sin(x5**2 + x5) - sin(sin(0.377848*x5 - cos(cos(x5**2))) - sin(log(x3**2))) + sin(x1 + sin(x5*(sqrt(x0) + 35.7408)) - 34.556) + 6*sin(log(x3**2)) + 21.5164',6.7312111121253375,74236928,9,23,384,7,512,paper,6,0,3356806661,6.690152645111084,8.47990375197026,61.70863905325443
600.0022277340759,'0.0635403*((x0/(-0.0653713*x0 + 21.9917*cos(0.107483*x1 - 0.107483*x5) + 30.352) + 0.0329468*(0.039086*x0 - 69.7802295684814)**2 - 73.4998149871826 + 0.00113733*x5/(sqrt(x3)*((-x4*log(x4) - 43.9551124572754)**2)**sin(15.5719*x0/((-sqrt(25.8810806274414 - (-x0 + x0/log(cos(cos(0.107483*x5 - 2.36373) - 25.7912)) + (34.4797210693359 - x4)**2*cos(0.469632*x4))/(-0.0408269*x1**2/x6**4 + 37.1765)) - 26.4619235992432)**2)**0.700797 + 0.0329468*(0.0387729*x0 - 47.2625522613525)**2 - 30.3519897460938)))**2)**0.700797',8.857001137898669,81897472,9,22,384,7,512,paper,6,0,3980425317,8.85692310333252,9.972881797992166,37.42946745562131
600.0005160849541,'(log(cos(cos(0.251076*x5 + 0.251076*sin(x1**2)))/x0) + log((x1**2*x3)**cos(log(sqrt(Abs(x1)**(2*x1)/log(0.150471*sqrt(x3)))))) + 43.1898)*cos(cos((log(x3**2/(x0**x1*exp(x4))**cos(log(sqrt((x1*x3)**x1/(5.85326895386579*sqrt(1/x1) + cos(x4/cos(cos(cos(sqrt(sin(x4) + 2.49814)))**2))))))) + log((x0**x1*(x5/log(log(x1)))**x1/(sin(x1/x5 + x5) + cos(5.05218/x0)))**cos((x5 + cos(x1/cos(log(x3**x1))))/log(x5 + cos(15.5369*x0)))) + 44.1665)/x0))',7.1989577061133145,85760000,9,24,384,7,512,paper,6,0,2765379632,7.199001312255859,3.2179698158246954,48.59005917159763
600.002981333062,'2*x6 - x6*exp(-(sin(x6) + sin(sin(x1 + sin(0.0337435*x0) - 9.41922)))**2.4248) + sin(0.0279719*x0) - sin(x1) + sin(log(x3**4) - 3.47099) - sin(log(x3**4)) - sin(sin(sin(x0))) - cos(1905.82**exp(2*sin(x5))) - cos(x0) - 3*cos(30.4511*cos(log(x5))) + 23.8823013305664 - exp(-(0.697421 - sin(x1 - sin(x1)))**exp(x6))*sqrt(log(x3**4))',9.550289706226076,79176192,9,25,384,7,512,paper,6,0,1728356533,8.076204299926758,8.096170853595392,45.5971597633136
600.003454816062,'(0.0713511*exp(0.0604473*x5 - 1.48326e-16*exp(x1**2 + 0.218138*x6**4 + cos(x0) + cos(x5 + x6**2) + cos(43.9990768432617/cos(x5 - 5.29599)) + cos(0.460747/cos(x5 + x6))))/x0**0.0604473 + 1.31289*exp(0.0511565*x6**2 + 0.0511565*exp(0.000516551*x5**2) + 0.0511565*exp(exp(cos((x5 - 42.1491)**2))) - 0.0511565*exp(4*cos(log(x0**2) + cos(x1))**2) - 0.00888803/cos(x0 + x5)) + 0.883463*exp(3.73962*exp(-0.0468972*x1)))*cos(sin(0.763612*exp(x1**2)))',70.40764375107807,71162880,9,26,384,7,512,paper,6,0,3533734220,8.051816940307617,56.45194491201966,53.533017751479285
600.002875079168,'-x1 + x5**(1/4) + x6 + log(sqrt(x5)) - cos(sqrt(x0)) - cos(x0) + cos(x3**(1/4)) - 2*cos(11164.9*x5 + log(x3)) - 2*cos(0.00221928*x5**2 - 36.67) - cos(exp(x1) + 42.5939979553223) - cos(-x1 + (-x1 + log(x3))**2 + cos(exp(log(x1)**2) - cos(sqrt(x5) - 25.5871*x5))) - cos(-x1 + log(x3**(1/4))**4 + cos(sin(x6) - cos(-x1 + 26.3994*x5 + cos(sin(x0 + 19.0617))))) - cos(exp(2*x1)) + cos(log(x3)) + 22.1573305130005',20.455021112498944,81504768,9,28,384,7,512,paper,6,0,1904449481,7.466075897216797,13.733060730072328,39.72082840236687
600.0007748410571,'log((exp(exp(cos(log(x0*exp(cos(log((28.4824*exp(exp(cos(log(x3**3) + log(x3**2*log(log(x0))))))*exp(cos(45.9247*log(x5))))**(sqrt(exp(cos(log(23.1473*x0**2))))))))) + log((-x0 + x3)**2)))) - 1.15003)*(45.9247*x0*x5*cos(45.9247*x3 - 45.9247*exp(x1)) + 34065.7*x5*exp(cos(log(x3**2)*log(x5))) + (77.5952*exp(cos(log(5.89092e+10*20.8064**(sqrt(x5))) + 3.21081))*exp(cos(log(2.69998*x0*x3))))**log(x5*log(x4**(3/2)*exp(cos(2.48289*log(x3**2)))))))',7.095338879163461,82384896,9,27,384,7,512,paper,6,0,2342600226,7.095969200134277,21.743908202930076,129.35147928994084
600.0014394838363,'x4 + x6 + log(x6)**x4 + 8.36912536621094/((x4 + x6 + 5.96632 + 165173615.064377/(x3**2*(-cos(sqrt(x0)) - 4.27127838134766)))*sin(x1 + 8.88404)**2) + 5.50745010375977/(0.578718 - 0.00380966*(-7.43517e-29*x3**8 - sin(log(x6)))*(x4 + (-sin(x0) + cos(log(x4**4)))**4 + sin(x5**0.559418)**16 + 5.15853 + 7.75804138183594/(-(log(x6)**x4)**(cos(x4**(log(x6)**x4))**2) - 6.13149*sin(sin(x5**cos(sin(x6))) - 31.7909)**2))**16/(x4**2*x5**8))',12.451923274782702,64625664,9,29,384,7,512,paper,6,0,1934709049,11.679065704345703,22.382523764408425,50.51928994082839
600.0014584718738,'-0.00445845*x3 + x5 - exp(sqrt(log(x3))) - cos(sqrt(x0)) - cos(x1) - cos(0.00193711*x3) - 22.7208',9.740829594649137,178654208,9,0,384,7,1024,paper,4,0,3324115916,9.740827560424805,9.409978904243962,44.4359693877551
600.0008581469301,'x5/sqrt(log(x1)) + x6 + 3*cos(x3/(x1*x5)) - 38.9057',11.51627496342112,193061888,9,1,384,7,1024,paper,4,0,2811363264,11.516279220581056,29.17265000818961,43.733112244897946
600.0017755299341,'35.6684*(x5 - 41.4784)*log(log(x0 - x1**2))/(x0/sqrt(x1) - cos(41.4784*log(x5)) + 17.1485*cos(sin(x1)))',10.507940327671236,183213056,9,2,384,7,1024,paper,4,0,1884968544,10.507942199707031,7.573297117760913,65.46061224489797
600.0008635008708,'x5**2.54289/(-x0 + 0.000614627*x0**exp(cos(1.9245*x3**(1/4))) + x3 - 0.000614627*x6**2*(exp(x4/2) - 40.3361))',8.115853141249803,195221504,9,4,384,7,1024,paper,4,0,3687649985,8.115835189819336,5.475869790682869,47.259591836734685
600.0000242069364,'(sin(sin(sin(sin(sin(sin(cos(x5/sqrt(log((-x3 + x4**2)**4))))))))) - 22.5884704589844/log(x0))**2 + 14250.0841210483/x3',8.422886906289197,157175808,9,3,384,7,1024,paper,4,0,1859786275,8.422892570495605,9.546056933819127,95.62836734693876
600.0011717551388,'-(sqrt(x5) + x6)*sin(log(exp(cos(sqrt(log(x3))))**43.0305)) + log(cos(0.0539959*x5)**2)**2 + sin(0.413432*x5) + 20.6308',8.702636134857642,178066432,9,5,384,7,1024,paper,4,0,369133708,8.702628135681152,11.072280212135555,41.03678571428571
600.0007960789371,'x1 + x5 - sqrt(x3 + x4/cos(x6)) + exp(sin(x1)**2) + exp(sin(x5)**2) + exp(sin(exp(2*sqrt(x5)))**2) - 9.03592',10.53771385485374,168586240,9,6,384,7,1024,paper,4,0,2995172877,9.752915382385254,6.242008642008792,60.70882653061225
600.0013125760015,'x5/((sqrt(x0) + cos(x5/67.522**(0.998099/x1)))*cos(exp(x1*(x4 + 42.2888259887695/x4)/x3))**2)',9.072503119404365,183583744,9,7,384,7,1024,paper,4,0,865305066,9.072509765625,7.578840592755403,50.27836734693877
600.0031529420521,'-x1 + x5/log(sqrt(x0)) + sin(log(x5**2)**2) + cos(0.297528*x5) + 3*cos(log(x3))',10.748911087220156,189442048,9,8,384,7,1024,paper,4,0,404488628,10.748907089233398,17.833406118259315,102.83325443786981
600.0018942349125,'-x1 + x5/sqrt(log(x3)) + x5/log(sqrt(x0)) + sin(x1)**2 - cos(sqrt(x0)) - cos(x0) - 28.8247630596161',10.881598932963875,195564544,9,9,384,7,1024,paper,4,0,2261209995,10.881599426269531,10.20678105063282,57.220828402366855
600.0006357219536,'log((log(exp(x5*sqrt((2*x3)**cos(log(x5)))))**(sqrt(x5)))**(sqrt(x1**cos(log(x3 - 16.632*x4 + x5/x6)))))',8.269645404482276,189044736,9,10,384,7,1024,paper,4,0,4190266092,8.269647598266602,16.229376950352847,81.26520710059171
600.0026620568242,'-0.544012*x1/cos(sin(0.0215593*x1 - 0.0215593*x5**2)) + x5**4/(-x0 + x3 - x4**2 + x4 - x5 - 9.52828)**2 + 20.501',9.035339888029291,166461440,9,11,384,7,1024,paper,4,0,3160032368,9.035417556762695,6.387794606029987,37.648639053254435
600.0013954900205,'2.46115052922014*sqrt(sqrt(exp(-sin(x5/log((x3 + x5)*sin(19.4095458984375/x4)))))*sqrt(exp(sin(log(sqrt(x3 - 46.2471))**2))))*sqrt(Abs(x5))',8.847393781425977,192563200,9,12,384,7,1024,paper,4,0,3269070126,8.847394943237305,3.4730604949737907,61.78745562130178
600.0026354920119,'log(x0) + log(x0)/(0.0258506*log(x3)**2 + sin((-1.80287*sqrt(x5) - 0.0486631*x5)**2)) + 26.7635*x5/x0',9.821175368239585,182771712,9,13,384,7,1024,paper,4,0,3081541439,9.82120132446289,32.67990772567673,39.60248520710059
600.0018831570633,'1076.67*x5*cos(sqrt(sqrt(cos(cos(2*x5))*cos(cos(sqrt(x5*cos(cos(4.91406*sqrt(x5)))))))*sin(sqrt(x5))))/x3',8.034631275717878,188634112,9,14,384,7,1024,paper,4,0,3376120482,8.034673690795898,8.183792815385122,52.635621301775146
600.0008428189903,'-x4**sin(sqrt(x5)) - 2980.12295285043*(-21.9436 + 43.2935256958008/x4)/(x3 - x4) + log(cos(log(x1**(x1/2)))**2) + 9.51921',8.572784900418643,184314880,9,15,384,7,1024,paper,4,0,2204291346,8.572786331176758,17.758516525077862,65.60082840236686
600.0017627889756,'-sqrt(x0) - x1 + 0.000205258352644205*exp(0.13369*x5) + exp(sin(x1)**2) - cos(sqrt(x0)) - cos(x0) + 34.2931',11.395256727229643,177707008,9,16,384,7,1024,paper,4,0,550243861,11.395254135131836,8.126676502046628,59.17313609467456
600.0019203419797,'-x5/cos(log(log((x0*(log(x0)**2 - 45.6691) + 45.8466)**2))) - 16.7818*log(x3) - log(x5**19.3975) + 159.572212219238',9.476356798508696,185934848,9,17,384,7,1024,paper,4,0,3606691181,9.47630500793457,9.836075994542618,53.85514792899409
600.0026559520047,'0.0217239525587407*x3*exp(-0.0290906*x5*(x5**2 - 38.2298)/(x3 + 46.0321)) + x5 - sqrt(x3 + 3.09428*x4/cos(x6) + 46.0321)',8.330335944569672,192352256,9,18,384,7,1024,paper,4,0,1934392872,8.330336570739746,4.3102918997237,40.97751479289941
600.0026633290108,'0.22075*x4 + 0.22075*x5*exp(sin(sin(33.2652435302734/x3**(1/8)))) + sqrt(x6) + exp(exp(cos(0.146413275351733*x5)))',8.965735362617414,190218240,9,19,384,7,1024,paper,4,0,2148995112,8.965730667114258,3.333114973744265,35.17100591715976
600.0010300141294,'x5/log(x3**(1/4)) + log(2149.44/x0**8) + cos(x3/(x1*x5)) + cos(log(x5)**5.03811) + 18.3216',9.87283851837194,168739840,9,20,384,7,1024,paper,4,0,1592565386,9.878093719482422,3.6801502308917176,57.465917159763315
600.0023962659761,'x5 + exp(cos(sqrt(x1) - exp(0.0382413*x5))) - 74.4906 - 0.0403387*(x5**2/sin(sin(sin(x1)))**2 - 1.43289e+6)/x3',7.659541806417149,187689984,9,21,384,7,1024,paper,4,0,784044718,7.65951681137085,16.135438028285645,67.99668639053255
600.0016088660341,'x6**2 - sqrt((x0 + x3 - x4**2)/(-0.200514*sqrt(x3)*exp(x6/4) + x5 - 46.3880882263184)) + sin(exp(sqrt(x1))) + 35.6608',13.34222412126067,176279552,9,22,384,7,1024,paper,4,0,3980425317,13.342222213745115,6.611216806239145,37.42946745562131
600.0030697130132,'-x5/(x5*sin(22.206*x5)**2/(10.4470138549805 - sqrt(x6)) - cos(x0) - 16.2234573364258) + 26.0945*x5/(x0 + 18.2302) + 4.94268035888672',9.93917506337161,193619968,9,23,384,7,1024,paper,4,0,3356806661,9.941020965576172,12.143745630139588,61.70863905325443
600.0033680160996,'14.0408744812012*sin(exp(x1**2))/cos(cos(x4)) + cos((log(x5) + 13.5088)**2) + 10.3805 + (x5 - 32.4222)**2/x0',262.65197386202107,172008448,9,24,384,7,1024,paper,4,0,2765379632,8.732619285583496,188.15590479239265,48.59005917159763
600.0000889648218,'log(sqrt((exp(exp(sin(sin(log((-x3 - 39.9856948852539)**2))))) + sin(log(exp(2*sin(sin(log((-x3 + x4**2)**2)))))) + 2.23274)**(x5 - 45.6343)))',8.52049001100236,173185024,9,25,384,7,1024,paper,4,0,1728356533,8.52048397064209,9.478845805115727,45.5971597633136
600.0014935431536,'log((x5**6*(-0.0229212*x4*(x3 + x5) + exp(sqrt(x5)))/(x0*x3*(x3 + x5)**2))**log(x5))',10.283458545397115,166142976,9,26,384,7,1024,paper,4,0,3533734220,10.283458709716797,5.374175481432876,53.533017751479285
600.0028610229492,'3862.45161330219*x5**2*log(0.0135088717250818*x5*log(x3)**2)**2/log(x0 + x3 + 44.6002)**8',8.280739078208827,170911744,9,27,384,7,1024,paper,4,0,2342600226,8.280742645263672,17.8086631565405,129.35147928994084
600.00071798102,'-sqrt(x3) + x5 + log(x1)**2 + sin(x1) + sin(sqrt(-sqrt(x3) + x5 + cos(x4))) + sin(sqrt(log(Abs(x4)**(2*cos(x5)))**2))',9.891284074248093,185323520,9,28,384,7,1024,paper,4,0,1904449481,9.89127254486084,4.9626717437845596,39.72082840236687
600.0007118301,'sqrt(x4)*sqrt(x5*log(x0 - 67.6264)*cos(cos(x5))/x0) + x5*(-0.335936*x5 + 0.335936*sin(exp(x1)))**2/x3',7.7138434836561744,184090624,9,29,384,7,1024,paper,4,0,1934709049,7.713866233825684,,50.51928994082839
600.0033725029789,'-sqrt(x0 - log(x0)**2) - sin(exp(x1)) - 2*sin(log(x3**4)) - cos(sqrt(x0)) - cos(x0) - cos(0.354296*x5*exp(-cos(cos(0.354296*x5 + 15.016))**33.5468)) - cos(0.354296*x5 - 0.588508) - cos(0.354296*x5 - 14.2734637543376/x4) - cos(0.354296*x5 + 0.354296*sin(sqrt(x0))) - cos(33.8968**log(x1) - x1 + log(x0) + log(x5)**2 + cos(sqrt(x0) + x1 + 6.59567642211914) + cos(cos(5.63208*x5)) + 6.2403507232666) - cos(sqrt(x0**(sqrt(cos(43.5179901123047/log(x3)))))) - cos(log(x4**2*x6**2)) + 36.5995483398438',7.098059530239236,131054592,9,0,384,7,1024,paper,6,0,3324115916,7.097932815551758,5.853799324110764,44.4359693877551
600.0033151460811,'sqrt((5.76814*x4*sin(exp(cos(sin(13.9625*x5)**8))) + x5)*sin(exp(x6))*sin(exp(cos(sin(log(21.1018*x5**2)**2))))*cos(exp(2*sin(x1)))**2/(cos(sin((x6 - sin(sqrt(x5)) - 3.72065)**2))*cos(sin(log(1491.33*x5)**2))) + (-x5*sin(1677.76/(x3 + 3*exp(x6))) + 41.2912*sin(sin(1699.49/x3)))**2 + exp(exp(sin(log(405.811*x5)**2)))/x4**cos(exp(cos(x0 + 34.4466)) - 4.92045))',5.698019335881195,114028544,9,1,384,7,1024,paper,6,0,2811363264,5.698136806488037,4.0967170474815715,43.733112244897946
600.0021733068861,'(log((log(x5**2 + 2*exp(exp(sqrt(x5))**(1/4))) + cos(-sqrt(x0) + x1 + log(-sqrt(x0) - x4**(x6/2) + (-exp(x1/2) + sin(x0))**2 + sqrt(exp(exp(sqrt(x5))**(1/4))) + 1.11731719970703)))**2 + log(x4)**log(x6**log(x5**(0.0418664*x4))) + log((sin(x3**(1/4)) - 0.858102)**4) + 28.0624) + cos(log((sqrt(x3) - x5**2)**2) + cos(log((6.44233*sin(log(x5)**2) + cos(x5 + 27.2569389343262))**2 + sqrt(exp(sqrt(x5))) + log((sin(x3**(1/4)) - cos(x1 - 23.276))**8)) + cos(x1 - 23.276))))**2',8.279469345128538,108878848,9,2,384,7,1024,paper,6,0,1884968544,8.279175758361816,7.751460877535844,65.46061224489797
600.0039473611396,'sqrt(x5*log(exp(log(exp(x5*log(x5*log(exp(0.00643628*x0*sqrt(1/x0)*exp(0.000775258*x5**2))*log(x1**8/x5**2)**2))/log(x3**2))*exp(exp(sin(x5*log(16.9358*log(16.9357948303223*exp(0.00149796*x0*sqrt(x4/x0)*exp(0.000775258*x5**2))*exp(-sin(x5))))/log(x3**2)))))**2/x0)*exp(log((x6 - sin(29.7623920440674/x4))*(x6**2 + sin(x5))*exp(exp(exp(sin(exp(exp(sin(x5)**4)))**2)))*exp(exp(sin(0.0366668*x3*cos(x3**2/x5**2)))))**2/x0)))',7.002158022855059,95164416,9,3,384,7,1024,paper,6,0,1859786275,7.002012252807617,9.806499994289648,95.62836734693876
600.0032885328401,'-0.0256565*x0 - x5/((-x1 + cos(-sqrt(x0) - 2*x1 + sin(sin(x3)) + cos(x4/2) + 4.43218))*log(sqrt(x3))) + x6 - sin(exp(x1)) - sin(cos(x0)) - cos(5.93681*x5) - cos(0.166078*x5 + 3.14698e+7) - cos(sqrt(x0) + cos(5.93681*x5) - 3.14697e+7) - cos(cos(0.26354*x5 - log(x3**6/x1**4)) - 31469742.8898926 + 0.0454911*x5/x1) - cos(0.0847588*x5 - log(x3**6/x1**4) + cos(log(x0**2) - cos(x1 + 30.4422245025635)) - 38.4143) + 23.4817',13.202029009384717,127493120,9,4,384,7,1024,paper,6,0,3687649985,6.699488639831543,6.827578512333955,47.259591836734685
600.0024423908908,'-2*x1 + 2*exp(x1*cos(log(x3))) + sin(sqrt(x0) - x1 + exp(-sin(x1 - sin(1.0539*x0 + x6 + sin(x6) - 18.1125)))) + sin(-4*x1 + 7*x6 + sin(sqrt(x0)) + sin(sqrt(x0) - x1 + 5.92888*x5 + sin(sin(sqrt(x0))) - 1835.06) + sin(sin(sin(x6))) + 39.5227) + 28.6532 + exp(-sin(37.4059*x5 + 28.6532)) + exp(-sin(37.4059*x5 + 3.43009)) + exp(-sin(5.86913*x5 - 5.86913))',7.771348096954449,149979136,9,5,384,7,1024,paper,6,0,369133708,7.771270751953125,9.464220275524609,41.03678571428571
600.0029552041087,'2*cos(25.2134246826172/x1) + 3*cos(x3**(1/4)) + 2*cos(x5/x3**(1/4)) + cos((x1 + x5)/x3**(1/4)) + cos((x5 + cos(x4))/x3**(1/4)) + cos(x5/sqrt(log(sqrt(x0) + x0))) + cos(1.11785*x1 - cos(sqrt(x0))) + cos(0.446264*sqrt(x4) + 0.446264*x5) + cos(0.371171*x5 - 5.07534) + cos(x1/sin(x1) + cos(x6**2)) + cos(x1/sin(x1) + cos(x5**2) + cos(x6)**2 + cos(sqrt(x0 + 23.2082))) + 23.1913',6.708024483158364,139144192,9,6,384,7,1024,paper,6,0,2995172877,6.707991600036621,6.4629027300897,60.70882653061225
600.0009675619658,'sqrt(x5) + cos(25.4417*x5) + cos(26.1479*x5) + 2*cos(38.1677*x5) + cos(sqrt(x0) - 9.00488) + cos(sqrt(x5) + x6) + cos(sqrt(x5) + exp(2*x1)) + cos(31.3093*x5 - exp(x1)) + cos(exp(x1) + 818.675) + cos(log(x3) + cos(x0)) + cos(x1 + exp(cos(log(x3))) + cos(x1*x5)) + cos(x1 + sqrt(x5) + cos(sqrt(x0) + 31.3093*x5) + 30.1204) + cos(log(x0**(3/2))) + 6*cos(log(x3)) + 15.2806',7.512184275880386,142435328,9,7,384,7,1024,paper,6,0,865305066,7.16182279586792,5.62558380279984,50.27836734693877
600.0043998979963,'x6 - exp(cos(exp(4*cos(log(x3))))) - exp(cos(27.7042*log(x5))) - sin(x5) + sin(x1 + exp(cos(11.7468*x1)) - cos(sqrt(x0)) + cos(exp(-4*sin(27.4927*log(x5)))) + cos(log(x3)) - 42.7582) + sin(-sqrt(x0) + exp(sin(sin(sin(x3)))) + exp(cos(x1)) + cos(33.7187*x1) - cos(sqrt(x5)) + cos((x1 - 28.3571)**2) + 40.9098052978516) - sin(19.5801*log(x5)) + 2*sin(27.4927*log(x5)) - cos(sqrt(x0)) - cos(x0) - 2*cos(33.7187*x1) - 2*cos(exp(2*x1)) + 24.5722351074219',11.415931166877495,118158336,9,8,384,7,1024,paper,6,0,404488628,7.458769798278809,26.329487325643473,102.83325443786981
600.0016203960404,'-0.197572*(x1 - 1.64978*sin((x1 - 36.8038)*sin(log(x5) + sin(44.5913*x1 - 2848.93) + 12.4417)) + sin((x1 + exp(sin(x6**2 + log(x3/x5))**2) - 40.7711)*sin(-log(x5) + sin(0.563125*x1 - 20.7432) + 0.0455524)))**2 + log(x4) - 2*sin(x1) - sin(sqrt(x0 + sin(x5)) + 1.87042) - sin(x1 + sqrt(x0 + x1 + sin(x5)) - 33.6109) - sin(2*x1 + sqrt(x0 + 14.5717) + 2*log(x4)) - sin(sin(x0 + 26.4746)) + 27.4743499755859',9.182352503015842,134798336,9,10,384,7,1024,paper,6,0,4190266092,9.172412872314451,17.61151610114242,81.26520710059171
600.0033417069353,'(-4.16074397990415*sqrt(1/cos((exp(exp(x6**(exp(6.43578*cos(x1)/sqrt(x1))**sin(17.3118*cos(sin(x5))/sin(x1))/2))**(x4**(cos(x0)/2)/4))**(1/(2*(6.44122**(2*sin((43.4169616699219 - (x1**cos(x0))**(x6**2))/sqrt(x0 + 2.03959))**2)*(sqrt((36.9874496459961 - 37.2255**cos(x0*x6**(3/2)))/x4) + log(x6**4) - 0.268542)**2/(sin(x0)**2*cos(22.3655*sin(x0**(1/4)))**2))**sin(4.82996*sin(sqrt(x5))))))**(-2.53796))) + sin((36.9103 - x4**(cos(sqrt(x0 + 29.2452))/2))/sqrt(x0)))*(sin(sin(x1)) - 5.1667)',6.877972418860779,133828608,9,9,384,7,1024,paper,6,0,2261209995,6.868793487548828,9.295927010599163,57.220828402366855
600.002836856991,'x6**2 + 3*cos(26.4463443756104/x1) + cos(x6) + cos(sqrt(x0) + x1) + cos(x1 + 2*x6**2) + 2*cos(37.3464*x5 - 46.5695) + cos(37.3464*x5 + 29.0788) + cos(log(sqrt(x3))**2 + 36.0793) + cos(sqrt(x0) + cos(24.8624*x5) + 48.0492) + cos(x1 + 2*x6**2 + cos(x0 + x6)) + cos(6.10252*x5 + x6 + cos(x5)**2) + cos(cos(sqrt(x0)) + cos(x0) + 1.78703) + cos(cos(x0) + cos(0.345479*x5) + 21.3346) + 20.8586',7.736763541020437,132293632,9,11,384,7,1024,paper,6,0,3160032368,7.736286163330078,7.037444110276629,37.648639053254435
600.0016865520738,'log(5.91917e+9*sqrt(x5)*exp(-cos(x0) - cos(10.269*x1) - cos(4.76552e+6*x1) - cos(x6) - cos((sqrt(x3) + 45.0029)/x1) - cos((sqrt(x3) - x5)/x1) - cos(42.9240341186523/(x1*cos(cos(log(x0) + 35.7972)))) - 2*cos(0.367336*x5 - 0.367336*log(x0)) - cos(0.367336*x5 - 0.367336*log(27.0733*x6**2)) - 2*cos(exp(2*x1)) - 3*cos(log(x0))) + 333676.0) - cos((-x5 + sqrt(x0 + x3) + 46.1632)/x1)',16.926155344577143,141945856,9,14,384,7,1024,paper,6,0,3376120482,7.098688125610352,16.713277907363192,52.635621301775146
600.0034333518706,'(-sqrt(x0) - (sqrt(exp((x3 - x5)**(1/4)))/(cos(x1) + cos(6.23442e-5*exp(x3**(1/4))**(x4**(1/16))*sin((-exp(x3**(1/4)) + sin(x6))**2 - exp(x1/2)))))**(1/4) + 35.7006)/cos(sin(sqrt((35.7006 - sqrt(x0))/cos(sin(log((cos(sin(log(((-sqrt(x0) + x5 + sqrt((sqrt(x0) - 3.46404266357422)**2/cos(sin(log(x0**1.87196)))) - exp(exp(cos(x5))/2) + 35.3559322357178)**2)**1.89173)))**2)**(sqrt(log(-x0 + x3))))))) - 39.0108795166016)/(24.9665145874023 - x4)**(1/16))',,134308864,9,13,384,7,1024,paper,6,0,3081541439,7.323431015014648,8.65597705299069,39.60248520710059
600.0005970490165,'x4*((x6 - sqrt((x6**8 - sqrt(sin(sqrt(x1))**(sqrt(sin(sqrt(x5)))/2)))**(log(0.156533*sqrt(x4*sqrt(x6**2 - sqrt(sin(0.159651*sqrt(x4*sqrt(-2.87622**x6 + x0 - (x4 + x5)*sqrt((exp(cos(sqrt(x1))**4) - sqrt(sin(sqrt(x5))))**2))))**(0.0183144*x4*((-0.00106948*sqrt(x0**3.74819) + sqrt(x6**2 - sqrt(sin(sqrt(x5))**(sqrt(sin(sqrt(x1)))/2)))/sqrt(x4*sqrt((-sqrt(sin(x1**(1/4))) + cos(x5**4))**2)))**2)**(1/4)*exp(2*x6))))))/2)))**2)**(1/4) + sqrt(x5)',17.32552785048627,109984768,9,12,384,7,1024,paper,6,0,3269070126,16.108739852905273,8.672746701455251,61.78745562130178
600.0042338629719,'(-log(log(sqrt(x3))) - sin(x5**0.82106) - 2*sin(x5**0.852243) - sin(x5) - sin(x5**(-sin(x5 - cos(x0)))) - 2*sin(x5**sin(cos(sin(cos(sin(x1))**2)))) + 2*sin(2.73784*log(x3)) + sin(3.55573*log(x3 - 44.5164)) - sin(41.0649032592773/cos(x5)) - cos(x0) - cos(sqrt(x5)) + 30.6508255004883)/sqrt(log(x1) + sin(x5**sin(log(log(log(x4)) + sin(sin(sin(sin(sin(sin(sin(x4)**2))))))) - 11.171558380127/x1) + log(x0) - 11.1716))',5.957045870800673,126558208,9,15,384,7,1024,paper,6,0,2204291346,5.956913948059082,25.576250697962692,65.60082840236686
600.0025560511276,'(-2.94987**((-x1 + x5)*exp(-x1)/log(x1)**(x1**2/2)) + x5 - 41.6421)**cos(sin(cos(sqrt(x0/((-sin(23.7728**cos(x5 + 11.7376)) - cos(0.320612*x4) + 35.1045227050781)**cos(cos(sin(cos(0.219784*sqrt(x0) - 10.7727) + 0.895098) - 0.190549) - 0.314716) - sin(((-sin(0.0383429*x3) - sin(x4**(3/2)) + sin(11.7376*x5) + 35.1045227050781)**0.975257 - sin(4.54991**x6) + sin(1.26408*x3) - sin(15.9262*x3) - sin(x1**2*x3))**cos(cos(sin(sqrt(x5) - 43.2) - 524844.0))))) + 20.7017) + 0.907597) - 0.314716)',10.19389526956379,139644928,9,16,384,7,1024,paper,6,0,550243861,7.319317817687988,11.969225934715174,59.17313609467456
600.0001001479104,'exp(sqrt(x6)) - log(2.14177e-13*x6*(1.33726e+8*x5*exp(-exp(x1) - sin(sin(x5) + 325.028)) + exp(x1) - log(x5) - log(x1 + x5) + log(exp(x1 + sin(0.45226*exp(x1) + cos(sqrt(x0)))) + exp(x1 + cos(x0)) - 36.1207) + sin(x0) - 47.0898)) - log((exp(x1 + sin(0.368213*x5 + log(cos(sin(x5)))**2)) + 173777921351488.0*exp(-exp(x1) - sin(x5) - cos(cos(x4))) + cos(sqrt(x0)) - 18.0604)*exp(sin(sin(sqrt(x5)))) + log(cos(sin(x5))) - 0.999798)',11.363015981285477,138733568,9,17,384,7,1024,paper,6,0,3606691181,11.362890243530272,13.989225488540521,53.85514792899409
600.005539824022,'x4**(1/4)*log(505.896 - (x1 + log((x1 + x5*sin(x1) + (x1 + log(537.687*x5**2*(28.497*x3**exp(sin(exp(2*sqrt(x1)))) + exp(2*x6**2))**2))**2 - 407.488)**2))**2) + ((sqrt(x5) + (exp(exp(sin(x5 + x6))) + log(2.58367e+14*exp(2*x4)*sin(0.806656*x5)**2*cos(x4**2)**8)*sin(exp(2*sin(-4*x1**2 + x1 + sqrt(x5) + (x1 + 528.894)**2 + log(x3)))))*exp(-sin(sqrt(x5))))*sin(exp(2*sin(sin(sqrt(x5))))) + exp(x6))/log(x0) + 16.5927',9.54883661626812,101116928,9,18,384,7,1024,paper,6,0,1934392872,9.715359687805176,4.221126042137754,40.97751479289941
600.0042135231197,'log(log(sin(log(sin(log(cos(13.6837615966797*exp(-sin(x1**(-1.44901))))**(-7.9268)))**(-7.9268)))**(cos(x1/cos(exp(sin(x6)))) - 2.30159))) + sin(log(156.06**(sqrt(x5)))) + 2*sin(log(x3**2)) + sin(log(x5**(sqrt(x5)))) + 2*sin(log(((cos(log(x5**(-13.6838))) - 2.30159)/cos(sqrt(x5)))**(-13.6838))) + sin(log((cos(sqrt(log(x0)))/cos(sqrt(x5)))**8.01555)) + sin(sin(log((x5/x0)**(-7.25324)))) + cos(log(x3**2)/sqrt(x1)) - 14.5742797851563/cos(sqrt(log(x0)))',7.8167316720894,134981632,9,19,384,7,1024,paper,6,0,2148995112,7.814644813537598,5.192515671275316,35.17100591715976
600.0043188370764,'x6 + sqrt(x1*(x5/sin(37.8229*x5 + 404.131)**2 - 38.7576789855957/(sin(37.8229*x5 + 1368.46)**2 + cos(x1)/x1))/(x5*sin(37.8229*log(log(x5)))**2) + (26.1214752197266 - x4)/x6**6) + x5/x1 + (x1*x4 - 31.4509)/(x0*sin(36.1806*x5 + 36.1806*x5/sin(37.8229*x5 + 1368.46)**2 + 36.1806*sin(37.8229*x5 + 1368.46)**2)**2) + (x5/cos(x1) - 92.4793 + (7*x5/sin(x1 + 1.783)**2 + exp(x1))**2/x0**2)/x0',781.7025441027587,121601024,9,20,384,7,1024,paper,6,0,1592565386,8.952116012573242,732.0400275784341,57.465917159763315
600.0005699228495,'-1.84029*x1**2*cos(0.000690823*x3)**2/log(x5)**2 - log(x4)*cos(0.0236525*x5 - 0.0236525*(x0 - x1**2 + x4 - 84.5576171875)/x1)/cos(23.2962532043457/x1**2) - sin(sin(sin(cos(x0)))) - cos(0.290837/cos(0.000686703*(x5 + 77.8654022216797)**2))**4/cos(cos(0.0239408*sin(x1) + 0.0239408*cos(x1) + 0.0239408*cos(x5 + cos(x1 + exp(2*sin(x5)) - log(x4)) + 20.4357070922852) + 34.1039225846783))**4 + 25.9740413427353 + 0.502945/cos(23.0349426269531/x1**2)',7.11207778843536,108723200,9,21,384,7,1024,paper,6,0,784044718,7.111780166625977,14.299939760230396,67.99668639053255
600.0030475449748,'log(((-1.38377*x1**(1/4)*log(-x1 + x5 - 37.8541)**2 + x5 - 46.403)**x6 - log(0.0255637*x0 - 1.18471))**2*(-x1**2*x6*log(x1*log(x3**(1/4)*(0.0255637*x0 - 1.18471))) - sqrt(x3) + 4*x5 + x6*log(-sqrt(x0) + x5 - 24.1564)**2)**2*(-sqrt(x1)*sqrt(x5)*exp(x6) - x1**2*log(x4*x5**(1/4)*exp(x6)) + 3*x5 - exp(exp(cos(log(-x1 + x5 - 36.3454)**2))) + 4.10802e+6/x0**2)**2)',14.49147617170019,140075008,9,22,384,7,1024,paper,6,0,3980425317,14.491470336914062,9.280263277907844,37.42946745562131
600.0038788749371,'x6**2 + 2*cos(x1 + 8.33235) + 2*cos((x1*sin(x1 + (-x5 + x6**2)/x3) + 34.6978)**2 + 27.0551) + cos((x1*sin(x1 + (-x5 + x6**2)/x3) + 39.9105)**2 - 4.4186) + 2*cos(27.5899*cos(log(x5)) - 16.6647) + cos(33.5132*cos(log(x5)) - 8.43181) + cos(0.800555*x1 + x6**16 + log(x3)) + 20.7684',10.656802939076488,110472192,9,23,384,7,1024,paper,6,0,3356806661,9.692024230957031,17.690773991605365,61.70863905325443
600.0004109139554,'exp((-0.131813*x0*x6 - 0.0428123*x4**2 + x5*sqrt(x6) + (sqrt(exp(x4/2)*cos(log(log(x3) - cos(log(x3) - 35.5234)) - cos(-log(x3) + cos(log(x3 - exp(sqrt(x1)*x6)) - cos(x6)) + cos(-log(log(x3)) + cos(log(x3) - cos(log(x0) - sin(exp(exp(x6))))) + cos(log(x3) - cos(log(x3) - 11.1219*log(((x5 - 12.3705)**8.63305)**(1/4))))))) + exp(x4/2))*((4*x5)**(sqrt(x5)))**(1/4) + exp(x1) - 92.0415)**(1/4) + log(sin(x1)**8) + 11.9902)**(1/4))',8.739553395696895,137672704,9,24,384,7,1024,paper,6,0,2765379632,8.149489402770996,7.558225052939103,48.59005917159763
600.0004447288811,'-x6*sqrt(sin((x5 + 15.0647)**2) + 2.21647)*sin(sin(x1 + 5.58455*sqrt(x5)*x6*exp(-sqrt(x1)*sin(sin(x1**2)))/log(x3) + x6)) + x6 - (-x1 - sin(exp(x1) + 23.9893 + 5.58455*sqrt(x5)/(0.419205**(sqrt(x1 + x6))*x1)) - 2.16407)*sin(sqrt(x5) - log(x3) + sin(sin(sin(sin(sin(sin(sin(sin(sin(sin(sin(sin(sin(sin(sin(sin(sin(sin(sin(sin(sin(sin(sin(sin(sin(exp(sqrt(x1))))))))))))))))))))))))))) + cos(log(x3)) - 44.7666) - sin(x1 + 37.3815*sqrt(x5)/log(x3 - 166.56)) + 23.2658',8.030101626038123,138932224,9,25,384,7,1024,paper,6,0,1728356533,8.029577255249023,6.419552349756542,45.5971597633136
600.0046405550092,'x5/((x1**2*(45.7168 + 44.9546813964844/((x4 + exp(-sin(14.7422*sin(8348.92*x5))))*sin(sin(x1))**2*sin(sin(sin(44.9546813964844/x0)))))*exp(sin(21.2976684570313/x5))/((91.4336 + 44.9546813964844/((x4 - sin(41.4855 - 43.9954452514648/((x4 + exp(-sin(-x0 + x4 + 198.252)))*sin(sin(45.4157791137695/x0))*sin(sin(x1))**2)))*sin(21.2197189331055/x5)*sin(sin(exp(cos(log(0.262064*x3)))))))*sin(sin(sin(sin(x1))))) + 14.483)**2*sin(sin(sin(exp(sqrt(x1)))))) + exp(0.31068*sqrt(x5)) + x5*exp(-sin(sin(x1**2)))/x1**2',9.055900969942464,127909888,9,26,384,7,1024,paper,6,0,3533734220,8.01521110534668,14.445455100395654,53.533017751479285
600.0002292650752,'-3*x1 + 0.301309*x5 + (-x0/x1 + x1*log(x5) + x5 - 4.39098)/log(x3) - sin(0.418252*x5 - 16.7068) - sin(x1 - 0.216136*sqrt(x3) + 34.6815) - sin(x1 - 0.215021*sqrt(x3) + 34.6815) + sin(-0.218965*sqrt(x3) + 0.301309*x5 + sin(x0**cos(x6))) + sin(0.301309*x5 + 0.301309*(0.0906348*x0 - x0/x1 + x4 - x5 + exp(x6))/log(x4) + 8.35327) + sin(-x1 + sin(sqrt(x0) - x1 + log(x4)) + sin(-x1 + sin(exp(x4)) + 9.39395) + sin(sin(log(x0**4) + 28.4105)) + 36.374) + 9.39395',7.038472809928951,148224000,9,27,384,7,1024,paper,6,0,2342600226,6.816816329956055,18.876185073542462,129.35147928994084
600.0032615109812,'x4 + 2*x6 + exp(sin(sqrt(4.9388**log(x5)) - 0.342257)) + 2*log(x6) + log((sin(x0 + cos(0.31549*x5)) - 7.91496)**2*exp(-2*sin(x3**(1/4) - sqrt(4.9388**log(x5))))) + sin(sqrt(x4)) + 2*cos(x5/x4) + cos(sqrt(x6) + exp(x1)) + 2*cos(sqrt(x6) + log(x3**4)) + 2*cos(x6 + log(x3**4)) + cos(log(x3**4) + log(log(x4)) + cos(log(x4**2*(x4 + exp(x6) + cos(x0))**2)))',8.653803214282187,109005824,9,28,384,7,1024,paper,6,0,1904449481,8.653786659240723,1.6405001962838324,39.72082840236687
600.0021894800011,'-x1 - sin(46.2731094360352/sqrt(x1)) - sin(x1 - cos(x5)**2) + sin(0.304508*x5 - 1.05493e+7) + sin(x5/sqrt(sqrt(x3) - x6) + 1.05976) + sin(x5/sqrt(-x6 + sqrt(x3 - x5)) + 1.05976) - sin(x1 + 0.171052*x5 - 0.171052*sqrt(x0 + x3 - 254.730278015137)) - 2*sin(x1 - 0.171052*sqrt(x3) + 0.171052*x5 + 0.171052*x6) + sin(sin(x0 + sqrt(x4))) + 4.62053 + 40.1623992919922/sqrt(-x4 + sqrt(x3 - x4**2 - x5)) + 39.6690368652344/sqrt(x1)',10.878227871041076,131838976,9,29,384,7,1024,paper,6,0,1934709049,7.271678924560547,18.815216710297605,50.51928994082839
600.000096716918,'-sqrt(x0) + sqrt((x5 - log(x3)**2 + 25.2825)*(x5/2 - log(sin(x1)**2)**2 - sin(x0) - cos(sqrt(x0 + 22.3154))))',9.935470382960869,316813312,9,0,384,7,2048,paper,4,0,3324115916,9.93547248840332,5.301160267442396,44.4359693877551
600.0016058268957,'(2.19485 + x5**2/(sqrt(x3)*log(x3)))*log(x5*(3.62875747680664 - cos(cos(2.19485**log(x5))**4))/sqrt(x3 - x4**2))',7.568078300081043,301703168,9,1,384,7,2048,paper,4,0,2811363264,7.567994117736816,4.504911964111011,43.733112244897946
600.0035377400927,'x5**(((log(log(sqrt(x5)))**log(log(sqrt(x3))))**(log(log(log(sqrt(x3 - 46.1341*sin(log(x5**2)**2))))) - 0.142636))**log(x0))',9.062759642729922,290347008,9,2,384,7,2048,paper,4,0,1884968544,9.062747955322266,4.638226093596755,65.46061224489797
600.001411474077,'x5 - (log(x3) - 0.669136)**2 - sin(x5**2) - cos(x5)**2 + cos((2*x0 - 42.2837)**(1/4))**4/sin(cos(sin(x1)))**4',8.332622786560814,267196416,9,3,384,7,2048,paper,4,0,1859786275,8.33247184753418,10.345605736028917,95.62836734693876
600.0025357110426,'(x4**2/sin(0.983665*x5)**2 + 16.0323*x5*(x5 - 24.4295) - 128.048275618061/log(log(x1))**2)/x3',7.5243524580288925,296042496,9,4,384,7,2048,paper,4,0,3687649985,7.524327754974365,6.629565691296117,47.259591836734685
600.0017282159533,'17.3764*x5/(sqrt(x3) - log(x6)) - (4.11228561401367 - 0.256221*sqrt((sqrt(x3) - x5 - x6)**2))/cos(0.00201195*x4**2) - 4.11229',8.553843960236053,324173824,9,5,384,7,2048,paper,4,0,369133708,8.55384349822998,13.392816796190827,41.03678571428571
600.0028101559728,'200.705567686295/(1010.75**(2*exp(-x1)*sin(x1**2))*sqrt(x0)*sin(sqrt(sin(exp(sin(sin(x5**0.715191)))))))',8.82160711693826,316811264,9,7,384,7,2048,paper,4,0,865305066,8.821516036987305,8.880019456015756,50.27836734693877
600.0030527240597,'35.7388*cos(sin(sin(0.126193*x5 - cos(16.4895*x1/x0))))*cos(cos(log((x3 + 40.6958)**2) - log(log(x4))))',8.6294929262325,307658752,9,6,384,7,2048,paper,4,0,2995172877,8.629434585571289,14.244653136867543,60.70882653061225
600.0013009021059,'-x1 + x5 + x6 - x6**(150.908**sin(x1)) + log(exp(2164.43449616642/x0)**cos(log(x3))) - 47.9495',9.068700202959544,327280640,9,8,384,7,2048,paper,4,0,404488628,9.068692207336426,15.656535110714362,102.83325443786981
600.0029756389558,'x5/log(sqrt(x0)) + sin(log((x5 - 1.28642)**2)**4) - 12.0786 + x5**2*(sqrt(x0) + x4 + x5 - 20.2036)**2/x3**2',7.898354247182797,306151424,9,10,384,7,2048,paper,4,0,4190266092,7.899217128753662,12.432158465069167,81.26520710059171
600.0016623209231,'x5**(6.39170837402344/log(x0**2))*exp(1.64562e-15/(sqrt(sin(log(sqrt(x3*sqrt(log(x1))/(x0 + x4 + 43.8263130187988)))))/log(x5))**22.3887)',10.01267049542621,340914176,9,9,384,7,2048,paper,4,0,2261209995,10.012925148010254,6.0935212549096365,57.220828402366855
600.0002072430216,'1103.02110024635/sqrt(x3 - x5*x6) + log(exp(sin(x5/log(x3)))**(-41.9812) + exp(-23.5216*sin(x1 + cos(x1))))/x1',8.517715756747778,326498304,9,11,384,7,2048,paper,4,0,3160032368,8.517716407775879,4.819716954976826,37.648639053254435
600.0000257929787,'15.5094*sin(log(sqrt(x3)*(x0*x5 + (x3*(x5 + 15.5094) + x4**3.62409*cos(x5**2))*sin(sqrt(x5))))) + 27.8267',7.7481479664801,321142784,9,12,384,7,2048,paper,4,0,3269070126,7.747908592224121,3.4811266681956576,61.78745562130178
600.0003455618862,'x4 + x5*log(x1)/(sqrt(x3) - 35.3661) + (4.35748*sqrt(x1) + x5)/log(x4) - 46.6926 + x5/x1',10.430816142863398,370796544,9,13,384,7,2048,paper,4,0,3081541439,10.430819511413574,14.467344917042169,39.60248520710059
600.0006188580301,'10.8507 + 6.33212*sqrt(exp(exp(sqrt(x5))**(1/4)))/(sqrt(x0)*sqrt(sqrt(x3) - 32.3531)*sqrt(cos(cos(log(x1**2))**2)))',8.73004390014174,292661248,9,14,384,7,2048,paper,4,0,3376120482,8.730045318603516,12.764942736749486,52.635621301775146
600.0017973529175,'11.4286*x5**2/(x3 + x5) - sin(0.0836214*x5*sqrt(-sin(11.9587*x5 + 444.439) + cos(x1 - x5) + 39.5555))',7.799400920266177,331845632,9,15,384,7,2048,paper,4,0,2204291346,7.799418449401855,17.904704510822327,65.60082840236686
600.0018393439241,'x1*cos(sqrt(x5) - sqrt(sqrt(x3) - cos(x0) - 11.6657)) - sqrt(x3) + x5 + exp(cos(11.9373*x5)) + exp(cos(cos(x5))**2)',7.737129374901085,344442880,9,16,384,7,2048,paper,4,0,550243861,7.737646102905273,5.703798603005888,59.17313609467456
600.0013845069334,'9.94828796386719*x1/(-sqrt(x3) + x5 + 9.92806243896484/(x6**x4 + sin(x1))) - sqrt(x3) + x5 + sin(x5)**4 - 23.3212890625/x4',8.720387948773917,290873344,9,17,384,7,2048,paper,4,0,3606691181,8.720392227172852,7.998691032297827,53.85514792899409
600.0015550490934,'13.4073715209961*(x5 - sin(13.0959*x5) - sin((-x5 + cos(x5) - 37.1592)**2))**2/(x0/x6**(sqrt(x4)/2) + x3 + 429.743)',7.595954818611349,308551680,9,18,384,7,2048,paper,4,0,1934392872,7.595447540283203,3.5936186083904818,40.97751479289941
600.0010339401197,'(x5 - 42.7946)*exp(-cos(log(32.1842*(x3 + 44.0472)*cos(0.0723282*x4*exp(cos(0.711019134370615*x5))/(x5 - 85.9176)))))',7.536749204818117,374618112,9,19,384,7,2048,paper,4,0,2148995112,7.536744117736816,4.112022535313371,35.17100591715976
600.0012558819726,'-0.109216*x5 + exp(0.0398752*x5 + x6/(x0/x4 + x6)) - 2.34128 - 157.272/(-sqrt(x3) - 2*x6 + 37.947380065918)',8.906295189173887,335476736,9,20,384,7,2048,paper,4,0,1592565386,8.906299591064453,5.788556923112335,57.465917159763315
600.0017652208917,'x5*sqrt(exp(0.0549678*x5) + exp(0.0549678*x5 + 0.0549678*cos(x3)) + 43.8721)/(0.0156507*x3 + 0.00782534*x5)',8.289927678193067,357969920,9,21,384,7,2048,paper,4,0,784044718,8.290044784545898,20.36338778774884,67.99668639053255
600.0009833050426,'3.15219*sqrt(1/((0.0015856*x0 + 0.0015856*x5 + 0.233725*sin(x1) - 0.0235223*sin(0.657475*x5))*sin(sin(sin(sqrt(x5))))**2)) + 9.93631',8.726153501231613,317423616,9,22,384,7,2048,paper,4,0,3980425317,8.726085662841797,13.473812193894108,37.42946745562131
600.0022287529428,'x5 - log(sqrt(x3))**2 - sin(0.430427*x5) + sin(log(sqrt(x3))**2) - 44.1749 + 950.059/(x0 - x1**2)',9.799913659806492,288065536,9,23,384,7,2048,paper,4,0,3356806661,9.799882888793944,10.725118236315616,61.70863905325443
600.0010850769468,'1952.28*(x5 + sin(x5**cos(log(x3))) + cos(0.54597*x5) + cos(26.4715*x5*log(x5)) - 44.1847)/x3',7.786597599176299,315746304,9,24,384,7,2048,paper,4,0,2765379632,7.785946846008301,6.092283154391918,48.59005917159763
600.0031568829436,'-cos(x5 - log(x5**2)**2) + (0.285675*x3 + 3*x5**2 + 2*sqrt(x5**4.6333))/x3',8.357644137166943,258676736,9,25,384,7,2048,paper,4,0,1728356533,8.357660293579102,7.766615857687683,45.5971597633136
600.0026572321076,'(-0.0270537*x5 + sin(sin(x1)))**2 + exp(-sin(x1) + sin(sqrt(-15.5682*sqrt(x0) + 15.5682*x5)) - sin(log(sqrt(x0))**2)) + 13.8921012878418',10.518815484840324,286492672,9,26,384,7,2048,paper,4,0,3533734220,10.51899242401123,10.292253396842751,53.533017751479285
600.0035200610291,'sqrt(x5) - log((x0 - 86.3907)**2) - log((x5 - 83.9173)**2) + sin(exp(x1/2)) + 20.8698 + x5**4/x3**2',8.549985981153545,278679552,9,27,384,7,2048,paper,4,0,2342600226,8.55000114440918,17.593570603606008,129.35147928994084
600.0029655860271,'7.52592**(((sqrt(sqrt(x4) + x5)*exp(3.21602630615234*x1/sqrt(x0)) - 9.91839 + 39.6564331054688*exp(-2*sin(sqrt(x5))))/x1)**(1/4)) - 2.98199',11.210332968271931,341780480,9,28,384,7,2048,paper,4,0,1904449481,11.210333824157717,4.545607195672814,39.72082840236687
600.0005912899505,'898.259*x5/(x3 + 156.304) + cos(x5*cos(cos(cos(x5)))) + cos(31.419*log(x5)) + cos(31.213996887207/sin(x5))',7.881478814992526,302215168,9,29,384,7,2048,paper,4,0,1934709049,7.881185054779053,12.82023640943929,50.51928994082839
600.0001286249608,'-2*x1 + x4 + sqrt(-x4 + x5 - (2.72792*x4 + 29.5085*sin(sin(x5)) - 95.1639)*log(sqrt(x5) - 2.35556*log(x4 + log(x0) + log(x3**2/x5**2))) + exp(exp(cos(cos(x5))))) + sqrt(x1 + 2.72792*x4*log(sqrt(x5) - 2.35556*log(sqrt(x0) - x1 + x4 - 2.72792*log(x6) + 4.63346)) + x5 - exp(x6) + exp(exp(sqrt(x5))/(x4 + log(x0) + log(x0 + x5*sin(x0)))**2.35556) + exp(exp(sin(x1)**2))) + 5.98648*log(x6)*cos(((sqrt(x0) + exp(x1))*(x3 + exp(x6) + 44.9883))**(1/4))',9.340981019776564,216541184,9,1,384,7,2048,paper,6,0,2811363264,9.34099578857422,23.2010008825883,43.733112244897946
600.0009016159456,'exp((exp(x4*x6/x3) + 0.734703 + cos(cos(exp((exp(cos(46.422248840332/x0)/((x0 - 45.6261215209961/(x6*(exp(exp(-x0/(x4*(0.765315*exp(log(x3)/(x6 + exp(sqrt(x1)/(sin(x1 + sqrt(x4)) + 0.841966)) + sin(x6)**2)) + 0.765315*sin(sqrt(x4)) + 0.0569014)))*log(x3)) - 1.49172*sin(34.1574*log(x5) + 15.2795) + 0.748374)))*sin(sin(log(x3) + cos(sin(x1))) - 44.7514991760254/log(log(x5))))) + 0.982989 + 0.0402581/sin(log(x5) - 33.7787))**2)))/((45.6261215209961 - 2*x1)*sin(0.734703*x1)))**2)',12.694280249828282,202504192,9,0,384,7,2048,paper,6,0,3324115916,12.694169998168944,7.45192303137606,44.4359693877551
600.0022157500498,'log((-x1 + log((x1 + 2*x5 + x6**x1 + (-x1 + x5 + x6**4 + 18.345)*cos(0.302445*x5) - 13.4555)*sqrt((-2*x1 + log((x1 + log(x3) - log(42.8712*x5 + exp(x1) + 42.8712*log((x1 - log(sqrt((-85.7424*x1 + x5 + 42.8712*log(log(44.3302*x1**2*x4**2) + 0.985718) + 437.343104871688)**2)) + sin(sin((x3**x1)**cos(x3*x5**2))) + 1.62937)**2) - 42.8712*cos(sqrt(x0)) + 39.1492) - 3.47129)**2) + 9.66103363037109)**2) + 24.0085) + 4.83051681518555)**15.8943)',11.341079629049569,166533120,9,2,384,7,2048,paper,6,0,1884968544,10.161376953125,14.146264680987809,65.46061224489797
600.0029515251517,'log(-0.774484*sqrt(x1)*sqrt(x6**0.937675*(-3.1384e+28 + exp(x5)/x6)/(sin(x6)*sin(exp(cos(sin(x1))))*sin(log(0.942591*x1 - 1.59833))*sin(log(log(x5))))) + 2.21036*sqrt(1/(sin(x6)*sin(exp(sqrt(sin(sqrt(x1)))))*sin(exp(sqrt(sin(sin(sqrt(x1))))))))*exp(x5/2))**2/log(x0 + x3 - x4**2*cos(exp(x6)) - x4**2 - 8*x5)**2',8.956817901789965,211146752,9,3,384,7,2048,paper,6,0,1859786275,8.957010269165039,8.824742047993153,95.62836734693876
600.005055597052,'-x6**2*sin(x1) - log(x3)*sin(sqrt((x1 + x5 + x6**3.03406*sin(sqrt(x0)) + sqrt(x5**(x6**(-2.6168))) + 2.26471*log(x3)*sin(x1*sin(sqrt((x5 + 4.41517*sin(4.13936*sqrt(x5)) - 1.20588)*sin(sqrt((-x1 + 0.983649*sin(sqrt(x5 + x6*sin(4.67397*sqrt(x5)))*Abs(cos(x1))) + 15.2296)**2)*Abs(cos(x1)))**4))))*sin(sqrt((-x1 + sin(sqrt(x5 + 2.26471*sin(sqrt(x0)))*Abs(cos(x1)))*Abs(sin(sin(x0)))**0.0581527 + 15.2296)**2)*Abs(cos(x1)))**4)) + 23.1174850463867',10.363368865671456,137988096,9,4,384,7,2048,paper,6,0,3687649985,10.3634033203125,3.4030267110584034,47.259591836734685
600.0005019148812,'(-sqrt(x3) + x5 - sin((sin(x1)*sqrt(cos(sin(x6))) + sin(x1) + 36.4281)**2 - 13.7149) - sin(31.0276*log(x3) + log(log(cos(x1)**2)**2)) - sin(31.0276*x5 + cos(x0) + cos(2.28087*x5**2/x4) - 7.65293))*cos(log(sin(sqrt(log(x3))))) + cos(25.4366*x5 - cos(-237.452*x5 + log(sin(x5**2)**2*sin(sin(sin(x1)))**2) + 31.0276*cos(sin(31.0276*x5 + cos(exp(log(sin(sqrt(log(x3))))**4)) - 26.1797)) + 1234.73)) + cos(31.0276*x5 - sin(sin(sin(25.4366*x5))) + cos(0.0710798*x5**2)) + 14.0586',6.595313688778611,174061568,9,5,384,7,2048,paper,6,0,369133708,6.593164443969727,8.908575415944785,41.03678571428571
600.0077016188297,'-3*x1 + x6*cos(36.9527*sin(x1)*cos(sqrt(x5))**2)**64 + (x6 + 6.50114)*cos(sqrt(x5))**4 + log((x1 + cos(0.346859*x5))*cos(sqrt(x1))**4 + log(x1**4*cos(log(x1) - log(2*x0 + 41.1117) + 18.9557075500488)**8 + cos(x1*sin(sin(x4)))**2)**4) + log(-2*x1 + log(log(1.27523*sqrt(x4)) + 2.93316) + log(cos(x1 - 26.5938034057617)**8) + 32.0833082199097) + 3.83784*cos(3.40525*cos(sqrt(x5))**2)**2 + 30.4316415786743',8.02693029208816,109959168,9,6,384,7,2048,paper,6,0,2995172877,8.026165008544922,9.777793109839271,60.70882653061225
600.0071111740544,'22.5347900390625 - 20.2009*cos(log(x3/(0.00388538*x4**(2.26542*sqrt(exp(20.2009*cos(2*cos(exp(x5**(1/4))))/sqrt(x4**(2*sqrt(exp(cos(x5)/sqrt(0.00245053*x4**(2.35105*sqrt(exp(cos(sin(cos(log(43.9263**x1 + x0**2 + x4**4 + x4**2))**2) + cos(16.0429*cos(log(x5))))/sqrt(x4**(2*exp(cos(x5)/(-x4 + exp(sqrt(x6)) + 19.6575))/cos(sin(sqrt(x5))**2))/x4**2)))) + cos(log(x4)))))/cos(log(log(log(x0))))))))) + 23.3253 - 1.43517303466797/(21.3956260681152 - x4))))',7.550983336902687,148537344,9,7,384,7,2048,paper,6,0,865305066,7.550986289978027,12.642642621537798,50.27836734693877
600.0053981239907,'x4 + x6 + (cos(x4 - cos((-x4 + sin(log(x4)))**2) + 35.6411) + 5.9115)*cos(log(x3)*log(x4 - x6 + 17.1675605773926) - sin(cos(x6) + cos(sqrt(x5 - 43.0858)) - 44.1716)) + sqrt(18.9637*sqrt(x6)*(cos(exp(sin(sqrt(x5)))*log(x4 + exp(x6) + 44.1716156005859) + 38.1763) + cos(log(x3)*log(34.2595100402832 - cos(26.3119*x5)) - 2*sin(exp(sin(sqrt(x5))) + 44.9991))) + x6*(2*x4 - 2.86662673950195) + 15.942) - sin(x1) - sin(x0 + exp(cos(x0))) + cos(exp(sin(sqrt(x5)))*log(x4 + exp(x6) + 45.6580352783203))',7.277002062987294,213530624,9,8,384,7,2048,paper,6,0,404488628,7.276943206787109,27.574399159213762,102.83325443786981
600.0072533241473,'exp(exp(sqrt(log(x5**2/(-exp(2*cos(log(x1/(0.000221553*x0**4 - 2*x0**2 - x0**2/sin(sin(sin(x4))) - x3**2 + x4**4 - 3*x4**4/cos(x6) + exp(x1/cos(cos(log(x4)))) + exp(log(0.0071825*x0**2)/cos(x1)) - 939986.0*cos(x5)**4 - 1.17283e+6)**2))) + cos(241.841*exp(-cos(x1))) - cos(exp(cos(exp(log(2.35414e-6*x0**4)/cos(x1))))) + cos(12.3456420898438/cos(x1)) - 38.0195388793945)**2))))',6.656493509048283,116690944,9,9,384,7,2048,paper,6,0,2261209995,6.551278591156006,6.955309140935645,57.220828402366855
600.0039734048769,'-x1 + sqrt(x5)*log(sqrt(x5)*exp(cos(sin(exp(cos(x5**2/x3))))) - exp(cos(exp(x6)/x1)) - sin(exp(exp(cos(x5**4/x6**2)))/cos(x1)) + cos(sqrt(x0))) + 0.277283*exp(x5**2*cos(sin(sin(sin(sin(x5**2/(-x0 + x3 - exp(x1)))))))/(x3 - x4 - x5 - 36.8343)) - sin(sqrt(x5)*log(sqrt(x4)*log(x5**2*exp(exp(cos(sin(x1 + cos(x0) - 20.4975))))/x3))) - sin(x5**2/sin(24.0139465332031/x5)) - cos(sqrt(x0)) - cos(x0) - cos(6.61228*sqrt(x5)) + x5**2/x3',6.343562800952699,177106944,9,10,384,7,2048,paper,6,0,4190266092,6.091678619384766,11.513205764706775,81.26520710059171
600.0037530828267,'-2*x1 + x6 + sqrt((x6 + 7.61218)*sin(sin(1841.37*x5)) + (-(-3*x1 + x6 - (2*x6 - (x4*sin(x5) + x6 - (-x5 + (-2*x1 + x4 + 44.6785583496094)*sin(sqrt(x0) - exp(x1)))*cos(sqrt(x5)) + 37.3704*cos(sqrt(x0)) - 26.6678237915039)*cos(sqrt(x5)) - log(sin(x1 + 71765.7230682373)**2)**2 - 18.4682)*cos(sqrt(x5)) + 32.7508)*cos(sqrt(x5)) + cos(x5**2))*cos(sqrt(x5))) + sin(44.4694*x5) + sin(log(x0)**2) + sin(sin(x0 - 45.7858)) + cos(x3**(1/4)) + 26.6678237915039',,205828096,9,11,384,7,2048,paper,6,0,3160032368,8.397760391235352,8.48780086397593,37.648639053254435
600.0002681519836,'22.1678*sqrt(exp(x1*(x1 + cos(22.1678*sqrt((x0 - 45.0638)**((log(x0) + cos(sqrt(x4) + cos(cos(x5) - 14.833)))/(-x5 + exp(x1) + cos(x1) + cos(1.41903*x5**2) + cos(x6**2) + cos((-x5 - 32.5750045776367)**2)))) - log(x0)) + cos(21.5509*sqrt((-x4 + x5)**((log(x0) - 0.678332)/(-x5 + exp(x1) + 4.46801))) + 28.3364))/(exp(x1) - 34.1717))) - log(x0) - cos(36.4853*sqrt(log(x1)*log(x3)) + log(24.6837*exp(cos(cos(x1)**4)))) - cos(17.841*log(-x1 + x5) + 14.2165) - cos(21.5509*log(-x1 + x5) + 4.46801)',8.487392987428818,210157568,9,12,384,7,2048,paper,6,0,3269070126,8.487752914428711,0.8118976185989245,61.78745562130178
600.0025447329972,'sqrt(x1) - 3*x1 + sqrt(x5) + (71.8650016784668 - x5)**2/(-x1 + 3.30577*sin(sin(x5 + 0.708935))/cos(cos(x4**2)) + cos(5.38068 + x5/sqrt(x4)) + (x0 + log(2.25233e-14*exp(31.7345199584961/(x1 - x5 + 71.9251976013184))) + cos(10.3073*x0) + cos(34.9021*x4) + cos(x4**2) + cos(2110.56*x4 + x5))/x1) + sqrt(x5 + cos(x5) + 36.6836) + log(x1) + 2*cos(x1 - 0.242896*sqrt(x3)) + cos(-x1 + sqrt(x5) + exp(x1/2)) + 13.7522',6.8350356720326815,207722496,9,13,384,7,2048,paper,6,0,3081541439,6.777003288269043,45.9603543753593,39.60248520710059
600.0002306730021,'-0.0230238*x0 - 0.0230238*x4/x6 - sin(x1) - 2*sin(exp(x1)) - cos(x0) + 2*cos(0.303417*x5) + 2*cos(0.305553*x5) - cos(x6) + cos(sqrt(x3)*exp(-x1)) + cos((x5 - 2.24371)/log(x0/x1)) + cos(x3/((-log(x0) - 7.58875274658203)*(-0.0230238*exp(x1) - cos(33.8694877624512*x6/x4) + 26.1233488917351))) - cos(sqrt(x0) - cos(x0)) - cos(sqrt(x0 + x4/x6**2) - cos(x5/cos(0.0379018*x5))) + 2*cos(log(x3)) + 27.5579560995102',6.511402008844175,217786368,9,14,384,7,2048,paper,6,0,3376120482,6.51138973236084,8.791916546272843,52.635621301775146
600.0005546200555,'-2*x1 + 2*x6 + sqrt(26.6197128295898 - 2*x6) - log(x6) - sin(exp(x1) + 31.7057) - cos(x0 + cos(sqrt(x4))) - cos(2*x1 - log(x3**4)) - cos(x5 + 16.9042) - cos(sqrt(x0 + 14.5405) + cos(26.6197*cos(log(x5)) + 42.4650955200195)) - cos(log(x3**4) - 20.4682083129883) - cos(31.9338*cos(log(x5)) + 32.4478988647461) - cos(32.4479*cos(log(x5)) + 13.7367820739746) - cos(-2*x1 + x6 + sqrt(-sqrt(x0) + x0 - x6 + 28.3674240112305) + cos(log(x3**4) - 20.5371475219727)) - 2*cos(31.9349*cos(log(x5))) + 26.6197128295898',7.25085687635723,199770112,9,15,384,7,2048,paper,6,0,2204291346,7.250860214233398,21.14516007590751,65.60082840236686
600.0025743530132,'x4 + sin(24.0199661254883*(x1 + 4.48599624633789 - 22.5130176544189*(0.840951*x0**2/sqrt(x5) + 9.94731903076172)/x0)/x0) + sin(24.4705200195313*(sqrt(x5) - sin(x6) - 19.1254463195801*(0.726953*x0**2/sqrt(x5) + 11.3909*exp(0.000528176*Abs(x4)**1.98673/Abs(sin(x1))**1.98673))/x0)/x0) + sin(24.4705200195313*(sqrt(x5) - sin(x0 + exp(sin(sqrt(x0)))) - 19.1254463195801*(0.726953*x0**2/sqrt(x5) + 11.3909*exp(0.000528176*Abs(x4)**1.98673/Abs(sin(x1))**1.98673))/x0)/x0) + 744.288*x5/(x0*x4*sqrt(log(x3)))',11.656565786418083,187486208,9,16,384,7,2048,paper,6,0,550243861,11.656494140625,13.54948458785788,59.17313609467456
600.0068690681364,'log(log((0.00358666*log(2*x3) + 0.00358666*log(x3**2) - 0.085190209719471/log(log(((23.6711349487305/sqrt(x4))**(-0.176131*(23.6711349487305 - log(x5)**2)**2/(-19.6176 + 19.6176147460938/x1)))**(23.6711349487305/log(0.00358666*log(x0)**2 + 0.00358666*log(0.0034218*x3**cos(x5) + 0.0034218*(x0**2/x6**2)**cos(x0) + 0.0034218*log((log((5.3273*log(x3)**(log(x0)**2/x1))**(24.4105758666992/x1))**2)**(x3**((log(x3) + log(x3**2))/x5))) - 0.222579) + 0.0201948)**2))**2) + 0.00358666*(log(x3)**2 + 7.21563)**4/(x1**4*log(x5)**6))**(23.6711349487305/x1))**2)**2',18.175489862644596,131037184,9,17,384,7,2048,paper,6,0,3606691181,7.416245460510254,14.544906684525529,53.85514792899409
600.0040949929971,'-sqrt(x0) - sin(x1 + sin(13.8306*sin(x1 + log(x3)) + 421.041)) + sin(-0.406925*x5 + 0.406925*sin(x5 - cos(x1)) + 15.7495) + sin(-5.92102*x5 + 5.92102*exp(sqrt(x1)) + 5.92102*sin(x1) + 5.92102*cos(x1)) + sin(-0.408374*x5 + 0.408374*sin((x5 - 29.8331)**2) + 0.408374*cos(x0) + 15.9673) + sin(sqrt(x0) + sin(x1) + sin(x1 + sin(x4)**2) + sin(x1 - sin(-5.92102*x5 + sin(sqrt(x0)) + 5.92102*sin(x1) + 5.92102*cos(x1) + 192.038)) + sin(x1 + cos(cos(exp(x4)))) - 98.2047538757324) - cos(exp(2*x1)) + 36.9775085449219',11.10544303605331,211972096,9,18,384,7,2048,paper,6,0,1934392872,9.870471954345703,3.9380941875969815,40.97751479289941
600.0047863398213,'(-sqrt(x0) + x5 - cos(x0) - cos((x3**(1/4) + 0.523318)**2/x0**(1/4)) - cos(-1.45401*sqrt(x0) + 63.6066951003086 + 1.45401*(x5 - cos(sqrt(x3) - x6))/x1) + cos(cos(sqrt(x3)))**30.3777 + cos(3.59741*cos(0.334154*x5)) - 27.4123)*log((x5 - x5/sqrt(exp(log(x1)**(log(x1)**5.91943))) - cos(24.0066070556641*exp(-2*cos(x4**2))) - cos(19.6042556762695/cos(cos(x5))**60.7554) - 2*cos(24.1444320678711/cos(cos(x5))**59.0883))/x3**(1/4))/x0**(1/4)',7.133458217183663,182906880,9,19,384,7,2048,paper,6,0,2148995112,6.686692714691162,4.5402113236776565,35.17100591715976
600.0019990270957,'x6**2 + (cos(x1 + 23.9681) - 39.7410049438477*x1/x0)**2 + (0.374652*x5 + log((17.612*(cos(x1**2) - 7.28762817382813/log(x0))**2 + log(x1*(x5 + 19.2597)))*cos(exp(sin(x1 - 7.28762817382813/(cos(x6) + 15.6803)))) + cos(x6) + 31.574) - 11.3934)*cos(exp(sin(log(x6*(x0 + x4 + 42.385*sin(sin(sin(x5**(3/2) + 23.9681))) + x3/x0))))) + cos(0.374652*x5 - 11.3934) + cos(0.403919*x5 - cos(0.0301452*x0) + 16.5828) + cos(x0 + sqrt(x4) + sin(x6) - 14.7398)',7.800770111409041,203429888,9,20,384,7,2048,paper,6,0,1592565386,7.800610542297363,5.295241597582149,57.465917159763315
600.004666578956,'sqrt(-exp(log(log(x3)**4)/log(x1)**2) + (-x5 + log(-17.9285*x4**2*(-exp(exp(exp(sin(log(log(x5))**8)))) + log(log(2*x5**16)))))*(x1**x6*sin(x5**2) - 2*x5 - 1567.41)/(x0 + x1*sin(x5))) - exp(sin(log(-14.2309*x3 + log(log(x5))**32) + sin(-5.32571*sqrt(x5) + sin(x5 + cos(x6) + cos(log(x0))) + cos(sqrt(x6)) + cos(x0 + cos(x0 + cos(0.274882*x0)))) - 28.2988))',7.002979108042385,119633920,9,21,384,7,2048,paper,6,0,784044718,7.003057479858398,16.909185537363644,67.99668639053255
600.000241820002,'(-x6**4*cos(-sqrt(36.2441558837891 - sin(sqrt(x5))**4/(x6**6*cos(sqrt(cos(cos(cos(x5*sin(sin(x5**2)))))))**4)) + 10.7162 + cos(-sin(cos(x1**2)) + 36.2441558837891 + exp(4*x1)*cos(x0 - exp(4*x1)*cos(x0**(-0.15013))**4 + 82.4951095581055)**16/x1**2)**4/x6**4)**4/cos(31.1916351318359 + exp(4*x1)*cos(cos(0.354299/x6)**4/(25.5279655456543 - sin(x0))**2)**4/x6**4)**4 + sqrt(36.8617706298828 - exp(sqrt(x1))))**2',20871905030.283863,106567680,9,22,384,7,2048,paper,6,0,3980425317,18.18031120300293,17.040733093117947,37.42946745562131
600.0050890918355,'exp(sqrt(2*sin(12.5614242553711/x1) - sin(sqrt(x5) - log(-5*sin(log(x3**2)) - sin(log(cos(x5)**2)) + 45.6260681152344/x1)**2) - sin(sqrt(x5) + sin(sin(sin(sin(sin(sin(sin(sin(sin(44.5552*x5))))))) - 45.6260681152344/x1))) - sin(sqrt(x5 + x6) - sin(log(exp(sqrt(-2*sin(sin(log(x0**2))) - sin(sin(sin(log(x4**x1)))) + sin(sin(sin(sin(sin(sin(0.527014*x5)))))) + 45.9768218994141/x1)) + 43.5392)**2)) + 45.6260681152344/x1))',7.004763037441404,158500864,9,23,384,7,2048,paper,6,0,3356806661,7.004528045654297,7.732040640863958,61.70863905325443
600.0002078060061,'2*x6 + 31.4275*cos(cos(log(x0 + (x0*cos(x6 + 30.1497*cos(cos(cos(1.16555*x1)))) + (x0*cos(cos(log(x0)**x6)) + (sqrt(x1)*x4 + x4)*cos(38.3608*cos(sqrt(x5) - 46.0926)*cos(cos(cos(1.3753*x1))) + 41.8244)*cos(cos(x1)**2))*cos(cos(29.5700817108154/x4)))*cos(sqrt(x5) + 10.4854)*cos(cos(2*sqrt(x5)))*cos(cos(sqrt(x5) + sqrt(x5 - cos(sqrt(x0))))) + 33.2159*cos(sqrt(x5))))) - (0.0014249*x3**2 + x5**2*cos(x5**2))/x5**2',7.51113121012342,199966720,9,24,384,7,2048,paper,6,0,2765379632,7.51141357421875,6.833500944426144,48.59005917159763
600.0059132960159,'-27.3489*log(sqrt(x3)/x5)*sqrt(log(-sqrt(x0) + x5 + sin(x0 - 34.0877914428711) - 6.15417*cos(x5**2/4) - 39.9554061889648)) + log(0.176976*x1*x5*(cos(8.61529922485352 - 21.9297542572021/x4)**((-x6 + sin(x5**2) - sin(x6) - cos(exp(x6)))*log(x5 - cos(25.9323*cos(x5)) - 70.7192535400391)) + 12.8644)/(x4*log(sqrt(x3)/x5)**2*log(x5 - 68.5193)) - 0.0250279*x3 - x5 + (x5 - 66.4125)**2)',6.099897195873274,202846208,9,25,384,7,2048,paper,6,0,1728356533,6.0998969078063965,7.5274956891787195,45.5971597633136
600.0072317158338,'-6.78812408447266/(log((x1 + log(-11.983829498291/(log(log(sqrt(exp(log(sqrt(exp(log((log(sqrt(x5))**2)**(-0.0378861*x5 + 0.0757721*cos(17.4679*x5) + 1.55487))**2)))**2)))**(-0.0834458*x1*(x4/2 - sin(x5**2)/2 - cos(x0)/2)))*cos((37.3384**(x1/2) - 3.51282)**2)*cos(sin(log(log(log(x5 - sin(x5) - 41.0408))**(-34.8761))))*cos(sin(log(log(log(x5 - cos(x0) - 41.0408))**(-34.8761)))))))**(-0.0421062*x1))*cos(sin(6.78812408447266/sin(log((x1 + log(7292.12*x5/x3))**(-0.0421062*log(13.3389*x1)))*cos(sin(23.8653*x1))))))',,180955136,9,26,384,7,2048,paper,6,0,3533734220,7.709929943084717,9.084542968913764,53.533017751479285
600.0010381620377,'(31.6448**cos((x5**(1/4) - 0.491016)**2) - sin(24.2298**sin(sin(x5*sin(x5)))) - sin(sqrt(22.4397**((31.6448**cos((x5**(1/4) - 0.491016)**2) - sin(x1) - cos(42.6484*x6))**(1/4)))) - sin(sqrt(31.1842**(x5/x0))) - 3*sin(sqrt(31.6448**(log(x3**2)**(1/4)))) - sin(sqrt(31.6448**(log(x3**2*x5**4)**(1/4)))))**cos((((sqrt(log(sqrt(x0))) - 0.998226)**2 - 0.986508)**2 + sin(sqrt(31.6448**cos((x5**(1/4) - 0.491016)**2) - 5.01252)))**2)',7.780471729980756,162613248,9,27,384,7,2048,paper,6,0,2342600226,7.780735015869141,17.246359432020682,129.35147928994084
600.0034271779004,'35.784*cos(sin(43.0317764282227/log(43.7440185546875/log(x1))))*cos(sin(sin(44.8583145141602/(x5/log(x3))**log(28.9444*cos(sin(x1 + sin(43.1942825317383/log(x0))))*cos(sin(log(42.0077514648438*x4**log(x4*cos(sin(log(x4*cos(sin(exp(cos(x0)))))*cos(cos(sqrt(x1)))/log(671.356321200728*log(x3)*cos(sin(x5/log(x3)))*cos(sin(sqrt(x0) + sin(x3)))*cos(cos(sqrt(x4*x6)))/(x5*log(x4*cos(sin(exp(0.165072*x5))))))))/x5)/log(x1))))/log(1.06785802500527*log(x0)/cos(sin(38.5087051391602/sin(sin(log(sqrt(x5)))))))))))',8.113272642488628,230946816,9,28,384,7,2048,paper,6,0,1904449481,7.83125638961792,5.5577661192800845,39.72082840236687
600.0009298671503,'-sqrt(x0) + x5 - cos(sqrt(x0)) - cos(x0) - cos(x1) - cos(0.208335*sqrt(x3)) + cos(sqrt(x0) - x6 + cos(log(sqrt(exp(-sqrt(x0) + x5 - exp(cos(x1)) - sin(exp(x6)) - cos(x0) + cos(0.0483806*x3))/sin(x6))))) - cos(0.489066*x5 - cos(x0)/2 + cos(28.0926*x4)/2 - cos(x5)) - cos(log((exp(x5 - sin(sqrt(x0)))/exp(-sqrt(x3))**(1/4))**(1/4)*exp(-x5/16))) - cos(log(exp(x5/2)*sqrt(exp(-cos(0.219956*sqrt(x3)))))) - Abs(cos(x5)) - 38.3916 - 1/6.76954e+15**sin(sin(9.61700057983398/x1))',6.671959544622614,208543744,9,29,384,7,2048,paper,6,0,1934709049,6.671954154968262,9.05750680522987,50.51928994082839
600.010165943997,'0.487277*sqrt(x5*((x5 - 39.5727)*sin(sin(sin(log(x3*(x0 + x3))))) + exp(0.0475513*x5) - 32.6438446044922/(x4 - 36.7178)))',8.791153839319627,108888064,9,0,384,7,4096,paper,4,0,3324115916,8.791160583496094,10.890571790880255,44.4359693877551
600.0037112410646,'log(x0) + cos(x5**1.16311/log(x5)) - (sqrt(x0) + 12.6953)*(-x5**1.16311 + x6**2*exp(sin(exp(x1))) + 42.1202)/x0',10.419409032241411,105025536,9,1,384,7,4096,paper,4,0,2811363264,10.419490814208984,7.769478817419889,43.733112244897946
600.0174735051114,'x5 - sqrt(-2*x0 - x1*x5*cos(log(sqrt(x3))**2)/x6**x4 + x3 + x5 + x6**4 + exp(x6))',9.063559195387125,130195456,9,2,384,7,4096,paper,4,0,1884968544,9.063562393188477,7.122147779894184,65.46061224489797
600.0029740869068,'-2*x1 + 2*x6 - sin(0.0548766*x0) + sin(log(x3**2)) - 14.1713*cos(sqrt(x5) + 36.8847579956055) + 30.617',13.440430217289682,105517056,9,3,384,7,4096,paper,4,0,1859786275,13.440447807312012,18.82507512003291,95.62836734693876
600.0111133309547,'(x5 + 19.4535)/sqrt(x0/((x5/log(x3/cos(sin(sqrt(x5)))) - cos(0.508495*x5))*cos(exp(x1**2))**2))',154.17581272991058,105504768,9,4,384,7,4096,paper,4,0,3687649985,8.64313793182373,141.1156469078753,47.259591836734685
600.0157546161208,'22.3591*exp(x5*exp(-exp(sin(x1)))*cos(0.0714324*x5)/(x0 - sqrt(x4)))*cos(cos(35.7111892700195*x5/x3))',8.622950378772947,103772160,9,5,384,7,4096,paper,4,0,369133708,8.622955322265625,13.19433442911048,41.03678571428571
600.0121818198822,'(-2*sqrt(x3) + 2*x5 + sqrt(exp(sqrt(x5))) + log(log(cos(sin(sin(x1))))**4) - 1.67486190795898/sin(x1))/log(x0)',8.70333071044925,109023232,9,6,384,7,4096,paper,4,0,2995172877,8.703330993652344,8.433327696380768,60.70882653061225
600.0006252280436,'-0.0440998*x0 + x5 + sqrt(x0/(x5 - 66.8017) + log(x6**x4) + 44.1259*cos(log(x3))) - log(x0) - 44.1114',11.26395832693816,123035648,9,7,384,7,4096,paper,4,0,865305066,11.263964653015137,5.332254205709643,50.27836734693877
600.0223859888501,'sqrt(-0.0840346*x3 + x5 + exp(x5/sqrt(x0 + 72.177)) + 33.9283*log(x3/x5**2.78478)**2)',10.611255148794454,104656896,9,8,384,7,4096,paper,4,0,404488628,10.611261367797852,15.918688372416106,102.83325443786981
600.0036638139281,'(x1 + 3*x5 + 3.12092 + (x0**(3/2) + x5**2)**2/x3**2 - (2*x0 + 303.977)/x1)/x1',10.184402102314657,103821312,9,9,384,7,4096,paper,4,0,2261209995,10.184401512145996,7.566285471860591,57.220828402366855
600.0148258190602,'22.225**sin(sqrt(x5) - sqrt(sqrt(x3) + 20.5641)) - x0/(0.191636*x0**2/x3 + log(x5)**2) + sqrt(x5) + 20.5641',9.429096329450172,109768704,9,10,384,7,4096,paper,4,0,4190266092,9.42909049987793,12.772241858505348,81.26520710059171
600.0151256879326,'sqrt(x5) + sin(0.00311423*x5**2) + sin(x1 + 14.9019) + 3.40419 + (x5 - exp(sin(exp(x1))) - cos(x0) - 34.862)**2/x0',9.29572216028986,102928384,9,11,384,7,4096,paper,4,0,3160032368,9.295711517333984,8.783162299834512,37.648639053254435
600.000181915937,'x6 + log(x5**8*cos(sin(log(x5 + 17.8888)**2))**(0.0879488*x0)) - log(-x0 + x3 - 1484.87) + 3.17903',14.9981985713188,103251968,9,12,384,7,4096,paper,4,0,3269070126,14.998199462890623,5.28573167139902,61.78745562130178
600.0099608940072,'x5/log(x0) + x5/log(sqrt(x0)) - exp(sqrt(log(x3))) + sin(-x5/sqrt(log(x3)) + sin(sin(x5)) + 37.4844) - 4.50387',9.56984395143079,132075520,9,13,384,7,4096,paper,4,0,3081541439,9.56984519958496,18.2921288549955,39.60248520710059
600.0070341171231,'-x4 + 0.337125*x5 + 1.07876247444183 + (sin(x1**2) - 10.4531)**2*(-0.580625*sqrt(x1) + x4 + 0.580625*x5 - 43.5088)/x0',11.239961952502474,121257984,9,14,384,7,4096,paper,4,0,3376120482,11.240004539489746,14.357722834647063,52.635621301775146
600.0150886119809,'sqrt(x4) + (x5 + x6 + sin(0.564021*x5) - sin(13.9062*x5**2) - 45.7619)*cos(13.2226*log(2*x3)**(1/4))**2',7.709096521226961,104062976,9,15,384,7,4096,paper,4,0,2204291346,7.718831539154053,16.31948908481515,65.60082840236686
600.0221927771345,'x4**(sin(log(x5))**2)*exp(-cos(sin(5.94613*x5)**2)/2) + exp(2*x5/sqrt(x1**2 + x3 + 306.503))',8.302773922035131,104853504,9,16,384,7,4096,paper,4,0,550243861,8.303084373474121,7.5955229360429275,59.17313609467456
600.0073335019406,'x5*sin(log(x5 - 21.4686)/sqrt(x0)) - sin(sqrt(x4) + sqrt(39.1429*x5 - 22.0037) + sin(x4)**2) + cos(6.25643*sqrt(x5))',10.258564438261905,112943104,9,17,384,7,4096,paper,4,0,3606691181,10.258546829223633,8.949263965094193,53.85514792899409
600.0226815310307,'sqrt(x5 + 26.1323) - log(13.4516**(x1 + sin(log(x5 - cos(sqrt(x0)) - 56.0277)**2) + sin(cos(x0)) + cos(x6))) + 28.0139',13.98140549983916,104337408,9,18,384,7,4096,paper,4,0,1934392872,13.981395721435549,6.485876572455435,40.97751479289941
600.014529281063,'log(2*x0**2 + x0**(0.91212*x5*sqrt(x5/(x0*sqrt(x3))))*cos(sqrt(x1))**4/x3)',9.18569761330177,106602496,9,19,384,7,4096,paper,4,0,2148995112,9.185698509216309,4.0782326507520255,35.17100591715976
600.0115259019658,'-sqrt(x0) - x1 + exp(0.0398965*x5)*Abs(sin(x1))**0.0797929 - cos(sqrt(x0)) - cos(x0) - cos(x5/sqrt(x0)) + 21.9188',10.685290238962688,103501824,9,20,384,7,4096,paper,4,0,1592565386,10.685287475585938,4.898132694804037,57.465917159763315
600.0174889960326,'x0/(x4 + x5 - 39.6510467529297) + x5 - sqrt(x0 + x3) - cos(exp(sqrt(x1) - sqrt(x3) + x5 + exp(sin(x1)) - cos(x6)))',11.652566185367728,110768128,9,21,384,7,4096,paper,4,0,784044718,9.649457931518556,15.692370780806678,67.99668639053255
600.0166551470757,'(-sqrt(x0) - x1 + x5 - cos(x0) - 6.92369270324707)/(log(log(x0))**2*sqrt(sin(sin(sqrt(x5 - log(x0) - cos(sqrt(x0)))))))',10.621820212050922,105103360,9,22,384,7,4096,paper,4,0,3980425317,10.621819496154783,8.937795812052034,37.42946745562131
600.0007436431479,'x4**0.488515*cos(0.303545*x5) + 990506.0*x5/(x3 + 42.8636)**2 + sin(32.7742*log(x1)) + 13.466',8.08331292812029,126492672,9,23,384,7,4096,paper,4,0,3356806661,8.083313941955566,7.507956933569257,61.70863905325443
600.0018797090743,'x1 - sqrt(x3) + x5 - sqrt(-sqrt(x3) + x5 + sin(x3 + x5)) + sqrt(log(x6)) + sin(x5)**4 + cos(x0/x5)',9.084753581757823,103936000,9,24,384,7,4096,paper,4,0,2765379632,9.084758758544922,8.525600926307707,48.59005917159763
600.0168571630493,'x0**cos(log(x3 - 313.312)) + x6 + (x4**cos(5.66701*log(x5)))**cos((x3 - x5)**(1/4) - 0.495236) + 12.6707',8.861894735169322,122552320,9,25,384,7,4096,paper,4,0,1728356533,8.86192512512207,7.424034352995666,45.5971597633136
600.0027145231143,'-1.46929*x1 + 46.1137*cos(cos(-sqrt(x5 + cos(exp(2*cos(cos(x5))))) + log(x3) + sin(log(x3))/x1))',8.528402316377749,104615936,9,26,384,7,4096,paper,4,0,3533734220,8.52841567993164,5.199695024552629,53.533017751479285
600.0204639108852,'-0.0919662*x3/(x5*cos(log(x5)/x1)) + x5/(log(x1**2)*cos(cos(sin(log(x3*sin(log(x5**2)))))))',9.077682125730668,104173568,9,27,384,7,4096,paper,4,0,2342600226,9.07768440246582,23.800978244401186,129.35147928994084
600.0220008250326,'x5 - sqrt(-x0 + x3 + 2*x5 - sqrt(2*exp(x4/2) + log(38.488*x3/x5)**x1) + exp(x1))',9.136114902467137,125177856,9,28,384,7,4096,paper,4,0,1904449481,9.136110305786133,3.597090542011819,39.72082840236687
600.0193684049882,'-sqrt(x0) - 0.0448011222156102*x4*(sqrt(x0) - 29.4293)*cos(log(x3)) + log(x0) + 28.9083 + 873.128/x3**cos(cos(sqrt(x5)))',8.887610507692031,103899136,9,29,384,7,4096,paper,4,0,1934709049,8.887622833251953,13.81462774390753,50.51928994082839
600.0252811480314,'x6 + sqrt(exp(x1**sin(cos(0.1208*exp(x1)))) + cos(x0 + 21.439697265625)) + sqrt(exp(x1**sin(log(sqrt(x3))**2))) + log(x4)**sin(sin(x5)**32) + sin(log(x3**2)) + sin(log(x4**4)) + 5*sin(log(x5)**2) + sin(13.6404*log(x5**2)) + sin(log(x5**2)**2) + sin(log(sqrt(-x0 + x3))**2) + sin(log(sqrt(x3 - exp(x1)/log(sqrt(x0))))**2) - sin(sin(16.7485*log(x5**2)**2)) + cos(1.13725*x1) + 16.5406',7.028903118164564,76095488,9,0,384,7,4096,paper,6,0,3324115916,7.028834819793701,3.0171800674515366,44.4359693877551
600.0199170599226,'-0.0429815*x0 - x0/(x0/(-sqrt(x5 - 26.0428) + sin(log(sqrt(exp(sqrt(x0))))) + 2*x3/x0) + x0*x5/x3 + x5*exp(-x0/(-x5/(x0/((cos(sqrt(x5 + 6.77318))**2)**(-20.4401) + exp(4*cos(x6**2)) - 24.4908) + exp((cos(0.0260965*Abs(x1)**(4*sin(x5 + 6.21516)))**2)**(-44.9187))) + x6 - cos(x5**2) + 27.6077651977539)) + cos((0.0260965*x5**sin(x5) + (x5 + 6.21516)**2)**2) + cos(((x5 + 6.21516)**2 + 2.15409)**2) + 2.53018) + sqrt(x5 + 93.1329) + 29.3339538574219',8.996612975801755,99536896,9,1,384,7,4096,paper,6,0,2811363264,7.156970977783203,14.03397982500728,43.733112244897946
600.0114952770527,'cos(log(x5)**5.04073) + 3.36695*(19.3612 + 31.8920135498047/sqrt((log(sqrt(exp(((-x1**x6 - 34.1041603088379)*log(log(x5)) + sqrt(x0**2 - x5**(x4**(1/4)) + exp((14.3143*x6 + sqrt(x0**2 + (x4 - 2.74959)**x6 + exp((x6 + 3.86203*(20.6299 + (x4 + 29.9912)/sqrt((sqrt(x0) + x4**(x6/2) + 11.1515)/x1))/log(x5))/x1) - 46.3904))/x1**2) - 92.780876159668))/x1) + cos(sqrt(x3))**2)) + sin((x5 + 0.787917)**2) + 2*sin((x5 + 8.154)**2) + 8.88792)/x1))/x1',9.4772805851604,104452096,9,2,384,7,4096,paper,6,0,1884968544,9.479270935058594,6.04009519729229,65.46061224489797
600.0160905548837,'(x6 + cos((0.0583487*x0 + 0.0583487*sqrt(x3))*(0.0570379*sqrt(x0)*x4*exp(-x1) + 0.0570379*x1)*sin(17.6276*(x1 + log(sqrt(x1)*x5/(x6 + exp(x1) + exp(sqrt(x6)))))/x1)) + 20.0204)*exp(-(-0.0608126*x1 - 0.0608126*cos(7.54334259033203*x5/x1**2) - 0.0608126*cos((sqrt(x1) + exp(x1))/log(x1 + x5*log(exp(43.1603*x3**log(cos(x1)**2))))) - 0.0608126*cos((-x5 + x6 + 10.2819366455078)/log(log(x0**2))) - 0.0608126*cos(exp(sqrt(x5/log(x0**2)))) - 0.0608126*cos(exp(sqrt(x1)*x5/x0)))*sin(132.970994928866/x1))',7.795299935520283,104595456,9,3,384,7,4096,paper,6,0,1859786275,7.795305252075195,15.300957402588491,95.62836734693876
600.0148426059168,'-0.03785*x0 - 0.03785*x1**2 - 2*x1 + 40.7928 + (x0/(x1**2 - 46.07) - 4*x1 - sqrt(x3) + 2*x5 + x5/sqrt((x1 - x3**(1/4) + x5 - sin(exp(sqrt(x4))) - 82.2562026977539)**2) + (33.7467422485352 - x1)/(-sin(x0/(sqrt(x0) + x1**2) - sin(sin(sin(sin(sin(sin(sin(sin(-x1 + cos(x1**2 - 44.9252) + (x5 - 33.072)/x1))))))))) + 44.9252/(x1**2 - 46.07)) - 2*log(x4)**2 - 23.5482 - sqrt(x3)/x1)/sqrt(sqrt(x3) - sqrt(x4))',7.924468569536653,103243776,9,4,384,7,4096,paper,6,0,3687649985,7.9244704246521,4.717641030586079,47.259591836734685
600.0132136740722,'x4 + (-cos(cos(28.6124 + 23.383171081543/(x1*cos(cos(exp(x6))))) - 9.54099 + 3.45744705200195/cos(0.0427657992370988*x1*x5)) + cos(cos(x5)))**2 + (-(0.774267 - cos(sqrt(x4)))**2 + cos(0.21388*x5)**2 + cos(1.22363264585649*x1 + 34.9988))**2 + sin(log(x3**2)) - cos(x6) - cos(21.0332 - 3.45744705200195/cos(0.0509705*x5)) - cos(log(x3)/cos(x5/x0) - 15.3213) - cos(log(x3)/cos(x5/x0) + 28.6124) - cos(log(x3**2.24883)) - cos(log(x3**2.2556)) - cos(log(x3**3.04532)) + cos(3.45744705200195/cos(x5/x0)) + 7.61565',7.24322275069818,103079936,9,5,384,7,4096,paper,6,0,369133708,7.243361949920654,12.443477722598292,41.03678571428571
600.0033569089137,'1.3946*x4 + x6 - 2*sin(log(x3**4)) + cos(7.7061*x1) + 3*cos(x3**(1/4)) + 4*cos(x5**0.780472) + cos(2**(1/4)*x3**(1/4)) - cos((sqrt(x3)*x4**2 + x3)**(1/4)) - 2*cos((sqrt(x3)*x4**2 + exp(x1))**(1/4)) - cos((sqrt(x3)*x4**2 + Abs(x3)**(2*sin(x0)))**(1/4))',8.767473955503402,105549824,9,6,384,7,4096,paper,6,0,2995172877,8.7674560546875,8.90344338856798,60.70882653061225
600.0244294479489,'x5/sqrt(0.307388*x0 + x4*sin(2*x4) - 3*x4 - 0.307388*x5 - cos(x5**4) - cos((-x4 - 1.36314010620117)**2) - 65.3117 - 37.946*exp(-cos(0.385906*x5 - cos(x0) + 21.9086837768555)) + (5.544*x0 + x3/x1)/x1) + exp(sin(x1 + exp((cos(x1) - cos(sin(x0 + cos(sqrt(x5)))))*exp(-cos(-0.385906*x5 + sin(-x1**2 + sqrt(x5) + x5 + 25.7351 - sqrt(x3)/x1) + cos(sqrt(x5)) + 41.4687))) + 36.6629 + sqrt(x3)/x1)) + sqrt(exp(sqrt(x5)))/x1',7.919847195716076,102141952,9,7,384,7,4096,paper,6,0,865305066,7.85676908493042,5.534067286925753,50.27836734693877
600.0169603950344,'sqrt(x1) - sqrt(x3) + x5 + log(sqrt(x4)) + log(x4) + log(x6) - log(-sqrt(x3) + x5 + exp(exp(2*cos(19.3611450195313/x1)))) - log(-sqrt(x3) + x5 + exp(exp(cos(72209.4/x3))) - log(x3**(1/4) + (-sqrt(x3) + x5)**2 + (-sqrt(x3) + x5 + x6**7.15025 + cos(x0**2))**2)) - log(-sqrt(x3) + x5 - exp(2*cos(23806.9/x3)) - log(-sqrt(x3) + x5 + sin(sqrt(x0))) + 1.65324) + log(log(x1)**2) + cos(exp(cos(17.132*exp(x6**2)/log(x1)))) + 2*cos(cos(x5))',7.561301248189714,102506496,9,8,384,7,4096,paper,6,0,404488628,7.561753273010254,14.258294304261021,102.83325443786981
600.0014390409924,'-0.0250101*x0 - 2*x1 + sin((5.47452 - sin((5.50667 - x5)**2))**2) + sin((5.50667 - x5)**2) + sin((-16.0998*sin(cos(x6)) + cos(x1))**2) + sin(log(x0)**2) + sin(log(x5)**2) + 2*sin(log(x5**2)**2) - cos(x0 + 12.1486) - cos(0.0371027*x0 - x1 + sin(x1) - sin(log(x5**2)**2)) - cos(0.0276902*x0 + 2*x1 - log(x5)**2 - sin(sin(sqrt(x4))) - sin(sin(sin(sin(x1 - exp(x4))))) - cos(0.0238087*x0) + cos(0.0348084*x0) + cos(x1)) + 39.3447189331055',8.309090938802477,92631040,9,9,384,7,4096,paper,6,0,2261209995,7.903877258300781,5.3783243809565136,57.220828402366855
600.0230100650806,'(x6 + (sin(sqrt(x0)) + 13.8824)*log(log((sin(sqrt(x0)) + 14.4838)*log(log(x1))))/log(x1) + 0.409001*(x1 + x5 - 2*cos(x0) - 13.8824)/log(log(x0)) + 15.556)/log(x1) + 2*cos(sqrt(x0)/log(x1)) + cos(0.409001*(x5 - cos(x0) + 41.3301)/log(log(x3))) + cos((x1 + x5 + 17.4277)/(log(sqrt(x0))*log(x1)) + cos(x1**2)) + cos(-0.357949*x5 + 0.357949*cos(x0) + 23.0506) + cos(0.357949*x5 + 0.357949*log(x4) - 0.357949*sin(x5) - 11.5929)',7.540710334761464,102137856,9,10,384,7,4096,paper,6,0,4190266092,7.540709495544434,13.01262827797301,81.26520710059171
600.0240778848529,'0.286645*x5*exp(2*x5/x3) + (log(x6**4) + 35.9023*sin(-sqrt(x1) + x1 + cos(cos(x1) - cos(x5*exp(2*sin(sqrt(x5) + 9.32307) + 2*x4/x0)/(x0*sqrt(log(x1))/x1 - 4.49986)) + cos(-cos(x1) + cos(18.7686386108398/log(x4)) + 38.4841) + 18.4921) + 11.5646 + sin(x0 + log(x4) - cos(x1))/sqrt(sqrt(x0)*cos(x6**4) + x4 + exp(exp(cos(x5))))))/log(x0*log(x3)/(x4 + exp(exp(sin(x5)**2)) + exp(exp(sin(x5 - 28.0546)))))',7.570159208787353,100569088,9,11,384,7,4096,paper,6,0,3160032368,7.57016658782959,8.200994071206008,37.648639053254435
600.0155379779171,'-x1 + exp(exp(cos(x1 - sin(x1 - exp(exp(sin(log(x1 + x5 - log(x0) + log(x1*exp(x1 + sin(x3) - sin(x0 + cos(sqrt(x4)) + 20.711576461792) + x5/x4) + x4*exp(2*x6)*exp(sqrt(x4) + 2*sin(sqrt(x0))) - 45.9188*x5) + 3*sin(sqrt(x0)))))**cos(sin(x1) - 27.5883)))))**cos(x1 - sin(sin(574.559*x1*exp(x1) - exp(2.64114**cos(log(x0 + 16.7604))))))) - sin(6.77634*sqrt(x5)) - sin(exp(x1)) - sin(log(x0)) + 21.2786',11.976485187998737,104132608,9,12,384,7,4096,paper,6,0,3269070126,9.185711860656738,8.025712761781786,61.78745562130178
600.0070293419994,'(x4 + 5.66568)*(x6/(x4 + exp(sin(exp(x1)))) + 0.795354)**2 + exp(2*sin(exp(2*sqrt(x5)/x0) + log(1.54281/(-x5/cos(sqrt(x6)) + 901053.0*log(cos(cos(cos(exp(cos(x5)))**2)/(x4 + exp(sin(x1**2))))) - 1.88951*(-x5**2 - 249.947*exp(-cos(x6))/cos(cos(sqrt(x1**log(x0)))) + 159.386*exp(-cos(0.0794442*x0**2))*cos(x5))**2*sqrt(x3**(-2.33509))/x6**(1/4))**2))/sqrt(cos((x6/x4)**(-0.0307125102350381))))',7.316779503211694,87310336,9,13,384,7,4096,paper,6,0,3081541439,7.316600322723389,9.704689838841729,39.60248520710059
600.0235813539475,'x6 - 3*sin(0.371019*x5) + sin(x5/log(log(x0)**2)) - sin(0.521227 - 34.8844833374023/x1) - sin(6.72134 - 34.8844833374023/x1) + sin((log(x1) + log(x5*log(x1)/(x0 + x3)))**2) + sin((log(x1) + log(x5*log(x1)/(x3 - 45.4729)))**2) + sin(log(35.2837448120117*log(x1)/x3)**2) + sin(log(34.8844833374023*log(x1)/log(log(x5)))**2) + 2*sin(log(x5*log(x1)/x3)**2) + sin(log(sin(cos(x5))**2)) + cos(sqrt(x4)) + 34.8844833374023/log(x1)',7.282914639488741,105435136,9,14,384,7,4096,paper,6,0,3376120482,7.28289794921875,5.941467296744812,52.635621301775146
600.0256804381497,'sqrt(x6) + 3*x6 + 2*cos(x6 + log(x3**4)) + cos(log(x3) + sin(5.35878*sqrt(x5))) + cos(log(x3) + sin(6.78576*sqrt(x5))) + cos(log(x3) + sin(exp(x1))) + cos(log(x3) + sin(log((x3 + 46.1849)**4))) + cos(log(x3) + sin(log((x5 - x6 - 40.7103)**8))) + cos(log(x3) + sin(log((x5 - x6 - 39.8529)**8))) + cos(x6 + sin(x1) + sin(log(x3**4))) + cos(sin(6.78576*sqrt(x5)) + sin(log(x3**4)) - 10.4461) + 19.2758',7.73771390250538,79228928,9,15,384,7,4096,paper,6,0,2204291346,7.7376837730407715,18.563089397080507,65.60082840236686
600.0224342630245,'-0.0351954*x3/(0.0417534*x5/(x5 - 69.73) + 0.0417534*x6**2 + (x5 - 34.2883)/log(x1) - 0.0417534*(x5 + 2.71769)/log(log(x1)) - 1.03242*exp(sin(x0)) + log(x1)**2 + 1.92732313111549/(log(x1)*log(x5 - 69.823)) - 0.0417534*(log(x4**(x5/(0.0346239*x0 - sqrt((x5 - 34.2883)**x6) + 43.2846))) - cos(sqrt(x3)) + 170.133)/(-x1 + x5/(x0 - 64.8308) + log(x1)**4)) + (x5 - 34.2883)/log(x1) + log(sqrt((x1 - 2.50883 + (x5 + log(x1)**8 + 28.4128)**2/(x0 - 62.521)**2)**2.71769))',9.730063494071564,99307520,9,16,384,7,4096,paper,6,0,550243861,7.69916296005249,7.606864198775539,59.17313609467456
600.0092654430773,'(x5**3*(x1**2 + x5*cos(x4**2)**2 + exp(sqrt(x4)) + 23.5304)/x0**3)**(sin(sqrt(x1 + 34.2949)*log(x0/(0.250195*x5 + sqrt(x0/x1)) + sqrt(log(log((x4 + cos(x1 - x3) - 33.0659866333008/x1)**2) + cos(x4 + exp(cos(2*x5))) + cos(x5 + x6))) + 34.2949)**2)/2) + (x5*sin(x1 - 22.2971)**2 + 3*x6)**(sin((37.4437789916992 - x1)*log(sqrt(x5) + x5/(3.99689 + 2*x5/x1) + 34.2949)**2)/2) + log(x1**2) + x5/x1',8.199984903542685,101593088,9,17,384,7,4096,paper,6,0,3606691181,8.19998550415039,9.258120123493686,53.85514792899409
600.0172595328186,'log((-56635.2*x3 + 15.9008*(-0.0247195*exp(x4) + 19016.9*exp((x5 - 37.0088)**2/x0)*log(0.00381466*(-0.0245069*x3 + 1.02088e+7*exp(2*(-41.848 + exp(563.438/x0)/x0)**2/x0)*exp((-41.848 + exp(563.438/x0)/x5)**2/x0)/x0)*exp((53.6479 + (x4 + 0.0186401*(19.0381 - 0.191919*x4**2)**2)**2/x5)**2/x0**2)/(0.0286613*exp(19.0381*sin((31.2231*x0 + 3.28894)**2)) - 41.848)**2 + 0.140196164225429)**2/x4)*exp((x5 - 45.6186)/x4))/x0)',,87867392,9,18,384,7,4096,paper,6,0,1934392872,9.683097839355469,6.476121126493296,40.97751479289941
600.0105795951094,'-log(x0)**2 + log(x5 + 44.5027)**2 + log(-x1*sin(x4) + 4*x5 + exp(4*sin((x5 + sin(exp(sqrt(x1))) + sin(log(x0)**2))/x1)) + exp(4*sin(exp(-2*sin(0.36796*x5))/x1)) - 0.261614*x3/x1)**2 + sin(exp(-x6**4 + 0.291124*exp(2*sin(x5/x1))) + log(x5 + 36.814)**2 + log(x5 + 37.0164)**2 + log(2*x4 + x5 + 74.0327)**2 + log(x5 + exp(2*cos(x3)**2) - log(x1) - 26.2649)**2 - sin(sin(x5)) - 133110.0) - cos(x0)',7.7372492747421875,78729216,9,19,384,7,4096,paper,6,0,2148995112,7.509665489196777,3.3940648419587918,35.17100591715976
600.0046316771768,'sqrt(x3*x5**2/(-x0 - sqrt((x3*x4**2*x5**8/((-x0 - sqrt((-(exp(cos(x4)) - cos(x6))**2 - log((0.999218 - sin(exp(cos(x4))))*sin(sin(sin(x0**2)))**2) + sin(x4**2))**2) + cos(x3))**8*(x0*sin(x1) - x5 + exp(exp(cos(40.612*x4))) + 17.857063293457)**2) - x4 - (-2*cos(38.1651*x5) - cos(x0*sin(x6)) + Abs(x3)**0.0968069*Abs(x4)**0.0484035 + 1.91381)**2)**2) + cos(29.1313*x5))**2 + (cos(3.70406*x3**2) - 8.14341)**2 + cos(x5) + 28.8284)',10.049623462345982,97812480,9,20,384,7,4096,paper,6,0,1592565386,9.681087493896484,5.567975855031616,57.465917159763315
600.0129044440109,'122.586327137147*x1**2*x5**2/x3**2 + sqrt(log(1996.74*x1/log(x0**6*log(31.002*log(sqrt(log(76.5393**sin(x5) + 3.29488))/(cos(0.000814697394840688*x5*(34.8879470825195 - x5)**2)**2*cos(0.0361543621791477*x5**2*(34.8879470825195 - x5)**2/x1**3)**4))/log(0.000475616*x5**2*exp(x6)/(cos(x0) + cos(sin(3.98695e+6*(-cos(x0) - 28.5989074707031)**2/x1**4)))**2))/(x1**8*(34.8879470825195 - x5)**4))**2 + 2036.79*x3/(x0**2*log(x1**2/x0)))/x1**2)*Abs(x5 - 34.8879470825195)',7.708539666975351,92925952,9,21,384,7,4096,paper,6,0,784044718,7.289183616638184,14.10803064553165,67.99668639053255
600.0090622019488,'x4 + 1205.03/(x0 + (x4 + 9.82154)*(1300.32*(x0*x1**2/(x5 + x6 + (x4 - 21.0324)**2 + sin(log(x0)**2) + 2*sin(log(x5**2)**2) - 70.341) - 25.2672)/(x0**2/x4**2 - x0 + 1045.12) + (x1**2*(x0 - cos(x0)) + x5**2 + 2169.55*sin(cos(exp(cos(x5)))))/(-31.7115 - 4563.94/(x1 + (x5 - 71.0996)**2)))/(10.4379 + 1.69084e+6/(x0 + x0*exp(-6.32629e+34*exp(-x0*exp(-exp(x4*sin(x0) - x4)))))**2))',9.523940811584753,79073280,9,22,384,7,4096,paper,6,0,3980425317,9.52387237548828,5.1394952550187005,37.42946745562131
600.0014555468224,'sqrt(x1) + sqrt(sin(log(sqrt(2.4312**x1/sin(x1**x1) + x3 - 1.31615*x5/(5.90095138549805*sin(sqrt(x5))/x4)**cos(sin(sin(380.222*x5**2))) - 407.966*sin(sin(sin(sin(sin(sin(sin(sin(1.04064*x5)))))))) + sqrt((log((-x5 - x5/sin(38.1112*x3))**2 + exp(16*cos(x0 - sin(x1)))) + sqrt(sin(sin(sin(24.2083*log(x5 + log(x5**2 + exp(0.0236969*x0))))))**(-2))*Abs(x5)/x1)**4/sin(x1)**2)/x1) + exp(2*cos(log((-2.42919**x1 + x0)**4)))))**(-2))*Abs(x5)/x1',8.00890442792351,98525184,9,23,384,7,4096,paper,6,0,3356806661,7.323200225830078,9.747458300463096,61.70863905325443
600.0050693238154,'exp(0.0427648*x5 + cos(log(x3)) - 0.164795/(-4.65971 + 23.3837356567383/(0.0245015*x5 + 0.572937*cos(log(x3)) - 0.101003/(-4.65971 + 0.301536/log(x0) + 0.826383*(0.0427648*x5 - 0.179743/(-5.5635*cos(x0) - 4.65933 + cos(x4*cos(x6)/cos(x0))/(sqrt(x1) + log(cos(x3)**2)) + 546.799093264213/x5 + exp(sin(sin(x3)))/x1))*cos(92.1983**cos(x6))/x5**cos(x5))) + 23.3837356567383/(1.28416420442546e-5*exp(x4/2)*cos(x5 + 37.2737) - 4.65933)))',6.207410759808236,101101568,9,24,384,7,4096,paper,6,0,2765379632,6.206353664398193,18.34525648793705,48.59005917159763
600.012794209877,'log(1.01389e+9*x5*(2.72714e+10*exp(sin((-log(sin(log(x3))) + (-x1 + x5 + 18.7959823608398)/(log(x3) + 13.6139))**2)))**cos(log(x3)) + 29.8954*(1/(x6**66.5746*sin(x1)**4) + 1.45543e+8*(5.92215e+17**sin(((x4 + x5)/(x6 - 28.8356) - log(cos(0.030539*x4/x6)))**2)*exp(x4)*exp(x4*cos(x5)))**cos(sin(log(exp(x4*cos(cos(x3 + exp(7.5723991394043/x0)*log(18.1977*log(((18.7959823608398 - x1)**cos(3.13501e+6**cos(x5)))**cos(x4 + x5)) + 437.977))))) - 0.865664) + 30.3042))**cos(log(x1))*exp(x4))',13.511918625241286,101376000,9,25,384,7,4096,paper,6,0,1728356533,12.721418380737305,18.325794691147333,45.5971597633136
600.0076146388892,'x6**(1/4)*sqrt((x4**2 - sqrt((x3 + exp(2*sqrt(sqrt(x3)*sqrt(x4)*sqrt(x6)))**(1/4)*exp(-sin(x5**2 - 40.5709)/4))*exp(-sin(sqrt(x4) + log(sin(sqrt(x4 + log(sqrt(x3))))**2)))) + 18.0311*exp(2*sqrt(sin(exp(sin(sqrt(x4) + x6*log(x1**2))))))/sin(sqrt(x4 + sin(x0) + 3*sin(x1) + sin(sqrt(x4)) + 2*sin(log(x3**4)) + sin(log(log(x3)**36.5943)) + sin(log(cos(x4)**2)) + cos(x5**2) + cos(exp(sqrt(x0))) + 36.4893)))/sin(sqrt(x5)))',9.104881000337873,101601280,9,26,384,7,4096,paper,6,0,3533734220,9.050837516784668,6.754939399250362,53.533017751479285
600.0300776620861,'cos(1.35264e+14/(x5**2 + 434.495)**2)**2 + 20.4488296508789/(sin(sin(20.8445*sqrt(exp(-sin(sin(6444.70448458451/(x4 + x5**2))**2)))) + sin(sin(sin(log(x3) + 20.918)**2)) + 30.7695)**2 + sin(sin(log(x3) - sin(sin(log(x3) - sin(log(((sin(x1 - 0.683706)**2 + sin(x1 + 6390.13591370895/(30.7695 - sin(sin(log((sin(log(x4**32.3677*exp(-2*x5)))**2 + 30.5996)**2)) - 3.42652)))**4)**8 + cos(sqrt(x3) + 32.4664916992188) + 30.7695)**2)))))))',7.56822141985504,70660096,9,27,384,7,4096,paper,6,0,2342600226,6.870342254638672,19.771962834895394,129.35147928994084
600.0140070740599,'16.2596 + (x1**2*cos(1.41887e+6*x1**2) + 4.15635*x6 + (exp(sqrt(x4))*cos(sin(x4**2)))**(cos(sqrt(x0))*cos(sqrt(x5))) - 30.9019*cos(x1*exp(-39.4643020629883/(x0*x6))*cos(23.017*cos(exp(-20.7960127763113/x0))))*cos(0.404276*sin(x5) + 22.5095 - exp(-exp(sin(exp(exp(exp(-41.3525543212891/(x0*x6))))))*cos(sqrt(x5)))*cos(log(x3 + 63.8621)) - 1/x5**(0.99902*sin(x1))) + 30.5273 + exp(-2.30386*sin(0.579074*x0)) + exp(-x1*sin(x1 + 36.2589340209961)*cos(sqrt(x0))))**(-0.87184*sin(x1))',9.856942670962148,106143744,9,28,384,7,4096,paper,6,0,1904449481,9.189814567565918,5.87556423645094,39.72082840236687
600.009030443849,'log((x0 - 46.3514*sqrt(x3) + 47.3514*x5)/x3**(45.2334518432617/(-0.112957*x0 - exp(-sin(8.85295104980469*(2*x5 + 9.73838)/sqrt(sin(log(x5**2))))) - exp(-(0.0228242899537392*sqrt(x3) + 1.59310573125248)*sin(sin((0.0215743096638989*x5 - 0.00286263047859276*x5/log(x0/(2*x0 + 7.44472*x3**cos(x0 - 5.05501) + x5)**(45.9862289428711/(x0 - 14.5294))))*sin(sin(sin(sin(0.325199124613211*x5 - 0.0128166543843023*x5/log(41.4597091674805/(45.2334518432617/(x5 + 9.73838))**(sqrt(x3)/(-0.112957*x0 - exp(exp(-11.9209*exp(x6)/x3**cos(25.5807*x4))**cos(x0)))))))))))))))',7.63907196218964,112193536,9,29,384,7,4096,paper,6,0,1934709049,7.638383388519287,6.872870582903793,50.51928994082839
600.0037459728774,'-0.00137467*x3 + x6 + sqrt(x5**2*exp(2*x5**(1/4))/(x3 - x5) - 46.2496 - 46.2496070861816/cos(cos(x1)**2))',8.97094149808038,203472896,9,0,384,7,8192,paper,4,0,3324115916,8.970942497253418,8.854690536016149,44.4359693877551
600.0046628459822,'-x1 + exp(exp(18.2307**(sqrt(x4 + sqrt(x5) - 13.9263*cos(10.6089*cos(0.0726278*x5 + 3.15283)))/x0))) - 10.6089*cos(sqrt(x5))',11.027885314314531,204636160,9,1,384,7,8192,paper,4,0,2811363264,11.027877807617188,16.380597788350727,43.733112244897946
600.0115176090039,'x6*sin(32.024543762207/x1) - log(x3)**2 + log(x5**2)**2 + sin((x5 - 4.41724)**2) + sin(log(x5**2)**2) + 11.4494',8.312709377513452,206594048,9,2,384,7,8192,paper,4,0,1884968544,8.312468528747559,8.288039529804514,65.46061224489797
600.0117021750193,'x5*exp(sin(exp(exp(-8.30923080444336*cos(x1 - sin(sin(x1*log(x3))) + cos(x5/(x1**2 - 31.2908)))/(x0 - 33.9058)))))/x1',9.65528294866164,206651392,9,3,384,7,8192,paper,4,0,1859786275,9.655302047729492,12.440822108326476,95.62836734693876
600.0070127118379,'-1.03222*sqrt(x3) + 0.0245828*x3/(x1 - 1.03292*sqrt(x3) + x5 + exp(exp(-x6 + 124.985*exp(-x1)))) + x5',8.896980888664395,206618624,9,4,384,7,8192,paper,4,0,3687649985,8.896933555603027,6.039926321870951,47.259591836734685
600.0006752351765,'x6 - log(x1) - cos(exp(sqrt(x0))) + 8.12542 + (x4 + x5)/x1 + 5.5935*(0.493542*x5 - log(x1/x3)**2)/x1',8.771478284103239,211664896,9,5,384,7,8192,paper,4,0,369133708,8.234521865844727,11.731855361672714,41.03678571428571
600.0180743071251,'0.0279844*x0 + (x0/x5 - sqrt(x5 - 33.9516))**2 + sin(x0 + sqrt(x4)) + cos(1.42642*x5) + cos(x5/log(x0))',9.892386777245282,207273984,9,6,384,7,8192,paper,4,0,2995172877,9.892377853393556,8.972290615533302,60.70882653061225
600.0103061969858,'12.3819**log(x5 + log(x4**2*sin(log(2.37228e-9*x3)) + x5*cos(243.542*x5) + 8.89719))/(x3 - x5 + 30.167)',7.956448299677617,207536128,9,7,384,7,8192,paper,4,0,865305066,8.009419441223145,11.04193941890935,50.27836734693877
600.0136670127977,'sqrt(41.6422*cos(x1**2)/sin(x1) + x5**2*(25.6903 + cos(0.0413048*x0)/sin(sin(x1)))*exp(-sin(sqrt(x5)))/x0)',9.002834546613359,211148800,9,8,384,7,8192,paper,4,0,404488628,9.00283432006836,13.694242597444198,102.83325443786981
600.003637087997,'x5*(29.0787506103516 - cos(log(x3)))**2/(x3 - x6) + log(25.5412**sin(x5/(sin(x5) + 35.9405)**(1/4)))/log(835.182637476919/x4**2)',7.458656440595759,207020032,9,9,384,7,8192,paper,4,0,2261209995,7.4586501121521,6.083772418154136,57.220828402366855
600.0226618081797,'6.62358106856669*sqrt(-(-x5**2 + exp(x1))/x0**2)/sin(sqrt(x5)) + sqrt(-x0 - Abs(x6)**1.94697/Abs(sin(x1))**1.94697 + 526.979)',10.81736301297656,205430784,9,10,384,7,8192,paper,4,0,4190266092,10.817359924316406,17.46330564062566,81.26520710059171
600.0113312369213,'x1**2/sqrt(x1 - sqrt(x3) + x4*cos(4.67526/x6) + x5) - 1.79662*x1 - sqrt(x3) + sqrt(x4) + x5',8.699143256425485,212082688,9,11,384,7,8192,paper,4,0,3160032368,8.699141502380371,5.5978913062321105,37.648639053254435
600.0180142892059,'11.9588165283203*(x5 - log(x4**2)*sin(sin(sin(sqrt((x5 - exp(2*sin(x5)**4)*sin(x5))*log(x4))))))**2/x3',7.684557596868328,205570048,9,12,384,7,8192,paper,4,0,3269070126,7.684561729431152,2.1144536717627394,61.78745562130178
600.0174737980124,'29.794189453125*(x5 - 37.2846)/(x3**0.476058 + sin(exp(x1)) + cos(log(sin(0.711109*x5)**2)) - 8.6677) - 9.72066497802734',7.553845303122162,207134720,9,13,384,7,8192,paper,4,0,3081541439,7.553807258605957,7.352193962876244,39.60248520710059
600.0134793210309,'(-x4*cos(0.00140321*x5**2)/sqrt(27.484504699707 - x4) + sqrt(21.7844848632813 - log(cos(10.0334*x5)**4)) + 18.6735916137695)*exp(sin(cos(log(x3))))',7.584630583417301,212099072,9,14,384,7,8192,paper,4,0,3376120482,7.570487976074219,6.102123286086703,52.635621301775146
600.0113356017973,'sin(5.83672*x5) - 2*sin(18.5208*x5) + sin(x5/x1) - cos(x0) + 292.567887002966/sqrt(x0)',10.143704056339846,206839808,9,15,384,7,8192,paper,4,0,2204291346,10.144930839538574,25.51883961126813,65.60082840236686
600.0145133270416,'x6 - log(x5**sin(log(15.242**(x5/(x1 - log(x0)**2) + 15.242 + 12.1361618041992/x1)))) + 26.815*cos(cos(2073.84*x1))',12.543619960199209,205430784,9,16,384,7,8192,paper,4,0,550243861,12.488168716430664,30.98657799770503,59.17313609467456
600.0100464969873,'0.169091*x5*sin(sin(sin(log(x3**2)))) + x5 + x6 + sin(5.51673*x5**2) + sin(x6) - 52.8357',8.023540218457637,211877888,9,17,384,7,8192,paper,4,0,3606691181,8.024381637573242,7.184177797133516,53.85514792899409
600.012705026893,'(x5 - (-2*x0 + x3)/x5)/log((x0 - x5 + 29.2551)/x1) + (-x3/(x0 - 29.2551) + x5 - 6.79225)/x1',8.876777958054795,207945728,9,18,384,7,8192,paper,4,0,1934392872,8.876777648925781,4.63783608156671,40.97751479289941
600.0070171030238,'x1 + (log(x0) - log(x3))*exp(sin(log(x0*x3)))*exp(cos(sin(sqrt(x5))**2)) + log(x5 - 43.985)**4/log(x0)',9.863614376813864,208232448,9,19,384,7,8192,paper,4,0,2148995112,9.863612174987791,4.410074417501206,35.17100591715976
600.0128793478943,'-2*cos(1793.28/x5) - cos(x5/sqrt(log(sqrt(x3)))) - cos(23.5189*log(x5)) + 65215.6/x3',8.858575786917243,209108992,9,20,384,7,8192,paper,4,0,1592565386,8.858566284179688,7.090756610781181,57.465917159763315
600.0216042548418,'806.957*x5/(x3 + x5/x6**2) + exp(5.10024e-6*x4**4) - x4*sin(sin(sin(0.365845*x5)))/x1',7.165133322850816,207249408,9,21,384,7,8192,paper,4,0,784044718,7.165147304534912,14.673169046502997,67.99668639053255
600.017023561988,'-sqrt(x0) - x1 + log(sin(sqrt(x5))**(-10.8523)) - cos(sqrt(x0)) - cos(x0) - cos(sqrt(x3/sqrt(x5)) - cos(x1)) + 36.8942337036133',10.81975143544036,207339520,9,22,384,7,8192,paper,4,0,3980425317,10.81973648071289,7.246117879833887,37.42946745562131
600.0171546980273,'(x1 + 5.37475088562433/sqrt(0.095951*exp(sin(sin(x1))) + 0.095951*sin(sin(0.154523*x5))**2))/log(-exp(sin(exp(-0.0772614*cos(x0)))) + log(x0))',8.844047929090246,211083264,9,23,384,7,8192,paper,4,0,3356806661,8.84410285949707,10.069859278984078,61.70863905325443
600.0163916798774,'-2*x1 + log(((-sqrt(x0) + x1**2 + cos(exp(cos(x5))))**(x5/sqrt(log(x0)) - 34.3746) + exp(cos(x0)**2))**2) + 30.329',10.751723610704536,205643776,9,24,384,7,8192,paper,4,0,2765379632,10.751693725585938,6.348010185828775,48.59005917159763
600.0016303430311,'-871.043635513852*x5/(x1*sqrt(x3)*cos(0.389066*x5)/log(731.14885903988/x4**2) - x3 - x4 - 90.1563)',7.406842693351847,207167488,9,25,384,7,8192,paper,4,0,1728356533,7.406856536865234,8.142589457679971,45.5971597633136
600.0078869140707,'-(19.2713928222656/x0)**cos(log(log(x0)**2)) + 24.4733 - 24.4732913970947/(x5/log(sqrt(x3)*exp(cos(x5)/x1**2)) - 22.5828)',9.771036008219,211042304,9,26,384,7,8192,paper,4,0,3533734220,9.770994186401367,5.316421841631077,53.533017751479285
600.0021496301051,'x4**cos(x5/log(sqrt(-3519.12*x0 + 523.847*x3))) - cos(x5**2) + log(1.47991e-9*x5)**2/sqrt(x0 + x6)',8.353668275904079,207798272,9,27,384,7,8192,paper,4,0,2342600226,8.353350639343262,27.347534015654194,129.35147928994084
600.0279188649729,'10.1099 + 10.1098785400391*exp(-cos(log(x0 - x4 + 14.8494) - cos(sin(sin(31.5692**sin(log(sqrt(x5))) + exp(log(x3)**(1/4)))) - 0.467841)))',10.204163993394356,209707008,9,28,384,7,8192,paper,4,0,1904449481,10.204168319702148,5.7294502467465245,39.72082840236687
600.0029605869204,'1.28505*x5**(5/2)/(x3 + x5 + (-x0*x6*sin(x5) + sqrt(x3))*cos(0.44274*x5))',7.4112523174544656,209231872,9,29,384,7,8192,paper,4,0,1934709049,7.411262035369873,11.763101235115228,50.51928994082839
600.0192216981668,'(x1 + 2*x5 + x6**2 + (x1 + x4**2/log(x5))**cos(sqrt(x1 + x5 + 10.6947) + sin(x6)**(-x4 + x5/2 + sin(x5)/2 + 5*cos(x5**2)/2) + 45.9845) - 16.7992 - (0.00072941*x3**(3/2) + 4*x4 + 4*sin(x5**2) - 125.921 + 0.42099*(sqrt(x3) - 18.1958)**2/x1 + (sqrt(x3) - 18.3563)**2/x1**2)/x1)/x1',6.851144120365672,138682368,9,0,384,7,8192,paper,6,0,3324115916,6.851140022277832,7.093982966207698,44.4359693877551
600.0221253249329,'x1 + sqrt(x6*(x5**sin(x1 + exp(sin(sin(x6**2))/2) + sin(x0 + sin(sin(sin(sin(sin(x0 + x1)))))) + sin(log(x5**2))) + sin(x1 + 37.1283*x5) + cos(x0**2) + 22.3947)) + (sin(x0 + sqrt(x4)) + sin(x1 + x5**sin(sqrt(x1))) + sin(x5**2 - 8.3909) + 23.7427)**sin(log(x1 + (-x6 + log((38.0248*x4*x5)**sin(x1 + sqrt(x0 + x4)) + sin(x0 + sqrt(x1) + sin(sin(sin(sin(x1 + sqrt(x1*x5 + 20.6218*x5))))))**2) + cos(x6) + 23.7426681518555)**sin(sqrt(x1))) - sin(sqrt(x5)) + 23.7427)',7.572956956116321,183271424,9,1,384,7,8192,paper,6,0,2811363264,7.572933197021484,11.197006542178697,43.733112244897946
600.0120208770968,'x5 - log(-x4 - log(x3) - sqrt(log(x3**2)) - sqrt(log(Abs(x3)**(8*sin(x5)**6))) - sin(exp(2*x6) + 3.26659) + 44.0960006713867) - log(Abs(x3)**(2*sin(log(Abs(x3)**1.67161)))) - sin(sqrt((-x5 - (sin(sqrt((-x5 - Abs(sin(x5))**(2*sin(sin(x5) - 31.8398)) + 75.9358139038086)**2))**2)**sin(sin(log(Abs(x3)**(2/Abs(sin(x5))**1.072)))) + 76.1314926147461)**2)) - sin(sqrt((-x5 - (sin(sin(Abs(sin(x5))**(-2*sin(2.94953*x1))))**2)**sin(x5) + 75.9358139038086)**2)) - 39.8461',6.747761359951876,101638144,9,2,384,7,8192,paper,6,0,1884968544,6.744174003601074,3.9297651219131846,65.46061224489797
600.0124821891077,'x6 + (-2*x1 + x6 - cos(x0) - cos(sqrt(x0 + x6 + 2*sin(x5))) - cos(exp(x1)) + 28.1011199951172)*log(log(23.8665*log(log(exp(cos(0.0685826*x0) + cos(953.092733593716*x0/(-x6 + exp(exp(x5/x3)))**2) + cos((sqrt(log(x3)) + sin(x5))*cos(log(x3) + log(x6)**2)) + 26.9231*cos(sqrt(x5) - 22.8392) + cos(27.6596*sqrt(log(x3))) + cos(29.8784*sqrt(log(x3))) + cos(1034.36*cos(x0 + 13.6882))) + sqrt(log(x3))*cos(log(x3) + log(x6)) + cos(23.5002*sqrt(x1) + 23.5002*x5 - 321.041) + 7.41844))))',7.594843109148688,187809792,9,3,384,7,8192,paper,6,0,1859786275,7.4241943359375,11.934036567462925,95.62836734693876
600.019476884976,'sqrt(30.3687**(sqrt(sqrt(21.9814*cos(log(x3)) + 19.0865) + sin(log(x5)))) + x5 - (sqrt(x3) + x5)*cos(log(x3)) - (25.7121**(sqrt(sqrt(-x6 + 21.9814*cos(log(x3)) + 19.8412) - 0.485307)) - x5*x6 + sqrt((x6*(x5 - 11.238) + sqrt((45.3696*x1)**(sqrt(sqrt(x4) + sin(30.3687**(x6**(1/4))) - sin(34.3851*x5)))))**(sqrt(sqrt(x4) + sin(x5 + sqrt(-sqrt(x4) + 19.8412*cos(log(x3)) + 19.8412) + 42.9484)))) + exp(x1/2) + 189.723*cos(2*x5 + cos(x5 + sin(x4))) - 45.36962890625)*cos(sqrt(x5) - 0.836546) - 45.3696)',5.85021117612623,185425920,9,4,384,7,8192,paper,6,0,3687649985,5.850060939788818,6.881765018499797,47.259591836734685
600.0048332351726,'log(5.58695082189843*x6*(1.08345 - cos(x5**2))*(1.09318 - sin(0.805723*exp(exp(sqrt(log(x5))))*exp(-sqrt(log(x5)))))*(1.29732 - cos(x0))*(x6 + log((log(log(x1)**2) - sin(x1))*log(x1)))**2*(log(x1) + sin(39.3571*x1**2/x0))**2*(log(x1) + sin(40.8578*x1**2*sin(log(x1))*sin(log(x3))/x0))*(log(log(x6/x1**2)**2) - cos(sqrt(x0)))/sin(0.0890783*x5*sin(sqrt(log(x5))))**2) + 40.857795715332/log(x1)**2',8.565707399441687,134971392,9,5,384,7,8192,paper,6,0,369133708,8.565275192260742,15.228819723967879,41.03678571428571
600.0032576681115,'((x0 + 8.66969e+8*x1**(2*x6 - 20.3221) - x6 - (log(x4) - cos(0.462742*x5) + cos(sqrt(x5)*exp(x6)) - cos(x0 - sqrt(-sqrt(x4) - x4 + cos(36.0675*x3) + cos(15.1642*x5) + 2*cos(x0*x5) + 31.0463066101074)) - 7.9967)**2 + sin(23.098*x3) + cos(x4**3.35577) + 2*cos(sqrt(x0*x5)) + cos(x0 - x5/(x6 - 7.9967)) - 11.7162 + sin(sqrt(x5))/sin(x4))**(1/4) - cos(1.27793*sqrt(x5)) - 7.9967)**2',6.963024128689226,160866304,9,6,384,7,8192,paper,6,0,2995172877,6.965804100036621,9.769118817267767,60.70882653061225
600.0213392418809,'-sqrt(x0*log(-sqrt(x0) + x0/log(x1) - 2*sin(2*sqrt(x0) + 26.1846122741699) - sin(x0**(1/4) + sqrt(x0) + 45.1704597473145) + cos(771.939/log(-sqrt(x0) + x5 + 16.5862)) - 44.9269332885742 + 44807648.3224346*exp(-2*sqrt(x0)))/log(log(sqrt(x0/log(sqrt(x4)))*(x0/(43.0221557617188 - 2*sqrt(x0)) - x1 + sin(29.3018131256104/x1) + 4.16178)) - cos(771.939/log(sqrt(x4) + 2.79493*x5)) - cos(771.939/log(2.79493*x5 + 20.2692642211914/x1)))) - sin(x5) + 44.9269332885742',9.246953151797468,163004416,9,7,384,7,8192,paper,6,0,865305066,9.24698543548584,8.466300263657892,50.27836734693877
600.0143646812066,'sqrt(6.20656e+7**(log(cos(sin(log(log(sqrt(x3) + 31.8521499633789/log(x1))**21.1467*cos(sin(log(-32.6974487304688*sin(sin(sin(sin(0.0738165*x5))))/sqrt(x3))))))))**4)*(x4 - cos(3.02149e+28**(cos(sqrt(sqrt(x3) + 32.2620468139648/log(x1)))**4) + x6**2) - cos(x6**2 + (8.55956e+32*sin(x6))**(cos(sqrt(sqrt(x3) + 32.2620468139648/log(x1)))**4)))) + 31.8521499633789/log(x1) - 0.130028*(sqrt(x3)/log(x1) + 6.85202)/(3.9527e+33*sin(x1)**4)**(log(cos(sin(log(-sin(sin(sin(sin(0.0738165*x5))))))))**4)',7.44654314680061,130842624,9,8,384,7,8192,paper,6,0,404488628,7.263840675354004,10.77899436070111,102.83325443786981
600.0057203960605,'-3*x1 + sqrt(x5) - x6 + (x6 + log(cos(0.032317*x5 + x6)**2))**2 - log(log(cos(sqrt(x5))**4)**2) + log(cos(sqrt(-x1 + sqrt(cos(sin(x0 - 26.9691))) + 24.3984) - cos(log(x1**2) + log((192.81*x0**2 + 2*x4**4 - x5**2 - 566892.0/x1**2)**2))**4)**2) - cos(x0) + cos(sqrt(x6) + log(x3**4)) - cos(log(log(cos(sqrt(x5))**4)**2) + sin(sin(sqrt(x0))) + cos(x5 - 7.11887359619141)) + 32.6258239746094',8.173779438769488,96067584,9,9,384,7,8192,paper,6,0,2261209995,8.173823356628418,6.972295191885051,57.220828402366855
600.0206523248926,'sqrt(x5 + (sqrt(x4) + x5 + exp(x6))*cos(log(x0)*log(cos(log(481.961*sqrt(x3)/(x6 + exp(x1) + 2*sin(exp(x4))))*log(cos(x5**x1) + 23.7876) - 8.91641) + 6.06892 - cos(exp(log(x0)*log(sqrt(x1)*cos(exp(x6)) + 23.7876 + 3.17/(x1 + 21.3169))))/x1) - log(x1 + x5)*log(x5 - 8.95609)) + 23.7876)*cos(log(x0)*log(sqrt(x5*cos(x0) + x5)/(exp(x6) + 22.5537) - 0.0392157*cos(x4)**2/cos(x1 + x5) + 6.17369) - 8.91641*log(x1 + x5)) + 23.7876',8.587257462877373,191324160,9,10,384,7,8192,paper,6,0,4190266092,7.915332794189453,9.613848080544601,81.26520710059171
600.0088856609073,'sqrt(log(x5*x6/log(x0))*log(x1*x6*((x5/sqrt(sqrt((x3**cos(2*x5/x1 + 4.3026/x1) + 109.724*x6**2*(44.9671**cos(sqrt(log(x1))*log((-x3 + x5*exp(-sin(x5)))**4)) + exp(sin(x5)))**4/x4**4)*log(9.37867**log(((exp(x6) + cos(x0))**5.64409 - 21.2119)*exp(sin(x5) + x5/x1))))*log(x0)))**(x5/log(x0)) + 0.805152)/(3.24586*log(x5) + 3.24586*log(x5**cos(sqrt(log(x1))*log(x6**2*log(x0)**4)))))) + x5/x1',9.092797839453288,147783680,9,11,384,7,8192,paper,6,0,3160032368,7.813649177551269,6.3371074070958056,37.648639053254435
600.0301533129532,'log((exp(x5/2)/(x4 - 7.14251))**cos((3.78584e-13/sqrt(x4))**cos(23.2803*exp(cos(x1**2))))*sqrt((exp(x5/4)/((x4*(exp(-x1)*exp(2*x4))**cos(sqrt(x0 + 8.49116)))**(1/8)*((x0*exp(x6)*exp(x4*cos(cos(x3)))/(4.06412e+10**cos(exp(2*x6))*cos(x1)**4))**cos(32.8988*1.2898e+10**cos(295.56*x5)))**(1/4)))**cos(37.2849*exp(x1**2))*exp(sin(x0 + sqrt(x4) + sin(sqrt(x0))))/(exp(sqrt(x0)) - 46.5701))*exp(sin(sqrt(x0)))/(exp(sqrt(x0)) - 46.5701))',2660.0849026580727,151191552,9,12,384,7,8192,paper,6,0,3269070126,6.997698783874512,2282.8500560587167,61.78745562130178
600.0024733231403,'(x6 + sqrt(x5*(5.52836*sqrt((x1 + x5)/x1) + sqrt((x4 + x5)*exp(cos(sqrt(x0)*cos(sin(x1))))*cos(0.402407*sqrt(x0 - 0.245311*x5))**8))/x1) - sin(8.2399*((x3 + 937.966796514171/(x6*(2.99635*x6 - 1.49817*sin(sin(exp(exp(sin(sin(x0))/2)))) - 8.74107)))**2/(x1**2*sqrt((x5 + log(x0))/x1)))**(1/8) + log(x5)) + cos(5.52835886769478*sqrt(x4/x1))/(1.48183*x1 + 1.48183*x6 - 1.48183*sin(sin(sin(x1))) - 8.74107))/cos(sin(sin(44.0689*x5)))',6.944328035580656,166420480,9,13,384,7,8192,paper,6,0,3081541439,6.947110652923584,16.322732814551735,39.60248520710059
600.0086957658641,'9.18277 + exp(x5/(sqrt(-x1 + sqrt(x3) - x4 + cos(x0) + 71.8810272216797) - cos(-x5/(sqrt(x3) - 30.6056) + log(sqrt(x3) - x6**2 - 62.8881568908691 + (10.3429*sqrt(exp(sqrt(x5)))/(sqrt(x3) + sin(x4**2 - x4) - 38.2039) + 364.076961709652/x1)/(x1*cos(sin(1000.56*x5*exp(x1)))*cos(sin(x5/(sqrt(x3) - 30.6056) + 31.2884426116943/x1)))) + sqrt(x5 - 14.3414)/x1) + 9.18277359008789))/(x1*sqrt(cos(sin(36.73*sqrt(cos(sin(36.73*sqrt(27.2785592079163 - x1) - 36.73*exp(2*x1)))) + 1343.31905271602/x1))))',10.0420324642226,171876352,9,14,384,7,8192,paper,6,0,3376120482,6.868947982788086,12.599630603218365,52.635621301775146
600.0321059869602,'(x5 + cos(36.6387*x3) + cos((x0 + x4)/x1**2) + cos((x4 + 188.432)/sqrt(x1)) + cos((x4 + 22.3843*exp(x6))/sqrt(x1)) + cos(0.266158*x4 + 5.95774*exp(x6)) + cos(0.19788*(x5 + 4.15409)**2) - 20.876)/sqrt(x0/(exp(4*cos(45.6231994628906/x5)) + cos((x5 - 42.8272)/sqrt(x1)) + cos(0.0223085632122479*x5*(cos(x0**2) + 24.3296)) + cos((0.499361066083536 - 0.0223085632122479*x5)*(cos(exp(sin(x5))) + 18.8444)) + cos(x0 + log(x4)) + cos(0.19788*(x5 + 4.15409)**2) + cos(exp(2*cos(x0)))))',6.513692766745389,132440064,9,15,384,7,8192,paper,6,0,2204291346,6.515549659729004,27.10478709336623,65.60082840236686
600.0007474687882,'-x1 + x6 + exp(0.033994*x5) + exp(x5/(-sqrt(x5) + exp(x0/(-x6 + cos(exp(x5*exp(-x5/(x1 - x6 + 46.1541633605957)))) + 31.445686340332)) + 14.7085))**cos(x1 - sin(sin(log((x0 + sin(0.0247195*x3) - sin(0.0617215*x3) + cos(x0**2))**2))) + 20.818) + sin(0.151462*sqrt(x3)) - 7.97829*sin(log(x3) + cos(0.0366064*x5)) + cos(exp(0.0365753*x5)) + Abs(sin(1.79241e+10*x5**2*exp(-x1 + x6 - exp(0.033994*x5))))**(1/32) + 14.7084770202637',7.874426151385603,168714240,9,16,384,7,8192,paper,6,0,550243861,6.557079315185547,8.80964964526306,59.17313609467456
600.0306129138917,'x1 - sqrt(x3) + x5 - exp(-sin(log((1.1313e+7*exp(sqrt(-sqrt(x3) + x5 + x6 - cos(x5 - log(x6)))) - exp(exp(x6)))*log(x1)*log(log(sqrt(x3*exp(cos(x0**2))*exp(cos(x4)) - 263.785)))) - 23.4186706542969)) - exp(-sin(exp(sin(4.42572784423828 - exp(-sin(39.6682357788086 + exp(-sin(exp(sin(4.42572784423828 - exp(-sin(log(1.1313e+7*exp(sqrt(-sqrt(x3) + x5 - cos(x0/sqrt(x4)) + cos(exp(cos(1.26601*x5)))))*exp(-sin(log(x1*(x1 - exp(sin(log(263.785*exp(2*exp(x6)))))))))*exp(cos(cos(31.998*x5) - cos(cos(x5))))) - 4.60014343261719)))) + 39.6682357788086)))))) - 4.42572784423828))',7.651417953515086,181485568,9,17,384,7,8192,paper,6,0,3606691181,7.651637077331543,8.71787681698096,53.85514792899409
600.0008038680535,'(-sin(sqrt(x4)) - cos(sqrt(x5) - cos(32.1885*sin(sqrt(x5)))) - cos(exp((32.723014831543 - cos(sin(x4))**4.93193)*sin(sqrt(x5)) + cos(sin(cos(32.723*x3))))) - cos(exp(31.7883310317993*sin(sqrt(x5)) + cos(x0))) - cos(exp(32.1883379401988*sin(sqrt(x5)) + cos(x0))) - cos(0.749284*exp(31.621156334877*sin(sin(sqrt(x5))))) + 32.1884841918945)*sin(exp(cos(log(sqrt(x5)/(x3 - x5))))) + exp(cos(sqrt(x1) + (32.723014831543 - sqrt(x5*((32.1884841918945 - log(x6**2))*sin(sqrt(x1)) + sin(sqrt(x0)) + 30.4428)))*sin(sqrt(x1)) + 4.93193))',15.682791322314491,179134464,9,18,384,7,8192,paper,6,0,1934392872,6.580760002136231,7.92418479647468,40.97751479289941
600.0083219239023,'(sqrt(-log(sin(sqrt(x5))) + cos(cos(log(43.7467*x3))))*(-x1 - sin(x1**2*sqrt(cos(sqrt(cos(sin(log(42.8172*x3))))) + 0.286766) - sin((x1 - sin(sin(sin(log(x4 + exp(cos(1.78907*x0 - 5.52547e+6)))))))**2)) + 24.7955) + (log((log((-sin(log(x0/(x1**4 + (x4 - 18.2688)**2))) + cos(cos(x1 - log(cos(cos(cos(log(log(sin(sqrt(x5)))**2) - cos(cos(Abs(x1)**(2*x6))))))))))**2) - sin(log(1.96679*x0)))**2) - sin(log(x0/x1**4)) - sin(log(cos(log(0.0786501*x3)))))**2)*sqrt(cos(sin(sin(sqrt(x5)))))',7.639816655586728,130916352,9,19,384,7,8192,paper,6,0,2148995112,7.077651977539063,3.2386622055638585,35.17100591715976
600.0220966578927,'719.106*sqrt(1/x3)/sin(sqrt(x5 - sqrt(-x4 - x6**2 + cos(10.3456*sqrt(x3)) + cos(x1**2*exp(sqrt(log(x3)))) + 32.1674652099609))) + log((sin(12.4336*log(x3)*sin(log(x1)*sqrt(cos(cos(0.0779501*log(x0*sin(x6)) + 0.0779501*sin(sin(sin(12.8287*sin(sin(x5))))) - 978127.0))))) + sin(exp(sqrt(x5 - 6.44737))) + 2*sin(exp(sqrt(log(x3)))) + sin(log(x4)) + sin(sin(exp(sqrt(x5 + 0.967707)))) + 5.55957)*exp(sin(x1 - 15.472))*log(x1))**2',8.371914781348337,154165248,9,20,384,7,8192,paper,6,0,1592565386,5.955306053161621,4.645732488346407,57.465917159763315
600.0042266049422,'-2*x1 + x6 + exp(cos(log(x3))) + log(x5**exp(cos(log(x3)))) - sin(x5**0.770992) - 2*sin(x5**0.815503) - sin(x5**sin(0.637084*exp(sin(sin(exp(cos(1.42699/(x0 - 73.6507)))))))) - sin(sqrt(x0)*exp(exp(sin(x6 - exp(x1)))/2)) - sin(sqrt(x0)*exp(-sin(exp(x1) - 27.9857330322266)/2)) - sin(sqrt((x0 + log(x3))*exp(-sin(sin(exp(x1) - sin(exp(sqrt(sin(sqrt(x5)))))))))) + sin(x0 - exp(cos(sin(x6)))) + sin(exp(x1) - 27.5686798095703) - sin(sin(sin(x5**sin(x6)))) + 27.9857330322266',6.755082486001584,194781184,9,21,384,7,8192,paper,6,0,784044718,6.755156517028809,15.086906078273758,67.99668639053255
600.0031511818524,'x6 + 0.198957*(-0.749589*exp(2.50253*log(sqrt(x4))*cos(cos(x6 - log(log(x0)**21.8359)) - cos(cos(45.6266*x0)))) - 10.8644)*cos((-0.0528327*x5 + 0.0528327*log(0.105835*x3) + 1.04434)**2) + (x1 + x4 + exp(sqrt(log(0.93115 + exp(-2.67091768885053*sin(log(log(x0)**29.2156) + 43.0236))))) + exp(cos(exp(sin(log(log(x0)**29.2156) - sin(x6))))) + exp(-2.55902*cos(sqrt(x4 + sin(x0 + sin(x6)) + cos(cos(x0)**8)))))*cos(sin(12.0314559936523/x1))',6.73404059329756,162627584,9,22,384,7,8192,paper,6,0,3980425317,6.735703468322754,7.3738919927582325,37.42946745562131
600.0139979820233,'x6 + log(582.497*(x5 - 45.9585)**2*(log(x1**2*(x4 - 38.1665)**2*cos(26.1594*x5)**2/(cos(x0) + cos(sin(x0 + x5**2*log(x6))))**2) - sin(8.19419*x5) + cos(x4**2))**2*cos(x1)**2/(-1.52457*x3*sin(0.0601197 + 1210.81/sin(x6))/((-23.7689*x5 + 29576.0/x5)*(x1 + 2*x4 + cos(27.2485*x5))) + cos(6.21690368652344/x1))**2) + 2*sin(1695.96/x5) + sin(x6) + sin(27.2485*x0/(x5*(x1 + cos(log(x1))))) + sin(1213.22/(x5 - 21.861))',8.345208230378978,170598400,9,23,384,7,8192,paper,6,0,3356806661,8.182337760925293,14.412229235049058,61.70863905325443
600.0113939649891,'log((0.0420537*x0*(0.0420537*x0*((2*x6 + cos(x0) + cos(exp(x1)))**2 + 18.7007) - x1*x6 - (2*x6 + cos(x6*exp(x1)))**2 - 2*exp(x6) - 21.1665))**log(10.6233*x6*(log((0.0420537*x5*(log((-exp(exp(x6)) + exp(exp(x6))/cos(cos(38.3866*x5)**2)**2)**log((x6 + log(4*x6**2))**2)) + 40.1162) - (x6**2 + log(x4))**2)**log(0.0260508/(x6 + 2*log(x6**2)))) + 38.3866)/(x3 + exp(x6) - 1823.22*cos(18.7007*x5)))) + 38.3866',,136142848,9,24,384,7,8192,paper,6,0,2765379632,7.649901390075684,4.280629231881683,48.59005917159763
600.0314947699662,'exp(sqrt(-sqrt(x3)*exp(-x1) - sin(x1 + 16.0617*(sqrt(sin(log(x3))) + 1.58011)/log(x3**(1/8)) + 188.949) - sin(x1 + 16.1162*(cos(307.204*exp(2*x1)) + 1.58011)/log(sqrt(x0)) + 19.3879) - sin(exp(sqrt(x5 + sin(0.0570541*x3) - sin(sin(x3/x1)))*(0.00526149*cos(x1*x4**sin(sin(exp(x1)))) + 0.00526149*cos(x1**2*x4**(2*sin(sin(exp(x1))))) + 0.00526149*cos((x5 - 2.27864)**2*exp(2*x1)) + 0.244757))) - sin(exp(sqrt(23.2593231201172 - sin(sin(sqrt(-x3**(1/8) + x5)))))) + 23.2593231201172))/x1',8.825078931485569,155410432,9,25,384,7,8192,paper,6,0,1728356533,6.054251670837402,9.201577650029417,45.5971597633136
600.0189287171233,'-0.79903*sqrt(x3) + 0.79903*x5 + sin(sqrt(-sqrt(x3) + x5 + 4.64201*sqrt(x4*x6) + cos((log(x0) - 2774.51)*sin(x5)) + cos((x5 - 22.5094)**2) + cos(log(x4/x6)**2) + cos(2769.01*sin(x5)) - 16.652)) + cos(x5*(x5 - sqrt(x5 + (x5 - 4.69325)*sin(x5) - 3.01808))) + cos(log((0.1959*sqrt(x3) - 0.1959*x5 + 9.70006e-9*exp(x4))**2)) + cos(log((-9.69192*sqrt(x3) + 4.33714*x5 + 5.35478*log((-5.35478*sqrt(x3) + 5.35478*x5 + 3.69927)**2) + 12.2779)**2)) + 7.13754',6.737622741071198,163053568,9,26,384,7,8192,paper,6,0,3533734220,6.738009929656982,6.290156689650307,53.533017751479285
600.0387566550635,'sqrt(x1) + x6 + 2*sin(6.6058*x5) + 2*sin(6.61125*x5) + sin(sqrt((sqrt((x3**2 + x5*exp(sqrt(x5)))/x1) - 46.5437*sin((x5 + 253.307)**2 - log(x3)) + 1251.78*sin(sin(sin(log(x3**2)))))/x1)) - 2*sin(2*x1 - log(x0**cos(log(x1*x3**2)))) - sin(2*x1 - log(x0**cos(sin(sin(sin(sin(log((x0**2 - x3)**2)))))))) + 35.8465*sin(sin(sin(sin(sqrt(x1)))))',7.545302705489295,134299648,9,27,384,7,8192,paper,6,0,2342600226,7.5451507568359375,23.021077521733755,129.35147928994084
600.0105629600585,'-x0/log((((-x0/log(x3*sin(log(0.891958**(sqrt(x5))*x3))**log(0.260242*x3)) + 34.5982437133789)**2 + log(39.9984*x6*(0.891958**(sqrt(x0)*log(x6)**4 + log(x4)))**6.76691*sin(log(0.436461**(sqrt(x5))*x3))**x5)/sin(log(sin(sin(sqrt(x5) + 401.723))**38.3642)))**2 + 25.3747634887695/(x6 - 0.984427))*((-x0/log((x5**2 + 25.3747634887695/log(sin(sin(exp(cos(x6))))))*sin(0.891958**x4 + sqrt(x5))**5.88203) - sqrt(x5) - sin(exp(x4))**2 + 25.3747634887695)**2 - 32.9121*sin(x1**2))) + sqrt(x5) + 25.3747634887695',12.63271205440491,150462464,9,28,384,7,8192,paper,6,0,1904449481,8.206228256225586,6.6170189209097146,39.72082840236687
600.0191370709799,'exp(sin(log(sqrt(x3))**2)) + exp(sin(log(x5*(x5 - cos(x3 + x5)))**2)) + 5.76266*sqrt(exp(cos(log(exp(cos(log(1492636437.48484*exp(x1)*exp(-exp(2*cos((x5 + 24.9235)*exp(-x1) - 21.1238098144531)) + (2*x5 + cos(sqrt(x3)) - cos((x3 + x5 + sin(sin(x4)))**2) - cos(exp(sqrt(x0))) + 20.661)/x1)/x3)))/x3)))) + log(exp(x6)*exp((-x0*x6*exp(-x1) + x5 - exp(x0*exp(-x1)) + exp(2*sin(log(sqrt(x3))**2)) - cos(x0) - 3*cos(x5**2) - cos(exp(sqrt(x0))))/x1))',6.780014934816862,148856832,9,29,384,7,8192,paper,6,0,1934709049,6.521289825439453,14.310658136106907,50.51928994082839
600.0019406548236,'x5**2/(sqrt(x3 + exp(sqrt(x4))/sin(x1**2))*log(x0)*sqrt(cos(exp(2*sin(sin(38.6115417480469/cos(x5)) - 1.04417)))))',7.339184060504182,379011072,9,0,384,7,16384,paper,4,0,3324115916,7.339706420898437,10.58224346446523,44.4359693877551
600.0176592920907,'11.2743*x5**2/(x3 + x4*log(x6)/cos(exp(sqrt(x5))) + 1.00633e+10/x1**(0.305886*sqrt(x3)))',7.489630512440482,407388160,9,1,384,7,16384,paper,4,0,2811363264,7.4643778800964355,7.015244103005872,43.733112244897946
600.0089937387966,'(-22.9657*x1 + x5**2)/(0.0805718*x3 - 0.0805718*x4**2 + 0.0805718*exp(x4*cos(x6)/2) + sin(x5**2) + 38.1622)',8.231319986557184,361922560,9,2,384,7,16384,paper,4,0,1884968544,8.231353759765625,6.759675809759222,65.46061224489797
600.010041221045,'-sqrt(x3) + x5/sqrt(sin(log(x1**2 + x3 + x4**2*x6))) - sin(x5**2) + sin(0.166747*x5**2 - 3.85163)',7.830371081574828,396148736,9,3,384,7,16384,paper,4,0,1859786275,7.830242156982422,8.296682999539906,95.62836734693876
600.0074364480097,'(0.306826*x5 + cos(0.386951*x5) + cos(0.38807*x5))*exp(cos(log(x3 + 66.1265) - 0.100059))',8.356779315988522,409010176,9,4,384,7,16384,paper,4,0,3687649985,8.356781005859375,4.499205741082776,47.259591836734685
600.004532987019,'sqrt(log((x5/(sin(37.0941*x5 + 34.3057327270508) + sin(cos(x0)) + cos(x5)**2 + 2.79809) + 26.3881)**2)**2/x0)*Abs(x5 - 39.3678)',9.502783200567416,404832256,9,5,384,7,16384,paper,4,0,369133708,9.502787590026855,12.546506101144049,41.03678571428571
600.0059791328385,'sqrt(x5) - sqrt(x6)*cos(x5**0.906223) + (sqrt(x0) - x5)**2/(sqrt(x3) + x5) - cos(sqrt(x0)) - cos(x1)**2 - 15.5094',8.94877500126552,378241024,9,6,384,7,16384,paper,4,0,2995172877,8.948736190795898,9.991624369745121,60.70882653061225
600.0257981189061,'exp(sin(log(x5**2)**2)) + sin((log(x5)**2)**x1) - sin(sin(x5**2)) + 10.6623420496453*x5**2/x3',7.475481778380224,333119488,9,7,384,7,16384,paper,4,0,865305066,7.423104286193848,13.616370900850272,50.27836734693877
600.0234143619891,'x5 - sqrt(x3 + (x5 - sqrt(x3 + (x5 - sqrt(24.9766*x0 + x3 - 24.9766*x5))**2))*log(0.0480193*x4/x0)**2) + 5.56258',8.44436098347804,414547968,9,8,384,7,16384,paper,4,0,404488628,8.444361686706543,12.839081934109574,102.83325443786981
600.0078756778967,'-sqrt(x0) + x1 + log(exp(sqrt(x5))/sqrt(exp(exp(x3**(1/4))**(1/4))))**2 + sin((x5 - 17.4947)*exp(cos(x3**(1/8))))',9.489793173431677,415596544,9,9,384,7,16384,paper,4,0,2261209995,9.489797592163086,6.655641247949594,57.220828402366855
600.0178163670935,'x5 - sqrt(x3 + 76.984) - sin(x6**x1) - cos(x5)**2 + 773.302/(x5 + (-sqrt(x3) - sqrt(x4) + x5)**2)',7.647580318022789,319045632,9,10,384,7,16384,paper,4,0,4190266092,7.647581100463867,18.15271381585251,81.26520710059171
600.0172252741177,'x1**(log(x3)**2/(2*(-x5 + sqrt(x3/log(x1)**2 + 134.385*sin(4.78172*cos(8.22871*sqrt(x5)))))))*x5',8.312252821853283,397869056,9,11,384,7,16384,paper,4,0,3160032368,8.312277793884277,4.117899026882834,37.648639053254435
600.0144856041297,'-x1 + ((x1 + x4)/x3)**(1/4)*exp(0.0526785*x5) + 12.1867 - (x1 + 20.3906)**2*sin(log(x3**4))/x0',9.13459462603361,388317184,9,12,384,7,16384,paper,4,0,3269070126,9.134592056274414,3.259095178085739,61.78745562130178
600.0056284950115,'11.1724*x5*(x5 - 10.0496)/(x3 - 45.6629) + exp(cos(35.7189*exp(cos(8.37926*sqrt(x5))))) + exp(cos(31.4132*log(x5)))',7.640660736207439,426983424,9,13,384,7,16384,paper,4,0,3081541439,7.640584468841553,9.14501768292208,39.60248520710059
600.0335556319915,'(32.9692535400391 - x4)*sin(sin(sin(exp(x1**2)))) + 4.5684*x5**2/(x0*log(4.5684 + (sin(log(x5**2)**2) - 39.4352)**2/x0)**2)',131.9897290252528,312442880,9,14,384,7,16384,paper,4,0,3376120482,9.020079612731934,125.79455773823223,52.635621301775146
600.0130828488618,'x6 + (-x1 + x5 - cos(x0) - cos(32.7145*x5) - cos(x5/x6) - 42.3767)*sin(exp(cos(log(x3)))) + cos(x4/x1)',7.445512374585799,418971648,9,15,384,7,16384,paper,4,0,2204291346,7.445216178894043,20.053059698757735,65.60082840236686
600.0149476039223,'-sqrt(x0) + sqrt(x5*(-0.266328*sqrt(x3) + 3.88565*sqrt(x5) - exp(sin(sqrt(-22.4372*x1 + 22.4372*x5 - 3.61647853156319)))) + exp(x6))',10.886207445955572,416661504,9,16,384,7,16384,paper,4,0,550243861,10.886205673217772,12.798614983718274,59.17313609467456
600.0297011961229,'x5**2.57535/(x3 + exp(sqrt(x4))*log(cos(x5**0.798551)**2) + cos(cos(x1)**2)**(-9.19022) + 330.639)',7.00389605506619,383451136,9,17,384,7,16384,paper,4,0,3606691181,7.004696846008301,5.277947954260177,53.85514792899409
600.0106234408449,'(0.260353*x5 + cos(30.0521*x1))*(exp(sin(cos(sin(3.33332572443445*x5)))/2) + cos(log(x3))) - cos(x5**2) - 2.61765',7.895957854252868,413843456,9,18,384,7,16384,paper,4,0,1934392872,7.895794868469238,3.8877160437013893,40.97751479289941
600.0004715200048,'log(x5)**(sqrt((x5 + sin(x5)**4 - x3/x0)/sqrt(x0 + exp(sin(sin(log(x1))**2/cos(x5)**2))/log(log(x1)))))',7.680443643345618,401031168,9,19,384,7,16384,paper,4,0,2148995112,7.711800575256348,3.828075968138618,35.17100591715976
600.0221689890604,'exp(exp(1594.62/x3)) + exp(2*cos((x6**cos(x3 - 21.3804))**x5))**cos(0.390603*x5) + x5/x1',13.362562429187888,397656064,9,20,384,7,16384,paper,4,0,1592565386,10.555896759033203,6.642052942046511,57.465917159763315
600.0082961940207,'sqrt((x5 - log(x4**5.04881))*(-x1 - log(x4) + 29.6280988156796 + x3*x4/5.04881**(sqrt(x3/x5))) - 967.356)',8.729974236442684,409944064,9,21,384,7,16384,paper,4,0,784044718,8.72998046875,18.538271653590577,67.99668639053255
600.0179890098516,'(81.2928/log(0.0423905*x0))**cos(sin(sin(log((x5 + x6*sin(32.8984298706055/x1) - x6 - sin(0.525895*x5) + 3.36041)**2))))',9.19557674026199,379207680,9,22,384,7,16384,paper,4,0,3980425317,9.19557762145996,15.231183611420118,37.42946745562131
600.0194575609639,'(x5 - log(x0**8) + sin(1.35917*x5) - 8.50692 + (0.000850947*x0**2 + x0)/x5)*sin(exp(cos(log(x3))))',8.096687307680073,315359232,9,23,384,7,16384,paper,4,0,3356806661,8.096691131591797,9.088483997541376,61.70863905325443
600.0200050820131,'9.2816162109375*x5**2/((x3 + 9.28162*x4*cos(31.2353**cos(log((x5 + 38.0611)**4))) + 2*x5)*sin(cos(0.0276626*x4)))',7.59049854352573,386940928,9,24,384,7,16384,paper,4,0,2765379632,7.59052038192749,3.963856895091319,48.59005917159763
600.0108611960895,'sqrt(x5*(-sqrt(x3)*cos(cos(exp(2*x5/(x3*sin(sin(x1**2))**2)))) + x5)/x1) + exp(cos(0.62881785578875*x5))',8.38171198574846,391577600,9,25,384,7,16384,paper,4,0,1728356533,8.381287574768066,10.702018169965081,45.5971597633136
600.0225745690987,'(x5 - 2*cos(x0))*sqrt(x1 + 11.2396*cos(cos(2459.65*x5)) - 11.9655647277832*sin(x1)/x1)/sqrt(x0)',9.860603463191522,410648576,9,26,384,7,16384,paper,4,0,3533734220,9.093009948730469,4.701572497971364,53.533017751479285
600.0218429539818,'-0.0232219*x0*log(sqrt(x4)) - 0.0232219*x5*cos(945.831*log(x5)) + log(exp(x5/2)/(x0 + x5*sin(x1) - 25.0497)**2)',8.709622226901061,409878528,9,27,384,7,16384,paper,4,0,2342600226,8.709689140319824,25.30440815292872,129.35147928994084
600.0121791870333,'11.4437*(x5 + exp(cos(-0.385957173046841*x5 + sin(x5) + 6.59657669067383)))**2/(x3 - exp(sqrt(x4)) + 227.513)',8.150544700759886,406913024,9,28,384,7,16384,paper,4,0,1904449481,8.150538444519043,3.0809117186928123,39.72082840236687
600.0007195861544,'x5 - sqrt(x3 + (-x0 + x0/sin(cos(x1)) - 2*x3)/(-sqrt(x3) + x5 + 6.8252) + 219.025*cos(x5)**2 + 26.7165)',8.6494699420208,409763840,9,29,384,7,16384,paper,4,0,1934709049,8.649471282958984,10.329355117430826,50.51928994082839
600.0124269910157,'log(log(x0)**2/(-x4/(sin((sin(19.779182434082/cos(exp(x1**2)))**2 - 23.1108)**2)**2 - cos(log(x6*(0.0128551837860205*x5 - 0.0128551837860205*log(x5 - 8.51477)**2)/(x5 - 11.9148)**2)**2)) - x5 + (x5 - 11.9148)**2 - 3.12850570208715*((x5 - 4.19789*log(x0))**4/(-2.38679*x0 + x3 - 43.1691*x6 + 46.4274368286133 - (-2*x3 + 2*x4**2 + exp(x1))/x1**2) - (x5 + x6 - 11.9148)**2)*log(sin(sin(log(log(x5)**2/((x5 - 11.9148)**2 + 44.4085*sin(x3))))))))**2',10.281689565511744,151928832,9,0,384,7,16384,paper,6,0,3324115916,7.18283748626709,10.83913916920393,44.4359693877551
600.001141655026,'sin(x5)**2 + cos(1361.8*(x6 + 86.9824)/x5**2) + cos(0.225217*sqrt(x0*exp(0.152388*log(x3)**2/x1)) - cos(x6**2)) + cos(sqrt(x0*exp((-19.5645 + log(x3)**2/x1)/x3**(1/4))) - cos(x6**2)) + cos(-cos(x1) + 4.66367 + log(x3)**2/x1) + cos(cos(x1) + 14.2138 - log(x3)**2/x1) + 0.0202019*x5**2/x1 - (-x5 + x6**2 + 57.8249 + (0.142133*exp(4.53121**sin(x3**(1/4))) + 0.142133*(-20.2515 + 123.388/x1)**2/x6)**2/x1)/x1**2',7.134800012389699,167903232,9,1,384,7,16384,paper,6,0,2811363264,7.134830474853516,5.320836869255678,43.733112244897946
600.0014538930263,'-sqrt(x3) + x5 + sqrt(29.5852*x0/sqrt(x4) + x3)/(-sqrt(x3) + x5 + 6.77509307861328) - sin(0.18385*x4 - 0.18385*exp(cos(x0))) - sin(x1/x6 - sqrt(x5 - 39.9603) + cos(x1*exp(x4)) - 29.5852) + sin(sqrt(x5 - 40.7261) + sqrt(x5 - 39.9603) - sin(x5) - Abs(cos(exp(cos(x3))))) + sin(sqrt(x1 + x5) + sqrt(x4 - sin(sqrt(x0))) + sqrt(x5 - 40.7261) + sqrt(x5 - 38.6613) - exp(x6) - sin(x5)) - cos(5.34952232947035/(-x4 + x5 - x6 - sqrt(x3 + x4**x6) + 5.5880743265152))',6.875436048241209,280690688,9,2,384,7,16384,paper,6,0,1884968544,6.210412502288818,5.470204287662921,65.46061224489797
600.0189059721306,'-0.722627*sqrt(x3) - 0.872833*sqrt(x4)/sin(sin(sqrt(x4 + 7.61834))) + 0.722627*x5 + exp(sin(0.366828*(x5 + cos(x0*log(x1)))/sin(x5))) + 0.84323*exp(sin(-0.19428018878661*sqrt(x3) + 0.19428018878661*x5 + 0.19428018878661*x6 + 6.86631620798793)) + 0.722627*exp(-sin(29.3012*x1*exp(-sin(x6))*exp(-sin(sin(0.725329/sin(-0.199300140491765*sqrt(x3) + 0.199300140491765*x5 + 0.199300140491765*log(x4)))))*cos(x0)/(-x5 + (-x5 + log(x0)/sin(x3 - exp(2.72607421875/x5)))*log(x4)/(sqrt(x3)*cos(x0))) + 1.08177*sqrt(x5)*(-x5 + exp(exp(cos(x5))))/x0))',6.455616022451355,287309824,9,3,384,7,16384,paper,6,0,1859786275,6.455460548400879,6.3845492073764865,95.62836734693876
600.0341769841034,'(sqrt(x5)*cos(0.540153*26.0453**log(log((20.2881**log(log(sqrt(x0))) + exp(cos(x5**(3/4)) - cos(log((x0 - 33.3313*cos(x0) + 37.7349)/x3))/(0.644638*x1 - 0.644638*log((x4 + (45.886**cos(log(Abs(x3)**(4*cos(x5**(3/8))))) + exp(-sin(x3) + Abs(x3)**(2*cos(sqrt(x0)))/x0))/x1)/x1))))/x1))) - exp(11.4093*(20.2881**log(log(sqrt(x5*exp(-cos(log(0.836594**x5)) + x5*cos(x5)/x0)))) + x4*exp(-x6))*exp(-x1)/x1) + 23.9948)**log(log(x5/x1))',7.952085880680399,241549312,9,4,384,7,16384,paper,6,0,3687649985,7.952311992645264,2.9434003332550622,47.259591836734685
600.0096864001825,'log(1.74049306291104e-23*exp(x5 + x6*cos(sqrt(x0)/sin(cos(sin(cos(cos(sin(cos(x6**2)))))))) + sin(x4*log(x6)) - sin(x5*cos(exp(-x1 + cos(sqrt(x0))) + log(x5 + cos(x0) + cos(x5**2*log(x6)**2)) - 7.01436)) - 2*cos(sqrt(x0)) - cos((x3/x1)**(1/4)) - cos(sqrt(2)*sqrt(Abs(x4))*sqrt(Abs(cos(x5)))) - cos(x6 + exp(0.115145631920865*exp(x1/2)*sin(exp(cos(x1))) - Abs(x4)**(4*cos(x0))) - cos(sin(35.8408*x4)))) + 69283618.5614452) + 5.38565*cos(18.6891/sin(cos(x1)))',7.2930591533463955,225165312,9,5,384,7,16384,paper,6,0,369133708,7.293063640594482,12.167159715301867,41.03678571428571
600.0033634100109,'1800453.60579064/(-0.520776*x3 - x5**2 - (x3 + 66.9649)*(-sin(x5) - cos(log((1658.53526216408 - x3/sqrt(x0))**2)**2) - cos(log((13.3864815511916*log(x5**2)**2 - 23.6105)**2)**2) - cos(log((18.5487963229802*log(x5**2)**2 - 23.6105)**2)**2) - 2*cos(log((20.6323139667138*log(x5**2)**2 - 23.6105)**2)**2) - 29.5223579406738) - 44.8245 + 1800453.60579064/(0.315502*x3 + log(x0**2)**2/sin(sin(x5/sin(x5)))))',7.229282416213792,135987200,9,6,384,7,16384,paper,6,0,2995172877,7.228484153747559,7.08818677936469,60.70882653061225
600.0323492949829,'log(6.88415**log(x5**2/cos(log(sqrt(exp(sin(cos(91.3925**(x1*cos((x6**16.2379)**sin(x4))))) + 91.3925/x5)))**(-38.5069))**2)) - log(x3**2/cos(sin(sqrt(x4)))**2) - log(x6**2/cos(2.61807*x1)**2) + cos(exp(sin(593.293/(x5 + cos(x0**2))) + 92.0321/x5) + log(sin(x3**(1/4)))) + 6.88415 + exp(exp(cos(Abs(sin(0.00263528*x5**2))**(4*x6**2))/2) + cos(x0**2/x5**2 + cos(8078.3/(x5**2*sin(cos(x1))**2))))/sqrt(exp(x0/x5)) + (x5 + cos(x3**2))/x1',23.483001149229818,149618688,9,7,384,7,16384,paper,6,0,865305066,6.489194869995117,33.79813146072969,50.27836734693877
600.0206458361354,'(sin(sqrt(x5 - 28.72)) + (-exp(log(x4)*sin((cos(x3**2) - 68.0325)**4))/cos(x5 - 28.1497) + 4619.13)/x3)*(x1**(1/4) + sin(exp(0.197763*log(1.2235**sin((cos(x3) + 13.9103)**2)/cos(x5 - 0.962929) + x1 + x4)**x6*sin(x1))/cos(sqrt(x4/x6)) + sin(sin(sin(sin(sin(sin(sin((x0 - 45.9365)**(1/4)))))))) + 38.883) + sin(sin(sin(-sin(exp(x6)) + sin(sin(0.316158*x5)) + sin(sin(sin(sin(sin(0.313954*x5))))) + 26.758))) + 8.72418)',6.736174977368154,259588096,9,8,384,7,16384,paper,6,0,404488628,5.423815727233887,6.772296142551091,102.83325443786981
600.0290101310238,'26.6833*exp(0.811047**(x4/cos(sin(exp(cos(x0)))) + sin(x0) + sin(x3 + 30.2666*x6) - 6.05657))*sin(sin(sqrt(x1))) + exp(2*sin(-x1 + (35.860942363739 - sqrt(x0))*exp(sin(cos(sin(sqrt(x0))))**((x3 + x5)/x0))*sin(sin(sqrt(x1))) + log(x4) + 24.9079)) + exp(2*sin(sqrt(x5) + (-sqrt(x0) - log(x4/log(x1)**2) + 38.1357421875)*exp(sin(sqrt(x1))**(x5 + 10.1961))*sin(sin(sqrt(x1))) + 14.6319 + x5/x1)) + exp(2*sin(sin(sin(sin(x5/x1)))))',7.098197287315661,256966656,9,9,384,7,16384,paper,6,0,2261209995,7.098196983337402,6.808398566913788,57.220828402366855
600.0204891120084,'(x5 - exp(sin(1.76666**(2*sqrt(x5 - 28.1095)))) + log(log(exp(2*exp(-sin(x0**cos(x1) - sin(sin(sin(sin(x0)))) + 32.9027481079102))) + exp(-29.1174926757813*(x5 + log(exp(0.427905*x5 - 17.9221406577199/cos(log(sqrt(x3 + 220.839)))**2)*Abs(x1 - x6)**0.855809) - 29.856)/(-2*x0 + x0**cos(x1) + exp(exp(cos(1.33589*x5)))))))**4 - sin(x1*cos(cos(x5))) - sin(log(x1*x4 + 17.0747)**2 + 28.1094799041748/x6 - 835.652889813355*x6**2/x1**4) - cos(x5/sqrt(x1)) - 30.313)/sqrt(x1)',6.744158085778814,176291840,9,10,384,7,16384,paper,6,0,4190266092,6.7413177490234375,9.78172433907742,81.26520710059171
600.0170513831545,'-sqrt(x3) + x5 + x6**cos(exp(x4)) - cos(3.2413330078125*exp(-(41.3806 + exp(-0.345006/x6**8.20623)**(-sin(x4 - x6**2)))*cos(x5))) + cos(exp(exp(exp(6.21133e-7**Abs(sin(x3 - 32.4642)))*sin(sqrt(x5)*sqrt(log(x6)))))) - 0.387917 + exp(log(x1)**2)/(4.81779*x1 - sqrt(x3) + x5 - exp(sqrt(x6)*cos(x5)) + log(x4) - sin(1.18415*x3) - cos(0.51402*x5**2 - 0.51402*cos(exp(x4))) - 35.6480026245117) - 78.3173/x1**(x1**2/4)',8.079103848447383,230981632,9,11,384,7,16384,paper,6,0,3160032368,6.484965324401856,7.725762960926655,37.648639053254435
600.0492264961358,'(x1*cos(sqrt(-x1*sin(x4)**4/cos(log(x0) - 28.3388748168945) + 31.7614 + x3/x1) - cos(x1*sin(1.2015*x5)))/(28.3388748168945 - x4) - x5**2*cos(x5**2*cos(x1*sin(x1))/x3)/x3)**2 + sqrt(cos(0.0628241*x5**2)**2/cos(sqrt(x6))**2 + 13.3024 - cos(x5**2)/10.2806**cos(x5)) + x5/x1 - 0.113038*x4**2*(-0.0311697*x3**2/(x5*sin(39.1749*cos(x1) - 1425.37)) + x5**2)*cos(cos(36.3085*x5))/(x0*x3*sin(sin(sin(sin(sin(x1))))))',5.787356550029273,190201856,9,12,384,7,16384,paper,6,0,3269070126,5.786620616912842,3.297460593310712,61.78745562130178
600.0313467690721,'log(4.80031**(3.5153*x6*cos(cos(x1)))*(-sqrt(x3) + x5 + exp(cos(36.2654*x5)) + cos(45.8302*x5))**3.5153 + x0**2 + (31.7463*x4)**log(-sqrt(x3) + x5 + exp(sin(sqrt(x0)))) + exp(-sqrt(x3) + x5 - sin(x5/(sin(sin(5.292e+17**sin(x5) + exp(cos(x6)) + log(log(1540.82/x4))**2) + 29.1801509857178) + 3.16895294189453)) - sin(x5/(sin(sin(sin(x5)) + 5.32567596435547) + 3.16895294189453)) - sin(x6 + log(20.948**(x6*cos(log(x4**x6)))*x3**2)) - sin(x5**2 - sin(sqrt(x0) + exp(sin(x5))) + cos(sin(20.9232*x3)))) - 46.5354)',6.33399470689636,238190592,9,13,384,7,16384,paper,6,0,3081541439,5.86871337890625,12.239167450399405,39.60248520710059
600.0307788269129,'5.19714*sqrt(x5) + x6**(1/8)*(x1**(1/8)*(-2*x1 + cos(log(x5*(2*x1 - 0.681907653808594))**2)**4 + 32.0969009399414) - x1 + exp(cos(x0 + sqrt(x5)))) + sin(log(-x3*exp(-sqrt(x1)) + 20.4058*x5)**2 + sin(sin(sqrt(x4)))) + sin(sqrt(x0) + exp(x1) + 32.7788) + sin(sqrt(x0) - x1 + x3**(1/4) - exp(x1)) + sin(sqrt(x0) - x1 + sqrt(x6) + x6) - sin(x6 - log(-x0 + 0.532012*x5**2)**2 - sin(34.0477**x6)**2 + sin(sin(x5))) - 44.9067',8.172802899798603,227639296,9,14,384,7,16384,paper,6,0,3376120482,8.172532081604004,11.420499592960832,52.635621301775146
600.0260190910194,'x5 - sqrt(x3 + 125.202) + 606.214130371405/(cos(285.195*(10.5819*x1 - 10.5819*x5)/x1) + (-log(x0) + sin(sqrt(-sqrt(x3) + x5 + 21.0813397229771*exp(0.134153*sqrt(x3) - 0.134153*x5))*exp(0.376876*exp(0.0893705*x1))/cos(0.000190103762370382*x6/sqrt(exp(x1**2 + sqrt(x3) - x5))))**2)*(-sqrt(x3) + x5 + exp(-0.094501*x5 + 1.99927*x6 + 0.094501*sqrt(x1**2 + x3 + 125.202)))*exp(exp(-0.134153*sqrt(x3) + 0.134153*x5 - 2.85012*x6**4)*cos(sin(21.2452*cos(cos(x5)))))/sqrt(x5))**2',7.4515276727282656,230162432,9,15,384,7,16384,paper,6,0,2204291346,7.395322799682617,15.03578319404363,65.60082840236686
600.001318953,'-sin(x1**10.3171) - sin(x5) + sin(x0 + 4.0721321105957) - cos(17.2326965332031/x1) - cos(2*x1) - 3*cos(0.00236317*x5**2) - cos(215.491*x5**2) - cos(x6**2) - cos(2.93744426497875*x5**2/x3) - cos(1346.58459464606*(log(x1) + 2.39448)**2/x3) - cos((27.522346496582 - x5)**2) - 3*cos((x1 - 33.4509048461914/sqrt(x3))**2) - cos(exp(x1) - log(x6)) + 35.9704742431641/log(x1)',8.248103189247047,182206464,9,16,384,7,16384,paper,6,0,550243861,7.277130126953125,6.759250973166301,59.17313609467456
600.0382296962198,'38.4884*exp(cos(log(sqrt(x3/(-0.0291958*x0 + x4 + 7.0765 + x5/(x1*cos(sin(sqrt(x5/cos(sin(1.21627*sqrt(sin(1.19396*sqrt(x5))**2))**2))))*cos(sin((x1 + log(sin(sin(sqrt(x3*(x1 - 0.671528)*cos(sin(1.18455*sqrt(sin(1.19154*sqrt(x5))**2))**2)/x5 + ((x6**(7.0765*cos(x3)**2) - 0.61565)**(-1.29198) - sin(sin(1.45994*x5)/sin(x6))/cos(cos(x6))**2)**2))) + 23.3696))**2)**4))) + cos(x1*x4)**2/sin(x1)**2)))) - sin(x1) - cos(786.999995759747/(x0**2*cos(x5)**2))',5.930673025954943,197492736,9,17,384,7,16384,paper,6,0,3606691181,5.929803848266602,9.671528364708301,53.85514792899409
600.0152649551164,'log((28.7080154418945/cos(502.603*cos(-0.0221395*x5 + 0.0221395*cos(x5**2) + 0.0221395*cos(22.9606**(x6/2)*sqrt(1/(x5 - 8.44203)) - sqrt(x4 + x4/sqrt(x1))))/x5))**(4*(x5 - x6/sin((sqrt(x1) - 15.6917)**2) - x6/sin(x1) - cos((x5**2 + 29.7268)**(2*x6)))/x0)*(-(x5**2/x0)**x6*sin(x4)/((log(22.7136**(2*exp(0.000176038**sin(sin(sin(sin(sin(0.385387*x0*x4)))))))) + sin(x4)/cos(141.616/x1) + 17.3497)**2*cos((54.5053405761719 - sin(x1))**x6/x5)) + x5**4/x0**2)**2)',7.192285270409681,194969600,9,18,384,7,16384,paper,6,0,1934392872,6.939601898193359,3.610734481027314,40.97751479289941
600.0136231430806,'(-x1 + log((1951.62**sin(cos(x1**x6)) - (20.6109*21883.5**(log(cos(cos(8.59875*x4)))*cos(x4)) + 5481.72)*exp(-x1) + 273.056)*log(log(sqrt(-x1 - sin(sqrt(x5))**log(sin(cos(cos((0.953366 - x1)**2)))) + 16.8967132568359)))**(2*log(sin(sqrt(x5))))) + 16.8967132568359)*log(log(sqrt(x0)))**(2*log(sin(sqrt(x5))))*log(log(sqrt(x0)))**(2*log(sin(cos(cos((cos(cos(sqrt(x5)))**2)**log(cos(cos(cos(x5) + 24.0046))) - cos(28.5814*(x0 + 39.1714)/log(x5**exp(x1))))))))',14.789891344237178,218071040,9,19,384,7,16384,paper,6,0,2148995112,7.785944938659668,3.4861519678697643,35.17100591715976
600.0090147401206,'((exp((41.9726*x1 + 44.7059)/x0) + 6.82879)*cos(cos(x1 + 0.00174413*x3 + 326.952)) + 20.5793)*cos(cos(36.8819**exp((log(41.9726*x5*sin(sqrt(x1)) + log(x0)/cos(x1 + 109.678)**2)**2 - 23.2032)/x5**2) + 36.8819**exp((log(8012.01*cos(sin(x5/x1)) - 43.789)**2 - 23.2032)/x5**2) + 36.8819**exp((log(-x5 + 208.704*sin(sqrt(x4)) - 69.8567943572998 + x3*(x5*sin(x1 - 34.389) + 109.678)/x0)**2 - 36.8819)/x5**2) + 2*x1)) + sin(x1 - 35.2441)',7.01279429664834,214859776,9,20,384,7,16384,paper,6,0,1592565386,7.0106940269470215,3.506790904333526,57.465917159763315
600.0195823500399,'x6 + 28.2224*cos(log(x3) - 7.2752) + (0.0288957*sqrt(x1)*(0.000989518*x4**2*x5**2*cos(log(x3) + 3.04161)**2 - 34.3082*x6) + 0.0160796*x4*x5*cos(49.9617*x5)*cos(log(x3) + 17.6676) + 0.0288957*x5*x6/(0.0148549*(x6 + 1119.49104847707*cos(0.386527*x5)/log(x1))/log(x1) + 28.2224*cos(x1 + log(x3) - 24.8302)) + 0.0288957*(x5 + 24.2145*sin(x3))*(x5 + cos(x3) - 21.2645)*cos(x6 + exp(x1))/(sqrt(x0)*log(x1)))/(x1 + cos(x5 + 1.3171e+7))',6.344057204541634,279429120,9,21,384,7,16384,paper,6,0,784044718,5.677598476409912,14.136664814191981,67.99668639053255
600.0100463309791,'-x1 + x5*cos(cos(0.000628385*x0*log(x3/x0)/cos(exp(x1**2))**2 + 8.78535))**2 + (exp(cos(x3)) + 2*sin(0.0215549*x3) - cos(x0) + 38.8966*exp(-exp(-8*cos(exp(0.872506*sin((-x1 + sin(sin(x1)))**2))))*sin(sqrt(x5))**8)*cos(2.75007e+10**sin(x1 + exp(-x1 + sin(sqrt(x5))/x1)**(-0.88905))*x0/cos(sqrt(x1)))**2)*cos((-x1 + x5*cos(cos(0.000673959*x0*log(2*x3/x0) - 19.4768))**2 - 38.6709 + cos(x1)/x6)/x1)**2/x1',415.6143100246031,182452224,9,22,384,7,16384,paper,6,0,3980425317,6.985732555389404,407.04715158459163,37.42946745562131
600.0071507401299,'-x1 + x5/(-sqrt(log((7.31689e-6*exp(x1) + 1.1501e+12*log(x6**7.78775))*exp(x1 + exp(5.3879*sin(x6/(x1 - cos(x3))))) + (x5**(exp(exp(11.1108*x6/sqrt(x4**2 + (exp(x6) + exp(sin(x3)) - sin(x3))**2)))*sin(2156.45*x5)))**(1/64))) + sin(0.608676*x5) + 27.9919) + sqrt(x5**(34.8667907714844/sqrt(x3))*x5**(sqrt(log(x5/(-x6 - sin(x3**(1/4) + sqrt(x3) + x4 + x6 + exp(cos(x1 + x4 - 9.89673)) + sin(sqrt(x5))) + 44.8946914672852))))) + log(1.061**x5)',9.37574658359921,271335424,9,23,384,7,16384,paper,6,0,3356806661,6.869630336761475,12.697158066884011,61.70863905325443
600.029931216035,'1298.48*sqrt(x5/(x0*(224.34*x3*sqrt((log(x0) + 16.2922)/(x0*x5))/(-sin(x5) + sin(16.5049*x5) + sin(821.773*x5/log(x0)) + cos(x3 + x6 + 43.832145690918/log(log(x0))) + 16.5049) - x5 + 350.632*sqrt(x0*exp(-sqrt(x0))/(x6**2*(sin(sin(sin(x1))) - 0.146127)**2))))) + log(exp(sin(exp(cos(x4)))) + cos(x5/log(x0))) + cos(x5/log(sqrt(x5)) + cos(sin(exp(x4)))) + cos(x5/log(log(x3)) - 39.2465) + cos(0.379846*x5 + cos(sin(x3)) + 6.30458)',5.8293682549718975,250789888,9,24,384,7,16384,paper,6,0,2765379632,5.790184020996094,6.74592059187405,48.59005917159763
600.0492182129528,'-0.682204*x1 + 0.317796*x5 - 0.100994*sqrt(x1**2 + 9.88005e-5*x3**2) - 0.317796*x3/x0 + (27.0018*x1 - 27.0018*sqrt(x3)/log(x1**2) + 27.0018*x5 + 27.0018*x6 + 27.0018*(4.10046*x1 - sqrt(x3)*exp(-x6) + x4 - exp(x6))*sin(sin(sin(sin((2869.98700620205 - 41.7464*sqrt((-0.392357*x1*(-3.55064**x6 + 0.0254546*x3 + x4 - 27.3966064453125)*sin(26.8039*x1 - 278.542795057292) + 322.213)*log(x4)/sqrt(x3)))/x5)))) - 27.0018*log(x1) - 929713.0*log(x1)**(-sin(0.0260132*x3) - 30.407772064209)/x0)/x0',6.246850921186727,251445248,9,25,384,7,16384,paper,6,0,1728356533,6.2468461990356445,6.7224498227837195,45.5971597633136
600.0265267509967,'-2*x1 + x6 + sin(x5/x1) + sin(x5/log(0.99754**cos(log(x5)))) + sin(x5/log(1.43612e+10**cos(log(x5)))) + sin(x5/log(sqrt(x0 + 34.483))) + sin(x5/log(sqrt(x3 + (34.4830474853516 - x1)**2 - 46.4163))) + sin(9.56577**x1 + x1) + sin(x0 + sqrt(x4 + log(x4))) + sin(sqrt(x0 + x1 + x4 - 45.1017)) - sin(2*x1 - sqrt(x0 + 3*x6) - log(x3) + 44.7275) + 2*sin(log(x3**(2*log(x1)))) + 32.2020111083984',8.554652292047379,260898816,9,26,384,7,16384,paper,6,0,3533734220,7.069663047790527,8.424475796553185,53.533017751479285
600.0339785499964,'-x1 + x6 + log(sqrt(x4)) - log(x0 - 46.4151) - 2*sin(0.447449*x5) - sin(0.825894*(x5 - x6)/log(sqrt(x3))) - sin(x0 - cos(sqrt(x5))) + sin((x5 - 29.4703)**2) + sin(-4*x1 + x5/(3*x6 + x5/x0) + 3*x6 + sin(sin(sin(sqrt(x0))))) + 3*sin(log(sqrt(x3))**2) + sin(log(x5 - 41.0082)**2) + sin(sin(log(x0)**2)) + sin(sin(sin(x5**2 + x5))) + 30.5898742675781',7.172053989072786,209977344,9,27,384,7,16384,paper,6,0,2342600226,7.171863079071045,22.61002577334407,129.35147928994084
600.0357319589239,'-sqrt(x0) - sqrt(x4)*sin((sqrt(x0 - 13.5656) + 8.28964*exp(-sqrt(x0 - 34.1542)*exp(-4*x6)*sin(44.0637664794922/x1) + sqrt((0.000541885*sin(x6))**(log(exp(2*sin(199.3993169106/x5))*log(sqrt(7.67286682128906 - cos(cos(x0) - 13.5655670166016))))**(-x4 - 3.75547409057617)))) - 11.8697)/x1) + exp(sin(sqrt(x3)/(sqrt(x5) + cos(x5))))**(-1.24534) - sin(exp(-2*sin(11.988*x1))*sin((sqrt(x0) - 10.1639)/log(x4))) - sin(sin(x1) - 17.8749) + 35.9339218139648 + exp(sin(sqrt(x3)/(sqrt(x5) + cos(x1))))**(-0.0940353*x4)',6.48268350172615,248496128,9,28,384,7,16384,paper,6,0,1904449481,6.48268461227417,2.8572015628451592,39.72082840236687
600.0340919329319,'-0.00353795*x3 + x6 + x6**log(cos(x3/(-x1 + sqrt(x3)))**2) + sin(x5/4) - sin(log(x0**4*(44.8104705810547 - x1)**4 + 2*x3**4*x6**4 + x3**4*log(x4)**4 + exp(x5/2)) + 39.1407) - sin(399279.0*sqrt(exp(sin(sqrt(x5))))) - sin(log(x3**4)) - sin(log(log(cos(cos(sin(sqrt(x5)) + 12.8538)))**2)) + 28.4919815063477 + 12.1695175170898/(x1 - sin(x1 - x6/log(x1) + 11.5184) + sin(log(21.4292**(2*sqrt(x5)))) + cos(exp(x1) + log(x0**4)))',6.606279823624523,152141824,9,29,384,7,16384,paper,6,0,1934709049,6.5029802322387695,10.796974829379991,50.51928994082839
600.0185495219193,'x5**(3/2)/(sin(755.915*log(x3)**2/x5**1.88402) + 24.1675) + 24.1675*cos(log(x3 + 3084.62509261072/x4))',8.6361352968963,547553280,9,0,384,7,32768,paper,4,0,3324115916,8.636180877685547,10.056697811272585,44.4359693877551
600.0067721749656,'-0.037315*x0 + x0/(((7.10548*x4)**cos(x5) + sqrt(x3/log(x1)))**(x0/x5))**sin(sqrt(x5)) - cos(x0) + 27.5656',10.034140765373609,713097216,9,1,384,7,32768,paper,4,0,2811363264,10.034143447875977,10.837720041942587,43.733112244897946
600.0422256099992,'log(exp(x5 + x6 - sqrt(x3 + 62.0335 - 21.6569957733154/cos(x1)**2)) + 79197032.5981718/sin(x0)**2)**cos(cos(log(x1)))',7.969635062572607,435453952,9,2,384,7,32768,paper,4,0,1884968544,7.969626903533935,6.333620034164655,65.46061224489797
600.031157300109,'sqrt((0.00481955*x5**2 - 44443.8*x5*exp(-4*x1) + exp(2*sin(x5)**2))/x0)*Abs(x5 + cos(x0**2) - 23.2895)',8.85195214595071,359006208,9,3,384,7,32768,paper,4,0,1859786275,8.85205078125,14.793654452603002,95.62836734693876
600.0041845170781,'9.09296 + x5*(x5 + sin(11.8786*x5) - sin(35.5913848876953/cos(x5)) - 42.9434 - 33.0823364257813/x1 - 4.47397232055664/(x1*sin(x1)))/x0',8.568673145537892,792788992,9,4,384,7,32768,paper,4,0,3687649985,8.562549591064453,4.019862913650736,47.259591836734685
600.0334238149226,'-x1 - sqrt(x4) + 0.313288*x5 + sqrt(x6) - sin(8.19687*sqrt(x5)) + x5**6/(x3**2*(-x4 + x5)**2)',7.838427109113193,549683200,9,5,384,7,32768,paper,4,0,369133708,7.838423728942871,9.086062090506733,41.03678571428571
600.021742148092,'13.0151*sin(exp(exp(sin(x1)))) + x5*(x1 + x5 - sin(x5*cos(x1)) - 58.9797)/x0',8.975334334915111,694714368,9,6,384,7,32768,paper,4,0,2995172877,8.97535228729248,8.03124744413862,60.70882653061225
600.020761635853,'0.562611*x5 - exp(sqrt(x1)) + exp(2*sin(x5/sqrt(x0 + 51528.4*exp(-2*x1)))) - cos(x0) - 10.5367',9.93926265244498,520519680,9,7,384,7,32768,paper,4,0,865305066,9.939269065856934,5.6009584067689415,50.27836734693877
600.0081642919686,'13.8096*sqrt(x5)*(22.5476*x5 - 22.5476*x5/log((x3*x4 - exp(29.0537567138672/x1))**(1/4)) - 542.048)/(x3 - 32.2268)',8.193916580094488,614137856,9,8,384,7,32768,paper,4,0,404488628,8.193916320800781,12.26475030093632,102.83325443786981
600.0090699489228,'-log(x0**2) + log(x5 - 26.4793)**2 + sqrt(x5)*(x5 - cos(24.3054*sqrt(x5)) - cos(28.6761*sin(sin(cos(x5)))))**2/x3',7.777081984452953,476610560,9,9,384,7,32768,paper,4,0,2261209995,7.777088165283203,6.151219798436618,57.220828402366855
600.0160699628759,'x5*(sqrt(x5) - sin(sin(0.0327173*x4 - x5/(0.0952401*x5 - 4.0192) + cos(cos(0.56695*x5)))))/(sqrt(x3) - 23.5364)',7.8571191648945025,598048768,9,10,384,7,32768,paper,4,0,4190266092,7.857124328613281,15.866114030637506,81.26520710059171
600.0239699960221,'(0.084387*x5 + 2.02516)*log((x5 - 29.4331)**2/(x0 - exp(Abs(x5 - 23.0239)**0.529858)/(x0 - 14.4418296813965/sin(x1))))',9.405198145973882,544210944,9,11,384,7,32768,paper,4,0,3160032368,9.405184745788574,9.475099174429099,37.648639053254435
600.017375246156,'6.70945430259229*sqrt(-x5*(-28.778*x5 + 28.778*log(x0**2/x4) + 828.170642271638)/x3) + sin(41.3504*x5**2) - cos(18.1824*x5) - 13.8806',8.000073712107795,620658688,9,12,384,7,32768,paper,4,0,3269070126,7.954708099365234,3.86311646136103,61.78745562130178
600.0161556480452,'(sqrt(2*x1**2 + exp(0.280688*x4 - sin(x5) - sin(x5**2))) + 324.691)**2*exp(-sin(sin(sqrt(x5))))/x3',7.517957477559811,435126272,9,13,384,7,32768,paper,4,0,3081541439,7.518086910247803,8.725394744997077,39.60248520710059
600.0103952551726,'43.694465637207/log(x3/x5) + 0.086636*x5**2*sqrt(exp(sqrt(x5)))/(x0*(exp(1541.27887659613*exp(-2*x1)) + 22.3781))',8.509293129235752,497745920,9,14,384,7,32768,paper,4,0,3376120482,8.509302139282227,11.453896783378257,52.635621301775146
600.0146540380083,'-x1 + x5 + log(x6) - cos(43.3149*x5) - 46.3463368415833 + (x5 - 27.2259)*sin(log((x3 + x5 + 45.7548637390137)**2))/x1',8.286993523292502,698253312,9,15,384,7,32768,paper,4,0,2204291346,8.286978721618652,16.00441562049401,65.60082840236686
600.0083587060217,'0.00336509*x5**2*cos(log(x3)) + Abs(x5 + cos(exp(x6)) + cos(591.380840116562*exp(-2*sin(x5))) - 44.5089)/log(x0)**(1/8)',7.945359727513953,488275968,9,16,384,7,32768,paper,4,0,550243861,7.948241233825684,6.9802617586865345,59.17313609467456
600.0166742140427,'sqrt(x3/log(sqrt(x4))**2 + (x5 - 0.717992*sqrt(x3 - x6) - 16.2087)**2*log(x4)**2)*sin(sqrt(log(x3)))',8.27885044302194,438042624,9,17,384,7,32768,paper,4,0,3606691181,8.278847694396973,11.64298002825149,53.85514792899409
600.0063192569651,'34.2437*(x5 + sin((1.13092 - 3.66346*x5)**2) - 34.2437)**2*exp(0.000933523*x3/(x5*cos(sqrt(x5))**2))/(x3 + 20.629)',7.891782610492889,447479808,9,18,384,7,32768,paper,4,0,1934392872,7.835973739624023,5.972756674370573,40.97751479289941
600.0249913139269,'(15.3829**(sqrt(x5)/log(x3))*sqrt(sin(log(x1))**x6))**(sqrt(x5)/log(x3))*cos(log(0.0215*x5)/cos(cos(sqrt(x6))))',8.381752007162678,703758336,9,19,384,7,32768,paper,4,0,2148995112,8.381754875183105,4.919409539997787,35.17100591715976
600.0209815618582,'x5 - sqrt(x3*cos(log(0.0314713*x3/x5))) - cos(log(log((cos(cos(0.667569*x5 + cos(x5))) + 0.474195)**2)))',7.813524315852216,595427328,9,20,384,7,32768,paper,4,0,1592565386,7.815442085266113,4.3743797207036135,57.465917159763315
600.0058297710493,'sqrt(sqrt(x3) + x5 + (x5 - sqrt(x0 + x3 + x5))**2 - (x5/x6 + 41.8726)**cos(log((-sqrt(x3) + x5)**2)) + 35.9063)',7.980023926337517,520814592,9,21,384,7,32768,paper,4,0,784044718,7.980023384094238,20.38998370479323,67.99668639053255
600.021284885006,'10.2750091552734*((sin(exp(x1 + sin(x1))) + cos(24.0842*log(x5)) + 0.311967*Abs(x5))**2 + 41.1762)/(sqrt(x3)*log(x0))',7.791319384232694,430473216,9,22,384,7,32768,paper,4,0,3980425317,7.7908034324646,10.121132207533488,37.42946745562131
600.0124282811303,'22.2007*x5*(x5 - 38.4629)/(x3 + exp(x6)) + cos(x5**sin(12.0762*x5**2))/x6**sin(x1)',8.96822412815616,767754240,9,23,384,7,32768,paper,4,0,3356806661,7.668675899505615,7.715847330126478,61.70863905325443
600.0052432790399,'exp(22.0686*x5/x3)*log(0.00032167342947598*(7.467*x4*cos(18.2157*x5) + 1.37911e-8*x5**5.72513 + 32.7771)**4/x1**4)',8.668145880257343,617381888,9,24,384,7,32768,paper,4,0,2765379632,8.66718864440918,4.060708226587393,48.59005917159763
600.004582318943,'x5**2/log(x0**2*(2.19915e-6*x3**2 + sin(x5**2) + 88.838*sin(exp(x1**2)))**2)**2',68.49536536479468,394330112,9,25,384,7,32768,paper,4,0,1728356533,8.17133903503418,64.1557853017975,45.5971597633136
600.0060477480292,'(x5**2/log((x3 + 43.2474)**2)**2 - sin(0.0395593*x5**2) + 36.6774024963379/(13.3424606323242 - exp(x1)))**2/log(x0)**2 + 3.65273',8.19814951641811,463798272,9,26,384,7,32768,paper,4,0,3533734220,8.196446418762207,4.048521041396824,53.533017751479285
600.045906909043,'x6/(x1 + log(x0) - 7.78982925415039) - log(2.81453e-7*x0**4) + log(4.59466e-16*exp(x5)/(1887.5 - x3)**2)',9.725633621863354,393478144,9,27,384,7,32768,paper,4,0,2342600226,9.72563362121582,20.79792202885148,129.35147928994084
600.0160261529963,'0.114104*x5 + sqrt(log(sqrt(x0) + Abs(cos(0.1658*x5 + 0.617948))**(-22.0331) + 6.03135) - 2.73261) + 1799.79/x0',11.497833399250922,558301184,9,28,384,7,32768,paper,4,0,1904449481,11.497831344604492,4.702637399492776,39.72082840236687
600.0118612560909,'x1 + (-0.331721*x1**2 + 1.33172*x5 - 59.3667)**sin(log(x3 - 21.779*x4 + 2207.91))',8.452609351597683,666402816,9,29,384,7,32768,paper,4,0,1934709049,8.452617645263672,13.108644072120779,50.51928994082839
600.0547017629724,'-x1 + log((132.962*x5*(-sqrt(x0) - x4 + 36.7376327514648) - 91.1499)**2 + 1.65532651816581e+18*exp(-sqrt(x0) - cos(sqrt(x0)) - cos(x0) - 2*cos(0.347371*x5) - cos(x5*cos(x6)) - cos(22.416*sqrt(x0) - 22.416*x1) - cos(31.6852*x5 - cos(x4)**8) - cos(-31.6852*x5 + sin(x3**(1/4)) + sin(x5)) - cos(-0.349175*x5 + cos(x0) + 7.28539) - cos(sqrt(x0) - log(sin(sqrt(x4))**2)**4 + cos(34.4464*x5) + 14.0993) - cos(30.334*sin(x1**2)))/sin(x3**(1/4)))',6.836776434584546,248479744,9,0,384,7,32768,paper,6,0,3324115916,6.836751937866211,7.448658658481883,44.4359693877551
600.0610613869503,'sqrt(-0.0415711*x3 + (11.2479515075684 - 2*cos(6.86832*x5))**2 + (x5**6.86832)**(1/4)) - 29.1127*exp((x4 - x5 - (18.2491 + (x5 - cos(x0)/Abs(x4 - 21.433219909668)**7.48393)/(23.9318008422852 - x4)**2)/(x0 - 70.6569) + cos(0.506399*x5) + cos(6.86832*x5) + cos(35.532*x5))/(x0 + sqrt(x3) - x5 - cos(x4) + 46.1605186462402/sqrt(x0**(1.25327541407044e-15*exp(2.53427e-6*x0**4*(0.0897502*x0 - 23.9318)/(-x4 + 23.4830322265625/(x0 - 70.6569)))))))',7.205915364275794,226525184,9,1,384,7,32768,paper,6,0,2811363264,7.205761909484863,12.977684678915779,43.733112244897946
600.0654115541838,'-2*x1 + 0.335628*x5 + sqrt(25.5401611328125 - x4) + (log(3.42894*exp(-0.00336811*x0 - 0.00336811*x4 + 0.0662771*x5/log(x4) + 0.0662771*x6 + 0.144082*exp(0.0331386*x4 + 0.0331386*x5/log(-2*x1 + 0.335628*x5) + 0.0331386*sin(16.398946762085/sin(x0**2)) - 0.0331386*sin(19.1975936889648/sin(x0**2)) - 0.0331386*cos(x0) - 0.0662771*cos(x1) - 0.0662771*cos(0.67158*x5) - 0.0331386*cos(0.883041*x5**2) + 1.0*x5/sqrt(x3)) - 0.0662771*(2*x0 + x5 + 1.48903)/(-28.9752 + 93.6346491192526/x1)**2)) - 2.57763)**2',6.665136322549395,262307840,9,2,384,7,32768,paper,6,0,1884968544,6.163350582122803,7.783175457089402,65.46061224489797
600.0475767268799,'log(x1**2*(-7.93229*x0 - x5**2 + x5 + 0.239936*(-0.274467*x0 + 0.0481376*x3 + 0.0481376*x5)**2 + 46.5212020874023/sin(x3 - 0.0414925) - 0.149215*(39.2391**cos(20.8396*x0)/sin(x4*sqrt(x5)) + x0 - x5**2 + 0.167684*(0.0449516*x3 - 0.0449516*exp(x1) + 0.301253352273534/sin(x4))**2 + 4.52134345003003)**4*log(x0)**2*cos(12.2348403930664/(27.4779586791992 - exp(x1)))/(x0**2*x3**2))**4/(x0**2*(exp(x1) + exp(4*sin(sqrt(x5) - x5**2)))**2*cos(exp((log(x5 + 17.5886)**2)**0.287064))**2))',5.96165388961906,215285760,9,3,384,7,32768,paper,6,0,1859786275,5.958112716674805,20.248508656191223,95.62836734693876
600.0470444578677,'(x5/(x1 - sin(x5/(x1 - sin(sin(sin(sin(sqrt(x4 + x6**2)))))) - sqrt(sqrt(x3*(x1 + sin(x0**(1/4)*exp(cos(x5 + x6**2)/4) + 3.61289596557617/(x1 - sin(x0**2) - sin(x5**2)) - (x5 + cos(17.2006*x4))/(x1 + 3.42924880981445/(x1 - sin(x5)))))) + sin(0.0534801*x3) - sin(0.947558*x3)) + cos(log(4280.60580733331*x3**2/(x1 - sin(x1))**2)))) + x6 + 12.9368)*cos(138.291658902725/(x1 - sin(sqrt(x5 + 26.781)))**4)*cos(cos(log((sqrt(x3) + 16.2325)**2*(log(x4) - 7.76174)**2)))',6.562672724807411,243564544,9,4,384,7,32768,paper,6,0,3687649985,6.562506675720215,3.6164192050246546,47.259591836734685
600.0372942939866,'4.66611 + (x5**0.784523 + x6**2 - x6 - sin(x0 - sin(sqrt(x4))) + sin(32.774*x5 + 12.8023) - 15.3296*sin(log(103.069*x3)) + cos(cos(sqrt(x5)))**(-x1 + (x6 + sin(-x1 + cos(sin(x3)) + 31.7943/(sqrt(x1)*cos(sin(-x1 + cos(cos(sin(0.0223403*x0 - 0.0223403*sin(x3)))) + 0.845371))**0.861574)))**2 + sin(-cos(x6**x1) + 1.98537 + 31.7943/(sqrt(x1)*cos(sin(sin(log(2.58845*x3)) + cos(cos(exp(cos(4.09199*exp(x1)))))))**0.929273))))*cos(cos(sqrt(x5)))**sin(x1)/sqrt(x1)',6.879681813286375,337051648,9,5,384,7,32768,paper,6,0,369133708,6.880548000335693,14.600376320140743,41.03678571428571
600.0461612099316,'-(cos((-0.513141632080078 - exp(-73.0155*cos(cos(24.0173*log(1.96163177490234/(x5*(-6.60445 + 19.9208679199219/(-x0 + x1 - 29.44358253479))**2))) - 29.4436)))*(18.5493 - 0.735902740830909/x4)) + cos(log(10.9088020324707/x5**2)*log(x3*log(x1 + x4))) + cos(5.78747*log(cos(x5)**2)) - 29.4436)*cos(x0**0.0731098 + log(1.96163177490234/(x3*x5)) + log(log((x3 - 2*x5)*(x1 - x4 + sin(exp(2*sqrt(x6))) + 23.3078842163086))/x5**2)) + log(log(x5)) + 8.72336 + 33.4834518432617*(sqrt(x4) - 64.9908)*(-sin(x5)**4 - 45.6606)/x3',7.58849034767401,311066624,9,6,384,7,32768,paper,6,0,2995172877,6.91190242767334,8.603904444326568,60.70882653061225
600.0608477599453,'0.00341428*x5**2*sqrt(sqrt(3*x1 - sqrt(x4) + exp(x6*cos(x1)) + log(x0 + x1**2/sin(sin(sin(sin(sin(sin(sin(sin(0.0361472*x5**2/(log(1.05895e-11*x0*x5**8/x1**4)**2 + cos(0.999997*x5**2/sin(cos(cos(x1 - 0.638137)))**2))))))))))**2 - 90.6823)**2 + log(sin(x1*x4)**2) + cos(x1**2) + cos(x5) + cos(1.29873*x5**2) + 46.1052*cos(log(x3)) - 8.43403)/x1**2)*Abs(0.0958819*x1 + 0.0958819*cos(0.00395527*x5**2) + 1.91378)',7.1698779254156975,173834240,9,7,384,7,32768,paper,6,0,865305066,7.174314022064209,9.393377816624449,50.27836734693877
600.054425726179,'-18.4183*sqrt(sqrt(x1*exp(-sqrt(x0) + 28.5099*exp(x0/(-x1*sqrt(x4)*sin(sin(sin(sin(sin(sin(x1*sin(0.705503*x5 - 0.705503*sqrt(x0 + 35.0753)*exp(sqrt(x0))**(1/4)*sin(sin(x5/x1)))*sin(sin(x1*(x1**2*sin(x6) + exp(x1*exp(cos(x5))/(0.0618743896484375 - cos(sin(x3))**2))))))))))) - 26.8189))**(1/4)*sin(x5/sqrt(x0 + 9.071)))**(1/4))*exp(-sqrt(x0) + sqrt(0.383004*x0 + x4)*sin(x5/x1))**(1/4))*sin(13.5314*x1) - sqrt(x0 + 179.188/x1) + 35.0753',8.17518963633862,327483392,9,8,384,7,32768,paper,6,0,404488628,8.175180435180664,9.579327510122214,102.83325443786981
600.0166987609118,'(-cos(0.0603046*x5) - cos(cos(24.1674*cos(log(x5)))) - 21.0191459655762/(log(x0 - sqrt(x5) + log(sin(log(x4)**2)**4) + (-cos(log(26.9867*x1/x5)**(1/4)/cos((log(x0 + x6) - cos(log(x3)))/(-0.999998745338505 + 43.058708190918/(x1**2 - cos(log(x0))))**2)) - 21.9487342834473/(x1**2 - log(x0) + cos(x3)))**4*log(log(log(log(x0 + x6 + cos(x4)) - cos(cos(21.0191459655762/cos(x3)**2)))))**2/(log(-cos(x6**(x3**(1/4))) + x5/x4) + cos((x0 + log(x3))**2 - cos(x5))**2)**2) - cos(log(x3))))**2',6.945955147254044,212336640,9,9,384,7,32768,paper,6,0,2261209995,6.662129878997803,7.551639768454207,57.220828402366855
600.0153600259218,'0.00380457*x5**2 + (-0.0671595*x0 + log(x0)**cos(41.4644*log(x5) - cos(x1)) + cos(0.0671595*x0) + cos(-log(44.2032928466797/(x5 - 41.9033)**cos(log(x3 + 86.1643 - 21.6001663208008/cos(0.0226227*x0) - 40.3307876586914/sin(sqrt(x0))))) + cos(43.9740524291992/cos(cos(x5 - 15.5637)**2)) + 39.7865) + 11.9455)*cos(sin(sin(sqrt(x5))))/log(log(26.7705154418945/32.9584**cos(log(x3 - Abs(x4)**(2*cos(x0**2 - cos(exp(x4)))))))) - cos(x0**cos(log(-0.00416869*x0**2 - 0.00359372*x0**2/cos(0.00385196*x5**2) - x0 + x3 - 12.2051811218262/cos(0.0226227*x0))))',7.043559504937062,270893056,9,10,384,7,32768,paper,6,0,4190266092,6.22989559173584,11.589747226644416,81.26520710059171
600.047011181945,'sqrt(-x0 - x4 + 10.4842*x5 - 175.677850349399) + sin(exp(x6**cos(x6**(sqrt((cos(24.1856*x0) + 12.6948)/x1)))) + 33.9765090942383/(x4 - 27.1485)) + sin(sqrt(-sqrt(x0) + x4 + 9.48417*x5 - sin(x5) + cos(x4) - 576.234306055645)) + cos((cos(cos(x4 + 23.0888)) + 12.9318)/x1)**2/cos(sqrt(-sqrt(-x0 + x5 + exp(x0**(1/4)) - exp(x6**cos(x6**(sqrt((cos(30.6941*x5 - 91.9819619243208) + 89.9495)/x1)))) + 593.37 - 38.1647338867188/(x4 - 27.4161)) + cos(sin(sqrt(9.48417*x5 - 213.625508182624))) + 27.4161376953125))**2',7.065318049381749,337674240,9,11,384,7,32768,paper,6,0,3160032368,7.0633955001831055,9.11012532635049,37.648639053254435
600.0459509359207,'((0.0706459*(0.103962*x5 + x5/x0**(1/4))*sin((sqrt(x3) - 15.7902)/(sqrt(x1)*sqrt(x5 - exp(8.86636*(sqrt(x3) + sqrt(x4))/(sqrt(x1)*x5)))))**2 + 0.0706459*log(x1**2*exp(-x6) + ((x0*exp(-exp(x5*x6*cos(x0))/x4**2) + 4.27005e-17*exp(2*x4)/Abs(x5)**(2*sin(x6**2)))/cos(sqrt(x3) + log(x0)/x5)**2 + exp(cos(24.4887084960938/sqrt(x1)))**(6.20288*cos(x0)) - 0.19812)/sin(0.117785*x5)**2))**2 + x5/x0**(1/4))*sin(3.0969639862156/sqrt(x1))**2 + cos(x5/log(sqrt(x5)))',5.401122668237218,230522880,9,12,384,7,32768,paper,6,0,3269070126,5.401268005371094,2.4040645915857737,61.78745562130178
600.0432639741339,'log((exp(x5 - cos(21.894*log(x3)/x1) - cos(31.5052*log(x3)/x1) - cos(log(cos(log(x5**8.82229 + 5.96359e+15)) + exp(-cos(cos(x0/x6**2)))*sin(sqrt(x1) - x5)) + log(0.206344604492188*log(x0)**29.0446)/log(x1)) - cos(log(35.6313018798828*(log(x3)/x1)**29.1656 + 30.9902)) - cos(32.0882*cos(19.4263*log(x5**8.82229 + 2.9818e+15))))/log(x0/(cos(x4) - 32.6098*cos(6.94560241699219*log(x3)/x1**2) + 31.5188)) + 4.35365e+31/x6**(2*x6))*exp(-x1)/log(x0)**28.9767)',6.787847609988606,310083584,9,13,384,7,32768,paper,6,0,3081541439,6.801700115203857,,39.60248520710059
600.0849432079121,'-x1**2*(x4 - (0.0117459*x4**4/(x1**2*x6**4) + log(1.72697e-5*x3**2)**4/x1**2)/(-log(x3**2/x1**4) + 57904.9/x3))*cos(15.5712*cos(cos(sqrt(x5 + sin(x3/(x5 + sin(0.227846*x3) - sin(1.55763*x4) + sin(x0/x6) + sin(x3/x1**2)))))))/((x1 - log(x1**2))**2*(x6**2 + 22.8018)) + (x4 - (-x1 - exp(2*sin(x4)**2) + 57904.9/x3)**2/x1**3)/(x1 + cos(exp(0.0675975*x5)) + cos(exp(17.6106033325195/x6))) + 57904.9/x3',5.601821961124941,203751424,9,14,384,7,32768,paper,6,0,3376120482,5.599098205566406,6.958759856390017,52.635621301775146
600.0629597781226,'(-sqrt(x0) + sqrt(x4)*sin(sin(log(x5)**log(sqrt((2*x3/x6**2 + exp(x6**2))**(1/4)*sin(log(x5)**log(sqrt(x5))) + 12.9369)) + 19.5112) + cos(-sqrt(x0) + log(2.18592*x1 + x5)**log(sqrt(x5)) + 2.01723)) - exp((15.7712*cos(sqrt(x0) + 0.8062*x4 + 24.8894) + 55.6361)/(sqrt(x0) + x4*cos(x1*log(x5)**log(x1**4)) + 36.1721)) + log(x5)**log(sqrt(x5)) + 6.57944*cos(1.33119*x1) + 41.0267)*log(x5)**log(sqrt(x5))/(-x6 + sqrt(x3 + 2*exp(x6)))',5.45215379024842,272465920,9,15,384,7,32768,paper,6,0,2204291346,5.459601879119873,32.552805961250144,65.60082840236686
600.0445059579797,'log((2*sin(6.60651*x5) - sin(-log(x1) + sin(sin(30.8839*sin(x3))) + 14.5448379516602/(x0*sin(x4 + cos(log(x3))**2))) + 6.81145)**log(((13.4397087097168 - cos(x1 + 0.0744064*x5 + sin(x1*(6.60651*x5**2 - 0.848634*x5)) + sin(x1*sqrt(x4)*x6) - 2*x5/x0))**6.81145*(x1 + sin(x1*sqrt(x4)) + sin(exp(x1/2)) - cos(x1 + sin(5.75788*x1*x5) - 46.3944))**2)**(-sin(cos(38.1045 + x5/x0) - 13.7826461791992))))',6.428679829052999,355762176,9,16,384,7,32768,paper,6,0,550243861,6.434959411621094,10.497048772268046,59.17313609467456
600.0395428370684,'x5/log(x0) + (0.0165175070559529*(10.8992*x4/(-x0 - log((sin(725.521*x1*x4) + 18.261)**(2*x4 - 2*x5 + 86.5832)) - 43.2915916442871) - x5 + sin(1.48746*x5) - sin(19.5055*x5) + sin(x5**2) + sin(41.1227*log(x5)) + exp(cos(x0 - 41.4382476806641))/(0.122208*x0 - 5.4768*x1 + 0.756023406982422))**2 - 23.9265)**2/((x0 + (x3/((73.0399**(log(x0)/x1) + x0)*log(1.39925*x0 + 110.141)))**(-x5**2/(x0 + x4) + 25.0604476928711))*log(x4*log(x0)))',10665.889660216197,275152896,9,17,384,7,32768,paper,6,0,3606691181,6.0181379318237305,27.851209011181304,53.85514792899409
600.0275220819749,'-2*x1 + x5 + x6 + sin(24.4409*x5)**2 - sin(exp(x1)) + sin(log(x3**2)) + cos(sqrt(x4) + cos(x1 - 0.0627562*x4 + 2*x5)) + cos((x5**exp(-8.81165313720703/x1) + sqrt(log(x0)) + 8.30737)**2) + cos(((0.974889*x5)**exp(-8.81165313720703/x1) + sqrt(log(x0)) + 8.30737)**2) + cos((sqrt(log(x0/(x5 - 42.8394))) + cos(x1)**2 + 8.30737)**2) + cos(x0 + log(x4) + sin(x6) - cos(cos(x1 + 35.0502))) + cos(exp(27.9446411132813/log(0.0627562*x4 + x5 - sin(x5 + sin(x1**2) - 5.24409) - 42.8394)**2)) - 42.8394',7.171538084884275,271613952,9,18,384,7,32768,paper,6,0,1934392872,7.171794891357422,3.774563533099907,40.97751479289941
600.0243049170822,'x5*(x5 - 34.0448)/(x0 + 26.123*x3*sqrt(x5*(sin(x6**2) + exp((23.6661148071289 - cos(x0 + x3**0.990985))/x1)/x5)*log(x0)/(x0 + (23.6661*x4/x6)**cos(x0 + x6**2 - cos(x0 - log(x4)**2) + 37.8963) - 26.495) + exp(x1*cos(log(x5*(x0 + 22.7396)/x3) - cos(1.98698 + (-x5 + exp(cos(x0 + cos(sin(x1**(2*x6)))**20.73)) + 20.7300338745117)/x6))))/(x5*(x0 + (exp(2*x6*sin(x3*x4*exp(-x6))) + 38.6269)**cos(cos(x5))))) + x5*(x0 + 30.3712)/x3',5.627104233792863,297041920,9,19,384,7,32768,paper,6,0,2148995112,5.6263747215271,4.816612622518073,35.17100591715976
600.0590416858904,'x5*(cos(sqrt(-sin(x5*cos(cos(cos(33.7254180908203/sin(log(x1 - sqrt(x6)*(x6 + log(x4 + 105.251))/x4)))))**log(x0*x1)) - sin(x0 + 0.0609337*x4) - cos(27.6649*log(x1*x5)) + 32.0016708374023)) + cos(33245848521.1436*exp(-29.7984**sin(log(x1 - 0.397349)))) + (x5 - sqrt(0.099875*x3 - x5))/x0)*cos(cos(x1**2*cos(cos(cos(cos(46.1032333374023/cos(46.1032333374023/x5)))))**(4*log(x0*x1))))*cos(cos(cos(46.1571235656738/(x5 + 24.2272))))**log(x1*(x0 - 7.44177*x0/(-x0*x1 + 1579.84)))',6.393483751269369,284491776,9,20,384,7,32768,paper,6,0,1592565386,6.394065380096436,3.046846675503471,57.465917159763315
600.043236972997,'-sqrt(x0) + exp(exp(-30.4571*(log((x1 - x6)**(1/4))**2 + sin(exp(exp(cos(x3)))) + cos(x0/x4) - 27.0374)/x3))**(-cos(sqrt(x5)) + cos(sqrt(x5) + cos(21.9634 - exp(-64.893*(sqrt(x5) + 2*cos(x5/x6) - 30.4571)/x3)))**4) - sin(sqrt(x0) - 2.96932560209385*sqrt(x0/(sin((sqrt(x0) - 30.4464)**2) + sin(1.04526*x0 + 16.8103) + 11.4239)) + sin(sin((cos((45.5871963500977 - x4)*cos(x4)/x0)/x1)**(2*cos(sqrt(x5))))) + cos(0.032833*x5**2)) - cos(1.38011*x5) + 30.4571',5.667961432888762,255066112,9,21,384,7,32768,paper,6,0,784044718,5.667864799499512,17.326324554398678,67.99668639053255
600.0765239100438,'-sqrt(x0) - sin(31.0108*x5) + 31.0107574462891 + (-x5**2 + (x0 - x3)**2/(x0 - 31.0108*cos(sqrt(x5 - 42.6839*cos(x5**2))*cos(x0)))**2)**2/(-x3 + (-x5**2 + x5/cos(x0))**2/(sin(x1) + 43334.7052539383/(x0**(0.0409959*sqrt(x0)/sin(x1)) - x5 + 4.68122 + (-x0 - x5**2 + (x5**2/sin(x4**2) - (6.73478*x1 + x4**2)**2)/((sqrt(x1) - sin(x3))**(13.7964782714844/cos(x0)) + 279.637) + 3.31938e+6/(x0 - 30.5243*cos(x5))**2)**2/(x4*cos(x5**2) + 449.612)**2))**2)**2',5.213402292327687,181764096,9,22,384,7,32768,paper,6,0,3980425317,5.213439464569092,7.04968475606825,37.42946745562131
600.0976304160431,'-log((0.976261*x4 + exp(sqrt(log(exp(-sin(x4))*log(sqrt(x1*x3))**2))/sin(x1))/(x4 - x5/4 + sin(sqrt(exp(sin(8.89594e-6*(-log(7.91377e-11*x0**2*(0.153743 - x5)**4) + (-x5/4 + sin(sqrt(exp(sin(sin(sin(sin(sin(sin(sin(exp(1.78034/sin(x1)))))))))))))**2/sqrt(x0))**4))))))**2*exp(-sqrt(x1))) + (-x5/4 + sin(exp(sin(8.89594e-6*(-x5 + exp(sin(sin(x5) + 15.7429)/2))**4)/2)))**2/sqrt(x0)',8.032500411182049,159776768,9,23,384,7,32768,paper,6,0,3356806661,8.032493591308594,8.650983947540839,61.70863905325443
600.0108394129202,'log((-x5*x6 - x5*sin(x3)/x6 + exp(0.00114291*x4**2*x5*cos(3.00367e+10/(x5 + x6 + 48652.5))**2 + 2*sin(exp(0.0885111*x5))) + 220.422)**(1/4)) + (x0 + x5 - 40.4402*exp(x1/2) + 1339.7*cos(x3) + 48628.3 + 24.2564086914063/(-0.660607**(cos(x5)**2 + 8.0316) + cos(exp(0.309424*cos(0.309986*x5*cos(sin(exp(cos(x0)/2))**(x0/2))**2/(0.0333327*x4 + 8.0316))**2)))**4)/x3',11.507157856617402,250118144,9,25,384,7,32768,paper,6,0,1728356533,6.442120552062988,11.842019363479976,45.5971597633136
600.0020622890443,'sqrt((-x1 + sqrt(x3) - x5 - (x0 + x4**2)/(-x1 - x5 + sqrt(x3 + 37.4114) + log(((sqrt(x3) - x5 + 8.71061 - (-sqrt(x5) - x5 + sqrt(x3 + 45.3715) + sin(2*x5 + cos(x0)))**2/x1)**2 - 0.829933)/sqrt(x4)))**2 - sin((log(x1) + 2*sin(x0) + sin(log(x4)**2) + 31.0688)/x1) - cos(x5 + (2*x5 + sin(x5) + sin(33.5892*x5) + sin(7.39146*x0 + x5) + sin(x5 + (x0 - 41.353)/x1) + 2.14382)/x1) + 3.40224)**2) - 4.64174*sin(cos(sin(x5)))**x6',6.932697141082843,291897344,9,24,384,7,32768,paper,6,0,2765379632,6.932695388793945,5.882828301008074,48.59005917159763
600.0584227629006,'272668.0**(x1/(x0 + 5.90351*cos(289658.0*x5)))*(-x1 - 0.000939081*x3 + x5/log(cos(x0 + cos(x1*sqrt(x4))) + 1/(Abs(x1)**16.1904*Abs(cos(exp(2*x6)))**16.1904) + 24.2409) + cos(x5/log(x1 + cos(cos(0.0757978*x1**2) + cos(log((x3 + 37.9752)**(2*sin(cos(x6))))) - 13.4557))) + cos(x5/log(0.169391*x1**2 + cos(0.097317*x0) + cos(2*x4) + cos(3.71101*x5) + cos(x0 + cos(33.6884*cos(x1**2/x4))) + cos(x4**2 - x4) + cos(x0**2 - x1 + log(x3)) + 24.2409)))',6.732176219161251,255164416,9,26,384,7,32768,paper,6,0,3533734220,6.0045905113220215,4.1568643806742145,53.533017751479285
600.0271120930556,'-x1 + x6 + (x5 - x6 - log(x3) - cos(x1) - cos(exp(sqrt(x0))) + 43.036 + (x5 + x5**(cos(cos(x5 - sin(x1**2)))**4) - x6**2 + (40.2677**(cos((x3 + 3*x5 - cos(x5 - sin(x1**2)))/x1)**32) + x1 + x5 - 22.7138)/sin(sqrt(x5 - cos(x0))) + 78.0088 - (x5 - 45.7702445983887/(-x1 + log(x0)) + (x3 + x5)/x1)/x1)/x1)/log(x0) + cos(-0.547599*x5 + 0.547599*sin(x5) + 0.547599*cos(x1))',5.72272144039736,245334016,9,27,384,7,32768,paper,6,0,2342600226,5.672910690307617,23.395512905438586,129.35147928994084
600.0220833278727,'x5 - sqrt(x3 + 40.807) + ((exp(sin(log(-sqrt(x3) + x5 + log(x4)))) - 45.2360801696777/x1)**2 + 26.2206954956055/x4)**sin(log(-sqrt(x3) + x5 + ((-8.21109*x5**sin(x5) + ((exp(-0.186277*sqrt(x3) + 0.186277*x5**exp((1.14791e-12/(2*x4 - exp(x6) - exp(0.163874*exp(2.38082/cos(x0))))**2)**(sqrt(x5)*x5**sin(x5)))) - 8.60557)**2 + exp(24.4866**cos(exp(exp(sin(x6))))))**2 + 214.298)**2)**(28.4119**sin(sin(log(log(log(x4**2 - x5 + cos(x3) - 37.2377*cos(x3 - cos(x0 - x5)) + 24.1719)**(1/4))))))))',7.1110426063358245,269090816,9,28,384,7,32768,paper,6,0,1904449481,7.110987663269043,3.1704917710993192,39.72082840236687
600.0447784361895,'(x5 + cos(x3))/sqrt(log(sqrt(exp(4.89209*sqrt(cos(cos(sqrt(x5)))))**(4.89209*exp(-sin(sin(sin(cos(log(x3 - 5.75542*log(35.411**(4.91865158081055*exp(-sin(cos(x3 + x4)))))/(sqrt(x0)*cos(sin(x6/(x5 - 3.09652) + 4.00282) - cos(sqrt(x5/log(sqrt(sin(x1) + 5.9185671110431/sin(sqrt(x5))**2))))))))))))*exp(-cos(log(27.154*x1 + x3 - exp(cos(x1))/cos(x3 - 0.640221))))*sqrt(cos(cos(sqrt((x5 + cos(18.1095*x0))/log(sqrt(exp(5.21095433725728*sqrt(cos(cos(sqrt(x5 + sin(x4))))/sqrt(x4)))))))))))))',5.681715377531692,310116352,9,29,384,7,32768,paper,6,0,1934709049,5.67761754989624,9.608413820136597,50.51928994082839
600.277987441048,'x5/log(x3**2/(2*x5 + 24.3197*x5*(x5 - 34.5114)/x0)**2 + log(x3) + sin(sqrt(x5)*exp(x1/2) - 24.0686))',8.720273067815569,126418944,9,0,384,7,65536,paper,4,0,3324115916,8.7202787399292,11.0207709177438,44.4359693877551
600.0951998878736,'0.170994*x0/((-x3**0.488625 + x5)*cos(cos(x1 + 1.13279724121094))) + x5 - sqrt(x0 + x3 - exp(x4/4))',8.64697588391013,124321792,9,1,384,7,65536,paper,4,0,2811363264,8.64697551727295,8.023810555671352,43.733112244897946
600.3321083099581,'(0.28409*x5 + exp(2*cos(0.235005*x4)) + exp(2*cos(18.4593*x5)) + sin(x5)**4)*exp(sin(sin(cos(log(x3)))))',7.591240066526825,96403456,9,2,384,7,65536,paper,4,0,1884968544,7.591077327728271,5.2814482932965845,65.46061224489797
600.3649152959697,'sin(Abs(x5)/(18.3381271362305 - cos(x1 - x5))**(1/4)) + 0.0512606*(x5**2 - 32.3843)/sqrt(x0 + 8.92014694213867/(x1**2 - 8.92015))',8.366048446105518,109182976,9,3,384,7,65536,paper,4,0,1859786275,8.366050720214844,11.234953429060697,95.62836734693876
600.3094778328668,'-sqrt(x3) + x5 + (7.7153 + 42.5053482055664/x4)**sin(sqrt(-x1 + sqrt(x3)))*sin(log(31.5889511108398/(-sqrt(x3) + x5 + sqrt(x5/x6))))',8.659918897191075,131334144,9,4,384,7,65536,paper,4,0,3687649985,8.659919738769531,4.898599564443513,47.259591836734685
600.0401653470472,'x1 - x1**sin(0.0215624*x3/(x5 - 41.0611)) + x5 - sqrt(x3 - x4) - cos(x5)**2 - cos(exp(exp(cos(x0))))',8.245883652647779,115802112,9,5,384,7,65536,paper,4,0,369133708,8.245922088623047,11.499371583696822,41.03678571428571
600.1610171671491,'x0**(1/4) + sqrt(log(x0)/x3)*(sqrt(x0) - 32.3897)*Abs(30.8609**sin(0.0908973*x5) + x5)/log(x5/(x3 + x5))',8.409263350860419,121569280,9,6,384,7,65536,paper,4,0,2995172877,8.409269332885742,6.272286641055284,60.70882653061225
600.0266916831024,'-0.00288299*x3 + 0.376849*x5 - 1.48059889090548 + 0.000100809*(sqrt(x0)/sin(sin(10.1595230102539/x1)) + 2*x5)**4/x0**2',8.551027439122974,114884608,9,7,384,7,65536,paper,4,0,865305066,8.551033020019531,6.887778248990024,50.27836734693877
600.2112218900584,'(x5/log(x3**(1/4)) - cos(0.506574*x5) - 19.4605)/(log(log(sqrt(x0)))*log(log(0.214259*sqrt(x3))))',8.032798819457232,125304832,9,8,384,7,65536,paper,4,0,404488628,8.032804489135742,12.237092981444825,102.83325443786981
600.2579669789411,'sqrt(x6*(-x1 + x6 + 6.45444488525391 + 0.0236573*(-x3 + 11.7567*x4**2)/x1) + 28.8482) + 18.3522*x5*(x5 - 42.2702)/x3',8.275351505381208,123535360,9,9,384,7,65536,paper,4,0,2261209995,8.275355339050293,8.308395172505762,57.220828402366855
600.2034962610342,'x5 - sqrt(x3 - 20.5632323957876*x3/(x5 + (x5 - sqrt(x3 + 476.771))**2)) - sin(x6**2) - Abs(cos(x5))',7.745206857651574,93847552,9,10,384,7,65536,paper,4,0,4190266092,7.74521017074585,19.285206814376053,81.26520710059171
600.1556812238414,'sqrt(x5*log(0.0069408*x5**2)**5.35559/x0) + cos(x1*(log(x3) - 2.66824)) + cos(24.6184*x5 + 3.83985)',9.603855504874655,127336448,9,11,384,7,65536,paper,4,0,3160032368,9.603734970092772,8.348807446885361,37.648639053254435
600.2711131519172,'32.4432263402846*sqrt(1/(x0*log(sqrt(x3))**2))*Abs(x5 - 38.0810813903809) - log(cos(sqrt(x1))**2)**2 - cos(0.504535*x5)',8.554102887285898,113704960,9,12,384,7,65536,paper,4,0,3269070126,8.554101943969727,2.3828437721169196,61.78745562130178
600.3120143380947,'-sqrt(x3) + x5 + ((x6 + x6**x4 + 33.721)*exp(-x5**4/x3**2))**(x6**(-2.95296)) - cos(log(cos(x5)**2)) - 0.794304',7.343811475916554,105840640,9,13,384,7,65536,paper,4,0,3081541439,7.343772888183594,10.618014937364617,39.60248520710059
600.035049936967,'(log(x3)/(sin(x6**2) + cos((x5 - 43.1154)**2) + 1176.59828908231/x4**2) + 94270.6/x3)*cos(cos(37.651*x5))',7.379222844861256,113246208,9,14,384,7,65536,paper,4,0,3376120482,7.382949352264404,7.184413764562307,52.635621301775146
600.3121039259713,'-x1 + cos((-sqrt(x4) - x5 - 37.5230903625488)/x3**(1/4)) + cos(1407.98*log(x5)) - 31.3704*(26.1346664428711 - x5)/sqrt(x3)',7.781559467082324,122290176,9,15,384,7,65536,paper,4,0,2204291346,7.77686882019043,18.337294490571278,65.60082840236686
600.1484704741742,'sqrt(x5*(-log(x5*x6)*cos(1086.48*x5) + 32.7051315307617)*(x5 + log(sin(x1)**4) + cos(x1) - 39.9923477172852)/x0)',9.406437029738546,121634816,9,16,384,7,65536,paper,4,0,550243861,9.361627578735352,12.185985272497437,59.17313609467456
600.3022566309664,'648.034*sqrt(1/(27.4452**(5.13282775878906/(x1 - sin(sin(sin(0.281591*x5))))) + 5.24435*x0 - x5/sin(sqrt(x5 + sin(x5)**2))))',10.22494376207936,117571584,9,17,384,7,65536,paper,4,0,3606691181,10.224950790405272,9.780825635305444,53.85514792899409
600.2667494430207,'(-sin(x5**2) + x5**2/sqrt(x3))**1.33631/log((sin(x1) + sin(42.6254*x5) + sin(exp(x1)) + 24.3666)*log(x0))**2',7.809811847714458,110755840,9,18,384,7,65536,paper,4,0,1934392872,7.810018539428711,4.1848408088587865,40.97751479289941
600.2368255329784,'2.2506 + 10.0711*(-x0 + x5**2 - x5 + (2*x4 - 6.99875)**2*sin(0.175573*x5)*sin(0.330967*x5))/x3',7.526087349893497,114491392,9,19,384,7,65536,paper,4,0,2148995112,7.526105880737305,3.3431287316606353,35.17100591715976
600.2542514379602,'0.648471*x5*log(sqrt(x4 + 31.3097))*Abs(cos(0.408283*x5 + 23.5541) + 22.0723)**2.11573/(x3 + x5)',7.973620914958027,114294784,9,20,384,7,65536,paper,4,0,1592565386,7.9736175537109375,6.779210984791784,57.465917159763315
600.3417054577731,'x5 - sqrt(2*x0 + x3) + (4.41769*sqrt(x1) + 0.282915)**2/(x5 - sqrt(x3 - x5) + log(exp(2*sqrt(x4))))',8.633923273281013,120061952,9,21,384,7,65536,paper,4,0,784044718,8.633922576904297,17.83173749025053,67.99668639053255
600.2618548281025,'0.0927967*x5**2/log(0.911353608556396**(sqrt(0.957214*x3 + 46.4586)))**2 + sin(0.510406*x5 + 23.3722057342529)',8.327110728701667,119275520,9,22,384,7,65536,paper,4,0,3980425317,8.32625961303711,9.067755345260515,37.42946745562131
600.1572897969745,'7.01302 + 0.609765*(34.8648986816406 - x5)**2*sqrt(x1 - cos(0.0273804*x0 - 0.0273804*exp(x1)*log(x0)))/x0',9.764174502747547,121962496,9,23,384,7,65536,paper,4,0,3356806661,9.764162063598633,10.954293612339537,61.70863905325443
600.2075869780965,'x1 - sqrt(x3) + x5 - sqrt(x6**2 + (-sqrt(x3) + x5)/x6**2) - sin(x6 + log(cos(x5)**2)) - cos(exp(x1))',9.040892163010293,113246208,9,24,384,7,65536,paper,4,0,2765379632,9.040826797485352,8.302553250810178,48.59005917159763
600.2040840429254,'(82.7558**(-0.000111999*x3 + 0.000111999*exp(x4/4) - 0.00303212)*x5 + sqrt(x5))*cos(sin(sin(sqrt(x5)))) - sin(95.5684*x5)',7.394142926891554,118161408,9,25,384,7,65536,paper,4,0,1728356533,7.394130706787109,8.24708680765806,45.5971597633136
600.0291908469517,'(cos(0.54606*x5) + 7.95335*(x5 - 38.0342)/sqrt(x0))*sin(exp(log((7.44553375244141 - x0)**2)/x1**2))',8.826373872193953,112852992,9,26,384,7,65536,paper,4,0,3533734220,8.826363563537598,3.358715484762946,53.533017751479285
600.2887039098423,'cos(Abs(x5 + 26.6354)**1.99548) - 449.708*(x5 + 0.0474539*exp(0.0866365*x5) + 26.6354)/(-x3 + x0**(-sin(x5 + 31.4831924438477)))',7.655696464699439,115212288,9,27,384,7,65536,paper,4,0,2342600226,7.670575618743896,16.691679019521903,129.35147928994084
600.1601144289598,'x3/((24.9939422607422 - x4)**((-sqrt(x3) + x5)**2/(2*(x5*sin(log(x6**2)) + x5))) + 22.685)**2 + sqrt((-sqrt(x3) + x5)**2)',8.343549638803989,103743488,9,28,384,7,65536,paper,4,0,1904449481,8.343549728393555,3.5115083326350622,39.72082840236687
600.107412052108,'-cos(24.3672561645508/sin(sqrt(x5))) + 30.852 + 0.43487*(0.132631*x4 - x5 + (x5 - 36.1952)**2/(sqrt(x3) - 23.395))/x6**(1/4)',7.831415970227463,120979456,9,29,384,7,65536,paper,4,0,1934709049,7.831426620483398,12.062238569655417,50.51928994082839
600.3744943039492,'(x5 - 38.5823)**2*cos(cos(sqrt(log(9.34486*sin(exp(sqrt(x4))) - 0.0302628*(x0 - x3)*(0.0235393*(x5 - 42.3916)**2*cos(cos(sqrt(log(-cos(exp(3.28683*sin(x5)**2)) - cos(exp(9.66903*sin(x5)**2)) + 2.73227310180664))))**2 + (x1 + x4/x6 - log(x6**2*sin(log(x3)**2)**4*cos(log(x0*x6) - cos(x0))**4*cos(log(18.6904830932617/sqrt(log(x0))) - cos(x0))**4/x4**2))**2/x0)/x4))))**2/sqrt(x3) + (cos(x5) + 2*cos(log(x4/x6)**2) + 26.7041)**2/x0',,97386496,9,0,384,7,65536,paper,6,0,3324115916,5.549633026123047,5.486190300597667,44.4359693877551
600.2608612040058,'(x5 + cos(cos(cos(x1 - 26.9172286987305))/cos(x5/log(x5))))*cos(cos(cos(log((x4 - cos(x4 - exp(x1)) + cos(x5 + cos(26.9172286987305/log(sin(x0)**2))) + 21.5798721313477 + (x1 + x6**2 + 3*x6 + 66.6815)/(x4 + log(((x1 - (-cos(x5 + exp(x6) + cos(0.303979*x5) + cos(x5)) + cos(log(x4)))**2)**2 + ((x1 - 2.23509)**(cos(x1/(x5*cos(sqrt(x3)) - 26.9172))/((-x3 - 45.2287559509277)*cos(1007.46088233055/((3.38338*x0 + x5)**2*cos(x4 - exp(x1))**2)))))**exp(x4)/x3)/x3)))/x3)))) - 26.8349',5.578051009235799,112132096,9,1,384,7,65536,paper,6,0,2811363264,5.574782371520996,6.346987986080193,43.733112244897946
600.1930381199345,'-x1 + 192.427211575792*x3*exp(sin(sin(sin(x1 - 33.795524597168 + exp(-sin(x1 - cos(x6)))))))/(x5*(0.0447085918867441*x3*x4 - x5**2)) + sqrt((-x0 - sqrt(x4)/cos(x0 + x5) + 1605.18)*cos(cos(0.0341301*x5**6*exp(-2*sin(x1 - 33.7144927978516 + exp(-sin(x1 - 5.79475021362305))))*cos(exp(x1**2) + 32.0411)/(x0**2*x3**2))**2)*cos(cos(log(sqrt(x4) + 2*x5 - sin(x5) - cos(2*x5) - cos(x5 + cos(x6)) - cos(sqrt(exp(sqrt(x4))) - exp(x6)))**2))) + cos(1.37265*x1) + 5.46275',7.539162068205663,100925440,9,2,384,7,65536,paper,6,0,1884968544,6.00839376449585,7.493363689261386,65.46061224489797
600.329049641965,'x5 - log(x3)**2 - sin(x5**2) - sin((x1 - 0.567382)*log(0.000867122*x4*exp(x4) + (2.98*x5**1.57531 + sqrt(exp(sqrt(2)*sqrt(x5))))**2)) - sin(log(x3)*log(exp(2*sqrt(x1)))) + sin((x5 + 11.4691)**2) - sin(log(x4)) - sin(sin(x0 + 0.00432545*x4**2)) - cos((-x5 + 12.4684*log(x3) + sin(x4*(x4 - 6.27905) + x5 + 19.1897) + sin(sin(sin(sin(x0**2) + 19.1897))) - 12.4684)*log(x6)) + cos(exp(sqrt(x5 - sin((x5 - sin(x5**2) + 12.4684)**2) + 12.4684))) + 12.4684',6.808172400812661,100007936,9,3,384,7,65536,paper,6,0,1859786275,5.742579936981201,12.140165579019898,95.62836734693876
600.0683530610986,'sqrt(-0.0467762*x5/sin(23.4484*sin(cos(x0))) + 25.3378 - 43.061*x4**2/x0 - 43.8781953135881*x4*x5*(sin(24261.4233801476/x4) - 5.95737)**2*exp(cos(log(x3)))*cos(sin(1461894283.40685/x5))/(x0*(x0 + x5/(x4 - 25.7817))*(sin(sin(cos(x0))) + 2.35064)*sin(x1)) + 17463.8146549491*sqrt((sin(x6*sin(x6*sin(x6*sin(1477.50257713397/x5)))) - 5.95737)**2*cos(sin(1025.10302528018/x5)))/x0)',7.499377290740569,111017984,9,4,384,7,65536,paper,6,0,3687649985,6.4142608642578125,5.66373546240637,47.259591836734685
600.1057606339455,'sqrt((x5 + cos(21.3237*x5**2) + 20.2731)*log((-x5 + cos(sqrt(x0)) - 2*cos(20.2731*x5**2) - cos(x5*cos(22.603*x0)) - cos(x5*x6/x4) - cos(2.26791e+7*cos(20.2731*x5**2/x4)) + 55.5412)**2)**2/(18.2472*8.69874e-7**(sin(log(x1))**x5)*exp(x6)/x0 + x0/(25.471549987793 - sin(x4/x6)) + 0.0548028*x4*sin(sin(sin(sin(log(x5 + cos(4.06231*x0) + cos(x5**2/x4) - 56.7653)**2)))) + exp(-x6)*cos(x0)))',6.574513193075757,101384192,9,5,384,7,65536,paper,6,0,369133708,6.264672756195068,8.918219031964608,41.03678571428571
600.2321551910136,'(31.1449813842773 - cos(sqrt(x0)))*cos(cos((x3 - (-x4 + x5*cos(x1 - exp(cos(x5)/2) + cos(x0)))/sin(x1))**(1/4) - 26.8715)) - log((0.0619895*x4*x6*(x5 - 38.2275*cos(x0))*exp(sin(cos(log(x3)) - 31.145*cos(cos(sin(x5 - log(x6))))))/log((exp(cos(1.02205e-15**cos(x5)*cos(sin(log(sqrt(x4)) + 31.0093))/cos(x3))) - 2.71825)/cos(cos(0.46039*x5))**2 + 4.69391))**(-sin(cos(x5/(7.46811e-17**cos(x5)*x0)) - 31.145*cos(cos(0.028378*x5)))))',10.75435926478727,105578496,9,6,384,7,65536,paper,6,0,2995172877,6.090641021728516,12.622136517330873,60.70882653061225
600.052023767028,'x5**((0.912374 + (x4 + 20.4888 + 0.0323601*(x0 + exp(exp(sqrt(log(x1 + x5 - 56.7499)) + 0.572015*sin(0.327201*x5 + log(x5 - 45.4607)**4))))/x5 + exp(exp(sqrt(log(x5 + log(x3) - 56.6718)) + 0.575447*sin((-sin(sqrt(x4) - (-sin(sqrt(x4) - (x1 - 45.7054)**2) - 3.58025/x4)**4) - sqrt(log(x3))/sqrt(x4))**2 - 11.3433)))/x3)/x3)**((x0*sqrt(log(x3)))**(1/4))) + sin(sqrt(25.1291*x5 - 503.13) - sin(x6*sin(sqrt(x4)*x6)**2)**2)',6.361423336840571,101187584,9,7,384,7,65536,paper,6,0,865305066,6.36029577255249,14.798127547149301,50.27836734693877
600.3565703830682,'log((-(33.3039*x6)**cos(x1) + (-sqrt(x0) + sqrt(x6*(x4 + 27.7656)**cos(cos(128.024112864216*exp(-cos(x5))))) - cos(x5**cos(x1) - 0.0424736*(1498.95/x1)**cos(cos(log(x1/(x3*sqrt((31.965705871582 - sqrt(x0))**cos(cos(128.024112864216*exp(-cos(x5))))))))) + sin(sin(x1*sin(x4 - sin(log(x3)))**2/x6))) + 33.6532669067383)*(x5 - 0.0424736*(1498.95/x1)**cos(cos(log(0.0258289*x1/x3))) + exp(x6**2*log(sqrt(sin(x6)))) - sin(0.0592858*log(x3)/cos(x0)) - 52.101692199707) + 35.3765487670898)**2/x3)**2',5.938793753355276,104529920,9,8,384,7,65536,paper,6,0,404488628,5.939221858978272,8.945472671794036,102.83325443786981
600.1461539729498,'x3/(x3/(-x3/(-31.9631*sqrt(x4) + x4) + x4 - x5 - 82.137321472168) - x5 + (cos(log(x4)**2) + 23.0375)**((sin(15.930456161499*log((sin((cos(x6**2) + 43.4834)*exp(-sin(sqrt(x5)))) + 42.7578)*exp(-sin(sqrt(x5))))/log(x3**4))**2)**x4) + sin(1.31677*x5) + sin(exp(x1)) - sin(30.6445*sin(x1)) + 2*cos(x0) + 2*cos(1.38354*x5) + cos(2*x5) + 2*cos(x5/x6) - 20.0216217041016) - 18.9975*cos(sqrt(x5 + x6)) + 35.8168',6.627616352003687,109576192,9,9,384,7,65536,paper,6,0,2261209995,6.627633571624756,7.382230126032326,57.220828402366855
600.1739132110961,'0.314743*x5*log(sqrt(x3)/(x5 + 23.8238*sqrt(cos(cos(cos(0.314743*sqrt(cos(30.3281*cos(log(sqrt(x5))))**2)*Abs(x5) + 41.8945)))**2) + 0.000142610637491072*exp(x4/2)*sqrt(log(x6)) + cos((x6**4 + cos(exp(x4)))**2) + cos(exp(2*sqrt(x5))) + cos(exp(2*sin(cos(x0)))) + cos(log(sqrt(x3)*exp(-sqrt(x5)))**2) + cos(log(((sin(0.0245597*x4 + 0.236028) + cos(exp(x4)))*exp(sqrt(x4)) + 3.90348)**2)**2) + 42.3157))**2 + log(x1) + sin(exp((sqrt(x3)/log(log(x0)) + sqrt(x3)/log(x1) + x5 - 31.2548)**(1/4)))',6.503682545858427,97124352,9,10,384,7,65536,paper,6,0,4190266092,5.783809185028076,14.528381569856817,81.26520710059171
600.338849471882,'x6 + (-log(x5) + sin(sin(x1 + cos(x1 + log(12.4024*x5) + sin(log(x3))))))**2 + sin(6.69591*x5) + 2*sin(12.1162*x5) + sin(19.1028*x5 + 19.1028*cos(log(x5*(x3 + x5/cos(x5) + exp(2*x1) + exp(x6**2))))) + sin(19.1028*x5 + 19.1028*cos(log(sqrt(x0 + sqrt(x4))))) + sin(19.1028*cos(log(sqrt(x0 + x6**2))) - 175.434) + sin(log(3.23004*exp(-2*x1)/x3**8)) + sin(log(exp(2*sin(log(exp(2*sqrt(x0 + x6 + exp(x6))/log(x1))))))) + sin(sin(38.4152*x5))',6.695431670006752,100335616,9,11,384,7,65536,paper,6,0,3160032368,6.695974349975586,6.335821770399647,37.648639053254435
600.3844118081033,'log(x0**2 + ((x4 + log(exp(x4*(sin(x5**2/(x4 - 0.891057)**2) - 0.242341*cos(x0) + 2.31175526546156))))**sin(0.170221*x5 + log(exp(sin(sin(sin(sin(sin(423.592*x0/x5**2 + sqrt(x4 - sin(x3)) + exp(x6) + 46.0536))))))**0.662537)) - 1/(cos(log(log(log(x3)**2))/x1)**2)**15.3382 + 39.4032821655273)**(log(exp(-log(exp(sin(sqrt(x1)))**sin(sin(sqrt((sqrt(x4) + sqrt(x4 - cos(x0**2)) + 2*exp(x6) - exp(sin(sqrt(x5))) - 43.3578)**2))))*sin(sin(x1 - cos(x1))))) + x5/sqrt(x0)))',6.251425267311732,101842944,9,12,384,7,65536,paper,6,0,3269070126,6.251574993133545,4.231344297717693,61.78745562130178
600.0489090778865,'x5/(0.0442803*x0 + 0.0442803*(0.0411068*x0 + 0.0411068*cos(x5)/cos(sin(x4**(1/4)) + 0.758084))*exp(2*sin(44.3114*x5))/sin(sin(log(x0)))) + 10.2902 + 7.5101432800293*exp(-3.69645757201264e+20*x0*x4*exp(-10.0493*exp(-exp(sin(x0*x6/x4)))*cos(x1**2*(0.0404964*x0 + 0.184872))/sin(x5) - 2*(-0.187958533899858*x1**3*cos(4.62305*sin(x5))/(sin(2.86271*x1)*sin(sin(sin(sin(x5))))) + 103.686)/x1))/(-x1 + 7.91437149047852/(0.0404964*x0 + 0.0404964*x1*exp(sin(5.87661*x5))))',6.530286634393014,107872256,9,13,384,7,65536,paper,6,0,3081541439,6.532218456268311,5.993187637121849,39.60248520710059
600.4312931790482,'-0.0376192*x0 + 0.0376192*sqrt(5.56322e-9*x0*x1*x4**2*exp(x5/2)/x3**3 + 2*x0 + x1**2*exp(-exp(cos(x6)/cos(x4)**2) + cos(x3/x0))/(x3*sin(x5 - 1085.29)**4) - 45.7898) + exp((11.2371101379395 - x5)**2/x3)*sqrt(exp(sqrt((-0.0376192*x3 - 44.0984954833984/(-x3/((x5 - 44.0985)*(cos(x3/(x0*(sin(x0) - 0.60458))) + 24.2825)) + 1.84207))**2/(x3*sin(sin(sin(sin(sin(sin(x1))))))**4))*(0.036445*x3 - 45.7898)/(x1*(-x0 + 0.0411819*x3 - 44.0985)))) + 24.2825',5.983416959621503,99942400,9,14,384,7,65536,paper,6,0,3376120482,5.927103042602539,7.828585890335735,52.635621301775146
600.1684487580787,'exp(sqrt(x5))**0.367634*exp(sin(cos(log(x3) - sin(6.77305*x5)/(((sin(log(46.1387176513672/x4**x6)**2) + 23.4277)*exp(sin(cos((log(x3) + 23.6649)*exp(sin(cos(cos(log(x3) + 0.0305523) - 31.3553)))))) + cos(x3**2/x6**2))*exp(cos(x1 - 19.8801*x5/(log(cos(log(x4**2)) + 24.5173)*log(cos(cos(x5*sqrt(sqrt(x4 - sin(x3))/x1))) + 24.5173)) - log(x1) + log(sqrt(x6)) + cos(cos(x0**2)) + 12.6975)) + sin(x4**cos(cos(log(x4**2)))) + cos(27.8428*log(sqrt(x6)))))))',5.20954566136619,108265472,9,15,384,7,65536,paper,6,0,2204291346,5.212616443634033,19.804636857418252,65.60082840236686
600.4446504998486,'-x1 + cos(exp(cos(-x1 + log(x0) + 21.8719787597656/cos(log(x5**2/(log(x0 + x0**cos(exp(cos(18.1087646484375/cos(x5**sin(x6))))) - sqrt((x0*x1)**sin(x6))) + cos(log(x1) + 43.8231430053711/log(log(x1)))**2))))) + log(22.9949417114258/cos(sin(24.9226*x5)))) + 21.8719787597656/cos(log(x5**2/(log(x5/(x0 - exp(x1/2) + log(x0)**(x5**2*exp(-x1)/(15.0054016113281/cos(sin(x5 - 31.3544235229492)**4) + 28.1856079101563/cos(sin(0.172142*x4))))))**2 + log(x0 - sqrt(exp(sqrt(x4))) - 21.2861*sin(20.6242904663086/cos(sin(0.178971*x4)))**2))))',6.553481884884945,102105088,9,16,384,7,65536,paper,6,0,550243861,6.547769546508789,9.800916719704926,59.17313609467456
600.42451707297,'(x5 + 22.1608*cos(log(x3)))**2/log((x3 + 45.7882*x6 - (x4 + x5 + x6 + sin(x3))**4*cos((x4 + x5 + (x5*cos(x0**2) + x5)**(1/4) + sin(x4))/log(((x5 + exp(2*cos(x3**2*log(x1)**2)))**2 + exp((x5 + 11.9492)*cos(exp(x1))) - 609.919)**2))**2/log((-939.379*x6*log(log(sqrt(x5))) + (22.9433*x6*cos(log(x3))*cos(cos(x4**2)) + log(-exp(x5)*cos(x3 - 23.4086*x6*log(x3)*log(log(x5**(1/4)))) + exp(x5)) + 23.4086*cos(x5**2))**2)**2)**4)**2)**2',6.145619098866486,98238464,9,17,384,7,65536,paper,6,0,3606691181,5.983052730560303,9.88265539563717,53.85514792899409
600.1370527141262,'x5 - (sqrt(sqrt(x0) + x3) + 8.41152)**cos(1.24551/log((sqrt(x0) + exp(3.10021*(x4/x6**2 - exp(2*sin(20.2073*x5)) - exp(2*sin(1971.68 + 816.669/sqrt(x5))) + 36.1517 - 46.5253677368164*exp(-11.9538*(x0 - 858.869)*exp(-x1**2)))/(x4 + sin(x0*log(x5)) + sin(3.19822*x0 + exp(sin(64.183*x5))) + sin(x6 + sin(x0)) - sin(exp(x4/2)) - 34.1359558105469)))/(x5 - 2*sqrt(x3/x5) - 25.0184)**2))',6.116428020835255,107413504,9,18,384,7,65536,paper,6,0,1934392872,6.113523006439209,6.738889061382935,40.97751479289941
600.0364376611542,'-x1 - x3/(x6 - 23.8497)**2 + x6/cos(sin((-2*x1 + (-x1 + sin(sin(x6)) + 29.5469)*cos(sin(4.7646*x3/((x1 - 23.8497)**2*(x5 - 2*cos(x1))))) + sin(sin(x5))**2 + 56.6119)*sin(sqrt(x1))))**2 + log(x5/x4) - sin(sqrt(((sin(sin(sqrt(x5 - sin(37.0328*x4) - sin((-x1 - 16.9845714569092)**2*(-x4 - 22.9956550598145))))) - 38.004)**2)**1.63051)) + 23.8497 + x4*(sin(sqrt((-x5 - sin(7.13469*x4) + cos(x1))**2 + 19851.6)) - 23.8497)**2/(x3*sin(sqrt(x5 + 1.04033)))',6.660721532204271,101515264,9,19,384,7,65536,paper,6,0,2148995112,6.659735679626465,3.066096644133584,35.17100591715976
600.4379117931239,'sqrt(-x1 - x4 + x5 + x6 - 44.4757766723633) + exp((cos(35.0937*x4) + cos(38.4686*x4) + cos(sqrt(x0) + x4) + cos(exp(2*cos(x0))) + (-sqrt(x0) + 0.0219944*x4**2 + x5 + log(x0) + sin(0.405589*x5) + cos(x5**2 - log(sqrt(x3))) + cos(x5**4 + 12.279) + cos((32.7772 - 42.794116973877/(x5 + cos(x0**2)))**2 + 2.89878) + cos((cos((35.7598 + 42.0747528076172/(x5 + cos(x4**2/x5)))**2 - 3.24625) + cos(exp(2*cos(x0))))**2 - 21.9907) - 43.8734436035156 + 1831.34/sqrt(x3))**2/sqrt(x3))**(1/4))',6.715774926426197,99024896,9,20,384,7,65536,paper,6,0,1592565386,6.208842754364014,3.4478070880343745,57.465917159763315
600.0892638119403,'(-sqrt(x3) + x5 + x6 + log(log(x1 - 1.97898)) + log(log(x1 - sqrt(log(sqrt(x5) + 44.8332)))**2) - sin(29.9749*x5) + 0.887689 + sin(sin(x1*(-x3 + (-sqrt(x3) + x5)/log(x1))**2/x3))/sin(sqrt(x5)) + sin(sqrt(x5))/log(log(x1 - sqrt(log(sqrt(x3)) - sin(x5**2 + cos(exp(x4) + 29.9748516082764))))**2))/log(x1) + sin(0.485196*(x5**2 - 17.3394)/x5) + sin(x1*(x1 + sqrt(x3) - x5 - log(x5) - sin(-sqrt(x3) + x5 + sin(sqrt(x0) - x5)) - 28.7397)**2/x3) + 7.69151',5.618546518354411,107544576,9,21,384,7,65536,paper,6,0,784044718,5.525468349456787,19.099298909215598,67.99668639053255
600.2383347910363,'exp(2*cos(cos(log(x5))) + 2*log(x5 + 6.49111*exp(2*log(-2*x1 + x5 - exp(cos(sin((-x5 + exp(x1) + 20.1376037597656)**2/x1**2)) + (31.7887 - x6)/x1**2))**2/log(x0)**2) + sin(0.0569389*x3) - sin(15.0998*x3) + sin(15.8944*x3/x6**2) + sin(x5/log(log(x0))) + sin(x5/log(cos(x6)**2)**2) + 2*sin((-x5 + log(log(x3)))/cos(x5 - 29.926155090332)) - 59.7250895500183)**2/(0.0321114*x0 + 15.8944))',6.985717698391639,100073472,9,22,384,7,65536,paper,6,0,3980425317,6.935192108154297,8.751753287815538,37.42946745562131
600.1868429710157,'-x1 + (-sin(0.281672*x5) + sin(0.325729*x5) + sin(x5/log(log(x3)**2)) + 24.0703)/cos(sqrt(-sqrt(x3)/sqrt((sin(1955.37*x1**2) + 24.1527)/cos(sqrt(-sqrt(x3 - x5)/sqrt(x1 + 0.0352603179543349*x4**2*exp(-2*sin(x5))*cos(exp(-sin(x5**2 - x5 + 20.0959) + cos(x6**2)))**4*cos(exp(cos(exp(exp(sin(exp(x4)))))))/x4**(2*x5**2*x6**4/(x3 - 184.054)**2) + 24.1527) + 54.3015289306641))**2.56131 + sin(x0 + sqrt(x4)) - 3.81938) + 54.3015289306641))**2.56131',,102432768,9,23,384,7,65536,paper,6,0,3356806661,5.729343414306641,9.627906574266332,61.70863905325443
600.0213642050512,'12.9865*x5**2*(x0 + cos(exp(x4)))**2*cos(cos(cos(sin(log(x5**2) + 4.94103*(0.000271756*x3 + 0.0120761*x5*cos(0.00124953891568427*x3**2)/x1)*(-sqrt(x4) - 45.3732490539551)**2*(1229.85*x5 + 1229.85*x6 + 42751.1647802025)**2/(x3**2*(519.657 - 11.4529*x3)**2*sin(cos(0.0458256*sqrt(x3)/(x6*sqrt(x0**(log(x1)**2))) + 0.884095*x5) + 0.0423326189509928/sin(log(x5**2))**2)))) + 34.7613))/(x0**2*x3)',7.201426800667491,103940096,9,24,384,7,65536,paper,6,0,2765379632,7.009607315063477,7.359299184460833,48.59005917159763
600.3504616948776,'-sqrt(x3) + x5 - sqrt(-sqrt(x3) + x5 + 23.3752 + (-3*x4 + sin(x5**2) + 42.9226)*(2*x5 + 43.2782 - 30.1974315643311/sin(22.3838043212891/x6)**2)/x0) - log((-sqrt(x3) - sqrt(x5) + x5 + exp(sqrt(x3) - x5) - log(x0/x4) + 10.2992973327637)**2/(x6**2*(-x1 - sin(1.20875*x1 + 1.20875*x5 - 1.20875*x6 + 3.30219) + exp(-sin(13.2975616455078/x6)))**2)) + cos(log((-x1 - sqrt(x3) - x4 + x5 + x6 - log(x1) + 22.7020263671875)**2/x3**2) - cos(sqrt(x5)) + cos(log(cos(x5)**2/(x6 + 5.70698)**4))) + 10.2992973327637',6.482603876016726,107347968,9,25,384,7,65536,paper,6,0,1728356533,6.482663631439209,10.944935109630924,45.5971597633136
600.2479333460797,'sin(exp((31.7617**sin(x5 + 18.7876) - 18.8627)**2*exp(-x1**2)/sqrt(log(x4))))**(-cos(log(x0**2) + 16.3147) - cos(log((x3 - 187.36)**2) + 16.9224) - cos(cos(log(x3**2) + 16.9224) - cos(1.21624*cos(3.02727 + 8.95330017841479/cos(sin(1.21624*cos(x5 + 18.7876)))**2)) - cos(cos(log(x0**2) + cos(sin(x3**2*cos(x0 + sin(x3)))) + 8.05011/x1**2))**2 + 18.5519) - cos(log(23.1961**(2*sqrt(x5)))) + cos(sin(x5*cos(log(16.3147**(2*sqrt(x5))) + 18.7876))) - 18.6108 + 6.28979/x1**2)',6.4459913226272265,95617024,9,26,384,7,65536,paper,6,0,3533734220,5.9413580894470215,7.968787152283777,53.533017751479285
600.1218795219902,'6.27591e-6*x4**4*x6 + x5 - sqrt(x1**2 + x3 + 2*x4*log((23.2346 + (33.5529861450195 - x5)/x6)**2) - x4 + x5 + sqrt(x6)*exp(-2*(sin(sin(sin(x3 + x6))) - 6.48627)*cos(log(x1))) - (x5 + (-sqrt(x3) + x5 + cos(x4))**0.703148 - sqrt(x3 + x5 + 313.607*x6**2*sin(x6**5*sin(33.553*x6**2*sin(sin(x5)**2)**4)**8)**4 + 91.8908) - 40.7485)**2 + 57.0637 + (-x5 - 3.95502090454102)*exp(-sin(x0 - cos(x4/x1)))/(x6**2*sin(x6)))',5.512622393958581,98959360,9,27,384,7,65536,paper,6,0,2342600226,5.415125846862793,13.68629446644044,129.35147928994084
600.0352055469994,'sin(cos((exp(0.0427783*x5) + 23.7915)**2) + 23.7915*x5*(log(6.53566*sqrt(x5*sin(sin(cos(sqrt(x3))**2))/cos(2.615**(-0.471467*cos(x1))))) - sin(35.7420082092285/sin(cos(sqrt(x3))**2)))/x3) - cos(x5/log(17.5615310668945 - sin(546.454*sin(x4)**2))) - cos(x5/log(-sin(x5*sin(x6**2)) - sin(12.5248/sin(x0)**2) + 18.9245452880859)) + cos(sqrt(x1) - x6)**2 + cos((-x3 + cos(sqrt(x4)))**2)**4 - cos(1263.01*cos(0.827013*x5)) + 1263.01*(exp(0.0427783*x5) + 23.7837)/x3',6.432784755175281,95551488,9,28,384,7,65536,paper,6,0,1904449481,6.13527774810791,3.6381231356885553,39.72082840236687
600.0582125089131,'4*sqrt(x0)*x5**2/((x1 + 11.8296)**2*(2*x4 + (-sqrt(x3) + x5)**2 + (x3 + x4/(x6 + sin(sqrt(x3))) + x5 + sqrt(exp(-sqrt(x3) + x5))/(x6 + sin(sin(x5))))/x5)) + x5 - sqrt((-sqrt((-sqrt(x3) + sin(23.0435104370117/cos(x5 - 39.0025)))**2) + sin(23.0435104370117/cos(x5 - log(log(exp(0.365126*x1)*log(32.0066*x3)**2)) + 0.543375)))**2) - cos((-x1 + x5 + (x6 + sin(sqrt(x0)) + sin(sin(x3)))**2 - exp(sin(x0)) - sin(x0) + 79185.3)/sqrt(x0))',6.416291193645495,115736576,9,29,384,7,65536,paper,6,0,1934709049,6.413148403167725,10.377726926029423,50.51928994082839
