total_time_seconds,expression,mse,evaluations,dataset,fold,num_observations,num_features,population_size,operator_set,template_depth,iteration,seed,old_mse,mse_val,var_y_val
600.0111492779106,'sin(sin(sin(sin(cos((x2 + x3 - x8 - (x0 - 0.742826)**2 - sin(x7) - cos(x5/x1**2) + 0.126033)*exp(-x2))))))**2',0.0069610592737292,3365120,feynman_I_9_18,2,96666,9,128,paper,4,0,1884968544,0.0069610602222383,0.007570024528160492,0.01578906201855131
600.002400571946,'sin(cos((x7 - log(x0) + 0.694687*sin(sin(x7)) + 0.694687*cos(sqrt(x6*x8)))/(x1 + x2 - log(x3 - 1.18022) - cos(x5))))**2',0.00338370173113,5908864,feynman_I_9_18,1,96666,9,128,paper,4,0,2811363264,0.0033836991060525,0.003224669258035773,0.014787830527591556
600.0114134619944,'sin(sin(sin(cos((x0 + x3 - sqrt(x4) + sin(1.25964*x1*x2))*exp(-x0)*exp(-x3*exp(-exp(x0)))))))**2',0.0066279011695175,4365184,feynman_I_9_18,0,96666,9,128,paper,4,0,3324115916,0.0066278986632823,0.006608117540594919,0.01500963479960869
600.0023065330461,'x1*exp(-0.365639*x7)*exp(-0.709122*cos(x2))*sin(x0*sin(sin(x4*sin(x6/x5))))',0.0028797746393498,11677184,feynman_I_9_18,3,96666,9,128,paper,4,0,1859786275,0.0028797714039683,0.002794097108905307,0.014817351329235692
600.0130398881156,'1/((x5/x1)**1.22895*(0.592472 + log(x7)**2/x0**2)*(0.598647 - log(0.172563*x2**2)/(x4*sqrt(x6)*x8)))',0.0024306322952202,5458176,feynman_I_9_18,4,96666,9,128,paper,4,0,3687649985,0.0024306348059326,0.0022121926997418035,0.014789527987376061
600.0166088941041,'sin(sqrt(log(x4*x6*x8)))/(x7 - log(log(x0*x1*x2)**(0.310332**cos(x3))))',0.0027580483712632,4386560,feynman_I_9_18,5,96666,9,128,paper,4,0,369133708,0.0027580463793128,0.0029168657550071144,0.01602824928895986
600.0029923061375,'cos((x0*x2*x6 + x8 + exp(sin(x7)))**(cos(sqrt(x1*cos(x4**cos(x0*x8*cos(x7))) + x2))/2))**2',0.005348261543769,6034560,feynman_I_9_18,6,96666,9,128,paper,4,0,2995172877,0.0053482600487768,0.005382598009516225,0.01533065279517718
600.0111457491294,'(cos(sin(log(x5)))**2)**(0.690179**(2*7.15871e-6**(0.690179**(2*x0*x1))*x2**2*x4*x6*x8) + 0.56653)',0.0040843785163291,2273536,feynman_I_9_18,7,96666,9,128,paper,4,0,865305066,0.004084350541234,0.004338487526720638,0.014732629314869248
600.0036859661341,'log(x0**2 + log(x0**(2*cos(x0**2))*cos(log(x0))**2 + x1**2*(x0**cos(x1) - x2 - 0.269232)**2))/x5',0.0054937154673925,2782080,feynman_I_9_18,8,96666,9,128,paper,4,0,404488628,0.005493713542819,0.005462975765879709,0.015012825799930097
600.0005250999238,'-0.109202*x0*x2*(-sqrt(x6) + cos(x3 - x4 + sqrt(x5) + cos(sqrt(x8))**x8))*cos(log(x1) - log(x7))',0.0019281903501916,12109824,feynman_I_9_18,9,96666,9,128,paper,4,0,2261209995,0.0019281824352219,0.001951600053583538,0.015217626240730182
600.002006198978,'x0**(1/4) + log(x1**(1/4)) + log(x2**(1/4)) + log(sqrt(sin(sqrt(sin(sqrt(x5 + x7)))))) - 0.778705',0.0047413808537378,7445120,feynman_I_9_18,10,96666,9,128,paper,4,0,4190266092,0.0047413846477866,0.00450318644080153,0.014635842225690015
600.0052427889314,'-0.619746625423431*exp(log(x0)**2 + log(x1**(sqrt(x4)))**2)/(x2 - x3 - x5 + x8 + cos((-1.06476*x6 + x7)/x2))',0.0018071984545011,3979776,feynman_I_9_18,11,96666,9,128,paper,4,0,3160032368,0.0018072007223963,0.0017468570414206203,0.014869279065905265
600.0008487161249,'sin(sin(cos(cos(x2/x3))))**3.38337/(cos(x8/(x5 + cos(x4)))**2*cos(sin(sin(sin(x0*x1/x7))))**4)',0.0030237088769248,3969280,feynman_I_9_18,12,96666,9,128,paper,4,0,3269070126,0.0030237135943025,0.0031002861016753295,0.01584463092513179
600.0009561749175,'x0/(x7*((0.724897**((x1**x8)**(2*x6)))**(x2/x5) + 1.04290580749512*x3*exp(-0.526784*x4)/x2))',0.0015838595398958,3138816,feynman_I_9_18,13,96666,9,128,paper,4,0,3081541439,0.0015838586259633,0.0015732851379589062,0.014927283218609012
600.000155902002,'(x2*x4*log(x1)*cos(x3) + x5 + cos(x6 - 0.499781)**(0.0858687*x0**8*sin(x7 - x8)**8))**(-1.08063)',0.0042300047257381,3076992,feynman_I_9_18,14,96666,9,128,paper,4,0,3376120482,0.0042299982160329,0.00425957593865684,0.014799631512220067
600.017804105999,'0.113935*x0 + 0.0149545*x2**2*(x6**2*(x0**2 + x8**2)*log(x1)*cos(log(x3/x4)) + x8) - 0.0294168',0.0031661477704071,2546944,feynman_I_9_18,15,96666,9,128,paper,4,0,2204291346,0.0031661437824368,0.0031444273850414037,0.015664712928069403
600.0003599091433,'(exp(-2.84608*cos(x2) - 2.84608*cos((x4 + x8 + sin(x3 + 0.507135))**(x0*x6/x5)))*log(sqrt(x1)))**(1/4)*exp(-x7/4)',0.0018380352602033,7477760,feynman_I_9_18,16,96666,9,128,paper,4,0,550243861,0.0018380332039669,0.0018041886630438286,0.014634600315693866
600.0034551469143,'exp(-1.86317*(0.29001**x1/0.784754**x3)**(x8 - sin(x2*(x0 + cos(log(x7))))))*sqrt(sin(sin(exp(x4 - x5) + 0.181109)))',0.0034986819080686,11122304,feynman_I_9_18,17,96666,9,128,paper,4,0,3606691181,0.0034986715763807,0.003467501193794201,0.014101770833050569
600.0015789330937,'log(sqrt(x1*(x1*x4*x6*(x2 + x8 - exp(cos((x0 + sqrt(x6))/x7)))*log(x0) + x2)))/x3**0.686035',0.0026846835011782,11691776,feynman_I_9_18,18,96666,9,128,paper,4,0,1934392872,0.0026846826076507,0.0026999055738233455,0.015063915797645318
600.0024985759519,'x0*x1*(x2 + 0.915469*cos(x3 + x5 + sin(x4 + 0.799786) + cos(log(x8)))/x8)*exp(-cos(log(x6)))/x7',0.0013147027338054,11388928,feynman_I_9_18,19,96666,9,128,paper,4,0,2148995112,0.0013147026766091,0.0012430352031840778,0.015360077705745646
600.0014257619623,'log(0.244913*x1*sqrt(x0*x2*sqrt(x4*x6*x8/(-x2 + x5)))*exp(sin(x7)/4) + 0.838738*(1/x1)**(1/4))',0.0020873191889537,11898752,feynman_I_9_18,20,96666,9,128,paper,4,0,1592565386,0.0020873150788247,0.0021012724137899476,0.015862985259919183
600.0042345288675,'0.352325219088573*exp(-sin(sin(sin(sin(sin(sin(sin(sin(sin(sin(x1 + x8))) + cos(x2)))))))) - cos(x0) - cos(x4/log(x3)**2)**4)',0.0048938382091903,3888512,feynman_I_9_18,21,96666,9,128,paper,4,0,784044718,0.0048938272520899,0.00513315916194103,0.0158306143559567
600.0010377180297,'(0.783237*x1 + x4/x5 - 0.783237*log(cos(x2*(0.339746*x0 - 0.339746*sin(sin(x3))**2 + 0.339746*x8**2/x5**2))) - cos(log(x6)))/x7',0.0024567336259271,4441728,feynman_I_9_18,22,96666,9,128,paper,4,0,3980425317,0.0024567381478846,0.0025035955466591307,0.015228248065534996
600.0044109809678,'-0.351488*(sqrt(x1 - cos(x0)) - cos(sqrt(log(x6) + sin(x4 - log(log(x3)**2)) + cos(x2))))*log(cos(sqrt(x2)))',0.0043095429888791,6873088,feynman_I_9_18,23,96666,9,128,paper,4,0,3356806661,0.004309541080147,0.004361205149850123,0.015540393043957254
600.005077789072,'sin(exp(cos(x2**2/x7)) + log(x2)*cos(-x2 + x4 + x8))/(x5*cos(sin(-x1 + cos(x0) + cos(cos(x3)))))',0.0032621541943001,7253760,feynman_I_9_18,25,96666,9,128,paper,4,0,1728356533,0.0032621526625007,0.0029351378178647403,0.014249937449243672
600.0118279110175,'((x7 - Abs(x2 - x5)**(0.0824962/((0.789466381072998 - x0)**4*(0.999166 - x2))) - 0.467506766319275/(0.789466381072998 - x1))**2)**(-0.472796)',0.0087443829291509,1889408,feynman_I_9_18,24,96666,9,128,paper,4,0,2765379632,0.0087443832308053,0.008060545918374198,0.014239798552733782
600.0108120620716,'-0.438901**(x4*exp(x2)/2) - 0.525549**exp(x1) + log(0.851728*x0**0.276202) + sin(exp(cos(cos(x7)/x5)))',0.0049538531762286,4404480,feynman_I_9_18,26,96666,9,128,paper,4,0,3533734220,0.0049538509920239,0.004951080370660891,0.01514501969743175
600.0017190731596,'sin(sin(cos(cos(x0*log(x2)*log(x1/cos(log(x4/cos(sin(x5 - x6 + x7 + sin(cos(x0)) + cos(x8))))))))))**2',0.0055879159581885,5177344,feynman_I_9_18,27,96666,9,128,paper,4,0,2342600226,0.0055879047140479,0.005737690454144024,0.014836311234937583
600.0049793680664,'0.0688198*x0*x1*x2*(x4*cos(log(x7)) - x8*(-x6 + sin(x5)**2)*cos(log(x3))) + 0.0313093',0.0006659531310897,7454592,feynman_I_9_18,28,96666,9,128,paper,4,0,1904449481,0.0006659538485109,0.0006836813906069252,0.015601323771341614
600.0040223950054,'((x2**(x6/4))**(2*x0)*exp(-x7/2))**(0.874677**(cos(x1)/log(cos(cos(cos(exp(sqrt(x1 - log(x4)))))))))',0.0051787274888231,4844928,feynman_I_9_18,29,96666,9,128,paper,4,0,1934709049,0.005178723949939,0.005223919655701829,0.015377541590021202
600.0112605968025,'(cos(1.27853*sin(1.0848*x0*sin(0.740627288818359*x0/(sin(x0)*sin(x1)**3)))/x0) + (0.740627301687862*x0*x1*x4*x6*sin(x1)*sin(x2)*cos(1.51283/(x1*x4))*cos(1.27853*log(x5)/(x0**3*x6))/(x5*log(x7/x2)*log(x5/x8)) + cos(x7*sin(1.32304*x1)/x2) + 0.587157781274641*x6/(x5*log(x3/x2)*log(x5/x8)))/x7)/x3',0.0003417363956643,3222656,feynman_I_9_18,1,96666,9,128,paper,6,0,2811363264,0.0003417363332118,0.00033465485382139617,0.014787830527591556
600.0179004610982,'exp(-(0.867218*exp(0.123088/x1**1.17539)/x2 + sin(x6)**8/(x1*x6**7) + sin(x0)**8/x0**8)**2 - sin(sin(x8*sin(exp(sin(sin(sin(sin(x3)))))))*sin(x7 - 1.17539)*sin(exp(sin(x1/x8)) + 0.85279256105423/(sqrt(x4)*x6*x8*cos(exp(sin(x6*sin(exp(sin(x3))))*sin(sin(x6))*sin(sin(sin(x5)))/(x1*x6)) + exp(0.246175*sin(sin(x3))))) - x6**2*sin(x0)**2/(x0**2*x8**2)) + 2.38028 - sin(x6)/(x0*x1**1.17539*x4)))',0.0014795570251686,1069568,feynman_I_9_18,0,96666,9,128,paper,6,0,3324115916,0.0014795565512031,0.0013490532230274162,0.01500963479960869
600.0122086901683,'-0.580501*(-x0 - x1 + exp(cos(0.116077*x2*exp(x1)) + (x1 - exp(x8) - cos(x8))*sin(sin(0.116077*x2*exp(x4)))/(-0.116077*x2*(0.116077*exp(x0) + sin((x7 + x8)*cos(cos(x5))**x2))*exp(x1) + x7)))/(x1 + x3 - (-x1 - x2 + exp(exp(x6**(1/4)) - exp(x6) - sin(((x5 + x7)*cos(sin(x2 - x3)) + 0.783235)*cos(cos(x5)))))**2*sin(0.126288*x6*exp(x4))**2/((x5 - 0.126288*exp(x0)*cos(x4**2*sin(exp(sin(sqrt(x8))))*cos(x7 - 1.06609)))**2*cos(sin(x0 - x7))))',0.0006849660539235,3702528,feynman_I_9_18,2,96666,9,128,paper,6,0,1884968544,0.0006849672063253,0.0006580020331300147,0.01578906201855131
600.0210753539577,'(x0 + 0.523372*x5*sin(x3 + (x0 - x1**2*(-0.591027*x4 - 0.591027*x4*exp(x1**2)/(x5*x7))*sin(x3 + sin(x3 + (x8 + 0.591027*x3*x4*x5**(0.89526/sqrt(x2*x8))*x8*sin(x3)/(x0*x1**2*x2))/(x4 + x4*exp(2.06969*x6)/x5**2)) + log(0.678019/(x2*x8))**2/x5))/(x8 + 1.59426*exp(x1**2)*cos(x2/x3)/(sqrt(x0)*sqrt(x2)*x6*x7)))/(x2*sqrt(x6)))/x7',0.0008656594985843,2209024,feynman_I_9_18,3,96666,9,128,paper,6,0,1859786275,0.0008656601421535,0.0008596166607037007,0.014817351329235692
600.0436345550697,'sin(sin(0.729343*sqrt(sqrt((x2 - sin(exp(sin(sqrt(x1)))))**2/(sqrt(x6) - sqrt(sin(sin(0.29614*exp(sin(x7/x2))/(x2 - sin(sin(exp(sin(sqrt(x1))))))**2))/x1)*exp(x3/2))**2)*exp(log(x4)**4*sin(sqrt(x6))**2*sin((sin(exp(sin(sqrt(x8))))/x6)**(1/4)*exp(x5/4))**4*sin((sin(exp(sin(x1 - log(x2))))/x6)**(1/4)*exp(x5/4))**4/(sin(x4*sin(sin(sin(sin(sin(sin(exp(sin(sqrt(x8))))))))))**4*sin(x4*sin(sin(sin(sin(sin(sin(exp(sin((sin(exp(sin(sqrt(x0))))/x0)**(1/4)*exp(x5/4))))))))))**2))/(x0 - x7)**2)))',0.0010970331000648,1631744,feynman_I_9_18,4,96666,9,128,paper,6,0,3687649985,0.0010970304720103,0.0011039150171594883,0.014789527987376061
600.0040503679775,'(x2 - 0.388396)**(-cos(x2 - cos(x2*(sqrt(x3) - cos(x1 - x7)/cos(cos(x8 - 1.13971662521362/x0))))) + cos(cos((x2 - cos(x7 - x8)/cos(x1 - sin(x6)))**cos(sqrt(x4) - 1.01736760139465/(x2*(x2 - sin(x2))))/((-x2*exp(-x1) + cos(x5*(-x2/x7 + cos(cos(cos(x6**x4)) - exp(-x1)*sin(x6)))) - exp(x1)/x3)*sin(sin(x6)))) - (-5.94150436372857*x1*exp(-x0)*cos(exp(x0)) + (x2 - cos(x2*(x2 - cos(x2 - log(x1)))))**(1.01736760139465/(x2*(x2 - 0.978001)*log(x2))))/x7))/x5',0.0051024197783514,6917888,feynman_I_9_18,5,96666,9,128,paper,6,0,369133708,0.0051024202257394,0.005410760495688106,0.01602824928895986
600.0191255330574,'cos((cos(0.570753**(x1/2))**(sqrt(x5)))**(cos(sqrt(x7) + sqrt(cos(sqrt((cos(sqrt(0.570753**(x1**0.62176*cos(x2 + x4 + x6))))**(x0 + sin(sin(sin(sin(sin(cos(x2))))))))**(exp(x1 + (cos(0.974707**(exp((x1**x6)**(x1**(2.76336*x4 + 1.5772)))**cos(x0)))**(sin(1.99375*x2) + sin(sin(x4 + x6)) + cos(x1)))**(x1**(x4 + x8**2)) + sin(sin(sin(sin(sin(sin(sin(x0 + x6)))))))/x8**2)**cos(x0))))**(sqrt(x1 + 2.76336*(x1**(x8**2 + 1.14549))**sin(4.43679*x3) + 1.0)/0.501567**x8))) + 0.225388))',0.0024544329238941,3045888,feynman_I_9_18,6,96666,9,128,paper,6,0,2995172877,0.002454406581819,0.002564747381683154,0.01533065279517718
600.0045854118653,'cos(sin(sin(sin(sqrt((-sin(0.674264*x0 - sqrt(x7)))**(((0.891768*((x2**(sqrt(x8)))**sin(x0))**sin(x0))**(sqrt((x4**x6)**(x6/2))))**x1)))))**(0.674264*x0 - sqrt(x3) + cos((sin((sin(cos(cos(x5 + 0.331203877925873)))**(-0.795251*(x2**(sqrt(x6)))**(2*sin(x0)) + cos(x8) + cos(cos(x5 + x7 + 0.246315002441406))))**(-exp(sin(x7)) + cos(x7)))**x1)**(cos(1.13596*sqrt(log(x0 + x7)))**(x0 - x1 + cos((0.794447**(-x6 + sqrt(x7)*sqrt(cos(cos(x5 - cos(x3 + sin(x0))))) + cos(x4**x8)))**(x7/2)))))))**2',0.0022148560471426,3166080,feynman_I_9_18,8,96666,9,128,paper,6,0,404488628,0.0022148580756038,0.0024372820738362755,0.015012825799930097
600.0291126461234,'-0.323823**(x1**(x0**(sqrt(x2))))*sqrt((0.46172**(x8**(1.18997**(x1**(x6**2) + x2**(x1 + x6 + exp(exp((x1 + x4 + (x5 + x6**2)/x7)/x7)/x3)/x2**2) + log(0.126735108921025**((log(x5)**x7)**(log(x3)**2)))/sqrt(log(x0**x4)**(x0**(log(x7)**x3))))))*x1**(x0**x1)*log((exp(x5/x3) - log(x8)**2)/sin(x2 + log(sin(sqrt(sqrt(x6/x2) + log(cos(sin(sqrt((log(x3)**x5)**x4))))))))))**x0)*sqrt((log(x3)**x7)**x1) + 0.46172',0.0024874338709648,1698944,feynman_I_9_18,7,96666,9,128,paper,6,0,865305066,0.0024874319788068,0.002532894100589991,0.014732629314869248
600.0021961859893,'1.22030162811279*x2/(sqrt((-x4 + x5 - exp(x8*sqrt(log(x6))*sin(x8)) + exp(sqrt(exp(sin(sqrt(sqrt(1/(x8*sqrt(log(x6))))*exp(x7/2) + exp(x5)))))) + exp(exp(sin(sqrt(2.10309*exp(sqrt((-x1 + x5 + exp(exp(sin(x0)/2)) + x6*x8**(3/2)*sin(x0)**4/x4)/(x8*sqrt(log(x7))))) + exp(x7)/x6 + exp(x3)/(x1*x4*x7))))))/(x1*log(x0))) + sqrt(sqrt(1/(x4*sqrt(x4*log(x1)**2)))*exp(x3/2) + sin(exp(x3/2)) + 2*cos(x5)))',0.0012917554132567,6494592,feynman_I_9_18,10,96666,9,128,paper,6,0,4190266092,0.0012917519779875,0.001191898103205708,0.014635842225690015
600.0303955518175,'x2*log((x1*Abs(x0)/((sin(0.822221*(1.21622 - 0.822221*x3)**2 - 1.1362) + ((0.292798 - 0.844179*x7)**2 - (1.21622 - 0.880128*x7)*(1.21622 - 0.822221*(1.1362 - 0.822221*x3)**2)**2)/(x6**2*x8**2))/sqrt((x0**2*x4/(0.504456*(-0.822221*x7 - cos(x1) + 1.21622)**2 + (0.880128*(0.822221*x5 - 1.1362)**2 - 1.1362)**2/(x1**2*cos(sin(x7)))) + x4 - sin(x4))**2) + 0.787683) + 1.21622)**(1/4))',0.0007388243697677,593152,feynman_I_9_18,9,96666,9,128,paper,6,0,2261209995,0.0007388249505311,0.0007416178842415938,0.015217626240730182
600.0005486588925,'sin(sin(x1 + sin(log(log(x2 - sin(sin(x1 + log(sin(sqrt(x0**(-1.06027)))) + sin(log(log(x2 - sin(sin(sin(sin(x1 + sin(sin(sin(sin(log(log(exp(sin(x8 - 0.440464))*sin(sqrt(x6 - 0.475961)))))))))) - sin(sin(sin(sin(sin(sin(sin(sin(sin(sin(sin(sin(sin(sin(sin(sin(sin(sin(sin(sin(sin(sin(sin(sin(sin(sin(sin(sin(-x4 + cos(log(x3))**sin(sin(sin(sin(sin(sin(sin(sin(sin(sin(sin(sin(x7)))))))))))) + 0.20218 + sin(x5)**2/(x6 - 0.464529))))))))))))))))))))))))))))))) + cos(cos(log(x3)))))))) + cos(cos(sqrt(x0/x1)))))))) - 0.426359',0.0065617862627239,5248640,feynman_I_9_18,11,96666,9,128,paper,6,0,3160032368,0.006561572663486,0.006438365314379893,0.014869279065905265
600.0064349200111,'sqrt((sin(exp(sqrt(sqrt(sqrt(((exp((sqrt(x0**cos(cos(1.22145*x3)) + cos(x2)) + cos(x0))**(x0**x0 + sqrt((x2**(x3**x6))**cos(x1**2) + (x6**cos(x8))**(x7**x0)) + cos(x1) + cos(1.22145*x3)) + cos(x8))**cos(cos(x8 + cos((x0**(sqrt(x6 + sin(x7))))**cos(x2)))))**(cos(x6) + cos(cos(x3))) - 0.389152)**((x0**cos(x2))**x0) - 0.452046) + cos(x1)) + cos(x2)))**(-0.4337))**(x7*log(x5)))**(sqrt(sqrt(exp(sqrt(x2 + sin(x7)) + cos(x1))**cos(x4) + cos(x1)) + cos(x0))))',0.0016563946857125,6921088,feynman_I_9_18,12,96666,9,128,paper,6,0,3269070126,0.001656396430917,0.001984257681205507,0.01584463092513179
600.034790879814,'0.368785*log(x8 + log(x0 + log(x2) - 0.449497) + sin(x8 + (x2 + x4*(x2*(x0**3*x4*(x1**3*x4*x6*log(x4) + cos(x8) - 0.241765) + x7)*cos(x2*x6)**2 + cos(x5))*cos(x2*x6)**2 + 2.16516*x6*cos(cos(x3))**2 + log(x2) + log(x2*log(x4) + 0.283563*x7 - 0.241765) + sin(sin(x3**cos(x0 - 0.149832) + x8)) + cos(cos(x5))**2 - 0.299665)**sin(cos(0.339966*x1*x4 + 0.339966*x2*x6))) - 0.149832)',0.0055848996203182,1937024,feynman_I_9_18,13,96666,9,128,paper,6,0,3081541439,0.0055849025957286,0.005614816038571372,0.014927283218609012
600.0010349689983,'exp(cos(x5 + cos(2*x5 + exp(cos(1.34754*x2) + cos(log(x4 + x6*exp(x0 - cos(x8/log(x3)))*cos(cos(log(x8*(x1 - 0.253138)**2))) + sin(x7)))))) + cos(log(x3 + x7 + cos((exp(x1) + cos(exp(x0)) + 2*cos(exp(x2)) + cos(exp(x4)) + cos(exp(x6)))/x3) + cos((exp(x1) + cos(exp(x0)) + cos(exp(x4)) + cos(exp(x8)))/x7) + cos(log(x6*exp(x0 - cos(1.20095*x2))*cos(cos(log(x4*(x0 + exp(x1))**2 + x7/cos(x3)))) + cos(1.62819*x2) - 0.832675)))))',0.0017325459450181,3376768,feynman_I_9_18,14,96666,9,128,paper,6,0,3376120482,0.0017325455555692,0.0016771690510331298,0.014799631512220067
600.0329939068761,'sqrt(x0/(x5 - 2*x6 - x8 + (x2 - x7 - cos(x1 - cos(x2)) - 1.23184680938721)**2 + log(x5)**4*log(log(x1))**2 + log(exp(x3)*cos(log(x4))**4/log(x0)) + cos(x4 - cos(x8 - cos(x0 - cos(log(exp(4*x3)*exp(x5)))))) + cos(x4 - cos(x8 - cos(log(exp(x3)*exp(2*x5))))) + cos(x6 - cos(x4 - cos(x0 - cos(x8 - cos(x2 - cos(x6 - cos(log(exp(x3)*exp(2*x5))))))))) + cos(x8 - cos(x6 - cos(x4 - cos(x0 - cos(log(exp(2*x3)*exp(x5)))))))))',0.00252177912727,1055744,feynman_I_9_18,15,96666,9,128,paper,6,0,2204291346,0.0025217784568667,0.002598524935902241,0.015664712928069403
600.0378778879531,'(cos(cos((sin(sin(exp(x2)/(sqrt(x3) + exp(x0)/x1**4)**2)) - cos(x0))/cos(exp(x8)/x5**2)**2)) + exp(x2)/(sqrt(x3) + ((((((2*cos(x1) + cos(exp(x8)/x3**2)**2 + cos(x2**2*exp(-x5)*exp(x8))**8)**2 + exp(sqrt(x3))/x4**2)*exp(-x0) + cos(x6))**2 + cos((exp(x1)/x6**2 + exp(x8)/x6**2)/x3**2))**2 + cos(x5))**2)**0.181001)**2)/x7',0.001346739134965,430848,feynman_I_9_18,16,96666,9,128,paper,6,0,550243861,0.0013467362150549,0.001325657829465195,0.014634600315693866
600.0093886591494,'-0.125403*x6*log(x3 - log(x3 + (x4 + 0.865821)*(0.125403*x2 + 0.125403*x3 - 0.204639) + sin(cos(log(0.773945**(x5 + cos(x5))))))*log(x1 - x7 - (-x2 + sin((2.49766 - x3)*log(x0 + 0.810293)*log(x0 + 0.898391)))*log(x2 - x5*sin(cos(sqrt(x1 - cos(sqrt(x4 - sin(x3)))))) + x8*(x0 - cos(x5))) - cos(x1) + 7.29653) + 0.793682)/Abs(log(0.773945**(x5 - 0.865821))) + 0.125403*log(x0*(x6 - cos(x7) - 0.480541)) + 0.107291',0.0005241040235938,4250624,feynman_I_9_18,17,96666,9,128,paper,6,0,3606691181,0.0005241032340563,0.0005134007317490582,0.014101770833050569
600.0119825401343,'cos(cos(sqrt(x6*exp(-((x4**cos(x0*sqrt(x6)))**exp(cos(log((x2**(x8**x0))**log(log(x0))))))**x7) + 0.0608294)/(log(x3) + cos((x2/x5)**(0.0249199**(x0*(x4*exp(-cos(x6*exp(-cos(x8 - log(log(x5)))))))**x6/(x5*x8))) - cos(x2**x1)))))/(0.0296786**(sqrt(x3**log(x3**log(log(x1))) + 0.0319422)/(log(x5) + cos(log(x2)**log(log(x3) + cos(log((x2**x8)**(x4 + 0.104582))**(log(x2)**(x7**log(log(x0)))) - cos(1.0768*x5))) - cos(x0**x8)))) + log(x7))**2',0.0013162569511823,4319872,feynman_I_9_18,18,96666,9,128,paper,6,0,1934392872,0.001316255540587,0.0012519398062148912,0.015063915797645318
600.0095788540784,'(x0*x2*(sin(sqrt(x1)) - sin(x2 + 0.204735636711121)) + sin(sqrt(x1))**2 + 2*sin(x2)**2 + sin(sqrt(x4)) + sin(0.801338*Abs(x0)*Abs(cos(x5)))**2 - sin(x0 + 0.204735636711121) - sin(x1 + 0.142052888870239) - sin(x2 + 0.204735636711121) - sin(x8 + 0.204735636711121) - sin(x2 - sin(sqrt(x4)) + sin(x2 + sin(x8 + 0.801338*sin(x6 - cos(cos((-x8 - 0.204735636711121)**2))) - 0.810508))) + sin(sin(-sqrt(x4) + sin(0.727131*x8*(1.01144 - sin(sin(x2 - 0.695746))) - x8) + cos(x6)) + cos(x7)**2 - 0.855521) + 2.14255)/x3',0.0012107460977593,1213952,feynman_I_9_18,20,96666,9,128,paper,6,0,1592565386,0.001210747519508,0.0012750016576021622,0.015862985259919183
600.0312387971207,'-(sin(cos(sqrt(x0)))**(cos(sqrt(x0))**cos(x1)))**(4*0.506659**(((sin(log(0.506659**x7) - 1.20566)**(cos(x0**(1/4))**cos(x4)))**(sqrt(x6)))**((cos(sqrt(x0))**x1)**(2*Abs(sin(x5))**1.01332)))) + log(sqrt(sin(sqrt(x3)) + 0.857435))**(Abs(x2)**(2*log((((cos(sqrt(sqrt(x6) + sin(sqrt(x3))))**(0.442197**cos(x8)))**(2*0.506659**(((sin(sin(sin(sin(sin(sin(sin(log(0.506659**x7) - 1.20566)))))))**((cos(sqrt(x2))**sin(sqrt(x0)))**cos(x4)))**cos(x1) + cos(cos(sqrt(x4))**cos(sqrt(x5))))*cos(x4))))**(4*x0))**0.0113162)))',0.0023613731408725,1152128,feynman_I_9_18,19,96666,9,128,paper,6,0,2148995112,0.0023547413293272,0.0023935458841755084,0.015360077705745646
600.0020291148685,'0.00722053*x0*x1*(x0*x2 + x1*x8 + x4) + 0.00722053*x0*x2*(x1*x2 + x8/cos(cos(x3 + x5)) + cos(x6)) + 0.00722053*x1*x2*x6*x8/cos(cos(x5 + x7)) + 0.000613555*x1*x2*x6*(x0*x3*x8*cos(exp(x4)) + x2*x4*x8**2 + 0.0849737*x3*x6*(x4 + x5)*exp(x0)/(cos(cos(x3 + x5))*cos(cos(x3 + x5 + x7))))/cos(cos(x3 + x7)) + 0.00722053*x2 - 0.00722053*x5 + 0.000613555*cos(2*x7) + 0.00722053*cos(x3 + x7)',0.0003343790499255,5867904,feynman_I_9_18,21,96666,9,128,paper,6,0,784044718,0.0003343788557685,0.0003745565976074114,0.0158306143559567
600.0022400321905,'exp(sin(x3)/8)*cos(sqrt((x7/(sqrt(x0)*x8**(1/4)))**(1/4) + cos(sqrt(x1))))/(sqrt(x5/(x2*sqrt(x0*x4*sqrt(x8*((x0/(x5*sqrt(((x7*cos(cos(x3)))**x4)**((x6**x6)**x4)*exp(x0*(-x0*sqrt((x6**x1)**x8) + 0.588915*x5 - x8) - exp(x6**x4) + cos(x4*x6**x4*sin(cos(x3)))/cos(cos(sin(sin(x5))))))))**(1/4) - 0.737084)))*sqrt(cos(x5)*cos(x7)/cos(exp(sin(x3)/2)))))*(x7/(x0*sqrt(x1)*x2**2*sqrt(x8)))**(1/4))',0.0003507766584487,6087552,feynman_I_9_18,22,96666,9,128,paper,6,0,3980425317,0.000350776623236,0.0003385366638057858,0.015228248065534996
600.0369127111044,'log((1.33127*x1**2*x2*x4*x8*(x1*(2.43424*x2)**x6)**(cos(exp(-0.205389076147753/(x4**2*x6**2*x8)))**2)*sqrt((0.548519**(x0**2*(-x4 + cos(x5)))*x8/x5)**(2*cos(exp(-0.132851719856262/x4**2))**2))*cos(x3)**2*cos(x7)/(x7**2*(-x5 + x6)) + x2)**(1/4))',0.0008061295882504,1873664,feynman_I_9_18,23,96666,9,128,paper,6,0,3356806661,0.0008061283733695,0.0007662789487770823,0.015540393043957254
600.0012753359042,'log(1.18307**(x2 + log(sin(sqrt(x5))) - sqrt(cos(1.18307**(3.72566*x1 - exp(cos(1.18307**(x4*x6))) - 3.72566*exp(cos((1.18307**(-sin(sqrt(log(log(x5))) - (-x0 - x4 - x8 + sqrt(exp(exp(cos(x3*exp(cos(x1**(x4/2))))))) + sin(exp(cos(x0))))/(x1 - x3))))**((2*x1 - x4 - 2*x8 - 1.37239 + (-x2 - x5 + x8 - sqrt(cos(x6 - exp(cos(x0)))/log(log(x5))))/x5)/(x0 - x3))))))) + (-x6**(x4/2) + exp(cos(x8)) - exp(cos(exp(cos(exp(cos(exp(cos(x0)))))))))/(x1 - x7)))',0.0022849415809846,6854656,feynman_I_9_18,24,96666,9,128,paper,6,0,2765379632,0.002284969901666,0.0020479512216317513,0.014239798552733782
600.0087007288821,'log(log((0.0632177*0.746233**(sin(x1)**2)*x0*x1**4*x2**3*x4*x6*x8*(x2*x4*exp(sin(x7**1.03798 - log(0.50976*x6*x8)))*log(x0**2)**2 + 0.495373*log(x8**2*exp(2*sin(x7**1.03798 - log(0.259855*x1*x2*x4*x6*exp(sin(sin(sin(x3)))))))*sin(x1*exp(sin(x3)))**2))*exp(sin(x3))/(x5 - exp(sin(x7**1.03798 - log(0.54663*x4*x6)))) + x1 + x2)**2))/x5',0.0007010849598662,2128640,feynman_I_9_18,26,96666,9,128,paper,6,0,3533734220,0.000701084267348,0.000658667054728991,0.01514501969743175
600.0415619160049,'-exp(-(-0.0816372*exp(0.128609*cos(x0*(x1 + sqrt(log(x8)**(x3 + log(x3))) - cos(cos(x3 + x5 + 0.339307)))*cos(x7))*Abs(x0**2*x1**2*cos(x5) - exp(x2))) + log(sqrt(x2 + 0.662214)))**2*exp(0.174886*x2 + 1.13074*x6) + cos(x0) - exp(-0.128609*cos(x4*(x1 + sqrt(log(sqrt(x2 + x6*log(x8)))) + cos(x1) - cos(cos(x3 + x7)))*cos(x5))*Abs(x2**2*cos(x3 + x5 + x7) - x8**2)))**(1/4) + cos(exp(-x1**2/2 + 0.169654*x2*cos(x7)))',0.0010740796537831,1567104,feynman_I_9_18,25,96666,9,128,paper,6,0,1728356533,0.0010740786092355,0.0009830854507199634,0.014249937449243672
600.0445019919425,'(sin(sin(x0) - 0.58982446063176 + 0.855408*x6*exp(-2*cos(x0))/x5) - exp(-x7)*log(0.343090468943785*x5*(0.679220676422119 - x6/x5)*(0.679220676422119 - x8/x5)**2*(-x2/x5 + 0.679220676422119)*exp(4*cos(x0))*exp(20*cos(x1))*exp(8*cos(x2))*exp(8*cos(x4))/(x2**13*x6**3*x7*x8**2*(0.679220676422119 - cos(x8))*(x8 - cos(x8)))))/x3',0.0016355879736942,633088,feynman_I_9_18,27,96666,9,128,paper,6,0,2342600226,0.0016355875413864,0.001633961206580391,0.014836311234937583
600.0385757270269,'sqrt(x0*exp(-2*cos(log(x6 + (log(x2 + log(x1 + (x4**2 - (-0.863625*cos(x1*cos(x3 + x7)) - 0.987428)**2 + 0.968443)**2)**sin(cos(x5 + x7)))**x7)**(x4**(-0.189467)))))*exp(-2*cos(log(sqrt(x0*exp(-cos(x2 + log(x8 + log((x1**2 + cos(x4))**2))))*exp(-2*cos(log(x0 + (log(x2 + log(x6 + (x1**2 - log(cos(1.80725*sin(cos(2*x5)))) - 0.189467)**2 - 0.453243)**0.688759)**exp(x8))**0.663899)))) + cos(cos(x1*cos(x3 + 0.688759))) - 0.334214))))',0.0013942191353539,1074176,feynman_I_9_18,28,96666,9,128,paper,6,0,1904449481,0.0013942187651991,0.0014121770033150196,0.015601323771341614
600.0079383328557,'0.224423*x0 + 0.224423*(x2 - 0.704057)**2 - 0.0503659*exp((x2 - 0.68621)**2) + 0.224423*log(x1**(1/4)) + 0.224423*log(sqrt(x1)) + 0.224423*log(x6**(1/4)) + 0.224423*log(sqrt(x4*cos(0.448847*x0 + 0.224423*log(x3) - 0.224423*sin(x3 - log(x8)**2) - 0.191738))) + 0.0503659*sin(sqrt((-sqrt((-sqrt((-x5 + log(x8)**4)**2) + log(log(sqrt(x3)))**4)**2) + log(x6)**2)**2) - log(x8)) - 0.0503659*sin(log(x0 + (x2 - 0.828378)**2/2 + log(exp((x1 - log(sqrt(x3)))**2)) - 0.947098)**2 - Abs(x7)) - 0.191204359414954',0.0024206377030224,798208,feynman_I_9_18,29,96666,9,128,paper,6,0,1934709049,0.0024206400848925,0.0025114874376299533,0.015377541590021202
600.0049330010079,'0.73922*sqrt(x0)/(x3*log(log(exp(x5)/x1))*cos(sin(x1*x4*sin(x7 - x8)*sin(sin(sin(log(x2)))))))',0.0036761149108882,8856832,feynman_I_9_18,0,96666,9,256,paper,4,0,3324115916,0.0036761143710464,0.0037707335089229286,0.01500963479960869
600.002647821093,'exp(-sqrt(-x0*log(x2) + x7) + 0.961094531008589*exp(x1 - x5 - (-x0 - x8 + cos(x2*x4))/(x3 - x6 + log(x7))))',0.0031891059830407,15204864,feynman_I_9_18,1,96666,9,256,paper,4,0,2811363264,0.0031891041435301,0.0035248900469992423,0.014787830527591556
600.02322254912,'x1/sqrt(-x0*exp(x2) + x2*x8*(x0 + 1.13965)**2*sin(x7) - x2*exp(x0) + x5**2 + exp(x7))',0.0056930890650683,4313600,feynman_I_9_18,2,96666,9,256,paper,4,0,1884968544,0.0056930868886411,0.005878810287164577,0.01578906201855131
600.0161156810354,'((cos(x7**0.21703 - 0.746241)**(2*x5))**(sqrt(exp(cos(x2)/2)*sin(x0 + x1) + exp(cos(x2)))))**exp(cos(x4)/4)',0.0036589701155892,6582016,feynman_I_9_18,3,96666,9,256,paper,4,0,1859786275,0.0036589649971574,0.003565650664713053,0.014817351329235692
600.0060975758824,'sin(x4)/((x5 - log(x1) - log(x6) - log(x0 - cos(x8)) - log(x2 - log(log(x7)**2) - 0.309059))*log(x3))',0.0034622912506686,8010240,feynman_I_9_18,4,96666,9,256,paper,4,0,3687649985,0.0034622894600033,0.003400618036935025,0.014789527987376061
600.012038767105,'x1/(x3/(x0*x8**(x6**2)) + x3*(-x4 + log(x7**x5*cos(log(x6))))/(x0*x2))',0.0003985386551025,11585792,feynman_I_9_18,5,96666,9,256,paper,4,0,369133708,0.0003985383955296,0.0004100447702536943,0.01602824928895986
600.0078619241249,'(-0.345585107803345*(-0.549488*x6 + x7)**x5/(-0.000203442*x0**4*x1**8*x4**2 - 0.0251039*x0))**(-0.345585107803345*log(x3)/x2)',0.0029816207863021,3444736,feynman_I_9_18,6,96666,9,256,paper,4,0,2995172877,0.0029816182795912,0.003083098728975359,0.01533065279517718
600.0290982411243,'sin(sin(0.179965*(x1**2*x2**2 + (0.828388*x0 + 0.14236)**(x1**2*x2**2))**(1/4)*sin(x4)*cos(sin(x5))))',0.0060520186894464,3373312,feynman_I_9_18,7,96666,9,256,paper,4,0,865305066,0.0060520167462527,0.006236247438668281,0.014732629314869248
600.021201269934,'exp(-sqrt(x7) + sqrt(log(x2)) + sin(exp(x1)*cos(x5**(1/4))))/(x3 - 0.21147*sqrt(x6)*exp(x0))',0.0033952207065157,3618048,feynman_I_9_18,8,96666,9,256,paper,4,0,404488628,0.0033952184021472,0.0034611174938699698,0.015012825799930097
600.0027362119872,'sin(sqrt(x4))/((1.82733*0.929382**(2*x2**2)/sqrt(-cos(x0 + 1.05142188072205)) + 0.360738)**2 + log(5.46608**cos(x1)) + cos(x6))',0.0050021101189809,3322624,feynman_I_9_18,9,96666,9,256,paper,4,0,2261209995,0.0050021233037114,0.005026524823793258,0.015217626240730182
600.0008028449956,'(1.00289*sqrt(x2*sqrt(x4))/x5)**(sqrt(exp(sin((x0*x1)**((x6 + x8 + exp(cos(x0)) + cos(x2 - x3))/x7)))))',0.0020939459501081,13530112,feynman_I_9_18,10,96666,9,256,paper,4,0,4190266092,0.0020939433015882,0.0020437213027585796,0.014635842225690015
600.0329129549209,'x0*x2*(-x1**(-0.16844*x6 - 0.16844*x8) + sin(sqrt(x5))**4 + 0.551553)/(log(x7)*Abs(x3))',0.0026634181905341,6023680,feynman_I_9_18,11,96666,9,256,paper,4,0,3160032368,0.0026634205132722,0.0027650552755709617,0.014869279065905265
600.0046947400551,'log(1.17424487727387*(-x0*x1*x2*cos(x7)*cos(sin(x3 + x5))*cos(cos(log(x6*x8))))**(1/4))',0.002665269582501,13231104,feynman_I_9_18,12,96666,9,256,paper,4,0,3269070126,0.0026652691885828,0.003052209610008202,0.01584463092513179
600.0049560600892,'sqrt(exp(-x7 + (x4**0.170418*exp(0.170418*x1**2 - x5 + 0.170418*exp(x0)))**cos(log(x8))*exp(1.1045*x2))**cos(log(x1)))',0.0051217136719654,4825856,feynman_I_9_18,13,96666,9,256,paper,4,0,3081541439,0.0051217027939856,0.005145136134512516,0.014927283218609012
600.0195150419604,'x0/(x3*exp(cos(log(x1))/x2) - x8/(-x6 + x7*exp((-x4 + exp(sqrt(x5)/x1**8))/x4**2)))',0.0035704416313017,2909952,feynman_I_9_18,14,96666,9,256,paper,4,0,3376120482,0.0035704409237951,0.005548935465545063,0.014799631512220067
600.0017979040276,'x1*(sqrt(x0) - 0.488709)*exp(-exp(-0.386705*x2 + 1.254*((cos(sin(x7 - x8))**(x2/2))**(x6/2))**x4))',0.0028949632794491,14698752,feynman_I_9_18,15,96666,9,256,paper,4,0,2204291346,0.0028949654661118,0.002782608268166129,0.015664712928069403
600.003815100994,'x2*cos(cos(log(x0)))/(x3 - log(x0*x6*exp(x8)*log(x1)/((-1.18368*x4 + x5)*(-x6 + x7))))',0.0011391061579633,15283456,feynman_I_9_18,16,96666,9,256,paper,4,0,550243861,0.0011391028529033,0.0011550763405074231,0.014634600315693866
600.0088313778397,'cos(cos(4.39553*(-x0/x7**2 + sin(cos(log(x2)**2)))/cos(sin(x3)**4) - log(x1)**2))**2',0.0108499924507395,2176512,feynman_I_9_18,17,96666,9,256,paper,4,0,3606691181,0.0108499899506568,0.010745139280382036,0.014101770833050569
600.0126574628521,'0.680648*0.620894**x5*x1*(x6**x0*x8*sqrt(exp(x0**1.09857*x2**2)))**(1/4)/sqrt(-x4 + x7)',0.0021476362208205,7017728,feynman_I_9_18,18,96666,9,256,paper,4,0,1934392872,0.0021476361434906,0.0020619905352002353,0.015063915797645318
600.0009460009169,'0.207456*x1*x2*sqrt(((x0**1.10578)**1.04816)**x6/x5)*cos(cos(sqrt(x3/(x4 + x8)**2)*Abs(x7)))',0.001495587943641,5840128,feynman_I_9_18,19,96666,9,256,paper,4,0,2148995112,0.0014955855440348,0.0014796138927944936,0.015360077705745646
600.0029081038665,'x0*x1*x2*(x4 + x8)/(x3*x5**sin(((x6 + log(x4 + x8 + sin(x3)))/x6)**cos(x6))*x7)',0.0003050362453117,13660928,feynman_I_9_18,20,96666,9,256,paper,4,0,1592565386,0.0003050361119676,0.00030090867103100253,0.015862985259919183
600.0137909587938,'exp(-1/x6**0.461912 + 0.766567026649076*exp(sqrt(x8) - log(x0)**(log(cos(log(x3)))/x4)) + log(x1/x5**1.2042)/x2)',0.0026125542059302,11387136,feynman_I_9_18,21,96666,9,256,paper,4,0,784044718,0.0026125502772629,0.002859123887516579,0.0158306143559567
600.0142400590703,'1/(x5*(x7*sin(sin(sqrt(x4*(x7**0.188067 - log(x6)))))**2/(x0*x1*x2*x4))**1.00885*(x3 - 1.00885))',0.0013409179020954,7322112,feynman_I_9_18,22,96666,9,256,paper,4,0,3980425317,0.0013409183593466,0.001366654903329058,0.015228248065534996
600.0000291431788,'0.175377488136292/sin(sqrt(x2/sin(sin(sqrt(1.96539*x1 + exp(x8**(1/4))))) + exp(sqrt(exp(log(x0)/cos(x6*cos(log(x7))))))))',0.0059264394053194,14543104,feynman_I_9_18,23,96666,9,256,paper,4,0,3356806661,0.0059264376759529,0.005990831397247005,0.015540393043957254
600.0104681761004,'log(exp(exp(x4*x6*x8/x7)**((x2 - sqrt(cos(cos(x3))))*exp(-0.910409428577225/(x1 - 0.403538)**2)))**(0.403538346290588/(-x0 + x5)))',0.0028616457986348,7082752,feynman_I_9_18,24,96666,9,256,paper,4,0,2765379632,0.0028616457711905,0.002840561852354659,0.014239798552733782
600.0040153199807,'sin(cos(2.45754*exp(-x0 + x3*exp(-x1) - sqrt(x8/x0) - cos(x7**(0.521052**(sqrt(log(x4))))))/x2))**4',0.0062475005166446,4285440,feynman_I_9_18,25,96666,9,256,paper,4,0,1728356533,0.0062475092709064,0.00590043468646931,0.014249937449243672
600.0038306270726,'(0.955773 - 1.09039092063904/(x0 + sqrt(x4)/(cos(x1) + cos(x2) + 0.638447 + cos(cos(x3))/(-sqrt(x5) + x6 + x8))))**(sqrt(x7))',0.0034450218037721,13810944,feynman_I_9_18,26,96666,9,256,paper,4,0,3533734220,0.003445018781349,0.0034202475475674744,0.01514501969743175
600.0015872949734,'log(sqrt(exp(x0*x1/x3)**log(sqrt(exp(exp(exp(x4*log(x2)))**(0.329851*log(x6 + exp(cos(x5/x8 - 0.714266)))))))))',0.0019893321903039,15052800,feynman_I_9_18,27,96666,9,256,paper,4,0,2342600226,0.0019893308635801,0.0021500635853773783,0.014836311234937583
600.02590177604,'0.254699*exp((log((-x0 + x3)**2) + log((-x1 + x7)**2) - 4.43187)**2*log(sqrt(x2))**2)',0.0081029628149025,3520512,feynman_I_9_18,28,96666,9,256,paper,4,0,1904449481,0.0081029785796999,0.008121854575090216,0.015601323771341614
600.0288506387733,'(((0.61633**(sqrt(x0)*x5*cos(x2**0.280808)))**exp(0.413376*log(-x1 + x7)**2))**exp(cos(sqrt(x3))**2))**exp(cos(x0))',0.0047708839172155,4630272,feynman_I_9_18,29,96666,9,256,paper,4,0,1934709049,0.0047708726488053,0.004956694715803206,0.015377541590021202
600.0595236090012,'0.170841*((x2**(sin(((x1**exp(sin(x7)))**(sin(x0**(sin(sqrt((x0**(x1**log(x6 + exp(cos(x0)))))**x2))**8))**2))**(sqrt(x7**log(x7**log(x7**log(x7**log(sqrt(x6**x8) - exp(0.00807887*cos(x5)/(cos(x3) + 1.01395)) + 0.0890301) + 0.0367028 + exp(-0.974841*x5)) + exp(-0.974841*x5))))*exp(sin(x5)/2)))**2))**(sin((x1**(sqrt(sin(log(x6 + exp(sin(x3))))**2)))**sin(sqrt(x8)*log(sqrt(x8) + exp(sin(x5)))))**4))**(x0**(x4**(sin(1.11717*x2)**2)))',0.0038913224766826,896512,feynman_I_9_18,0,96666,9,256,paper,6,0,3324115916,0.0038913183379918,0.0037257492978968873,0.01500963479960869
600.013067356078,'sqrt(log(2.36387*x4/(x1**(-x2**(x6 + 0.338715) + x4*log(x4 + x7)**2*log(1.61162*(-x7 + x8)**2)**2/(x0*x1*x1**((x6 + 0.423035)**((x6 + log(x6))**2/log(1.55107*(x0 - x7)**2)**4))*x7)) + sin(sin(0.786062**(x2/log(1.61162*(x0 - x7)**2)**2)/x8 + x2**(-0.240719*x0*x6**2/(log(1.61162*(x0 - x7)**2)**2*sin(x3 + x5)**2) - 0.338715076446533/log(log(x5 + 0.79927)**2)**2))**2/x0**2)))**2/(4.46316*x3 + (-x5 + x8)**2))',0.0010013742883237,688128,feynman_I_9_18,1,96666,9,256,paper,6,0,2811363264,0.0010013742139562,0.0009439936718902272,0.014787830527591556
600.002520398004,'0.252024*x0*exp(-0.160233*x3)/cos(0.987521**(sqrt(x5*sqrt(x3*x8))*exp(x8/2)*Abs(x2)/(0.987521**(x3*x7**3)*x1**3*(0.980474**(x2**3)*0.98719**(x5**3)*x2**2*x6)**(x1*x8/0.910439**x4)*cos(cos(0.24841/x2)**exp(x1))**(7.9257/(0.98719**(x3*x5*x7)*x2*x4*x8)))))**1.25647',0.0018177351718222,2255104,feynman_I_9_18,2,96666,9,256,paper,6,0,1884968544,0.0018177414312958,0.0020931043095726246,0.01578906201855131
600.0046879621223,'cos(exp((-x1**2 - (-x0 + cos(x1))*(x1**(cos(sqrt(x8))**(-x6 + cos(x0 - cos(x2 - cos(x4 - exp((x3*x5)**(1/4))))))) - (0.297866940498352 - x4**(1/4))*(-(0.297866940498352 - sqrt(x2))*(x8**2 - (-33.9911*x6*(0.297866940498352 - sqrt(x2)) + (x2**x0)**(x0*x1))*cos(x7)) + sin(x3))) + (x3 + 2*x5 + x6**(x1**2) + (x0**x2)**(x6*log(x3)) - sin(x3))*cos(x6 - (x1*x2 + x4**(1/4) - exp(cos(x0 - 0.303763151168823)) - 0.297866940498352)*cos(x7)) - log(x5) + sin(x5))**(-0.377914)))',0.0024876631631073,3516416,feynman_I_9_18,3,96666,9,256,paper,6,0,1859786275,0.0024876627139747,0.002381273246150051,0.014817351329235692
600.0342888650484,'0.322027443037023*x2*exp(-exp(-(x0 - 0.409165)**2 + (x0 - sin(sin(sin(sin(sin(cos(log(x1)) - cos(sin(x0))))))))**2*cos(log(x8/(cos(log(x1))*cos(log(x4))*cos(log(x6))))**(log(x8*(log(1.05269*x6/cos(sin(x5 - sin(x3)))**2)*cos(cos(x5 + x7 + cos(x3) + 1.25563776493073))/x1)**(sin(sin(sin(sin(sin(sin(sin(sin(sin(sin(sin(sin(sin(sin(x3)))))))))))))) + 1.1903281211853)/log(x6)) + 1.25563776493073)*log(cos(cos(x7))**4))*cos(cos(cos(x5 + cos(x3) + 1.15955710411072) + 1.1903281211853)))*exp(cos(x1))/sin(x4))',0.0022363786234967,2334464,feynman_I_9_18,4,96666,9,256,paper,6,0,3687649985,0.002236379077658,0.0020224040616405718,0.014789527987376061
600.1312444701325,'sin(sin(sin(sin(sin(2*x0/(x5**2*cos(sin(sin(sin(sin(sin(2*x8/(x5**2*cos(sin(sin(sin(sin(sin(sin((cos(sin(sin(x3))) - sin(exp(sin(x3)**2))*cos(cos(x6/cos(cos(x7))))/x4**2)**2))))))/cos(cos(x7))) - cos(x2/cos(cos(1.71715*x1)))**2/log(exp(1.63981533050537/(-x2/cos(sin(exp(sin(sin(x3))**2))) + x5**2)))))))))/cos(cos(1.62953*x1))) - cos(1.47895*x2)**4/log(exp(2*exp(sin(x7)**2)/(x5**2 - exp(2*cos(cos(1.47895*x6))))))))))))',0.0040333175361361,651776,feynman_I_9_18,5,96666,9,256,paper,6,0,369133708,0.0040333052165806,0.004209896924646974,0.01602824928895986
600.0369456969202,'cos((sin((cos(sin((-x4 + sqrt(x7 + cos(sqrt(x8))))/cos(sin(sqrt(exp(x0**x1))))))**(-0.00383687*(x7 + cos(x1))**2*sin(x1)))**((x5 + cos(x1))*(x7 + cos(x8)))) + sin(sin(sqrt(exp(x0**x1)))))**(0.0711539*((x6/(x5*cos(sin(cos(cos(cos(x2))))**(-x2 + sqrt(x3 + cos(x8) - 1.02388))))**sin(sqrt(x6)))**(-0.458177*sin(sin(sin(sin(sin(sin(sin(sin(sin(sqrt(exp(x0**x1)))))))))))/sin(0.528883*sin(x0))))**(2*x6*(x6 + x7 + cos(x1))/(x5*cos(sin(x0)**(x1**exp(x2)))))))**2',0.0069231258189236,2023680,feynman_I_9_18,6,96666,9,256,paper,6,0,2995172877,0.0069231204688549,0.006993749328090607,0.01533065279517718
600.0101699919906,'0.330932*sqrt(x0)*sqrt(x1)*x2*sin(sqrt(x3))**2*sin(sqrt(x8))**2*sin(0.757115*sqrt(sqrt(x0)*x1**(3/8)*sqrt(sin(sqrt(x1)) - sin(1.63818*x4) + sin(1.33897*x6)**(-1.0392*sqrt(x4)))*sin(sqrt(x3))**2*sin(sqrt(x5))**3*sin(x6)*sin(sqrt(x7))**4*sin((0.610433*sqrt(x7)*sin(x8)*cos(cos(x5)))**((x1 - sqrt(cos(cos(x7))))/(x0 - x5)))))**2',0.0004717769914733,4660224,feynman_I_9_18,7,96666,9,256,paper,6,0,865305066,0.0004717765550594,0.0005451045303852881,0.014732629314869248
600.0730514621828,'0.624521*sin(cos(cos(0.14126*x2**4*cos((-1.41596*x0 + 1.41596*sin(cos(x1)) - 1.41596*cos(cos(x5/x7 - cos(x6))))*sin(cos(cos(x5*sin(sin(cos(cos(x7)*cos(x1/x4**2)*cos(x2 - x8 + log(x0)/x4)))))))))*cos(x3*sin(sin(x1 - cos(x5*sin(sin(cos(cos(sin(x7)/x4)*cos(cos(x7 + cos(x0) - cos(log(x1)))/x6)*cos(x2 - cos(x8 - cos(x0**2)) + cos(cos(cos(x4**2))))))))**2*cos(sin(sin(sin(x5))))**2 + cos(log(x1)))))))**2',0.0038935565964326,1145344,feynman_I_9_18,8,96666,9,256,paper,6,0,404488628,0.0038935523480176,0.003847402690251505,0.015012825799930097
600.0280715280678,'cos(exp(sin(x2 + x8 - sin(x0 + x1 - sin(sqrt(x3)*x8/(x7/(cos(x8) + cos(sqrt(exp(x7/(sqrt(x4**2*x6*sqrt(x6/cos(cos(x3)**4)**1.11467)*cos(x5)**2 + x6) + exp(sin(x0**2) + sin(sin(x1**2)) + exp(x2)/(x8/(x8/(sin(sin(x5)) + cos(sqrt(exp(sin(sqrt(x0*x1*sqrt(x0**(1/4)*x2) + x4**2*x6**2*cos(x7)**2)))))) + sin(x0*x1*sqrt(x2))) + sin(sin(sin(sin(x3))))))) + cos(x3))))) + cos(x4*x6*cos(x7))))*cos(x7))))**(1/4))**2',0.0021008576326807,1434112,feynman_I_9_18,9,96666,9,256,paper,6,0,2261209995,0.0021008586045354,0.002110234137665004,0.015217626240730182
600.0271873658057,'0.162471*x2*exp((0.0326793*x2**2*exp(2*sin((x7 - cos(x3 + x5) + cos(sin(x5 + sqrt(x8) + log(x5)/x4)) + (x0/x1 + x3 - x6)/(x1*x4*x8))/x0)))**(x2 - (sin(x1 - 0.983336)**(x1 + x1/(x7 + (-x4 + x5)**2/x4**2) + x2/x8 + x3 - x4 - sin(x0) - sin(x6) - cos(x5 + x7)))**log((-(-1/x0**0.156119 + x1)**2 - log(log(1.09587*x2)) + (x3 - x4 - cos(x5 + x7) + 0.516726 + x2/x1)/x8)/x6)))',0.0022546322875281,3081984,feynman_I_9_18,11,96666,9,256,paper,6,0,3160032368,0.0022546432446688,0.0022950118024623856,0.014869279065905265
600.2340425648727,'sqrt(0.390885*x1**4 + 0.540142*x2**4 + x2**2)*sqrt(1/(19.0582 + 2.55829646990255*((x3 + x4)/x6 + 1.59947*x2**2/x1**2)**2*(x3**2 + x5**4*exp(-4.9539852142334/x0**2) + 2*x7**2 + x8**2)/(x0**4*x8**2*(x2 + x2/x8**2 + 1.74603133326333*x6**4*x8**4*cos(x7)**2/(x5**2*(2*cos(x5) + (x3 + cos(cos(x7)**8))**2/x2**2)**2))*log(exp(x4)*cos(exp(cos(x7))))**2)))',0.0013665250608386,425984,feynman_I_9_18,10,96666,9,256,paper,6,0,4190266092,0.0013665250735357,0.001278004829382441,0.014635842225690015
600.1148707550019,'-0.895729660987854*(x1 + x4)*cos(x7)/(9.33871*sin(sqrt(x1 + x2 + cos(1.15075*(-sqrt((x0 + cos(0.89573*x8 + 0.293112))**4 + (sin(sin(0.89573*x1 + x2 + sin(x3))) + 0.654465)**4) + sin(x5) + cos(x7))**2*exp(-x0**2)/x6) + 0.327233) + 0.327233) + sin(x0 + 0.89573*x2 + sin(x3)) + sin(x2 + 0.970155*x6 + sin(x5)) + sin(x6 + 0.89573*x8 + sin(x3)) + sin(x2 + 0.89573*log(x0**4) + log(x8)**2 + sin(x5) + 0.327233))',0.0009696563517679,727552,feynman_I_9_18,12,96666,9,256,paper,6,0,3269070126,0.0009696559864096,0.0010076696806224086,0.01584463092513179
600.0609721690416,'-0.954354226589203/(-x5 + sin(x3) - 1.58953476164203*cos(0.416611*exp(x2))*cos(exp(cos(x0*x1/(0.478646 - x2))))/sqrt(-x2/(-x5 + cos(x0*x1/(-x2 - 1.24987316131592/(-x1 - 0.909763336181641))) - 1.24987 + 1.59082496898864*cos(x6*x8/(-x2 + (-x2 - 1.24987316131592/(-x1 - 0.909763336181641))/(-0.691842 - 1.24987316131592*cos(0.416611*exp(x2))/cos(x4))))/sqrt(-x1/(-x5 - x6 + 4.85643067105061*cos(1.14176*x0*x1) - 2.49974632263184)))))',0.0052321801152645,2744832,feynman_I_9_18,13,96666,9,256,paper,6,0,3081541439,0.005232180468738,0.005299189210025911,0.014927283218609012
600.0585574400611,'exp(log(x2)**2)*sin(log(exp(x0) - exp(x0 - exp(exp(cos(log(exp(x5)*log((x7 - sin(x7*(0.446654*x5 - 0.446654*x8)) - sin(exp((-x4 + x7)*cos(sin(x1)))))**log((exp(x0) - log(x2))**(x6**(-0.969664))))/x5))))) - log(exp(x0) - log(x1**sin(x2)) - log(x8**(log(x6**(sqrt((exp(x0) - log(exp((-x4 + x7)*cos(sin(x2))) - sin(x7*log(x1**(sqrt(x4**log(x5))))**2)))**(sqrt(x1**(x2**0.668322))))))**2)))))/(x3 - log(x1**(sqrt(x4**x8)))**2)',0.0027077715675914,2351104,feynman_I_9_18,14,96666,9,256,paper,6,0,3376120482,0.0027077700942754,0.0027486369413035057,0.014799631512220067
600.0060465410352,'0.253208*x0*log(-x6**cos(1.76099*x4/log(x3)) + exp(x1**0.325706))*log(-(x7 + exp(x2**exp((x0 + cos(1.223108365554*x2*cos(-x1 + sqrt(x8) + 0.817589)))**(0.695863**(x8/2)))) + exp(cos(x8)))**cos(1.32119*sqrt(x2)) + exp(x2**log(-(x0 + x1 - (sqrt(x0) + x1)**(0.967667/(x8/(x0**0.503596*sqrt(x2)))**(1/4)) + 0.525632)**cos(1.29934*(sqrt(x0) + sqrt(log(x7)))**sin(x0)) + exp(x2**cos(exp(x2**cos(-x1 + sqrt(x0**log(x7)) + 0.790815)))))))**(1/4)',0.0039949651789715,6992896,feynman_I_9_18,15,96666,9,256,paper,6,0,2204291346,0.0039949673227965,0.004123331230921525,0.015664712928069403
600.0047857649624,'exp(-1.34385*sqrt(exp(cos(x6 - cos(x4 - cos(x0 - cos(x2 - cos(x1 - cos(x0 - cos(x2 - cos(x8 - cos(x0 + cos(x4 - cos(sqrt(x3) + sqrt(x7) + cos(x3) - cos(x0 - cos(x2*(sqrt(x3) - 1.07567)*(sqrt(x7) - 1.07567) - cos(x4 - x5))) - 1.00744)) - cos(x0 + cos(x4 - cos(x4 - cos(x0 - cos(sqrt(x3) + sqrt(x5) - cos(x2 - cos(x4 - x7)) - 2.2852)))) - cos(x2 - cos(x4) + cos(sqrt(x5) - cos(x6 - cos(x0)) - 1.00744 + (sqrt(x3) - 1.03085)/x4)))))))))))))/x1))',0.002365607976756,7637760,feynman_I_9_18,16,96666,9,256,paper,6,0,550243861,0.0023656077682971,0.002286266950396077,0.014634600315693866
600.0072553250939,'sin(cos(cos(((x0**cos(1.06124**(x0*x1)) - 0.430824)**((sin(x0**cos(x6))**2)**(x8**(x2**x5)) + sin(x1**(x0**((log(1.6344*log(log(1.9037*1.06124**x1)**2/cos(1.06124**x0))**2)**2)**cos(x1)) + x4**(sin(x1**(x4**(sin(2*cos(x1) + cos(x8)) + cos(x6 + (sin(x0**cos(x6))**2)**(x8**(x2**x5)) + sin(x3))) + x7**(cos(1.06124**(x1**2)) + cos(x2) + cos(log(1.9037*log(1.9037*log(1.9037*x7)**2)**2)**2)))) + cos(x1)) - 0.430824))))**x0)))**x5',0.0029978553868927,1615360,feynman_I_9_18,17,96666,9,256,paper,6,0,3606691181,0.0029978973325341,0.0027327234388023302,0.014101770833050569
600.0050540179946,'-x1*sin(sin(sin(sin(sin(sin(sin(sin(sin(sin(sin(2.20916*cos((x2 - sin(x2))/(-x5 + exp(cos(exp((x2 - x6 + sin(sin(sin(sin(sin(exp(cos(x2))))))))/x0))) - cos((x0 - (x7 + cos(sin(x2 - sin(x5) + 0.795195937156677)) - 1.57249)*sin(sin((-cos((x2 - sin(exp(exp((-2*x2 + sqrt(x3) - sin(x3 + 0.479411244392395))/x3))))/x0) + cos((x4 - cos(exp((x8 - exp((-2*x2 + sin(log(x7)))/(-x2 + x3 + exp(cos(x2)) + cos(x3))))/x2)))/(0.649309515953064 - x7)))*exp(-cos(x3)))))/log(x7)))) - 2.35174)))))))))))',0.0018321936499115,7392768,feynman_I_9_18,18,96666,9,256,paper,6,0,1934392872,0.0018322527175769,0.0017622119784776195,0.015063915797645318
600.0534891418647,'x1/(x3 + exp(sin(x5 + x7)) + sin(sqrt(x2)*exp(0.832924*x0**(1/4))) + sin(sin(0.53931*x0*((x8**2 - 0.421686)*(sqrt(x4)*exp(exp(cos(exp(sin(exp(exp(cos(exp(sin(x3 + x7)))/2)))))/2)) + x4 - sin(x3 + x5)))**(1/4)*exp(0.786527*x2**(1/4))) + sin(sin(sin(x2*exp(0.679103*sqrt(x6)))))) + sin(sin(sin(sqrt(x2)*exp(0.659681*sqrt(x0)))) + sin(sin(1.61819*x4*sqrt(x8))) + sin(sin(sqrt(x0)*sqrt(x6)*exp(0.658853*sqrt(x6))))))',0.0006593739043945,3913216,feynman_I_9_18,19,96666,9,256,paper,6,0,2148995112,0.0006593738798983,0.0007039148416732109,0.015360077705745646
600.0479697480332,'0.286998*x0*cos(-cos(x7) + 1.19705*cos(0.639307*x7 - cos(x7) + cos(cos(x7) + 4.59475) + 3.16846)**2 + 0.639307*cos(0.435714*x2*x4 + x7 - cos(x7) + 0.693329*cos(x1**2 + 0.628437*x6 - x7 - log(x1**2*log(0.900498*x1*x4**2*x5*x8**2 + cos(x7) - 1.68228) + x7) + cos(log(x3 + 0.526088) - cos(x1 - cos(0.623079*x5))) + Abs(x3 - x7*x8)**0.3719) + 1.6923) + 1.6923)**4',0.0031051344159964,1912064,feynman_I_9_18,20,96666,9,256,paper,6,0,1592565386,0.0031051433179527,0.003305518421965268,0.015862985259919183
600.0270134271123,'log(cos(cos(sin(cos(((((log(cos(sin((-cos(x2) + cos(cos((x7**cos(x8**(1/4)))**(x5**cos(x1)))))**2)))**2)**(2*cos(sqrt(x6))))**(2*cos(sqrt(x4))))**cos(sqrt(x1)))**((x3**cos(x3**(sqrt(x5**cos(sqrt(x0))))))**(x3/2)))))**(log(cos(cos(((((((log(cos(sin((-cos(x2) + cos(cos(x7**(0.463696*x5**cos(sqrt(x8))))))**2)))**2)**(4*cos(sqrt(x6))))**(4*cos(sqrt(x4))))**(2*cos(sqrt(x0))))**(2*cos(sqrt(x0))))**cos(cos(x5)))**(log((x7**cos(x8**(1/8)))**(x5**cos(x1)))**2))))**2)))**2',0.0052681268724398,790784,feynman_I_9_18,21,96666,9,256,paper,6,0,784044718,0.0052680848166346,0.00597036143780205,0.0158306143559567
600.1280656729359,'0.220717468171078/cos((log(x8) + log(x1*(log(x0)/cos((log(sqrt(x3)) + log(x3) + log(x4*(log(x6) + sin(log(x5**2)))/cos(log(x3))) + sin(log(x7**2)))/x3) + log(x6) + log(x1*x2))) + ((log(x4/cos(sin(log(x7**4)))) + log(log(x0)**2 + log(x1)) + log(log(x2)))*cos((cos(log(x1*x2))**(x0**8))**(x4**2*x6**2*x8**2))**8/cos(sin(x3)) + log(x2*(log(x0**2) + log(x2) + log(x4))/cos(sin(log(x5**2)))) + sin(log(x7**2)))/x5)/x3)**2',0.0025537129544599,809728,feynman_I_9_18,22,96666,9,256,paper,6,0,3980425317,0.0025537125766277,0.002584204331898004,0.015228248065534996
600.1429727301002,'(x2/x3)**((0.567027**(x0**4 + x6**2 - 2.49053) + (((sqrt(x7 + sin(x4 + cos(x5 + x7))**2)/x1)**(x2**2 + x5) + sqrt(3.19679*(sqrt(x7)/x8)**(x5 + sqrt(x2**4/x6**4 + x2**2 + x7**2 + x8**8)) + cos(x5) + 1.0))**(1/4)/x0)**(sqrt(x0**2 + x0 + 2*x1**2 + x1 + x2**4 + x5)) + (sqrt(x5)/(x4*x6))**(x4**2 + x7) + (x6*cos(x5)/x8 + (sqrt(x5)/x1)**(x1**2 + x7))*exp(-x8))**(1/4))',0.0018040204433027,581632,feynman_I_9_18,23,96666,9,256,paper,6,0,3356806661,0.0018040200229734,0.0018127606035197952,0.015540393043957254
600.0026135640219,'log(sqrt(log(x2*x7 + 2*sin(x7) - sin(x0 + x1) - sin(x1 + 0.580255*x2 + sin(x7) - sin(x0 + x2)) + sin(sin(x7) - sin(x0 + x4) - sin(x6 + x8) + sin(0.918235*(-x1 + log(x3*x5) + 2.32519900798798)/sqrt(sin(log(x3*x5))) - 0.705032) + 0.326035737991333) - sin(-sin(x3) - sin(x5) + sin(x4 + 0.820214629173279) + sin(sin(2*x1)) + sin(sin(x0 + x6)) + sin(sin(sin(sin(sin(x0 + x8))))) - 1.30504554510117) + 3.13064074516296)))',0.0038634295424444,8270080,feynman_I_9_18,24,96666,9,256,paper,6,0,2765379632,0.0038634287193417,0.003325717089854529,0.014239798552733782
600.0042529650964,'0.339879878085935*sqrt(x1*x6*x8*exp(-0.524903*exp(sqrt((log(x3) + log(x7))**(0.671263*sqrt((-1.01111769676208*x2*exp(-0.897756*sin(log(x3))**2/x0) + 1.32801*(x5 + cos(x7))**(0.555267*sqrt(x3))/x1)**(0.778947*x1**2*sqrt(x2*exp(-log(x7)/x2)/sqrt((x5 + cos(x5))**log(x3)))*Abs(x0))))) + sin(cos(x4**(0.438072*x2 + cos(exp(0.818459*x1/x0)/(x1**2*cos(x5))))*(exp(cos(x3)) - 0.983396) - cos(log(x7)))))/(x0*x2)))',0.0009464060600734,5058560,feynman_I_9_18,25,96666,9,256,paper,6,0,1728356533,0.00094640487805,0.000869577350590525,0.014249937449243672
600.0237238779664,'log(sqrt(x2*(sqrt(x1 - 1/(x8 + log(sqrt(cos(sin(x5)))) + 0.22895)**4.82062 - sin(x2*(sqrt(x1 - 1/x8**4.82062) - cos(cos(x5))) + sqrt((x0 - cos(-x1 + x8**log(sin(x7)**2) + cos(x4 - (sqrt(x0) + x6 - 1.08863)**log(sin(x5)**2) - log(sin(x8 - log(sin(x5)**2 + 0.477495) + 0.187409)) + 2*sin(x3) + sin(x7) + 0.595627069473267)))*(x4 + sin(x3) + 0.659476))) + 1.08863) - 0.755042) + sqrt(x6*(x0 - sin(sin(x4 + 0.499504))))))',0.002265352373837,2966272,feynman_I_9_18,26,96666,9,256,paper,6,0,3533734220,0.0022653529886156,0.0022056348823668356,0.01514501969743175
600.0873316279612,'exp(-1.49058*cos(log(x2**(sqrt(x8 + log((x1 + log((x0**(0.0854923**log(sin(sqrt(x0/x4**2)))))**(-1.49058*log(x1**(-1.49058*log(x6**(2.22184*cos(log(x2**(sqrt(x7**(exp(-1.49058*cos(x0))/2) + log(x0**(log(x1**x4)**2)) + log(x0**(log(x1**x6)**2)) + log(((log(x5)**2)**log(x7))**(log(x3)**2))**2))))))/(0.673168 - log(x3))))/(0.641017 - log(x7)))))**exp(-1.06581*cos(x0)))**2 - 1.43856*cos(sqrt(log(x1**x4)**4 + exp(-1.49058*exp(-1.14289*cos(x8))*cos(x0)))))))))',0.0044455134457323,1144320,feynman_I_9_18,27,96666,9,256,paper,6,0,2342600226,0.0044454876333475,,0.014836311234937583
600.0257532990072,'log((0.879627*log(x3 + 0.490805*x4/sqrt(cos(x1*sin(0.34403*x0))**x4/x8) + log(x0) + log(x6 + log(0.344030499458313*(1.16128*0.457912**(x0*x6)*cos(log(x8))/log(x2) + x4 + sin(x5*(x3 - 0.785132)))/sin(sin(sin(x0*log(x2)))) + log(x2)**x6) + cos(log(x3)**2))) + 0.879627*sin(x1*sin(0.34403*x0)))*cos(cos((log(sin(x6*log(x2)) + cos(0.449774*log(x3 - x7*sin(sin(sin(sin(sin(sin(x5*(x7 - 0.785132))))))))) + 0.457912) + 0.372831)*cos(0.637679*log(x3 - x8)))))**2',0.0011962752224855,4226304,feynman_I_9_18,28,96666,9,256,paper,6,0,1904449481,0.0011962732532992,0.0012885953238768663,0.015601323771341614
600.0706424459349,'sin(sin(sin(sin(x2**2/log((-x3*log(x3*log(x4)) + exp(x3) - log(0.752541303634644*(x1**2*log(x7)**2/(x2**4*x6**2))**log(x6)/(-0.937143*x5 + 0.907212*(-x2 - 1.23160707950592)**2*(-log(x7)**2 - 1.23160707950592) - (-exp(0.291823217520102*exp(x3)*sqrt(exp(-2*sqrt(x8)))) + (x3*log(x5*log(x4)) - x3)/x5)*log((exp(exp(x3)) - 0.752541)*exp(4*x0**2/log(x7)**2 - 2*x1**2/x6**2 + 2*x3))/x5))**2*sin(sqrt(x8)*(-x1 - 1.3049))/x2)/x0)**2))))',0.0041635307994939,1000192,feynman_I_9_18,29,96666,9,256,paper,6,0,1934709049,0.004163525532931,0.0042062849469449125,0.015377541590021202
600.0053829548415,'0.810124*x2*sqrt(x4)*sqrt(x6)*log((x1 + x8*log(x0)*cos(x3)*cos(x5))**(1/4))*cos(sin(sin(sin(x7))))',0.0020341525128613,15361536,feynman_I_9_18,0,96666,9,512,paper,4,0,3324115916,0.0020341533236205,0.001939761207677395,0.01500963479960869
600.0330326720141,'log(sqrt(0.673971 + (x0 + x1 + log(x2) + log(x6) - 0.561673 + (x4 + x8 + sin(x3))**4/x5**4)**2/x7**2))',0.0024774473588198,3601408,feynman_I_9_18,1,96666,9,512,paper,4,0,2811363264,0.0024774461053311,0.002552771750932644,0.014787830527591556
600.0162186410744,'0.9812*exp(2*exp(2*sqrt(log(x2)))/(x3*x5))*exp(-exp(0.395548349822654*sqrt(x7/(x6*x8*log(x0*x1)))))',0.0035124472005866,3398656,feynman_I_9_18,2,96666,9,512,paper,4,0,1884968544,0.0035124458372592,0.0038073342860228607,0.01578906201855131
600.018723441055,'0.0923381*0.82314**(-x0*x2**4/(x3*x7*cos(log(x6))**2*cos(log(x8))**2) - x0*x4 - x1**2)',0.003670900799671,2745856,feynman_I_9_18,3,96666,9,512,paper,4,0,1859786275,0.0036708957049995,0.003402053639008206,0.014817351329235692
600.0193961511832,'(0.723404/(log(log(x4)**log(log(x0)**(log(log(x1))**2)))/(x2**8*(x6 + sin(x5))))**0.0920962)**x8/x7',0.0038298414558414,2635776,feynman_I_9_18,4,96666,9,512,paper,4,0,3687649985,0.0038742951583117,0.003747157370461733,0.014789527987376061
600.0013134528417,'exp((x1 - sqrt(x7**cos(sqrt(x8))) - exp(sin(x0**(-x4 - x6**2 + sin(x4**2) + cos(exp(x5/2))) + 0.466852)))/x2)',0.003549153445568,5687296,feynman_I_9_18,5,96666,9,512,paper,4,0,369133708,0.0035491518210619,0.0037399489717717563,0.01602824928895986
600.0126717970707,'log(sqrt((x0**x2 - cos(x0*sin(sin(sin(x6*x8)))*cos(x7/x4) - x5))**(x1/2) - cos(x3)))**2',0.0037250758293906,6940672,feynman_I_9_18,6,96666,9,512,paper,4,0,2995172877,0.0037250728346407,0.003917848909017559,0.01533065279517718
600.0086056271102,'cos(exp(exp(-cos(exp(cos(sqrt(x0)))))*cos(exp(exp(-cos(x2/cos(log(x4))))*cos(log(x7))/(x5 - x8 - sin(x3))))/x1))',0.0049688636637903,16750592,feynman_I_9_18,7,96666,9,512,paper,4,0,865305066,0.0049688601866364,0.004944270136553087,0.014732629314869248
600.0090532489121,'x5/(sqrt(x3)*x7*((exp(cos(x8))/(-sqrt(x5) + exp(x0)))**x4 - (-x2 + x5)/(-x1 + cos(sqrt(x6))**x2)))',0.0022041506506358,16308224,feynman_I_9_18,8,96666,9,512,paper,4,0,404488628,0.0022041499614715,0.0021832408291864638,0.015012825799930097
600.0323296869174,'(log(x1) + log(x2) + 0.270569)/(x5 + log(x0**4)*cos(x3) + log(x7 + cos(x6) + cos(x8)) + cos(x4) + 0.292608)',0.0023584053132305,4581376,feynman_I_9_18,9,96666,9,512,paper,4,0,2261209995,0.0023584058508276,0.0025047620066502747,0.015217626240730182
600.0327615570277,'-(x1 - 0.800298)/log(sin(-x5 + x6 + 2.66789)**2/(-x7 + log(x4**2))**4) + exp(1.0831732749939*(-x3 + log(x0**2))/x2)',0.0025388806563429,2860544,feynman_I_9_18,10,96666,9,512,paper,4,0,4190266092,0.0025388810317963,0.0023646946139868003,0.014635842225690015
600.0080272201449,'sin((x1 + 0.182929)**(x2**(x0**x6/sqrt(x2**(x3/(x4*x8))))/sqrt(x7) - 0.523849)/sqrt(x5)) - 0.326485',0.0038440801982483,17033216,feynman_I_9_18,11,96666,9,512,paper,4,0,3160032368,0.0038440809585154,0.005140150048446009,0.014869279065905265
600.0189323551022,'sqrt(x1)*(x4*x8*exp(x0 - x7)*log(x2)*cos(sin(x3))*cos(cos(x5/x6)) + 0.391787)**2',0.003293825088682,7129088,feynman_I_9_18,12,96666,9,512,paper,4,0,3269070126,0.0032938250806182,0.0033617710884761903,0.01584463092513179
600.0041190509219,'sin(x0/(-x1 + x5))/(-x2**2/(x2 + x3 - x6 - 0.78957*x8) + x7)',0.0032303218132716,7329792,feynman_I_9_18,13,96666,9,512,paper,4,0,3081541439,0.0032303200569003,0.003103891919551433,0.014927283218609012
600.038216172019,'log((x0 + log(x1) + log((x6**2 + log(x8**2) + sin(x5))**log((x1**(x4**2) + 0.776006)**log(x2))))**0.356877)',0.0047984307207217,3625984,feynman_I_9_18,14,96666,9,512,paper,4,0,3376120482,0.0047984304837882,0.0046306490561068055,0.014799631512220067
600.0401971288957,'(sqrt(x2 + (sqrt(x8 + (x0 - 0.630497)**2 + sin(x3)) - sqrt(cos(sqrt(x2))))**4 - 0.71073) - 0.512092)**0.512092*exp(0.512092*x1 - 0.512092*x5)',0.0040903736126746,3621376,feynman_I_9_18,15,96666,9,512,paper,4,0,2204291346,0.0040903729386627,0.004048880257210711,0.015664712928069403
600.0032180771232,'log(x0 + x2**(x0*x6*log(x1 + x8*sin(x7 - x8/log(x5)**2)))*log(x1 + x4 - 1.09231))/x3',0.0018436508231613,16095744,feynman_I_9_18,16,96666,9,512,paper,4,0,550243861,0.0018436489626765,0.0018482517043009574,0.014634600315693866
600.0055240888614,'(log((x0**(x2**2)*x2*x4**x0*x6*x8)**(1/4)*sqrt(Abs(cos(x1) - cos(sin(sin(x5)))))) + 0.435077)/x7',0.0032142793994878,7356928,feynman_I_9_18,17,96666,9,512,paper,4,0,3606691181,0.0032142787240445,0.0030229104162009033,0.014101770833050569
600.0132723690476,'0.674398*x0*x1*x2*sqrt(x4)*sqrt(x6*x8/x3**0.645492)/(x3**0.638735*x5*log(x7))',0.0003418568521379,8630784,feynman_I_9_18,18,96666,9,512,paper,4,0,1934392872,0.0003418566193431,0.0003152460234747632,0.015063915797645318
600.0025803169701,'x0*x2*sin(sqrt(x4))*sin(sqrt(x8))*cos(1.19706726074219/x1)**0.834913/(x3*log(x5)*log(x7)*cos(log(x6)))',0.0013675021229334,16711680,feynman_I_9_18,19,96666,9,512,paper,4,0,2148995112,0.0013675014488399,0.0013997594635128492,0.015360077705745646
600.0023813070729,'-(x7**(x1*sin(sin(0.309026*x0))))**(x2**x2 - exp(x2) + cos(x8)) + 1.09906315803528/(x5*log(sqrt(x3)) - sin(x7))',0.0043369564098768,10652160,feynman_I_9_18,20,96666,9,512,paper,4,0,1592565386,0.0043369545601308,0.004489053009783372,0.015862985259919183
600.0166281750426,'x2*(-0.341022*(Abs(x0)**(4*x6/(x4 - x7)))**log(x1)*log(x3**cos(sin(sin(sqrt(x5)))))**x8 + 0.364299)',0.0029696341096178,4383744,feynman_I_9_18,21,96666,9,512,paper,4,0,784044718,0.0029696468263864,0.003257065605961371,0.0158306143559567
600.0271332031116,'cos(sin((0.480437*x1 + 0.480437*x2)**2))/(-x0 + x6/(-x6**2 + x8 + (x6**2 - sin(x4**2))**2 + sin(x4**2)) + x7)',0.0046639080756206,1896960,feynman_I_9_18,22,96666,9,512,paper,4,0,3980425317,0.0046638986095786,0.004644638001611934,0.015228248065534996
600.008625786053,'(x2 + 0.0300639)**(0.314631*x0**x4*x6)*sin(x1**(sqrt(x0))*cos(sin(x7))/(x3 - x8))/x5',0.0015310572666325,17569280,feynman_I_9_18,23,96666,9,512,paper,4,0,3356806661,0.0015310579910874,0.0015220992257950665,0.015540393043957254
600.0256883949041,'((0.0181293**cos(x2**((log(x2)**2)**cos(x1))))**cos(x0)/x5)**(cos(x2**((log(x2)**2)**cos(x1)))/2)/x5',0.007223619673506,3549184,feynman_I_9_18,24,96666,9,512,paper,4,0,2765379632,0.0072236168198287,0.00651997083440239,0.014239798552733782
600.0167039430235,'0.751085*x0*x1*x2*cos(x7)/(x5*log(0.0939903*x6*sin(x3*exp(-x4*cos(0.981193**cos(x7))**2))))',0.0015202153216714,9788928,feynman_I_9_18,25,96666,9,512,paper,4,0,1728356533,0.0015202150680124,0.0013897204960109052,0.014249937449243672
600.0088098740671,'x0*x1*x2*(x6**(sqrt(log(x4**(2*x8**2)))))**(x8/x7)*sin(sin(sqrt(x7)))/(x3*x5)',0.0008993124959,4413440,feynman_I_9_18,26,96666,9,512,paper,4,0,3533734220,0.0008993120864033,0.0008993979278255484,0.01514501969743175
600.0066874409094,'0.387959*x1*x2**x0*(sin(sqrt(x7))**(x2**x3*exp(cos(x8))/x6))**(0.387959*x3/x4)/x5**0.956176',0.0031219756314047,16750592,feynman_I_9_18,27,96666,9,512,paper,4,0,2342600226,0.0031219793017953,0.0031561471198348276,0.014836311234937583
600.0134171349928,'x2/((x4**(-1.0125) + x5 + cos(x8))**log(-x0 + x7 + sin(x3)**2 + cos(log(x6))))**exp(0.781337**x7*cos(x1))',0.0018393945069834,12908544,feynman_I_9_18,28,96666,9,512,paper,4,0,1904449481,0.0018393949139863,0.0018791852022650207,0.015601323771341614
600.014675472863,'(-x1*sin(0.235628*x3 - sqrt(x0*x2))/x7)**cos((x8 - sqrt(x5)*sin(0.235628*x3)/x4)/log(x5)**2)',0.0024620387686468,6753792,feynman_I_9_18,29,96666,9,512,paper,4,0,1934709049,0.0024620457552373,0.0024271667320594726,0.015377541590021202
600.058203346096,'sin(0.513842*x2*log(log(sqrt(x8) + log(x0)*cos((log(x8)*cos(x0*cos(x5)) + 1.18806)**2*cos(x7/x1)))*cos(cos((-x0 + cos(x6*cos(x7)*cos(x1 + sqrt(cos(cos(x5))/x6)*exp(x3/2) + sqrt((-0.947889*x0 + 0.820724 + x7/x1)**2))))/(x6**(0.917448*x7**(1/4)) + x3*cos(sqrt(x5/x1) + 0.745785*sqrt(1/x6)*exp(x3/2))/x1))) + 1.18806)/cos((-x4 + sqrt(cos(0.0251681*x2**(2*sqrt(x3/x2)) - cos(x3))))/(x6*cos(x5) + 1.18806 + x7/x1)))',0.0014162045864437,2001408,feynman_I_9_18,0,96666,9,512,paper,6,0,3324115916,0.0014162062434479,0.0014306947164961076,0.01500963479960869
600.0467506060377,'0.226054**(sqrt(cos(sin(x1 - cos((0.960209**(2*cos(sin(x3 - x6 + x7)) - 2*cos((sqrt(x0) + sin(x2)**(-0.440385) + 0.410752)**2)/(x5*(cos(sin(x0)**(-0.410752)) - 1.27095*cos(5.92709*sin(sin(sin(x7)))/(x1*x6*x8**2))/x3)) - 2*sin(x5 - cos(x2/x6 - cos(3.53299*x4))/(x3*(-sqrt(x6)/x7 + cos(sin(x8 - 0.593296)))))/sqrt(x1)) + sqrt(x0) + 0.410752)**2))) + 3.73512*cos(x2)/(x3*(x5*(cos(sin(x0)**(-0.470345)) + sin(4.20214*x2/x0)/x7) + 0.220193))))',0.0057521817740657,1909248,feynman_I_9_18,1,96666,9,512,paper,6,0,2811363264,0.0057521741837263,0.005484205151362274,0.014787830527591556
600.0182873359881,'0.235403**(sqrt(x5*log(x5*(-x1 + x7)**(-1.11225**(x1*x6*x8)*x4 + x7))*cos(sin(x2 - x3))/(x2*x8 + sqrt(x1*x2/cos(sin(6.68182*sqrt((x1**2 - x4*log(x2*(x3 - x6)) + 1.8142944273102*x5*(x3 - x6) - cos(x6))**(-sqrt(sqrt(x1**(sqrt(log(log(x2*x8))**2)))/sin(x0))))*exp(x1/2))))*exp(x0**2/2) - log(sqrt((-x0**4 - x0**2 + x2*(x3 - x6) + (-x2 + x3)*exp(x0**2)/x6)**(sqrt(x5**(x0**2*exp(-x1*x6)))))))))',0.0014818493895779,1337856,feynman_I_9_18,2,96666,9,512,paper,6,0,1884968544,0.0014818728668615,0.0017981170264924505,0.01578906201855131
600.0543385699857,'log(sqrt(x0**((0.781858**log(10.1062*log(2.51983*0.744551**x1)**(x2**2)))**(2.30941*0.734917**x1)) + log(2.43108*x4**0.340475*log(2.56763*(0.781858**(2.43108*log(x7**0.457333)**(x6/x5**x4)))**((log(x5**log(x7**0.41134))**(x6/(x3 - x8)))**(log(x1**2)**2)))**(x0**((log(x7**0.473094)**(x6/(x5 - x8)))**(x6**2))*(log(x5**0.419144)**(x2/log((x3**log(x7))**log(x3))))**(x8 + 0.583502)))**x7))',0.0015595328240828,2468352,feynman_I_9_18,3,96666,9,512,paper,6,0,1859786275,0.0015595406293869,,0.014817351329235692
600.1067143999971,'0.332885*sqrt(sqrt(x0)*exp(-0.0939341*sqrt(x5)*exp(cos(x6))*exp(cos(x2*exp(-sin(exp(sin(sin(exp(cos(x1) - cos(x2))))**2)/x0)**2 - sin(sin(sin(sin(sin(sin(sin(sin(x4*x8)))))))) - cos(x3*exp(sin(sin(sin(x5)))**2)))))*exp(cos(exp(-cos(x1) + cos(exp(sin(1.17968*x7)**2))))) + cos(exp(cos(x1) - cos(x2))))*exp(-cos(x2) + cos(exp(sin(0.910343*exp(sin(exp(sin(sin(x3))**2)/(x4*x8))**2)/x0)**2))))*exp(-cos(x2)/2)',0.0012319643192494,806400,feynman_I_9_18,4,96666,9,512,paper,6,0,3687649985,0.0012319649104028,0.0010810197070820402,0.014789527987376061
600.090194453951,'sqrt(((((((0.0232871*x2**2*exp(-sin(sin(x8**2))/2))**sin(1.58339**(sqrt(x6**x2)))/(log(x5)**(sqrt(log(x3**4))))**(sqrt(log(x7**4))/2))**sin(1.58339**(sqrt(x1**(sqrt(x6**x8))))))**sin(1.58339**(sqrt(x1**x4))))**sin(log(x7))/log(x3*sin(exp((-x0 + exp(sin(exp(cos(x7)**2))/2))*sin(x1)**4))))**sin(1.58339**(sqrt(x4)))/log(x3*sin((x2**x0)**cos(x1))))**sin((1.58339**(sqrt(x2)))**(-x0 + log(log(x5**4)))))',0.0013494132625392,801280,feynman_I_9_18,5,96666,9,512,paper,6,0,369133708,0.001349419588223,0.001415279462734831,0.01602824928895986
600.0106146039907,'cos(0.767471 + 0.382642269134521*x4**(2.61341*(x1 + 1.25813)/((-0.00778409926648106*(0.0191738519688442*x3*x5*exp(x7)/(x0*x2*x6*x8))**x2*(-1.57203*x0/x2**4 - x3**2 + x7 + cos(exp(x0)))*exp(x5)/(x1*x2*x8))**(x1/x4)*(-x3*x5 + x7)))/(x0*x1*cos(3.54861*x6*exp(-x7) + cos(exp(1.18925339190931*Abs(x2)**0.500175/x2)))**2))**2',0.0019904186344675,3536384,feynman_I_9_18,6,96666,9,512,paper,6,0,2995172877,0.0019904263317584,0.002101987253887113,0.01533065279517718
600.0151096619666,'0.206986*x1 - 0.206986*cos(exp(x8*log(((2.20003*exp(2*sin(cos(log(x2)))))**cos(0.206986*(exp(1.43985*exp(cos(log(x6))))**(cos(0.0663433*x2 - 0.196473*x3 - 0.0386016*exp(0.752974271774292/(x0/x3)**log(x7)) + 0.00799001*exp(0.842889666557312/(x0/x3)**log(x7)) + 0.0386016*exp(0.752974*x4*x6) - 0.00799001*exp(-x4 + x7 + cos(x6 - cos(x6 - cos(x2 - cos(log(x6/x5)))))) + 0.00799001*exp(exp(x0/x7))**x6 - 0.196473*x7*sin(x0)/x0)/2))**(cos(log(x2)**x1) + 0.364541) - 0.206986*exp(x5/2) + 0.206986*cos(x5) - 0.244198))**log(x2))/2))',0.0024527421283684,5379584,feynman_I_9_18,7,96666,9,512,paper,6,0,865305066,0.0024527385830879,0.002744404240931535,0.014732629314869248
600.003426280804,'sin(x2*(-cos(0.358179/((0.620019**((((-cos(0.748242**(2.77819*x0*exp(x1)/x5)*sin(x3 + x7)) + cos(0.180847*x1)**(-0.180847*x4))**(x4/x5))**(-0.516902) - 0.620019)/x7))**(((log(x8)**(exp(x0*(x6/2 + sin(x1)/2)*cos(sin((x4*exp(-sin(x0)))**sin(x1 + 0.86782))))**log(0.753111**(1.38909*exp(x1)))))**(-0.516902) - cos(0.714821*sin(sin(sin(x3)))/x3))**(-0.320489) - cos(0.299416**(-0.208944*x6))))**0.516902) + (0.620019**(x0/x3))**(-0.180847*x1)))',0.0006364857043909,6815744,feynman_I_9_18,8,96666,9,512,paper,6,0,404488628,0.0006364342407323,0.0006416361215261152,0.015012825799930097
600.0599602491129,'log(x4**(1/8) + log((-log(sin(sin((x0*x1/sin(exp(sqrt(log(x2 + log(x8))))))**(-0.431523))))**2 - 0.291481196880341)**2 + log(((sin(sin(sin(sin(sqrt(x5) + 1.16243)))) + 0.303644)*(-x2 + (x2 + 2*sin(sqrt(x5) + 1.16243))**(x6**4) - log(sqrt(x5)) + sin(3.29333*x3)) + log(log(x3))**(1/4))**(1/16) + log(log(log(log(sin(sin(sin(1.07656*x3 - 1.15899))) + 1.18502) + log(log(x3))**(1/8)) + 0.995491) + 0.995491))**(1/16)))',0.0034393925090351,2674176,feynman_I_9_18,9,96666,9,512,paper,6,0,2261209995,0.0034393747337162,0.0034791565112192967,0.015217626240730182
600.0096817291342,'cos(exp(0.512002110481262*exp(cos(exp(0.288113*sqrt(x8)*exp(-x1*sin(cos(x7))/2)/(exp(exp(x5*log(x0)/(exp(x6*(cos(x4) - Abs(x1 - sin(x4)))**2*cos(x2)/((exp(cos(x6))*exp(cos(x8)) + cos(x6))*sin(x5)**2)) + cos(cos(x7))))*cos(x2)/(0.512002110481262*x2**2/(exp(cos(x1))*exp(cos(x4)) + log(x4)/(exp(exp(x6**8*cos(x2)/(cos(x1) + cos(cos(x5))))) + cos(x3))) + 0.246962/(exp(cos(x4))*cos(x2) + sin(sin(sin(x1)))))) + sin(exp(cos(x1)))))))/(x0 + sin(sqrt(x6)))))',0.0043446778449606,1882624,feynman_I_9_18,11,96666,9,512,paper,6,0,3160032368,0.0043446784839034,0.0042547264010003565,0.014869279065905265
600.0538235930726,'sin(sin(cos(sin((sin(cos(sqrt(x1))**(((0.636887 - x8**2)**2/x3**2)**(log(x5)/(x4**2 + log(x1)))/2))**2)**((sin(((-x0**2 + sin(x6 + (sqrt(x4) + x8**(1/4) + 0.316935)**2))**2/x5**2)**0.798052)**2)**(x5/(x2**4 + log(sqrt(x7/(x0**4 + log(sqrt(cos(sqrt(x8)))))))))))**2))**(x7/(x1 + sin((sqrt(0.304576**sin((-x6**2 + x7/(x0**4 + log(sqrt(x2))))/x7)) + sin(1.25305*x3*sin(log(x5))) + 0.305994)**(x1/(sqrt(x4 + 0.415198) + (log(x1) + sin(1.16961*x7))**2)))**4)))**2',0.0020829874018528,564736,feynman_I_9_18,10,96666,9,512,paper,6,0,4190266092,0.0020829883869737,0.0018779324074183416,0.014635842225690015
600.0062129478902,'0.371458*x2*exp(-cos(log(x1 + log(x0) - log(x1 + log(x2 + exp(x1**2*sin(sin(sin(x3)))) + sin(x5)))*log(log(x2 + 0.684337*sin(3.43172*x7) + cos(x2*log(x0)))) + log(x4 + log(x6**(((x0 + log(x4))/log((x3**2/x8**2)**sin(x1**(-0.810143))))**(x6 + exp(sin(x5)) + sin(x5)) + exp(sin(x5)))) + sin(x1*log(cos(x6*sin(sin(sin(x3))))))) - cos(x2*(0.602637*x1 + log(exp(sin(sin(x7)))*cos(sin(x3))*cos(sin(x5)) + log(x0) + log(x4)) - cos(log(x8)))))))',0.0010645775516828,5198336,feynman_I_9_18,12,96666,9,512,paper,6,0,3269070126,0.0010645722504705,0.0010654888045714237,0.01584463092513179
600.0659302601125,'(log(x2) - cos(x0) - cos(exp(cos(sqrt(sin(exp(-x1**2 + cos(5.45575*exp(-x0**2)))))))))*exp(-exp(exp(-(0.636697*exp(x6/2))**exp((-x8 - 0.72627*sqrt(x4*log(log(log(x5)))**2/((exp(0.528667*x8) - cos((log(x3) - 1.03148)**((x6 - 1.07531)**2) - cos(x4 - x7 - log(x3) + 1.03148))**2)*(exp(0.528667**x1*x6) - cos(x3 - cos(0.528667**x2 + x7 - 1.92997))**2))) + 1.69667)**2) + 0.143005*(log(x3) - 0.986095)*exp(-x4 + x7)/cos((x6 - 0.902923)*cos(log(x1))))))',0.0015715476955027,1787392,feynman_I_9_18,13,96666,9,512,paper,6,0,3081541439,0.0015715468907728,0.0016638194125462892,0.014927283218609012
600.0377984568477,'(x0 + log(cos(cos(x2*sqrt(x4*log(x1)*log(x8))*(x2 + log(cos(cos((-0.663266*x0**2 - 0.663266*cos(x1 - cos(log(cos(log(cos(cos(x5))) - 0.654472)))))*log((x0 + log(cos(cos(log(cos(sqrt(x6)))/x3))))/x7)))) + log(cos(cos(sqrt(x6)*sqrt((x2 + x1*x2**3*x6*x8*log(x2)*log(x4)**2*log(x8)*sin(x4)/x0)*log(x1))*log(cos(log(cos(cos(x5))) - 0.654472))))) + log(cos(cos(sqrt(x4*log(x4))*log((x2 + log(log(x7)))/x3)*log(cos(sqrt(x6)))))))))))/x3',0.0049512937778094,3785728,feynman_I_9_18,14,96666,9,512,paper,6,0,3376120482,0.0049512926489114,0.004993657743160244,0.014799631512220067
600.064193304861,'sin(sin(sin(sin(sin(x1*(x0*x2**2*((((x1**(x4**2/4))**(x6**2/4))**(x0**2/4))**(x6**2/2))**(x8**2/4) + sin(x2 - exp(2*sin(x5)) + exp(sin(x7)) - 1.4543*sin(x3) - 0.404084*sin(x2 - x8*exp(x4**2)*exp(-x5) + 2.87429583072662) + 1.22652))*exp(-x7**sin(cos(sin(sin(sin(sin(sin(sin(sin(sin(x6*sin(sin(x8**2*sin(sin(sin(sin(sin(sin(sin(sin(sin(sin(sin(sin(sin(sin(sin(sin(sin(sin(x6**2*exp(x4**2)*exp(-exp(x2))))))))))))))))))))))))))))))))))))))',0.0017962512808676,1067520,feynman_I_9_18,15,96666,9,512,paper,6,0,2204291346,0.0017962440615519,0.0018591357000465713,0.015664712928069403
600.0201305369847,'sqrt((((0.425763*sqrt(log(x5)))**x7)**cos(0.435207*x8 + sin(x3)*cos((-x0 + sin(x1**2))*log(x4))**2/x2**2))**(sin(log(x5))**4/(cos((-sqrt(exp(exp(x5 - sin(log(x5))**2/(cos(exp(-x0 + sin(log(x7)))/x0)*cos((-x0 + cos(x1))*log(x2))**2))**exp(-0.895039*x6))**exp(-sqrt(exp(exp(0.465911626815796*exp((x5 - x6)*cos(x1))/x0))**(0.465911626815796/x0**2)) + cos(x1))) + sin(cos(Abs(x2)**(1.52992 - 1.75769*x4))))*log(cos(exp(0.465911626815796/x0) - 0.406775)))**4*cos(exp(-x0 + cos(x1)))**2)))',0.002801356700239,1763328,feynman_I_9_18,16,96666,9,512,paper,6,0,550243861,0.0028013442642986,0.002847086205704812,0.014634600315693866
600.1034203390591,'(x5*cos(sin(log(x2 + log(0.547083*x0**2*(x2**2*x4*x6**3*(x0**2 + 1.04519)/(x3*(x1 + 0.275284)*(-x2 + x7 - 0.751668)) + x8*(cos(x0**2) + cos(x4**2))*cos(x1))*exp(-1.14305*x3 + x7 - 0.999668*cos(x1))/(x7 - x8 - 0.835154) + x2**2*x8/(x1 + 0.751668))*sin(log(x1*log(0.235816*x0**2*x1 + x8/(x1 + 0.963066)) + x4*sin(sin(exp(cos(1.14305*x3 - x7 + 1.25183641910553))))/(-x1 + x7 - 0.907963)))))))**(-1.24804)',0.0031358511399669,1452032,feynman_I_9_18,17,96666,9,512,paper,6,0,3606691181,0.0031358508858829,0.0028490462554383467,0.014101770833050569
600.034911355935,'sin(sin(sin(0.560939*x1*x2*sqrt(sqrt(x6*sqrt(((x0**2*x4*cos(sqrt(log(x3)))**2)**((x0 + x3)*sin(sin(sin(x6*sin(sin(sin(sin(sin(sin(sin(x0*sqrt(x0*x1*x2)*exp(-1.29007100322589*x5 + x8)))))))))))))**log(x3))*cos(sqrt(log(x3)))**2*cos(sqrt(log(x7)))**2*cos(log(x7 - log(x5)/(x3 - x8))))*sin(sin(sin(sin(sin(sin(sin(sin(sin(sin(sin(sin(sin(sin(sin(x6*sqrt(x1*x2)*exp(-1.26947307689068*x5 + x8)))))))))))))))))*Abs(x0)*sqrt(Abs(x4)))))',0.0006184306525157,2274816,feynman_I_9_18,18,96666,9,512,paper,6,0,1934392872,0.000618451857008,0.0005548759391541313,0.015063915797645318
600.0004627380986,'x1*x2*(0.52994*sqrt(0.448497**exp((-1.03741*sqrt(x0) + x3**0.0806866 + cos(x0*x2*(0.448497**exp(1.64165/x7**x4))**(exp(sqrt(x3)*exp(-x4*x8))/2) - x5 - x7 + 0.44849693775177) + 0.994888)**2/x6)) + 0.396927)/(x2**(0.597304*exp(-2*sin(x0 - exp(2*0.636887**(x0*x2) - 2*x6 - 2*cos(exp(sqrt(x4)))) + cos(exp(x8))))**(0.0806866*exp(x0*x4*x6/(x2*(exp(x3*exp(-sqrt(x0)*x4)) + cos(-x5 + x6 - x7 + log(x6) + cos(exp(x8))))))))*x3)',0.000847435278046,2854400,feynman_I_9_18,19,96666,9,512,paper,6,0,2148995112,0.000847433519084,0.0008499931906223044,0.015360077705745646
600.0297608049586,'1.0125732421875/(x7 - sin(sqrt(sqrt(x7) + 2*cos(x0) + cos(x1) + cos(x8))) - sin(exp(x1 + cos(x2**1.01257) + cos(x4) + cos(sqrt(x6)) + cos(x6) + exp(-sin(sin(sin(sin(x5/(sin(sqrt(x1))*cos(cos(sqrt(x1)))) - sin(x3/x2)))))))**(1/4)) + 2*cos(x0) + 2*cos(x1) + cos(x2) + cos(x8) + exp(-sin(x5/sin(sqrt(x6)) - sin(sqrt(x7) + cos(x0) + cos(x1) + cos(x2**0.987427)))) + exp(-sin(x3/sin(sqrt(x4)) - sin(sqrt(x7) + cos(x0) + cos(x1) + cos(x2)))))',0.0007171902036216,2985984,feynman_I_9_18,20,96666,9,512,paper,6,0,1592565386,0.0007171909091994,0.0007989750295635967,0.015862985259919183
600.137282080017,'log(log(sqrt((x2 + 0.742597)*exp(sqrt(x1 + log(sqrt(x0*exp((sqrt((0.302232 - 0.929882*(-(x0 + x1)*exp(((sin(x3) + 2.00378)*exp(x0**2) + sin(x3))**(1/4)) + exp(x0**2))/x5)*exp((x6 + 0.302232)**2) - 1.06378)*(0.245751*x4**2*(-(x8 + exp(sin(x7)))*exp((x4 + x8 + (2*x1 + x2)*exp(x0**2) + sin(x5))**(1/4)) + exp(x0**2))**2/x5**2 + sin(x2**2 + x2)) + sin(x2**4) + sin(x1 + x2**2) + sin((x6 + 0.302232)**2))**(1/4)) + log(cos(log(x2**2))**2))))) + sin(x3))))',0.0023390816569342,1198592,feynman_I_9_18,21,96666,9,512,paper,6,0,784044718,0.0023390818387269,0.002610660601855076,0.0158306143559567
600.1114925341681,'0.290121*x1*exp(-1.51255*((log(x2) - (sin(sin(x7)) - cos(cos(sin(x5)/cos(x3)**4)**4))*log(sqrt(x0))**(x6*log(sqrt(x8))*cos(x5)**2)*sin(sin(sin(x7)))/x2)/cos(cos(exp(-cos(x0))*sin(x5))) - exp(cos(x0)) + log(x8))/log(0.0277438*x8) + (-exp(cos(x0)) - sin(exp(cos(x6)) - log(x4))/cos(x3)**2 + cos(sin(x5)))/(log(0.0283737*cos(log(cos(cos(sin(x3) - cos(cos(x3)**4))**2)**2*cos(cos(sin(x5) - 0.540626)**2)**2))**2)*cos(x4 + 1.22124)))',0.0007447820542469,890880,feynman_I_9_18,22,96666,9,512,paper,6,0,3980425317,0.0007447814568877,0.0007014608064761188,0.015228248065534996
600.0313726458699,'sin(sin(sin(sqrt((cos(sin(sqrt(x4 + sqrt(-1.23671*x0 + exp((-0.521176**(-0.296312*sin(sqrt(x2)) - 0.36426) + cos(sin(sqrt(x5))) + 0.76953)*(-0.975837*x0*exp(x8) - x2 + x3)) + exp((-0.975837*x0*(x2 + x6 - sin(exp(x1)*sin(sin(sqrt(x2)) + 1.22329)**cos(2.35855*cos(x5 + cos(x0 + x7)))*cos(sin(sqrt(x1)))**1.22177)) + x3 - 2.08383)*(-0.528464**(-0.296312*sin(sqrt(x8)) - 0.733014) + log(cos(cos(sin(sqrt(x2)) + 1.22931))) + cos(sin(x1)) + 0.858047))))) + 1.22931) + 1.0609)**x7))))',0.0034333159255359,3425280,feynman_I_9_18,23,96666,9,512,paper,6,0,3356806661,0.0034331462811678,0.0034119898890627677,0.015540393043957254
600.0331216279883,'-0.343984*sin(sin(cos(x0) + 0.134997**(-1.02411851371472*0.422596**(10.9657*x0*exp(-1.02412*x1))*(x0**3/((x2 - exp(x8))*sin(cos(x7))**2*cos(sin(x7))) + (1.52592*exp(-0.950202*x2**cos(sin(x7))))**(-exp(sqrt(x8)) + cos(cos(x5))))*exp(sin(x7))*cos(exp(sqrt(x1))))) + sqrt(cos(0.653352*x4))/x6)**4*sin(exp(x0**2*sqrt(cos(cos(x7)))/x3**(2*x1)))**4 + sin(sin(exp(1.24429285072262*x0**2/(0.964385**(2*x2**(2*sqrt(x4))/sin(cos(exp(sqrt(x1))))**2)*x5**2))/x3))',0.001771079337397,1157632,feynman_I_9_18,24,96666,9,512,paper,6,0,2765379632,0.0017710811225697,0.001480565198944658,0.014239798552733782
600.0564898219891,'0.85166*sqrt(sqrt(x0*(x1**x3 + 1.02297556400299/x4)/x7)*(x0**3*sqrt(x0*x6*x8**(x6**(x6**2*exp(x8)/(x3*x7)))*exp(x0**x0)*exp(x4**x6)/(x3**3*x7*sqrt(x7 - 1.02298)*cos(x5 - 1.02298)**2))*exp(x2**0.775917)*exp(x4**x8)/(x2*x5**4*x7**4))**(1/4)/x3**2)*Abs(x1)**(1/4)*Abs(x2)*Abs(x6)**(1/4)*Abs(x8)**(1/8)',0.0004296278752935,1158656,feynman_I_9_18,25,96666,9,512,paper,6,0,1728356533,0.0004296291735954,0.0004100093252359964,0.014249937449243672
600.1231973238755,'x0/(exp(cos(x6*cos(log(log(x3 + cos(x8)))))) + cos(x2**2) + (x7 + cos(x2) + cos(x3) + cos(x4) + cos(x5 + x7*sin(x5)))/(log(x1) + log(x8**3 + log(x2)) + log(x6)/x6) + (x7 + cos(x2) + cos(x4) + (x3*log(log(x3 + x5*Abs(sin(x5)) + cos(x7 + cos(x2**2)**2))) + x3 + cos(x1**2) + cos(x3 + (x7 + cos(x2**2)**2 + cos(log(x2**2)))*sin(x3) + sin(x5)))/(x2 + x6/(x5/x8 + cos(x3) + cos(x4)) - 0.318013))/x1)',0.0003437426964617,1316352,feynman_I_9_18,26,96666,9,512,paper,6,0,3533734220,0.0003437426348682,0.00034828278610742454,0.01514501969743175
600.0270734310616,'x2*cos(sin(sin(sin(sin(log(x0**2))))**2 + cos(sin(x0)) + 1.22607)**(-(x3 - x5*cos(1.30809*x5))*(-(1.06975**(2*x0*(x6 - 0.439375))*(-(-x5*cos(x8**log(exp(sin(x3))/sin(x1))/sin(cos(log(x0)))) + x8**2*(x6 - 0.495209))*cos(1.30809*x1) + 0.366886)*exp(2*sin(x3))/(sin(x6)*sin(sin(1.30809*x4))**2) - log(x8**2)*cos(x4))*cos(1.30809*x1) + cos(1.06975**x3))*cos(x1/sin(cos(cos(x4/cos(sin(x6 - 0.495209)))))) + log(x8**2*log(x0))))/x7',0.0021505331950188,1755136,feynman_I_9_18,27,96666,9,512,paper,6,0,2342600226,0.0021505299955606,0.0021235839199653344,0.014836311234937583
600.0252007341478,'cos(x3**(0.185103*x7*exp(-x1**cos((x4**(x5**cos(2*x1 + x3 + x6 + log(cos(log(x3))) - 1.77377)/2))**(-0.529455) + sin(x1**0.555364/(-6.13999*(17.692*0.105757**(2*log(x5)))**log(x3) + exp(x2*sqrt((0.357023**(2*1.06081**(x6**(2*x4))))**x8)/(x0 + sin(sin(log(cos(log(x5))))))**2)) - 5.33759*x2**sin(sin(sin(sin(sin(sin(cos(x5))))))))))))',0.0046155471840106,1670656,feynman_I_9_18,28,96666,9,512,paper,6,0,1904449481,0.004615546669811,0.004894210744265617,0.015601323771341614
600.0050016921014,'sin((x2 + log(exp(sin(sin(sin(cos(exp(1.09928*x1/x3)**x0))**2)))**exp(x2*sin(exp(0.0324515*x8**2/cos((0.180143*x5 + 0.180143*x7 + 0.180143*exp(2.71229/(x4**3*sin(sin(x5 + x7))/(cos(x4*sin(x5 + x7))*cos(0.239656*x6*exp(-cos(x3))*sin(x5 + x7 + 0.239656))) + x4 + x7)))**2)**2) - 0.698165)/cos(log(exp(sin((0.257155*x4 + sin(x6 - 0.889997))**(-sin(sin(x8 - 0.889997)) + cos(sin(x3*(x6 + 0.239656))) + 1.27081))))))))/(x5 + x7 + sin(x5 + x7)))',0.001474823457773,2830336,feynman_I_9_18,29,96666,9,512,paper,6,0,1934709049,0.001474825432524,0.0014558792590310698,0.015377541590021202
600.0058144929353,'x2**(1/4) - exp(exp(x0)*cos(x5)) - exp(exp(x1)*cos(x7)) - 0.106997*sin(x3)**2 - 0.743890404701233',0.0067931005374379,4376576,feynman_I_9_18,0,96666,9,1024,paper,4,0,3324115916,0.0067930975928902,0.006775816626211196,0.01500963479960869
600.0092993960716,'(x4*sin(x7*exp(-x8/4))/x5 - sqrt(x3/(x1*x2)) + 1.61396)*sin(sin(sin(0.248429*x0*x6)))',0.0019462739809373,19439616,feynman_I_9_18,1,96666,9,1024,paper,4,0,2811363264,0.0019462688360363,0.0018915109816270664,0.014787830527591556
600.0208188449033,'(x5**log(x7**(-2.00889)))**((x2**x0 - sin(sqrt(x1*(x0 + x8)))**8)**cos(sqrt(x1*(x4 + x6)))/2)',0.0034976518978742,2220032,feynman_I_9_18,2,96666,9,1024,paper,4,0,1884968544,0.0034976347815245,0.003869313288187829,0.01578906201855131
600.007458809996,'(x0 + (x0 + x6 - 1.05948)**(x8 - cos(cos(x7))) - cos(cos(x5)) - 1.06399)**(sqrt(x4) - 0.712509)*log(x1*x2)/x3',0.0024698092883419,18226176,feynman_I_9_18,3,96666,9,1024,paper,4,0,1859786275,0.002469808794558,0.002382969148159222,0.014817351329235692
600.0360040909145,'cos(sin(log(x5)))**((x7 + cos(1.31386*x0))/(((-x0**2/(x4*x6) + exp(x0))**log(x2))**log(x1))**x8)',0.0031762237626891,6632448,feynman_I_9_18,4,96666,9,1024,paper,4,0,3687649985,0.0031762209255248,0.0029414728723130613,0.014789527987376061
600.0600222311914,'x2/(x0*x8*sin(cos(x1**2*cos(sqrt(x3) - x4) - log(x1**2) + cos(log(log(x0))))) + x5/x6 + x7)',0.0026460143466591,6164480,feynman_I_9_18,5,96666,9,1024,paper,4,0,369133708,0.0026460140943527,0.002749240373176495,0.01602824928895986
600.0038832039572,'log(sqrt(x0*log(sqrt(x4) + log(log(4*x2**2))) + log(x1 + x6*log(sqrt(x8) + sin(sin(0.767564*x7))))))',0.0044182041405687,8170496,feynman_I_9_18,6,96666,9,1024,paper,4,0,2995172877,0.0044182031415402,0.004499137755116898,0.01533065279517718
600.118647120893,'1.18627*x0*(x1 + log(x8 + log(x4**2 + x6 - log(x3))))*cos(sin(log(-x2 + x5))**2)**2/x7**2',0.003704301621619,4084736,feynman_I_9_18,7,96666,9,1024,paper,4,0,865305066,0.0037042987532913,0.003910939710630882,0.014732629314869248
600.1326578960288,'((-x0**2 + log(x1))**2*log(x2)/x3)**(1/4)*(-1.06853*x1 - 0.168613*x4 - 0.168613*x8**x6 - 0.168613*sin(x5))**2/x7**2',0.0033239443405225,3447808,feynman_I_9_18,8,96666,9,1024,paper,4,0,404488628,0.0033239333424717,0.0034607190720388824,0.015012825799930097
600.0062097250484,'x1*log(x0**2 + log(exp((x4 + x8 - sin(log(x3)))**x6)/x7))*sin(sin(sin(sin(exp(cos(log(x2)))))))/x5',0.0026887965512755,6761472,feynman_I_9_18,9,96666,9,1024,paper,4,0,2261209995,0.0026887920685112,0.0027650086821393023,0.015217626240730182
600.0129391720984,'x1/((x5 + 0.22086)*(exp(-1.03974*x2**2 + 1.18214*x2*(-x4 + x7)/(x0*x8)) + cos(log(x0))))',0.0030519931762328,7607296,feynman_I_9_18,10,96666,9,1024,paper,4,0,4190266092,0.0030519873835146,0.0028144885080354292,0.014635842225690015
600.0175018159207,'0.172327*x0**(x1 + x6 - x7 + (x2**(exp(cos(sqrt(log(x3**x5)**2)*exp(-x4)))/2))**(exp(x8/x0)/2))',0.0034107326843459,7237632,feynman_I_9_18,11,96666,9,1024,paper,4,0,3160032368,0.0034107333049178,0.0035376074985378407,0.014869279065905265
600.0033486068714,'x2*(x1 - sqrt((x6*x8)**cos(x3 - sin(x5))) + exp(1.07611*x4 - 1.07611*x5) + log(x0))*exp(-sqrt(x7))',0.0023909960339761,18170880,feynman_I_9_18,12,96666,9,1024,paper,4,0,3269070126,0.0023909958545118,0.00273530318707169,0.01584463092513179
600.0102041461505,'-0.0378291**sin(0.912275552749634/x3) + sqrt(x0*(x2*exp(-cos(x6)/2)/sqrt(1/x4))**(x8*log(x1))*sin(sin(0.875373/x5)))',0.0024380347449359,18952192,feynman_I_9_18,13,96666,9,1024,paper,4,0,3081541439,0.0024380332324653,0.002479918075535368,0.014927283218609012
600.0567874729168,'x0*x2*sqrt(x6*(x8**2/x7)**(0.742241**(x4**2))/x5)*cos(0.732248**(x1**2))**2/x3',0.0020335802279063,2310144,feynman_I_9_18,14,96666,9,1024,paper,4,0,3376120482,0.0020335798617452,0.0021226362993843604,0.014799631512220067
600.040617986815,'0.436454*sqrt(x4*log((log(x2*x7)**2)**log((log(x0*x5)**2)**(x1**2)))/log(log(x5)))*exp(-x7/2)',0.0039107655739796,3563520,feynman_I_9_18,15,96666,9,1024,paper,4,0,2204291346,0.0039107631891965,0.003978558983431591,0.015664712928069403
600.0042667181697,'-0.302494307379206*x7*exp(-x0)*cos(log(log((x8 + 1.25728)**x6))) + sin(exp(cos(x2*sqrt(sqrt(x4)*log(x1))/x5)))',0.0038138933367801,14474240,feynman_I_9_18,16,96666,9,1024,paper,4,0,550243861,0.0038138914387673,0.003823402163983922,0.014634600315693866
600.0082492560614,'x1/(((x5**1.05703)**1.0449)**(sqrt(((x0 + cos(x2 - exp((x3/x8**0.83681)**(1/4))))**2)**log(cos(cos(x3))))))**log(x7)',0.0031839545989378,7586816,feynman_I_9_18,17,96666,9,1024,paper,4,0,3606691181,0.0031839492730796,0.0030858659699334982,0.014101770833050569
600.0637772120535,'0.553272*(x1 + x2)**2*sin((x0 + x7*x8/x3)/(x5 + 1.54117*cos(x0*x6 - x6/x4)))/x7**2',0.0018720149486705,5110784,feynman_I_9_18,18,96666,9,1024,paper,4,0,1934392872,0.0018720111111178,0.001681259260869043,0.015063915797645318
600.0041958808433,'((x5 + sin(x2**x8 + exp((-x4 + sin(x0*x7))*cos(x0))))**(x1**(-sin(x0 - sin(x3 + x7)))))**(-1.25815)',0.003836940841683,18712576,feynman_I_9_18,19,96666,9,1024,paper,4,0,2148995112,0.0038369281683117,0.003918662067139094,0.015360077705745646
600.0069453450851,'cos(1.42428/((1/(x3*(x5 - x6)))**0.0200651*Abs(x0)**0.321041*Abs(x2)**0.321041*Abs(x4)**0.160521*Abs(x8)**0.160521))**(-x1 + x7)',0.0038014121393922,2033664,feynman_I_9_18,20,96666,9,1024,paper,4,0,1592565386,0.0038014133460819,0.003994921689860961,0.015862985259919183
600.0098868990317,'exp(x0**(-0.693075))**(-0.319791*x7 - exp(x4*x6*log(exp(x4*x6*log(cos(sqrt(x8))))**log(x2)))**log(x1))',0.0040363677506643,18834432,feynman_I_9_18,21,96666,9,1024,paper,4,0,784044718,0.0040363669395446,0.004492908282755645,0.0158306143559567
600.0139196610544,'log(sqrt(x0 - log(0.276500808112587*x7*sqrt(x0**2 + x2 - sin(x3))/(x1*x2*(x4**x8)**log(x6)))))',0.0040357834982899,9011200,feynman_I_9_18,22,96666,9,1024,paper,4,0,3980425317,0.0040357825346291,0.004084588958834055,0.015228248065534996
600.0028652329929,'log(x0 + x1 + x2 - 2.30711)*log(x4 + x6 + x8 + log(x6) + sin(x3) + 2*sin(x5))/x7',0.0022576012261809,15624192,feynman_I_9_18,23,96666,9,1024,paper,4,0,3356806661,0.0022576018236577,0.002245778150518516,0.015540393043957254
600.0787007438485,'log(log(x0 + x1*sqrt(x2*sqrt(x4*x6*log((cos(x3) - 2*x8*cos(x7)**2/x1)**2)/x1))))',0.0038169564517812,4110336,feynman_I_9_18,24,96666,9,1024,paper,4,0,2765379632,0.0038169550243765,0.0034032421831448655,0.014239798552733782
600.0164959810209,'0.478939*exp(-sqrt(x3/(x8**(x0**(x1**(x4**x2)))*((x2**x1)**(x0**x6))**x4))/x6**log(x1))',0.0040833690402606,18981888,feynman_I_9_18,25,96666,9,1024,paper,4,0,1728356533,0.0040833689272403,0.003704893050930063,0.014249937449243672
600.0112430369481,'((sqrt(x2) - 0.675674)**cos(0.456536**cos((-x3 + x8)/x4) - x6))**log(x5)*exp(-1/(x1**2*log(x0)**0.31249))',0.004428771545427,7139328,feynman_I_9_18,26,96666,9,1024,paper,4,0,3533734220,0.0044287671335041,0.004582142272062675,0.01514501969743175
600.0003848299384,'x2**(x0*x6*exp(log(x8)**(x2/(x1*x4)))/x3)*exp(log(x1)**(0.341052055358887/x0))/(x5*x7)',0.0021931316883602,18392064,feynman_I_9_18,27,96666,9,1024,paper,4,0,2342600226,0.0021931305527687,0.002295262525359677,0.014836311234937583
600.0025534760207,'0.955603*exp(exp(cos(sqrt((x5/x6 + 0.746771)/(x0*x1*x8))/sin(log(x2 + 0.635886)))))/(x3*x7*cos(log(x4)))',0.0012748018672496,17984512,feynman_I_9_18,28,96666,9,1024,paper,4,0,1904449481,0.0012748040026053,0.0013871679200580665,0.015601323771341614
600.0226922959555,'x1*exp(-(x7 + cos(exp(x4*x6*log(x0)*sin(cos(x3))**2*Abs(cos(x5 + 0.320532)))))*exp(-x2/2))',0.0028033049693741,5097472,feynman_I_9_18,29,96666,9,1024,paper,4,0,1934709049,0.0028033037669956,0.0029146594960846044,0.015377541590021202
600.0457847549114,'x1*sin(log(x0) + 0.466697)/((0.310011**cos(log(x2)))**(-1.36344*(log(x0 + log(0.310011**cos(log(exp(x5)/(log(x2)*cos(sqrt(x2)))))) + log(exp(x5)/log(x2)) + log(((sin(exp(sin(sin(sqrt(sin(x3 - 1.01201)))))) - 1.01201)**2)**(0.996242 - 0.652805*x8))) + exp(-sin(x7))*log(cos(sqrt(log(x2)))))*sin(sqrt(sin(x3 - 0.944481))) - 1.36344*log(0.310011**cos(sqrt(sin(2*log(x6))))))*log(cos(sqrt(x2))) + log(3.22569*exp(x5)/log(x2)) + log(cos(sqrt(log(x4))))/sin(sin(sin(sin(sin(sin(sin(exp(cos(sin(x7)))))))))))',0.0008261143859256,5058560,feynman_I_9_18,0,96666,9,1024,paper,6,0,3324115916,0.0008261123439297,0.0008333828683742577,0.01500963479960869
600.0120812850073,'sqrt(exp(-3.04367*x5*x7/(x0*x1*x4*x6*x8*(x2 - 0.230618)))*exp(cos(exp((0.699726581573486 - sqrt(x7))*sin(sin(sin(sin(x3))))))) + exp(-2.06432*x5/(x1 + 0.908619*sqrt(x2*(sqrt(x0) - exp(-1.03216*x0**3*x2*(x0*(x2 - (0.651344 - sqrt(x3))*sin(sin(x3)))*exp(2*sin(x7)) - 0.0365932)*exp((0.0692410469055176 - x6)*sin(x5))/(x1**3*sqrt(x3)*sqrt(cos(cos(x3))) + x3)))))))',0.0005045321689442,3723264,feynman_I_9_18,1,96666,9,1024,paper,6,0,2811363264,0.0005045320140197,0.0004886877936712632,0.014787830527591556
600.5714316780213,'sin(((0.121977*sqrt(x0**4/cos(sin(log(x8)/cos(log(x2)/cos(cos(cos(1.12705*x7)**2))))*cos(cos(x5*cos(1.12705*x7))**2)) + cos(0.620213*x5)))**cos(cos(x3)))**cos(sin(((0.121977*sqrt(x4**4 + cos(x0**2)))**cos((sqrt(1.12705*x1*x7*log(x8) + x4**4/cos(cos(x3)))*log(x6))**cos(cos(log(x1)))))**(cos(log(x1)) + cos(cos(x5))**(x1**2)))))/((1/x2)**(x1**4) + cos(1.12705*x7) + cos(log(x1)) + cos(log(x8)) + cos(cos(x5))**(x2**2))',0.001397013490523,729088,feynman_I_9_18,2,96666,9,1024,paper,6,0,1884968544,0.0013970178551971,0.001534943878906253,0.01578906201855131
600.0510015930049,'(cos(sin(cos(sin((x2**cos(sin((cos(sin(0.882285**((cos(sin((((x1**log(x0) + sin(x2*cos(x3) - (x2**log(x0))**x0) - 0.728456)**2)**(0.358558*x1 + 0.358558*sin(x7) + 0.358558*cos(x0)))**(0.34914*x4 + 0.34914*sin(x3))))**2)**log((cos(sin(((sin(x1**log(x2))**(x2**log(x2)))**x7)**(x4 + sin(x5))))**2)**x3))))**2)**x3)**(sqrt(x4 + sin(x5)) + sin(x2*cos(x3) - ((x1**log(x0))**x8)**x6) - 0.728456)))**(((sin(x1**log(x0))**x2)**x2)**x2)))))**2)**x7',0.0056623763094754,2093056,feynman_I_9_18,3,96666,9,1024,paper,6,0,1859786275,0.0056623755954205,0.005522468161641614,0.014817351329235692
600.0075644629542,'x0*x1/(x5*(sqrt(sqrt(0.572773**(((sqrt(x3) + (0.604244**(sqrt(x3)*sin(cos(0.688133*x7*log(exp(x2*sqrt(x8)))))) + 0.724445)**2)/sin(sqrt(x3))**3 + sin(x2))*sin(x7))) + sin(log(0.880357*x7*(x2**2 + x8)*log(exp(x2*sqrt(x8)))/(1.29028 + sin(x6 + log(((x2**2 + sqrt(x4*x8))/(0.931882*sin(1.29028*x3 + 1.17188) + 1.29028))**1.0731))/x6)))) + sin(log(x6*x7*(x4**2 + sqrt(x8))/sqrt(x3)))))',0.0010056673285382,1400832,feynman_I_9_18,4,96666,9,1024,paper,6,0,3687649985,0.0010056679602712,0.0009489478247949442,0.014789527987376061
600.0840118608903,'0.108453*x0**(x2/(2*(cos(-sqrt(x0) + cos(0.936408**(x7**2))**cos(x6) + 0.423374)**exp(0.386974*x7) + cos(sin(x1 - 0.455319)) - 1.13721))) - 0.108453*x3 - 0.114233*x5 + 0.983606*exp(0.489044*((-0.0338001*((cos(sin(cos(x2) + cos(x6) - 0.949398))**x4)**x1)**x8 - 0.031945)*cos(cos(x1) + cos(x8) - 0.676843) + cos(sqrt(cos(sin(x4 - 0.493341))))**(x7**2) + cos(sqrt(cos(sin(cos(x2**x8) + cos(x6) - 0.292937))))**(x7**2))*exp(0.46883*x7)) - 0.0932148',0.0012298482107048,2852864,feynman_I_9_18,5,96666,9,1024,paper,6,0,369133708,0.0012298501096665,0.0013037688760536568,0.01602824928895986
600.0212827250361,'cos(sqrt(sqrt(-1.40018*x1 + x3) + 0.315868020057678/((x2 - 0.477334)*(((0.315868*x0*x2 - 0.315868*log(x7))*log(x0) + 0.925396)*((x2**3*x8**2*(x8**2*(sqrt(x2) + 1.38904*sin(x5))*log(x0) - 0.310991)*log(x0)*cos(sin(x7)) + cos(x3 + x8*(0.388717*x2*log(x6) + log(x4)) - cos(x7)*cos(sin(x7))))*log(x4)*log(x6) + 0.731105) - cos(sqrt(sqrt(-1.00652*x2 + x3) + 0.315868020057678/((0.68969053030014*x2 - 0.310991)*(x1*x2 - 0.477334))))))))',0.0019595222154777,7959552,feynman_I_9_18,7,96666,9,1024,paper,6,0,865305066,0.0019595257472246,0.0019987864101792354,0.014732629314869248
600.2050070490222,'(x5/sqrt(x1**x0) + 1/(x4*(log(x6)**4/(((((x0**0.795781*x2)**(2*x8**x4) - 0.875238)**cos(x3))**log(x0)/log(x1))**(x1**x4))**(4*log(x2)) + log(x1)**2/0.351307**(2*x2/cos(x5)))**0.222375*sqrt((x2 - (log(x3) - 0.854764)**(log(x0)**2/((x3**4*(log(x7) - 0.974461)**4*log(x0)**2/((1.89731*x8**x1)**x8*((x1**1.22772/x3)**(x5**x1))**(log(x5)/2)))**(x2/x6**cos(x3)))**0.259781))**2)))**(-0.795781)',0.0019117335870826,1092608,feynman_I_9_18,6,96666,9,1024,paper,6,0,2995172877,0.0019117301562801,0.002078856305272078,0.01533065279517718
600.0108355709817,'(x0 + x6)*exp(x0/x3)*cos(sin(x1 + x2 - cos(sin(x5 - exp((sqrt(x8**(exp(x2)*cos(x2 - cos(x4 - cos(0.158314*x2**x3))))) + (x0 - exp(x3 - x8))/x4**(x7*cos(sin(-x1 + x2 + x3))))/(x3*(x5 - x6)))))))/(x7**2*cos(sin(sin(sin(sin(log((x8**(x7*(-x2 + cos(sin(x5 - exp((x6 + (x7 - exp(-x1 + x3))/((x0 + exp(x1/x2**exp(x1)))*cos(0.0917062*x4**x7)))/(x4*x7*cos(sin(x1 - x5)))))))))**(0.0495669*x4**x7)))))))**2)',0.0014402187090978,3013632,feynman_I_9_18,8,96666,9,1024,paper,6,0,404488628,0.001440217369236,0.0014641235203473192,0.015012825799930097
600.0202853260562,'sqrt(((sqrt(x2) - sin(sin(sin(sin(sin(0.896656*cos((x7 + 0.419522)/log(x3*x4))**2/(sqrt(exp(-x5 + x8*(x0 - 0.757714)**1.15764)) + exp((exp(sin(x0/x1**cos(x7)))**(-0.649191) - 0.33888)**2))**2))))))**2/x1**cos(x7))**1.15764*(x0 + log(x2/x1**cos(x5 + 0.33888)) + sin(cos(x5)*cos((x3**log(log(x6))*x8 + x8)**cos(x3))**2/(sqrt(exp(-x3 + 0.33888*x8*cos(sqrt(exp(-x3 + x6/(x8 + 0.274183)**cos(x3))))**2/(x1*(x0 - 0.87555)))) + 0.274183)**2)))*exp(-x3/2)',0.0009265942174562,1568768,feynman_I_9_18,9,96666,9,1024,paper,6,0,2261209995,0.000926595646888,0.0008849379138152565,0.015217626240730182
600.0225313929841,'0.074573*x0*sqrt(x1)*sqrt(x2)*sqrt(x8)*sqrt(x2*x6*sqrt(x1*sqrt(sqrt(x1)*sqrt(sqrt(x1) + sin(sin(x3)))*(0.543684*log(0.834348*log(log(x5)))**2 + 0.543684*sin(x3)**4)*sin(0.666423*x5))*(0.543684*sqrt(sqrt(x1) + sin(x7))*(x1 + x4)*sin(0.543684*sqrt(log(0.875417*log(log(x5)))**2) + 0.543684*sin(sin(sin(sin(sin(x7)))))) + 0.543684*sin(sqrt(log(log(log(x5)))**2))))*sin(0.543684*x3))*sin(0.543684*x3)*sin(0.543684*x7)*sin(0.517293*x4 + 0.281244)',0.0002006722391632,1989632,feynman_I_9_18,10,96666,9,1024,paper,6,0,4190266092,0.0002006717695621,0.0001797582383883073,0.014635842225690015
600.1269086999819,'x1*cos(sin(log(-x2*cos(sin(x0**x8 + cos(sin(x2**x4))))/x5 + (sqrt(x3)*sin((x0/x4 + 0.212797)/x0) - 0.198124*exp(sin(exp(sin(x0**x6 - 1.24718)) - 1.24718)) + 0.650859)*sin(sqrt(exp(sqrt(x0**x8)) + cos(x2**x6)**2)) + 0.606784) - sin(sin(0.884206*x5) - (sqrt(x7) + 0.437611)*sin((0.954079 + x2*cos(sqrt((x0**x8)**x4 + exp(sqrt(x6**x8)))*sin(sin(x3 - 1.24718)))/x0)/sqrt((x6**x0)**(x2**(x8**x4)/2)))/x2)/x2))/x7',0.00277030907922,2166784,feynman_I_9_18,11,96666,9,1024,paper,6,0,3160032368,0.0027703077066689,0.002659306449927319,0.014869279065905265
600.1621313330252,'sqrt(0.641424*sqrt(exp(x6*(x0 - exp(-0.431116/x3))*(x1 - exp(-0.445729/x3))*sin(cos(x7))**2)) + 0.641424*(sin(x0**0.641424) + x8**(2*cos(sin(x3))**2)*(x1 + x5)**2/x5**3)**4*exp(2*x4)/(x7**4*x8**(2*sin(sqrt(x6*(x2 + x5))))*(x5 + x8)**2)) - cos(cos(cos(0.217703**((cos(x2 - (x0 - x1 + exp(sin(sin(sin(x3)))))/x5)**2)**(sin(x4)**(-0.997176)))*exp(-cos(sin(exp(cos(sin(sqrt(x8**(x0 - exp(cos(x5)/x2**3)))*exp(x1/2))))))) - x2)))',0.0013426625673399,1619968,feynman_I_9_18,12,96666,9,1024,paper,6,0,3269070126,0.001342661678791,0.0014093502346421316,0.01584463092513179
600.2661039049271,'exp(-(cos(log(((0.154992*x5)**(cos(x3)**2)/x1)**(cos((x5*exp(-x2 - x4*exp((-x7*cos(log(x1))**2 - 0.656177639961243)*exp(-x4)) + cos((0.154992*x0**2)**(((0.154992*x5)**(x1**2)/x1)**(cos(x3)**32)/x1))))**(cos(sqrt(x6)/(-x2 + x4**(-1.1876) - (x8**x4)**(x8**x4)))**2)/x8)**2)))**(sqrt(x6)*exp(x6)*sin(0.810932*x7*cos(cos(sin(cos(log(x8))))**2))))**(log(x0**2)**(x0**sin(log(x0**2))))/x1**(1/8))*cos(sin(cos(log(x2))))**2',0.0017295294781833,847872,feynman_I_9_18,13,96666,9,1024,paper,6,0,3081541439,0.001729528652504,0.0018468430399775151,0.014927283218609012
600.0061775888316,'log(x0)**(1/4)/(x7 - sqrt(((log(x1)**(-x4*log(x8 + cos(cos(x7 + 0.874542))) + x5 - x6 - log(x0 + x1*x8 - 0.801811) + 1.1112))**(sqrt(x1 - log(x2)**(-x2*sqrt(x4) + x5))))**(sqrt(x5 - sqrt(x8) - log(x6 + cos(x1 - cos(x1 - cos(sqrt(x7) - cos(x6 - (-x2*log(x7) + x5)**x1))))) - log(log(x4)) - log(log(x6)**(x5 - x8*log(x4**2))) - cos(x4*(x1*x8 - 1.1112) + x6*cos(log(cos(log(x5)))) + x7)))) - sin((-x1 + x3 - log(log(x2)))**sin(x2)))',0.0012810166224521,5483520,feynman_I_9_18,14,96666,9,1024,paper,6,0,3376120482,0.0012810110347345,0.001275965385999485,0.014799631512220067
600.078799881041,'1.18021**(x6*((x1**(sqrt(x0)))**(1.18021**(sqrt(x0)))*sin(log(0.283385805920351*x8*(sqrt(x0) - cos((1.18021**(x0**(exp(cos(x1))*exp(cos(x2)))))**((1.18021**x0*exp(sin(x7)))**x7*log(x2)**2 - cos(x5*sin(log(-0.318711*x4*(sqrt(x0) - cos(x2**(0.315421*x1**x6 - cos(x6))))*cos(x7)/x5))**2 - cos((x2*exp(sin(x7)))**x7/x3)))))/x3))**2 - cos((x2*sin(log(0.258685526247514*x4*(sqrt(x0) - cos(x1))/x3))**2)**x5/x5)))/x5',0.0029603615810173,2440192,feynman_I_9_18,15,96666,9,1024,paper,6,0,2204291346,0.0029603620059788,0.002978212292537693,0.015664712928069403
600.0760161119979,'(log(x2**(log((x1 + log(x8)**2 + 0.561526)**(x0 - sin(log(x6) - 0.841186)**2)) + sin(sin(sin(sin(sin(log(x0)))))) - 0.313451)) + cos(log((x1 + log(x0))**(log(x8**(cos(sin(2*x5)) - 0.324698)) + log((log((x1 + log(x0)**2)**(x4 - 0.105429)) + 0.0982518)**sin(x2)) + log((log(x1**0.313451) + log(x8**(log(x6) + sin(sin(sin(sin(sin(sin(log(x6) - 0.841186)))))) + cos(sin(x4 - x7 + sin(x7) + 0.841185927391052)) - 0.324698)) + cos(sin(2*x5)))**exp(sin(x7))) - sin(x7)**2)) - 0.815207))/x3',0.001261222993715,1055744,feynman_I_9_18,16,96666,9,1024,paper,6,0,550243861,0.0012612227583304,0.001187673686054069,0.014634600315693866
600.042709450936,'0.306226*sqrt(x2**(x1**(sqrt(1.49414*x5 - 1.49414*x5**sin(x5 + x7))))*((x7**(-1.10457) + (x6**(x8**x4) + (((x8 + log((x1 + (x2**x2 + ((1.58218*x5 + x7 - 1.58218*Abs(x0)**(2*sin(x5 + x7)))**x4 + cos(3.77381*x1))*exp(x2)/(x7*sqrt(x2**(x1**(x2**log(x0**(x1**(sqrt(1.79285*x5 - 1.79285*x5**sin(x5 + x7))))))))))**(x0/2))/(x3 + sin(sin(sin(x5 + x7))))))**x1)**(x6**0.23957))**1.102)**(x0/2))/(1.52179*x3 - 1.52179*(x6**x4)**(x7**(-0.948287))))**1.102/x5)',0.0006526466795501,4493312,feynman_I_9_18,17,96666,9,1024,paper,6,0,3606691181,0.0006526459474116,0.0005906737773212262,0.014101770833050569
600.2087134569883,'log(sqrt(sqrt(x1*x2)*sqrt((-cos(cos(x3))**x8 + 0.281083822250366/log(log(x7)))**(1/4)*exp(sqrt(x0) - cos(log((x0*sqrt(x0*log(sqrt(x8)))*sqrt(x0*x2*x6**3*(2.88975*x0 - 2.88975*cos(cos(x3*(x4*log(x7))**(1/4)))**(x0**2))*(2.82994*x2 - 2.82994*log(log(x3)**2))*log(sqrt(sqrt(x1)*x4))/(x3*log(x3)**2))*(1/(x3**0.894633*log(log(x5))) - cos(cos(sin(x8)))**x2))**(1/4)*Abs(x1)**(1/4)*Abs(x4)**(3/4)*sqrt(Abs(x6))*Abs(x8)**(1/4)))))))',0.0013155353795502,1894400,feynman_I_9_18,18,96666,9,1024,paper,6,0,1934392872,0.0013155334163457,0.001195880865836655,0.015063915797645318
600.0742311009672,'0.306500838522581*x4*(-0.701728*cos((((cos(log(x2) + cos(0.383241*x3))**x1)**x4)**1.22778)**x6) - 0.701728*cos(cos(log(x0) + log(x8))**x6)**2)*cos(log(x0) + log(x2))**sin(sin(-x1 + (cos(cos(x5 + log(x0)) + 0.0538779)**(x6 + sin(x3)))**x4 + log(0.383241*x3)))/(-x4 - Abs(sin(sin(x7)))**(2*x1 - 2*cos(cos(((cos(x1 - 1.22778)**(2*sin(sin(x5)) + 1.22778))**30.376)**(x0 + sin(x3)) - log(x0) - log(x2) + cos(log(x0) + log(x2)))) - 0.311333) - 0.480692386627197/x6)',0.0012883541559278,2972672,feynman_I_9_18,19,96666,9,1024,paper,6,0,2148995112,0.0012883541639894,0.0012695158752576736,0.015360077705745646
600.0115220500156,'(log(x0 + x2*(log(x2)**((-x1**2*x6**2*(-x6**2 + x3/x1)/x7 + x7)**(2*log(((x7/x4)**log(x3/x1))**(2*log(x2*x7/x3))/x6**2))) + cos(0.559501*(x5 - log(x5)**(1/4))**cos(x7*log(x2)**((x3 - (-x4 + x7)/x2)**(2*log(((x7/x8)**log(x7/x1))**(1.10868*x7/x8)/x6**2)))/(x1*x6*(-x4 + x3/x1)))/x1))/x3)**((x3/x8)**(2*log(x3/x1))) + cos((-0.554341*x4 + 0.554341*x7)/x2))/x5',0.0014656939594892,1307648,feynman_I_9_18,20,96666,9,1024,paper,6,0,1592565386,0.0014656599378213,0.00148505325902049,0.015862985259919183
600.0493560249452,'cos((x8 + (x1 + sin(4.19794*x4))*log(x6))**(-0.127817) + (cos((x2 - 0.1829)**(-0.127817) + (cos(exp(sin(exp(sin(sin(sin(exp(sin(sqrt(x5))**(-0.748768*x2 + 0.871361*log(x1) + 1.20816))))**((-1.6447*log(x1) - 0.392022)*sin(0.949877*exp(0.410998*x1)))/x3)))**((x2 + 0.182209*x4*x8 - 0.148285*(x5 + 4.19794*exp(sin(x1 - 0.1829)**2))*cos(x0))*sin(x7 + cos(x5))))) + 0.336868)**2) + cos(exp(0.985544**(-2.97461*x1*(2*x2 - 1.22878*log(x1) - 0.608014)*cos(x0)))))**2)',0.0020820840816032,3257344,feynman_I_9_18,21,96666,9,1024,paper,6,0,784044718,0.0020820850040763,0.002382409818093171,0.0158306143559567
600.3515241798013,'cos(sqrt(sqrt(sqrt(cos(sqrt(x8/x5))/(sqrt(0.255434**(3.21167016029358 - 2*x4)*Abs(x1)**(2*x3*sin(x3*cos(sqrt(x8/x5)))**2)/(-x2 + x7) + sin(0.750662*x3)**2)*(cos(sin(x8))**(3.66576464934792 - 2.28278*x6)*Abs(x0)**(2*sin(x8))/(x3*cos(sin(x3*cos(sqrt(x8/x0**2)))))**0.332728 + sin(x5*cos(sqrt(x8/x5))))))/x1)/sqrt(x2 + cos(x2 + Abs(x0)**(1.43715/cos(sqrt(x1/(x0**2*cos(sin(x5*cos(sqrt(x8/x3)))))))))/(-x2 + x7))))**x7',0.0010927113101115,1142784,feynman_I_9_18,22,96666,9,1024,paper,6,0,3980425317,0.0010932248551398,0.0010488249401613375,0.015228248065534996
600.5541606480256,'0.101223*sqrt(x4*x8*(x2 - 0.637177)*sqrt(sqrt(x2) + x6**2 - log(x3))*sin(sqrt(log(-x4*sin(x5) + x7**2 - (1.92551*sin(x3) + 1.16931)*(x3 + x6 + log(x5**2)*sin(x5) - 1.38763) - 2*sin(x5) + sin(sqrt((-(0.813384*sin(sin(sin(sin(sin(sin(sin(sin(x5)))))))) + 1.17798)*(sqrt(x4) + x7 - 1.17797613143921) - sin(x3) + 0.0234992504119873)**2)))**2)))*Abs(x0)*Abs(x1)',0.0003392037259324,806912,feynman_I_9_18,23,96666,9,1024,paper,6,0,3356806661,0.0003392042126506,0.0003087955177460268,0.015540393043957254
600.6260296171531,'0.171559*x0/cos(0.292721*x8 + cos(exp(cos(sqrt(log(x1)) + sin(sin(x2 + sin(log(exp(-sin(exp(cos(sin(log(0.355995*exp(-x7 - sin(0.67332*exp(x4/2 + sin(0.321007*x6**2)/2)))))**4))) - Abs(cos(x3)))*sin(sin(sqrt(exp(x2**(1/8) + sin(log(0.414197*exp(-x2 - x5 - sin(x2 + sqrt(exp(sqrt(sqrt(x2)*sin(sqrt(x8*log(x4)))*cos(x3)**32 + x4 - 0.791069) + sin(sin(sin(sin(log(x6**2))**2)))))))))))))))))))))',0.0045256460530986,824320,feynman_I_9_18,24,96666,9,1024,paper,6,0,2765379632,0.0045256549492478,0.004316903950306369,0.014239798552733782
600.0214648589026,'0.182736*x0*x1*cos(cos(cos(x2 + 0.6052*cos(x3*(cos(sin(exp(x7/4)))*cos(cos(x5)) + 0.358627) - x8) + 0.6052*cos(cos(x8 + sin(x4 + 0.801101) + cos(x6))))/cos(0.599341*cos(x5*((0.191951*cos(sqrt(x2)) + 0.191951*cos(x6) + 0.390483)*exp(cos(x4))*cos(sin(cos(sqrt(0.358627200126648 - log(sqrt(x4)))) + cos(x6 - x7*(0.822301*sqrt(cos(sqrt(x2))) + cos(cos(x3))*cos(cos(x8 + 0.599341)))))) + cos(sin(x8 + 0.599341))*cos(cos(sin(x7)*sin(x8 + cos(cos(x5)))))) - x8) + 0.599341*cos(cos(x2 + 0.822301)))))',0.001842294839437,8647680,feynman_I_9_18,26,96666,9,1024,paper,6,0,3533734220,0.001842294819653,0.0018421824711197733,0.01514501969743175
600.0984373860992,'0.629878*x0*sqrt(1/(x7*(-0.629542*sqrt((x4*sqrt(x6))**x4/x5) + 1.33572*sin(log(x7)*sin(0.793505*log(x5) - 0.0819383) - 0.0818466)/0.582644**cos(sin(x4)))))*sqrt(-0.15658*(x3*x5*x7*(x6 - sin(log((-0.15658 + (log(x3)*sqrt(cos(sin(x6))) - 0.0819383)*log(x7)/x6)/(x2 - 0.15658) - 0.15658)))**(x3*log(x7)*sin(sin(sqrt(x6))))/(x4*(x7 + cos(x4*x8**2))))**(1/4) + (x2 - log(0.16606 + (0.793505*log(x5) - 0.0852739)/x6) - 0.15658)**x8)*Abs(x1)/x3',0.0002095370304795,4159488,feynman_I_9_18,27,96666,9,1024,paper,6,0,2342600226,0.0002095365634886,0.00021842965473014485,0.014836311234937583
600.3138158849906,'0.106703081211956*x1*x2*exp(exp(x6/2)/32)/(sqrt(1/(x0*x4))*sqrt(sqrt((log(log(x5))**4*log(cos(0.0762682*x3**2/x0))**2/sqrt(x8/x6))**(1/4)/x0)/x6)*Abs(x3)**(3/8)*Abs(x5)**(1/8)*Abs(x7)**(1/8)*Abs(x3 - x8)**(1/8)*sqrt(Abs(x7 - x8)))',0.0002367226821245,1020928,feynman_I_9_18,28,96666,9,1024,paper,6,0,1904449481,0.0002367226843489,0.0002439610561987056,0.015601323771341614
600.1336419240106,'x0*(0.635605627928125*sqrt(x1)*x2*sin(x4**0.629854)*sin(sqrt(x8))*cos(sin(sin(sin(x7))))/x5 + 0.156398)**2',0.0031261996116013,7383040,feynman_I_9_18,0,96666,9,2048,paper,4,0,3324115916,0.003126198425889,0.0031596615575747397,0.01500963479960869
600.0188558860682,'((sin(x1 - 0.276451)*sin(sin(0.462916/log(x5*exp(cos(log(log(x2*log(x0 - cos(x1 - 0.276451) + 2.71819)**(sqrt(x2*x6 + x4)) + x8 + sqrt(x0 + x6*(x0 - sin(x3 + sqrt(2)*sqrt(x7))) - cos(x4) - cos(-x0 + x3 + sqrt(x5 + x7))) - exp(cos(x5)) - 0.792218)**(sqrt(x4 + x8 + (x0 - sin(x7 + exp(sin(x1))))*log(x4 + exp(cos(x3 + x7)))**(sqrt(x6*x7 + (x0 - sin(x0))**cos(x5))) + sqrt(x1 + (1.15538*x7 + 1.15538*exp(x6))*sin(x0)))))))))))**1.04135)**1.04135',0.0004771448537603,6786048,feynman_I_9_18,29,96666,9,1024,paper,6,0,1934709049,0.000477153196698,0.0004213728044238573,0.015377541590021202
600.004679200938,'sin(0.333151*sqrt(x6)*sqrt(x8)*(x0*sqrt(sin(sin(exp(sin(x7))))) - 0.106848)*(x1*x2 + sin(sin(x3)))/x5)',0.0014487636633337,20252672,feynman_I_9_18,1,96666,9,2048,paper,4,0,2811363264,0.00144876295235,0.0013462615374591387,0.014787830527591556
600.0047238238622,'11.5541*x2*cos(sin(x0 + 3.25401*x1**(x4*sin(sqrt(x6))/x5)))/(x3*x5*x7)',0.003063570059736,18544640,feynman_I_9_18,2,96666,9,2048,paper,4,0,1884968544,0.0030635704752057,0.003361862072332459,0.01578906201855131
600.0542313861661,'exp(-x1**cos(x7) - 1/x2**1.17012 + ((x0**x4)**(-sin(x6 - (x5**1.00841)**1.00841)))**sin(x7 - x8)/x3) - 0.118638',0.0022952613823556,16588800,feynman_I_9_18,3,96666,9,2048,paper,4,0,1859786275,0.0022952556610107,0.002263803416669928,0.014817351329235692
600.0049812309444,'sin(exp(cos(log(x0))))/(x7*cos(x1*sqrt(x2)/(x5*cos(log(x4))*cos(log(x6))))*cos(log(x2))*cos(log(x8)))',0.0032765906535915,19124224,feynman_I_9_18,4,96666,9,2048,paper,4,0,3687649985,0.0032765858341008,0.0030985185753061987,0.014789527987376061
600.0980796681251,'(x2 + log(x8) - cos(x0 - cos(x1)))*exp(-sqrt(x5 + cos(x3 + cos(log(x4**2)**2)) + cos(x6 + sin(x7))))',0.0015320018648487,12457984,feynman_I_9_18,5,96666,9,2048,paper,4,0,369133708,0.0015320017701014,0.0016760988454558841,0.01602824928895986
600.0772435041144,'x1*(x2/(-x5 + log(x4**1.16472*(sqrt(x2)*x8 + x6 - exp(-0.953927*sin(x7)))))**2 + log(x0))/x3',0.0023540209855174,7839744,feynman_I_9_18,6,96666,9,2048,paper,4,0,2995172877,0.0023540197871625,0.0022960223121421836,0.01533065279517718
600.1036318140104,'(0.420462/x4)**log(log(x5 - log(x7**log(x7**log(x8*log(x1)))))/x2)/(x3 - log(x6**2*log(x0)))',0.0024975255857804,12668928,feynman_I_9_18,7,96666,9,2048,paper,4,0,865305066,0.0024975228589028,0.002618493255145612,0.014732629314869248
600.1147495161276,'0.986416*x0*x1*x2/(0.636495**(x6*(x8 - sin(sin(x7))**2)/2)*x3*x5*sqrt(x7)*sqrt(1/x4))',0.0002191850626301,8921088,feynman_I_9_18,8,96666,9,2048,paper,4,0,404488628,0.0002191850944655,0.00020542014065544277,0.015012825799930097
600.1459281148855,'(-0.169168*x0 - 0.177187*x2 - 0.126334*x4 - 0.126334*log(x8)**2 + 0.126334*x5/(x1*x6))**2',0.0033171340044796,3551232,feynman_I_9_18,9,96666,9,2048,paper,4,0,2261209995,0.0033171309623867,0.003326154493355373,0.015217626240730182
600.0213750810362,'x1*sqrt(x2 - sin(2.91047*0.284174**x3*exp(x6 + x8) + x0**x2) + 0.17297)*exp(-sqrt(x7 - log(x4)))',0.0023117825990706,18671616,feynman_I_9_18,10,96666,9,2048,paper,4,0,4190266092,0.0023117824457585,0.002020945672970304,0.014635842225690015
600.1365225969348,'log(sqrt(x0 + x1 + log(sin(x5*cos(sin(sqrt(x6))))) + cos(x2)**2 + cos((x3/(x4*x8*log(x2)))**(1/4))))**2',0.0043420038187487,4798464,feynman_I_9_18,11,96666,9,2048,paper,4,0,3160032368,0.0043419944122433,0.004151511579102512,0.014869279065905265
600.038342113141,'exp(x1**x8*cos(exp(cos(cos(x3 + x5)) + 0.902580738067627/x1))/(-x7 - 0.902580738067627))*exp(-cos(sin(x7/x0)) - 1.13574290275574/x2)',0.0036263049689857,19478528,feynman_I_9_18,12,96666,9,2048,paper,4,0,3269070126,0.0036263051442801,0.003815331962232458,0.01584463092513179
600.0260074578691,'(x0 - cos(x2**2*(-x1 + 0.864731*sqrt(x1*sqrt(x3/x6)/x4))))**cos(cos(log(x0**(x8*cos(x5)))))/x7',0.0032427401733766,7577600,feynman_I_9_18,13,96666,9,2048,paper,4,0,3081541439,0.0032427373807877,0.0031798120115969376,0.014927283218609012
600.1890426110476,'0.0759236*x1**x2 + 0.0759236*x4 + 0.0759236*x8 - 0.0759236*log(sqrt(x3*x7/x0))**4 + 0.0759236*log((x2 + log(x6) - 0.560157656669617)**2) + 0.0759236*sin(x5)',0.0025980908643862,3637248,feynman_I_9_18,14,96666,9,2048,paper,4,0,3376120482,0.0025980928912758,0.0025122572012154978,0.014799631512220067
600.0249197978992,'x1*exp(-exp(cos(log(x0 + x2 + sin(x5) + exp(-cos(x2*exp(-sin((x6 + x8)*cos(Abs(sin(x3)))))))*log(x4)))))',0.0032628390252126,9664512,feynman_I_9_18,15,96666,9,2048,paper,4,0,2204291346,0.0032628409098833,0.003209857724726722,0.015664712928069403
600.0078305362258,'x0/(x3 + (x5 + exp(2*cos(x7 + exp(2*cos(x1)))) + sin(1.28563*x4**2))*exp(-0.308763*x2**(x1 + x6)))',0.0038383640686956,3713024,feynman_I_9_18,16,96666,9,2048,paper,4,0,550243861,0.0038383645005524,0.0037890938447677075,0.014634600315693866
600.007894952083,'sqrt((x0*x1)**(x2 + exp((-x4*x8 + x5)*cos(x7 - (x2**x4)**(1/4)))))*exp(-2.11598*cos(log(x6)**2))',0.0028606273927025,5588992,feynman_I_9_18,17,96666,9,2048,paper,4,0,3606691181,0.0028606294654309,0.0026030673080828935,0.014101770833050569
600.0503158159554,'(x2/(x3 + x5/x6))**(2.15874 - x0**(sqrt(x4)*x8**0.69201/2 - (0.69201*exp(cos(x1)))**(x2*x6)/2))',0.0031816188629184,18163712,feynman_I_9_18,18,96666,9,2048,paper,4,0,1934392872,0.0031816165428608,0.0031128938072717055,0.015063915797645318
600.0457101541106,'(x0/(2*x3 - x4 - cos((x6 + x8*sin(sqrt(x4)))**(4/x7**0.871322))) + 0.407256*x1*x2/x5)**2',0.0009890335406172,3225600,feynman_I_9_18,19,96666,9,2048,paper,4,0,2148995112,0.0009890329092741,0.00096305062072441,0.015360077705745646
600.0594997669104,'sqrt(log(x1**2 + sqrt(x4**2 + x8**2))**x6 - 0.668896)*exp(-2.55571/(x0*x2)**0.85497)',0.0040724755624224,3684352,feynman_I_9_18,20,96666,9,2048,paper,4,0,1592565386,0.0040724771097302,0.004078711601950126,0.015862985259919183
600.0408371670637,'(0.450866*sqrt(x1*cos(sin(sin(x7))/cos(x5))))**exp(x2**(-0.734439*x0*x4 - 0.734439*x0*x8 + x3 - x6))',0.0026008303411194,19308544,feynman_I_9_18,21,96666,9,2048,paper,4,0,784044718,0.0026008277200162,0.0028949413534139126,0.0158306143559567
600.0383160861675,'x1/(x5 - log(cos(x0 + x2*x8/x3 + 0.12595*x4)**4) + 2*cos(x2) + cos(x4) + cos(x6))',0.0022616843174198,6066176,feynman_I_9_18,22,96666,9,2048,paper,4,0,3980425317,0.0022616803180426,0.002296152176207207,0.015228248065534996
600.0962570530828,'sqrt(x2 - sqrt(((log(sqrt(x5))/x4**x2)**(x0**2))**(x6**2/4)))*sqrt((x1/x7)**(x3 + cos(x0*x8)))',0.0025951864135173,4489216,feynman_I_9_18,23,96666,9,2048,paper,4,0,3356806661,0.0025951857678592,0.002592094877940097,0.015540393043957254
600.0293706099037,'x0/(0.996039**exp(exp(x6)) + x7 - log((0.885597705841064 - x1)**2/sin(log(x3))) + cos(x2**2*(sqrt(x4) - 0.573461) - cos(x8)))',0.0035458804826106,3999744,feynman_I_9_18,24,96666,9,2048,paper,4,0,2765379632,0.0035458770580589,0.0032989089504813565,0.014239798552733782
600.0116080630105,'sin(sin(0.132028*x0*(((((x2**x8)**(x4/2))**x1)**(0.609816*cos(x3)))**x1)**(x6*cos(x7)/2)))',0.0027568262826941,17131520,feynman_I_9_18,25,96666,9,2048,paper,4,0,1728356533,0.002756823785603,0.0027124322155126657,0.014249937449243672
600.0995135628618,'0.421834*x2*sqrt((-exp(0.143741*x0) + exp(log(x4)*cos(x3))**((x6/x7)**(x5 - x8)))**2)*Abs(x1)',0.0019192049742043,4460544,feynman_I_9_18,26,96666,9,2048,paper,4,0,3533734220,0.0019192204345017,0.001928944152629332,0.01514501969743175
600.0156947630458,'x7**(x3*(x1 - exp(cos(cos(log(x7)))))/(x4 + x8)**x0)*sin(exp(sin(x5)) + log(x6))/sqrt(x3/x2**2)',0.0016406270048321,7229440,feynman_I_9_18,27,96666,9,2048,paper,4,0,2342600226,0.0016406262293457,0.0016011429159071542,0.014836311234937583
600.1416973930318,'log(sqrt(exp(0.484861*x0*x1*x2*exp(-x3/2 + x6/2)*sqrt(log(x8*(x4 + 0.181552))))))',0.0026294363189075,6535168,feynman_I_9_18,28,96666,9,2048,paper,4,0,1904449481,0.0026294325944036,0.0026297836259234772,0.015601323771341614
600.2449844619259,'-0.0835554*x4**2*cos(x2 + sin(x0 + 8.61263)**2) + 0.0835554*x8 + 0.0835554*log(x1**(x6**2)) + 0.0835554*sin(x3 - 0.660721)',0.0038642961319833,3473408,feynman_I_9_18,29,96666,9,2048,paper,4,0,1934709049,0.003864295547828,0.003935568982766338,0.015377541590021202
600.0088148629293,'0.195603*sqrt(log(3.61550814723378*x0*exp(log(sin(sin(log(5.70421176135286*x0*x1)))/x4)/(1.06469047486541*x6*sqrt(1/((sqrt(1/x4)*log(x6)/x1)**0.180899*sin(cos(x8/x3)**2))) - x7))/((0.100884222711159*sqrt(x8/(x2**4*x6*(x0/(1.13542/Abs(x2)**0.754674 - 0.0791322))**(3.00154*x0)*(x0/sin(log(6.36115032132265*x1*x2*sin(x1))))**x1)))**log(0.583537*x2)*log(x5)*sin(log(5.61392414071546*x0*x1)))))',0.0042008515082145,3909632,feynman_I_9_18,0,96666,9,2048,paper,6,0,3324115916,0.0042008431628346,0.0041401707442864175,0.01500963479960869
600.4925344230141,'log(cos(log(x2**(1/4))**cos((cos(cos(x6/x3)/x0)**(x7 + cos(-x1**2/x5 + x4**(x8/log(x1/x5))*log(x3)*log(x7)**2 + x8*(-x6 + cos(x2/x3)**8))))**cos(x8/x5) + cos(exp(-cos(exp(x1)))*log(cos(log(x3)))*cos(x5 + exp(cos(sin(0.616686*x2)/(cos(x8/x3)**8/(x1*x8))**(0.427467465400696/x3))/0.64289**cos(x4**2*cos(x7 + cos(log(log(x0))/x3)/x6)))))/x0) - 1.00506973266602/x0) + 0.427467)',0.0066928454852995,1714176,feynman_I_9_18,1,96666,9,2048,paper,6,0,2811363264,0.0066928355954587,0.0064752963702028755,0.014787830527591556
600.0254741229583,'(sqrt(x2) - (0.319545140167467/x1**2)**((-1.58628522740443*(-x1 + cos(0.616738021373749/x0))*sin(cos(sin(sin(x5)))*cos(sin(sin(sin(x5)))))*Abs(x0)**0.954654 + log(x6) + sin(x1*(-0.149828**(log(x8)/x1) + log(x4**(cos(sin(x5))**2)) + 0.380365787008007*(cos(x7)**2/x0**2)**x4/x0**2)))/x7) + (x2 + x6 - (-x5**(cos(log(x6))/2) + log((x2*x8)**(x4**x1)) + sin(x5) - Abs(sin(x7))**(2*cos(sin(x7))))*cos(1.25618*sqrt(x3*x6)) + cos(sin(x3))*cos(sin(x7)))*log(x0)/x7)/x3',0.0007590749641359,1581056,feynman_I_9_18,2,96666,9,2048,paper,6,0,1884968544,0.0007590752211399,0.0008912136863109202,0.01578906201855131
600.7308733919635,'x2*sqrt(x6*sin(1.08809*sqrt(x8)*exp(-0.394675*x3))**2/x7)*Abs(x0)/sqrt(exp(exp((2*sin(sqrt(x5)))**(4.311*x1*sin(3.17062*sqrt(x4/x7)*Abs(x1))**2*sin(9.74509*x1*exp(-0.394675*x7)*exp(-0.394675*cos(sqrt(x5)*log(x5))**2))**2/x5))**(exp(exp(-0.394675*x7))*exp(-cos(sqrt(x4*exp(-sin(sin(sin(sin(sqrt(x5**(2*sin(x1)))*Abs(x1)))))))))*sin(3.17062*sqrt(x4/x5)*Abs(x1))/2)))',0.0005113591524608,1024000,feynman_I_9_18,3,96666,9,2048,paper,6,0,1859786275,0.0005113558145239,0.0005185450416151569,0.014817351329235692
600.0477431530599,'x2*(x6*(cos(2.15679/(-x1*(-0.019942*x0**2*sin(x3) - 0.132323*x0)*exp(x1) + sin(x0))) + 0.59397)/(x5 + cos(x0)/(0.0466087*x0*x6 + 0.298122644424438)) + cos(0.298123*x7))/(x3 + (sin(0.132323*x1*x4*exp(x8) + x1) + cos(x0 + 0.150707*x4*exp(x8)*sin(x5))**2 + 1.85392/((x8*sin(x3) + (x4 - log(cos(0.293726*x7)))**2)*sin(cos(0.293726*x7))**2*cos(sin(sin(sin(x5))))**2))/(0.132323*x0*x1*exp(x8) + 0.272778153419495))',0.0003238554276794,2258944,feynman_I_9_18,4,96666,9,2048,paper,6,0,3687649985,0.0003238547360524,0.000270795304079314,0.014789527987376061
600.0220385040157,'x2/(x3 + exp(sqrt(x3**(-1.21685*log(x0)**exp(x8**2) + 1.21685*log(x4 + x6)) + (log(exp(x1)/log(x7))**log(exp(x0**log(exp(x6)/log(x0)))))**log(exp(x4)/sqrt(log(log(x5))))))**(-1.1224*log(exp(x0**log(x1*x8))/sqrt(x5))**log(log(x7**2*log(log(x3) + log(x5))**2)) + 1.1224*log(x3**(-1.1224*log(exp(x1)/sqrt(x7))**0.708728 + 1.1224*log(-log(x0)**exp(x1) + log(x5*x7*(exp(x0**log(x8**2)*x1)**sin(x4 + x6) + log(log(x7)))))) + 1.3409)))',0.0016802817684231,3555328,feynman_I_9_18,5,96666,9,2048,paper,6,0,369133708,0.0016802819445729,0.0019512484040052087,0.01602824928895986
600.2151195639744,'sin(x1*x2*(x2 + sqrt(x8) - exp(-x1*x4*x8*exp(3*cos(log(x3)))*cos(log(x3))*cos(log(Abs(x7))))*log(Abs(x7))/x1)*sqrt(sin(0.341993*x0*x4*x6*(x0 + sqrt(sin(sin(x4*log(Abs(x7))))) - sin(x0)/x1)*cos(log(x5)/x0)/x7))*cos(exp(-0.212893*x0*x6*x8*exp(x1*x4**2*x8*cos(log(x3))/x5)/x5)*log(x3))/(x5*x7)) + 0.115779',0.0003390229711659,5945344,feynman_I_9_18,6,96666,9,2048,paper,6,0,2995172877,0.0003390240599401,0.0003387098269498199,0.01533065279517718
600.1072644609958,'sin(x1)*sin(sin(x0**2*x2*(1.20016*x1*(0.768105387687683 - sin(x0 - sqrt(x4) + x6**(-x0 + x8**(-exp(x8*sin(x3 - 1.13764)) + exp(-1.03787*x0*sin(x1 + x7 + x8)))))) + x1)/x7**2))*cos(sin(sin(1.28641*x5*sin(x1)*cos(sin(x0*(0.773505568504333 - sin(exp(sin(x7/x0)*cos(x1*x2/(exp(sin(x8)) + exp(sin(x3 - 0.996354))))/x6**0.780161)*sin(0.307446**sin(x3 - 1.09696))*sin(x6)*cos(sqrt(x4) - x8**(x2**(-1.09258) - sqrt(x1 + x5*sin(x6))))))*sin(x1))))))',0.0007104943327732,4540416,feynman_I_9_18,7,96666,9,2048,paper,6,0,865305066,0.0007104960386641,0.0008204888088585274,0.014732629314869248
600.0010618767701,'-0.44503*x2*(0.765451**(x6/2)*sqrt(1/x1) - sin(cos(0.943885862827301/(x7 - 1.2517))) - cos(cos(x7**cos(cos(cos((sqrt(exp((x3 - 1.10083)*(-x5 + (sqrt(exp((-x3 + 1.15857773097098*(1/(-x6 + x7))**0.655646 + log(x4)**(-x1 + x7) + 0.919575)*exp(cos(x6)))) + log(x0))**x8 + 2.50822*exp(0.703334**(-x0 + x7) + 0.703334**log(x4) - x3) + log(x1) + log(x4)**log(x8)))) + log(x8))**(x3 - (sqrt(exp(0.84375**(x0**x5) - x5 + sin(x8) + (-x0 + x7)/x4)) + log(x0))**x4 - sin(x8))))))) + 0.607397317886353/(x0 + log(x4)))',0.0007520517672288,8935424,feynman_I_9_18,8,96666,9,2048,paper,6,0,404488628,0.0007520512444898,0.0006798981585819537,0.015012825799930097
600.4758808400948,'sqrt(x1)*sqrt(x0*sqrt(x1)*x4*sqrt(x6)*x8/(log(x5)**3*log(x7)**3))*cos(x1**(x6/(-0.0474543*x3**x6 - 0.21784*x5 + 0.0474543*sin(exp(x6)) + 0.0474543*sin(exp(sqrt(x0)*x2/log(x3)))))*log(x3**4)/(x3**x0*sqrt(log(x5**4)/(x1**(0.885472*exp(x2/2))*x3**x0*cos(x1**(0.152999*x5 - 0.152999*x5**x0) + cos(x2))**(1/4)))) + cos(x2))/x3',0.0004110637697202,2058240,feynman_I_9_18,9,96666,9,2048,paper,6,0,2261209995,0.0004110638401471,0.0003899960221754266,0.015217626240730182
600.0286363868508,'sin(sin((x0 + x8)/(x7 - log(x2 + log(x4) + log(x0 + x1) - sin(x2 + x3 + 1.09246) - 0.280476450920105)**2*sin((x0 + x2)/(x3 + cos(log(2*x1) - 0.280476450920105)))**2 - sin(x5) + sin(x6 + log(x4) + log(x1 + x2) - 0.112019300460815) - sin(sin(log(x2 + log(x1 + cos(x5)**4) + log(log(x4) + log(x2 + x6) - 0.280476450920105) - sin(x3 + x8 + sin(x8)) - 0.304621934890747)**2*sin((x0 + x2)/(x3 + cos(sin(x0))))**2)) + cos(log(2*x1) - 0.280476450920105) + 0.56095290184021))*sin(log(x1 + x2)))**2',0.0005962414678003,2568192,feynman_I_9_18,10,96666,9,2048,paper,6,0,4190266092,0.0005962412687949,0.0005190999851815101,0.014635842225690015
600.0284991960507,'cos(sqrt(0.234705**(x7**x0) - 0.0958531*x1**2 + 0.155735*x5 - 0.0598822*(x1 + (log(x6) + log(x8))**x2)**x4 + log(x7) - 0.0958531*log(-0.130945*x1**2 - 0.26189*x5 + 0.130945*x7 + sqrt((x2**(x2**2))**(log(x4) + log(x6))) + 1.3661*log(x6)**x2 + 0.130945*log(exp((x2**(x2**2))**(log(x1) + log(x6))))) + (0.0550865**(x4**(1/4) + (-(x3 - x7)*log(x5) + log(x1)**log(x8))/log(x3)) - 0.0958531*x0**2 + 0.0958531*x3 - 0.0958531*x8)/x2**cos(x1**2)) + 0.234705209732056/x2**x0)',0.000852908404616,1112064,feynman_I_9_18,11,96666,9,2048,paper,6,0,3160032368,0.0008529095211997,0.0007998195123463161,0.014869279065905265
600.2200752969366,'0.772987604141235/(-1.10983*((-x5 + log(x0) + 0.833798)*log(x3) + log(x0*x8) - cos(0.269074*x2 - 1.06208*(-x5 + log(x5) + cos(cos(x1 - sin(sin(sin(sin(sin(x5))))))))*cos(exp(sin(x2)))**2)/sqrt(x1))*cos(cos(x6 - x7 + cos(cos(x0)))) - 1.10983*log(x4) + 1.10983*sin(exp(x1/2))**2 + cos(x2) + 0.586108463441974 + cos(x1 - sin(exp(x1))/(-(sqrt(x1)*(-x5 + log(x0) + cos(-x3 + x4 + sin(exp(x1/2)))) + log(x6*x8) - 0.855125*sin(exp(x1))/x1)*cos(cos(x0 - cos(x2) + 0.833798)) + 0.253345727920532))/(x0*x4))',0.0008758538804799,3809280,feynman_I_9_18,12,96666,9,2048,paper,6,0,3269070126,0.0008758536423556,0.0009997497982711227,0.01584463092513179
600.0856206179596,'sin(x0 - 1/(x1 + log(x2**log(-x0 + x7)) + sin(log(log(log((x8**cos(log(x5)))**cos(log(cos(log(x3))))) + cos(sin(x0 - 0.0856972))) + cos(log(x5)) + cos(sin(x0 - cos(log(x3)))))) + cos(sin(x0 - log(x6))))**0.646558)/(-0.532109*x1/cos(sin(0.456427*(-x2 + 2*x7 + log(-x1 + x7))**log(x6))*cos(x3)**2) + sqrt(-8.01333*x2 + 8.01333*x7 - 1.60236*(-9.01333*x2 + 9.01333*x7 - 8.01333*cos(0.784834*x4 - 0.784834*x7))**log((x8 + cos(log(cos(log(x5)))))**log(x4))))',0.0009792700079714,5136384,feynman_I_9_18,13,96666,9,2048,paper,6,0,3081541439,0.0009792695054784,0.001010442430639571,0.014927283218609012
600.6674256450497,'x0/(x7 + log(log(log(sqrt(x2**log(sqrt(x2**(sqrt(x2**x2)))))) + 0.28955/log(sqrt(x2**sin(log(x2**sin(log(x6**0.148198/sin(x1) + sin(x2 + sin(x3)**2)/log(x5/x6 + sin(x3)**2/log(x4)))**2)/sin(x8 + 0.326851) + (x4 + log(x4) + log(x1 + log(x4)))/x5)**2))))/log(x1) + (x0/log(log(x4)) + x5/log(x1))*(x5**(sin(x5)**2)/log(sqrt(x1 + log(x4))) + sin(x3)**2/(log(x1**0.148198)*log(x4)))/x2**exp(x6*x8)))',0.0014450869859648,1607680,feynman_I_9_18,14,96666,9,2048,paper,6,0,3376120482,0.0014450830640271,0.001421605687700437,0.014799631512220067
600.4689747388475,'x0/(-0.747996**cos(cos(x4*x6 - 0.747995853424072))*exp(exp(cos(x4*x6)))/x3 - x1*sin(sin(sqrt(x4*x8/(x5*cos(cos(x4*x6 - 0.609645247459412))))*(sin(x2) + sin(x3))/((x5 - sin(x7))*cos(cos(x5))))) - x2**2*sin(0.177318*sqrt(x1)*x8/cos(cos(x5))) + x7 + (exp(2*x4*x6 - 2.46595*x5) - 0.72474)**2 + exp(exp(cos(x4*x6))) + log(x1/x3)**2 + log(0.177318*x1**2*x2**2*sin(0.177318*x6*x8/cos(cos(x5 - sin(x7)))))**2)',0.0004472889065772,1288192,feynman_I_9_18,15,96666,9,2048,paper,6,0,2204291346,0.0004472884756978,0.00044706698096821067,0.015664712928069403
600.3707598499022,'x2/sqrt(-2*x1 + x3*sin(x7)**2 + 2.49799*x3/((0.138285*x0 + 0.138285*cos(cos(x7 - sqrt(x1 - cos(x8 - cos(x3**sin(x3)))))))**2*(x6 + (x5 - 2*sin(x5))**sin(x5))*log(x1 + x4**2 + log(x1 + cos(x4)) - cos(x1 - sqrt(cos(x1 - sqrt(Abs(cos(x1)))/sqrt(Abs(x4))))) - cos(x8 - cos(x3)/x7))) - 2*x8 + cos(x0 - exp(x0)) + cos(x1 - cos(x0 - cos(x8)) - cos(x8 - cos(-x1 + x7 + log(x5) - sin(x3) + 1.23187017440796)) + 0.615738749504089))',0.0004837661439792,1796096,feynman_I_9_18,16,96666,9,2048,paper,6,0,550243861,0.0004837607266381,0.00045525622164101735,0.014634600315693866
600.1420839510392,'sin(x1*x2*sqrt(sqrt(x4)*sqrt(x6)*sqrt(x0 - (x0 - 1/x7**0.227818 + x7 - 0.227818*x7*exp(sqrt(x6))/(-1/x3**0.227818 - x4 + x7**(-0.227818) + x7 - 0.227818*x7/(-sqrt(x0) + x3) - (0.370972**(-x1 + x3)*x2/sqrt(-x2 + x5) + x6)*log(x8)/sqrt(-x1 + x5) + 0.756222009658813/x0)**2 + x8**(-x0 + log(x5)**(x5/2)) - (x0 + x0**x5*log(x6))*log(x8) - x2**(1/8)/x0)/x7)/x7)/(x3*sqrt(-x0 + x5)))',0.0003066893561734,5238784,feynman_I_9_18,17,96666,9,2048,paper,6,0,3606691181,0.0003066894423682,0.00033524339044972967,0.014101770833050569
601.4395743929781,'sqrt(x1*sqrt(x1*x6*(x2*x8**2 + sqrt(x4*cos(2*sin(x3))))*(x2**2 - 0.817342281341553 + x4*x6*x8/x3**2)/x3**2)*(x1 + x4)*(x0**2 - cos((-sin(sqrt(x7) - 0.0507843494415283) + cos(sqrt((x0*x8 + sqrt(2)*sqrt(x4))*sin(x4*x6*(x2**2 - sin(-1.43404*sqrt(x2**2 - 2*sin(x7) - cos(sqrt(x0))) + sin(x3) + sin(x5)) - cos(x6))/x3**2))))**2) + 0.792529)/x7**2)/x5',0.0001616091163881,706560,feynman_I_9_18,18,96666,9,2048,paper,6,0,1934392872,0.0001616090739844,0.0001438170355901969,0.015063915797645318
600.0712407140527,'0.554396*x0*sqrt(x6)/(-x2*sin(x4**(x1**(-1.28133)))*sin((-x2*sin(x2*sin(-x1 + x4**(-1.59625) + x7)) + x3 + (x1 - 0.271559)**(-1.59625) - log(x8))**(x2**(-0.962143))) - x2*sin(-x1 + x5 + 0.32963) + x3 + x4**(-0.481071) - log(x8) - log(x1/cos(x2**(-0.931938))**sin(x2 - x4 + x5)) + sin(cos(sin(-x1 + x2**(-1.86388) + x7))) + cos(log(x8)) + cos(x4**(-0.640667) + x7 + 1.1745)**(-sin(x2*sin(x1 - x5) - 0.930987)))',0.000202362384281,1574912,feynman_I_9_18,19,96666,9,2048,paper,6,0,2148995112,0.0002023621636908,0.0001956086444504354,0.015360077705745646
600.527533830842,'x0*(0.00376592*x2**2*x8*(x1 - 0.683089*sin(1.08245635032654/0.255507**log(x7)))/(cos((x3/x6 - 0.652801)**(-0.54866))**1.68289*cos(sin(cos(x3**1.1541*log(log(1.59865*(x3**(-1.1541) + x5)**(1.59865/(x5 + 0.255507)**1.1541))**2)))**(1/(((log(log(1.57918/(x5 + 0.255507)**1.1541)**2) - sin(sin(0.548660457134247/cos(sin(0.683088541030884 + x3/(x1*x2)))**x6)))**2)**0.864004*Abs(x1)**1.72801*Abs(log(0.521398*exp(x4) + 0.683089))**3.45602)))**2) + 0.191077*cos(x1**(-0.320915)))',0.000795327456399,1110016,feynman_I_9_18,20,96666,9,2048,paper,6,0,1592565386,0.0007953378371894,0.0008112489360023333,0.015862985259919183
601.750121220015,'x1/(log(-x1 - x5 - x8**2 + (x5 + 0.182022*x1*(log(-x7 + (x7 + sin(Abs(x4)*Abs(x6)))**2 - 1.2222) + x5*sin(Abs(x0)*Abs(x4))**2/(x4*(x1 - x3 + x7)) + x3**2/x2**4)**2*sin(x2)**2/x0**2)**2 + sin(x1**2) - 0.949621) + sin(x3 + x7)**4 + (1.17591 + 0.901780311352244*log(-x2**4 + x5 + (x5 + x5/x4 + x5/x2)**2 + x5/x1)*sin(x5 + x7)**2/(x0**2*sqrt(x2)*Abs(sin(x5 + x7))))**2/(x6**2*x8**2))',0.000732268531388,583680,feynman_I_9_18,21,96666,9,2048,paper,6,0,784044718,0.0007322687888517,0.000686406535283822,0.0158306143559567
600.6527701020241,'log(0.224149*x2**2*log(x0)**2/((x5**cos(2.11218*x6*x8/x5))**0.632123*cos(x1/x7 + cos(x0))**(2*(x4**2*exp(-2*cos(x0))*log(x0)**2/(4.46131*0.0727309**(2*log(cos(x1*log(x0))))*x6**2*(0.28808**log(x3**log(x3**log(x3**log(x0))))/x3)**(2*(1.46574*((x6/x7)**(-2.82937*x2**2))**0.0829902*Abs(x8)**0.331961)**log(cos(cos(x0) + 0.316061)))*exp(cos(log(x1)))*exp(cos(log(x6)))/(x4**2*log(x0)**2))**(2*log(cos(cos(x0) + 0.316061))) + 1.18941)**2)) + 1.18941)',0.0031223378044012,1288192,feynman_I_9_18,22,96666,9,2048,paper,6,0,3980425317,0.003122252644971,0.0032226947740563437,0.015228248065534996
600.1776055409573,'0.373858571052551*x1*((((((x0**(sqrt(x2**cos((((x0**log(x5))**sin(sqrt(x0)))**(sqrt(x4)))**((x8*log(-x4 + x7))**(1/4)) - cos(x0*log(x8))))))**(2*cos(cos(x3 - x4))**(1/4)))**(sqrt(x7**cos((((x7**(log(x5)/2))**(cos(cos(x0**2 - sin(x7**(log(x5)/2))))**(1/4)))**(sqrt(x4)))**(cos(cos(cos(x4 - cos(x6**(1/4) - cos(x5 - sqrt(x6))**2)**2)**2))**(1/4)) - cos(cos(x4 - sqrt(x0**2 - Abs(x0))))))/2))**(cos(cos(x4 - x7))**(1/4)))**(sqrt(x4)))**(sqrt(x6*log(x2))))**x8/x3',0.0011952273062885,1394688,feynman_I_9_18,23,96666,9,2048,paper,6,0,3356806661,0.0011952253989875,0.0011197076531931566,0.015540393043957254
601.0685882968828,'x2*sin(sin(0.813472*sqrt(exp(-x3 - ((x0**(2*log(x1**2)) - x7)**2 + 3.82789*(-x7 + x8**(2*sqrt(log(x6))))**2*exp(-x3 + x5) - 21.606*exp(x1)*sin(0.270586*exp(x0)/x5) - exp(x6**(2*sqrt(log(x0)))) - log(log(((x0**(2*log(x1**2)))**(2*log((x4**(2*log(x1**2)))**(sqrt(log(x0))))))**(sqrt(log(x4))))))*sin(sin(sin(sin(sin(sin(0.0733043*1.2562**(x4**2*sin(sqrt(x8))**2 + (x4**(4*log(x1**2))*log(x0)**8 - log(x6))*log(log(x0)))))))))/x7**1.2562))))',0.0005556271275135,843776,feynman_I_9_18,24,96666,9,2048,paper,6,0,2765379632,0.0005767178372479,0.0005316924608637911,0.014239798552733782
600.2592151260469,'sin(sin(5.3977*exp(-cos(x2))*sin(3.39181*sin(sin(sin(sin(sin(sin(0.718223*x1*exp(-cos(x0))/x3))))))/x5)*cos(sin(sqrt(x8) + sin(sin(exp(cos(sin(exp(cos(x2)))))))**2))/(x7*sin(x6*sin(sin(sin(sin(cos(sin(sin(sin(sin(sin(sin(sin(x3))))))))**2)**2))) + sqrt(x8))*sqrt(sin(exp(x6*sin(sin(sin(3.39804*sin(1.85682*x1/(x5*x6))/x7))))))*sqrt(sin(exp(sqrt(x4*sin(cos(x5)**2))*sin(sin(sin(sqrt(x8)*cos(x4))))))))))',0.0006337810622639,2183168,feynman_I_9_18,26,96666,9,2048,paper,6,0,3533734220,0.0006337789236567,0.0006078846820512977,0.01514501969743175
601.5948232549708,'sqrt(log(cos(x0/(x5/x8 + sqrt(log(0.952026**(2*log(1/((exp(log(x7/x1)**4) + 0.236004)*cos(1.71089/(x5 + 0.224046))**(0.530231*x7)))))) + log(x3**2/x6**2) + log(x5/x4)**2))**(2*log(sqrt(log(0.952026**(2*log(1/((exp(log(x7/x1)**4) + 0.236004)*cos(1.71089/(x7 + 0.236004))**(0.530231*x7)))))))/(log(cos(sqrt(log(x3**2/x6**2)**2)/(x2 + exp(sqrt(exp(cos(log((x5 + log(x3/x2)**8)/x1)))))))**(-1.06046*log(x5**2/x4**2)**2)) + x3/x2**2))))',0.0002845049588379,665600,feynman_I_9_18,25,96666,9,2048,paper,6,0,1728356533,0.0002845061535481,0.00025226066152081705,0.014249937449243672
600.3280806839466,'x0/(x7*(sqrt(exp(((sqrt(exp(log(x4)*cos(x7)**2/(((log(x6)**(log(log(x6)**2)**2) + cos(x2) + cos(x8) + 1.06632)**(-0.986255) + log(log(x6)**2))**2*cos(cos(log(x1)**(log(log(x1)**2)**4)))))) + cos(exp(cos(x6))))**(-sqrt(x4) + cos(x2) - cos(exp(-sin(x8*sin(0.970387*sin(x3)))))) + sqrt(exp(cos(exp(sqrt(x5 - 0.559255599975586*exp(x2*sin(0.970387*x3)))) - cos(cos(x1)))/cos(sin(sin(exp(sin(sin(sin(x6/x8)))))) - cos(x2)))))*(sin(x4**cos(x3)) + cos(x2) + 0.0299889)/x8)) + cos(x1)))',0.0013607998112444,1763328,feynman_I_9_18,27,96666,9,2048,paper,6,0,2342600226,0.0013607994187623,0.001185354114966084,0.014836311234937583
600.5347643911373,'((x5/x8 + sin(1.67643*x2*log(1.10923*x4 + 1.57255/sin(0.612927/(x4*x6*(sin(x0*log(2*x1 + log(0.664369*x1)))/(sin(log(x7))*sin(log(2*x8))))**0.62696/x3)**0.62696))*sin(sqrt(x2*log(x5) + x8))))*(log(x7 + 0.620209/((x6/(x7*sin(1.20492*x2)))**1.25392*sin(log(x0 + x1 + x3/(x7*x8*(x6**2 + 2*x8))) + sin(x3))))/sin(x2) + sin(sin(sin(x0 + x1))))**2)**(-0.62696) + 0.00453711',0.000665788634489,1550336,feynman_I_9_18,28,96666,9,2048,paper,6,0,1904449481,0.0006657887133769,0.0007298163889194528,0.015601323771341614
600.1483802339062,'x2*log(1.13777*x0**(1/4))/(((-0.188123*x4*x6**2*sin(x1/(-(x4 - 0.688048)*log(log(log(x3))**cos(x1 - 0.426589*sin(log(x3) - 0.445639252662659))) + sin(sin(x3*sin(sqrt(x0) + 0.135724782943726))) + 1.23202705383301) - exp(x1) + 0.360054) - x6 - sin(x5*sin(x4 + sin(sin(sin(x7*sin(cos(0.264349**((x4 - 0.692603)*(sin(exp(x1/2)) + 0.284375*sin(sin(exp(x8)))))) + 0.135724782943726)))) + 0.360054)))/log(0.263614**(log(log(x3)) + sin(exp(x8/2)))))**cos(x5 + 0.482304*cos(x6 - sin(sqrt(exp(x1) + sin(x7))))) + 0.284375)',0.0008193628504058,3639296,feynman_I_9_18,29,96666,9,2048,paper,6,0,1934709049,0.0008193625253625,0.0008147363019447846,0.015377541590021202
600.150006074924,'(sqrt(x0**2 + x4 + x8 + cos(exp(x2))) - exp(-0.178412*x6 + cos(cos(sin(sin(x7))))))/(-x1 + x5 + 1.04532)',0.0032516764240171,4976640,feynman_I_9_18,0,96666,9,4096,paper,4,0,3324115916,0.003251674817875,0.003179678620413567,0.01500963479960869
600.0802290190477,'log((x1 + x6/x3)**(x2/x3))*cos(sin(x5))*cos(sin(x7 + 0.125531))/cos(log(x8)**(1/4) - cos(sqrt(x0)))**2',0.0024684173152399,7159808,feynman_I_9_18,1,96666,9,4096,paper,4,0,2811363264,0.0024684141390025,0.002345831401637029,0.014787830527591556
600.5837744078599,'x2/((x8**cos(x3))**(x8**4) + cos(x4) + cos(x6) + 2.23834394332326*x5/(x0*x1*sin(cos(x7)**2)))',0.0022014996687535,3493888,feynman_I_9_18,2,96666,9,4096,paper,4,0,1884968544,0.0022014991845935,0.002178286075791517,0.01578906201855131
600.0793688090052,'x0/(x7 + sin(exp(exp(0.789411544799805/x1))) - cos(x2 + x4*x8*(x1 + sqrt(x2))/x5 + x6) + x3/x2)',0.0026526017460499,16461824,feynman_I_9_18,3,96666,9,4096,paper,4,0,1859786275,0.002652600640431,0.002654327743707375,0.014817351329235692
600.3191196059342,'x2*(0.669934*x1*(0.0853019*x0 + 0.0853019*log(x8)**2) + 1.1526*x1*x4*x6**2*(0.0853019*x0 + 0.0853019*sin(x7))/x3**2)',0.0019955060603041,5832704,feynman_I_9_18,4,96666,9,4096,paper,4,0,3687649985,0.0019955022726207,0.0019508257989099722,0.014789527987376061
600.0112038529478,'x1/(x3*(exp(cos(log(x2 + exp(x5**(x8**2/x5**2 - 1.22125267982483/x4)) - 1.22125))) + sin(log(log(x7**cos(sqrt(x0)))))))',0.0031680298732159,8425472,feynman_I_9_18,5,96666,9,4096,paper,4,0,369133708,0.0031680287793278,0.0033493726070289564,0.01602824928895986
600.0482553751208,'sin(log(x1) + log(x2))/(-x4 + x5 + x7 - log(x5) - log(x0**2 + log((0.722338*x6**x8)**x8)) - 0.763619)',0.0027969969132072,7720960,feynman_I_9_18,6,96666,9,4096,paper,4,0,2995172877,0.0027969952207058,0.0028418653108450314,0.01533065279517718
600.4364073320758,'0.0951556*x2*(-0.706252**x3*x0**2*(x1 - x8*(x4 - cos(x6))*cos(x7)**2)*exp(sin(x5)) + x1**x0)',0.0022910030710522,7024640,feynman_I_9_18,7,96666,9,4096,paper,4,0,865305066,0.0022910020779818,0.002372510739115376,0.014732629314869248
600.0190585339442,'0.233429*(x0**x2*(x4**x6)**log(x8)/log(x3)**2)**0.725376*Abs(x1)*Abs(cos(cos(cos(x5) + 0.23391)))**1.45075',0.0027300729269496,3739648,feynman_I_9_18,8,96666,9,4096,paper,4,0,404488628,0.0027300703804939,0.002782776656478431,0.015012825799930097
600.2896576649509,'sqrt(x0*sqrt(x4*sqrt(x8**(x0*x2*x4)))/x5**2)*exp(sin(x3)/4)*log(sqrt(x1**(x2*x6) + x2))',0.0018156905604697,7643136,feynman_I_9_18,9,96666,9,4096,paper,4,0,2261209995,0.0018156898440793,0.0017707441630030049,0.015217626240730182
600.0193417859264,'(-cos(x1**(x4*x6/x5)) + (x0 + x2 - 1.25912)/sqrt(x5 - 0.890761*x8))/(x7 + sin(0.352222*x1 - x3))',0.0010398628194516,18173952,feynman_I_9_18,10,96666,9,4096,paper,4,0,4190266092,0.0010398627491667,0.0010345441774527349,0.014635842225690015
600.0005037020892,'(sqrt(x1) + 0.0895406*x8*(x0 - 0.896386))**2*(x2**(x6/2 + x8/2)*(x0 + x4 - 1.24753) + x6)/(sqrt(x3) + x7)**2',0.0018538749707082,7118848,feynman_I_9_18,11,96666,9,4096,paper,4,0,3160032368,0.0018538731383159,0.0019164640871586725,0.014869279065905265
600.3388180339243,'x2*log(x1 + (x4 + x6**4*log(x4)**2 - x6 + (x6*x8 + sin(x5))**2)**log(x0)/x7)/x3',0.0029711824054672,3526656,feynman_I_9_18,12,96666,9,4096,paper,4,0,3269070126,0.0029711821116507,0.003299280991456734,0.01584463092513179
600.1901592670474,'x0*x1*x2/(x3*(-x4 + x5 + x7 + sin(cos(x5)) - x6*x8/sqrt(x3)))',0.0002108192685518,6467584,feynman_I_9_18,13,96666,9,4096,paper,4,0,3081541439,0.0002108191984007,0.00021614481295650602,0.014927283218609012
600.0127116669901,'sqrt(x1)*x2**(x0*x6/x3)*cos(x7)/(-1.32527*x5 - 1.32527*cos(0.0831991*x1*x4*x8*exp(x0)))',0.0020051863313385,18255872,feynman_I_9_18,14,96666,9,4096,paper,4,0,3376120482,0.0020051901228725,0.0020476732643878244,0.014799631512220067
600.0063049260061,'x1*x2*sqrt(x0 - 1/x4**0.775553)*exp(-cos(sqrt(x8)))*sin(0.600285*x5)*sin(0.600285*x7)/x3',0.0014913171782765,17862656,feynman_I_9_18,15,96666,9,4096,paper,4,0,2204291346,0.0014913160121068,0.0015535398920754823,0.015664712928069403
600.0846122431103,'x1*exp(-cos(x0)/2)*exp(-cos(x2))*cos(cos(sqrt(x3)) + sin(x5)/x6**((x8**x4)**x4))/x7**1.20611',0.0037389438127313,6717440,feynman_I_9_18,16,96666,9,4096,paper,4,0,550243861,0.0037389434874057,0.003679555962142887,0.014634600315693866
600.2440637440886,'x0*x1*x2*sqrt(x4*x8)/(x3*x5*x7*sin(sin(cos(x6**(1/4))))*cos(cos(log(x5))**2))',0.0002348315637055,10616832,feynman_I_9_18,17,96666,9,4096,paper,4,0,3606691181,0.0002348319685552,0.00022481024339337605,0.014101770833050569
600.0195351808798,'x1*(x2 - 0.230225)*(-1.06005954742432*x0*exp(-x6)*exp(-sqrt(x8) - 1.06005954742432/x5)/x4 + sin(0.4777*x0/x7))',0.0027614122604222,18358272,feynman_I_9_18,18,96666,9,4096,paper,4,0,1934392872,0.0027614128775894,0.0026404742967943173,0.015063915797645318
600.202610348817,'0.195328*x0*x1*log(x2 + log(x4 + cos((0.483469*x7)**log(x4 + log(x2*x3*sin(sin(x5))**2 + x2)))))',0.0036711505289156,8724480,feynman_I_9_18,19,96666,9,4096,paper,4,0,2148995112,0.0036711446009576,0.0036949475824725807,0.015360077705745646
600.0725852230098,'sqrt(x8)*sqrt(x6*(x4 - 0.744277*cos(x0))/x5)*log(exp(log(x2)/x5)*exp(x0*x1/(x3*x7)))',0.0014041460363918,18284544,feynman_I_9_18,20,96666,9,4096,paper,4,0,1592565386,0.0014041456161066,0.0014736731714598927,0.015862985259919183
600.2050351609942,'(x0 - 0.546745)*(x4 + x8 - sin(x0 - 0.681276)**2)**0.927004*(x1 + log(x2) - 0.485339 + x6**2/x3**2)/x5**2',0.0032101025887182,4505600,feynman_I_9_18,21,96666,9,4096,paper,4,0,784044718,0.0032101010438054,0.0033332805940108,0.0158306143559567
600.0061950350646,'((x2**x1)**(x8/2))**(x0/2)/(-x1 + x3 + x5 + x7 - (x6 - 0.00506282)**x4 - 2*log(x0) - 1.26019)',0.0016025761884641,18292736,feynman_I_9_18,22,96666,9,4096,paper,4,0,3980425317,0.0016025757649913,0.001598096882447412,0.015228248065534996
600.1013574299868,'x1*x2*(x6/x7)**(1/4)*exp(-sqrt(x5/x0))*sqrt(cos(log(x3 - x4)))*sqrt(cos(log(x7 - x8)))',0.0013705578010106,12017664,feynman_I_9_18,23,96666,9,4096,paper,4,0,3356806661,0.0013705563032999,0.0013769125664538947,0.015540393043957254
600.1135243969038,'x0*x1*x2**(sqrt(x6**(sqrt(x4*x8)))/log(x7))*cos(sqrt(log(x3)))/(x5 + 1.19061*x7/(x4*x8))',0.0007950925205023,17362944,feynman_I_9_18,24,96666,9,4096,paper,4,0,2765379632,0.0007950914441607,0.0006936161473429956,0.014239798552733782
600.0186276521999,'0.112156*x1*((x2**sin(sqrt(x3) + cos(sqrt(x5) + x7)**0.210429))**x0)**x6/cos((-log(x8) - 0.633247554302216)/(x4 - x5))',0.0023724037512262,18518016,feynman_I_9_18,25,96666,9,4096,paper,4,0,1728356533,0.002372401766479,0.002527655847218263,0.014249937449243672
600.1970893531106,'-0.0830592*x0*(x7 - (x1 + x2 + sin(sin(sin(sin(log(x4)**x8)))) + x6/x3)**2)*sin(sqrt(x8))**x7/x5',0.0014799601844415,7495680,feynman_I_9_18,26,96666,9,4096,paper,4,0,3533734220,0.0014799586497247,0.0014174808792581115,0.01514501969743175
600.0455492381006,'x0*x2*Abs(x7)**(2*x1**(x4**(0.623379*x6*x8*sin(x1)/log(x5)**x3)/x3) - 4.00933)',0.002065598352154,7598080,feynman_I_9_18,27,96666,9,4096,paper,4,0,2342600226,0.0020655998960137,0.002003451770026295,0.014836311234937583
600.3596059170086,'0.454532039488626*x1*x2/(log((x3 - cos(x3)**4)/x4) + cos(x6) + (-x4 + x5 + x7/x8)/x0)',0.0009197808830186,7237632,feynman_I_9_18,28,96666,9,4096,paper,4,0,1904449481,0.0009197807521559,0.0009528194392809977,0.015601323771341614
600.12729713507,'x2*log((x1 + log((sqrt(x7) + x8)/log(x3)) - sin(sin(sin(x4*x6)))**2)/log(x7/sqrt(x0))**1.23607)/x5',0.0018407055557785,6422528,feynman_I_9_18,29,96666,9,4096,paper,4,0,1934709049,0.0018407054012641,0.0018703579402509622,0.015377541590021202
601.0449933509808,'0.752582**((x3**2/(0.320083**(cos(x2/(cos(x0 + x4*x6 + x6 + log(x8**2)) + 1.05012)**(1/4) + (x0*x1)**sin(x5)) + 0.943836) + x0*x1)**2)**((x0*x1)**(1/4)) + (exp(-0.772121*sqrt(log(x4**(1/4))) + sin(x2*sin(sqrt(x5)*x7)))**(1/4) + cos(0.882345*x2 + sqrt(log(sqrt(x8)))))**x4 + x7*(0.320083*0.0307597**((x1**2*x4**2)**(0.778532*x3*sin(x5))) + 0.320083*exp(sin(x0*x2)) + 0.320083*exp(sin(x1*sqrt(x8 + 0.943836))))/(x6*(x4 + log(sqrt(x8)))))',0.0006612329622482,1703936,feynman_I_9_18,0,96666,9,4096,paper,6,0,3324115916,0.0006612326251342,0.000600547670298131,0.01500963479960869
600.9365919379052,'x1*x2*cos(cos((x4**(2*x0/x7))**(2*x6/(x5 - log(sin(log(x8)**(sin(x5 + x7)/2))))) - cos(sin(x8 - cos(cos(x6*cos(x5 + x7))*cos(cos(x5 + x7 + cos(x6))) - cos(sin(x3)**2))))))*cos(cos(sin(x0 - cos(log((0.79431*x0*x6 + x0 + x8 + (-x5 + 2.39033*x6)*cos(log(exp(x3 - (log(x8) + 0.988756)**2))) - sin(x3)**2)/sqrt((x4**(2*x0/x7))**log(x0)))*cos(sin(sin(x5 + x7))) - sin(exp(log(x8)**(sin(x5 + x7)/2)))))))/x3',0.0005506789224183,1769472,feynman_I_9_18,1,96666,9,4096,paper,6,0,2811363264,0.000550678174477,0.0004679516343907403,0.014787830527591556
600.0742292031646,'2.77668**((sqrt((exp(cos(x5**(sqrt(x2*(0.183642*x0*exp(sin(x3)) + x4**(x6/x4) - x7 - 0.439569*log(x5) + 0.399144)**2)*(sqrt((x6 - 1.02126*exp(cos(x3)))/x5) - 0.994504) + sin(x1/x5) - (-0.319616*exp(sin(x7)) + log(x3))/x5)*(x1/x7 + x8**2))) + exp(cos(x2 - 0.337916731834412)))**(sin(x1/x3) - 1.14063 - 1.0212562084198*exp(cos(x7))/x4**(x4/x2))) - 0.994504)*sqrt((exp(cos(x2 - 0.337916731834412)) + log(x5))**2) + sin(sin(sin(x1/x3) - 0.989038156120841/x0**2)))',0.0005374437624899,1802240,feynman_I_9_18,2,96666,9,4096,paper,6,0,1884968544,0.0005374421598389,0.0006013017672316839,0.01578906201855131
602.4452079189941,'x2/(-x1**2 + x5 + x7 + log(x6**log(log(sqrt(x5 + log(sqrt(x1 + x3**((x1**2 + log(x6**2*exp(-2*x3 + 0.539514*exp(x8))))**2 - 1.09726) - x4 + x8 - sin(x1**2))) - 0.913743))**2/x8**2)) - log(x4**2/(x3 - 0.598915)**2) + log((x5 + (-0.269757*x5 + exp(x7 - 0.269757*exp(x8)))**(2*cos(x0)) - exp(x4**2/(x3 - 0.598915)**2) + sin(x1**2))**(2*cos(x0))) + log(cos(cos(sqrt(x3 - 0.269757*exp(x8))))**8))',0.0007167065698238,696320,feynman_I_9_18,3,96666,9,4096,paper,6,0,1859786275,0.0007167066214606,0.0007663502236829628,0.014817351329235692
600.9256927431561,'log(x0 + (exp(x0 + 3.01048*((cos(0.972868**(0.0557119**(x7**2*exp(4*sin(log(x1)))/(-0.257727*x2 - x8**2)**4 - sqrt(x6 + (1.64676*exp(x6**2*sin(log(x1))**2 - log(x7)**(x8**4/2)/x7))**(2*((x0**4/(x3 - x8**2)**4)**(4*x0))**0.0196415)*sin(x8**2)**2))))**(log(x7)/2))**log(x3))**log(x7)*sin(0.510191*x4))/x3)**(2*0.972868**(0.00860763**(log(x2) - cos(log(x6)))))*sin(sin(log(x1)))**2)**0.626331/x5',0.0019265162341148,868352,feynman_I_9_18,4,96666,9,4096,paper,6,0,3687649985,0.001928926911205,0.0018604094726839013,0.014789527987376061
600.2603167889174,'x0*x1*exp(-exp(x8**(sqrt((x2**x2)**log(x6**exp(exp(x2**x4/x7)**(sin(exp((x3**2*exp(2*cos(x2**x8))*cos(x7)**2*cos(exp(x2**(x2**x4)*sin(sin(sin(sin(sin(sin(sin(sin(sin(x5)))))))))))**2/x7**2 + sin(x6))*exp(sin(x5)))*cos(x3)/x2**x4)**2 + sin(exp(-sin(0.539174*cos(sin(exp(cos(cos(x2**x4))))**log(log(x8**2)/x7))))))/x2)/x7)) + sin(exp(exp(exp(x2**x7*sin(x5)))**cos(x2**x2))))/x7)**cos(x2**x4))/x3',0.0019891957727241,3231744,feynman_I_9_18,5,96666,9,4096,paper,6,0,369133708,0.0019891946576535,0.0019446397334070913,0.01602824928895986
602.7698746018577,'0.180859*x2*(exp(0.810694**(2*cos(x0))) + 1.50339*cos(-0.844198*sqrt((-x3 - 0.779907822608948)**2 - cos(x7)**16 - 1.221644282341) + 0.844198*cos(5.29796*cos((x6 + log(x8**(x8 - 1.22164)) - cos(cos(x5)**16))*cos(x7)**2)/(-x3 - 0.844197988510132)) + 0.159344004663865)/x4**(x6*(exp((log(x1**(x1**(x8 - cos(x6) - 0.779908) - 0.844198)) + cos(x5)**4)*cos(x7)**2) - exp(cos(x8 - cos(x6))/2))*exp(-log(x1**0.283768)**(1/8)/cos(x3)**2)))*log(x1**(0.672495*(x8 - 0.844198)**(1/4)))**(1/4)',0.0010616550206966,974848,feynman_I_9_18,6,96666,9,4096,paper,6,0,2995172877,0.0010616523213684,0.0010981275227496543,0.01533065279517718
600.0233079579193,'(1.0128**log(1.0842 - (x8**cos(sin(x3)))**cos(x8)) + sqrt(x6/x3)*(cos(sin(sin(x7))*cos((1.6044 - log(x2)**0.452686)*cos(log(x0 + x2)))) - cos(cos(sin(sin(sin(x5)))))**log(x2) + sin(x0)/x3) - sin(sin((x0 + exp(0.0127176/((exp(-x4)*cos(cos(x7)))**log(x6)*cos(log(x2 + x8)))))*exp(-0.136743664741516/x8)))**(exp(-0.136743664741516/x1)**log(x3) - cos(cos(sin(x5)))**log(x4) + log(2*x2)/x3))*cos(cos(x1 - sin(cos(exp(sin(x5)))**log(x8))))',0.000588999941819,2142208,feynman_I_9_18,7,96666,9,4096,paper,6,0,865305066,0.0005890107713639,0.0006342711565152101,0.014732629314869248
601.1281910359394,'sqrt(x0*x6/(-1.37926*x8 + 1.37926*log((-x1 + log(x2*cos(x1**cos(x8)) + exp(x8**2/x2**(2*x3))))*cos(exp(cos(x4))) + exp(((0.39279**x8 + exp(-x1 + ((x1*(exp(cos(x2)**2) - sin(x7) + cos(x4)) + log(x3))*exp(-x1) + cos(sqrt(x0) - 0.242345452308655)**x0)**(x1*cos(cos(x5**cos(cos(cos(x6**cos(x8)))))))))**(2*x0) + 0.39279)*(exp(cos(sqrt(x4))) + 0.242345))) + log(x1*x8 + x7**x3 + log(1.18981e-5*cos(sqrt(x6))**4) + sin(x7))))/(x5 + log(cos(sqrt(x2))))',0.0006187997455622,1748992,feynman_I_9_18,8,96666,9,4096,paper,6,0,404488628,0.0006188002880662,0.0006248807376661518,0.015012825799930097
600.4845669278875,'x2*(0.583519**(x3*cos(cos(cos(x3*cos(cos(cos(0.932397*x7/x6))))))) + log(sqrt(x1) + (0.633456*x0)**(x7 - (x0*(x0 - 0.848675))**(x5 - exp(exp(x0 + sqrt(x4))**0.197995/(-0.13865*x0*x6 + x1**(-0.828346848487854)))**0.232332))/(0.197995*x1*x7*cos(x8)/(-1/x5**1.06992 + (-x3 + x6 + x7)**(0.112437*x4 - 0.648434698581696)) + (-x4 + x7)**((-x1 + x3)**(0.230248*x0))) - 0.116105198860168))/x5',0.0007171615350025,2908160,feynman_I_9_18,9,96666,9,4096,paper,6,0,2261209995,0.0007171594188548,0.000713413280439153,0.015217626240730182
601.7679886629339,'sqrt(x2*x8/((0.831298112869263/x6 + (3.37417*x4/(-0.779482*x4/sin(x5) + 0.880414)**2 + (sqrt(x0*x5/(x4*(exp(exp(2*cos(x4))/4)/sin(x3) + 0.88041353225708/x4)**2))*exp(-cos(exp(2*cos(0.779482*x4)))/2) + exp(exp(2*cos(0.855845*x4))/4)/x6 + x7/x2)/x0)/x1)**2*(sqrt((-0.779482*x6 + 0.263515710830688*exp(cos(x4))/(x4*x5) + x7/x0)/x1) + exp(exp(2*cos(0.855845*x4))/4)/x1 + (-1.2829*x2*sin(x7) + x5/x2)/x0)))',0.0002749355570927,1335296,feynman_I_9_18,10,96666,9,4096,paper,6,0,4190266092,0.0002749355626292,0.00022577532783377738,0.014635842225690015
601.41141551896,'(x0**(x2*x6**(0.181163*x0*x3/x7 + 0.181163*x3*x4**2*x6**(-0.18448*x0 - 0.18448*x1/x4 - 0.18448*x3 + 0.18448*x4 + 0.485589*cos(x7)**4)/x0)/x3)*x1*((x1*x2/x3 + x6*x8/x3)**sin(x2))**sin(x4)/x7 + (x0*x8**(0.258866*x4**2 - 0.183436*x8 + 0.183436*sin(x1) - 0.258866*cos(x2**2*x8**2/(x0**2*x3**2))**4 + 0.183436*cos(log(x1**2*x3/(x0**2*x4**2))))/x3 + x2/x7)**x3/x5)/x5',0.0002627729851546,1372160,feynman_I_9_18,11,96666,9,4096,paper,6,0,3160032368,0.0002627728390507,0.00026364161274756347,0.014869279065905265
600.8913809799124,'0.177261*x0*x2*exp(-0.391104*cos((x1 + x8)**2/(x3**2 + (-x4 - 0.618995666503906 + 0.618995666503906*x7*(5.11373*x5*sin(cos(x5 + 1.21488)) + x7**2)*cos(x6 - 0.205269)/(x1**2*(x4 + 0.172944)*(2*x6 - 0.205269)))/cos(sin(0.725567*cos(x3)/sqrt(x3/(x7*(x5**2 + (0.433458805084229 - x4)*cos(sin(1.80929*sin(cos((x1 + x8)**2/(x5**2 + (0.484540581703186 - x7)/x8**x8)))))**(-x3 + x8))))))**x1))/(x1**2/(3.22868*x3*sin(cos(x5 + 1.21488)) + x7**2) + 0.367512))',0.0008559727705452,958464,feynman_I_9_18,12,96666,9,4096,paper,6,0,3269070126,0.0008559731068089,0.0009802284775571,0.01584463092513179
600.2477741769981,'sin(0.160183668136597*x0*x2/log(exp(exp(cos(x1 + exp(-0.479695*(0.264281*x3 - 0.264281*log(x6) + sin(x4))*sin((-2*x1 + x3 - sqrt(x6)*sin(x1/(-x4 + x7))**2/cos(cos(x8 + exp(-sin(sin(0.999544*x5))))))/cos(cos(x8 + (-x4 + x7)**(1/4)))))*log((x6**(1/4) + exp(sin(x7)))/(-x4 + x5))))**(log(exp(sin(x1)) + sin((-2*x1 + x3 - sqrt(x6)*sin(log(x1 + x6 + x8)/(-x4 + x7))**2/cos(cos(0.979135*x5)))/cos(cos(x3))))**2)) + sin(sqrt(x6) + x8)))',0.0008068717259099,3018752,feynman_I_9_18,13,96666,9,4096,paper,6,0,3081541439,0.0008068715105764,0.0008381320390664155,0.014927283218609012
600.0616448121145,'((x2**(x0/2))**(x0/2) - cos(((x8*sqrt(x1 - cos((x4*cos(0.303445*x7 - 0.275567561117583/sqrt((-x3 - 0.527932*sqrt(x4) + cos(x4**(1.03770875930786/sqrt(x1)) - 0.221959590911865/x8**2) + E)**2)))**(-0.278712*x4 - sin(log(cos(x5**0.305511))) + cos(0.0216505*x4**4 + x6**(sqrt(x0)/x1)) + 2.82274))))**(x1 - cos((x6*cos(0.278712*x3 - 0.372189*(x2/x3)**0.278712*(x2**2 + Abs(cos(x8) + 1.03771)**(2*(exp(x7) + exp(exp(x1)))**(1/4)))**0.278712))**x2)))**(x0/4)))/x5',0.0008053364141071,2138112,feynman_I_9_18,14,96666,9,4096,paper,6,0,3376120482,0.0008053356432355,0.000776707429028509,0.014799631512220067
600.0154579179361,'log(sqrt(exp(0.864422*sqrt(x0)*x2*sin(sin(cos(cos(0.299212872982025*(x1**(x0 + 0.180998) + x6**x4 + sqrt(log(x0)))/x7))))**sin(0.819523*sqrt((sin(sin(sin(sin(0.403082*sin(x0)))))**x4/x7)**sin(x5))/(x4*x6**0.944401))/sqrt(x7/(0.243824**cos(x8*sqrt(x3**log(0.541031158995457*sqrt((x6**x4 + sqrt(log(x0)))/x7))))*x1*sqrt(x1*(0.582873*x1*x4/sqrt(sqrt(sin(0.206962**x7/x3)**sin(x3))/x0) + (sin(sin(sin(sin(sin(log(x0))))))**x4/x5)**cos(x0 + 0.1534)/x7)))))))',0.0002410135419587,7708672,feynman_I_9_18,15,96666,9,4096,paper,6,0,2204291346,0.0002410125889582,0.0002500876049046692,0.015664712928069403
600.3325701740105,'x0*exp(x1*log(x6 + cos(log(x3) + cos(x2**cos(cos(x1/sin(log(x7))**2)))) + cos(cos(x5))**sin(x8**2))*cos((x1/x5)**(x1/sin(log(x7))))**((x3 + 0.867632)**2*sin(log(x7) + cos(x1**cos(cos(x8))))**2) - x5 + sqrt(cos((cos(x1) + cos(x8) + cos(x1**cos(sin(x7))/sin(sin(x7) - 0.998413)) + cos(cos(-x5 + log(x7) + cos(x1**cos(cos(x8)))))**x5)*exp(x4**0.49464 - x5 + (x4**x1)**(1/4)))**sin(x4) + cos(log(x7) + cos(x2) + cos(x4))))',0.0005144648889216,3592192,feynman_I_9_18,16,96666,9,4096,paper,6,0,550243861,0.0005144635797478,0.0005319604369680014,0.014634600315693866
601.1763930700254,'x1*(x2 - 0.124966)*(x8*(x0 + sqrt(sin(x7 - 1.24249)))/(((0.48043**(x4**(x6**cos(log(cos(log(x6**2)))) + cos(log(x6**2))**exp(log(x5**2)**2*sin(sin(sin(x3)))))))**sin(sin(0.132474*x0**2.36485*sin(x7 - 1.25675)**2)) + cos(log(x6**2))**exp(x0*sin(sin(x3))))*(23.2057*0.513027**(x4**sin(log(x5**2))) + x8 + ((x2 - log(x0))**1.14586)**1.18242)) + 0.105684)*exp(-cos(sqrt(sin(log(x5**2))**exp(x7*log(sqrt(sin(sin(log(x0)))))*sin(x3)))))',0.0003745461993263,1273856,feynman_I_9_18,17,96666,9,4096,paper,6,0,3606691181,0.0003745461581274,0.00035398632921825073,0.014101770833050569
600.2989018408116,'cos(cos(x2 - sin(x6**log(0.504043*(-0.553222 + cos(-x0 + x5*cos(x8*cos(sin(x6))) + 1.38362)/sqrt(x8*(x2 - log(cos(0.553222*x2*x3)**2))))**2))**cos(x5*cos(0.582886*x3))/(log(log(x6 + cos(cos(cos(x4))**2)))**2)**log((x4 + 0.293153)**(log(0.70758*sqrt((-0.553222 + cos(-x0 + x5*cos(0.578905*x8) + 1.37019)/sqrt(x6*x8))**2))/2))) + 0.169955)/(0.0628353**log(x1**log(sqrt(x0*sqrt(x4 + 0.399481))))*x7)',0.0012262101711908,1265664,feynman_I_9_18,18,96666,9,4096,paper,6,0,1934392872,0.0012262086383998,0.0011244917372693936,0.015063915797645318
601.5775478680152,'log(sqrt(0.0378797*x0**2*x1**2*x2*x6 + sqrt(x2 + sqrt(2.64602*x0**4*x1**4*x6**2*x7*x8**3*(log(sqrt(sqrt(x4**(2*x2)*sqrt(x0*x6**2 + x1**2)*cos(log(x7))**2 + x8) + log(x2 + 2.04774) - 0.807574*sin(sin(sin(sin(sin(x3 + x5))))))) - 0.194627*sin(x3 + x5)**2)**8*sin(sin(x2**(2*x8)*cos(log(x7))**2)) + x4*x8**2*cos(log(x2 + 2.04774))**2)*sqrt(sin(x4**(2*x8)*cos(log(x7))**2))) - 0.194627*sin(x3 + x5)**2))',0.0005249548917651,966656,feynman_I_9_18,19,96666,9,4096,paper,6,0,2148995112,0.0005249560344964,0.0005006993606225709,0.015360077705745646
601.0972938409541,'log(sqrt(log(exp(sqrt((x2**log(sqrt(x1 + sqrt(exp(x4**2 + x6 - sqrt((x8 + 0.267763)/log(exp(exp(-x3 + x8 + exp(-x5 + 2*x6 + cos(1.70578*x7**1.12589) + cos(sin(x5))))))))))))**((x0*(x0 + x1 - sqrt(x3)/sqrt(0.458317*x8**2 + 0.348868) - 1.24395*sqrt(x7) + sqrt(1.0043**(8*exp(-x3 + 2*x6 + x8 + sin(x5) + cos(1.76498*x7**1.12589))))) + x1)*cos(sin(x3))) + 0.267763) + (x0 + sin(sin(x5)))/x7))))',0.0010955023466077,1691648,feynman_I_9_18,20,96666,9,4096,paper,6,0,1592565386,0.0010945562971755,0.0010732905651048962,0.015862985259919183
600.502573570935,'sqrt(log(x1 + log(x4))/(x3**2*cos(sqrt(x2))))*(0.768496*x0 + 0.768496*exp((0.768496*(x1 + x3)/x6**log((x8 + cos(cos(x4) + 1.23872)/x7)**(-1.53443 + cos(cos(x4) - 1.53443)/x7)) + 0.768496*(2*x8 + 2*cos(x7 - x8))/x3)*sqrt(sin(sin(sin(log(x1 + cos(9.03315*log(sin(x0))))*cos(x5 - log(sin(exp(x6**log((x8 + cos(cos(x6 - cos(x1)) + 1.23872)/(-x1 + x7))**(-x0 + cos(x0 - cos(x8))))))))**2/(x3**2*cos(sqrt(x0)))))))/x5))*Abs(sin(x2))/x7',0.0004452456398493,1855488,feynman_I_9_18,21,96666,9,4096,paper,6,0,784044718,0.0004452446009963,0.0004612999218889135,0.0158306143559567
600.6759858799633,'0.00234096*x1**(2*sqrt(0.146698**(sin(sin(cos(x5)))/2)*x4 + cos(0.146698*x1**(sqrt(x0*x0**(sqrt(x0*x4)) + x4*x5))*x8)))*x8**2*(x6**(sqrt(x0*x2 + sin(x3))) + sin(x3) + sin(x7)) + 0.108025*x2*(x0*sqrt(x1**(sqrt(x0*x4 + x0 + x1*x4))*x4**(x6**(sqrt(x2*x8 + sin(x7))) + sin(x7) + sin(sin(sin(x5))))*x8 + cos(0.14721**sin(sin(cos(x3)))))*cos(sin(sin(x5)))**2/(log(x7) - 0.154626))**(x0/x3)',0.0004166168502262,2228224,feynman_I_9_18,22,96666,9,4096,paper,6,0,3980425317,0.0004166154831182,0.0004049793126695261,0.015228248065534996
600.3845888429787,'0.186611*0.70641**(-x1 - log(log(exp(0.186611*x6*(1.2478*log(x5))**(log(log(x1)) - 0.70641*cos(x6*(-x4 + 0.649107*log(x5) + 0.639581*sin(sin(sin(x2**2)))*cos(x2**2)*cos(x5)))/log(sqrt(x3)))))) - sin(x3) + cos(x2**2))*x0*(0.596859*log(x5))**(-sin(sin(log(cos(0.516074*log(sqrt(x3))/((-x4 - 0.162956*log(x5)**2 + 0.70641)*cos(x5)))**4/x7**4) + log(log(exp(0.291102*x2**(x2**4*sin(x2**2)**2/x7**2)))))) + cos(x8*(x2 + x5)/x5))',0.000361458439279,1310720,feynman_I_9_18,23,96666,9,4096,paper,6,0,3356806661,0.0003614551969803,0.0003681818448437849,0.015540393043957254
600.9408597601578,'0.352433*exp(x0*x8*(x5**(x2 - x3 - x6 + (x6**x4*x7/(x8 + log(x4)))**(x1 - x7 + log(x6)) - 0.278637))**0.378812*log(x6**x4*(x1 + (x6**x2*(x1 + sin(sin(sin(sin(sin(sin(sin(sin(sin(x3))))))))) + 0.820223)/(x8 + log(x6**x6/(x4 + 0.113923))**2))**(x1 - x7 + log(x8 + log(x6) + sin(x3)**2)) + 1.00943)/(x8 + 0.258651))) - 0.608994960784912/sqrt(x2*(x0/sqrt(0.113923**log(cos(x7)**4)*x7) + 2*x1))',0.0004004532884271,2121728,feynman_I_9_18,24,96666,9,4096,paper,6,0,2765379632,0.0004004526126664,0.00035870167457644555,0.014239798552733782
600.2932351420168,'log(sqrt(x0) + ((x1*(x1/x5 + 0.100969*(x6/sin(x0**(sqrt(x5)/x3)) + log(x8))**2)*(x2/x5 + 0.100969*(x6/sin((x5/log(x1**(x4**x3)))**0.0564576) + log(x4))**2) + log(exp(x1/x5 + 0.100969*exp(1.27686*x0 - x2/x5)*sin(x5)*cos(x2/x5))**log((x2**x8)**x1)))**1.21111*(x2**x8)**1.21111*exp(1.21111*x1*(x4/x5 + (1.07627964019775 - cos(x0))*sin(x7 - 0.319814085960388)*cos(x0/(-x7 + log(sqrt(x5))))/x1) - 1.21111*x3))**0.319814)**2',0.0006108903915257,1814528,feynman_I_9_18,25,96666,9,4096,paper,6,0,1728356533,0.0006108899833634,0.0006147123401164739,0.014249937449243672
602.2825811400544,'x1*exp(-2*sqrt(cos(log(x0 + x2 - cos(log((x2 - cos(log(1.44722*x5**2*exp(x3)/x6**2.13346 + 12.4561*(0.53389*x3**2*cos(x7) - 1.06673)*exp(-2*(-0.283341*x0 + 0.283341*x7)**2))))/(cos(x4) + cos(sin(exp((0.314971*x5 - 0.314971*x8)**2) + cos(sin(exp((0.314971*x7 - 0.314971*x8)**2) + cos(sin(-x0 + x3 + x7)**2))**2))**2)) + sin(exp((0.283341*x7 - 0.283341*x8)**2) + cos(sin(x7 - x8 + cos(-x0 + x3 + x5))**2))/cos(sin(-x0 + x7 + cos(x3 + x5 - x8)))))))))',0.0019954385763758,1196032,feynman_I_9_18,26,96666,9,4096,paper,6,0,3533734220,0.001995439408347,0.0020635272290697977,0.01514501969743175
601.0341662499122,'(sin(cos((sin(sin(cos((cos(x4) + cos(x6))*exp(-cos(x8)**2))**2)) + cos(x4))/x6))**4/x7**4)**(sqrt((-(log(x0)**4*cos((exp(cos((cos(x1) + cos(x2))*exp(-cos(x8)**2))**2/x2**2) + cos(x4))/x1)**4)**(sqrt((-sqrt(x6) + log(x5**2))**8)*exp(-exp(x8)/2)) + log(x3**2))**2*exp(-x0 - x1 - x2 - cos(exp(cos(x8)**2) - log((sqrt(exp(cos(x0)/2) + cos(sqrt(x6) - log(x5**2))) + cos(sqrt(x6) - log(x5**2)))**2))/x7)))',0.000937094856825,638976,feynman_I_9_18,27,96666,9,4096,paper,6,0,2342600226,0.0009370946791023,0.0008797066412747225,0.014836311234937583
600.4385518690106,'-1.41022*x2*(x1 + 0.111838620744031*x6**2/(cos(1.23744*(-x0/(x0 - x3) + 1.20132398605347)/x7)*cos(sqrt(x4/cos(sin(x1)/x6))*(-x8/(x1 - x3) + cos(cos(-x1 + x3 + x7)))/x7)))/(x4*x6 - x5**2/(sin(sqrt(x8))*sin(x0 + 1.11158*x3/((x0 - x5**2/sqrt(x0 + x4**2/((1.08043*x4**2/((log(sqrt(x4)) + 0.710951)**2*sin(x0*x8*sin(x1)/(x1 - x7) + x0)) + sin(0.832415*x5**2))*cos(x7)**2)))*(log(sqrt(x4)) + 0.710951)))))',0.0003844367429085,1617920,feynman_I_9_18,28,96666,9,4096,paper,6,0,1904449481,0.000384437298635,0.0003835500618520678,0.015601323771341614
600.6817954699509,'sin(sin(0.108963*x0*x2*(x6*(0.237227*x0*(x2*x8*(-cos(x5) + cos(x3 + x7 + sin(exp(x4*sqrt(sin(cos(log(x1))))))**2)) - cos(x5))*(2.04676*x6*(-cos(x3 + x5 + 2*cos(x8) + 0.977005) - 0.480958104133606)*sin(2.65649*sin(x1*sin(sin(2.04676*sin(exp(0.839658*x4))))))*cos(log(x1)) - cos(x7))*sin(exp(x4*sqrt(log(1.07366 - cos(x3)))))*cos(x5)/x1 - cos(x5))*log(x1)**2 - cos(x7))))',0.0013425637592941,2207744,feynman_I_9_18,29,96666,9,4096,paper,6,0,1934709049,0.0013425768120214,0.0012444691480281034,0.015377541590021202
600.5068004028872,'(0.0392344*x0*x1*x2)**((x8/(sqrt(log(x7))*Abs(x5 - x8)))**(-0.15564))*(x4 + x6)/log(x3)',0.0014071816713967,8519680,feynman_I_9_18,0,96666,9,8192,paper,4,0,3324115916,0.0014071812620386,0.0014596152863906755,0.01500963479960869
600.4219240511302,'x0**(0.379629*x4)*x0**(2*log(log(x1 + x6)))*x2*(x1 + x8)/(x5 + x8**sin(exp(sqrt(x3))))**2',0.0020671705651375,4292608,feynman_I_9_18,1,96666,9,8192,paper,4,0,2811363264,0.0020671703387051,0.0020124229335763775,0.014787830527591556
600.1689642020501,'0.536758 - cos(sqrt((x2/log(log(-x1 + x7 + (x5 - x8)**2*exp(-x4*x6) + log(x5) + 0.923372)))**(x0/x3)))',0.0020245030410562,5988352,feynman_I_9_18,2,96666,9,8192,paper,4,0,1884968544,0.0020245024934411,0.0022050480260988855,0.01578906201855131
600.7244624909945,'x0*x1*x2/(x3*(x7 + (-log(x5) + log(x6 + 0.0752888))**4)*cos(x4*x8/x5**2)**8)',0.000635198857475,2449408,feynman_I_9_18,3,96666,9,8192,paper,4,0,1859786275,0.0006351979682222,0.000621266806599522,0.014817351329235692
600.0017760330811,'(1.08791*x1*x6)**((x1/x6 + x4)/x7)*(x8*log(sqrt(x0)) + sin(sin(sin(log(x2)))))/(x3*log(x5))',0.0013851524781472,18759680,feynman_I_9_18,4,96666,9,8192,paper,4,0,3687649985,0.0013851517578586,0.0013301947832501015,0.014789527987376061
600.1689783700276,'x0*x2/((x7 + 0.486166)**exp(-0.444263*x1*x8 + cos(cos(x5)))*(x3 + log(cos(cos(x7))) + cos(x4) + cos(x6)))',0.0009298235581871,19808256,feynman_I_9_18,5,96666,9,8192,paper,4,0,369133708,0.0009298251825384,0.0009709498654326636,0.01602824928895986
600.0718219729606,'x1*exp(-sqrt(x3) + (2*x4 + log(x8))*log(x2)/x7 + x8/(sqrt(x6)*x7))*sin(x0*x6/x5)',0.0008036623229138,18948096,feynman_I_9_18,6,96666,9,8192,paper,4,0,2995172877,0.0008036611252464,0.0007876762182707319,0.01533065279517718
600.0328757460229,'(0.36233**cos(x0) + x4/(x3 + cos(x6**2)))*exp(-exp((x2 - log(x7))*cos(x3)))/(x5 - sqrt(x8) + cos(x1))',0.0018050159041005,8577024,feynman_I_9_18,7,96666,9,8192,paper,4,0,865305066,0.001805015373975,0.0019158856589998846,0.014732629314869248
600.0410629049875,'log((2.02749*x1)**log((1.50314*x0/(log(x5)*cos(sqrt(x4*x6/x7))))**(x2/x3**(1.21821*sqrt(log(x7))))))',0.0014646526337956,19554304,feynman_I_9_18,8,96666,9,8192,paper,4,0,404488628,0.0014646516647189,0.001466391838899888,0.015012825799930097
600.3755715098232,'(x2 + x2*(x6*x8*log(x1)*cos(x3)**2 - cos(x4 - 0.951494))/sqrt(x5))*cos(cos(x0 - 0.842715))/x7',0.0017486225301652,13369344,feynman_I_9_18,9,96666,9,8192,paper,4,0,2261209995,0.0017486209981143,0.0016468418106337153,0.015217626240730182
600.3764163330197,'0.288287*x1*(x0**2 + 1.12604*sin(((x7 - (x6 + log(x8))/(x2 + 0.767226))/x2)**x0))/(x5 + 1.24379980564117/x4)',0.0039732719325489,7675904,feynman_I_9_18,10,96666,9,8192,paper,4,0,4190266092,0.0039732698351144,0.0037621375272718807,0.014635842225690015
600.1035446380265,'x0*x1*x2*x4*exp(-x5/2)/(0.892275**exp(x8)*Abs(x7) + x3*cos(sqrt(x6)))',0.0018257636239077,8183808,feynman_I_9_18,11,96666,9,8192,paper,4,0,3160032368,0.0018257626798003,0.0018856414488207475,0.014869279065905265
600.604782490991,'(cos(exp(exp(-1.16364*x0*x8**log(x6))))**2)**(sqrt(0.707407**cos(x1**(x4 - log(x2)) - x3 + 0.580029) - log(x2)))',0.0038820823511415,6234112,feynman_I_9_18,12,96666,9,8192,paper,4,0,3269070126,0.0038820961490273,0.0044233348337803105,0.01584463092513179
600.1328583071008,'(x1/x3 + x2/x7)**2.10335/(x5 - (x6/0.483189**x4)**(x8/x3)*log(x0) - log(x6)**4)',0.0013530465813492,4726784,feynman_I_9_18,13,96666,9,8192,paper,4,0,3081541439,0.0013530463911592,0.0014582936915904982,0.014927283218609012
600.9745638479944,'0.151049*x0*x1*sqrt(x2**(x4*(x2 + x4)/x7)*x6/x5)*exp(sqrt(x8))/x3',0.0013375255462645,6422528,feynman_I_9_18,14,96666,9,8192,paper,4,0,3376120482,0.0013375268317759,0.0013317985473650013,0.014799631512220067
600.2303766668774,'6.7602*x0*x1*x2*sin(0.38461*sqrt(x4*x6*sqrt(sin(sqrt(x8)))))/(x5*x7*(x3 + cos(x8)))',0.0002983266111151,16121856,feynman_I_9_18,15,96666,9,8192,paper,4,0,2204291346,0.0002983284939546,0.00029875314210142445,0.015664712928069403
600.7178328938317,'x0*x2**(2*log(x1))*sqrt(x6)/(x3**0.482579*(log(x3**x5 + x7/x5**(4*sin(x7))) + cos(x8)))',0.0020218467692899,3653632,feynman_I_9_18,16,96666,9,8192,paper,4,0,550243861,0.0020218482241034,0.002050912638268128,0.014634600315693866
600.2067867398728,'x1/(x7 - sin((x5 - x6 + x3/x2)/x0) + (-x2*x8 + x3/(x4 - cos(x0)) + x5/x6)/x2)',0.0011293012949326,19562496,feynman_I_9_18,17,96666,9,8192,paper,4,0,3606691181,0.0011293010320514,0.0011162279150829445,0.014101770833050569
600.0765809291042,'(x2*(0.845961*sqrt(x4*x6**(exp(x0)/x7)*(x8/x5)**(2*x1)) + log(x1))/x3)**(2*0.715649**x0)',0.0023446049089711,4833280,feynman_I_9_18,18,96666,9,8192,paper,4,0,1934392872,0.0023446122650057,0.0023571416116138525,0.015063915797645318
600.9900582719129,'0.4791*x0*x2*(x1**x8*sin(sqrt(x7)) + (x6**(x4/x7))**(x4**x8))/(x3*x5)',0.0011060315594723,4587520,feynman_I_9_18,19,96666,9,8192,paper,4,0,2148995112,0.0011060307733714,0.001052215044638636,0.015360077705745646
600.8340056629386,'x2/(-0.525402*x8*log(x6**2) + 0.525402*x5*x7/(x1*(x0**(x8 + 0.163599)*log(0.831986 + x4/x3))**0.408119))',0.0008506633315756,4890624,feynman_I_9_18,20,96666,9,8192,paper,4,0,1592565386,0.0008506632875651,0.0008508407748666724,0.015862985259919183
600.3434436300304,'x4*exp(-exp(sin(x0 + x2)))/(x5 + sin(x6 + x8)) + (-x1 - x2**log(sqrt(x0)) + log(x7))**2/x3**2',0.0020407538255918,5111808,feynman_I_9_18,21,96666,9,8192,paper,4,0,784044718,0.0020407536067068,0.002175449380482516,0.0158306143559567
600.4793028021231,'sqrt(log(x1 + log(x8)/(0.432007*x1 - x3 + x6)**2))*sin(sin(sqrt(x0)*(x0 + x4)*(x2 - 0.124047)/x5**2))',0.0020967394285563,4931584,feynman_I_9_18,22,96666,9,8192,paper,4,0,3980425317,0.0020967384334653,0.0021732957981015094,0.015228248065534996
600.0465441679116,'0.790327*x0*log(x1**(0.308967*x6 - 0.166724) + (x3 - sin(x5 - log(x8)))**(-1.18503))/sqrt(x7/x2**2)',0.0024987197629313,7815168,feynman_I_9_18,23,96666,9,8192,paper,4,0,3356806661,0.0024987235665321,0.0024595325220155735,0.015540393043957254
600.1414521140978,'x1*sqrt(x2*x4/Abs(x5))/((x7/x0 + x5/(x0*x2))*log(x3 + cos(x6) + cos(x8) - 0.566192))',0.0005388578105033,11362304,feynman_I_9_18,24,96666,9,8192,paper,4,0,2765379632,0.0005388577701523,0.0004917858364949912,0.014239798552733782
600.4354365258478,'sqrt(log(sqrt(x1 + log(x2)))**2/x7**2)*(x6 + 2.73792*log(x0) + log(x4) + 2.73792*log(x8))*Abs(cos(x5))*Abs(cos(sin(x3)))',0.0022234788429744,7708672,feynman_I_9_18,25,96666,9,8192,paper,4,0,1728356533,0.0022234800271689,0.0022177010395718227,0.014249937449243672
600.0104892679956,'0.147898*x0*x1*x2/log(x3*x7*log(x5)/(x8*(x6 + (-x4 + log(x5))*cos(x7))))',0.0006088377824761,17367040,feynman_I_9_18,26,96666,9,8192,paper,4,0,3533734220,0.0006088390946388,0.0006024268842762271,0.01514501969743175
601.6123744829092,'0.0930965*x0*x1*(x4*(x8**(cos(x3)**4))**(cos(x5)**4)/(-log(x6) + log(x7)))**log(x2)',0.0019560173449308,13271040,feynman_I_9_18,27,96666,9,8192,paper,4,0,2342600226,0.0019560165237635,0.0020992791539747747,0.014836311234937583
600.0268038897775,'x1*(x2**log((x4 + 0.756648)**x0) + x8**x0*(x0 + (x6**x4)**x0)/x5**2)/(x3*x7)',0.0009762536171191,19120128,feynman_I_9_18,28,96666,9,8192,paper,4,0,1904449481,0.0009762537083588,0.0010016943737303488,0.015601323771341614
600.1834887040313,'1.04938*x0**(1/4) - ((x1**x8)**((-x2 - 0.171207547187805)/x7))**((-x2 - 0.23957622051239)**2*(x4*x6 + sin(x5))/x3**2)',0.0018706806335927,7815168,feynman_I_9_18,29,96666,9,8192,paper,4,0,1934709049,0.0018706790870055,0.0017757379920514012,0.015377541590021202
600.4269536128268,'x0*x2*x6*sqrt(exp(x8*exp(-sqrt(x6*exp(-sqrt(exp(2*cos(x5 + 2.30083 + x7/x1))))*sqrt(sin(sin(sin(sin(x6*exp(-x8)*cos(cos(x5)))))))))*exp(sin(x3))))/(x7*(0.463870286941528*(x6*sqrt(exp(x6*exp(-exp(cos(exp(x4) + Abs(cos(x3))**(2*(-6.38617 + exp(x6**(x7/x8))*exp(x8)/x6**2)**cos(x8)/cos(x3)**4))))*cos(x4**(x4*(0.293071*x4**(sqrt(x8)))**x1)))) + cos(x4**(sqrt(x8))) + x5/x1)**1.22131 + x5/x1))',0.0001856887324191,2801664,feynman_I_9_18,0,96666,9,8192,paper,6,0,3324115916,0.0001856873423093,0.00018168754592439384,0.01500963479960869
601.5171641909983,'0.0464375*x0**2 - 0.0464375*sqrt(x7) + 0.0464375*x8 - 0.0464375*(-x8**(0.37369841337204 - (x1 + x2 - sqrt(x7))/(x0 - x5)) + (-x0 + sqrt(x5) - x8**x0)*(-sin(sin(x5))**2 + sin(sin(sin(x3))) + 0.220123 - (x1 + x2 - sqrt(x7))/(x4 - x7)))*(-sin(x3)**2 + sin(cos(0.220802 + x5/(x4*x6))) + 0.235274 - 1.02114939689636/(0.220802*x0**2 - x7 + 0.441605*x8 + 0.220802*sin(x5)))/cos(x6/x7) + 0.0464375*exp(x1 + x2 - sqrt(x7)) + 0.0464375*sin(x5) - 0.00794897551328688 - 0.0464375*(x1 + x2 - sqrt(x7))/(x0 - x3)',0.0004443998500617,2416640,feynman_I_9_18,1,96666,9,8192,paper,6,0,2811363264,0.0004443996876943,0.00043186544097932535,0.014787830527591556
601.4187081169803,'(0.176141*x0 + 0.176141*exp(-x3 + x8 + log((x4*x6)**(x1*sqrt(x0**2*x2 - 0.562056)*sqrt(exp(-x7 + 1 + 0.456189/x1))))**exp(cos(x1)) + sin(x5 - sin(x8))) + 0.0556442*log(x2**sin(sin(sin(sin(-sqrt(x7) + x7 + 1)))) + sin(sin(x4*x6 - x5**(sqrt(x7) - 1)))))*log(x2 + exp(x2*cos(x1)*cos(sqrt(-0.456189*x0**2 + x1*x7*(x0 + (x5 - cos(x1)**2)/(x0**2*x2 + x8 + sin(x3)) + 0.352283)))))',0.0003027331650969,1720320,feynman_I_9_18,2,96666,9,8192,paper,6,0,1884968544,0.0003027344646397,0.00030251178812127114,0.01578906201855131
601.0975979031064,'log((x0 + x2)*cos(0.419787*sqrt(x7)*sin(x6 + 0.518806*sqrt(log((x2**x0*exp(exp(sqrt(cos(0.419787*sqrt(x2**log(x7**x4)*x4))))))**x1*exp(-x7) + cos(log((x6**x1)**x1)))**2))/x1) + exp(x1 + x2**log((x6 + log((2*x0)**x6))**x1)*exp(x0 - x7) - x7))**2*cos(1.14439**sin(sqrt((exp(sqrt(cos(cos(0.8596*cos(sqrt(x6*(x1 + exp(sin(exp(exp(0.419787*sqrt(x5)))))))))))) + cos(0.479172*x3))**(x4 + x8*sin(exp(0.419787*sqrt(x5)))))))**2',0.0004038247848696,2859008,feynman_I_9_18,3,96666,9,8192,paper,6,0,1859786275,0.0004038226034026,0.00040274102313750246,0.014817351329235692
600.4929320239462,'0.591617791725341*x1*x2*exp(x0 + x6/(x7 - 0.259134)**exp((x5*exp(-x6))**(x4 + exp(cos(0.423991*x3**1.16405*x7**exp(0.409876**x0))))))**log(sqrt(x8 + ((x6/x7**exp(exp(-x6 + (x3**exp(exp(cos(0.455429*x3**1.15688*x7**log(x5))))/x0)**(log(sin(log(x7**x8)))/2))**x4))**(x7**x8))**0.0357642))*sin(log(2.53342570422751/(x3**1.15688*x7**exp(0.409876**x0))))/(x5*log(0.310542*x4/x3**1.16405))',0.0001789466931602,8355840,feynman_I_9_18,4,96666,9,8192,paper,6,0,3687649985,0.0001789476082194,0.00018030099644978818,0.014789527987376061
602.4045662479475,'(sqrt(x6*(x4 + x4*log(x8)/x5)**2)*(sqrt(x6*(x0*x1*cos(x0**((x7 + cos(x7**2))/(exp(x0**2) + sin(x7 + cos(x5**2)))))/(x5 - 1.45683) + x4)**2*sin(cos(x8**cos(x7 + cos(log(x8)))))**2)*Abs(cos(sin(x3))) + log(x8))**2*sin(cos(x6**cos(x7 + cos(log(x6)))))**2)**(1/4)*exp(-(x0*x1)**cos(x0*x1) - 0.556637/sqrt(exp(0.305171966552734*x2**4/(x5 + log(sqrt(x7 + cos(x5**2))))) - 0.779841))*exp(sin(x3)/4)*sqrt(Abs(cos(x5)))',0.0005202052957544,1605632,feynman_I_9_18,5,96666,9,8192,paper,6,0,369133708,0.0005202052416279,0.0005615296576967813,0.01602824928895986
600.5359715670347,'x1/sqrt(((sqrt(x2**x6) - 0.611617)/x5**2)**(-0.0505441*(log((-x0 + x3)**x7)**2/(x8**(1/4) - cos(0.263674*(1.12253118436052/((x8**(1/4) + cos((log((-x0 + x3)**x7) + (log((-x2 + x7)**x7) + 0.286981)/(2*x6))/x3)**2 - cos(0.263674*x3*exp(-0.302747488021851/((x4 - 0.286981463432312 - 0.888988852500916/x7)**2)**x4)**0.573963))**(-2))**1.14793)**x8*(x6 + x8)) + 0.263674)**2)**0.561276 - sin(1.12966 - ((0.263673782348633 - x4)**2 - 0.888988852500916/x8)/x5**2)))',0.0009235311857859,860160,feynman_I_9_18,6,96666,9,8192,paper,6,0,2995172877,0.000923533225432,0.0009596320490559274,0.01533065279517718
602.7276943530887,'sqrt((0.35078**((x1*log(x3 - x6)**2/cos(cos(x5 - 0.977162)) + x5)/(x1**x2 + log(x8))))**((x7 + exp(2/log(exp(-5.10588*(-exp(sqrt(exp(-0.924981*(x2 + exp(2*x0))*cos(x4)/x5))) - exp(log((x1*log(x3 - x6)**2/cos(cos(x8 - 0.977162)) + x5)/(x1**x2 + log(x8)))**4) - 0.221934974193573)*exp(-2*cos(x4))))**0.46249))/(2*(x0**x2 + log((x5 + cos(cos(x7 - 1.03919)))/(x0**x2 + log(sqrt(x5 + (x1**x2 + log(x1**x6 + cos(x2)))**2 - cos(exp(x2))))))))))',0.0009772869275766,1130496,feynman_I_9_18,7,96666,9,8192,paper,6,0,865305066,0.0009702179813757,0.0010557743132297796,0.014732629314869248
601.1909662820399,'(x0*x1**(3/2)*sqrt(x4)*(x2 - 0.667978)*sqrt(exp(x6*sin(exp(-sin(0.464308*x5**2)*cos(sin(x3))*cos(cos(x3 - cos(sin(x7)))))*log(x8))))*sin(0.0279276*x0)*cos(0.835860848426819/(sqrt(x4)*sqrt(cos(sqrt(cos(log(x2)))))))*cos(x1**(log(sqrt(x7)*sin(x4)*sin(x8)) - cos(sin(x6)/x8))*log(x5)/x6)*cos(sin(x7*sin(sqrt(cos(log(x8)))) + sin(x6)))*cos(sin(sin(x7))))**cos(exp(sin(sin(exp(sqrt(x1) - x3)))))*exp(exp(-x5**2*sin(sin(sin(0.785013735294342/(x0*sqrt(x1)*x2))))))',0.0003389560496066,3686400,feynman_I_9_18,8,96666,9,8192,paper,6,0,404488628,0.000338956102496,0.00032007061795207925,0.015012825799930097
600.7536844699644,'0.154824*x0*sqrt(x8)*(0.334015**(x7*cos(x2)/x5)*(0.334015**(0.278508**(0.215206*x1**2*x1**(x6**x5)))*x1 + x1*x4)/(x3 - 0.966107) + log(x4*x8*sqrt(x4*x8) + exp(x1))**(-sin(1.55658*x5 + 1.55658*cos(0.215206**((0.278508**((0.154824**(0.527739**(x2**(exp(-x2 + x5)*log(x4 + x7)/2)*(-0.126991*x1*exp(x3/2) + x1)))*exp(x1/2) + x1*x4)/(x3 - 0.956784)))**(0.154824**(log(x2 + x7)**(-1.39995*x5))))*x6))))/(x7 - 0.966107)',0.0001982667295762,3514368,feynman_I_9_18,9,96666,9,8192,paper,6,0,2261209995,0.0001982704270631,0.0002118217598248501,0.015217626240730182
604.6058892079163,'sqrt(x0*x1*x2/x5)/(sqrt((x3 - x6)/(x1*x2))*Abs(x7 + cos(x8))/sin(sqrt(sqrt(3.55192*x5 - 3.55192*log(x4**2*cos(sin(x3 + sqrt(3.55192*x5 - 3.55192*log(x4**2*cos(sin(sqrt(x6)*Abs(x4) + 3.3258))) - 3.55192*cos(x0))))) - 3.55192*cos(x0)) + sin(sqrt(sqrt(-3.55192*x2 + 3.55192*x5) + 1.06671) + cos(x0))**2) + cos(x0)) - 0.7591*log(x4**2*x8)**2*sin(x5 + sqrt(x1 + x8**6/(x7 + cos(x3 - x6) - 0.250195)**4 + 1.06671))**2/x7)',0.000174336140159,1179648,feynman_I_9_18,10,96666,9,8192,paper,6,0,4190266092,0.0001743362226989,0.00017558031655984837,0.014635842225690015
605.9827546810266,'x2/(log(x3)**2 + (log((log(x3)**2 + (log(x5)**2 + (1.19854*cos(x4) - 0.865709 + x5**2/(x1**2*cos(0.107079*(x7 - sqrt(x5/x1**2) - sin(x5) - sin(x0)/x3)**2 + 0.0840017571151631)))/x6)/x6)/x8)**2 + (0.360642 + (x7 - x8 - sin(x7 - sqrt(sqrt(x5/x1**2)/x3**2)) + cos(x3) - 0.657426/cos(x3))**2/x1**2 + (0.717398 + x5**2/(x1**2*sqrt(x6)))/x0)/x4)/x0)',0.0003061530567188,679936,feynman_I_9_18,11,96666,9,8192,paper,6,0,3160032368,0.000306153378915,0.00031388389832089883,0.014869279065905265
601.5296796108596,'x0*cos(log(x7) - log(x1*sqrt(sqrt(x6) + (x2 - cos(sqrt(x8)))**x6 - log(x1*log(x5)))))**exp(0.540309**cos(0.0432674*(-1.25899*x1*x5 - 1.16576814651489)**2*cos((x1 + x2 - log(sqrt(x2*(x1*log(x5) - log(x8*(log(x7) - cos(log(x6**2)))))*log(x5))*log(x5)) - cos(sqrt(x8)))*log(x4))*cos(log(x1*sqrt((sqrt(x7) - cos(log(x7) - log(x1*sqrt((x2 - cos(sqrt(x8)))**x5 - cos(x8**(1/4)) + 1.2005136013031))))**x5 + 1.44123*log(x1*log(x5)))))))/x3',0.0017349711950711,2899968,feynman_I_9_18,12,96666,9,8192,paper,6,0,3269070126,0.0017349699046462,0.002159114747185489,0.01584463092513179
600.4883475669194,'sin(0.157737*x0*(sqrt(x2)/log(x7 + 1.07278 - (x6 + x8**(x6 + (x6 + 0.367695)/x3)/x3)/x3))**((log(x5)**2)**((cos(sqrt(x1**x8)) + 0.757599)**2))*(x1**(1.42634*exp(sin(x7)/8)/(x5 - x6 - x4/x3)))**(x2*x4**cos(0.606379**(2*cos(x0/(x5*x8) - x1**(x1**0.367695/(x5 - x6 - 1/(x1**(1.24925/(x5 - x6 - 0.367695)))**(x1**x1*x2/x7)))))*x2 - 0.904532790184021)*x8/x3))',0.0005039638748892,2793472,feynman_I_9_18,13,96666,9,8192,paper,6,0,3081541439,0.0005039622774347,0.00048488169829551326,0.014927283218609012
601.2348754799459,'log(exp(sin(log(x1)))/0.703728**x8)/(x3 + x3**(0.846575**(cos(exp(x6))/2)*sin(log(log(x7**4)))*cos(x0))/(x2 - log(x2*(x5 + sin(x1))) + sqrt(log(x4*exp(exp((-sqrt(sqrt(log(x6*exp(exp(x4**2*(-sqrt(x2) + sin(x1))**2)))) + log((x2 + x7/x3)*log(x2*exp(x6)))) + log(x7))**2*sin(x2)**2))))/log(x7)) - log((x2 + x3)*log(x2*exp(exp((-sqrt(-sqrt(2)*sqrt(x2) - 2*x4 + 2*x5 + x7 - sqrt(x2 + sin(x2))) + exp(x6/2))*sin(x6))))))',0.0003366005110354,2162688,feynman_I_9_18,14,96666,9,8192,paper,6,0,3376120482,0.0003365995071362,0.0003102718369269913,0.014799631512220067
600.1535049919039,'(x1 - cos(cos(-x1 + sqrt(sqrt(x1) - sin(sin(x3 + x5))) + sin(sin(sin(x7))))))**(1/4)*log(sqrt((x2*x6*(x1 - sin(x8 + log(x0 + sqrt((sin(x3 + x4 + x5 - sin(x5)) + 1.90797)*sin(x1 - sin(x7))))))/(x3 + sin(x0*x2 + sin(x3 + x5 - sin(x7) + 1.81793)) + cos(x1 + x5 - sqrt(x6 - sin(x3 + x5)) - sin(x7) + sin(sin(x0 + x1 - sin(x1 + x4 - sin(x8 + log(x4 + sin(x3 + x5 - sin(x7) + 1.81793)))))))) + sqrt(x0*x4))*sin(sqrt(x2))))',0.0005153791745509,4964352,feynman_I_9_18,15,96666,9,8192,paper,6,0,2204291346,0.000515378837008,0.0005152364435521055,0.015664712928069403
603.0679811241571,'0.646779**cos(x2**x8)*log(((x0*x1 + x4**2*(x0**2*(cos(cos(x7 - sin(x5 - x6))) + 0.460179)**2)**cos(0.64007**cos(x7)*(x1*(1.27912*x0*x8 + 1.27912*x4)**(1/4) + cos(-log(x1) + cos(x3 - 0.80422568321228) + cos(cos(x3 - 0.721331000328064))) + 0.330638))/(x0*cos(x3) + exp(x5 - x6)) + 0.460179)*cos(cos(cos(cos(Abs(x3)*sqrt(Abs(x7 - 0.80422568321228)) - 0.129698)))**((x0*x4 + cos(cos(x0*x1)) + 0.330638)*cos(log(sqrt(x7)) - sin(sin(x5 - x6)) + 0.999361217021942))))**(1/4))',0.000533041229096,1482752,feynman_I_9_18,16,96666,9,8192,paper,6,0,550243861,0.0005330412532202,0.0005654135602477132,0.014634600315693866
600.8055002267938,'x2*(cos(x6/(exp(0.828051**(2*x8 - 2.67484)/0.607223**(0.747176**((x0 - exp(exp(-x3)*exp(x5)))*(x6 - exp(x4) - cos(exp(x1))))*exp(-x1)*cos(exp(x6)))) + cos(cos(x5)))**(0.599468*sqrt(x5 - sqrt(x5 - x8*sin(x7))*sin(x7))))**(0.930426*exp(x0) - log(x0)) + 1.11482)**log(0.560767*(log(x0)**2/(x7**2*exp(-2*x3)*exp(x5))**x4)**(1/8)*exp(x1)*exp(-x3)*Abs(log(0.777724**(2*(-exp(x4) + exp(cos(cos(sin(x5)))))*cos(x8 - cos(x7)))))**(1/4))',0.0004518077043676,2023424,feynman_I_9_18,17,96666,9,8192,paper,6,0,3606691181,0.0004518057394307,0.00044293809967349204,0.014101770833050569
600.936406631954,'0.029241*sqrt(x6)*((x2 + x4*(0.322489*x0**2 + 0.322489*exp(sin(x7))) + log(x8))**2*((1.44365**(-0.950445*sqrt(x4**2*(x0**2 + cos(log(x8))**x7) + exp(x5))))**(sin(cos(log(x2))**x0)**(exp(1.25466*cos(x4*(0.322489*x0**2 + 0.322489*exp(sin(sin(x7))))*cos(cos(0.367175**x0 + x3))))/(sin(cos(cos(x4*sin(x5)))**2)/sin(sin(sin(exp(2*sin(sin(x7)))))))**1.25466)))**(1/4)/sqrt(cos(cos(0.268802**(exp(x5*cos(x1))*sin(x0)**4) + x3))))**0.914531*exp(-0.914531*cos(x1))',0.000361029997848,1146880,feynman_I_9_18,18,96666,9,8192,paper,6,0,1934392872,0.0003610295534599,0.0003484758080352889,0.015063915797645318
600.954838875914,'x1*x2/(x3*sqrt(exp(-x0 + 3.17404*cos(cos(sqrt(exp(-x8 - sqrt((-1.05902*x0*(-exp(x6) + log(x8)) - x8)/x7**2) + 0.66651713848114*x5/(x4*cos(sin(sin(cos((-1.05902*(-exp(x6) - sin(x7 - sin(x7 - 0.952374)**2))*exp(cos(sin(x4))) - sin(exp(x0)))/(x3*x7))))))))))))*sqrt(exp(sqrt(exp(-x8 + exp(x0*(-sin(x5 - 0.639439582824707) - 1.94744282169092*exp(-x8)/x4)*exp(x6)*sin(x7 - 0.79965)**2) - sin(x5 - (-1.06843*x0*(-exp(x6) - sin(x7 - log(x0))) - x8)/x7**2))))))',0.0003794107813295,4218880,feynman_I_9_18,19,96666,9,8192,paper,6,0,2148995112,0.0003794099902734,0.00034589223801771593,0.015360077705745646
601.1291602291167,'x1*((x5/sqrt(x8))**(-x3 + exp(x2/2)) + 0.473724)*(x0 - sqrt(cos(sin(log((0.352244019508362/sqrt(x6))**(-x3 + exp(x2/2)))))/(-x0/(-x0 + x3) + exp(sqrt(x4**(2.11093*x6 - 2.11093*exp(-x2)*exp(sqrt(x0*(x4**x2)**((x2 - sqrt(x0*(x4**x0)**(2.26993*x6 - 2.26993*exp(sin(log((exp(x6)/log(x3 - 0.304327))**(-x7 + Abs(x8)))))/log(x3))))/x6)))))*Abs(x8))))*sqrt(Abs(x8)) - (x0 - sin(log(0.733222723007202*exp(x2)/x0)))*exp(-x6))*cos(sin(sin(sin(sin(x5)))))/x7',0.0002565124391769,2580480,feynman_I_9_18,20,96666,9,8192,paper,6,0,1592565386,0.0002565125469118,0.0002644828356900954,0.015862985259919183
603.3576840830501,'x0*x1*sin(0.368189*x2)/(x7 - 0.453602*sin(x3) + 0.453602*sin(-x6 + sqrt(log(x4**2*x5*x8**2*(x6 - 0.271334)/(x3**2*(x7 + x8)))**2) + 0.271334) + cos(0.252764**(-sin(sin(x5 - 0.709053*sqrt(sqrt(x5)*x6*(sqrt(x2*x6 + x4*(x6 - 0.271334)/(x7 - 1.17741)) + sin(x3)*cos(1.17741*x4**2*sqrt(x5/x3**2)*Abs(x4)/x3))**2*sin(x4)/(x3*(x7 + exp(sin(x2*x4**2*x6*(x6 - 0.252764)/x5**2)))))*Abs(x4))))) + cos(x8) + 0.527560087598204)',0.0001553144603227,1351680,feynman_I_9_18,21,96666,9,8192,paper,6,0,784044718,0.000155314191943,0.00017503443559169687,0.0158306143559567
601.8061491539702,'sin(1.2668*x2*((x0 - cos(x1) - cos(x3))**2 + exp(cos(x5*log(x3**2))))*exp(-2*cos(0.214839*(x4*(x8 + log(cos(log(x6 + exp(cos(0.672678*sqrt(x3))**4/sin(cos(x5))**4)))**sin(cos(x5))))**2/(x5*sqrt(cos(0.262686*x2/cos(x4*exp(-2*cos(log(x0 - cos(x1) - cos(x3)))))))))**(sqrt(cos(x4**2*x8/x5**2))) + 0.214839*(log(x4) + 0.0733256)**2))/sqrt(exp(x7) + exp(x5/cos(log(x6 + 0.986953)**2)**sin(cos(x5)))))',0.0003438681086553,761856,feynman_I_9_18,22,96666,9,8192,paper,6,0,3980425317,0.000343867985066,0.0003495480640573188,0.015228248065534996
602.0839109688532,'1.09729*x1*x2*log(log(x0 + 2.49216))/sqrt(x7**2 - x8*log(2*sin(x5) + 0.654696*Abs(x6)**(2*log(x4 + log(-x4**2*x8 - x6**2 + (-0.654696**log(log(x0 + (cos(log(x7**2))**2)**log(x7**2))) + x7**2 - 0.654696*Abs(x8)**2.4959)**2)**2)) + Abs(x8)**2.4959)*Abs(cos(x3))**(2*log(-x4**2 + x5**2 - x8**2)) - (0.581453**log(x7**2))**cos(0.298787**cos(x4*log(log(exp(x7/(0.654695868492126 - sin(x5))) + Abs(x8)**(2*log(x7**2 + 0.762531)))))))',0.000865548768714,991232,feynman_I_9_18,23,96666,9,8192,paper,6,0,3356806661,0.0008655497804284,0.0008854117623163031,0.015540393043957254
600.2348894909956,'log(0.632582*x0 + x1 - sin(x0*x2*cos(x5)/x7) - cos(sin(x3**(cos(cos(x5))**(0.280238**(1.10905194282532 - 1/(0.619988**cos(x1*exp(cos(x0))*log(x2 + x5)/x3))**(1.25731*x1/x7)) - (cos(1.98758*x8/x7)**((x6*x8*(x2 - 0.833869)*(x4 - 0.674684)/x1)**(1.01048 - 1/((x2 + cos(x7/x6))**(-1.25731))**1.25731)))**(x3**(cos(x4*x6*(x2 - 0.874504)*(x2 - 0.865218)/x7)**x3)))))))/x3**(cos(x4*x6*(x2 - 0.761237)/x7)**x8)',0.0013595858718248,3629056,feynman_I_9_18,24,96666,9,8192,paper,6,0,2765379632,0.0013595860218629,0.0013194980062724386,0.014239798552733782
600.7212265690323,'0.956971*sqrt(exp((-(x5 + sin(-x5 + sin(x0*x2 - sin(cos(x6))) + cos(x0*x2 - exp(x6*cos(x6)))))**cos(x6) + (-x7**sin(sin(sqrt(x1**(-sin(log(x0**2*x2**2 - x0) - sin(sin(sin(x5)))))))**2 - 0.0659584) + sin(x5))*cos(log(x4*x8)) - 0.175927)*cos(log(x0*x2)))*exp(sin(sqrt(log(x7**2 - 1/0.360455**(2*sin(log(x3**2 - exp(cos((x7 - 0.600379)**2))) - sin(x3))))**sin(x5)))**2))*exp(-1/x1**(2*sin(log((x7 - 0.600379)**2 - log(x1*x4)**(x0*x2)) - sin(x3))))',0.0007841634097587,1417216,feynman_I_9_18,25,96666,9,8192,paper,6,0,1728356533,0.0007841633050702,0.0007202527294832204,0.014249937449243672
606.2974729638081,'0.116345*x1*x2*exp(x0**2/x5**2 + x6**(0.341093*x4/x5 + 0.341093*x8)*(log(x4) - sin((-x0*cos(x4 + x6**2 - 0.506468)/x7 + x4 + x6**2 + x8 + 0.901044487953186)/1.06949**(x3**2)) - sin((1.14382**(x6 - x8**2) + x4 + x8**2 + sqrt(x0/x3) + log(1.60584*(x0 + 0.345358)**2) - 0.413485*cos(log(-x4 + x5)**4 - cos(Abs(x0 + x8**2))) - 0.243473410606384)/1.06949**(x7**2)))*cos(1.06949**x8)**2)*cos(sin(log(-x0 + x5)**2))',0.000191697812398,950272,feynman_I_9_18,26,96666,9,8192,paper,6,0,3533734220,0.0001916824985528,0.0001865476099804807,0.01514501969743175
600.2090730860364,'(0.393106*sqrt(x0)*cos(cos(0.87811017036438*(-x1*cos(x2**(-0.480736494064331/(-x2*cos(x2**(-1.99648392328217)) + exp(exp(cos(x0)))))) - x1 - (sqrt(x0) + cos(x8) - 1.55795)*(-x1 - x2 + x4*cos(x4) + cos(exp(cos(x0)))) - exp((exp(0.626422**sin(sin(sin(cos(x8))))) + cos(x3))**sin(sin(x3))) + exp(exp(cos(x0))))/x5)))**log(-x1 - x6 + x7 + exp(exp(exp(-exp(cos(x0))*cos(x4**2))*exp(cos(x0))*cos(x3)/x0)**(1/4)*cos(x4)) + x5/x2 + 0.869087*cos(x3)/0.576739**sin(x3))',0.0004683662097022,5201920,feynman_I_9_18,27,96666,9,8192,paper,6,0,2342600226,0.0004683657898567,0.0004662152414185037,0.014836311234937583
601.3154612260405,'sin(((x6*exp(-x7 - (1.37667*((0.953265*(exp(x2 - x5)/x8)**(2*log(x1)))**log(x2**2)/x8)**(2*log(x4))/log(x6/cos(x8/x7)))**(0.527236*x6))/cos(log(x4)))**((0.275898/x8)**(x0/x3 - 0.173469)) + exp(x1 - x5))**(cos(x0/(x3 + cos(x2)/sin(sqrt((x2/(x3*(x3 + exp(x2**2 + x6*log(x4)))))**(((0.527236*x6*exp(x1 - x2**2 + x8)/cos(log(x4)) + 0.527236*sin(x7))**2/x8)**0.352885)) + 0.0765949)))**2))',0.0011842474392393,1228800,feynman_I_9_18,28,96666,9,8192,paper,6,0,1904449481,0.0011842467356473,0.0011429250985149756,0.015601323771341614
602.0039823721163,'0.151642*x1*sqrt(x6)*sqrt((x5 + 0.116145639421166*sqrt(sqrt(x7)/sqrt(1/(x7*log(x3**(x7*exp(0.0989031*sqrt(log(x7**(x6*x7)/sqrt(x8**(x5*x6)))**2)))/Abs(x6))**4*sin(x3)**2))))**(-2))*exp(x0)*sin(log(exp(sin(x8**log(x8)))))*Abs(x2)/sqrt(-x4 + 0.387843*exp(x0) + sin(10.1881*x6/log((x5 - 0.221379)**(x6*x7)/Abs(x0 - 0.947155))) + cos(((0.387843*exp(x0))**log(x8) - 0.221379)**(x6*(sqrt(x4) - cos(exp(cos(sin(sqrt(sin(x8 - 0.982181)))))))/x3)))',0.0003300427706809,1835008,feynman_I_9_18,29,96666,9,8192,paper,6,0,1934709049,0.0003300430544186,0.00031871987758954045,0.015377541590021202
600.0219052741304,'sqrt(exp(x1 - sqrt(x2)))/(x5 - exp(sqrt(x8))*log(-x0**(-x4*x6 + cos(x8)) + x2) - sin(x3) - sin(x7))',0.0015525190518012,19054592,feynman_I_9_18,0,96666,9,16384,paper,4,0,3324115916,0.0015525195049121,0.0016183485436222144,0.01500963479960869
601.5299575608224,'x2*(1.43621*x8)**log(x0)*(x1 + log(x4)*log(log((sin(x5) + 1.2528)**2 + exp((x6 + sin(x7))**2))))/x3**2',0.0021047859843292,3866624,feynman_I_9_18,1,96666,9,16384,paper,4,0,2811363264,0.0021047887858003,0.001984355913242311,0.014787830527591556
600.9847705678549,'sqrt((-x1 + 0.721167*cos(x4*x8/x5)**2)**2*(0.103541*x0*x2 + 0.103541*x6*cos(x3 + x7 + log(x1))/x1)**2)',0.0016987325605434,4816896,feynman_I_9_18,2,96666,9,16384,paper,4,0,1884968544,0.0016987435519695,0.001921155138279583,0.01578906201855131
600.5145652480423,'sqrt(x6*(-0.635186 + 1.29227*(x2 + x4*x8 - cos(x0))*exp(x0*x2/2)/x3)/x5**2)*Abs(x1)/x7',0.0008013379490458,8028160,feynman_I_9_18,3,96666,9,16384,paper,4,0,1859786275,0.000801337766461,0.0007790718744694331,0.014817351329235692
600.7276202130597,'x1*sqrt(x0**x6)/((x5 - x8*sqrt(x2**x0)/(x3 - 1.21826))*(sqrt(x7) + 1.21825635433197/log(x2**2*x4**2)))',0.001716731706897,9388032,feynman_I_9_18,4,96666,9,16384,paper,4,0,3687649985,0.0017167314654216,0.0016927379541699982,0.014789527987376061
600.5357513059862,'x0*x1*sqrt(x2**exp(cos(0.659715**(sqrt(log(x4))) + x5)**2))*log(x2 + x4)*log(x6 + x8)/(x3*x7)',0.0005962814929669,7471104,feynman_I_9_18,5,96666,9,16384,paper,4,0,369133708,0.0005962813738733,0.0006086742371732242,0.01602824928895986
600.1082371438388,'sqrt(x4)*(x2 - 0.628192)**0.596279*(x0*x1 - (x3 - 0.656913)*exp(-x8)/x6)/(sqrt(x5)*x7 + 0.518449)',0.0021703119676494,7290880,feynman_I_9_18,6,96666,9,16384,paper,4,0,2995172877,0.0021703115198761,0.002204118400727125,0.01533065279517718
600.1305583778303,'1.83736*x2*((x0*x1/(2*x5 + 2*cos(x8)))**x3)**(1/4)/(x7 + cos(x4) + cos(x6))',0.0006797147090601,19349504,feynman_I_9_18,7,96666,9,16384,paper,4,0,865305066,0.0006797180394642,0.0007391272840284038,0.014732629314869248
600.4294871848542,'x0*x1*(x2**(x6 + x4/(x2*(x7/cos(x5)**2 - 1.83301))))**((x8 + log(x4))/x5)/(x3*x7)',0.0006607351471239,14942208,feynman_I_9_18,8,96666,9,16384,paper,4,0,404488628,0.0006607348914258,0.0007066772003088604,0.015012825799930097
600.4345628819428,'sin(0.162175*x0*x1*x2*sqrt(x6)/(log(x7) + cos(cos(x4**2))))**log((x3**x5 - x8**4)**0.260596)',0.0017001917802656,3162112,feynman_I_9_18,9,96666,9,16384,paper,4,0,2261209995,0.0017001876840367,0.0016562667896815385,0.015217626240730182
600.0861334849615,'x2/(-1.02869*x7*(x0 - x5)*cos(x4**(-0.360365))**(x1*x4 + sin(x3) - cos(sin(sin(x5)))) + sin(x6*x8))',0.0011386821096528,18792448,feynman_I_9_18,10,96666,9,16384,paper,4,0,4190266092,0.0011386948172003,0.0011668815583768736,0.014635842225690015
600.9121046040673,'0.398416*x1*x2*(Abs(x0) - 0.500287)/((-x4 + x7)**(x0 + cos(x3)) + log(x5)**(x3 - x6))',0.0024372469632053,5079040,feynman_I_9_18,11,96666,9,16384,paper,4,0,3160032368,0.0024372469633817,0.0024968951970180137,0.014869279065905265
600.9915276470128,'0.94051*x2*x6**0.139346*log(1.31473*x0 + log(x1))/(-x1 + x3 - x4 + x5 - x6 + x7 - x8)',0.000681472867653,8241152,feynman_I_9_18,12,96666,9,16384,paper,4,0,3269070126,0.0006814706139266,0.0007132115811636444,0.01584463092513179
600.3355470050592,'x2*(0.500516*log(log(x1**x4) + cos(log(x3))) + cos(sin(sin(x7))))*log(x0 + log(x6) + sin(sin(log(x8))))/x5',0.0016267512746525,20037632,feynman_I_9_18,13,96666,9,16384,paper,4,0,3081541439,0.0016267489409074,0.0016645322513902658,0.014927283218609012
600.0385089549236,'3.46838*x0*x1*x2*sin(cos(0.0408652*sqrt(x5) + cos(cos(x6 + exp(cos(x5/x8))))))/(x3*sqrt(x5)*x7)',0.0015262644536561,19464192,feynman_I_9_18,14,96666,9,16384,paper,4,0,3376120482,0.001526266685687,0.0015806343746499615,0.014799631512220067
600.5815128129907,'0.680786**(x7 + cos(x5) - x6**2/x3)*x0*x1*x2*cos(cos(x4*x8/x5) + 0.13137412071228)/x3',0.0001793556826901,8536064,feynman_I_9_18,15,96666,9,16384,paper,4,0,2204291346,0.0001793566625565,0.00017444678154103296,0.015664712928069403
600.2149887920823,'x0*(x1**sin(exp(sin(x3))) + 0.277323)**x6*sqrt(0.615692**(x7*sqrt(x5 - x8)))*exp(-1.76847/x2)',0.0017600533402281,17874944,feynman_I_9_18,16,96666,9,16384,paper,4,0,550243861,0.0017600456485524,0.0017697945170030715,0.014634600315693866
600.6260672588833,'(x1 - exp(-0.305294*x0**2*x2*x4))/(x7 + sin(x0 + x2) + sin(x2 + x8) + sin(x4 + x6) + 0.641786)',0.0026603289825172,14286848,feynman_I_9_18,17,96666,9,16384,paper,4,0,3606691181,0.0026603294536471,0.002666765796785685,0.014101770833050569
600.1587518469896,'-0.803880964859398*sqrt(cos(0.33168*x7)/x5)*(0.50602*x0*x1**cos(cos(x3/x8)) + 0.672014)**2*log(0.787924**x2)',0.003310669830959,5488640,feynman_I_9_18,18,96666,9,16384,paper,4,0,1934392872,0.0033106736373156,0.00332170271457856,0.015063915797645318
600.0876243608072,'0.0825633*x2*exp(2*x1*log(x4*x8 + x6)/x5)*log(x0*cos(sin(x3 + x7)) + cos(x1/x5))',0.0007240945003651,7749632,feynman_I_9_18,19,96666,9,16384,paper,4,0,2148995112,0.000724094628822,0.0007146267154571425,0.015360077705745646
600.719659174094,'log(sqrt((x1**2*(log(x2) + sin(sqrt(x4)))**2)**(sqrt(1/(-x0**2*x2**2*x4 + x7**x3))*Abs(x6)*Abs(x8)) + log(x0)))',0.0029573183405858,3751936,feynman_I_9_18,20,96666,9,16384,paper,4,0,1592565386,0.0029573170468211,0.00308596348938078,0.015862985259919183
600.2093913471326,'exp(-x5/(x1 + x2**x8*x4*x6/(x3 + sin(2*x7) + sin(x3 + x7 + cos(x1)))) + log(x0)**2)',0.0013755625607749,5881856,feynman_I_9_18,21,96666,9,16384,paper,4,0,784044718,0.0013755612308159,0.001458038546883597,0.0158306143559567
600.1399512311909,'x1*x2/((x5 - log(x4) - sin(x7))**log(x3) + (x7 - sin(x3))/(x8**x6*(x0 - sin(1.07909822463989/sqrt(x4)))))',0.0009844112555184,19202048,feynman_I_9_18,22,96666,9,16384,paper,4,0,3980425317,0.0009844107553362,0.0009862548423933341,0.015228248065534996
600.4081707440782,'0.0735121*x0*x1*sqrt(exp(x2**2*sqrt(x6)/(log(x3**x7) - (x4**2 + 2*x8)/x5)))',0.0016854812513986,5570560,feynman_I_9_18,23,96666,9,16384,paper,4,0,3356806661,0.0016854800051078,0.001606977827594114,0.015540393043957254
601.8345233099535,'x2*(x0 + log(x4**2)**2*cos(x5)**2)**log(x1)*cos(sin(x0 + x6*x8/x5))/(x7 + exp(sin(x3)**2))',0.0016435783754029,3719168,feynman_I_9_18,24,96666,9,16384,paper,4,0,2765379632,0.0016435787547379,0.0015200517598040655,0.014239798552733782
600.3352132290602,'x0*x1*x2*sin(sqrt(1.64706*x5 - 1.64706*x6 + 2.71828))/(0.817165**(1.05291*x4*x8)*x3*x7)',0.0002624061992397,19906560,feynman_I_9_18,25,96666,9,16384,paper,4,0,1728356533,0.000262407324044,0.00024271219273830718,0.014249937449243672
600.6980704599991,'(x0 + x1*x2*x6*x8/(x3*x5))/(1.09252*x5 + (x1 - x7 + log(x4) - cos(x2))**2 - 1.09252*sin(x3))',0.0014142493829041,7569408,feynman_I_9_18,26,96666,9,16384,paper,4,0,3533734220,0.001414249301888,0.0014687209837106975,0.01514501969743175
600.1866048830561,'0.16813*x1*x2*sqrt(x6)*(x0*x8/(x3 + cos(x3)) + x4)/log(x5**x7)**(1.09684/x0**0.444826)',0.0006946714332297,19496960,feynman_I_9_18,27,96666,9,16384,paper,4,0,2342600226,0.0006946695502847,0.000732801099405702,0.014836311234937583
600.7795603899285,'x0/(x3/x6 + (x2/(0.471214**exp(cos(x2)) + x7/x1))**(x4 - x5) + cos(x3 + sin(x8**2)))',0.0012718103395025,6995968,feynman_I_9_18,28,96666,9,16384,paper,4,0,1904449481,0.0012718099169433,0.0012349311222400413,0.015601323771341614
600.3579802499153,'(x1 + x6)/(-sqrt(x4) + x5 + sin(0.375242**x2*x3)**(x8**(x1*x2)/2) + sin(x0 + log(x5)))**2',0.0027526067852324,5488640,feynman_I_9_18,29,96666,9,16384,paper,4,0,1934709049,0.0027526053600013,0.0027962291179855206,0.015377541590021202
603.2791789767798,'x0/(0.416104*(x3 + x4 - x5*log(x2) + exp(sqrt(x7)*sin(exp(sin(sin(sqrt(x1**2 + x4)*log(x2)))) + 0.342118)))**cos(x5 + exp(sin((2.40324*sqrt(x1*x4))**sin((1/cos(cos(x5)))**sin(x3))))) + (x7 - sqrt(6.13521*sqrt(x1*x4) + sqrt((-x3*log(x2)*log(x2**2*log(x2)) + x7)**2))*log(x2) + exp(sin(0.850663*x2**2 + log(x3))/x7)*sin(x8*(x6 - 0.130482) + 1.25863) + cos(cos(x5)))/sin(log(x1 + 0.673022)) + cos(cos(x5)))',0.0002875978839257,4194304,feynman_I_9_18,0,96666,9,16384,paper,6,0,3324115916,0.0002876000362448,0.0002880607332736551,0.01500963479960869
600.9391930790152,'0.346839*sqrt(x0*x4*sqrt(0.981019 - cos(x2 - 0.363583)**2)*(sqrt(x0) + 0.195148*x1 + x6*exp(0.686377**cos(x2) - sin(sin(x5))**2))*sin(0.132538*sqrt(x0*x1*(0.348845*x0*x1*x8**(2*x6)*(-0.0341915*x8**x6 + cos(sin(x3)))**2*exp(x1 - log(sin(sin(x1 - 0.650718)))**2)*cos(x7)**4*cos(sin(x5))**(2*cos(x7)**2) + x1 + sin(sin(sin(sin(sin(x5))))))*(exp(x2) - cos(cos(x1)) + 0.0632654)/(x3*x7)))/x3)',0.0003287505095968,1736704,feynman_I_9_18,1,96666,9,16384,paper,6,0,2811363264,0.0003287498257122,0.0003066650071451169,0.014787830527591556
601.6765478879679,'sin((x0*x2*(x1**x6)**(0.000463045*x0 + 0.000463045*exp(x5) + 0.496086)/x7 + x1**2*x6**2/(x5**2*log(x7/sqrt(x8) + (x4**x6 + 1.18448)**(x1 + (sqrt(x0) + 1.18448)**x2*cos(x3/sqrt(x4) + sin((x0 + 1.18448)**((x2/x7)**0.294728)) + 1.51612/x8)))**2) - 0.0215185*((x2 + 1.18448)**x1 + exp(x0))*cos(x3/sqrt(x4) + sin((x1 + 1.18448)**(0.661522*(x1/log(x7/(x2 + 1.18448) + log(1.51612/x8) + 0.659193))**0.294728)) + 1.51612/x8) - 0.0215185*sin(x8))/x5)',0.0002347075102224,1835008,feynman_I_9_18,2,96666,9,16384,paper,6,0,1884968544,0.0002347070840187,0.0003071149638850739,0.01578906201855131
604.153643657919,'(0.383568*x0*x1*x2/(x7 + (x4 + cos(exp(x4 + sin(x5))) + x5/(x4**2*sin(x3)**2))**(sin(x3)**2) + sin(sqrt(x3**(-0.858141*x7*sin(cos(cos(2*x4)))/x6))*exp(sqrt(2)*sqrt(x8)))))**((exp(sqrt(x2))**(-1.16911))**(x3**(x7*log((0.134104*x1*x8*sqrt(x1**(-0.368619) + sin(x5)))**(cos(x4 - 0.920403)**log(exp(sqrt(x2)))))*cos((0.710622*exp(x6))**log(x0/2) + sin(sin(sin(sin(sin(sin(sin(sin(x5)))))))))/x6)))',0.0003464526640898,2588672,feynman_I_9_18,3,96666,9,16384,paper,6,0,1859786275,0.0003464517940301,0.0003747699379994191,0.014817351329235692
600.6771347189788,'(exp(0.463372*(-0.923697*sqrt(0.278025**(x1**(-cos(x0) + cos(exp((x8/log(x5))**cos(x5))) + 0.323404)))/Abs(x1) + 0.657564)*exp(x2))/(x3 + x7))**(1.52817**(-log(x4/(-(-x7 - 1.79195*cos(x1))*sin(x3 + x7)/2 + exp((x8/log(x5))**cos(x3)) + cos(x5) + cos(cos(x6) - 0.609942))) + cos(x0) - cos(log(x0/(x5 + cos(cos(x0))))) - Abs(cos(0.304655*x5 + sin(sin(sin(sin(sin(cos(x6)))))) - cos(x0) + 0.545928*cos(x1) - 0.38508)) + 0.192032))',0.0009389246007863,3424256,feynman_I_9_18,4,96666,9,16384,paper,6,0,3687649985,0.0009389243205077,0.000881195811009117,0.014789527987376061
601.4174296448473,'x0*(-x1*x2/(-x5 + sqrt(x4**(exp(sin(x8 - 0.601198) - 0.243115*sin(sin(sin(x5)))) + sin(sqrt(-x1*x2/cos(x7) + sin(exp(x6)))*exp(-x6/4) + sin(cos(x2/x3)) + 0.629434108734131 + 0.915147304534912/x5 - cos(x3)**2/x5**2) - sin(sin(x4))**(sin(x5) - 1.12961) + 0.604138314723969)*(-x6*x8/(-x7 + sin(x3)) - 0.786117434501648/(x4*x5*x8**2)))*exp(-sin(exp(x6/2))/2)) - 0.629434108734131/(x4*x5*x6*x8))/(x7*log(x3 - 0.293842 + (x3 - x4*x6)**2/(x7**2*x8**2)))',0.0001401953281274,3358720,feynman_I_9_18,5,96666,9,16384,paper,6,0,369133708,0.0001401952467858,0.00014298217330096236,0.01602824928895986
606.3260103331413,'0.554792*sqrt(((cos(sin(0.744844*sqrt(x1*(x2 + x6)**(1/4)))) + 1.02771*(cos((x2 + x6)**(1/4)) + x7*sqrt(sqrt(x7) - x8 - 0.371026*log(log(sin(0.174529*sqrt(x5/(x2**2*x6**x6*log(exp(x4)/log(x3/x1)**2)))*Abs(x7)))**2)*cos(-sqrt(x7) + x8 + log(x4)) + 0.855084)/x2)/x1)*log(sin(sqrt(x3))/log(x3*(x5*((cos((x6 + x8)**(1/4))/x3**2)**x8 + 0.495538))**x3 - log(x3/x1)**2)) + log(x4) - 0.554792404174805/x6**2)**(-2))*Abs(x0)',0.0001306063192772,1556480,feynman_I_9_18,6,96666,9,16384,paper,6,0,2995172877,0.0001306062331423,0.00012403941717193293,0.01533065279517718
602.1208862049971,'0.599458*log(exp(0.305152*sqrt(x0)*x1*x2*sqrt(x6*x8*(exp(sin((1.663**(2*x5*x6) - x3**2)**(0.712907*log(cos(sin(x7))))*log(x0*x4))**2) + exp(sin(0.920612*log(x0*x4))**2))/(x3*x7 + log(sqrt(exp((x0*x4 + x6)/(log(x3)*sin(x3) + log(sqrt(x8)) - 1.16987)))) - 1.42581))*cos(sin(exp(-0.843305*cos(x5))))) + sin(sin(0.085517*(-(-x3**4 + Abs(x3)**(4*x8))**(log(cos(sin(x3)))*cos(x5)/2) + log(x0*x4**2))/x5)))',0.0002243515739495,1867776,feynman_I_9_18,7,96666,9,16384,paper,6,0,865305066,0.0002243508788524,0.00024343867712619128,0.014732629314869248
600.0631622360088,'(0.424897/x1**0.886119 - 0.424897*sqrt((0.65885/x8**0.886119 - 0.65885*sqrt(sin(sqrt(x4) - 0.128487)**x3) - 0.65885*log(x0 + x6))**2) - 0.424897*log(x2*sqrt(x0**(x5 - sin(sin(0.223447*x7**2 - 0.470449)))/x7**2)*exp(sin(x5 - sin(0.223447*x7**2 - 0.598854) + sqrt(sin(sin(sin(x3)**2))))) + x2 + sqrt(cos((0.65885*x8**(2*sin(x5 + sqrt(sin((-1/x1**0.886119 + log(x4)**2)**2)) + sin(x4 + x6))) - 0.65885*sqrt(log(x0 + x6)) - 0.65885*log(x2 + 0.505268))**2))))**2',0.0005283463971988,999424,feynman_I_9_18,8,96666,9,16384,paper,6,0,404488628,0.0005283469217829,0.0004957875555916911,0.015012825799930097
600.8118043348659,'(-x0**(0.26098906993866*x4*exp(x1**0.922715 - (x1**(-0.260989 + x6**2*(1.17453*x0*x4**2*exp(-x5)/log(x0)**2 + 1.08376*sqrt(x4)*x8**2 - x7)**2*sin(cos(x7))/(x4*(x1 + cos(exp(1.04104*x3**(1/4))))**2)))**(0.26098906993866*x2/x3)*Abs(x8)**(2*0.0902778**(1.84543*log(x0))))/x3)*(x2 + 0.922715) - sin(x8 - cos(cos(x7))))**2/((-sqrt(x3) + log(x4*x6*(x1 + cos(exp(sqrt(0.0902778**log(x0)))))**2*exp(-x5)/x7**2))**2*cos(x6**2/x7**2)**2*cos(cos(x3) + 0.658929)**2)',0.0002608419417801,1622016,feynman_I_9_18,9,96666,9,16384,paper,6,0,2261209995,0.0002608417125884,0.00028545770041476755,0.015217626240730182
605.5734073747881,'0.0696057*x0**2*exp(sqrt(2*x1 - (x0**2*exp(x2 - x7) + sin(x4))/sqrt(x4**(((0.0589924*x5 + sqrt(x6) + sin(sin(sin(sin(x5)))))**(x4**(x6 + ((2*x1)**x6)**(sin(x3) + 0.776417))))**(Abs(x6)**(2*x1 - 2*x3 + 2*log(x8**4))) + sin(x3) + 0.643566))))*exp(x2 - x7)*cos(sin(x5)) + 0.0696057*sqrt(x4)*(log((2*x1)**x6) - cos(cos(x5 + 0.632704)) + (sqrt(2*x1 - 0.545694)*(sqrt(x2) + x8**4*exp(x2 - x3)) + exp(x2)*log(x0))/x3)',0.0004941652921449,1720320,feynman_I_9_18,10,96666,9,16384,paper,6,0,4190266092,0.0004941653460264,0.0004563267890776445,0.014635842225690015
606.2088186319452,'0.616001*x1*log(x0 + x2**2*(x6 + x8 + (0.628894*x0*x4**x8 + (1.0423*0.912595**(x3*x5/2)*x0*(x0 + x2) + cos(sin(x5)))**x8/x3**2)**x6*(-0.0207084*(x2**x0)**(0.750911*x0) - 0.959419/cos(x7))**(-x1 - exp(sin(sin(0.574175*x7*x8))) - 0.773702) + (((0.912595**exp(Abs(x3)**(2*sin(sin(x6 + x8)))))**x3)**(0.665857 + 0.489749789237976/x1))**(Abs(x3)**(2*sin(sin(0.616001*x7**2)))))/x3**2)/x5 + x4**2/(x5**2*x7**2)',0.0002461621372061,1556480,feynman_I_9_18,11,96666,9,16384,paper,6,0,3160032368,0.0002461629628669,0.0002522022632598456,0.014869279065905265
603.8817311159801,'exp(-x2**log((0.417826*sqrt(x7))**exp(x8/(x3*sin(log(((0.417826*sqrt(x7))**exp(sqrt(log(0.174578*x3*x7))) + 0.980735)**2)) - 1.21423*sqrt(x4) - 0.147156))) - exp(sin(x0 + sin(log((0.769598**exp(sin(x6 + 0.769598) + cos(x1 - x2**log((0.442077*sqrt(x7))**exp(x8/(0.592281*x3 - 1.21423*sqrt(x4) - 0.237299))))) + 0.980735)**2))) + cos(x1 - 0.423511*x7*log((x7/x2)**(1/4))))/(sqrt(x4) + x7 + cos(x2)**2 + cos(x5 + exp(cos(x4)/2))**2))*log(x0 + x6)*cos(sin(x5))',0.0005654648316821,2097152,feynman_I_9_18,12,96666,9,16384,paper,6,0,3269070126,0.0005647332291118,0.0006665284443643257,0.01584463092513179
603.2837608309928,'x1*sqrt(x4*x8/(x7**2*(-sqrt(sin(0.699839*x6*Abs(cos(x5)))**(x0 + cos(x0))/x5) + exp(cos(cos(x5))/((sqrt(x2) - 0.0440675)**(x2 + exp(sin(sin(0.830688*x6*cos(x7))**4))) + exp(sin(x6*sin(x6*sin(sqrt(sqrt(x2) + x3 + cos(x3 + 0.489775*x6**2)))*sqrt(cos(sin(0.699839*x6*Abs(cos(x5))))))**4*cos(x7))**4/exp(sqrt(sin(sin(sin(sqrt(x2)*x6*cos(x7))**4))))**1.6883) - 1.04787254333496)))**2))*Abs(x0)/x3',0.0002005206250913,1064960,feynman_I_9_18,13,96666,9,16384,paper,6,0,3081541439,0.0002005206479225,0.00020367790977815215,0.014927283218609012
603.1111317120958,'1.10965*(x1*x2/log(x3**exp(sqrt(-x4 + x5))) + log(sqrt(x0) + 0.00217223*x1**2))*(0.405234*x4 + x6**x8 + x8*(x1*x2/log(x7**exp(sqrt(-sqrt(x0) + x5 - cos(exp(0.405234*x4*cos(x3 + sqrt(cos(sqrt(x8) + 1.10965)**4)*Abs(x0))**2))))) + log(sqrt(x0) + (0.0466071*x4*x8 + 0.0188868)**2))**2 + sin(x1) + cos(exp(0.405234*sqrt(x0)*cos(x2*sin(x6**x8)*cos(sqrt(x8) + 1.10965)**2 + x3)**2))**2 + 0.405234)/(Abs(x3)*Abs(x7))',0.0002777796903485,1441792,feynman_I_9_18,14,96666,9,16384,paper,6,0,3376120482,0.0002777798217721,0.00027992686939548616,0.014799631512220067
601.968409112189,'0.75704*x1*sqrt(x7**(-2.08286))/((Abs(x0)**(2*x8/(x4*sqrt(x7**(-2.08286)) - 1.19591)) + sqrt(-0.621728*x8 + (x3 - 0.685627*log(x8 + exp(x0) + cos(x0 + x6 + sqrt(-x4/x6**1.04143 + (x3 - sqrt(x5)*log(sqrt(x5)))**2/(sqrt(x5)*log(sqrt(x5))))/x6)))**2/x4)/x6)/(x0 + x8 + log((x4/(x6**(-1.04143) + (x3 - 0.621728*log(exp(2*x4 + sin(exp(x0))) + exp(sin(exp(x6)))))**2))**(1/4)))**(log(x2)/log(sqrt(x5))) + log(sqrt(x5))**2)',0.0003145137421575,1523712,feynman_I_9_18,15,96666,9,16384,paper,6,0,2204291346,0.0003145143564324,0.00032335225492109465,0.015664712928069403
610.7281605571043,'0.726021*x1*x2*exp(sin(x5)/2)/(0.848358**(2*sin(x3))*sqrt((x7**2 + 0.565013/sin(0.264573*sin(sin((0.778014 - x4)**2))/cos(sin(8.19561*cos(sqrt(x4))))))/((x7 + 0.904211)**exp(-sin(cos(exp(sin(x5))))**(sin(x3)/2) - cos(x8) + cos(sin(0.758308*exp(2*sin(x5))))))**log(x6**2) + 1.4554*(x7**2 + 2*cos(log((x8**x7)**log(x4**2))))**2*exp(-2*x0)))',0.0003523778575907,1114112,feynman_I_9_18,16,96666,9,16384,paper,6,0,550243861,0.0003523779741954,0.00032339915471741513,0.014634600315693866
600.6531443141866,'x2*sin((x0*x6*exp(-sqrt((x3**1.10459 + x8**log(x0)*(-log(x8 + log(x1) + sin(sin(sin(sin(sin(sin(sin(sin(x3))))))))) + cos(log(x8 + log(x1) + log(x4)))**cos(exp(sqrt((1.16879*x7 - 1.16879*log(x1) + 1.16879*sin(x3))**sin(x4 - sin(sin(x7 - log(x6) + sin(x5))) + 0.372999))))/log(x8 + sin(x1))))**cos(log(x1)))) + sin((x4/(1.23171*x5 - 1.23171*log(x1) - 0.45338) + log(x0))/(1.51711*x5 - 1.23171*log(x8 - 0.4688) - 1.51711*log(x4 + log(x1) + sin(x3)) - 1.74468)))/(1.23171*x7 - 1.23171*log(x1) - 0.556826))',0.0001675037399617,6717440,feynman_I_9_18,17,96666,9,16384,paper,6,0,3606691181,0.0001675040839472,0.0001659916365063822,0.014101770833050569
600.6888328790665,'0.654125*x1*(x0 + sqrt(exp(0.958892*sqrt(x4*x8/sqrt(x3**x7))*(x0*(-x2/sqrt(x3**x7) - sin(x6*(0.835871*x4 + 0.835871*x8)/log(x5)) + cos(2.03406*sin(x6*(0.916847*x4 + 0.916847*x8)/log(x5))/(x4*x8)) + 0.279595) + sqrt(x6/sqrt(x3**x7))*(x0 + Abs(x6)/(x5**(x2 + 0.458843))**(1/4)))) + sin(sin(cos(x2/(x0 - 0.518223))))))*(x2 - x6/sqrt(x3**x7))/(x3*x7*log(x5))',0.0001868342146613,4440064,feynman_I_9_18,18,96666,9,16384,paper,6,0,1934392872,0.0001868347317213,0.00017906794764300138,0.015063915797645318
600.099855172215,'x2*(x0/(0.802652*sqrt(exp(x5 + 1/(((x3 + log(3.10073*x7 + 3.10073*sin(x5))**exp(cos(x1*x8**2/(x7 + exp(x4*sin(x5 - 0.439667)) + sin(x5)))**2))**(-2))**0.187414*Abs(x4)**0.749656))*log(x3 + cos(x0))) + 2*cos(10.7065*exp(cos(cos(x1)))/x7)))**sin(log(x6**2 + exp(x1) + log(3.10073*cos(x3 - x8) + 4.59344)**(1.05024*1.29134**(sqrt((x0 + sin(x0) + sin(x5 - 0.439667))**x4)))))',0.0002895903726293,1540096,feynman_I_9_18,19,96666,9,16384,paper,6,0,2148995112,0.0002895915531553,0.00029723437719783705,0.015360077705745646
613.8326565450989,'-0.0344129*(sqrt(x0) + sin(log(x5**2))**8)*(sqrt(x0) + 2*sin(log(x8))**8)*(-4.16354*sqrt(x6) + cos(cos(x3))**2)*(x4**x8 + cos(sin(x7)) - 0.176144242286682)**sin(log(x2))*((log(sin(log(x1)) + 0.209415)**2)**(sin(exp((0.225445**((log(x8)**2)**exp(-0.386065*x4**2*cos(0.864503*sqrt(1/cos(sin(x7))))*cos(cos(x5))/cos(cos(x3)))))**(sqrt(cos(sqrt(sqrt(log(x1))/cos(sin(x7))))**8))))/2))**log(cos(cos(x5)))/(log(x3)*log(x7))',0.00059061528495,1081344,feynman_I_9_18,20,96666,9,16384,paper,6,0,1592565386,0.0005906128790229,0.0005773065869803163,0.015862985259919183
600.8594258269295,'0.530186*x0**(sin(log(exp(sin(log(x0) + 0.0165313))) + 0.019833)**cos(x3 + (0.826198816299438/sqrt(x8))**cos(-x4*(x8 - 0.228017)/sqrt(x4/sqrt(x6)) + 2*x5 + x7 - sin(0.380247**cos(-x7 + sqrt(x8/x6) + 0.626814)) + 0.223863) + 0.20403))*x1*x2*(0.826199**cos(-x4*x6/cos(sqrt(exp(0.826198816299438/sqrt(x8 - 0.105845)))/x6)**0.111931 + x5 + sqrt(cos(sqrt(x4)/x6))))**cos(x7)*exp(-0.755238*sqrt(sqrt(1/((1/x6)**(1/4)*Abs(x4)**(1/4)))/x6)/sqrt(x8 - 0.228017))/x7',0.0001539212589915,2850816,feynman_I_9_18,21,96666,9,16384,paper,6,0,784044718,0.000153920991579,0.0001648124032544815,0.0158306143559567
603.5279826580081,'x0*exp(-sqrt(1.93632**(0.702816*(x7 + x7/x4)**(cos(0.632695*x3**2)/4)*(-x6*x8 + cos(x1**sin(((((cos(cos(x7/x1))**exp((cos(cos(x3**2))**(sqrt(-0.702816 + sin(x4)/(x6*log(sqrt(x1))**2))))**cos(0.632695*x3**2)))**x7)**x7)**(x7/4))**(1/16)) - 0.262901425361633) + cos(sqrt(cos(cos(1.5471*x7))**x3))))*x5/x2 + exp(cos(0.89147*x2)) + exp(cos(x4)) - cos(exp(log(sqrt(x1))**2*cos(x4)) - x7/x1) - cos(sin(x5))**(x5/x1)))',0.000336105590632,2998272,feynman_I_9_18,22,96666,9,16384,paper,6,0,3980425317,0.0003361034614499,0.00033663771240284443,0.015228248065534996
602.1114537341055,'0.110900641615588*sqrt(x0*(x0 + cos(1.15625*exp(x2)))**(1/4)*(x5*exp(cos(x8/x3)) + (x2 + cos(1.15625*exp(x2)))**1.91521*cos(cos(1.11257004737854/x4))**4)**(-cos(x8/x5) - 0.720918297767639*(-x6 - 0.0470185)/((-0.246722534522617*x4 + cos(x8/x3))*(x5 + sin(sin(x7 + 0.576459586620331)**8))))/(x2**cos(x0)*((x2 + 0.14518)**2/(-x7 - 0.576459586620331)**2 - cos(exp(-0.831648*x5*x6/(x2 + sin(x7 + 0.576459586620331)**4))))**4*cos(cos(x3))))*Abs(x1)',0.0002787033710709,1425408,feynman_I_9_18,23,96666,9,16384,paper,6,0,3356806661,0.000278703199001,0.00026889978242475917,0.015540393043957254
602.4272164718714,'x2/log(exp(0.327524**log(x0)*(sin((x5 + x6)/x6) - cos(sqrt(x1) - 0.287694))**2 + (x3 - 1.24805*sin((x5 + 1.23391)/x0) + 1.24805*cos(x4 - sin(x7)**2))/(sqrt((sqrt((-sin(0.0725775957107544*sqrt((0.287694*sin((x5 + x6)/x8) - 0.362405)**2*(sin(sin((x5 + 1.23391)/x6)) - cos(sin((x7 + 1.23391)/x6)))**2)/(log(sin(x3)**2) + log(sin(x8)))))**(((log(x8)**((sin((x3 + 1.23391)/x0) - cos(x4 - cos(x4 - x7)**2))**2))**(sqrt(log(x8)**2)) + 0.0693531)*log(x8))) + log(x7 + sin(x8)))**(-2))*Abs(x1))))',0.000183670884253,1359872,feynman_I_9_18,24,96666,9,16384,paper,6,0,2765379632,0.0001836708688642,0.0001811942124869383,0.014239798552733782
600.5388515910599,'x0/(x3*log(x7 + (sin(sin(x8**0.80792 - cos(log(x1)) - 0.99417 + x6/(x5*log(x3*log(2.80447574519781*exp(-x8**(x6**x4) + cos(log(x1))) + x5/x2))))) - 0.540089)**2 + cos(x1**2/((x5**2/x2**2)**(0.976882219314575 - cos(log(x1))))**0.799637))) - 0.094347*(sqrt(x0) - 0.505232)*(-x2**2 + exp(x2)*log(sqrt(x5) - (cos(sqrt(x1) - x4 + sqrt(cos(log(x6))/(((x4**x6)**x6)**x6)**x6))/sqrt(x2))**cos(sqrt(x1))) + exp(sin(x4**x6)) + 1.02185)*sin(sqrt(x3))',0.0005815706855613,2424832,feynman_I_9_18,25,96666,9,16384,paper,6,0,1728356533,0.0005815708427689,0.0005248561398506196,0.014249937449243672
611.0141369078774,'0.145172*log(0.304405**(2*cos(x0))*x1**2*x2**2*(x1**3*x2**3*(0.796224*x8**2 - 0.796224*cos(cos(x3) - 0.0792981))**2)**(x6/x3)*sin(sin(exp(2*sin(x4 - sqrt(sqrt(x4)*x7)))))*cos(x5)**2 + exp((x4*sqrt(x0**4*x3*(cos(0.937907*x7 - 2.12958) + 0.304405)**x4 + x0**2))**(2*x6**2/x3**2)*log(0.694321**cos(0.552283*x1)*x1**2*x2**2 + exp(sin(exp(2*sin(x6**2/x3**2)))))/x7))',0.0009619734101644,933888,feynman_I_9_18,26,96666,9,16384,paper,6,0,3533734220,0.0009619700140319,0.0009413117019264293,0.01514501969743175
603.2061376320198,'log(exp(-0.223307*x0*x2*cos(x5)*cos(0.18816*cos(x7) + cos(log(x1/cos(0.223307*x4*x8))))**(0.605743*x7))**(1.36248*(cos(cos(0.868717*x5))**(cos(x6)/(x6 + 1.21244)) + cos(cos(0.223307*x4*exp(-0.223307*x1*x6*x8*cos(0.863786*x5)*cos(0.191927*cos(2.72535*x5) + cos(0.595713*x7))**(0.595713*x3))**(1.40643*(cos(cos(x5/cos(0.863786*x5)**2)) + cos(cos(x5/cos(Abs(cos(0.191927*x8))))**2)**(0.270746*x4))**2/x3))))**2/x3))',0.0002566630867252,2834432,feynman_I_9_18,27,96666,9,16384,paper,6,0,2342600226,0.000256663392065,0.0002429440058151138,0.014836311234937583
600.5224261330441,'0.0920322*x0*x1*((0.197296*x2 + 0.197296*sin(sqrt(x3) + log(x7)))*cos(1.71486*x6 + 0.731275*x8*sin(sin(sin(x5))) + cos(x3 - 1.2448*Abs(x8)) + 2.13388799274736) + (x2 + sin(sqrt(x3) + log(x7)))*cos(0.725626*sin(x5)) + (0.193227*x2 + 0.193227*sin(0.140195*x3**2*sin(sin(x5)) + 1.71486*x6 + x8 + 2.05732904143014) + 0.193227*sin(exp(-sin(2.94075*x4 - 2.23054396207089))))*cos(1.71486*x4 + cos(x7 - 1.27102*Abs(x8)) + 2.13388799274736))',0.0002478415062563,3538944,feynman_I_9_18,28,96666,9,16384,paper,6,0,1904449481,0.0002478411188349,0.0002722167506742015,0.015601323771341614
603.0394331538118,'1.78381*(x0*x1*(x2 + x7*(-3.86551*x6*cos(x8 + sin(x4))/x7 - 2.09181 + 3.86551*cos(cos(log(2.26924*exp(x5))))/x7)/(x3 + 0.38451 + 0.999007*x7/x2**2 + 0.620089*x7/(x0*x2**2)))/(sqrt(x3)*((x5 + 0.257391)**2 + log(((x4 - cos(log(exp(sin(x3) + 1.61267*(x5 - 0.647808)/x7)))**2)**(6.94514*x4/log(exp(sin(x7)**2) + 0.620089*x7/(x6*sqrt(x2*x8)))))**(-0.284957)))))**0.942489',0.0001498920467348,1507328,feynman_I_9_18,29,96666,9,16384,paper,6,0,1934709049,0.0001498925412306,0.00015613274677209033,0.015377541590021202
600.7523600771092,'(x0*sqrt(x2)*sin(sqrt(x2)/x3 + x8/(x3 + cos(x1)))/(x5 + cos(x4) - 0.0212995))**(sqrt(x7/(x1*x6)))',0.0012838248773048,19464192,feynman_I_9_18,0,96666,9,32768,paper,4,0,3324115916,0.0012838244438171,0.0012824015141010528,0.01500963479960869
601.5022232991178,'1.32848**(-x7 + sin(x3) - sin(x4 + x8) - sin(sqrt(x6) + x6**(0.62988*x8)))*x0*x1*x2/x5',0.000341029272408,8093696,feynman_I_9_18,1,96666,9,32768,paper,4,0,2811363264,0.0003410303324926,0.00030196610776652864,0.014787830527591556
601.6323588520754,'0.204115*x2*(x0*x1*x8*exp(-0.739654*x3)*exp(x6) + x0*x1 + x4 - x5 + 1.7892)/x7',0.0005682521633082,15564800,feynman_I_9_18,2,96666,9,32768,paper,4,0,1884968544,0.0005682514165528,0.0006534899730367451,0.01578906201855131
600.0021999268793,'exp(0.373546*x1*x2*sin(x8) + (1.08103775978088 - cos(log(x3/x0)))*(-x7 + exp(exp(-sin(cos(x6)))*log(x4))))/x5',0.0023008948697521,19365888,feynman_I_9_18,3,96666,9,32768,paper,4,0,1859786275,0.0023008952848613,0.0022952088473754424,0.014817351329235692
600.6398274749517,'1.1817*x2/(x3*x5*x7/((x8 + ((x1 + x6 - 0.144849)**(x0 + x4))**(1/4))*(x0 + x1 - 0.392177)))**1.26063',0.0005293966655165,19300352,feynman_I_9_18,4,96666,9,32768,paper,4,0,3687649985,0.0005293952417559,0.0004901011260789841,0.014789527987376061
600.9452403308824,'x0*x2*sin(x1*x4/(x7 + sin(x5 + x7)))/(x3 + (x4*log(x5)/(x6*x8 + 0.282561))**x7)',0.0009523840468312,19759104,feynman_I_9_18,5,96666,9,32768,paper,4,0,369133708,0.0009523832704871,0.0009940609645194688,0.01602824928895986
600.0895897361916,'x0*x1*x2**(sqrt(x8))/(sqrt(log(x7)**(sqrt(x2))/x6)*(x3*x5 + 0.956510543823242*x3**(-x4 + x7 - x8)))',0.000831718283397,17301504,feynman_I_9_18,6,96666,9,32768,paper,4,0,2995172877,0.0008317178580909,0.0008085654662330314,0.01533065279517718
600.4344983210322,'log(exp(x2*(sqrt(x0*x1) - 0.615064)))/(x3 + x7*exp(-(x4*x8**2)**(x6 + sin(x5))/x7) - 0.142833)',0.0013230799915876,7438336,feynman_I_9_18,7,96666,9,32768,paper,4,0,865305066,0.0013230808544903,0.001413140971269076,0.014732629314869248
603.4788784731645,'(-0.359951**x4 + x2*(0.451275**(2*x5 - 2*x8) + 0.468687**(2*x3 - 2*x6 - 2*log(x8)) + x0*x1/x5))/x7',0.0010290726674046,4751360,feynman_I_9_18,8,96666,9,32768,paper,4,0,404488628,0.0010290709324181,0.0010156108658998277,0.015012825799930097
600.8490282539278,'-0.35188*sqrt(x8)*(-sqrt(x1 + 0.110922) + cos(x0*x2/(x5 + cos(x3 + 0.440642416477203))))*((x6**x4)**(x4/2))**(1/4)',0.0020678586008111,19070976,feynman_I_9_18,9,96666,9,32768,paper,4,0,2261209995,0.0020678581204265,0.0020937611714536633,0.015217626240730182
600.7909107930027,'x1*x2/(x3*(-x0 + x7 + 0.630009*(x4**(-0.389748) + cos(x6 - 1.01995))*(-x4 + x5 - x8 + cos(x6))/x0))',0.0005404982750159,18448384,feynman_I_9_18,10,96666,9,32768,paper,4,0,4190266092,0.0005404980620369,0.0004872698283865816,0.014635842225690015
600.8506781840697,'x1**(x8/2)*x2/(-x6*sqrt(x1*x8) + x7/cos(sin(x5)) + (2*x3 - log(x4 - 0.995192))/x0)',0.0012593872907221,18415616,feynman_I_9_18,11,96666,9,32768,paper,4,0,3160032368,0.0012593880528584,0.0012814018794459398,0.014869279065905265
601.2866033881437,'0.428210496902466*x0*x2*(x2 + x6 + log(x4**(x8**2)))*exp(-0.716488599777222*x5/x1)/x7 + 0.278324/x3',0.0017355417079674,7831552,feynman_I_9_18,12,96666,9,32768,paper,4,0,3269070126,0.0017355406889691,0.0019270748267118654,0.01584463092513179
600.6357509959489,'0.277342*x2*sqrt(x4)*Abs(x0)*Abs(x1)/((x3 + x7 - x8 - 1.01713*exp(x6/2))*log(x5))',0.0002540866836393,17367040,feynman_I_9_18,13,96666,9,32768,paper,4,0,3081541439,0.000254087470239,0.0002607021833888611,0.014927283218609012
600.4331412420142,'x0*x1*(((x2 + x7**(-x7 + 1.42903*exp(x6/2)))**(x2/2))**x4)**(0.310867*x8)/(x3*x5)',0.0006937418079622,9764864,feynman_I_9_18,14,96666,9,32768,paper,4,0,3376120482,0.0006937428261153,0.0006976262285791211,0.014799631512220067
600.8596328180283,'x0*(x6 - (-x2/x5 + x6)/x1)*log(x2 + x4*x8*exp(cos(sin(x1)))/x5)*cos(sin(x7))/x3',0.0007954187547416,19136512,feynman_I_9_18,15,96666,9,32768,paper,4,0,2204291346,0.0007954187458381,0.0007605885626286739,0.015664712928069403
600.4135930719785,'-0.979397*0.685847**x7*sqrt(x4)*(x1 - cos(x0))/log((x2 - cos(log(x6)))**(exp(-sin(x5))*cos(0.690737*x8))/x3)',0.0018354857019095,16744448,feynman_I_9_18,16,96666,9,32768,paper,4,0,550243861,0.0018354858038946,0.0018580892653956686,0.014634600315693866
600.0514596311841,'x0*x1*x2*sqrt(x4/(x3*(x3 - x6 - x8)/sqrt(x8) + x5 - sin(sin(sin(x5)))))/(sqrt(x5)*x7)',0.0001855924639321,19169280,feynman_I_9_18,17,96666,9,32768,paper,4,0,3606691181,0.0001855922600952,0.00017412507027177683,0.014101770833050569
600.8701011631638,'0.607053*x0*x2*(x4 + x6)*exp(x1/x5 - x1**cos(x5))*sin(sqrt(x8))/(x7*(x3 - x8/x5))',0.0004439176901674,19693568,feynman_I_9_18,18,96666,9,32768,paper,4,0,1934392872,0.0004439141775947,0.00041178855573447727,0.015063915797645318
600.8173922479618,'x0*x1*x2*exp(0.351302*x4)*exp(0.351302*x6)/(x3*x5*(x7**3/x8**(2*cos(sin(x3))))**0.351302)',0.0002498286338827,14811136,feynman_I_9_18,19,96666,9,32768,paper,4,0,2148995112,0.0002498286485206,0.00024416443989672533,0.015360077705745646
600.0739325231407,'x1*x2*(x0*(-0.69507**(2*x6) + exp(-x5 + x8)*Abs(x4 + 0.113598)**1.78407) + x0)/(x3*x7)',0.0004042309714393,5439488,feynman_I_9_18,20,96666,9,32768,paper,4,0,1592565386,0.0004042292712256,0.000396833461756286,0.015862985259919183
600.022843683837,'x0*x1*exp(exp(-0.840772*cos(x6**x8))/x3)*exp(-0.821568*cos(x2))/(x7*(x5 + cos(x4) - 0.189211))',0.0011928497564468,19267584,feynman_I_9_18,21,96666,9,32768,paper,4,0,784044718,0.0011928491294384,0.0012009319982641342,0.0158306143559567
600.803838971071,'3.02022*x0*x1*x2/(x3*x5*(0.339893182067221*x7*log(x6) + cos(x4) + cos(x8) + x7/x6))',0.0002787509538128,7536640,feynman_I_9_18,22,96666,9,32768,paper,4,0,3980425317,0.0002787520061247,0.0002637181437553276,0.015228248065534996
600.6165635511279,'x2**(sqrt(sin(x3) + sin(x6)))*sqrt(log(x1**(x0**x2*x4*x8/x5) + log(sqrt(x0))))/(x7 + cos(x6))',0.001279647960364,19038208,feynman_I_9_18,23,96666,9,32768,paper,4,0,3356806661,0.0012796472292393,0.001235802440652485,0.015540393043957254
600.0085673800204,'x0*x1*sqrt(x4*x8*sqrt(x2*(x3 - sqrt(x5))))/(0.736362**x6*x5*x7*(-x2 + x3))',0.0003437379171538,11927552,feynman_I_9_18,24,96666,9,32768,paper,4,0,2765379632,0.000343737687217,0.00033223265573232024,0.014239798552733782
600.5514747230336,'3.10235207664636*x0*x1*(0.17023*sqrt(x8) - 0.17023*cos(x2) + 0.137956788116753/x3)*cos(cos(cos(x5)))/(x3/x4 - sqrt(x6) + x7)',0.0013060711827937,20119552,feynman_I_9_18,25,96666,9,32768,paper,4,0,1728356533,0.0013060711789876,0.0012415859832693261,0.014249937449243672
601.5018037839327,'(x0/cos(x6/(x7*cos(0.804297*x7))) + x4*x6*x8**x0/x7)*log(x1 + x2)**2/(x3*x5)',0.0007023959953252,7471104,feynman_I_9_18,26,96666,9,32768,paper,4,0,3533734220,0.0007023960351943,0.0006709991391771604,0.01514501969743175
602.9943724810146,'x1*exp(1.05757*x7/(-x2 - x8**(1/4) + cos(x4*log(x0 + 0.0159989*x6**4*x8**2) + 0.369017)))',0.0028375938890563,5537792,feynman_I_9_18,27,96666,9,32768,paper,4,0,2342600226,0.0028375934343785,0.002927804283537566,0.014836311234937583
601.5393517978955,'x2*((x0*x1 - 0.550315)/x5 + 2.00888*x4**2*(x6*x8 + 2*sin(x7))/(x3*x5**2))/x3',0.0005366358516966,7798784,feynman_I_9_18,28,96666,9,32768,paper,4,0,1904449481,0.00053663586732,0.0005664790422219536,0.015601323771341614
600.2290648380294,'sqrt((x1**1.08035)**x2)/(x7 - x8 + cos(x0) - 1.21799*x5*(x3 - x6)/(x0*x2*x4*cos(x5)))',0.0006626509231841,16384000,feynman_I_9_18,29,96666,9,32768,paper,4,0,1934709049,0.000662648351863,0.0006709227444897618,0.015377541590021202
607.6869008950889,'(x1*x2*(x2*(0.236272*x1 - 0.236272*cos(-x0 + x3 + x7)) + x2*(x1 - cos(cos(x7)))*(x6*(0.236272*x4 - 0.236272*cos(x6)) + cos(cos(-x0 + x3 + x5)))/x7)*exp(-sin(x0 - x8*(sqrt(x6) - (Abs(x0 + 1.24109) - 1.07684)/(x4 + cos(x2**2*(0.236272*x4 - 0.236272*cos(x0))**2)**x1)**2)*(0.236272*x1 - 0.236272*x4 - 0.236272*x5)))/x5 + cos(cos(-x0 + x3 + cos(cos(-x0 + x3 + sin(x4*(x2**x8 - cos(x1 - cos(cos(x7))))/x7))))))/x5',0.0008526122073669,2228224,feynman_I_9_18,0,96666,9,32768,paper,6,0,3324115916,0.0008526119054295,0.0008765800866042568,0.01500963479960869
619.2165147738997,'sin(exp(cos((1.00909 + ((exp(cos(x1))*log(x4)**2)**sin(0.781999*x3*exp(-x8)*exp(-x8/sqrt(x5 - 1.11721))*exp(cos(x1))) + 1.00909)**2/(x5 - 1.11721)**2)**2/(x7 - 1.11721)**2)) - 0.276514)/(x3**(2*sin(0.844028**x2)**2))**(2*sin(exp(-0.973562*(sqrt(x0*sqrt((x1/(log(x3*sqrt(x0/(x4*x8)) + (x3*sqrt(x0*exp(-sqrt(sin(sqrt(x3))))) - x5 + (2.22642 - x5)**2)**2)/(x4*x8))**(1/4))**x2) + log(x6)) - 1.04804)**2))**2)',0.0005723069445554,1376256,feynman_I_9_18,1,96666,9,32768,paper,6,0,2811363264,0.0005723087233491,0.0005305048383525437,0.014787830527591556
601.3440600109752,'x0/(sqrt(x7**(log(log(log(1.58027789637367*x3**2*exp(2*x7)/(x8**(4*sqrt(x2 + x5))*(x2 - 0.522058)**4*(x2 - x5)**4) + 0.599073) + 4.7904178012875))**(x6**2/2))) - log(x1/log(0.225801*x3**2*(x2 - x5)**4/x4**2 + x3 + log(0.0189434*sqrt(x4) + 0.246424871235434*exp(2*x3)/(x2 - x5)**4)**(0.51091**(0.160318*x3**2*exp(2*x3)/x4**2)))))**2',0.0006484916730257,1277952,feynman_I_9_18,2,96666,9,32768,paper,6,0,1884968544,0.0006484917830675,0.0006381915127019633,0.01578906201855131
602.3617499161046,'x1*x2/((sqrt((x5 - x8)*log(x5 - sin(x6/(-0.942513*x4 + 0.942513*x7) + log(x8**x6) - 1.16214))) + (0.666275**(x6*(1.02645*x4 + 1.02645*log(x0 + sin(x3)))/(sqrt(x0*sqrt(cos(cos(x3)))) + sin(sin(sqrt(-0.942513*x0 + 0.942513*x5))**x3*sin(x0 + x6 + 0.789965*sin(x0)**(x5 + x6))))))**((x6 + x7 + sin(x3))**sin(x7))*sin(x0 + 0.379663))*(x3 + sin((0.286167**(0.131329*sin(x0*cos(cos(x5)))) + sqrt(x4))**x0) + sqrt(cos((x5 - x8)**sin(x7)))))',0.0001741198479813,4718592,feynman_I_9_18,3,96666,9,32768,paper,6,0,1859786275,0.0001741201267577,0.00016703920481225942,0.014817351329235692
607.7744845729321,'x2/(x3 - x8 - log(-x3 + (x4 + x6)**2 + sin(x1) - 0.992173) + exp(-x1 + exp((x1 + x5)**(1/4)))/(2.1565*x0 + x0*log(x7*sin(x3) + (x4 + x6)**2 - 0.832174)/sqrt(x0 + x1 + (x1 + x5 + exp(-2*x4 - 2*x6 + 2*(sqrt(x1 - x8*(x8 + sqrt(-x8*(x1 + x5) - (-x3 + sin(x4))**2 + exp(x7) + x6/x0)) - (-x7 + sin(x4) - 0.357616)**2 + exp(x7)) - 0.357616)**2))**0.144333 + 0.0808274)))',0.0002934603965342,2392064,feynman_I_9_18,4,96666,9,32768,paper,6,0,3687649985,0.0002934598596766,0.0002682077284437424,0.014789527987376061
600.2716408518609,'x1*log((exp(x4 + exp(-x3/2 + exp(sin(sin(x7)))/2) - sin(x5*x5**(0.394182801246643 - x5)*sin(x6*x7)*sin(exp(-x3 + x8**2))))**(x0/x5))**(x2/(x3 + x4 - x6*x8 + 0.759386*x7 + 0.697664*x8 - 0.302336*exp(x4/x3) + exp(x4*cos(x5 + 0.759386*x7 - 2.2975073467225*sqrt(exp(-x3 - x4 + (sqrt(x5)/x4**2)**x8)) + 1.74116*sin(log((x5 + 0.604672*x8)**2)) - sin(sin(exp(-x3 + x6*x8))) - 1.20826137065887)) - 0.832822203636169)))',0.0001072406932278,4882432,feynman_I_9_18,5,96666,9,32768,paper,6,0,369133708,0.0001072406230377,0.00011508474790076287,0.01602824928895986
601.3760928520933,'sqrt((0.288303*x0**(2*cos((sqrt(x1) - 0.425243)*sin(x7))) + 0.288303*x6 - 0.288303*x7 + 0.288303*x8 + 0.622262864513575*exp(x0*log(sqrt(x1))**2)/cos(x7**(sqrt(x8) - exp(cos(log(0.728786**x6))) + cos((sin(x7) - 0.176788)/x0))))**x4/(x3**(exp(cos(log(x1))) - cos((-exp(cos(log(x2))) + cos((log(sqrt(log(sqrt(x0)))) - 0.542752)/cos(x3)) + 0.700339)/x4) - 0.877127)*(exp(-x1 + cos(x1) + cos(cos((x0 + 0.279255)*sin(cos(x1))))) + cos(0.728786**cos(x0**x6))) + exp(x3/x2)*exp(-sin(x5) + cos(x1))))',0.0003007716294725,2785280,feynman_I_9_18,6,96666,9,32768,paper,6,0,2995172877,0.0003007718478329,0.0003179320860944012,0.01533065279517718
607.7641876679845,'sqrt(x0*(x1*x2 + 2.45516*x1*x2*(0.202383*x6 + 0.202383*(x6 + 0.418652*(x7 - x8)/(-x0/x3 + (x4**x6)**(2*x6)))/(-0.202383*x4 + x6))*(0.328269*x6 + 0.328269*(x4**(sqrt(x4)) + log(x8**2))/(x6 + x8))*(x3*(x0 + x6 - x7) - sqrt(x4) + x5)/(x3*x7*cos(sqrt(x4**x6)*sin(0.605253994279763*exp(-x3 + x8)))*cos(x4*x8*sin(0.605253994279763*exp(-x3 + x8)))))**2*sin((x5 - log(x8 + log(x4**(2*x8))))**(-1.17565))**2/x3**2)',0.0001115681125868,2949120,feynman_I_9_18,7,96666,9,32768,paper,6,0,865305066,0.0001115681952796,0.00011001789153848685,0.014732629314869248
600.018398960121,'-0.472995*x2*x4*sqrt(x3*log(x1**x8 + (0.656526*x4**2*cos(x0 - 0.664701700210571) + (-0.720452*x3*sin(x3 - sin(x5))*cos(exp(cos(x0 - x4))) + 0.720452*x7*cos(exp(cos(x0))) + 0.720452*x7)*sin(x0)*sin(x1)/cos(x0 - x4))**(x1*x8*(-sin(sin(x4*sin(sin(x5))**2) - 0.30039) + cos(sin(x3 + 0.158124804496765)))/x5))/x5)/((1.52317*x4/sqrt(x8) + 0.31206476688385)**cos(x0 - 0.664701700210571)*(-x7 + 0.857902*(x6 + 0.0629872)*sin(x0) + 1.02886*sin(x3 + 0.179160118103027) - cos(x1)))',0.0002197541762073,4849664,feynman_I_9_18,8,96666,9,32768,paper,6,0,404488628,0.0002197548601543,0.0002192898414151678,0.015012825799930097
604.6762884738855,'(-x2 + (-sqrt(exp(cos((-0.468853**(x1/2 + x6/2 - x7/2) - x0*(x0**x2*(-x0**(0.244656205177307/x1) + x3 - x5 - x6 + x7)/(-x5**2 + x7 + cos(sqrt(x3))) - cos(0.721386288131725*sqrt(sin(x0))/x4**x8)) + log(sin(x4)))/x4))**(x0**x2 + x6 - x7)) + (x3 - x5)*sin(x0)/x1)*(0.907203*x1 + 0.19896 - 0.606391906738281/x4**x8)**2)/(x0**x8*x6**(log(x8)/sqrt(x0)) - x5**2 - exp(cos(exp(x2/2))))',0.000738358408839,2621440,feynman_I_9_18,9,96666,9,32768,paper,6,0,2261209995,0.0007383580086752,0.000786713690096299,0.015217626240730182
608.2548637480941,'x7**(-(x1 + cos(log(sin(x6**0.819302*exp(0.819302*x2 - 0.819302*x3)))))/(sqrt(x4) - x5 + log(x6) + cos(x7)**2 - 1.98471) - 0.389773 + (-0.564369320869446 - exp(-1.07132*(x8 - 0.531823)*log(sqrt(x2) + (0.936805*x8 - 0.00936246)**(sqrt(log(x1**(1/4)))) - exp(-0.306405*x0*(x7 + 0.281736)/x3)**(sqrt(x1)*(sqrt(x4) - 0.217099)) - 0.800889 + (sqrt(x4) - 0.819302)/((0.545859 + log(x6)/(x8**2*(x4 - 0.0499846)**4*(x8 - log(x6))**4))**2*(x5 - 0.153202)**2))))/sqrt(x0))',0.0003797112746139,2162688,feynman_I_9_18,10,96666,9,32768,paper,6,0,4190266092,0.0003797113313339,0.0003873036380730592,0.014635842225690015
600.0781287369318,'x1*x2*exp(-1.27696491858023*exp(-(log(x4) + 0.874772)**(x8**x6) - sin(sin(sin(sin(x5 - cos(cos(x5)))))))/x8**0.727605)*sin(sqrt(x0**x6) - sin(sqrt((cos(cos(x4)) - 0.125616)/sqrt(x8**x6*(1.44764*sqrt(x4) - 1.44764*cos(cos(x3 - 1.13003)) + 1.34885678328283)*((sin(x5 - cos(cos(x3))) + 0.931763)**((1.68042*log((log(x4) + 0.931763)**x8) + 0.248335957527161)**2) - cos(cos(3.09575*x0)) + 0.9317626953125)/sin(x8)))))/(sqrt(x5)*(x3 - 1.13003)*log(log(-0.483865*x4**(x8**x6) + 0.582791*exp(x7))))',0.0002422140037363,3801088,feynman_I_9_18,11,96666,9,32768,paper,6,0,3160032368,0.0002422146353637,0.0002733257437836676,0.014869279065905265
604.739798232913,'x1*log((x0/log(1.37969*x5) + x8**log(exp(cos(sin(0.997241626634538*sqrt((x3 + 1.20226)**(x6 + 1.01927649974823))/x5)**2)/x3)))**x2)/(-0.802587*sqrt(x0) + x5/x6 + x7 - 2*sin(x3) - sin(0.994491 + 1.13063*x5/(x4*x8*sin(cos(0.0701101/(0.264783143997192 - sin(x3)))))) - 0.0942177772521973 - 1.09839177131653/cos(sin(sin(0.994491 + 1.13063*x5/(x4*x8*sin(cos(1.01927649974823/(-x8**x2 - 0.252815842628479))))))**2) + (-x4 + x7 + 0.776610887275275*exp(-x8**x8))/x0)',9.111049958294688e-05,2162688,feynman_I_9_18,12,96666,9,32768,paper,6,0,3269070126,9.111082181334496e-05,0.00010069519664457601,0.01584463092513179
601.6578771059867,'-0.659949243068695*x2/(-(-x4 + x5 + log(x7) + 0.379023969173431*(-x5/(x5/(2*x8) + (x6 + sin(x1))**(x0/2)) + 0.56310772895813)/(x7 - 4.32636))**(x3/((x0 + x8)*(sqrt(sin(x1)) + 0.338704)**(x6/2)) + cos(x1)/x5**0.59737) - sin(x6**(x8*sin(log(0.396818*exp(x7)))/((x3 - 0.336707*x4)**((x3 + Abs(x5)**(2*x1))**(1/4))*log(sin(exp(0.289482*sin(x4)))) - 0.283339) - 0.665539)) + sin(log(x7) + cos((-0.283339**x1 + x4**0.124278)**2)/(0.279540196680996*x0)**sin(log(x5))))',0.0001705216363159,3112960,feynman_I_9_18,13,96666,9,32768,paper,6,0,3081541439,0.000170521743712,0.00016977273422416194,0.014927283218609012
604.4919581669383,'-0.650368*sqrt(((x6**(-0.612167) - 0.243)**2 + cos(x3))**2*cos(x1**(-x1*x4 + sqrt(x7 - 0.472285*log(x0) - cos(log(0.985527314946865*exp(0.0852526*exp(x3) - 0.0852526*exp(x6)))))))**2 + 0.250165)*sin(x7**(-0.306083*x5))*cos((1.02636255081477*x8*sqrt(exp(-0.304335/x0**0.414769 + 0.304335*x2)))**(-x1*sqrt(0.806454*x4*sqrt(-1/(-0.114433 - 0.881390929222107/x2)) + sin(log(x0) + 0.64529)) + sqrt(x3 + x6**(2*(x6**(-1.41614) - 0.243)**2 + 2*cos(x7)) - x8)))/((-0.114433 - 0.881390929222107/x2)*(x0**(-0.414769) - 0.444757))',0.0003423940713409,2293760,feynman_I_9_18,14,96666,9,32768,paper,6,0,3376120482,0.0003423940215725,0.00034870152959700496,0.014799631512220067
600.5374743829016,'log(x2 + sqrt(x4) - sin(x0 + 0.410826861858368) + log(x0 + (x8 - sin(log(x2**(x1 - 0.289189) + (x0**log(x2**x6 + (x4 - 0.289189)**x2))**(0.680977*x8))**2 + 0.410826861858368) + log(x0**x2 + x1**0.680977)**2/(-x6 + x7))**x4)**2/(-x6 + x7))/(x3 + x5**0.205413*sin(log(x1**2/(sqrt(-x2**2 + exp(x5) + 1.85955*(-x6 + x7)**2/sqrt(x8*log(x0**x4 + log(x0**x4 + x0**x8 + log(x0**x4 + x4)**2/(-x6 + x7))**2/(-x1 + x7))**2)) + 0.282251)**2)))',0.0003195176407113,1605632,feynman_I_9_18,15,96666,9,32768,paper,6,0,2204291346,0.0003195175377186,0.0003079653801457208,0.015664712928069403
600.729332660092,'x1*x2/((x5*(sqrt(x5/x4**0.850865) + cos(x7 + sin(x2/(x6 + log(((sqrt(x5/x4**0.850865) + cos(x7 + (x8 - cos(x6))*(log(x0) + 0.496177)))**2)**cos(x7 + x8))))/x2)) + x5**(1.24213*cos(log((x8 - cos(x6))*(log(x0) + 0.496177) + 0.990777))))*sqrt((2.486*(x2 + x6)**(1.24213*cos(log(sqrt(x5*(log(x0) + 0.496177)) + (x8 - cos(x6))*(log(x4) + 0.496177)))))**(-0.472324*x0 + 0.473048*x3 - 0.577431389503332)))',0.0001789628490243,1998848,feynman_I_9_18,16,96666,9,32768,paper,6,0,550243861,0.0001789626840036,0.00017555766736292825,0.014634600315693866
603.4612332228571,'0.138857*x0*x2*(-0.904849683556946*(x5/(sqrt(x0*x2)*(0.837467*exp(2*sin(1.49174381068106*sqrt(x2)*(x6 + 0.449578)*(-0.190113*sin(sin(x7)) - 0.494449) + x5 + sqrt(log(x0**2) + 0.449578) - cos(x0 + 0.958766)**2 + 0.957231)/sqrt(sin(sqrt(x4*x8)*exp(x1/x3)**1.51018) + 1.09582)) + 0.449578)))**(1/4) + exp(x1/x3)**(sqrt(x4*x8))*sin(1.22889*sqrt(x7)) + log(log(x7))) + 0.138857*(0.0468603 + x6/x3)**2*log(x0**2)**(2*log(log(x3))) + 0.0844032',0.0002756260432284,2555904,feynman_I_9_18,17,96666,9,32768,paper,6,0,3606691181,0.0002756315516307,0.0002565778519078173,0.014101770833050569
601.4758791299537,'log((x6 - 1/x7**0.416264 + 0.879977)*exp(0.755019*x0*x1*(sqrt(x2) - 0.000821762)*log(x8*(0.877623*sqrt(x2) - 0.0251583)*(x2 - log((x4/sqrt(x2))**((log(log(x7)) - 0.286634)/sin(x5/(x0 + x1 + 4.01049*x2*log(x4) + x4))**2))) + sqrt(-0.416264*x6 + x8))/x3)/x3**0.416264 + 0.599008)*sin((sin(sqrt(x2) - log(x3)**2/(x7**2*log(x7)**2))/(x7*log(x7)))**(x5/(x0 + x1 + x4 - 1.16133175354426*log(log(x3)))))',0.0003373637300698,1933312,feynman_I_9_18,18,96666,9,32768,paper,6,0,1934392872,0.0003373636573087,0.00033291104060370104,0.015063915797645318
606.2925787859131,'sqrt(log(sqrt(exp(2.84905144850284*x0*sqrt(x4**x2*x6)*sqrt(x6*(exp(x8) - cos(1.1182267665863/(x4*x6))))/((x3 + 0.686265)*(x3 + cos(sqrt(x6*(exp(x1) - sin(x3)**2))/(x5 + cos(log(0.764937*x5*exp(x7))))))))))*Abs(x0)**(0.953419*sqrt(x4))/x5**((x7 - 0.267962)/sqrt(x1**x2*x2/(cos(0.593058705329895/x0)*cos(0.765871*(Abs(sin(x3))**x1 - 0.831904 + exp(-1.25043*sin(x3)**2/x6**2)*sin(1.1182267665863/(x1*x8)))*exp(-cos(log(x7*exp(x5)))) - 0.267962)))))',0.0002253163323648,2326528,feynman_I_9_18,19,96666,9,32768,paper,6,0,2148995112,0.0002253162383567,0.00020906361172079522,0.015360077705745646
614.0714782499708,'4.58729*x0*x1*x2*sin(sqrt(x7) + 0.283784)/((0.427573**(-x0/(x7**2/(x2 + x5/log(x0**x2))**2 + (0.989083*x3/(0.897981*x7 - 0.897981*log(x8)**2 + 0.262224316596985))**((x3 - 1.01687)**2)) + log(x6)) + 1.0*x3**2)*(1.08756*x5 + 0.178077)**(cos((log(x6) - log(x8)*cos(x5))**(log(sqrt(x7) + sin(cos((x0/2 - log(x8)*cos(x1 + 1.20799))**(log(sqrt(x7) + 0.427573)**2))**log(x4)))**2))**log(x4)))',0.0002598692371201,1507328,feynman_I_9_18,20,96666,9,32768,paper,6,0,1592565386,0.0002598656865302,0.0002556317359788115,0.015862985259919183
608.444155208068,'log((x0 + cos(cos(x8 + 0.450837*cos(x5)**2 - cos(x6 + log(x3)) - cos(x3 - sin(sin(x7)) + 0.769886) + 0.995179)))**(0.568878*x1*x2/log(-x6**cos(x7)*(x5 + cos(x4))**2*(x0/((x0 + sin(x7))**sin(x7) - sin(x7)) - x3)*(-0.00197701*x7**2 - x8 + log(-x7*(-x3 + sin(cos(2*x6)))*(x5 + cos(x4))**2*cos(cos(x5 + cos(x4))) + sin(x7)) + cos(x6 + cos(sin(x3 + cos(x4)))) - 0.393986761569977) + log(x8**(x5*sin(x5))))))',0.0001237457819014,2621440,feynman_I_9_18,21,96666,9,32768,paper,6,0,784044718,0.0001237458636751,0.00013492522218176063,0.0158306143559567
604.9510743201245,'1.76389*sqrt(x4*(1.12003*x0 + 1.12003*x8 + 1.12003*sin(x7) - 0.156921951937127 + 0.634979*((x2 - 0.345277)*(x6 - 0.150164) - 1.18683)*exp(sin(x7))/x3)*(-0.937622*x2*exp(-2*x1) + 0.937622*x8 + 0.937622*sqrt(x0*(x0 - cos(x3 + 0.50573))) - 0.937622*(0.0979996*x0 - sin(sin(x5 - 0.0979995727539063)) + 0.283462)**2 + 0.937622*sin(x7) + 0.491779743072129)/(x3**2*x5))*(0.105149*x1 + 0.105149*x2)**2*Abs(x0 + x6)',0.0002444703396246,1736704,feynman_I_9_18,22,96666,9,32768,paper,6,0,3980425317,0.0002444690908305,0.0002428181904058064,0.015228248065534996
608.5407101858873,'x0/(x7 + exp(sqrt(x5)/x1)*exp(-x1**2/(exp(-((-x8*(log(x2) + log(x4)) - 0.216226935386658)*cos(x5))**x1 + sin(x8*(log(x2) + log(x4)))) + log(log(x5 + x7/sin(x3**0.786681)))**2 + cos(x6)/x6)**4)/(x8*(1.13563*sqrt(sin(cos(x7)**2/x8)*sin(sin(log(x3) + cos(log(x2) + log(x4)) + 0.216226935386658))**2/(x5 - 0.392898*exp(sin(exp(1.88578/x1))) - exp(sin(log(x2)**2)) - cos((-x1 + x5)/x4)/x6)) + log(x2))))',0.0015276255161774,1802240,feynman_I_9_18,23,96666,9,32768,paper,6,0,3356806661,0.001527625718154,0.001538140892687841,0.015540393043957254
600.6937551219016,'((1.02503*x0**(1/4))**(x1**exp(x2*sin(x3 - log(x4*x6))/x7) + exp(1.10393595695496*x2*sin(x3 - log(x4*x6))/x7**2)*sin((0.26213002204895 - 0.870417*exp(sin(log(x5 - 0.971277))))**2)) - 0.543456)/(sqrt(exp(0.0310845**((((x2 - x7 + log(0.923277*x1**2))**2)**(0.329835/(-x0 - 0.127343 + 0.971276998519897/x7)) - cos(sin(log(sin(log(x3 - log(x4*x6))))))**2)/cos((x0 + 0.127343)/x7) + 0.541154146194458/x7))) + exp(sin(x2 + x8 + log(x4*x6) - sin(log(x3 - 0.971277)))))',0.0005968980689045,2326528,feynman_I_9_18,24,96666,9,32768,paper,6,0,2765379632,0.0005969034391455,0.000539926138001615,0.014239798552733782
611.0368308417965,'log(exp(x0*(x1*(x1*(x2 + sin(x4*x8 - 0.842565))*sin(x1 - sin(x3))/x7 + x2)*sin(x1 - 0.931216)/x5 + x2)/x7))/(0.445826**exp(x2/2 - exp(cos(x1**2))/2) + x3 - x4*(x8 - 0.200857) + x5 - x6 + (-sin(-x1 + sin(x3) + 0.842565)/(x4 + 0.842565)**0.823309)**(2*sin((-x6 + (exp(cos(x4*x8))/(x5 + x7 + 1.68513)**0.823309)**sin(0.210075*x7*sin(x1 - sin(x3 + x5))) + exp(cos(x5)))**2)))**0.823309',0.0001319159720507,2424832,feynman_I_9_18,25,96666,9,32768,paper,6,0,1728356533,0.000131916225655,0.00012019283006713146,0.014249937449243672
612.7586405011825,'x2*(x8*sqrt(x0 + x8)*(x0 + sqrt(log(cos((x8*sin(1.41125*x0*x4*sqrt(x0 + sqrt(x1))/x3**2))**0.286101) - 0.338206)**2/x7**4)*exp(2*sin(cos(x7)**4))*Abs(x4)*Abs(x0 - cos(x7)**2 + Abs(cos(x3)) - 0.0852932) - sin(x4/(0.00785089*x1**2*x3 + cos((x8*sin(x0**(3/2)*exp(2*sin(cos(x7)**4))/x3**2))**0.286101))) - 0.0852932)/x3**2)**0.286101*log(sqrt(exp(x1) - cos(x0)))*Abs(x6)**0.572203/x5',0.0003194932588668,1671168,feynman_I_9_18,26,96666,9,32768,paper,6,0,3533734220,0.0003194919263478,0.0003133208210882425,0.01514501969743175
601.750018409919,'x0*exp(x1/2)*exp(-x7/2)/(x5*sqrt(exp(-((x2*exp(x6*sin(x8*(x4 - 0.0669515)/x3)**exp(cos(0.236985*exp(x7/2) + sin(x4*x8/(x3 + sin(x7) + cos(x1) + 0.244448)))))/sqrt(1.21194*exp(x3) + 4.09086*sin(exp(x1))))**(0.236985*x3 + 0.236985*cos(x6) + 0.241715))**((x3 + cos(x6))/x7))/log(x2**exp(x1/2)*exp(x8*(x4 - 0.0669515)/x5) + exp(x6*sin(x8*(exp(x1/2) - 0.244448)/x3)**x8)/sqrt(x5 - x8**2*(x4 + 0.114865)**2 + exp(x3 + cos(x1))))))',0.0001462327348972,6750208,feynman_I_9_18,27,96666,9,32768,paper,6,0,2342600226,0.0001462327199988,0.0001409448110257833,0.014836311234937583
602.7511544961017,'x2*sqrt(sqrt(0.257067**(x3 - x4 + 0.312378*x5 - (x7 + x8 + (x5 + 0.255877)**(cos(x4/x6 - x5**2) - 0.585595))**(x5**0.363925*sin(x5)/x0) - log(x8) + sin(x0 + x8) + cos(x8**2 - sin(x0 + x8)**2))) + 1.03405*cos(sin(x5)))*sin(0.641751*sqrt(sqrt(sin(log(sqrt(1.03405*x1 + 0.342922)))**(x5**4/(x3 + (x8**2 + 0.255877)**(cos(x4/x6 - 0.478514) - 0.585595))**4 + x7))/(x3 - x4 + 0.312378*x7)**2)*Abs(x0))**sin(cos(log(x6)))',0.0002947633968188,1933312,feynman_I_9_18,28,96666,9,32768,paper,6,0,1904449481,0.0002947581524495,0.0002959743523777762,0.015601323771341614
605.5638921549544,'x2*exp(x0**cos(x1 + log(x0/(x7 - x8) + x1 - cos(x3 - x4)**2) + sin(log(x0))**2)*cos(0.930091*x5**0.742344))/(x7 + cos(x6) + cos(0.476422*x1**2 - 0.476422*x3 + 0.476422*x4 + 0.952843*x8 - 0.476422*sqrt(x4**log(x0)) + exp(-x3 + x4 + (0.294913768768311/x0)**(x5*Abs(cos(x3 - x4))**(2*x8 + 2*(0.0869741310091285/(x0/x1 - x4)**2)**x1)))) - (x0 - x3**(0.102931**((x1 + log(x0) - 0.217645)**2)*x3))/sqrt(x0/(x4 - x5 + x7)))',0.0002417750035319,2162688,feynman_I_9_18,29,96666,9,32768,paper,6,0,1934709049,0.0002417743089608,0.0002647743355569476,0.015377541590021202
600.9544382789172,'x0*x1*x2*(sin(sqrt(x5))**(x5 - x6))**((-x6 + x7)**0.738992)*exp(-x3/(x4*sqrt(x6) + x8))/x7',0.0004162316364905,18022400,feynman_I_9_18,0,96666,9,65536,paper,4,0,3324115916,0.0004162316035944,0.0003752320289420555,0.01500963479960869
600.263205455849,'x1*x2*sqrt(x8)*(x0 + x4/(x6**cos(x3) + log(x7)) - 0.88775)/(x5*(x3 - sin(x7) + sin(cos(x6))))',0.0002389953888617,18546688,feynman_I_9_18,1,96666,9,65536,paper,4,0,2811363264,0.0002389954897807,0.0002147074770971331,0.014787830527591556
601.4876850580331,'0.972826*x1*(x0 + log(x4*x6))/(x3*(-log(0.172817*x0) + cos(x8) - 1.0258 + x5/x2)*log(x7))',0.0005744749573335,17367040,feynman_I_9_18,2,96666,9,65536,paper,4,0,1884968544,0.0005744755617342,0.000597579848272067,0.01578906201855131
600.7603332120925,'x2**0.722466*(x1*x8 + x1)*(x0 + x6 - cos(log(x2**x0))/x0)/(x3*x5*(x7 + cos(x4)))',0.0003778627805999,16121856,feynman_I_9_18,3,96666,9,65536,paper,4,0,1859786275,0.0003778627433348,0.0003886058028090804,0.014817351329235692
602.1105623568874,'x1/log((-x3 + x8)**2/(x0*(sqrt(x0)/x5)**(2*x7/x2)*(x6**2 + log(x0 - 0.612946))**(2*sin(log(x4)))))',0.0008091772729425,3997696,feynman_I_9_18,4,96666,9,65536,paper,4,0,3687649985,0.0008091770578175,0.0008348448584510788,0.014789527987376061
604.3920897790231,'0.726292245992919*x2*(x1*exp(x4 - x5) + sqrt(x6/((cos(x8) + x3/x0)**2*log(x5)))*Abs(x1))/x7',0.0007818003366926,8126464,feynman_I_9_18,5,96666,9,65536,paper,4,0,369133708,0.0007817998412065,0.0008699844691757099,0.01602824928895986
601.0293291630223,'x0/(sqrt(x4)*x6*x8/(x3**2*x5))**(0.551057*(x1*log(x2)/x5 - x7)/(x1 + x2))',0.0010000802354469,15663104,feynman_I_9_18,6,96666,9,65536,paper,4,0,2995172877,0.001000081305392,0.001079175227816074,0.01533065279517718
601.2785114510916,'x2*(x6 + x8)*sqrt(x3**(x0 - x7))/(-x7 + 1.37055*x5/sqrt(x4) + sqrt(x3)*x5/x1)',0.0006476441151258,17039360,feynman_I_9_18,7,96666,9,65536,paper,4,0,865305066,0.000647644046694,0.000650170542551374,0.014732629314869248
602.7741861669347,'x1*x8*(0.461296*x0**(x2*x6/x3))**(-x2 + x5 - x4**2/(x3*x8**2))/x7',0.0014456531430021,8847360,feynman_I_9_18,8,96666,9,65536,paper,4,0,404488628,0.0014456524513661,0.0015152878493782974,0.015012825799930097
600.0757569710258,'x0*x2*(x1*x4/x5 + x1*((x6*x8)**sin(sqrt(x3)))**sin(sqrt(x4))/x5)/(x3*(x7 - 0.02788))',0.0001988944867869,18153472,feynman_I_9_18,9,96666,9,65536,paper,4,0,2261209995,0.00019889442774,0.0001990580626800297,0.015217626240730182
601.1085664390121,'0.941614151000977*x0*x2/(x3*(x7/x1 + 0.978129*(-x4 + x5 - x6*x8)/(x1*x6*sin(cos(x4/x3)))))',0.0002537103903183,17039360,feynman_I_9_18,10,96666,9,65536,paper,4,0,4190266092,0.0002537102554924,0.00024154975821750763,0.014635842225690015
600.7796119148843,'(x0 + 0.47756*sin(x5))*(sqrt(x8) + log(x1))**x2/(x3*(x7 + (x4 - 0.47756)*(-0.716463*x6 + exp(-0.578409*x2))))',0.0005660415170625,17891328,feynman_I_9_18,11,96666,9,65536,paper,4,0,3160032368,0.0005660412716679,0.0006124540201184736,0.014869279065905265
600.0113193308935,'0.528172*x1*(0.528172*x8 + log(x0))*log(exp(x2/((x7 + x8**0.417284*cos(x6 - cos(x4)))*log(x3))))**1.09561',0.0013802137483337,17825792,feynman_I_9_18,12,96666,9,65536,paper,4,0,3269070126,0.0013802141183987,0.0014609843619294506,0.01584463092513179
601.0470284130424,'sqrt(x0)*x2*sqrt(x4)*(x0 + x8)*(x1 + x6)*(sin(sqrt(x1)) - 0.339622)/(x3*x5*x7)',0.0003464671076383,13500416,feynman_I_9_18,13,96666,9,65536,paper,4,0,3081541439,0.0003464668407104,0.000361994168252313,0.014927283218609012
601.3699261480942,'sqrt(((x2 + x2/x7)**(x1**2*x6*x8*sqrt(x4/x7)/(2*x3)) - 0.927495)/x5**2)*Abs(x0)',0.0013448853840081,7077888,feynman_I_9_18,14,96666,9,65536,paper,4,0,3376120482,0.0013448846293613,0.0013701983016385867,0.014799631512220067
603.8972488490399,'0.615915363597184*x1*sqrt(-(x0*x2**x0 + log(0.833369*x2**x0)**2)/(x4 - x5))/(x3 - x6 + x7 - x8)',0.0005905712542812,8585216,feynman_I_9_18,15,96666,9,65536,paper,4,0,2204291346,0.0005905710859224,0.0006046518865561753,0.015664712928069403
604.2626442289911,'x0*x1*x2*exp(sqrt(x8))*log(x3*log(x3*x4))/(x3**2*sqrt(x7/x6)*(x5 - sin(sin(x7))))',0.0003541241489723,7405568,feynman_I_9_18,16,96666,9,65536,paper,4,0,550243861,0.00035412365105,0.00035884051617460065,0.014634600315693866
601.7679243809544,'1.64581**(x0 - (0.319912 - (x4 - x5)/(x2 + sin(x3)/x0) + x7/x1)*cos((0.782639741897583 - x8)*log(x6)))',0.0012680704362555,17498112,feynman_I_9_18,17,96666,9,65536,paper,4,0,3606691181,0.0012680703075602,0.0012088565759565658,0.014101770833050569
600.137597448891,'sqrt(x6)*(x4*x8*exp(-0.457376*x3) + log(x0*x2))/(-x2 + x5 + exp(x7/2)/x1**(0.921421*x0))',0.001081554974353,18087936,feynman_I_9_18,18,96666,9,65536,paper,4,0,1934392872,0.0010815541027113,0.0010341042898746797,0.015063915797645318
600.1842922980431,'x0*x1*x2*x8*(x4 + x6)/(x3*x7*(x5 + x8 + sin(cos(x5*x8**0.270414))*cos(sin(x7))))',0.0002146064955845,17825792,feynman_I_9_18,19,96666,9,65536,paper,4,0,2148995112,0.0002146063197869,0.00020728427832223127,0.015360077705745646
600.1616841980722,'(x0 + x8*exp(x0 - x3))*sin(x1*x2/(x5*(x7 + sin(x3)**2 + cos(x4) + cos(x6) + cos(x8))))',0.000381822619133,7798784,feynman_I_9_18,20,96666,9,65536,paper,4,0,1592565386,0.000381819467293,0.00037757459358209747,0.015862985259919183
601.3227796228603,'x0*x1*x2*sin(sqrt(x4*x8*(x6 - 0.299877)*cos(cos(sin(x3)))/x3))/(x5*x7*cos(cos(sin(x3))))',0.0003527848292425,17367040,feynman_I_9_18,21,96666,9,65536,paper,4,0,784044718,0.0003527845547068,0.0003910231055054634,0.0158306143559567
602.8643912021071,'x0*x1*x2*exp(-cos(x8)/2)/((x5 - x6)*(x7 + exp(1.57846/(x5 - x6)))*sqrt(1/x4)*log(x3))',0.0006757535420467,14811136,feynman_I_9_18,22,96666,9,65536,paper,4,0,3980425317,0.0006757531082257,0.0006600502591175434,0.015228248065534996
604.7098439019173,'(x2**2*(x0 + sqrt(log(x8)/x2))**2*sqrt(x6 - 0.539417)/(x3**2*log(x7)**2) + log(x1))/(-x4 + x5 + 1.10142)',0.0009554018494105,7995392,feynman_I_9_18,23,96666,9,65536,paper,4,0,3356806661,0.0009554020361974,0.0009671166135757749,0.015540393043957254
602.0191561160609,'0.671878*sqrt(2)*x0*x1*x2*sqrt(x4)/(x3*(x5 - 1.20706*sin(x7) + cos(x6) + cos(x8)))',0.0004093302176896,4915200,feynman_I_9_18,24,96666,9,65536,paper,4,0,2765379632,0.0004093289026059,0.00035470531408059093,0.014239798552733782
601.6772985318676,'0.723593**cos(x6*x8*cos(x3 + cos(0.284962*x3)**4 + cos(x4))**2)*x0*x1*x2/(x5*x7)',0.0006548204777776,5963776,feynman_I_9_18,25,96666,9,65536,paper,4,0,1728356533,0.0006548201781697,0.000567284458415438,0.014249937449243672
600.810097978916,'x0**(x4*x6/(x3/x8 + 1.05763 - x2/x0))/(x7 + (-0.303206*x0 + x3)*(-x1 + x5/x2)/x1)',0.0009297528976291,17825792,feynman_I_9_18,26,96666,9,65536,paper,4,0,3533734220,0.0009297546930611,0.0009742601625727055,0.01514501969743175
601.1275485691149,'0.540306*x0*x1*x2*sin(sqrt(x6))**0.665648*sqrt(sin(sin(x4)))/(sqrt(-x4 + x7)*(x3 + x5 - x6 - x8))',0.0003600876260331,17956864,feynman_I_9_18,27,96666,9,65536,paper,4,0,2342600226,0.0003600876952987,0.0003644473568550993,0.014836311234937583
603.5931597510353,'(x0*x2*x8 + x6)*(x1**x4)**0.669378/(x5 + (0.325031*x0)**(x3**cos(x2)*sin(x7)) - sin(x3))**2',0.0009770152130482,7208960,feynman_I_9_18,28,96666,9,65536,paper,4,0,1904449481,0.0009770148899406,0.0009837023840377648,0.015601323771341614
603.6473179960158,'0.670743*x1*x2/(-0.875044*x3*(x0 - x7 - 0.104448437690735) + 0.875044*x4*cos(x5) + sin(x6*x8 - sin(x7 + 0.104448437690735)))',0.0014377851551253,7864320,feynman_I_9_18,29,96666,9,65536,paper,4,0,1934709049,0.0014377845218405,0.0015395532777483228,0.015377541590021202
614.7737438590266,'x0*x4*sin(x1/(-(0.505735**(x2*(x4 - 0.669438))*x1)**(0.908278**x2) + (x3 + cos(log(76.6434555053711*0.505735**((x6 + 0.866657)*(x8 - log(x7 - 0.853763)))*(x1 + log(76.6434555053711*x5/x1) + 0.365066)/x8)) + (x3 + cos(1.15387*x4 + 1.15387*log(x5)**4)/cos(cos(x8**(0.351738 + cos(1.15387*sqrt(x0) + 1.15387*cos(sin(x2)) + 0.295123)/x6))))/x6)/x2))/x7',0.0002931678806206,2752512,feynman_I_9_18,0,96666,9,65536,paper,6,0,3324115916,0.0002931680355686,0.0002623861610851443,0.01500963479960869
608.3874339959584,'sqrt((1.22515 - (0.581475*log(x2*exp(x0)) + 0.581475*sin(sqrt(x4) + sin(x5)) + 0.581475*cos(log(1.25091**x3)**(-2*x0*(-((sqrt(x4) + sin(x3))*(log(x2*exp(x0)) + sin(x0 + (log(x2*exp(x0)) + sin(x1 + log(1.25091**x3)**(5.72154 - 5.83/(x5 - cos(sin(x0))))))**(1/4)) + cos(x5)))**(x8**2) + exp(sin(x8**2)))/(x5 - cos(sin(1.34454*x2))) + 1.43039)))**(sqrt(x1)))**2/(x7 + cos(x6))**2)',0.000876163890876,1966080,feynman_I_9_18,1,96666,9,65536,paper,6,0,2811363264,0.0008761686622165,0.0008289777940126833,0.014787830527591556
609.433746696217,'sqrt((log(x0) + cos(cos(-log(x1)**x1 + 0.286256 + sqrt(x6*x8 - 0.851685)/x3)))**2*log(x7**2*sin(0.0305024/x1**2))**2/(x3**2*x5**2))*log(sqrt((x6*x8)**(x4**x2)))**(sqrt(x6*x8 - 0.851685)/x7)*Abs(x2 + 0.702064156532288)',0.0004306474327582,2228224,feynman_I_9_18,2,96666,9,65536,paper,6,0,1884968544,0.0004306471673771,0.00044172981251679324,0.01578906201855131
603.6656825589016,'x0/(0.920517*(-x1/x3 + x3 - cos(x6 + x6/sqrt(sin(x8)) - (0.430827*sqrt(x2) + (x8 + sin(x5))**(0.649971*exp(sin(x3))))*cos(x7)) - 1.21795)/((x1/x5 + sin(x1/x5))*log(((2*x2 + sin(x5))*sin(x3 - 1.19878) + 1.24237*exp(x2))**(0.843544**x5))) + 2.98423*log(x7)/(x2*sqrt((x8 + 0.698132)**(1.19285*x4)/(-exp(0.430827*sqrt(x2)) + x5*x7/x1))*sin(1.04908*log((x4**x2 + 1.31891*exp(x1))**(0.838327**x3)))))',8.097311532243919e-05,6946816,feynman_I_9_18,3,96666,9,65536,paper,6,0,1859786275,8.097238605841994e-05,7.879534581881939e-05,0.014817351329235692
600.058766067028,'0.752577*exp(-sqrt(x7) + log(x2)**1.01552)*log((x1*((-0.154994*x6**0.69379 - 0.0974539)**2 + 0.913013 + (-1.68184*x0*x4 - 0.125576*(x6**x8)**(2*x8) - 0.478065 + 3.45414280548877/(x0 + x2))/(x2*(x1 - x3) + x2))*exp(-x7*(x0*cos(x3) - x1)))**cos(cos(1.03279/(1/x5)**0.787846)))/(x7/sqrt(sin(sin(1.02791*x8*sqrt(x6**x1)/x3))) + cos(x0*cos(x0*x4) - x1 + 0.284252))',0.0005908037885061,2490368,feynman_I_9_18,4,96666,9,65536,paper,6,0,3687649985,0.0005908051971346,0.0005423770591297119,0.014789527987376061
611.9594869201537,'log(x0*x1*exp(0.0962501*x1*x2*x3**cos(0.303304**sin((-x4*x6/((x0 - x7)*log(exp(x3/sqrt(x1)))) + sin(0.920786142349243/(-0.848746318116365*x5*x7 + 0.285845)))**2 - 0.0962501)*(0.533992*exp(x2))**(sin(1.08603*x3)**2)))/((x7 - 0.740663)*Abs(x5)**1.36362) + x2**(x0**cos(exp(x0)*cos(cos(0.285844564437866/log(0.434782*x2/x7)))**(x7**2))*x4*x6*x8/(log(exp(x3/sqrt(x1)))*Abs(x5)**1.36362)))',0.0006766290118423,2162688,feynman_I_9_18,5,96666,9,65536,paper,6,0,369133708,0.0006766243022866,0.0006919270217713925,0.01602824928895986
616.883840723196,'x0*x2*(x1 + 1.12575*log(log(x6/(0.897137 + (0.326261 + (0.326261 + (0.326261 + (exp(sqrt(sin(x1**(1/4))**(-2))*Abs(sin(x7))) + sin(x6))/x8)/x8)/x8)/x8) + exp(x4**(1/4)))) - 0.74476)/(x1*(-x4 + x7 + sqrt(exp(x5/log(x6/(log(cos(x4**0.260782)) + (sqrt(exp(0.492423/(((exp(x6*sin(cos(sqrt(x3)*exp(-x1**2/2))))**0.407092/x5)**x7)**2.25151)**(1/4))) + 0.244921)/x8) + exp(x1**(1/4))))) - cos(exp(sqrt(x3))/sin(x1**0.260782)**2)))',0.000161426270486,3080192,feynman_I_9_18,6,96666,9,65536,paper,6,0,2995172877,0.0001614260836504,0.0001623608309248815,0.01533065279517718
607.933611005079,'(x7/((x6*x8**1.14053)**(log(x2) + 0.910206 + exp(-sin(exp(x3/2)))*log((x1 + 0.190279)**0.979112)))**(0.0547843*x0*x4*(sin(sqrt(x5)) + 0.371975)))**(2*log(x2*(x0 + log(x1**(x5/2)))/x5**2)/(-0.0485693*x0*(x0 + x2**(1.4506*exp(sin(sqrt(sin(exp(sin(exp(x3/2))) - 0.342554))))))*(-sin(0.243754*x4) + sin(exp(-sin(exp(x5/2)))*log((sin(x0) + 0.562254)**0.979112)))/x8**1.14053 + 2.00452))',0.0005267222808613,2818048,feynman_I_9_18,7,96666,9,65536,paper,6,0,865305066,0.0005267228116281,0.0005811475463248228,0.014732629314869248
612.7036544568837,'x0/(x5**2*(0.87760836244631*sqrt(1/x4))**cos(sin(sqrt(sin(sqrt(x4)*exp(-(x7**2/(x1**2*x8))**exp(x1)) + 0.243434))))*sin(x2*exp(-x6**2/sqrt(x1)) + 0.243434)**cos(sqrt(sqrt(sqrt(x6)/x4**2)/sin(x0) + (x3 - x8)**1.47043))/(x6 + 0.598733)**2 - cos(sqrt((x3 - x8)**1.47043 + sin(sin(x4*sqrt(x0 + (x3 - x8)**1.47043)))/sin(x0))) + x7**2/(x1**2*x2**2))',0.0005092391729018,2293760,feynman_I_9_18,8,96666,9,65536,paper,6,0,404488628,0.0005092403735034,0.0005182191774390175,0.015012825799930097
614.7394774151035,'1.27634*x1*(x2*(sqrt(x4**(x6/((-x2 + x7 + log(x7) - log(x8 + 0.46643))*cos(cos(x3))**2))*sqrt(x2**0.477642*log(x0))) + 0.184787) + (sin(x6/(-x0 + x7 - log(x0) + log(x7))) - 0.0842232)/cos(cos(sin(x8**cos(x3))))**2)/(x5 + cos(log(x0) - 0.0456087*cos(x8*sin((0.3271 + 0.548612/(x3**4*(x4**(x6/((-x0 + x7 + log(x7) - log(x1 + 0.46643))*cos(cos(x3))**2)) - 0.740684)**2))/log(x4**0.184787*log(x0))))))**2',0.0009158716618801,1900544,feynman_I_9_18,9,96666,9,65536,paper,6,0,2261209995,0.0009158719331026,0.0009223862719108493,0.015217626240730182
620.6794042820111,'1.06358*sqrt((x8 + 0.151803*(-0.824984*x4 - log(log(x1 + x2 + 0.170785)**2) + 1.87607/x1)**2)*log(x0 + 2.48055/Abs(x5)))*(x0**(0.487991*x7*exp(-x4)*exp(6.15312/x5**2) + 0.451447*cos(exp(cos(x2**1.87607)/x3) - log(0.0230441*cos(x5)**4/x5**2)) + 0.502055)/(x3 + cos(x6))**2 + 0.151803)*(x2 + 0.824984*x4 - 1.87607/x1)/(log(x7) + 0.07784)**2',0.0007695682778575,1966080,feynman_I_9_18,10,96666,9,65536,paper,6,0,4190266092,0.00076956913108,0.0007375141703096996,0.014635842225690015
602.9923513850663,'(cos(log(-0.762021**cos(x7) + x5))/x3)**(((cos(exp(sin(cos(1.06256*x3)**2)**2)/x7)/x1)**x4 + log(log(x2 + log(exp(x8**x6/cos(sin(38.5569/x7**2))))/(exp((x0**x8)**x6/x2) + 0.105968)) + Abs(x0)**0.00990498 + log(exp((x0**x8)**x6/sin(cos(0.350594*log(x1)*log(x6) + 0.944872))))/(sqrt(x3) + 0.105968))**(0.990046*x2**2*cos(x7)))/0.762021**cos(x7))',0.0007923483615166,2818048,feynman_I_9_18,11,96666,9,65536,paper,6,0,3160032368,0.0007923466619104,0.0007606009308878423,0.014869279065905265
603.6112755420618,'0.772943258285522*x1*(x0*x6/(0.715859*x3 + 0.228014*x7 + 0.228014*sin(x0*(x7 + log(x6)))) + x8)*sin(exp(sin(x4*sin(0.228014*(log(x6) + sin(x4*sin(x2/(x5*(x8 + log(0.29063*x2*exp(1.94378*x0/x3)))))) + sin(x4*sin(0.29063*x2*exp(1.94378*x0/x3)/x5)))*sin(3.4408*exp(-1.94378*x0/x3)))))*sin(0.29063*x2*exp(1.94378*x0/x3)/x5))*cos(x6*sin(x3)/x5)*cos(exp(cos(x5)/sin(0.228014*x7 + 0.456029*log(x8))))/x7',0.0001556821951198,4653056,feynman_I_9_18,12,96666,9,65536,paper,6,0,3269070126,0.0001556825009174,0.00019605348564851214,0.01584463092513179
608.4633791639935,'(x2 - (x2 + cos((0.611250638961792/x3)**sin(x5)))**log(exp(sqrt(x4))/(1.0598 + 0.531482458114624/x2))*log(0.420843*sqrt(x3)))*(-0.0888039*x0*x8*(0.30803*x1*(-(0.620691*x0 + 0.398674*x6 - 0.620691*exp(-x4/2)*exp(sin(x2)**2/((-x0 + x3)**sin(x0*sin(sin(x7))*cos(x4**(x8/2 + 0.154015)) + x3 - exp(x4/2) - sin(x8) + 2.51852) + cos(sqrt(x8)))**2))**2 - sin(x5) - 1.25602829456329) - x6)*sin(log(exp(sqrt(x4))/(1.0598 + 0.531482458114624/x0)))/x3 + 0.0888039*x1 + 0.0888039*sin(sin(x7)))**1.20408',0.0003371386099326,3342336,feynman_I_9_18,13,96666,9,65536,paper,6,0,3081541439,0.0003371374914422,0.00033918184847955715,0.014927283218609012
603.2792282530572,'0.177875*x1*(x2**(log(x0) - cos(x4))*x8/(x5 + 2.87907*exp(-x0 - x2 + x3 - x6/log(x3) + sqrt(x3 - x4 + cos(x8 - 0.0960803031921387)))*log(x3)/log((x2**x7 + x2**x8 + x8)**2)) + sqrt(x0*sqrt(x8 + sqrt(x2 + log(x2))) + x4*sin(x5))*exp(-0.529009772632806*exp(cos(x4))/x2) + 0.347334*exp(x0 + x2 + x6/log(x3) - x7 - sqrt(x3 - x4 + cos(x8 - 0.0960803031921387)))*log((x7 + log(x2 + x3 + 0.185555)**x8 + sin(x0))**2))/sqrt(x5)',0.0002034274033211,3997696,feynman_I_9_18,14,96666,9,65536,paper,6,0,3376120482,0.0002034274220932,0.00020775275459918182,0.014799631512220067
620.9251688551158,'sqrt(x2/(x7*((x1**(sqrt((Abs(cos(Abs(x7)**0.678473))**(2*x0*x2) - 0.180184)**2) + exp(exp(x0/2))))**(-0.319742) + cos(sqrt(x4))**x8)))/((-x2 + x5)**sin(exp(cos(0.949316*sqrt(((x0*x6)**exp(0.353282*sin(x5)))**exp(0.353282*sin(exp(x0/2))))))) + exp(cos(sqrt(((x0*x6)**exp(0.353282*sin(sin(x7))))**exp(sin(exp(x0/2))**2*Abs(cos(cos(x8 - 0.636253)) - 0.278951)))*cos(x3 + Abs(cos(Abs(x7)**0.678473))**(2*x0*x2) + 0.0987664))))',0.000650617210087,2949120,feynman_I_9_18,15,96666,9,65536,paper,6,0,2204291346,0.0006506192730739,0.0006678335191102994,0.015664712928069403
612.7329409220256,'x1*x2/(sqrt(x3/(x4 - 0.853681*sin(1.81555*x3)*sin(1.41529/x7)))*(x7 + log(log(sqrt(exp(x8**0.622701)**(x0**(0.841407*exp(x8**log(x6))**0.622701))))/(x0 + 1.81555*x5 - log((0.269498*x6**2)**(x7 + 0.135124*sin(x0/x7))) - 0.622701)**(0.853681**exp(-0.990047*sin(1.81555*x5)*cos(sin(0.990047*x6*sin(x1**2)*cos(sin(x1))*cos(sin(x2)))))))**2 - 0.899688))',0.0002834411816624,2490368,feynman_I_9_18,16,96666,9,65536,paper,6,0,550243861,0.0002834404876921,0.00028474851768441967,0.014634600315693866
615.4006607208867,'x1*(x2*x6/((x7 + cos((-(Abs(x4) + 0.30345)**cos(x2 - x5) - 0.287249*sqrt(x2**cos(log(x0**2)/(x5/(-x4 - 0.204906821250916) + 0.582633))))*(cos(log(x8)) - 0.262954)*log((0.387193**cos(x3/x8)/(x5/(x2 - 0.830942) + cos(x0)))**x8)))*cos(log(x0)**(1/4))**2) + x8**sin((Abs(x4) + 0.30345)**cos(x2 - x5)))/(x3*(x5/(x2 + x4 - 1.23603) + cos(log(x0**2)))*(log(x7) + 0.245259))',0.0002948056674109,2686976,feynman_I_9_18,17,96666,9,65536,paper,6,0,3606691181,0.0002948037581518,0.000280108381824791,0.014101770833050569
602.3002872988582,'sqrt(log(x0*x2))/(x3 - log(sqrt(x0) + x0*x2*(x4*log(x2 + cos(cos(0.894019*sin(sin(x4))**4))**(x0*x2*(x0*x2*exp(x0*x2) - x5) - 2.69898*x6)) + x6*((x8 + 0.29523)**2 - sin(x4*x6))/(-x1 + exp(sqrt(x5 - x8 - 0.29523)) + 1.04821) - sin(x1*x6))/(x7 - 0.169478)))**((-x4 + log(x5*x5**(x7 - 0.169478)*cos(cos(0.840566*x3 - 0.24816))) + 1.22375917434692)/(2*(sin(x6)**sin(x0*x2) - cos(x1) + 1.14169239997864)))',0.0003952923608518,3145728,feynman_I_9_18,18,96666,9,65536,paper,6,0,1934392872,0.0003952921251766,0.00037448528433789056,0.015063915797645318
614.0677902400494,'x0*x1*exp(-(sin(0.401845*exp(exp(cos(x2**2)/sin(x1))/x7)) + 0.179941)*cos(x2))/(x7*(exp((0.461295 + exp(-0.580425*(-(sqrt(x6*x8) + 0.276599)**(0.274454*x4*sin(x5)/cos(sqrt(x5))) + cos(sin(x1)))/x4)*log(x4)/x7)**2)*sin(x6*x8/x5**2) - 0.933607)*(-x3 + log(x4) + 0.962573*sin(sqrt(x1 + 0.668032))**(x3 + cos(0.274454355239868/x1))*cos(sqrt(x5))))',0.0002321831788862,2686976,feynman_I_9_18,19,96666,9,65536,paper,6,0,2148995112,0.0002321829088032,0.00025390174666814843,0.015360077705745646
622.6677470498253,'(x2/x3)**(exp(x4**(-0.591844))/2 - cos(x6)/(2*sqrt(cos(0.0889327*x2*exp(x6)))))*(x0/(x7**2*cos(cos(sin((0.831419 - sin(x5*(cos(0.0283766**exp(0.0928023857760252/(x7 + cos(x2*x5))))**2)**(x0 + x6)))/x8))**2)**2))**(2*exp(-0.76798*x1))*((-cos(x6) + cos(sin(0.0758225*x2*exp((x1 + 0.0212182)/x0))))**2 + sqrt(log(exp(x0) - cos(x8**0.927797) + 0.68671)))',0.0005032617610275,2228224,feynman_I_9_18,20,96666,9,65536,paper,6,0,1592565386,0.0005032620974816,0.0004943566744739373,0.015862985259919183
607.3277271569241,'x2*(x1*sin(x0/(x1**cos(x8) + x5 - 0.425636*exp(cos(x1)))) + x6*(0.371077**((-x1 + x3)*exp(cos(sqrt(x0)) + cos(x3)*cos(1.34359*exp(cos(x8 + 0.725444))))))**((x5 - 0.791784)*(x8**cos(x6))**0.235561*(x8**cos(x8))**0.43126*cos(sin(sqrt((-0.221384*x1 + x6 + log(x7*(-x1 + x3)))/(0.43126*0.190368**(0.754037*x2) + x7**2/x4**2))))**2))**exp(0.20073*x0**2/(-sqrt(x5)*(x5 - 0.791784) + exp(sin(x7/(x7 + 0.284702))))**2)/(x7 + 0.284702)',0.0001906173100295,3145728,feynman_I_9_18,21,96666,9,65536,paper,6,0,784044718,0.0001906170509755,0.00020403919659594025,0.0158306143559567
603.5320425468963,'x0*(x1 + x8/sqrt(x3*(x2 - cos(x2**(1.27392*sqrt(x7)*(-x8**(cos(x1 - 4.63898*sqrt(x5))/2) + log(x7)))))/(x1**x2*x4**2*x6**2)))**0.710248*(x2 - cos(1.04756**(1.43784*sqrt(sqrt(x7)*(x7*log(cos(0.257278*x1)) + exp(x2))**log(x6))*(2*x1 - x2 - log(x7) + sin(x4**2/(x5*log(x7)*log(x7)**(1.27392*sqrt(x5)*(log(x7) - sin(x0/x1**2) + 0.684975)))) + 0.546199))))/(x3*x5*log(x7))',0.0001124378250378,3997696,feynman_I_9_18,22,96666,9,65536,paper,6,0,3980425317,0.0001124458940466,0.00011286706050833828,0.015228248065534996
609.2636243191082,'log((2*x0)**((x1 + (x6 + x8)*sin(log((x1 + x8)**(log(x1 + sin(x0 + x1 + 0.0402279) + 0.965605)/(x7*cos((x0 + x6)*sqrt(cos(sin(x7))**(sqrt(0.999983**(exp(x8) - log(x1)))))/x5)))))**2)*(sin(sin(x8) + cos(sin(sin(x7)))/(x7*cos(0.965605**(x1/2)*(x0 + x6)/x5))) - 0.184284 + log(x4)*log(x1 + sin(x1 + sin(x8) + 0.0402279 + 1.22312378883362/x8) + 0.965605)/x5 - 0.633696854114532/x2)/x3))',0.0005321202167684,2949120,feynman_I_9_18,23,96666,9,65536,paper,6,0,3356806661,0.0005321208736859,0.0005330152392423282,0.015540393043957254
600.692920228932,'-0.594000518321991*(0.0333431**(x8**0.84707/x7**2) - sqrt(x0))*(x4 + sqrt(x2*x6) - sin(x1 + x2) - 0.594000518321991*(0.711836 - sqrt(x7))*(0.714193*sqrt(x2) - 0.594000518321991*(0.711836 - x4)/(x3 + 0.25445) - sin(x1 + 1.29715) + cos(x5 - exp(x8/x7)))/x0)/(x3 + sin(x1 + exp(x2*(x6 + cos(x5 - 1.4231))/x7)))',0.0003992970706904,2359296,feynman_I_9_18,24,96666,9,65536,paper,6,0,2765379632,0.0003992970741819,0.00037714277311409934,0.014239798552733782
616.5096832499839,'x0*(x1*sin(0.855309*x2/x5)**2)**sin(log(x3)*cos(cos(cos((x4**2 + sin(x3))**(1/4)))))*exp(cos(cos((3.25469*exp(0.868414*x2**2*sin(log(x3)*cos(sin(0.868414*x2**2*sin(log(x3)*cos(sin(x6)))/x5 + 1.1801)))/x5))**(2*log(sqrt(1.1536*x4**((x2 + 0.118852)*sin((3.25469*exp(-0.527416288852692/(x1*sqrt((x2 + 0.876189)**(x1/2)))))**log(x4/x7)*exp(cos(x3 + x5)))/2 + 0.263708) + 1.1536*x6)/x7))*exp(2*cos(x6**(-1.01948))))))*log((x1 + x8)**(1/4))',0.000527382302836,2752512,feynman_I_9_18,25,96666,9,65536,paper,6,0,1728356533,0.0005273853894323,0.00046979623282596996,0.014249937449243672
609.082902432885,'exp(sqrt(x6))**sin((x1 + log(sin(sqrt(x7) + 0.313452)))*sin(0.492312*x4))/(x5/sin(x0**(log(x8) + sin(x2*cos(sin(x4)**2)))/(-0.952893**exp(x7) + 0.493972*x3*cos(x2/cos(x8/(1.23198*x3 - exp(0.952893**((sqrt(log(x3**2 - 0.162506)) - 0.719539)*exp(x7)))))) + x3 - log(sin(0.492312*x2)) + cos(x1*sin(sqrt(x7) + 0.313452)**(0.283126*exp(x7*cos(sin(0.999348*x2))) + 0.0031495)))) + 0.283126)',0.0003706228440302,2621440,feynman_I_9_18,26,96666,9,65536,paper,6,0,3533734220,0.0003706250572577,0.000364264026358954,0.01514501969743175
613.9197164180223,'sqrt(x1**0.361486*x4*(x1**x8 + x6)*((-0.0621349*cos(x1**x8*x8) - 0.0621349*cos(x5 + exp(x2/4)/sqrt(x4)))*exp(-sqrt(x6)) + sqrt(x1**x8*x2 - cos(x8) - cos(exp(cos(x1/x5)**x7)))/(x5 + sqrt(-x6 + x7)))**(sqrt(-x6 + x7))/(x5*(x3**2 + 1.35166*sin(0.0358252*x0**2 + cos(x5 + 1)))*(x7 + 0.951513)))*exp(x2/2)*Abs(x0)',0.0002781804128398,3080192,feynman_I_9_18,27,96666,9,65536,paper,6,0,2342600226,0.0002781806979328,0.0002576562721465037,0.014836311234937583
603.1265077339485,'sqrt(x6/x7**(x3/sqrt(sqrt(x0*((0.0696013946827776/x0)**(1.32802558090533*cos(x8*(sqrt(x2) + log(x1) - cos((x0 + x4 + log(x4)**2 + cos(x2 - x5) + cos(x2 - x7))/x5)) - 0.404364)/(x3 - 0.650906)) - 0.272038) + x8)*(sqrt(x0)*sqrt((sqrt(x0)*x2 + (sqrt(x0) - x5**0.141693 + log(x1))*exp(log(x4)**2 + cos(x2 - x5)))**x1) + 0.888036*exp(sin(1.91728*x4*sqrt(sin(0.701769*x5))))/(x0**(1/4) - 4.53141) + 0.265377283096313/(x3**x2*x6)))))',0.0004484035401522,3342336,feynman_I_9_18,28,96666,9,65536,paper,6,0,1904449481,0.0004484036471694,0.0004699826614315313,0.015601323771341614
614.7054525751155,'sqrt(x1)*sin(sin(x8**(x4/(x3 + cos(log(x2/x7 + log(0.533874*x2*exp(0.908035*sqrt(x1)) + sqrt(exp(exp(x4*(-x0 + 0.92977 + cos(x3)/x7))))))**2)/(x0**2*sin(0.908035*x5 - 0.627595))))))**x3/(cos(x0) + (x5 + 1.87782*sin(0.330509*x7)**(4*x4**2)*cos(0.31094**x1 + sin(exp(sqrt(x8)))))*sin(0.330509*x7)/(sqrt(x6)*(x2 + log(sqrt(x7**log(x1))))))',0.0005524347057392,2228224,feynman_I_9_18,29,96666,9,65536,paper,6,0,1934709049,0.0005524345906451,0.0006060210698063499,0.015377541590021202
