total_time_seconds,expression,mse,old_mse,evaluations,dataset,fold,num_observations,num_features,population_size,operator_set,template_depth,iteration,seed
3600.0149393752217,'(0.000008086814 + (0.561849057674 * (((1.779837727547 * x6) - ((-1.779837250710) * x5)) - ((-1.779837250710) * x4))))',1.4781555450573501e-10,3.733318931775642e-10,491494646,409,26,58,12,256,paper,4,0,3533734220
3600.0171663612127,'(0.000017031585 + ((-0.697691977024) * (((-1.433297395706) * x6) - ((1.433296203613 * x4) - ((-1.433297395706) * x5)))))',1.7382761779472047e-10,5.379190981535942e-10,487608281,409,12,58,12,256,paper,4,0,3269070126
3600.0103842280805,'(0.000005193086 + (0.434294462204 * ((2.302585124969 * x4) + ((2.302585124969 * x6) + (2.302585124969 * x5)))))',2.630535768953399e-11,5.058045093875307e-10,486005115,409,20,58,12,256,paper,4,0,1592565386
3600.0144739076495,'(0.000037299968 + (0.434299170971 * (((2.302560567856 * x5) - ((-2.302557468414) * x4)) + (2.302560567856 * x6))))',5.494385629669024e-10,6.503200755680894e-10,488583017,409,22,58,12,256,paper,4,0,3980425317
3600.010978266597,'(6.837244987488 + (0.305589675903 * ((3.279552936554 * x2) + (((sin(sin((((-0.637384533882) / (0.015901550651 * x1)) / (-0.571415841579)))) + ((0.015901550651 * x1) ^ (((-0.057923428714) * x8) / ((-0.858657181263) * x9)))) / cos(log((0.083077035844 * x4)))) - ((-3.229680061340) * x3)))))',40.94136611958169,40.941280364990234,231478260,409,23,58,12,128,paper,4,0,3356806661
3600.007468674332,'(0.000003925054 + ((-0.695311188698) * (((-1.438204765320) * x5) - ((1.438205122948 * x6) + (1.438205122948 * x4)))))',1.525824672118266e-10,2.288163269970056e-10,482142747,409,29,58,12,128,paper,4,0,1934709049
3600.0108542516828,'((-0.000003908787) + (1.442695021629 * ((0.693147182465 * x5) + ((0.693147182465 * x6) + (0.693147182465 * x4)))))',5.139912315924197e-11,1.4050124952369458e-10,497499007,409,1,58,12,128,paper,4,0,2811363264
3600.010359596461,'(0.000015791862 + (0.434294402599 * (((2.302586317062 * x4) + (2.302585124969 * x5)) + (2.302585124969 * x6))))',2.2635851557238552e-10,1.216339362564156e-09,494674846,409,1,58,12,256,paper,4,0,2811363264
3600.0164280608296,'((-0.000051945135) + (2.642976999283 * (((0.378361523151 * x4) - ((-0.378361195326) * x6)) - ((-0.378361195326) * x5))))',8.740273548483611e-10,4.576326539940112e-10,497489767,409,25,58,12,128,paper,4,0,1728356533
3600.0152419023216,'((-1.014972925186) + (0.707106590271 * (((((0.378585517406 * x4) + 0.654317378998) * 1.772453904152) + (((0.158185809851 * x6) * 1.936120510101) + ((0.158185809851 * x6) * 2.346704244614))) + ((((0.158185809851 * x6) * 2.346388816833) + ((1.414213538170 * x5) + (cos(exp((((-0.042804405093) * x4) / (2.970531940460 * (6.283185482025 * x6))))) / 1.963045597076))) + (((0.158185809851 * x6) * 2.311015129089) + ((0.378585517406 * x4) * 1.963045597076))))))',1.6368616869584643e-09,1.910817060135628e-09,157759258,409,4,58,12,128,paper,6,0,3687649985
3600.00982831046,'(1.461834430695 + ((-3.226125240326) * ((((-0.309975951910) * x6) + (((((-1.643425703049) * x4) + ((-1.643425703049) * x5)) * (0.434294492006 ^ 2)) + (((-0.021540209651) ^ 2) * (0.014207884669 * x6)))) + ((-0.673139929771) ^ 2))))',1.0039392586685443e-10,5.058045093875307e-10,322052700,409,0,58,12,128,paper,4,0,3324115916
3600.008153978735,'((-0.000028859411) + ((-0.414829403162) * (((-2.410629749298) * x6) + (((-2.410629749298) * x5) - ((((-2.896210193634) * x4) / (((-0.895093262196) / (-0.003532329574)) ^ 2)) - ((-2.410674571991) * x4))))))',8.462923445507483e-11,2.850168157042532e-10,339481980,409,10,58,12,128,paper,6,0,4190266092
3600.0140994377434,'(0.000021289075 + ((-0.706494390965) * (((-1.415439009666) * x6) + (((-1.415439009666) * x4) - (1.415439724922 * x5)))))',1.7649749041777946e-10,1.1601388738569085e-09,469901322,409,24,58,12,256,paper,4,0,2765379632
3600.007081232965,'(0.000027314460 + ((-0.154619321227) * (((((1.414584040642 * x5) - (6.467493534088 * x4)) - (4.144726753235 * x5)) - (3.737356424332 * x5)) - (6.467494964600 * x6))))',2.967560698061976e-10,9.473798412429346e-10,350393637,409,17,58,12,128,paper,6,0,3606691181
3600.0094256848097,'(174.934310913086 + (12.400926589966 * (((((0.080639138818 * x5) + (0.080639138818 * x4)) + (-6.743133544922)) + (-7.363418102264)) + (0.080639138818 * x6))))',1.5215363540550668e-10,2.2480199646235377e-10,332858389,409,27,58,12,128,paper,6,0,2342600226
3600.00941067189,'((-0.000014384951) + (1.930992841721 * (((0.517868340015 * x6) - ((-0.517868340015) * x5)) - ((-0.517868340015) * x4))))',3.576406254074504e-11,4.2150374857108375e-10,487834041,409,0,58,12,256,paper,4,0,3324115916
3600.013242211193,'((-0.000002529735) + ((-0.667563915253) * (((-1.497983932495) * x6) - ((1.497983694077 * x4) - ((-1.497983932495) * x5)))))',3.258092558254034e-11,3.693175765207002e-10,488285562,409,10,58,12,256,paper,4,0,4190266092
3600.009912457317,'((-0.000022120097) + (0.557216882706 * ((1.794633865356 * x6) + ((1.794633865356 * x4) - ((-1.794632673264) * x5)))))',3.0451308911124756e-10,1.1521102960543317e-09,502715420,409,24,58,12,128,paper,4,0,2765379632
3600.011413656175,'((-0.000058476719) + (0.781725585461 * (((1.279220581055 * x4) + (1.279220581055 * x5)) - ((-1.279222607613) * x6))))',1.549473665293192e-09,2.504936480463016e-09,498602634,409,22,58,12,128,paper,4,0,3980425317
3600.0161509737372,'((-0.000029706416) + ((-0.559090912342) * ((((-1.788617849350) * x5) - (1.788618206978 * x4)) - (1.788618206978 * x6))))',8.759065216739537e-11,3.733318931775642e-10,498342147,409,13,58,12,128,paper,4,0,3081541439
3600.00778612867,'((-3.847234487534) + ((-2.012138605118) * ((((((-0.496981561184) * x6) - (0.496192902327 * x4)) - cos(sqrt(log((5.963739871979 * x4))))) - sqrt(log((26.429271697998 * x4)))) - (0.496985673904 * x5))))',5.122687279098892e-06,5.065475306764711e-06,276986468,409,13,58,12,128,paper,6,0,3081541439
3600.0175868161023,'(0.000008746162 + (0.265000402927 * (((3.141394615173 * x6) + (0.720774114132 * x5)) + (((3.052806615829 * x5) + (3.773574829102 * x4)) + (0.632184863091 * x6)))))',5.962883858360741e-10,7.707497418074638e-10,413032806,409,21,58,12,128,paper,4,0,784044718
3600.0154163241386,'((-0.000002121629) + (0.519523441792 * (((1.924841165543 * x5) - ((-1.924840807915) * x4)) - ((-1.924840807915) * x6))))',4.776868639210884e-11,1.119995651777117e-09,494169705,409,17,58,12,256,paper,4,0,3606691181
3600.007240958512,'((-0.000683674065) + (0.830983936787 * ((exp((exp((-2.836420536041)) - (cos((-1.477205157280)) * 2.898610591888))) * (1.487943053246 * x5)) - ((((4.590433597565 * x6) / 2.754297971725) - ((-3.248793601990) * (0.513036310673 * x4))) / (-1.384970307350)))))',9.445769088557059e-07,9.484757583777537e-07,219378694,409,22,58,12,128,paper,6,0,3980425317
3600.0201756358147,'(0.000038690807 + ((-0.815088272095) * ((((-1.226860284805) * x6) - (1.226861834526 * x5)) + ((-1.226860284805) * x4))))',8.196854949416137e-10,1.8827166492485503e-09,496080313,409,16,58,12,256,paper,4,0,550243861
3600.0121724642813,'(0.000032946333 + (2.994560480118 * ((0.333938866854 * x6) + ((0.333938866854 * x4) + (0.333938866854 * x5)))))',5.394011532015751e-09,1.553542405829944e-09,501353626,409,18,58,12,128,paper,4,0,1934392872
3600.006828214973,'((-171.526809692383) + (3.742882966995 * (sqrt((((2.995882034302 / (-0.177524060011)) * ((-2.372533082962) * x4)) - ((-40.959400177002) * x6))) + sqrt(((((-0.091861262918) * x5) * ((-0.925035655499) * x5)) + (((-0.052243981510) * x2) * ((-0.429299086332) * x3)))))))',16.69051098047565,16.6904354095459,253374718,409,8,58,12,128,paper,6,0,404488628
3600.0160223916173,'(0.000002414572 + (0.960486590862 * (((1.041139245033 * x5) + (1.041139006615 * x4)) - ((-1.041138529778) * x6))))',6.269063170435711e-10,1.2243680513890354e-09,495412394,409,14,58,12,256,paper,4,0,3376120482
3600.0120242759585,'((-0.000054093063) + ((-0.378555715084) * (((-2.641618728638) * x5) + (((-2.641620159149) * x6) + ((-2.641618728638) * x4)))))',5.599297850242684e-10,1.0316806298149572e-09,497478427,409,2,58,12,256,paper,4,0,1884968544
3600.007034830749,'((-4.028088092804) + (3.815795421600 * (exp(((0.000683441758 * x4) ^ 2)) + ((((0.260288685560 * x4) + sin(sin(log(((0.006198863499 * x4) ^ (0.000683441758 * x4)))))) + (0.107782006264 * x5)) + (((0.262052059174 * x6) + (0.154298648238 * x5)) + sqrt((0.000683441758 * x4)))))))',9.441826068861474e-06,9.469884389545768e-06,190330389,409,0,58,12,128,paper,6,0,3324115916
3600.0076253190637,'(0.000032692609 + ((-0.803155779839) * (((-1.245088696480) * x4) - ((1.245087981224 * x6) - ((-1.245088696480) * x5)))))',2.6690774818303396e-10,8.02864275062376e-10,501411856,409,26,58,12,128,paper,4,0,3533734220
3600.008209887892,'(1.614693880081 + (2.183839321136 * (((sqrt((8.901639938354 * x4)) - sqrt((8.908596038818 * x4))) - ((-0.457909137011) * x5)) - ((((-0.457909137011) * x6) + sqrt(cos(exp(log(cos(((cos((((-1.228616714478) * 0.027331277728) * sqrt((1.137551188469 * x4)))) + ((log(0.219460070133) ^ 2) ^ 2)) - ((-1.383938908577) / (0.972037315369 * x4))))))))) - (0.457987576723 * x4)))))',8.739743866904928e-10,1.5214278725750319e-09,254813766,409,6,58,12,128,paper,6,0,2995172877
3600.0160434879363,'(7.980228424072 + ((-4.053971767426) * ((cos(((-0.164752796292) * x7)) - (exp((0.050174053758 * x5)) / (0.222408458591 * x9))) - ((0.250878900290 * x3) - log(exp(((-0.241816341877) * x2)))))))',103.7950729268652,33.9301872253418,334848663,409,13,58,12,256,paper,4,0,3081541439
3600.0164019167423,'((-0.000040809336) + (0.266853570938 * (((3.747373580933 * x6) - ((-3.747373819351) * x4)) - ((-3.747373819351) * x5))))',6.067299294667069e-10,9.55408530067814e-10,493716626,409,2,58,12,128,paper,4,0,1884968544
3600.0094155222178,'(0.005207085982 + ((-0.246314063668) * ((((((-4.059858322144) * x4) + ((-4.059858322144) * x5)) + ((-1.984850287437) * x6)) + (((((0.201194748282 / ((sqrt((1.016275882721 * x6)) + 0.635916173458) / sqrt(0.201194748282))) + 0.370818048716) ^ 2) ^ 2) + (0.203083992004 * x6))) + ((-2.278085708618) * x6))))',4.649856942363693e-10,8.349788638284394e-10,258656564,409,25,58,12,128,paper,6,0,1728356533
3600.011124998331,'(14.621888160706 + (3.327265739441 * (((((((-0.222324550152) * x1) ^ 2) ^ ((-0.449661105871) - cos(((-0.740068495274) * x1)))) / (0.963558912277 ^ ((0.056277301162 * x5) * (1.521714687347 * x1)))) / sin(((0.184151306748 * x1) - ((-0.109475187957) * x0)))) - (((-0.264585137367) * x2) - (0.285446077585 * x3)))))',44.36216574757707,44.362213134765625,171406017,409,27,58,12,256,paper,4,0,2342600226
3600.01246387884,'(0.000038283109 + (0.192278295755 * (((5.200794696808 * x4) - ((-5.200793743134) * x6)) + (5.200794696808 * x5))))',1.7788713978230198e-10,3.9340350421745995e-10,395422214,409,4,58,12,128,paper,4,0,3687649985
3600.007783461362,'(0.573512911797 + ((-0.359171181917) * (((sqrt((0.439432591200 * x4)) / log((0.291853576899 * x4))) + (((-1.649845600128) * x5) + (((-1.785446643829) * x3) + ((-2.783542871475) * x6)))) + (((((-1.134400486946) * x5) - (((((-5.151270389557) * x1) / (1.877612233162 * x6)) ^ 2) + (((0.789744079113 * x4) / ((-2.783542871475) * x6)) ^ 2))) - ((-1.785057425499) * x3)) + (((0.728956818581 * x4) / (2.488400220871 * x6)) + ((-2.789780139923) * x4))))))',7.850070029649334e-06,7.837039447622374e-06,162240238,409,12,58,12,128,paper,6,0,3269070126
3600.0106832385063,'(3.541943550110 + ((-2.222731828690) * ((((((-0.290844440460) * x6) - ((-0.000601500273) * x4)) - (0.450505107641 * x4)) - ((0.383351385593 * x6) + (((-0.000601500273) * x4) / (0.669972896576 * x6)))) - ((((-0.224301829934) * x6) - (1.593180179596 + ((-0.229188188910) * x5))) - ((-0.220709189773) * x5)))))',1.0964688016965482e-08,1.1958663392874769e-08,198234678,409,16,58,12,128,paper,6,0,550243861
3600.015120860189,'((-0.000210388520) + (2.301432371140 * (((0.434512943029 * x6) - ((-0.434511095285) * x5)) + (0.434512943029 * x4))))',9.493684006707421e-09,9.93945992178169e-09,498502560,409,15,58,12,128,paper,4,0,2204291346
3600.008167333901,'(0.000010215047 + (0.375229507685 * (((2.665035486221 * x4) + (2.665035486221 * x5)) + (2.665035486221 * x6))))',3.215050215083318e-11,6.503200755680894e-10,507085492,409,9,58,12,128,paper,4,0,2261209995
3600.0124018602073,'((-0.000029846635) + (0.243333533406 * (((2.267560720444 * x4) + (4.109585762024 * x5)) + ((4.109585762024 * x6) + (1.842026591301 * x4)))))',7.444719767209069e-11,4.2150374857108375e-10,435639741,409,6,58,12,256,paper,4,0,2995172877
3600.0109801478684,'((-0.000022748136) + ((-1.027465224266) * (((-0.973269820213) * x4) - ((0.973268806934 * x5) + (0.973268806934 * x6)))))',4.333813271133658e-10,1.067809507482309e-09,436232037,409,10,58,12,128,paper,4,0,4190266092
3600.009008139372,'(50.180156707764 + ((-0.100478090346) * ((((sin((3.140790939331 * x6)) - ((-1.112224459648) * x5)) / ((0.551169633865 * x4) - (0.721013903618 * x2))) - 1.869565010071) / ((((3.655743360519 * x4) / (5.735529899597 * x2)) ^ ((2.301062822342 * x4) / (5.735529899597 * x2))) / (((-128.227035522461) - ((-2.494190931320) * x2)) - ((-2.516355037689) * x6))))))',4.738984386137173,4.7389631271362305,168079866,409,15,58,12,128,paper,6,0,2204291346
3600.017663229257,'((-0.218605682254) + (0.152328446507 * ((exp(exp((((6.057951927185 * x5) / ((-2.958686828613) * x4)) / 3.073915481567))) * (7.598249435425 * x5)) + (6.593624114990 * x6))))',2.6523022250154757,2.6522908210754395,396045108,409,11,58,12,128,paper,4,0,3160032368
3600.0119552984834,'((-0.000012322464) + (0.203776195645 * (((((1.635781764984 * x6) + (1.635781764984 * x5)) + (1.635957956314 * x4)) + (((1.635781764984 * x6) + (1.635781764984 * x5)) + (1.638630032539 * x4))) + ((((0.010181307793 * x4) / (1.358513116837 * x5)) * (0.003744840622 * x5)) + (((1.635781764984 * x6) + (1.635781764984 * x5)) + (1.632725834846 * x4))))))',1.6522364461122062e-10,3.251600377840447e-10,185351203,409,7,58,12,128,paper,6,0,865305066
3600.010466404259,'(0.000041927487 + ((-0.707106769085) * ((((-1.414214015007) * x4) - (1.414213538170 * x6)) - (1.414213538170 * x5))))',2.4060167351873514e-09,2.147662048201937e-09,491095540,409,18,58,12,256,paper,4,0,1934392872
3600.0070455111563,'(0.000021919934 + (1.201184630394 * ((0.832511365414 * x4) - (((-0.832511544228) * x5) - (0.832511365414 * x6)))))',3.6848701298068466e-11,5.419333870548826e-10,499022390,409,3,58,12,128,paper,4,0,1859786275
3600.009276367724,'(0.000019392197 + (0.608852684498 * (((1.642432808876 * x4) - ((-1.642433524132) * x5)) - ((-1.642433524132) * x6))))',2.618057939596122e-10,7.306065197276723e-10,463577846,409,5,58,12,256,paper,4,0,369133708
3600.0161506049335,'(0.000019655967 + ((-0.425450921059) * (((-2.350447177887) * x5) + (((-2.350447893143) * x6) - (2.350445508957 * x4)))))',2.833043587712542e-10,5.579906536823387e-10,496400445,409,19,58,12,256,paper,4,0,2148995112
3600.017600722611,'((-0.000014887921) + ((-5.907694816589) * ((((-0.169270768762) * x6) + ((-0.169270768762) * x5)) + ((-0.169270768762) * x4))))',1.8621939992955967e-11,1.0718238518947487e-09,491901067,409,21,58,12,256,paper,4,0,784044718
3600.010650407523,'(0.096372134984 + ((-1.231329441071) * ((((-0.811775267124) * x6) + (((-0.728722035885) * x4) + (((-0.084946379066) * x4) + ((-0.812131583691) * x5)))) + (((((-0.084946379066) * x4) + sin((exp(((-0.184747546911) * x7)) - 2.066960334778))) + (((-1.107851982117) * x4) / ((-0.236888661981) * x6))) / ((-0.235293403268) * x6)))))',8.116073928046322e-06,8.094955774140544e-06,220667728,409,14,58,12,128,paper,6,0,3376120482
3600.016977801919,'(0.000096655247 + (0.253388971090 * (((((3.946498155594 * x6) - ((-3.946501970291) * x5)) - ((-2.400921583176) * x4)) - (((0.021232435480 * x4) * 0.023936092854) / ((1.940599203110 * x6) ^ 0.023936092854))) - ((-1.546025991440) * x4))))',2.291354098126568e-10,1.2725398512714037e-09,223639111,409,29,58,12,128,paper,6,0,1934709049
3600.009828660637,'(0.000052625441 + (1.438247919083 * (((0.695289731026 * x6) - ((-0.695290923119) * x4)) - ((-0.695290923119) * x5))))',2.713842132304948e-09,3.1472280337396796e-09,504334919,409,7,58,12,128,paper,4,0,865305066
3600.012582361698,'((-2.081327199936) + (0.375881195068 * ((((-2.453213930130) * (((-1.732756018639) * x7) + (exp((((((0.319707870483 * x1) ^ ((-0.300862908363) * x5)) ^ 2) ^ 2) / (cos((1.256306052208 * x7)) / (0.017586231232 * x5)))) - cos((8.128887176514 * x7))))) ^ sin(((-0.865499794483) * x1))) + ((2.713754415512 * x3) + (2.669571399689 * x2)))))',nan,12.44511890411377,238506339,409,19,58,12,128,paper,4,0,2148995112
3600.012001927942,'(0.039390850812 + ((-0.323577076197) * ((((((-3.082841157913) * x5) - (3.090446233749 * x4)) - ((3.095788002014 * x6) + (-0.121473595500))) - ((-0.050041422248) * ((3.095788002014 * x6) - (2.989184379578 * x6)))) - (((-0.050041422248) * ((3.095788002014 * x6) - (2.989312171936 * x6))) * (((-3.884868860245) * x5) / (2.718306303024 * x6))))))',2.153781944938796e-09,2.5089508248754555e-09,195653881,409,18,58,12,128,paper,6,0,1934392872
3600.0165999121964,'(0.000003968024 + (0.280695259571 * ((((-1.401455163956) * x6) - ((-3.562583208084) * x4)) + ((4.964036464691 * x6) - ((-3.562583208084) * x5)))))',1.9989382711305048e-10,5.860909535471137e-10,445876854,409,8,58,12,128,paper,4,0,404488628
3600.0120391882956,'(0.000040378600 + (1.152712106705 * (((0.867518961430 * x4) + (0.867518961430 * x6)) - ((-0.867519557476) * x5))))',2.091608208745814e-10,4.85732898347635e-10,491036672,409,23,58,12,256,paper,4,0,3356806661
3600.0190448723733,'((-0.000030514691) + ((-0.599283933640) * ((((-1.066806316376) * x6) + ((-1.668658018112) * x5)) - ((1.668657779694 * x4) - ((-0.601852118969) * x6)))))',4.916304145364304e-10,8.791363748095193e-10,428884247,409,8,58,12,256,paper,4,0,404488628
3600.01131304726,'((-0.000033580382) + (1.658190608025 * (((0.603066980839 * x5) - ((-0.603066980839) * x6)) + (0.603066980839 * x4))))',1.0547907362619034e-09,1.252468240231508e-09,489303085,409,11,58,12,256,paper,4,0,3160032368
3600.0104219913483,'((-0.000010021708) + (3.118618488312 * (((0.320654690266 * x5) - ((-0.320654869080) * x6)) - ((-0.320654869080) * x4))))',2.939642230010721e-10,3.572745987945325e-10,490280619,409,4,58,12,256,paper,4,0,3687649985
3600.014533612877,'((-0.000005025890) + ((-0.316378653049) * ((((-3.160770177841) * x6) - (3.160768985748 * x4)) - (3.160768985748 * x5))))',9.735120744282161e-11,3.8136052649129226e-10,495905925,409,14,58,12,128,paper,4,0,3376120482
3600.0127320364118,'(0.206273779273 + ((-0.226063832641) * (((((-4.422233104706) * x6) + (exp(sin(exp((((0.060256436467 * x6) / ((-0.455886006355) * x4)) * 3.771039009094)))) + ((-2.215146780014) * x5))) + ((-2.208352088928) * x5)) + (((((log((0.918192327023 * x4)) * ((-1.592051625252) * x6)) / ((-0.455886006355) * x6)) / ((-0.455886006355) * x6)) + ((-2.215146780014) * x4)) + ((-2.215146780014) * x4)))))',2.8143303315002538e-05,2.8154676328995265e-05,191448697,409,24,58,12,128,paper,6,0,2765379632
3600.0072224363685,'((-0.020162459463) + (0.504638612270 * ((1.980317473412 * x6) - (((((exp(3.568387031555) + sqrt(exp((cos(((-1.620571851730) * x2)) * ((-1.838895916939) * x0))))) - (0.693147182465 * x6)) / (10.904191017151 * x4)) - (1.981764435768 * x5)) - (1.983487606049 * x4)))))',4.176406471662707e-05,4.165960490354337e-05,282836879,409,19,58,12,128,paper,6,0,2148995112
3600.006691340357,'((-0.000051864827) + ((-0.805699348450) * ((((0.102976702154 * x4) + ((0.116372764111 * x4) + ((-0.525064706802) * x3))) + ((((-0.921081066132) * x4) + (0.693117201328 * x3)) + ((-1.057638406754) * x5))) + (((((-0.539432168007) * x4) + (0.225998446345 * x3)) + (((-0.394049227238) * x3) + ((-0.183519303799) * x5))) + ((-1.241157174110) * x6)))))',8.463361648908585e-09,7.795811995947588e-09,213723567,409,20,58,12,128,paper,6,0,1592565386
3600.006811980158,'((-3.043591499329) + ((-2.505013465881) * ((((((-1.026019215584) * x1) - ((-0.643017232418) * x0)) + cos((1.688794493675 * x1))) - (0.392125546932 * x3)) - ((((0.321816146374 * x2) - ((-0.146055310965) * x5)) - cos((0.158272475004 * x7))) - (cos((0.130784392357 * x11)) / cos((0.742410421371 * x11)))))))',37.26064094153738,37.24370574951172,201650071,409,21,58,12,128,paper,6,0,784044718
3600.019142407924,'(0.000073815288 + (0.238712087274 * (((4.209182262421 * x6) - ((-4.189147472382) * x5)) - ((0.020035915077 * x6) - (4.189143657684 * x4)))))',1.1065810214783073e-09,9.955517521476054e-10,429678640,409,9,58,12,256,paper,4,0,2261209995
3600.008408833295,'((-0.790485799313) + (0.594941794872 * (((0.097586110234 * x2) * log((((sqrt((18.005746841431 * x5)) + (((-0.765459835529) * x1) ^ 2)) ^ 2) ^ 2))) - (log(exp(((-0.654774665833) * x3))) - (1.330033540726 * x3)))))',104.12625001029694,61.45491409301758,244797774,409,23,58,12,128,paper,6,0,3356806661
3600.010679718107,'(6.135179519653 + ((-0.815403759480) * ((((-1.191792726517) * x3) - (cos((sin((sqrt(((0.170922651887 * x1) ^ log((0.233239889145 * x1)))) + (1.941267848015 * x0))) + 0.525866508484)) ^ log((cos(((1.730165481567 * x1) + ((-1.785131096840) * x10))) ^ 2)))) - (1.232042312622 * x2))))',85.2489398489732,45.80963897705078,198650313,409,16,58,12,128,paper,4,0,550243861
3600.0075397007167,'((-0.000006500199) + ((-0.542497694492) * ((((-1.843326568604) * x6) + ((-1.843326568604) * x5)) - (1.843322038651 * x4))))',1.7124338237602348e-09,2.697623902037094e-09,507446933,409,28,58,12,128,paper,4,0,1904449481
3600.0140508562326,'(0.000010204130 + ((-0.383221417665) * (((-2.609457731247) * x5) - ((2.609457254410 * x6) + (2.609457254410 * x4)))))',2.3255170784543426e-11,6.62363053294257e-10,501028707,409,27,58,12,128,paper,4,0,2342600226
3600.0194760859013,'((-0.000018242363) + ((-0.524086773396) * ((((-1.908081650734) * x4) - (1.908080816269 * x6)) - (1.908080816269 * x5))))',4.576378360265438e-10,5.820766091346741e-10,488722571,409,25,58,12,256,paper,4,0,1728356533
3600.008393075317,'((-2.077294826508) + (1.095133304596 * ((sqrt(((0.271196216345 * x6) - ((-0.257608741522) * x5))) + (((5.749252319336 * x4) / (0.566557109356 * x6)) ^ ((5.966506958008 * x4) / ((-1.258125543594) * x5)))) * (sqrt(((1.529281020164 * x6) - ((-1.575735807419) * x5))) + sqrt((3.897015094757 * x4))))))',0.8530365284168502,0.8530115485191345,181443045,409,1,58,12,128,paper,6,0,2811363264
3600.0084249190986,'((-10.365811347961) + ((-7.819364547729) * (((((0.096829652786 * x6) - (-0.975767970085)) * (-1.320825099945)) - (((2.938941717148 * x4) * 0.208602055907) * 0.208602055907)) - ((((2.938941717148 * x5) + (((0.013450416736 * x6) - (-4.765496253967)) ^ (-0.102851867676))) * 0.208602055907) * 0.208602055907))))',1.9133993185688203e-08,1.741814159572641e-08,175901477,409,5,58,12,128,paper,6,0,369133708
3600.0073796212673,'((-0.000004039590) + (2.580599308014 * (((0.387507081032 * x4) + (0.387507081032 * x5)) - ((0.708432853222 * x6) / log(0.160705402493)))))',7.322247998779036e-10,1.6498861166169831e-09,417498185,409,5,58,12,128,paper,4,0,369133708
3600.0093093514442,'((-0.000017883909) + (0.231623932719 * (((4.317343235016 * x5) - ((-4.317343235016) * x4)) - ((-4.317343235016) * x6))))',1.4995413627319927e-10,7.265921753152327e-10,493109348,409,15,58,12,256,paper,4,0,2204291346
3600.0122195221484,'(0.000009312836 + (0.254069715738 * (((3.935927629471 * x4) + (3.935927629471 * x6)) + (3.935927629471 * x5))))',1.843790095519281e-10,4.4960399292470754e-10,502977165,409,20,58,12,128,paper,4,0,1592565386
3600.0152417346835,'(0.000038689777 + (0.690197348595 * (((1.448861002922 * x6) - ((-1.448860406876) * x4)) + (1.448861002922 * x5))))',6.208497787331116e-10,9.192795968893108e-10,499810026,409,12,58,12,128,paper,4,0,3269070126
3600.0124553442,'((-0.724955737591) + (0.678693234921 * (((1.473852157593 * x4) - (((-0.814227223396) * (0.180209830403 * x5)) - (1.473444938660 * x6))) - ((((-0.259210139513) * (0.180209830403 * x5)) / (10.084431648254 * x4)) + ((-1.056480884552) * (cos((sin(((-0.098717093468) * log((1.506898999214 * x4)))) - (-0.259210139513))) + (1.255661129951 * x5)))))))',1.1089702740101384e-06,1.101919224311132e-06,189199382,409,26,58,12,128,paper,6,0,3533734220
3600.007904175669,'((-0.004597479478) + (0.255203664303 * (((3.917984485626 * x4) + ((3.918585062027 * x6) + ((0.935779333115 * x4) / (16.759332656860 * x6)))) - ((-3.918434381485) * x5))))',4.187606066654423e-07,4.13744061233956e-07,357368435,409,3,58,12,128,paper,6,0,1859786275
3600.013679843396,'(0.291029751301 + ((-0.298769176006) * ((((0.974064350128 - ((-0.000805109739) * x4)) + ((-1.630294442177) * x4)) + ((-3.347065925598) * x5)) + (((-3.347065925598) * x6) + ((-1.717572927475) * x4)))))',3.807912775016155e-10,7.225778864139443e-10,290588897,409,28,58,12,128,paper,6,0,1904449481
3600.0107204392552,'(0.001035398804 + ((-0.379426211119) * (((((-1.001907944679) * (2.630569458008 * x5)) - ((-1.136820554733) * x6)) - (2.635521888733 * x4)) - (3.772349596024 * x6))))',2.6024991515947653e-07,2.5796029490265937e-07,434823649,409,3,58,12,256,paper,4,0,1859786275
3600.007145818323,'((-2.116814374924) + (1.199707865715 * (((((1.365409731865 * x6) - ((-1.426544666290) * x5)) - (((-0.061163045466) * x6) - 3.016157388687)) - ((-1.426544666290) * x4)) / ((0.308251708746 + cos((((((-0.116565503180) * x6) - 0.707106769085) / (1.358404874802 * x6)) ^ 2))) ^ 2))))',2.0534937175623548e-08,1.5162092026344e-08,240415276,409,9,58,12,128,paper,6,0,2261209995
3600.0115637779236,'((-0.000133153095) + ((-0.404801249504) * ((((((-1.152367472649) * x1) - (1.442583322525 * x4)) + (((-1.150951385498) * x1) - (1.027755975723 * x4))) - ((2.470349788666 * x6) - ((2.303314924240 * x1) - (2.470349788666 * x5)))) - (exp(((0.017126468942 * x4) - 2.582803010941)) / ((2.224413871765 * x6) - ((1.244361996651 * x4) - (3.156623840332 * x5)))))))',5.128523902446166e-10,1.3568406398434263e-09,182146340,409,2,58,12,128,paper,6,0,1884968544
3600.0070301927626,'((-0.342621654272) + (0.308895081282 * ((((2.148484945297 * x4) + ((1.089193344116 * x4) + (1.995305061340 * x5))) + (((1.774703264236 * x3) + (1.053697824478 * x5)) / ((1.783211708069 * x3) + (0.774080872536 * x6)))) + ((((0.706622302532 * x6) + (1.238796472549 * x5)) + ((0.652045547962 * x6) + (1.881400823593 * x6))) + (((3.704354763031 * x6) / (0.957608997822 * x3)) / (0.639570653439 * x2))))))',6.301149597792213e-05,6.291166937444359e-05,177437960,409,11,58,12,128,paper,6,0,3160032368
3600.0146196074784,'(12.251544952393 + ((-0.329346477985) * ((((-2.004669666290) * x2) - (2.357448816299 * x3)) - sqrt((((((((-0.679995894432) * x5) * sqrt(sqrt(((sin(log(sqrt((0.382685095072 * x9)))) - ((0.720660030842 * x0) ^ sin(cos(((-1.012140631676) * x1))))) / ((-0.081014171243) * x10))))) ^ 2) + (0.923490524292 * x6)) ^ 2) - ((-0.091859892011) * x10))))))',27.458759223262042,27.45875358581543,222813286,409,17,58,12,128,paper,4,0,3606691181
3600.011290986091,'(8.936175346375 + ((-0.697732627392) * (((-1.398181915283) * x3) - (((-4.227451801300) * x2) * (cos((sin((((exp((((-0.179697006941) * x5) / (1.448466539383 * x4))) ^ (-1.337815523148)) - 1.162801623344) * sin((0.342680901289 * x7)))) ^ 2)) + (-1.337815523148))))))',46.27870144037361,46.2786750793457,256585713,409,7,58,12,256,paper,4,0,865305066
3600.0076282694936,'(39.070663452148 + (0.876662492752 * (((0.627109646797 * x3) - ((-0.942722916603) * x2)) + ((((1.275584220886 * x4) + ((0.079507745802 * x5) ^ 2)) * (log(((7.418736457825 * x1) ^ (5.714676856995 - ((1.037976980209 * x1) / (sqrt(log((log((0.410538762808 * x11)) ^ 2))) + cos(((-0.164072036743) * x7))))))) + ((-0.552695155144) * x6))) / ((-0.942722916603) * x2)))))',8.088615159185064,8.088603973388672,242380144,409,6,58,12,128,paper,4,0,2995172877
3600.006951197982,'((-0.000039488699) + (0.422982871532 * (((2.364161729813 * x5) + (2.364162683487 * x6)) + (2.364162683487 * x4))))',3.599197802389519e-10,7.105349086877766e-10,486096161,409,29,58,12,256,paper,4,0,1934709049
3600.008924294263,'(0.000033364075 + ((-0.693149328232) * (((-1.442689180374) * x4) - ((1.442690730095 * x5) + (1.442690730095 * x6)))))',3.9389768438151714e-10,5.700336314085064e-10,486288722,409,11,58,12,512,paper,4,0,3160032368
3600.0081418566406,'((-0.000004463734) + (0.590638041496 * ((((1.599293112755 * x4) - ((-1.599294185638) * x5)) * 1.058644890785) - (((-0.826651036739) * x6) + ((-0.866432905197) * x6)))))',1.7312897488240325e-09,1.5695996724574002e-09,388857653,409,14,58,12,512,paper,4,0,3376120482
3600.0058686435223,'(1.481353878975 + ((-0.420127719641) * ((((((-0.595063686371) * x4) + ((-0.595063686371) * x6)) + 3.214379310608) + ((((-0.595063686371) * x4) + ((-0.595063686371) * x6)) - (1.687934637070 * x5))) + (((((-0.595044076443) * x6) + ((-0.595063686371) * x6)) + ((0.497349172831 ^ 2) * ((0.497349172831 / ((-1.171082258224) * x6)) + 1.266824245453))) + ((((-0.595063686371) * x4) + ((-0.595044076443) * x4)) - (0.692291319370 * x5))))))',3.938740094400141e-09,3.155256722564559e-09,166637577,409,20,58,12,256,paper,6,0,1592565386
3600.0076916888356,'(0.000021860480 + ((-0.473484814167) * ((((-2.111999988556) * x6) + ((-2.111999988556) * x5)) + ((-2.111999988556) * x4))))',5.2029865497257906e-11,2.850168157042532e-10,477543285,409,9,58,12,512,paper,4,0,2261209995
3600.005482017994,'(0.000171496838 + (0.375145614147 * ((2.666628599167 * x5) + (((-0.007036947180) * (0.062378171831 + (0.141648575664 * x5))) + (((1.332815647125 * x4) + (1.332815647125 * x6)) + ((1.332815647125 * x4) + (1.332815647125 * x6)))))))',4.32245620356599e-11,3.0508842674414893e-10,265137272,409,8,58,12,256,paper,6,0,404488628
3600.0076175034046,'((-0.000059662554) + (0.982442498207 * (((1.017871499062 * x4) - ((-1.017871618271) * x6)) + (1.017871141434 * x5))))',4.164410551379194e-10,7.386351530414004e-10,484640277,409,16,58,12,512,paper,4,0,550243861
3600.006169591099,'((-0.000018008688) + (0.273190498352 * ((((((-1.361330986023) * x4) - ((-3.660449981689) * x6)) - ((-3.660449743271) * x5)) - ((-1.264148831367) * x4)) - ((-3.757631063461) * x4))))',1.213338496605425e-10,1.2564825846439476e-09,345527042,409,0,58,12,256,paper,6,0,3324115916
3600.008827190846,'(0.000071663068 + (2.312515735626 * (((0.432429701090 * x5) + (0.432429701090 * x6)) - ((-0.432427853346) * x4))))',4.520917842593775e-09,4.564283617725096e-09,481051876,409,10,58,12,512,paper,4,0,4190266092
3600.0081388764083,'(0.000015238356 + (0.360840886831 * (((2.771304130554 * x6) - ((-2.771305799484) * x4)) + (2.771304130554 * x5))))',1.4274898538887857e-10,7.747640307087522e-10,485585928,409,19,58,12,512,paper,4,0,2148995112
3600.0124737620354,'((-0.000008252671) + (1.414213657379 * ((0.707106769085 * x5) + ((0.707106769085 * x4) + (0.707106769085 * x6)))))',6.817817024697554e-11,4.2551806522794777e-10,497099781,409,3,58,12,512,paper,4,0,1859786275
3600.009767472744,'(1.717163205147 + (0.374456644058 * (sqrt((((3.150351762772 * x5) ^ 2) + ((4.466121673584 * x4) ^ 2))) + (2.696915864944 * x6))))',12.887786198636189,12.887727737426758,456863759,409,28,58,12,256,paper,4,0,1904449481
3600.0089402645826,'((-0.000025170209) + ((-0.238164991140) * (((-4.198771953583) * x4) + (((-4.198770046234) * x6) + ((-4.198770046234) * x5)))))',1.7156581820611308e-10,1.3006401511361787e-09,483906959,409,22,58,12,512,paper,4,0,3980425317
3600.0056819319725,'((-0.951296031475) + ((-0.412359386683) * ((((0.336529374123 * x4) / ((-2.425069093704) * x4)) + ((((-0.146598964930) * x4) / ((-2.425069093704) * x4)) + ((-2.425069093704) * x4))) - (((((-5.404563426971) * x4) / ((-2.425069093704) * x4)) - ((-2.425069093704) * x6)) - ((-2.425069093704) * x5)))))',3.1282328749610116e-11,2.1275903261397389e-10,243180230,409,13,58,12,256,paper,6,0,3081541439
3600.006076209247,'(5.577751159668 + (2.302584886551 * (((((0.434294492006 * x6) + (0.434294492006 * x5)) + (-2.422382116318)) + (((0.693147182465 * x6) - (0.434294492006 * x5)) / (((((-0.207641914487) * x11) ^ 2) / log(0.929154336452)) - ((0.434294492006 * x11) * ((-0.203109964728) * x8))))) + (0.434294492006 * x4))))',2.140033109308359e-10,1.2444396901845067e-10,288800818,409,4,58,12,256,paper,6,0,3687649985
3600.007336523384,'(59.520095825195 + ((-14.630151748657) * (((-0.068351991475) * x5) + (2.531954050064 + (1.536362528801 + (((-0.068351991475) * x6) + ((-0.068351991475) * x4)))))))',8.480235860456678e-11,3.5326028213766847e-10,340942116,409,17,58,12,256,paper,6,0,3606691181
3600.01045589149,'(52.561203002930 + ((-0.391976445913) * ((((sqrt((((-3.774827718735) * x6) - ((-7.265755176544) * x3))) / (0.127930894494 * x5)) - sqrt((2.956024885178 * x6))) - (0.137245029211 * x5)) * (sqrt((0.895286440849 * x6)) - ((0.010146059096 * x2) - sqrt((1.679330825806 * x4)))))))',10.979874912332493,10.979838371276855,236857067,409,7,58,12,256,paper,6,0,865305066
3600.009082607925,'((-0.000043940559) + ((-0.318312734365) * ((((-0.879777312279) * x6) - (3.141564130783 * x4)) - ((3.141564130783 * x5) - ((-2.261788606644) * x6)))))',2.596868896991776e-10,4.2150374857108375e-10,424407154,409,8,58,12,512,paper,4,0,404488628
3600.006525211036,'(0.002529144986 + ((-0.101168826222) * ((((((-3.246634006500) * x5) + ((sin((0.080575048923 * x4)) * 0.962587952614) / ((-3.727852821350) * x3))) + (((-3.246634006500) * x5) + ((-3.158509016037) * x6))) + ((-3.319513559341) * x4)) + (((((-3.391231775284) * x5) + ((-3.567350149155) * x6)) + ((-3.245246887207) * x4)) + (((log((((0.080575048923 * x4) * (((-2.202452898026) * x5) ^ 2)) ^ (-0.223545581102))) / ((-3.809307336807) * x4)) + ((-3.158588647842) * x6)) + ((-3.319513559341) * x4))))))',4.7275736074901436e-09,4.134751208084708e-09,146137627,409,10,58,12,256,paper,6,0,4190266092
3600.012225523591,'(0.000014343911 + ((-0.505794107914) * ((((-1.977088809013) * x6) - (1.977089524269 * x4)) + ((-1.977088809013) * x5))))',1.2663120244752442e-10,7.827926640224803e-10,484892590,409,13,58,12,512,paper,4,0,3081541439
3600.007100459188,'(0.000018933593 + ((-1.477490663528) * (((-0.661891758442) * x6) - ((((0.014900102280 * x6) * (0.014900102280 * x6)) / (7.082814216614 * x6)) + ((0.676823198795 * x5) + ((0.014900102280 * x6) + (0.676823198795 * x4)))))))',6.735576448083052e-11,9.353369190279182e-10,281510400,409,16,58,12,256,paper,6,0,550243861
3600.006732624024,'(9.442896842957 + (0.979479372501 * sqrt((((((-1.443483591080) * x6) * (sqrt((2.727750301361 * x3)) + (((-1.353540658951) * x5) - (-26.018920898438)))) + (((-1.779825925827) * x6) * ((-2.744493007660) * x4))) + ((((-2.019056558609) * x6) * ((-0.384299248457) * x6)) + (((-4.524963855743) * x5) * ((-0.322012096643) * x5)))))))',8.917966509848167,8.91793441772461,231506756,409,3,58,12,256,paper,6,0,1859786275
3600.0077855288982,'((-0.000004785071) + ((-0.444845676422) * (((-2.247970581055) * x4) + (((-2.247970581055) * x6) + ((-2.247970581055) * x5)))))',4.4981560175068465e-11,1.2243680513890354e-09,485357618,409,1,58,12,512,paper,4,0,2811363264
3600.006825774908,'((-4.541928291321) + (1.414213538170 * ((0.707106769085 * x6) + (((0.707106769085 * x5) + cos(((1.037987470627 * x1) / (0.191114917397 * x11)))) + ((0.707106769085 * x4) + 2.211630344391)))))',8.95337119545006e-11,3.9340350421745995e-10,308920644,409,29,58,12,256,paper,6,0,1934709049
3600.008375391364,'(0.000001572621 + ((-0.935431003571) * ((((-1.069025874138) * x5) - (1.069025993347 * x6)) - (1.069025993347 * x4))))',5.249160617127118e-11,2.609308880074934e-10,476489357,409,29,58,12,512,paper,4,0,1934709049
3600.013421382755,'(0.531537055969 + (0.408085078001 * (((2.450448989868 * x5) - (((-2.938689708710) * (0.834026634693 * x6)) - (2.450610876083 * x4))) - (((0.361581534147 * x6) ^ (0.318309873343 / 4.080957412720)) - (log((0.849806368351 * x4)) / ((0.304064005613 * x6) * ((-0.038376778364) * x6)))))))',6.67668781320183e-07,6.642337098128337e-07,182594959,409,22,58,12,256,paper,6,0,3980425317
3600.006270200014,'(9.870551109314 + (2.069196939468 * ((0.470912635326 * x6) + (log((0.404999583960 * x4)) * (sqrt((0.754822313786 * x5)) ^ 1.460602879524)))))',19.961075117776996,19.961015701293945,284904213,409,1,58,12,256,paper,6,0,2811363264
3600.007768329233,'((-0.000054149976) + (0.416306823492 * (((2.402075767517 * x5) + (1.384812593460 * x6)) + ((2.402075767517 * x4) + (1.017261266708 * x6)))))',8.06461760040404e-10,9.192795968893108e-10,420233834,409,15,58,12,512,paper,4,0,2204291346
3600.012686368078,'(0.000007391316 + ((-0.993260920048) * (((-1.006784796715) * x6) + (((-1.006784796715) * x4) + ((-1.006784796715) * x5)))))',3.006652958791565e-11,2.448736213800373e-10,480029370,409,5,58,12,512,paper,4,0,369133708
3600.0060026161373,'((-0.371399044991) + (0.423130899668 * (((((0.864379763603 * x4) - ((-0.985044836998) * x5)) + (((-0.507539868355) * x4) - ((-0.389662563801) * x5))) + (((0.920479238033 * x6) + (0.693147182465 * x4)) + ((0.864379763603 * x4) - ((-0.988627851009) * x5)))) + ((((0.006312050857 * x6) * 0.025347920135) - ((0.746022403240 * x6) / (6.104979038239 * x6))) + ((1.442695021629 * x6) + ((sqrt(cos(((0.949849128723 * x6) / (6.104979038239 * x6)))) ^ (0.006312050857 * x4)) + (0.449006080627 * x4)))))))',9.03521174870967e-11,1.6779864164817582e-09,146609525,409,5,58,12,256,paper,6,0,369133708
3600.0117452181876,'(0.000072758790 + (0.605300784111 * ((((-2.074262142181) * x5) * (-0.796462297440)) - (((-1.652070403099) * x4) + ((-1.652070403099) * x6)))))',3.7361817027071886e-10,4.817185539351954e-10,419492374,409,7,58,12,512,paper,4,0,865305066
3600.011240825057,'((-0.000019541958) + (0.502947926521 * (((1.988277316093 * x6) + (1.988277316093 * x5)) + (1.988278031349 * x4))))',2.494599519931569e-10,6.944775865491692e-10,477069716,409,0,58,12,512,paper,4,0,3324115916
3600.0060924887657,'(0.023651102558 + ((-0.571908593178) * ((log(6.516759395599) / ((6.309453964233 ^ 2) + (5.394536495209 + (0.045257113874 * x4)))) - (((1.748494625092 * x4) - ((-1.748531103134) * x5)) - ((-1.748531103134) * x6)))))',1.6876553018683773e-10,4.2150374857108375e-10,250033110,409,27,58,12,256,paper,6,0,2342600226
3600.0092387981713,'(0.000000868231 + (2.285176038742 * ((0.437602996826 * x4) + ((0.437603026628 * x6) - ((-0.437603086233) * x5)))))',1.9474831245780914e-11,3.6530325986383616e-10,428992453,409,20,58,12,512,paper,4,0,1592565386
3600.011156987399,'(0.000007470004 + ((-2.541543722153) * ((((-0.393461734056) * x6) - (0.393461585045 * x4)) - (0.393461585045 * x5))))',1.4292696333269866e-10,4.897472427600746e-10,484150512,409,17,58,12,512,paper,4,0,3606691181
3600.008675672114,'((-0.210394710302) + ((-0.557612240314) * (((-1.099104285240) * x4) - ((((0.694257676601 * x4) - ((-1.793360829353) * x6)) - ((-1.793360829353) * x5)) - (-0.377271860838)))))',1.2598527254570142e-10,3.412173321670764e-10,320462072,409,2,58,12,256,paper,6,0,1884968544
3600.0094069838524,'((-0.000016133645) + ((-0.530508041382) * (((-0.845896661282) * x6) + (((-0.845652103424) * x6) + (((-0.193437233567) * x6) + (((-1.884985327721) * x4) + ((-1.884985327721) * x5)))))))',9.709663341681116e-11,6.744059755092735e-10,346167186,409,11,58,12,512,paper,6,0,3160032368
3600.0077161081135,'(132.013854980469 + ((-1.259627819061) * (exp(exp(1.494052529335)) + ((((0.470708668232 / 0.033568359911) - (-0.631620228291)) / cos(0.672847747803)) + (((-0.793885290623) * x5) + (((-0.793885290623) * x6) + ((-0.793885290623) * x4)))))))',1.631900784941084e-11,1.4893132282978172e-09,283243598,409,1,58,12,512,paper,6,0,2811363264
3600.0071320794523,'(2.280113220215 + ((-0.219853699207) * (((((-1.352595448494) * x0) + (((-4.817173957825) * x5) + (((-0.096813589334) ^ 2) ^ (-1.034050941467)))) / ((15.215285301208 - ((0.235096797347 * x2) + ((-1.922004222870) * x1))) + (((-2.478754758835) * x5) + ((-2.380208730698) * x4)))) + (((0.707106769085 * 15.215285301208) + (((-4.555426120758) * x5) + ((-4.543313980103) * x4))) + (sin(log((1.301878094673 * x5))) + (((-2.437522888184) * x6) + ((-2.110337734222) * x6)))))))',2.4902616464200955e-05,2.48233882302884e-05,169187238,409,25,58,12,256,paper,6,0,1728356533
3600.007061086595,'(0.093401961029 + ((-0.325914770365) * ((((((-1.535229206085) * x5) + ((-1.391310095787) * x4)) + ((-1.308779358864) * x4)) + ((((-1.474855422974) * x5) + ((0.693147182465 * x0) + exp(2.940740346909))) / (((-2.379891633987) * x6) + ((-1.587567448616) * x5)))) + (((-0.368313729763) * x4) + (exp(((0.024466484785 * x5) - sqrt((0.244030401111 * x5)))) + (((-3.067086696625) * x6) + ((-1.535229206085) * x5)))))))',9.632089238336457e-06,9.667610356700607e-06,188869494,409,21,58,12,256,paper,6,0,784044718
3600.006264142692,'(35.197128295898 + (0.049445860088 * (log(((2.357809782028 * x6) + ((((cos((1.088362693787 * x10)) ^ 2) - ((0.030139384791 * x6) - (((-0.848487615585) * x5) * (-0.064373880625)))) ^ 2) + (2.118305206299 * x4)))) ^ log((log((432.857788085938 * x5)) ^ 2)))))',5.900674202656104,5.897115707397461,188559228,409,12,58,12,256,paper,6,0,3269070126
3600.0072587132454,'((-0.000602713088) + (0.506601810455 * (((((1.973934054375 * x5) + ((-0.497216790915) * x1)) - ((cos((-3.066007852554)) ^ 2) * ((-0.594850897789) * x4))) - ((-1.382456302643) * x4)) + ((((-0.667725086212) * ((-0.594850897789) * x6)) - (((-0.497216790915) * x1) + ((-0.981899201870) * x6))) + ((((-0.043229043484) * x4) / (((-1.009953856468) * x6) / 0.070018053055)) - ((-0.594850897789) * x6))))))',8.492912550068963e-09,8.996094535973498e-09,167371922,409,17,58,12,512,paper,6,0,3606691181
3600.008775431663,'((-0.000091458591) + ((-0.932789146900) * ((((-1.072055459023) * x4) + ((-0.146406978369) * x6)) - ((1.072053313255 * x5) - ((-0.925646960735) * x6)))))',9.52597438483328e-10,1.4130411285506739e-09,425263156,409,25,58,12,512,paper,4,0,1728356533
3600.008552480489,'((-0.007372526452) + ((-0.338785111904) * ((((0.213217228651 * x5) / ((-8.324657440186) * x6)) + (((0.757766723633 * x6) + (2.922535896301 * x4)) + ((-2.951526165009) * x5))) - ((((1.961619734764 * x6) + ((-1.578601717949) * x4)) + ((0.839954614639 * x6) + (2.921344757080 * x4))) + (((0.839954614639 * x6) + (3.117310762405 * x4)) + ((0.068122409284 * x6) + (1.414213538170 * x4)))))))',5.088200777822162e-07,5.001764407097653e-07,178754600,409,14,58,12,512,paper,6,0,3376120482
3600.009540900588,'(24.647357940674 + ((-13.916666984558) * (((((0.037416078150 * x5) / ((-0.448484539986) * x2)) - ((0.073633760214 * x6) ^ 0.474053233862)) / (sqrt((10.494755744934 * x5)) / (2.097856760025 * x5))) - (((0.075629107654 * x4) - ((2.150699377060 * x6) ^ 0.422241359949)) + (((0.073633760214 * x6) ^ 1.056596517563) ^ ((0.037416078150 * x5) ^ (-0.202857926488)))))))',4.96052313321111,4.960525989532471,112487535,409,14,58,12,256,paper,6,0,3376120482
3600.0082433559,'(0.000038138194 + (0.538489460945 * (((((0.835440635681 * x6) - ((-1.137816429138) * x4)) / (sqrt(((0.219881221652 - (1.394141554832 - ((0.219881221652 ^ 2) ^ (-2.141180992126)))) - 0.652635931969)) ^ 2)) + ((1.857046961784 * x5) + ((0.932968616486 * x6) - ((-0.934655249119) * x4)))) + ((0.922800719738 * x6) - ((-0.920650839806) * x4)))))',3.0394084709094103e-10,8.068786194748157e-10,177592638,409,12,58,12,512,paper,6,0,3269070126
3600.0097378455102,'((-3.493485450745) + (1.021993279457 * (((((0.073293678463 * x6) - ((-0.489239454269) * x5)) - (-3.416723251343)) - ((-0.489239454269) * x4)) - ((((-0.902390122414) * x6) + (((-0.489239454269) * x4) + (0.036615878344 * x6))) - (((0.039418552071 * x6) - sin((0.044752717018 / ((-0.399973303080) * x6)))) - ((-0.489239454269) * x5))))))',1.2607500411667625e-08,1.3094716422301644e-08,207359443,409,10,58,12,512,paper,6,0,4190266092
3600.0178258158267,'(0.000031477586 + (4.378915786743 * (((0.228367120028 * x5) - ((-0.228366956115) * x4)) - ((-0.228366956115) * x6))))',3.743397386679268e-10,1.1079527295621006e-09,482339527,409,28,58,12,512,paper,4,0,1904449481
3600.0097267068923,'((-0.000024461715) + ((-0.824685573578) * ((((-1.212583541870) * x6) + ((-1.212582945824) * x4)) + ((-1.212583541870) * x5))))',1.4047090715341328e-10,4.3756104295411546e-10,480329134,409,2,58,12,512,paper,4,0,1884968544
3600.007064949721,'((-0.008931010030) + (1.253240466118 * ((((0.797981262207 * x4) - ((-1.128445029259) * (0.707106769085 * x6))) - ((9.255376815796 / (0.764417231083 * x4)) / (3.140834808350 * x4))) - ((-1.128445029259) * ((exp((-0.316785097122)) / (2.668894767761 * x4)) + (0.707106769085 * x5))))))',7.897430368476602e-08,8.028241182955753e-08,215560509,409,13,58,12,512,paper,6,0,3081541439
3600.010200098157,'(0.000016281601 + (0.693147182465 * ((1.442695021629 * x4) + ((1.442694902420 * x6) + (1.442695021629 * x5)))))',2.0324253884391387e-11,4.6164697065087523e-10,481708948,409,27,58,12,512,paper,4,0,2342600226
3600.0059212893248,'(0.000454445952 + ((-0.672922372818) * (((-0.331584185362) * (((2.442174434662 * x6) + (1.413693070412 * x4)) + ((2.039475917816 * x6) + (1.654330492020 * x4)))) - ((1.486069679260 * x5) - ((-0.331584185362) * (((sqrt((0.819367527962 * x4)) * ((-0.002256338485) * x5)) / (2.596637964249 * x6)) + (1.413710355759 * x4)))))))',1.1115141677330011e-08,1.1609417427393964e-08,216927089,409,6,58,12,256,paper,6,0,2995172877
3600.0080451481044,'(178.481079101562 + ((-3.442319154739) * ((((((-0.290501832962) * x5) + ((-0.290501832962) * x6)) + (7.306765556335 ^ 2)) + ((-0.290501832962) * x4)) - ((0.745711684227 * 0.638104557991) + (0.745711684227 * 1.426691412926)))))',1.8609806944495712e-11,2.609308880074934e-10,265096996,409,16,58,12,512,paper,6,0,550243861
3600.010772060603,'((-0.432203710079) + ((-0.740046560764) * (((((4.286321640015 * x4) + ((-0.624547839165) * x6)) ^ ((0.080348804593 * x4) + ((-0.080327466130) * x4))) + ((((-0.080327466130) * x4) + ((-0.080327466130) * x4)) + (((-1.146275520325) * x6) + ((-0.102492243052) * x6)))) + (((((-1.019821047783) * x4) + ((-0.102492243052) * x6)) + (-1.582780480385)) + ((((-2.227315902710) / (((-1.018252134323) * x9) * ((-0.080327466130) * x4))) + ((-0.080327466130) * x4)) + (((-0.090607538819) * x4) + ((-1.351266980171) * x5)))))))',3.190714076488611e-09,2.7498101573542044e-09,149509589,409,15,58,12,256,paper,6,0,2204291346
3600.009480755776,'(0.087758101523 + ((-0.082170918584) * (((((1.124376773834 * x3) - (5.666325092316 * x5)) - (6.502596378326 * x5)) - cos(((((cos((4.702001094818 * x7)) + (5.046421527863 * x5)) / ((0.434294492006 * x5) + (0.602238953114 * x5))) + (exp((-0.407882899046)) ^ 2)) ^ 2))) - ((12.170064926147 * x6) - (((3.924965620041 * x4) / (22.768129348755 * x5)) - ((1.124201416969 * x3) + (12.171437263489 * x4)))))))',8.386217081064664e-07,8.356091143468802e-07,177894993,409,23,58,12,256,paper,6,0,3356806661
3600.011997554451,'((-0.299396961927) + (0.693147182465 * ((((1.442695021629 * x6) + sin(0.446640670300)) + (1.442695021629 * x5)) + (1.442695021629 * x4))))',1.2622476995379648e-11,4.2551806522794777e-10,354736139,409,21,58,12,512,paper,6,0,784044718
3600.0089569725096,'(0.000126090032 + (1.102061986923 * (((0.907391250134 * x5) + ((-0.164356753230) * x6)) - (((-0.907386481762) * x4) + ((-1.071746110916) * x6)))))',5.707701670751527e-09,5.748508336012037e-09,425696466,409,6,58,12,512,paper,4,0,2995172877
3600.015898384154,'(0.000412889931 + ((-0.550096929073) * (((((1.772453904152 * x5) / (-0.975020170212)) - (((-0.468439668417) / (1.227732539177 * x6)) / (0.301252901554 * x4))) - ((0.450453668833 * x4) - ((1.120506525040 * x6) / (-0.513099193573)))) - (((1.368423700333 * x4) - ((0.786780178547 * x6) / 2.150010347366)) + (((0.450453668833 * x4) / 1.709279775620) / ((-0.975020170212) / 0.003783583641))))))',4.322561320472066e-09,4.447868295898161e-09,159331358,409,9,58,12,512,paper,6,0,2261209995
3600.0174074694514,'(0.000006410632 + ((-0.798829019070) * ((((-1.251832604408) * x6) - (0.571035623550 * x4)) + (((-1.251832604408) * x5) - (0.680795133114 * x4)))))',5.916580169536737e-10,9.794944855201493e-10,427922591,409,26,58,12,512,paper,4,0,3533734220
3600.008939381689,'(0.000084551437 + (1.242941141129 * (((((0.436141818762 * x5) + (0.367372870445 * x4)) + ((((0.436186522245 * 0.234005689621) ^ 2) ^ 2) * (0.433948636055 * x5))) + (0.000511020422 * x4)) + ((((0.368355244398 * x5) + (0.436141818762 * x4)) + ((0.000511020422 * x4) + (0.000511020422 * x6))) + (0.804033517838 * x6)))))',2.0786312487216324e-08,2.143246291552714e-08,203719802,409,2,58,12,512,paper,6,0,1884968544
3600.0130666419864,'(0.000004809654 + (0.693147242069 * ((1.442695021629 * x4) + ((1.442695021629 * x5) + (1.442695021629 * x6)))))',7.910120122734939e-10,4.4960399292470754e-10,477031191,409,24,58,12,512,paper,4,0,2765379632
3600.013713441789,'(11.658782005310 + (1.196225523949 * (((0.824623703957 * x3) + log(((((0.046271707863 * x6) ^ (0.070108272135 * x5)) / ((sqrt(((0.046271707863 * x3) ^ 0.370575338602)) ^ (((-1.173490881920) * x7) + ((0.024022474885 * x5) / 0.115929782391))) + ((-0.151691153646) * x7))) ^ 2))) + (0.707106769085 * x2))))',20.6963815762861,20.696338653564453,229135131,409,23,58,12,512,paper,4,0,3356806661
3600.010356269777,'((-3.925552606583) + (1.039894223213 * sqrt(((((18.006364822388 - ((-0.466435641050) * x4)) ^ exp(sqrt(cos(sin(exp(cos((2.714533329010 * ((0.693147182465 * x5) / (2.048916578293 * x6)))))))))) + ((0.362138271332 * x6) * (1.581469655037 * x6))) + (((1.916554331779 * x5) * (1.676958918571 * x6)) + ((0.693147182465 * x5) * (5.373869895935 * x4)))))))',6.622957621502529,6.623007774353027,181913579,409,3,58,12,512,paper,6,0,1859786275
3600.009059753269,'(0.000055119315 + (0.920440971851 * ((((((-0.047974705696) * x4) - ((-1.469379782677) * x5)) - (((-0.597588121891) * x4) - ((-0.169388800859) * x5))) + ((((-0.047974705696) * x4) - (((((-0.047673422843) * x4) ^ 2) / (((-0.172275513411) * x6) * (1.884703516960 * x3))) / exp((0.086217842996 * x1)))) - ((-1.086443781853) * x6))) + (((-0.166491374373) * x5) - ((((-0.632343530655) * x4) - ((-0.047063075006) * x5)) - ((-0.047588832676) * x4))))))',5.0651041192760285e-08,5.0460020162290675e-08,173103753,409,19,58,12,512,paper,6,0,2148995112
3600.0111254937947,'((-0.000029995166) + (1.116128325462 * (((0.895954430103 * x5) + (0.895954132080 * x4)) + (0.895954430103 * x6))))',2.112049897954384e-10,4.455896762678435e-10,482880436,409,21,58,12,512,paper,4,0,784044718
3600.014880374074,'((-0.000004113819) + (0.346245348454 * (((1.445430159569 * x6) + (((0.736919105053 * x4) - ((-0.722862303257) * x5)) + ((0.736941397190 * x4) - ((-0.721194148064) * x5)))) + ((1.442695021629 * x6) + (((0.677322685719 * x4) - ((-0.722875535488) * x5)) + ((0.736941397190 * x4) - ((-0.721194148064) * x5)))))))',1.3235712512646264e-10,9.273082302030389e-10,223789681,409,5,58,12,512,paper,6,0,369133708
3600.007520314306,'(30.200103759766 + (0.140554457903 * (sqrt(((((-4.696350574493) * x4) * (-2.284323692322)) - ((-7.049265384674) * x6))) * sqrt(((((-1.587972760201) * x5) * (log((0.226642847061 * x5)) / (-0.363445401192))) - ((-6.340180873871) * x6))))))',9.229365878764089,9.2293119430542,246519085,409,6,58,12,512,paper,6,0,2995172877
3600.013087641448,'(123.374664306641 + ((-0.318309873343) * ((((exp((2.630238533020 + 0.349739313126)) ^ 2) - (3.141592741013 * x6)) - (3.141592741013 * x4)) - (3.141592741013 * x5))))',7.351808285779653e-12,2.0874471595710986e-10,331856261,409,15,58,12,512,paper,6,0,2204291346
3600.006859190762,'((-0.871663510799) + (0.208523690701 * (((((4.804867744446 * x4) - ((-4.769905090332) * x5)) - ((exp((((-1.012996435165) * x5) / (0.804596126080 * x1))) - 4.202784538269) - (4.795444965363 * x6))) - (((sin((2.615446805954 / (0.983263969421 * x1))) * cos((0.001729875803 * x5))) ^ ((-0.614214062691) * (exp(((-0.731914639473) * x1)) ^ 2))) * (((-0.157849922776) * x5) * (-0.050630416721)))) - (((((-0.157849922776) * x5) / ((-5.370302200317) * x6)) - (((-0.670555055141) * x5) * (-0.050630416721))) - ((((-0.157849922776) * x5) * (-0.050630416721)) * ((4.756542205811 * x4) / ((-4.106050968170) * x5)))))))',1.4579932424278718e-07,1.4325908637147222e-07,127425900,409,19,58,12,256,paper,6,0,2148995112
3600.0073500946164,'(0.000020551899 + (0.000152340086 * (((((3.142152547836 * x6) - ((-3.142096042633) * x4)) - ((-3.142118453979) * x5)) * ((6.760686874390 ^ 2) ^ 2)) - (((3.142152547836 * x6) - (cos(((0.166011199355 + (cos(((-0.376989543438) * x10)) + 0.166011199355)) + (((0.335874944925 * x11) ^ 2) ^ (0.368591278791 ^ 2)))) - ((-2.023882865906) * x4))) / (6.575155258179 ^ 2)))))',2.4862267704494024e-10,1.252468240231508e-09,183254241,409,24,58,12,256,paper,6,0,2765379632
3600.0183690972626,'((-1.387145519257) + (0.731833100319 * (((((0.024497762322 * x5) - exp(1.203171133995)) * (-0.569070756435)) + (((1.380372166634 * x5) + (0.212432727218 * x6)) + ((-0.521838903427) * ((-0.960160493851) * x4)))) + ((((-0.535938680172) * ((-1.614704847336) * x4)) - ((-0.576999962330) * x6)) - ((-0.576999962330) * x6)))))',5.978756383577563e-10,7.627210529825845e-10,190813340,409,8,58,12,512,paper,6,0,404488628
3600.0148965753615,'(0.552278220654 + ((-1.328554868698) * ((((sin(sin((cos(sin(sqrt(cos((((0.356897473335 * x6) * (0.428897708654 * x6)) / (1.815908670425 * x8)))))) ^ 2))) + (0.356897473335 * x6)) - (1.466501235962 * x6)) + ((((-0.684615552425) * x4) / (1.772453904152 * x8)) + (((-0.752696752548) * x5) + (0.356897473335 * x6)))) + ((-0.752685964108) * x4))))',2.8945887159926173e-08,2.8457524336999995e-08,243909170,409,7,58,12,512,paper,6,0,865305066
3600.0064335353673,'(0.009033598937 + ((-0.887556195259) * (((((0.315989494324 * x6) - (1.126689314842 * x5)) - (1.126689314842 * x4)) - (log((exp(cos((((6.796215057373 * x4) + sin((((-0.265940368176) * x6) * (6.796215057373 * x4)))) ^ log((sin((((-1.079734563828) ^ 2) + (((-0.051123607904) * x0) ^ 2))) ^ ((((-0.673749327660) - (-0.811764061451)) ^ (0.101790808141 * x4)) ^ 2)))))) * cos((exp(((-0.935357332230) / ((-1.089134812355) * x8))) ^ cos((4.849042892456 * x4)))))) / (exp(sqrt((1.000994086266 ^ ((-0.265940368176) * x6)))) ^ 2))) - (1.442681431770 * x6))))',3.2333467362915404e-11,1.445155661805586e-10,195138987,409,9,58,12,256,paper,6,0,2261209995
3600.011622969061,'((-0.648818790913) + ((-2.088521242142) * ((((((-0.476611971855) * x6) - (sin((exp((cos((log(cos(sin((0.437496662140 * x7)))) ^ 2)) ^ 2)) / (((-0.458841919899) * x6) - (0.408593297005 * x5)))) / cos(1.741011738777))) - (0.479459375143 * x5)) + (((0.434294492006 * x6) - 33.089622497559) / ((-3.134635210037) * x4))) + (((-1.415764570236) + (((-0.000019314304) * x4) + 1.833470344543)) * ((-1.159229755402) * x4)))))',0.0014227322707744336,0.001422919798642397,173417867,409,11,58,12,256,paper,6,0,3160032368
3600.0105856880546,'(9.707592010498 + ((-2.412099361420) * (((cos(((-0.163535833359) * x7)) + ((-0.412569642067) * x3)) + (cos(((((-0.459483563900) * x3) / (-0.668464958668)) + ((0.204902574420 * x1) + (-0.934374451637)))) / sin((sqrt((0.100508943200 * x5)) ^ sin(cos((-0.655964493752))))))) + ((cos((0.152440294623 * x7)) + cos((1.724241256714 * x1))) + (cos(((-0.132753953338) * x7)) + ((-0.409642159939) * x2))))))',5.9004540072970135,5.900477409362793,130849503,409,23,58,12,512,paper,6,0,3356806661
3600.013099845499,'(1.401090145111 + ((-0.955101370811) * (((((-1.050500750542) * x4) + (((-1.047061324120) * x6) + ((-1.045081615448) * x5))) + ((exp((0.023713998497 * x5)) + ((-0.605817556381) * x4)) / ((0.025080975145 * x9) + ((-0.336434662342) * x11)))) + ((((-1.050500750542) * x4) + ((-0.323088139296) * x5)) / ((((-0.568157672882) * x4) + ((-0.307503342628) * x5)) - cos(((-0.027362931520) * x5)))))))',9.632435188732682e-05,9.630427666706964e-05,186074174,409,4,58,12,512,paper,6,0,3687649985
3600.009247407317,'((-0.237184062600) + (0.231176763773 * ((((1.522424340248 * x6) - ((-4.326169490814) * x4)) + (log((((-0.609806656837) * x4) ^ 2)) / (((-2.682173490524) * x0) - ((-3.569543123245) * x4)))) + ((sin(log(cos(sqrt(sqrt(((-0.206122055650) + exp(sin(log((1.951400279999 * x6)))))))))) + (sqrt((2.774519681931 * x5)) ^ 0.027674872428)) + ((2.804766654968 * x6) - ((-4.325547695160) * x5))))))',5.331930167580949e-07,5.250692538538715e-07,136339020,409,22,58,12,512,paper,6,0,3980425317
3600.0070244669914,'((-1.271276831627) + (0.192887827754 * (((((2.974240064621 * x5) - ((-3.819454908371) * x6)) / sin(1.542479157448)) - ((-1.413087248802) * x4)) - (((((-1.582055091858) * x4) - 2.764785766602) / 0.419501245022) - (((2.025855779648 * x5) - ((-1.250380516052) * x6)) / 0.917122185230)))))',1.961820016273073e-10,9.955517521476054e-10,204353836,409,24,58,12,512,paper,6,0,2765379632
3600.01393179968,'(30.017253875732 + (0.173960030079 * (((0.399691820145 * x6) / (cos(sqrt(exp(sin(exp(((0.434294492006 * x4) / (7.913264274597 * x6))))))) + sqrt(((-0.598111927509) / ((-26.856267929077) * x4))))) - ((-5.719239711761) * x5))))',1.6225373023474146,1.622535228729248,329596598,409,4,58,12,512,paper,4,0,3687649985
3600.008395355195,'((-7.622973918915) + (0.443494021893 * (((exp(exp(((log(0.063792407513) / sqrt(exp(((0.455004721880 / sin((0.045337084681 * x4))) ^ 2)))) + log(sqrt((((1.438814997673 * x3) * ((1.437606453896 * x3) / ((0.045337084681 * x4) / (1.766263127327 * x8)))) ^ sin(0.318309873343))))))) - (0.039418295026 * x4)) ^ cos((0.039418295026 * x4))) - (((((-2.254625082016) * x6) - (2.015432596207 * x4)) - sqrt((16.561786651611 * x4))) - (2.255116701126 * x5)))))',0.0007915544670194105,0.0007913998560979962,156922306,409,26,58,12,256,paper,6,0,3533734220
3600.0091103948653,'(0.000106164662 + ((-0.451232552528) * ((((-2.216147899628) * x4) - (1.108065724373 * x6)) - ((2.216153144836 * x5) + (1.108085513115 * x6)))))',1.310316648370343e-09,1.6137572389496313e-09,418908878,409,12,58,12,512,paper,4,0,3269070126
3600.0125968046486,'((-2.973303318024) + (1.099370956421 * ((((18.377906799316 * x4) + (((-0.295103877783) * x3) * ((-0.295103877783) * x3))) / (((((1.661306381226 + sqrt(((exp((exp(sqrt(exp(((((-0.769014477730) * x3) / (0.675791263580 * x5)) + 1.661306381226)))) - (0.434294492006 * x7))) - ((-0.963480710983) * x6)) - (-13.093091964722)))) ^ 2) + (sin((16.650396347046 * x7)) * (-6.799566745758))) * (1.004515409470 * x5)) / (2.437756538391 * x2))) + ((((2.718281745911 * x6) * (1.004515409470 * x5)) / (2.466770172119 * x2)) + (0.780258953571 * x2)))))',11.541295719461408,11.541160583496094,215364838,409,0,58,12,512,paper,6,0,3324115916
3600.0076398700476,'(0.000055190430 + (0.605272769928 * ((1.652146935463 * x6) + ((1.652146935463 * x4) + (1.652148485184 * x5)))))',9.152058288825961e-10,1.2404253180164915e-09,485195013,409,18,58,12,512,paper,4,0,1934392872
3600.011188033968,'((-0.005420611240) + (0.333754628897 * ((((2.996325254440 * x6) - ((-2.996059179306) * x5)) - ((-2.996466398239) * x4)) - ((cos(3.753250837326) / ((-1.327082157135) * x5)) - (cos(((exp(sqrt((exp(((((1.496485948563 * x0) / ((-2.536903381348) * x8)) * ((((-0.971762835979) * x5) ^ 2) - (0.343171417713 * x11))) / ((-0.801624536514) * x4))) - ((0.773803830147 / ((-0.289385825396) - sqrt((0.943196654320 * x6)))) + ((0.071478001773 * x4) / (0.021683357656 * x11)))))) / sqrt(cos((exp(((1.497125744820 * x0) ^ ((-0.801624536514) * x4))) ^ 3.706648349762)))) ^ 2)) / ((-0.801624536514) * x4))))))',5.776870445642652e-07,5.779820071438735e-07,112047933,409,20,58,12,512,paper,6,0,1592565386
3600.006601598114,'((-0.658936142921) + ((-0.784637510777) * ((((((exp(((0.561980485916 * x4) + ((-1.150400876999) * x5))) ^ sin((((-0.604744493961) / (0.872837305069 * x5)) ^ 2))) ^ 2) ^ (-0.240281149745)) - (0.692089676857 * x6)) - ((0.646103620529 * x4) - (((-0.637225270271) * x5) - ((-0.109675526619) * x6)))) - ((0.692089676857 * x6) - ((((-0.637225270271) * x5) - exp(sqrt(log(sqrt((((-2.623837947845) / (((-0.620043039322) * x6) - (1.184091091156 * x4))) - (-2.078436613083))))))) - (0.628416121006 * x4))))))',2.1966750962952613e-07,1.4155702388052305e-07,133808326,409,18,58,12,256,paper,6,0,1934392872
3600.007192656398,'(0.632429003716 + (0.823170661926 * ((((1.673134207726 / ((-2.013008832932) * x5)) - (1.045401930809 / ((-0.406467556953) * x4))) - ((-1.214855194092) * x6)) - (((sin(exp(((1.704761028290 * (0.435750931501 ^ ((-0.037697385997) * x4))) / (1.689233779907 * x4)))) + ((-1.214709997177) * x5)) + ((-0.037697385997) * x4)) + ((-1.178839683533) * x4)))))',4.4893720199205656e-06,4.46443527835072e-06,182701387,409,18,58,12,512,paper,6,0,1934392872
3600.0075261965394,'(0.167644083500 + ((-0.513972997665) * ((((((-0.971614360809) * x6) - ((cos((1.691879630089 * x11)) / ((cos(((-0.145114228129) * x4)) + log((0.140185892582 * x6))) ^ 2)) ^ 2)) - (0.431454211473 * x4)) + (((1.541342616081 * x4) / (1.349190115929 * x6)) / (((-0.877122402191) * x6) - ((-0.561753094196) * x5)))) + (((((-0.971614360809) * x6) - (1.523846387863 * x5)) + ((1.521916866302 * x4) / (1.451453089714 * x6))) + ((((-0.421740978956) * x5) - (1.521916866302 * x4)) - ((sin(((-1.199823498726) * x4)) ^ 2) ^ ((1.665015339851 * x4) ^ 2)))))))',0.00014703588836595017,0.00014682779146824032,144305380,409,25,58,12,512,paper,6,0,1728356533
3600.0083511434495,'((-0.340586960316) + (0.351323753595 * (((((0.863008439541 * x6) + (1.068494558334 * x4)) + (cos((((sin(((sin(exp((sqrt(log(((0.031847462058 * x4) + 0.480359613895))) * (cos(cos(((-0.568057477474) * x4))) + cos(cos(0.591784477234)))))) ^ 2) ^ (log(((3.943923711777 * x4) ^ log((((0.318309873343 * x10) + (-0.598839759827)) - 0.480359613895)))) - 0.480359613895))) ^ 2) ^ 2) ^ 2)) + (0.863008439541 * x6))) + (0.708161711693 * x4)) + ((((cos(sqrt(((3.943923711777 * x4) ^ 0.211118310690))) ^ 2) + (1.068494558334 * x4)) + ((1.120361328125 * x6) + (1.404142618179 * x5))) + (1.442233324051 * x5)))))',2.786779632014172e-08,2.6651079565453983e-08,121069326,409,28,58,12,256,paper,6,0,1904449481
3600.011071883142,'((-0.000016337366) + (1.414213657379 * (((0.707106828690 * x4) + (0.707106769085 * x6)) + (0.707106828690 * x5))))',2.2888642297316081e-10,3.0508842674414893e-10,465415318,409,19,58,12,1024,paper,4,0,2148995112
3600.0094277113676,'((-0.000022079206) + (3.141593217850 * (((0.318309873343 * x5) + (0.318309873343 * x4)) + (0.318309873343 * x6))))',5.611319722953556e-10,9.473798412429346e-10,464922035,409,10,58,12,1024,paper,4,0,4190266092
3600.0066390633583,'(26.498592376709 + (0.334206670523 * ((((2.992156028748 * x6) - (2.992151021957 * x6)) - (sin(1.442695021629) / 0.012382630259)) - (((((-2.992160081863) * x4) + ((-2.992160081863) * x5)) - (0.707106769085 ^ 0.613324522972)) - (2.992156028748 * x6)))))',9.229609233239162e-11,4.2551806522794777e-10,219853754,409,27,58,12,512,paper,6,0,2342600226
3600.009640302509,'((-0.000057974172) + (0.428272187710 * ((((-0.132112577558) * x6) + (2.334967136383 * x4)) + ((2.334962129593 * x5) + (2.467077255249 * x6)))))',1.0576022981789202e-09,2.276120181221586e-09,413364528,409,0,58,12,1024,paper,4,0,3324115916
3600.0096418373287,'(0.000048188547 + ((-2.311511516571) * ((((-0.432616919279) * x4) + ((-0.432616919279) * x6)) - (0.432617843151 * x5))))',2.737884277544521e-09,3.08701308959769e-09,462644591,409,8,58,12,1024,paper,4,0,404488628
3600.0137038603425,'((-0.000005021769) + ((-0.167927503586) * ((((-5.954956054688) * x4) - (5.954950332642 * x6)) - (5.954949378967 * x5))))',3.8017045103883497e-10,7.065205642753369e-10,445230797,409,7,58,12,1024,paper,4,0,865305066
3600.01007675007,'(1.373778820038 + (3.141592741013 * ((((0.318309873343 * x4) + (0.318309873343 * x5)) + (0.318309873343 * x6)) - 0.437288910151)))',7.598434765128154e-11,3.3720298775463675e-10,450147129,409,11,58,12,1024,paper,4,0,3160032368
3600.0110165029764,'(0.000014134005 + (0.558494329453 * (((1.790528416634 * x6) + (1.790528416634 * x5)) - ((-1.790528297424) * x4))))',1.5105051214557193e-11,8.992079858494151e-10,462457382,409,9,58,12,1024,paper,4,0,2261209995
3600.009743653238,'(0.000028441398 + (0.707106769085 * (((0.707106769085 * x6) + (1.414213538170 * x5)) + ((0.707106769085 * x6) + (1.414213538170 * x4)))))',3.382618974239315e-10,6.503200755680894e-10,417113476,409,13,58,12,1024,paper,4,0,3081541439
3600.00965256989,'((-0.000002481819) + (0.693147599697 * (((1.442694187164 * x4) + (1.442694187164 * x5)) + (1.442694187164 * x6))))',3.4113092792035117e-12,2.850168157042532e-10,471271945,409,3,58,12,1024,paper,4,0,1859786275
3600.010454688221,'((-0.000006862161) + ((-2.437434911728) * (((-0.410267353058) * x4) + (((-0.410267442465) * x6) + ((-0.410267353058) * x5)))))',2.551522945940116e-10,4.897472427600746e-10,452834599,409,14,58,12,1024,paper,4,0,3376120482
3600.009590819478,'((-0.000023018865) + (0.707106590271 * (((1.414214730263 * x6) + (1.414213538170 * x5)) + (1.414213538170 * x4))))',5.088649138887324e-10,5.298904093287149e-10,465168164,409,20,58,12,1024,paper,4,0,1592565386
3600.0089355409145,'((-0.000017062945) + (0.564189612865 * (((1.772453904152 * x6) + (1.772453904152 * x4)) + (1.772453904152 * x5))))',1.1377142510008911e-10,4.93761531661363e-10,466505570,409,2,58,12,1024,paper,4,0,1884968544
3600.0092582553625,'(0.000001797230 + (0.935411751270 * (((1.069047808647 * x6) - ((-0.532555818558) * x4)) - (((-0.536492884159) * x4) - (1.069047808647 * x5)))))',2.7686958947898455e-10,9.794944855201493e-10,410705858,409,5,58,12,1024,paper,4,0,369133708
3600.0094811990857,'((-0.000001701683) + (0.860248684883 * ((1.162454247475 * x5) + ((1.162454247475 * x4) - ((-1.162455320358) * x6)))))',2.928270903934933e-09,9.87523063322726e-10,455217611,409,22,58,12,1024,paper,4,0,3980425317
3600.0117445662618,'((-0.000004195213) + ((-0.712924122810) * (((-1.402673840523) * x5) - ((1.402674436569 * x4) - ((-1.402673840523) * x6)))))',6.269585235930454e-10,1.0878811185222048e-09,460513841,409,12,58,12,1024,paper,4,0,3269070126
3600.0091784521937,'((-0.000016178998) + (0.555577397346 * (((1.799929380417 * x6) + (1.799929380417 * x4)) - ((-1.799929261208) * x5))))',2.069827054339477e-11,1.1601388738569085e-09,461950353,409,26,58,12,1024,paper,4,0,3533734220
3600.0140962153673,'((-0.000014023032) + (1.477952837944 * (((0.676611542702 * x5) - ((-0.676611542702) * x6)) + (0.676611542702 * x4))))',8.723217927628318e-10,5.017901649750911e-10,454968147,409,21,58,12,1024,paper,4,0,784044718
3600.0093634091318,'((-0.000078146026) + (0.799326539040 * (((1.251052498817 * x4) - ((-1.251054525375) * x6)) + (1.251052498817 * x5))))',1.7584717142029105e-09,2.1235759817272992e-09,362622968,409,4,58,12,1024,paper,4,0,3687649985
3600.010925807059,'(0.000011962107 + (0.345400303602 * (((2.895191431046 * x5) + (2.895189762115 * x4)) + (2.895191907883 * x6))))',1.458961891825158e-10,2.729738657336611e-10,462259331,409,17,58,12,1024,paper,4,0,3606691181
3600.0083802565932,'((-0.104335777462) + (0.863388359547 * (((((0.434148222208 * x6) + (0.371902883053 * x4)) + (1.157923936844 * x5)) + (((0.363977223635 * x6) + (0.405675202608 * x4)) + ((0.363977223635 * x6) + (0.371902883053 * x4)))) + (((log(((((-7.496436119080) * x6) * (((-6.869609355927) * x6) * (0.873775839806 * x6))) / (((6.979291915894 * x1) / ((-4.487372398376) * x5)) ^ 2))) + (0.621190249920 * x4)) + (((-0.573791205883) * x6) + (0.621190249920 * x4))) / ((sqrt(((0.104079715908 * x8) + (12.104103088379 * x2))) + (6.979291915894 * x1)) + (0.219905257225 * x3))))))',0.00021465936425311006,0.00021455486421473324,128827746,409,26,58,12,512,paper,6,0,3533734220
3600.0098524466157,'(0.000042195799 + (1.440727353096 * (((0.694093644619 * x5) + (0.694093346596 * x4)) - ((0.809806644917 * x6) / (-1.166710376740)))))',5.194506388240992e-10,6.302484645281936e-10,411593822,409,25,58,12,1024,paper,4,0,1728356533
3600.0113023668528,'((-0.000022757295) + (0.138861566782 * (((7.201418399811 * x6) + (7.201418399811 * x4)) - ((((-0.638585388660) * x5) / 1.051242113113) / sin(0.084452927113)))))',2.531948170992635e-10,5.620049980947783e-10,378244574,409,28,58,12,1024,paper,4,0,1904449481
3600.0115349180996,'((-0.000024510464) + ((-0.351479560137) * ((((-1.264755964279) * x6) + ((-2.845115423203) * x4)) + (((-1.580360412598) * x6) + ((-2.845115423203) * x5)))))',8.734723843361983e-11,5.74047975820946e-10,412039900,409,16,58,12,1024,paper,4,0,550243861
3600.009318985045,'((-0.000019612879) + (0.705324113369 * (((0.716408729553 * x6) + (1.417787671089 * x4)) + ((0.701379776001 * x6) + (1.417787671089 * x5)))))',3.5108367713384787e-10,5.178474871136984e-10,411175415,409,6,58,12,1024,paper,4,0,2995172877
3600.0099498927593,'((-0.328292459249) + (0.275082737207 * (((((1.862799167633 * x6) + (1.819568037987 * x5)) + ((13.365966796875 * x4) ^ (sin(((0.749177336693 ^ 2) - 0.393136441708)) ^ 2))) + ((0.434294492006 / (0.657267987728 * x4)) + (0.942720174789 * x4))) + ((((1.772453904152 * x6) + (1.815715312958 * x5)) + (1.793931841850 * x4)) + (0.898249626160 * x4)))))',5.199342683716514e-08,4.970532785364412e-08,173314940,409,8,58,12,1024,paper,6,0,404488628
3600.00777227059,'((-0.200093209743) + (0.187101930380 * ((((3.143394231796 * x4) + (((-4.434818744659) * x4) / ((-3.995749950409) * x6))) + ((2.673331499100 * x6) - (((-15.368004798889) * x4) / (0.337940573692 * x8)))) + (((2.191154003143 * x4) + cos(log(cos(exp(((-0.235720694065) + (((cos(((-4.490554332733) * x4)) - (-6.795701503754)) + sin((0.319978058338 * x6))) / (0.253760784864 * x6)))))))) + (((2.673331499100 * x6) - ((-2.668102264404) * x5)) - ((-2.676557540894) * x5))))))',3.6540559337165586e-05,3.652535451692529e-05,144870841,409,28,58,12,512,paper,6,0,1904449481
3600.0144589059055,'((-0.028068749234) + (0.363429516554 * ((((0.267071187496 * x5) - ((-0.887231647968) * x6)) + (((1.774409174919 * x4) - ((-0.773155987263) * x5)) + ((0.009819216095 * x6) * (-0.019938120618)))) + ((((0.252941012383 * x5) - ((-0.887231647968) * x6)) + ((0.977150440216 * x4) - ((-0.685243308544) * x5))) + (((0.977296411991 * x6) - ((-0.773155987263) * x5)) - (-0.077432274818))))))',1.6965232426880485e-09,2.4085928806982793e-09,178210650,409,9,58,12,1024,paper,6,0,2261209995
3600.0109542757273,'((-0.760840773582) + ((-1.034299969673) * ((((0.437859028578 * x4) + (0.434294492006 * x6)) - ((0.470598012209 * x4) + ((0.470598012209 * x6) + (0.465267211199 * x6)))) - ((((0.463496595621 * x4) + (0.470598012209 * x4)) + ((0.465267211199 * x6) - ((-0.967359304428) * x5))) + sqrt((sqrt(exp(((-0.001536672818) * x5))) + (-0.458777487278)))))))',6.004330042168778e-09,5.961267479648313e-09,177764057,409,0,58,12,1024,paper,6,0,3324115916
3600.010586488992,'((-0.000309155381) + (0.564199030399 * (((((1.772427678108 * x6) - ((-1.772422909737) * x5)) - ((-0.667868912220) * x4)) - ((-1.104554533958) * x4)) / cos(sin(((((-0.784025311470) / (-1.334200739861)) ^ 2) / (2.563932895660 * x6)))))))',1.5672947652660106e-09,1.2002820959367e-09,257683338,409,12,58,12,1024,paper,6,0,3269070126
3600.0219823382795,'((-0.751756370068) + (1.776526331902 * (((0.602333843708 * x2) + log((cos(cos(((-0.082291789353) * x7))) ^ (0.093831300735 * x2)))) - ((-0.593461871147) * x3))))',39.21711540320311,39.21709060668945,330961880,409,23,58,12,1024,paper,4,0,3356806661
3600.0106397271156,'(0.173783585429 + ((-0.450485259295) * ((((((-0.044233478606) * x5) + (((-0.143242791295) / exp(((-1.793779134750) / (-0.506038963795)))) * (((-0.061390265822) * x5) - (((-2.399901390076) * x4) * (-0.143242791295))))) + ((-0.364899903536) * x4)) - (((0.603966593742 * x6) - ((-1.131050109863) * x5)) - ((-1.856351137161) * x4))) - (((1.011894702911 * x6) + (((-0.043806038797) * x5) + ((-0.042444597930) * x5))) + (((0.603966593742 * x6) - ((-1.131050109863) * x5)) - 0.385778784752)))))',3.208297961382011e-10,6.944775865491692e-10,143933593,409,4,58,12,1024,paper,6,0,3687649985
3600.0099034532905,'((-1.991883993149) + ((-0.328973233700) * ((((((-1.013253688812) * x5) + ((-0.554961860180) * x6)) + (((-1.013253688812) * x5) + ((-0.471946507692) * x6))) + ((((-1.013253688812) * x4) + ((-0.554961860180) * x6)) + (((-1.013253688812) * x5) + ((-0.471946507692) * x6)))) + (((((-1.013253688812) * x4) + ((-0.471946507692) * x6)) + (((-1.013253688812) * x4) + ((-0.513994157314) * x6))) + (((-2.128213405609) + (-3.927538156509)) + (0.051662087440 / (0.892984092236 * x6)))))))',5.334064285071047e-10,1.1280243406019963e-09,162263456,409,1,58,12,1024,paper,6,0,2811363264
3600.0096270553768,'(47.811454772949 + (0.436106353998 * (log((exp(((0.014922868460 * x2) * 0.056051038206)) / ((0.060552336276 * x4) + log((0.560994029045 * x2))))) * (((-1.225406050682) * x6) - (1.244287610054 * x5)))))',9.217503888936124,9.217485427856445,298158166,409,1,58,12,1024,paper,4,0,2811363264
3600.00952738896,'(112.871025085449 + ((-5.152454853058) * (((-0.194082260132) * x4) + ((exp(2.994589567184) + ((-0.194082260132) * x6)) + ((-0.017578959465) + (1.946684002876 + ((-0.194082260132) * x5)))))))',2.564045000190384e-10,2.6494520466435745e-10,284675532,409,15,58,12,1024,paper,6,0,2204291346
3600.010519709438,'((-4.837854862213) + ((-5.370328903198) * ((((((-0.188440918922) * x5) - (0.186209782958 * x6)) - (((-0.190843433142) * x5) * (((0.186209782958 * x6) / (1.721701383591 * x6)) ^ 2))) - (exp((((cos(((0.000424742699 * x6) / (0.987500488758 * x4))) ^ (1.557094216347 * x4)) ^ 2) - 1.104426741600)) + (1.104426741600 * (0.023907661438 * x4)))) - (0.159802049398 * x4))))',1.0054771149614997e-08,7.498752729873104e-09,176751555,409,3,58,12,1024,paper,6,0,1859786275
3600.0124349482358,'(15.382518768311 + ((-18.494228363037) * ((((0.231028884649 * (0.233994305134 * x5)) / ((-3.279383182526) * x6)) / (sqrt((0.705516278744 * x4)) + (4.266774654388 + (0.208487153053 * x1)))) - ((((0.054082531482 * x6) - log(((((((0.054082531482 * x4) / cos(((1.006979346275 * (cos((2.736182212830 * x9)) ^ 2)) ^ (1.885151982307 * x0)))) * 0.231028884649) ^ 2) * ((0.054082531482 * x6) / (1.224794149399 * x11))) + 2.302585124969))) + (0.231028884649 * (0.233994305134 * x5))) + ((0.054082531482 * x4) - (0.059211537242 / ((-1.714766025543) * x2)))))))',3.1985294967174545e-06,3.191778887412511e-06,118185697,409,29,58,12,512,paper,6,0,1934709049
3600.0100099742413,'((-2.387786149979) + (3.141592979431 * (((exp((0.000413760543 * x4)) ^ 2) - (cos((cos(((-0.000440656673) * x4)) + 0.329035162926)) ^ exp((0.000413760543 * x4)))) - ((((0.000413760543 * x4) ^ 2) - (0.318309873343 * x6)) + ((((-0.317327827215) * x4) - (((-0.231348991394) / ((-1.045823454857) * x4)) / ((-1.207708477974) * x4))) - (0.318309873343 * x5))))))',8.376508025275389e-09,1.0549636719758837e-08,163139151,409,7,58,12,1024,paper,6,0,865305066
3600.009866308421,'((-0.876695215702) + ((-0.540805697441) * ((((((-0.924543380737) * x5) - (0.924537718296 * x6)) - (0.924557626247 * x6)) + ((((-0.924543380737) * x5) - sqrt((((0.444505393505 + 1.175958156586) ^ 2) * exp(exp(((-0.398445755243) * x4)))))) + ((((-0.000340700150) * x5) / (1.403925299644 * x4)) - (1.248715877533 * x4)))) - (0.600385963917 * x4))))',2.4256929836588037e-09,2.1316046705521785e-09,251894540,409,5,58,12,1024,paper,6,0,369133708
3600.013034798205,'((-0.000026903268) + (1.027466058731 * ((0.973268330097 * x5) + ((0.973268330097 * x6) - ((-0.973267912865) * x4)))))',1.8477783145107097e-10,2.3684496031073365e-10,445008935,409,0,58,12,2048,paper,4,0,3324115916
3600.0105655901134,'((-0.166445836425) + (0.980157732964 * (sqrt(((log((1.022433519363 * x6)) ^ ((1.444050788879 * x6) ^ 0.186282634735)) + ((1.019600272179 * x6) ^ 2))) - (((-1.020243406296) * x4) + ((-1.020243406296) * x5)))))',9.009665465746767e-08,8.491895897577706e-08,232467031,409,29,58,12,1024,paper,4,0,1934709049
3600.0101036839187,'((-1.541276693344) + (0.831328749657 * (((((0.400964409113 * x4) - ((-0.225897371769) * x5)) + ((0.400964409113 * x6) - ((-0.149956882000) * x5))) + ((0.080589890480 + 1.773454070091) + ((0.400964409113 * x6) - ((-0.149956882000) * x5)))) + ((((0.400964409113 * x6) - ((-0.225897371769) * x5)) + ((0.400964409113 * x4) - ((-0.149956882000) * x5))) + (((0.400964409113 * x4) - ((-0.151271477342) * x5)) - ((-0.149956882000) * x5))))))',1.706254907353319e-10,3.2114572112718065e-10,173923351,409,2,58,12,1024,paper,6,0,1884968544
3600.011463984847,'((-0.103094965219) + (0.884994089603 * (((((11.100770950317 * x4) / (((sqrt((0.434294492006 * x8)) - ((12.225849151611 * x5) / ((-0.248527213931) * x4))) / 2.303472042084) * 1.772453904152)) / ((2.473454952240 * x5) - (0.785313487053 * x5))) + ((sin((1.324296474457 * x6)) / (2.020143508911 * x4)) + (1.483422875404 * ((-0.906386256218) * x5)))) + (((1.131275892258 * x6) - (((-0.252633541822) * x5) / (1.532143473625 * x6))) + ((((-0.317795813084) * x6) / (17.262607574463 * x4)) + ((2.473454952240 * x5) - ((-1.128909826279) * x4)))))))',0.00011076844777012665,0.00011058482778025791,143740298,409,10,58,12,1024,paper,6,0,4190266092
3600.0092683024704,'((-3.422663450241) + (0.672795236111 * ((((1.486493110657 * x5) + ((0.732142508030 * x4) - ((-0.831706762314) * x6))) + sqrt(((0.346840739250 * x4) - ((-0.295563876629) * x6)))) + (((0.732142508030 * x4) - (((2.853405952454 / (((-0.295563876629) * x6) ^ 2)) * ((-0.811302900314) * x6)) * 3.004781961441)) - ((-0.639992594719) * x6)))))',0.0005504286316650457,0.0005500853294506669,199029342,409,6,58,12,1024,paper,6,0,2995172877
3600.009598311037,'(131.911239624023 + ((-0.480561673641) * ((((-0.007052898407) * x6) / (((1.908542633057 * x6) / ((-0.007052898407) * x6)) + ((1.540713310242 * x6) / ((-0.007052898407) * x6)))) - (((2.317394018173 * x6) + (((-0.236481338739) * x6) + (2.080898284912 * x4))) + ((2.080898284912 * x5) + ((1.935977339745 * x6) / ((-0.007052898407) * x6)))))))',3.412140179299863e-11,2.1275903261397389e-10,199803691,409,27,58,12,1024,paper,6,0,2342600226
3600.0103436112404,'((-0.005562017672) + ((-0.655892133713) * (((-1.524266242981) * x4) + (((-0.072524450719) * exp(((1.094458818436 * x6) / ((-1.536580920219) * x4)))) + (((-0.763223886490) * x6) + (((-0.761535167694) * x6) - (1.524641633034 * x5)))))))',1.6267810652626463e-06,1.622821514501993e-06,266050636,409,25,58,12,1024,paper,6,0,1728356533
3600.010292671621,'((-0.000456168666) + ((-0.952468216419) * (((((-1.229299306870) * ((-0.717934310436) * x4)) + ((-0.682841539383) * (4.462190151215 * x5))) - ((((-0.003573775291) * x6) * (0.318309873343 * x6)) / ((-1.227749943733) * (0.881706893444 * x6)))) - (((-0.815015673637) * (((-0.003573775291) * x6) + (2.450343847275 * x5))) - (((-0.615125417709) * (3.141592741013 * x4)) + ((-1.225651621819) * (0.853375971317 * x6)))))))',4.336581667680895e-08,4.262406605448632e-08,151621725,409,17,58,12,1024,paper,6,0,3606691181
3600.010336585343,'((-0.353436261415) + (0.354076832533 * ((sin((-4.651518344879)) + (((0.705016076565 * x6) - ((-0.706146597862) * x5)) + ((1.414213538170 * x6) - ((-0.706146597862) * x5)))) - ((((2.837491035461 * x4) / (-3.336246490479)) + ((2.208280563354 * x4) / (-1.118827939034))) - ((0.705016076565 * x6) - ((-1.411951661110) * x5))))))',3.7990472898993087e-10,1.3929695175107781e-09,183770994,409,28,58,12,1024,paper,6,0,1904449481
3600.009928677231,'(1.200829625130 + (1.043899893761 * (log((((-31.561838150024) - (0.125115886331 * x2)) - (((-0.583259582520) * x6) + ((-0.770717620850) * x5)))) * sqrt((((-15.907355308533) - (0.124134957790 * x5)) * (((-0.590959370136) * x6) + ((-0.852450847626) * x4)))))))',7.901598923390525,7.901546001434326,229966617,409,22,58,12,1024,paper,6,0,3980425317
3600.012588649988,'(1.203551054001 + ((-0.606975495815) * ((((((cos((-0.008533157408)) ^ ((-2.135352373123) * x5)) + ((-0.091160416603) * x4)) + ((-0.091160416603) * x4)) + (((-1.647591471672) * x5) + sqrt(sin(log((1.084997653961 + sqrt((((-0.008533157408) * ((-0.143393069506) * x4)) + 6.867049217224)))))))) + ((-1.465199947357) * x4)) - (1.647513389587 * x6))))',3.155176926959507e-10,5.017901649750911e-10,177402108,409,11,58,12,1024,paper,6,0,3160032368
3600.00993841514,'((-2.210263729095) + ((-2.266767740250) * ((((((-1.140317797661) * x5) + ((-0.986738562584) * x2)) + ((-0.438125133514) * x3)) + exp(sin(((-3.823455333710) * x2)))) + sqrt(((((-2.522057533264) * x5) * ((-0.985601902008) * x2)) + (((-20.790924072266) * x4) * ((((-0.220468983054) * x1) * ((-0.231570854783) * x1)) - ((((-0.009388129227) * x5) - sin((2.718281745911 * x10))) * sin(((-3.053509235382) * x2))))))))))',32.60310801789073,32.620872497558594,165602195,409,21,58,12,1024,paper,6,0,784044718
3600.018695335835,'(0.000036221514 + (0.981339395046 * (((1.019015908241 * x5) - ((-1.019014954567) * x4)) - ((-1.019014954567) * x6))))',4.692533951899108e-10,6.824346643341528e-10,442826955,409,4,58,12,2048,paper,4,0,3687649985
3600.014454510063,'(0.000029946108 + (0.960113584995 * ((1.041543364525 * x6) - (((-1.041543483734) * x4) + ((-1.041543245316) * x5)))))',1.237309755415801e-10,3.4924596548080444e-10,445884649,409,8,58,12,2048,paper,4,0,404488628
3600.0490131676197,'((-0.000006599766) + (0.600449800491 * ((1.665417551994 * x4) - (((-1.665418267250) * x5) + ((-1.665418267250) * x6)))))',1.2965612621500148e-10,3.9340350421745995e-10,468225670,409,15,58,12,1024,paper,4,0,2204291346
3600.019294716418,'(0.000056339835 + (2.090052127838 * (((0.478455632925 * x4) - ((-0.478457093239) * x6)) - ((-0.478457093239) * x5))))',2.8814680265232276e-09,2.5290225469376537e-09,433470675,409,5,58,12,2048,paper,4,0,369133708
3600.0103073194623,'((-0.746185302734) + (1.100405335426 * (((((0.908738791943 * x4) - ((-1.317603588104) * x5)) - (0.595534801483 * (0.686516642570 * x5))) - (((0.485393553972 * x6) + ((-3.246221303940) / (0.434294492006 * x6))) * (-0.806698858738))) + (((0.346665561199 * x6) / exp((-0.400486469269))) + (((0.191614881158 * x6) + (-0.009178223088)) ^ (-0.112807750702))))))',5.676294618510447e-07,5.545463750422641e-07,147186103,409,26,58,12,1024,paper,6,0,3533734220
3600.01035361737,'((-0.296195238829) + ((-3.141702890396) * ((((-1.410011768341) * ((-0.627428412437) + (0.225726857781 * x6))) - (((((0.051119357347 / sin(sin((exp((0.834378242493 / ((0.225726857781 * x6) + ((-0.259384602308) * x6)))) - ((-1.035903453827) ^ 2))))) ^ 2) * 0.051119357347) - (-0.979428410530)) + (0.318298727274 * x5))) - (0.318298727274 * x4))))',2.213236254233435e-09,1.633828849989527e-09,179431784,409,13,58,12,1024,paper,6,0,3081541439
3600.010804940015,'(0.104762032628 + ((-0.821127653122) * (((((1.772453904152 * x4) + (0.044182378799 * x5)) / (0.592323362827 * x4)) / (((0.248084574938 * x4) + 16.748872756958) + ((0.407567203045 * x6) / (0.256260275841 * x4)))) - ((((0.614730238914 * x4) + (0.602576613426 * x4)) - (((log(cos((cos((0.256260275841 * x4)) ^ 2))) ^ 2) * (((-1.227056503296) * x5) / (3.333781719208 * x11))) * (0.044182378799 * x4))) - (((-1.217901349068) * x5) + ((-1.217735648155) * x6))))))',6.784829161078483e-07,6.726517653987685e-07,148231253,409,20,58,12,1024,paper,6,0,1592565386
3600.01008503139,'(0.102146238089 + ((-7.052339076996) * ((((0.434303313494 * ((-0.325390249491) * x4)) - (((2.691444635391 * x4) / ((-0.498857200146) * x8)) ^ 2)) - (0.141796857119 * x6)) - ((0.141796857119 * x5) + ((1.201727747917 + ((-0.039772886783) * x4)) / ((-9.279766082764) + log((((2.535676002502 * x4) * (2.098217010498 * x8)) * (exp(((-3.891324758530) * x4)) / (0.113622665405 * x4))))))))))',0.0049149329675415325,1.0674080286321441e-08,156028771,409,14,58,12,1024,paper,6,0,3376120482
3600.0166086032987,'(0.000025655423 + ((-1.045239448547) * ((((-0.956718802452) * x6) - (0.956718385220 * x4)) - (0.956718385220 * x5))))',7.90532156226843e-10,1.2042964403491396e-09,433155510,409,13,58,12,2048,paper,4,0,3081541439
3600.015728548169,'(0.000019980682 + ((-1.061668515205) * ((((-0.473754167557) * x4) - (0.941913366318 * x5)) + (((-0.468159884214) * x4) - (0.941913366318 * x6)))))',4.810924678500913e-10,7.707497418074638e-10,386312788,409,10,58,12,2048,paper,4,0,4190266092
3600.0175007730722,'((-0.000045955789) + ((-1.574701428413) * (((-0.635041058064) * x6) - ((0.635041117668 * x4) + (0.635041117668 * x5)))))',2.737410775785061e-10,3.5326028213766847e-10,438254771,409,1,58,12,2048,paper,4,0,2811363264
3600.0151708573103,'((-5.625111103058) + (2.110145568848 * (((0.427443265915 * x2) - ((-0.523993968964) * x3)) + (((-4.559924125671) * x6) / (((-1.266450881958) * x3) - ((-0.564772248268) * x5))))))',65.49473346548476,65.49470520019531,364494942,409,11,58,12,2048,paper,4,0,3160032368
3600.0188576839864,'((-0.000005526639) + (0.461764931679 * (((2.165604352951 * x6) - ((-2.165602922440) * x4)) + (2.165604352951 * x5))))',1.6248705074386353e-10,4.2150374857108375e-10,435849634,409,12,58,12,2048,paper,4,0,3269070126
3600.015108861029,'((-6.895511627197) + ((-1.845778942108) * (((((0.281683266163 * x6) + (0.320707529783 * x5)) + (((2.711643218994 * x5) ^ (-0.729964315891)) / (-3.330838680267))) - (((0.229865550995 * x6) + (0.213800713420 * x5)) + (0.218729272485 * x5))) + (((((-0.541807472706) * x4) - exp(sqrt(cos((0.002099066973 * x5))))) - (0.214824706316 * x5)) - (((0.296796560287 * x6) + sqrt(exp(((0.002099066973 * x5) ^ 2)))) + ((0.296796560287 * x6) + (0.215318784118 * x5)))))))',1.6594562944864699e-06,1.6499984667461831e-06,130090312,409,16,58,12,1024,paper,6,0,550243861
3600.016749046743,'(0.000149632775 + ((-1.599664688110) * ((((-0.648078858852) * x5) + ((-0.625129938126) * x6)) + (((-0.625129938126) * x4) + (0.022946802899 * x5)))))',5.3466106379905094e-09,7.4786807857663e-09,396160031,409,7,58,12,2048,paper,4,0,865305066
3600.010234836489,'(2.796169996262 + ((-0.651074588299) * ((((((-0.789960026741) * x4) - (-4.295065402985)) - (0.771686613560 * x6)) - (((0.121705234051 * x5) - (0.003517516889 * x4)) - (0.003594815731 * x4))) - ((((1.414213538170 * x5) - (0.003594815731 * x6)) - (0.003594815731 * x6)) - ((((-0.753085196018) * x4) - ((-0.072290994227) * (0.003594815731 * x6))) - (0.771686613560 * x6))))))',1.3432419476249523e-08,1.2376153435411652e-08,177691625,409,23,58,12,1024,paper,6,0,3356806661
3600.0144785493612,'((-0.000000126949) + ((-0.502227485180) * ((((-0.314306408167) * x4) + ((-1.676823854446) * x4)) - ((1.991129279137 * x6) + (1.991129279137 * x5)))))',5.105568272676349e-10,8.229358861022718e-10,390826353,409,2,58,12,2048,paper,4,0,1884968544
3600.017291031778,'((-0.000017330814) + ((-0.808022856712) * ((((-0.620355010033) * x6) + ((-1.237588763237) * x5)) + (((-0.617233991623) * x6) + ((-1.237588763237) * x4)))))',2.1553672121886853e-10,4.2551806522794777e-10,396308886,409,9,58,12,2048,paper,4,0,2261209995
3600.0185002833605,'(0.006529099774 + ((-1.210443019867) * ((((-0.783196210861) * x2) - (0.870878458023 * x3)) - (((((log(((0.071576155722 * x2) * (0.226167738438 * x0))) / ((sqrt((0.106590345502 * x10)) / (29.187005996704 * x0)) ^ ((-0.224741458893) * ((2.475901126862 * x3) / (1.772453904152 * x5))))) ^ 2) - (0.060290396214 * x5)) ^ 2) - log((cos(((-0.081697463989) * x7)) ^ 2))))))',35.69717426348083,35.697105407714844,192383934,409,24,58,12,1024,paper,4,0,2765379632
3600.0146513730288,'((-0.000007586787) + (0.447693377733 * (((1.513159751892 * x6) + (2.233671665192 * x5)) + ((0.720512807369 * x6) + (2.233669281006 * x4)))))',5.337689186190477e-10,8.951936969481267e-10,389761475,409,6,58,12,2048,paper,4,0,2995172877
3600.012628786266,'(0.001725609298 + ((-0.513090133667) * (((((-0.701066851616) * x6) * ((0.415144294500 ^ ((0.356092572212 / (1.892446637154 * x4)) ^ 2)) * 1.078159451485)) - ((0.578339040279 * x4) - log(sqrt(sqrt((1.071908473969 ^ ((-0.123954325914) * x6))))))) - ((1.370572566986 * x4) - (((-1.190968036652) * x6) + ((1.958892822266 * x5) * (-0.994939684868)))))))',9.518155715232611e-08,9.235749587332975e-08,134431409,409,24,58,12,1024,paper,6,0,2765379632
3600.015662174672,'((-0.000215139415) + ((-1.629045009613) * ((((-0.049397181720) * x5) - (0.613862037659 * x4)) + (((-0.564458549023) * x5) + ((-0.613856196404) * x6)))))',1.9905534336143387e-08,2.1183574006045092e-08,383705514,409,17,58,12,2048,paper,4,0,3606691181
3600.032449170947,'(0.000007741345 + (1.280895829201 * ((0.780703604221 * x4) + ((0.780703604221 * x6) + (0.780703604221 * x5)))))',2.4328201352858144e-11,3.171314044703166e-10,440174767,409,15,58,12,2048,paper,4,0,2204291346
3600.014925263822,'((-0.000022972406) + (1.414333343506 * (((0.707046866417 * x4) - ((-0.301247954369) * x6)) + ((0.707046866417 * x5) - ((-0.405799090862) * x6)))))',6.13583602310017e-11,2.6494520466435745e-10,392272059,409,19,58,12,2048,paper,4,0,2148995112
3600.0090830139816,'(0.001356295077 + (1.137694835663 * (((0.878956437111 * x6) - ((-0.660857379436) * (1.330065965652 * x5))) + (0.878956437111 * x4))))',4.823256983796715e-07,4.786476210938417e-07,444178619,409,27,58,12,1024,paper,4,0,2342600226
3600.014063503593,'(4.456050872803 + (2.832496643066 * (((((-1.753899097443) - ((-0.353045433760) * x4)) - ((-0.353045433760) * x5)) + ((-0.819286227226) - ((-0.353045433760) * x6))) + sqrt((((((0.109229035676 ^ 2) - (((-1.616648912430) * x10) / (0.632743060589 * x0))) ^ (exp(((-0.166974350810) * x7)) - sqrt(2.388217687607))) ^ 2) + exp((((-0.353045433760) * x6) / (((-0.353045433760) * x11) ^ 2))))))))',1.21517609235628e-10,3.8136052649129226e-10,241899172,409,19,58,12,1024,paper,6,0,2148995112
3600.0130213424563,'(0.000038294515 + (0.660211026669 * (((0.757451891899 * x6) - ((-1.514666795731) * x5)) + ((0.757215797901 * x6) - ((-1.514666795731) * x4)))))',1.5978334357623437e-09,1.810459004936149e-09,414609597,409,18,58,12,1024,paper,4,0,1934392872
3600.01296569407,'((-0.000030727959) + (1.087015271187 * (((0.707191050053 * x5) + (0.919950544834 * x6)) + ((0.919950544834 * x4) + (0.212759003043 * x5)))))',1.4644851020764237e-10,4.415753596109795e-10,383886194,409,3,58,12,2048,paper,4,0,1859786275
3600.0158994719386,'(0.000060156053 + (0.517028689384 * (((0.106150507927 * x4) + (1.934128999710 * x6)) - (((-1.827974557877) * x4) - (1.934128880501 * x5)))))',1.065601328982907e-09,1.228382395801475e-09,379561693,409,16,58,12,2048,paper,4,0,550243861
3600.0233093723655,'(77.720672607422 + (0.877271533012 * (((0.559261202812 * x6) + (0.490507692099 * x5)) * log(((0.053612735122 * x4) + log(sqrt(((((((-0.613544166088) * x5) + (3.809446573257 * x1)) - ((0.066163755953 * x4) ^ (0.409147411585 * x1))) ^ 2) + (((0.802985429764 * x7) - ((-2.035413742065) * x2)) + ((-3.602915525436) * x5))))))))))',10.007644484736966,10.007658004760742,224156538,409,14,58,12,2048,paper,4,0,3376120482
3600.0142226554453,'((-0.000004857113) + (0.486985027790 * (((2.053450822830 * x4) + (1.026704668999 * x6)) - (((-2.053451538086) * x5) - (1.026746511459 * x6)))))',4.5212172436357165e-11,3.853748709037319e-10,390339134,409,20,58,12,2048,paper,4,0,1592565386
3600.0164263658226,'(0.316342145205 + (0.639924347401 * (((1.044768929482 * x4) + ((0.458209753036 * x5) + (((-0.482306361198) * x4) + (1.629936456680 * x4)))) + (((2.142074584961 * x5) + (log(cos(sqrt(log((exp(sin((cos(sin(((((2.180309772491 * x6) - ((-1.419501304626) * x4)) ^ 2) ^ cos(((((-1.089907169342) * x5) / (1.442695021629 * x8)) - log(0.167123496532)))))) ^ 2))) - (((((-0.948617219925) * x5) * (0.039110660553 * x4)) + (0.251950085163 * x4)) / ((2.142074584961 * x5) ^ 2))))))) + (1.562698125839 * x6))) + ((((-0.088994421065) * x5) + (0.039110660553 * x4)) + (((-0.948617219925) * x5) + ((-0.668795466423) * x4)))))))',2.7011980915955943e-08,2.474829230436626e-08,131791670,409,29,58,12,1024,paper,6,0,1934709049
3600.0131488479674,'((-0.000038632712) + (0.433408796787 * (((2.307291507721 * x6) - ((-2.307290315628) * x5)) + (2.307290315628 * x4))))',3.547369076486685e-10,2.3002062476962237e-09,441201742,409,22,58,12,2048,paper,4,0,3980425317
3600.0189280584455,'(0.000015912305 + ((-0.783389747143) * (((-1.276503562927) * x4) + (((-1.276503801346) * x6) + ((-1.276503801346) * x5)))))',2.7586862105816954e-11,4.736899206214673e-10,441926305,409,21,58,12,2048,paper,4,0,784044718
3600.0106057561934,'((-3.634089708328) + ((-1.131016016006) * ((((((-0.883868515491) * x5) - exp(((-4.999224662781) / ((-0.323030531406) * x4)))) - (0.812254250050 * x4)) - ((0.707106769085 * x4) * ((1.350152850151 * x6) ^ (-0.505709350109)))) - ((((1.126361608505 * x6) ^ 0.474710583687) / ((0.733675062656 * x6) ^ (-0.511914432049))) * (((3.875680685043 * x4) ^ (-0.008701264858)) ^ (-1.502857923508))))))',0.0037257905278521193,0.003725196700543165,94688878,409,18,58,12,1024,paper,6,0,1934392872
3600.01262755692,'((-0.000026795127) + (0.849887013435 * (((1.176627039909 * x6) - ((-1.176627159119) * x5)) - ((-1.176627516747) * x4))))',4.300539324070776e-10,5.820766091346741e-10,440695833,409,18,58,12,2048,paper,4,0,1934392872
3600.022344175726,'((-0.000006401546) + ((-1.785431981087) * ((((-0.560088574886) * x4) + ((-0.560088574886) * x5)) + ((-0.560088574886) * x6))))',1.17007280133061e-10,5.098187982888192e-10,432406697,409,23,58,12,2048,paper,4,0,3356806661
3600.0129314251244,'(0.000031358602 + (0.810064375401 * (((1.234469056129 * x4) - ((-1.234469890594) * x6)) - ((-1.234469890594) * x5))))',5.322542187886082e-10,5.298904093287149e-10,438162727,409,24,58,12,2048,paper,4,0,2765379632
3600.0137256234884,'((-0.000000033260) + (0.570001065731 * (((1.754383087158 * x4) - ((-1.754382491112) * x6)) + (1.754383087158 * x5))))',6.172187737247963e-10,5.017901649750911e-10,436727220,409,26,58,12,2048,paper,4,0,3533734220
3600.0132586956024,'(0.031816042960 + (1.048617720604 * (sqrt((((-0.057809494436) * x5) + (((-0.953636288643) * x5) ^ 2))) - (((-0.953636288643) * x4) + ((-0.953636288643) * x6)))))',3.8844488283939146e-11,3.412173321670764e-10,366522147,409,29,58,12,2048,paper,4,0,1934709049
3600.0127845853567,'(0.000051646162 + (1.442694544792 * (((0.693147182465 * x4) + (0.693147420883 * x5)) + (0.693147182465 * x6))))',4.572467801701284e-10,6.382770978419217e-10,437931029,409,25,58,12,2048,paper,4,0,1728356533
3600.013830386102,'((-0.000032808402) + ((-1.039535641670) * ((((-0.961968421936) * x4) - (0.961967468262 * x5)) + ((-0.961968421936) * x6))))',5.065447906210549e-10,7.065205642753369e-10,441391870,409,27,58,12,2048,paper,4,0,2342600226
3600.013149496168,'((-0.000024198565) + (1.454219460487 * (((0.687654197216 * x5) - ((-0.687654197216) * x6)) - ((-0.687654197216) * x4))))',2.1978890659715156e-10,3.0508842674414893e-10,428041456,409,28,58,12,2048,paper,4,0,1904449481
3600.014556143433,'(0.000423722639 + ((-0.659292221069) * ((((((-1.516770958900) * x5) - (1.517399668694 * x6)) - ((((-0.121527552605) * x4) * (-0.021940052509)) / ((-1.738273739815) * x5))) + (0.645671665668 * ((1.518360137939 * x6) - (1.517399668694 * x6)))) - (1.516792654991 * x4))))',9.209415452399941e-09,7.542910296365335e-09,241624824,409,3,58,12,2048,paper,6,0,1859786275
3600.015085760504,'(3.957790851593 + ((-0.886320352554) * ((((1.157216787338 * x4) - ((3.406021356583 ^ 2) - (1.655779123306 * x5))) / (-1.025664925575)) + ((((1.157216787338 * x6) + 7.020961284637) / (-1.025664925575)) - (((((-0.006252527237) ^ 2) * (4.045299053192 * x5)) - (1.655779123306 * x5)) / 3.406021356583)))))',1.7662697214594495e-10,4.01432137531188e-10,181584191,409,9,58,12,2048,paper,6,0,2261209995
3600.0150107108057,'((-4.800286769867) + (3.141584157944 * (((((0.318309873343 * x6) + (0.318309873343 * x4)) + 1.528065681458) - (((-2.193786859512) + 2.110222578049) * ((-0.412447839975) * x5))) - ((-0.352777481079) * x5))))',1.107210631869227e-08,1.034490626494744e-08,224117236,409,23,58,12,2048,paper,6,0,3356806661
3600.0156068094075,'(3.560019493103 + (1.546110868454 * (((((-0.766949653625) * x5) + ((-0.140035629272) * (0.005226492882 * x5))) - (((-0.746039628983) * (0.005226492882 * x4)) + ((-0.879126489162) * (0.731276631355 * x4)))) + ((((0.693147182465 * x6) / 1.071681618690) - (((-0.780735015869) * x5) + 2.302585124969)) - ((-0.866866767406) * (0.731058597565 * x5))))))',8.4559792753545e-10,7.386351530414004e-10,172177395,409,13,58,12,2048,paper,6,0,3081541439
3600.015200238675,'(0.003096134868 + (0.245121151209 * (((((0.408260375261 * x4) / ((-7.687125205994) * x6)) + (2.536208391190 * x4)) + ((2.039933681488 * x6) + (2.039574146271 * x6))) + ((((0.408260375261 * x4) / (0.318309873343 * x6)) / (1.442695021629 * x6)) + (((2.039773702621 * x5) + (2.039840936661 * x5)) + (1.543796896935 * x4))))))',1.8971056045192754e-07,1.865495278252638e-07,214531172,409,8,58,12,2048,paper,6,0,404488628
3600.016196772456,'(0.538279950619 + (0.541041254997 * (((((1.102426409721 * x4) - ((-0.932561576366) * x6)) - ((-0.587960004807) * x5)) - (((0.826036155224 * x4) - (0.131457820535 * x6)) ^ (0.000131458044 * x4))) + ((((0.746555209160 * x4) - ((-0.915662527084) * x6)) - (((0.000131458044 * x5) / (0.051648039371 * x6)) + ((-0.587960004807) * x5))) - (((-0.587960004807) * x5) - ((0.766210436821 * x5) - (0.681781589985 * x5)))))))',9.563231253097195e-08,9.477411566649607e-08,140183473,409,12,58,12,2048,paper,6,0,3269070126
3600.0221138447523,'((-0.530610501766) + (1.809586167336 * ((((0.550086557865 * x6) + (0.292763054371 - ((-0.552612185478) * x5))) + (0.560771167278 * x4)) - ((((1.346203207970 * x4) + (1.555239439011 / ((-0.327650070190) * x6))) - (0.417118966579 * x6)) / ((42.175556182861 + 40.945316314697) + (40.945316314697 + 40.945316314697))))))',1.7318699007097686e-09,1.94293159339054e-09,187560363,409,5,58,12,2048,paper,6,0,369133708
3600.0147803612053,'(0.525207459927 + ((-0.494513690472) * ((((0.694698274136 * x5) - ((2.716892719269 * x5) + (2.022141933441 * x6))) + ((23.389402389526 + (0.898337602615 * x4)) / (23.469583511353 + (0.811343967915 * x4)))) + (((0.988329410553 ^ ((-1.900352835655) * x4)) / ((0.209205642343 * x6) + (1.783149838448 * x4))) + ((-2.022911310196) * x4)))))',8.146291425768649e-08,7.927883416414261e-08,158448441,409,1,58,12,2048,paper,6,0,2811363264
3600.013458199799,'((-5.647841453552) + (1.885935664177 * (((0.265124350786 * x5) + ((0.000038295984 * x6) + ((0.265116363764 * x5) + (0.256461620331 * x6)))) + ((0.265124350786 * x4) + ((2.994741916656 + ((0.000038295984 * x6) ^ 2)) + ((0.265116363764 * x4) + (0.273740500212 * x6)))))))',2.493107024931717e-10,3.0508842674414893e-10,216914451,409,16,58,12,2048,paper,6,0,550243861
3600.013523671776,'(54.602375030518 + ((-1.442694902420) * (((exp(3.633564233780) - (0.693147182465 * x6)) - (0.693147182465 * x4)) - (0.693147182465 * x5))))',1.5623322223743439e-10,1.846587882603501e-10,267454756,409,6,58,12,2048,paper,6,0,2995172877
3600.017737518996,'(0.036817122251 + ((-1.065248608589) * ((((((-0.460298627615) * x4) + ((-0.938751459122) * x5)) + ((-1.088546872139) / (1.139312744141 * x6))) + (((-0.478149890900) * x4) - (((-0.478149890900) * x4) * (((0.133006811142 * x4) / (((-0.024318169802) * x4) * ((2.302585124969 * x4) - ((-0.618881762028) * x6)))) ^ 2)))) - ((1.403278350830 * x6) * (cos(sin((sin(((-0.024318169802) * x4)) / ((-1.338940501213) * x4)))) * 0.668986678123)))))',4.779291442652576e-07,4.629596617178322e-07,169645570,409,10,58,12,2048,paper,6,0,4190266092
3600.0155243836343,'(0.453170865774 + ((-0.456309795380) * ((((((-0.420146912336) * x4) * 2.693483591080) + ((-1.113964676857) / (0.267951697111 * x9))) - (((2.136361122131 * x5) - ((1.545426845551 * x5) ^ log(cos(0.054590150714)))) - ((-1.174147367477) * x6))) - (((1.130925774574 * x5) - (((-1.059844136238) * x4) + (1.075807094574 * x5))) - ((-1.017347931862) * x6)))))',1.0275773951630142e-08,1.0493436342073892e-08,161823426,409,15,58,12,2048,paper,6,0,2204291346
3600.016373511404,'((-9.015025138855) + (4.336571216583 * ((((-0.144223421812) * x6) * sqrt(cos(1.414213538170))) - ((((-1.128587245941) - ((-0.000122770667) * x6)) - ((exp((((-0.000122770667) * x6) + 0.434193968773)) ^ ((0.395834356546 * sqrt(0.894167304039)) ^ 2)) * 0.894167304039)) + ((((-0.143844723701) * x6) + ((-0.230596914887) * x4)) + (((-0.143844723701) * x6) + ((-0.230596914887) * x5)))))))',5.100204636299254e-11,4.736899206214673e-10,145281733,409,19,58,12,2048,paper,6,0,2148995112
3600.014777176082,'(0.000195758737 + ((-0.401247382164) * (((((1.246927142143 * x6) / (0.501743137836 * x8)) - (1.252185940742 * x6)) + ((((-1.765415072441) * x5) - (1.240125536919 * x6)) + (((-1.245197892189) * x4) - (0.363358974457 * x5)))) + ((((-1.246957659721) * x4) - ((1.271153807640 * x5) / (0.325045645237 * x8))) - (0.363358974457 * x5)))))',4.799523001569653e-07,4.7498656385869253e-07,196695477,409,27,58,12,2048,paper,6,0,2342600226
3600.015702061355,'((-24.168796539307) + (7.009346961975 * ((((0.062458243221 * x6) * cos(0.012747108936)) * 2.284381151199) + ((((0.062458243221 * x4) + exp(sin(exp((cos(((0.062458243221 * x6) / (((3.218142509460 * x6) - ((-0.749748468399) * x4)) + ((-0.291216701269) * x5)))) ^ 2))))) * 2.284381151199) - ((-0.142662018538) * x5)))))',1.7791408731202675e-07,1.8096561404945533e-07,181908268,409,2,58,12,2048,paper,6,0,1884968544
3600.015825614333,'(65.259536743164 + (5.389478206635 * (((0.185546711087 * x4) + ((0.185546711087 * x6) + (-1.848889589310))) + ((((0.185546711087 * x5) - 4.396595954895) - 4.863204956055) - (((-1.861134052277) ^ 2) ^ (sin((cos(((-0.951644062996) * x0)) ^ 2)) / exp(exp(((-1.619573712349) ^ 2)))))))))',2.882239078254475e-11,9.955517521476054e-10,188038136,409,22,58,12,2048,paper,6,0,3980425317
3600.015865009278,'((-0.002032999182) + (0.647092819214 * (((((0.512689411640 * x6) * 1.764705538750) * 1.708088278770) - (((0.108784325421 * x4) + ((-1.545372724533) * x5)) + ((-0.185833230615) / (0.824109435081 * x6)))) + (1.654152274132 * x4))))',2.1013022605908295e-08,2.1336118649628588e-08,236989358,409,21,58,12,2048,paper,6,0,784044718
3600.0220087207854,'((-0.000065430620) + (1.440502882004 * (((0.517717659473 * x5) + (0.694202780724 * x6)) - (((-0.694201886654) * x4) - (0.176483929157 * x5)))))',1.7436959257483363e-09,1.8024303161112698e-09,369651557,409,7,58,12,4096,paper,4,0,865305066
3600.024295859039,'((-0.000026679199) + (1.021313905716 * (((0.979131877422 * x6) - ((-0.449453055859) * x5)) + ((0.529677510262 * x5) - ((-0.979129910469) * x4)))))',2.1444664312442974e-09,1.5976999723221752e-09,366421121,409,0,58,12,4096,paper,4,0,3324115916
3600.019489172846,'((-0.171540126204) + (0.203885868192 * ((((3.268210172653 * x6) + ((1.636358022690 * x6) - ((-2.124550104141) * x5))) + (0.000135183334 * x6)) + (((sin(exp(((0.000135183334 * x4) * (-0.336043357849)))) + (3.132137537003 * x4)) - ((-2.345861911774) * x5)) + (((0.434294492006 * x5) + (1.772453904152 * x4)) + (0.000135183334 * x4))))))',3.1454609046049467e-10,4.93761531661363e-10,185349279,409,25,58,12,2048,paper,6,0,1728356533
3600.022865038365,'((-0.327505439520) + (0.398884087801 * ((((0.693147182465 * x5) + ((0.693147182465 * x6) / 2.007801055908)) + ((0.906809985638 * x5) + ((0.906809985638 * x5) + (1.253704547882 * x4)))) + ((((0.216640144587 * x5) + (2.281304836273 * x4)) / ((0.216640144587 * x5) + (2.878412485123 * x4))) + (((0.693131208420 * x6) / 0.416050434113) + ((1.253704547882 * x4) + (0.495810627937 * x6)))))))',1.2841065786312628e-06,1.274105443371809e-06,160567391,409,26,58,12,2048,paper,6,0,3533734220
3600.0164983794093,'((-0.723455727100) + (0.434192150831 * (((7.070378780365 / sqrt((1.470822691917 * x6))) + (sin(((cos(cos(log((sqrt((0.199780628085 * x6)) + exp(((-0.024688977748) * x6)))))) ^ 2) ^ 2)) - (((-1.152791976929) * x6) - (2.303125381470 * x5)))) - (((-1.152791976929) * x6) - (2.303125381470 * x4)))))',7.772406607027505e-07,7.561455959148589e-07,183448754,409,14,58,12,2048,paper,6,0,3376120482
3600.0143647156656,'((-1.111403942108) + (0.480487346649 * ((((2.081220388412 * x6) + (2.081220388412 * x4)) + sqrt(((2.081220388412 * x5) ^ 2))) + exp(cos(0.576149404049)))))',6.339023085034083e-11,3.8136052649129226e-10,267426464,409,20,58,12,2048,paper,6,0,1592565386
3600.022908806801,'(0.000007383196 + (0.438628673553 * (((2.279832124710 * x6) + (2.279832124710 * x4)) - ((-2.279833555222) * x5))))',2.2569544543041783e-10,6.62363053294257e-10,414297703,409,4,58,12,4096,paper,4,0,3687649985
3600.020428288728,'((-0.000023848408) + (2.100163459778 * (((0.880172312260 * x5) - ((-0.476153492928) * x4)) - ((0.404019087553 * x5) + ((-0.476153492928) * x6)))))',1.528042834598814e-09,5.820766091346741e-10,365044682,409,14,58,12,4096,paper,4,0,3376120482
3600.021558430046,'(8.116112709045 + (1.324851036072 * (((1.028268098831 * (1.004363536835 ^ ((-0.282251358032) * x5))) - (1.414213538170 * (4.335909843445 + ((-0.533725023270) * x6)))) + (((0.755808234215 * x5) - (1.414213538170 * ((-0.533725023270) * x4))) - ((0.299359411001 * (0.473284095526 * x5)) ^ ((cos(exp(cos(((1.003859281540 * (0.802371144295 * x5)) - (0.799016058445 * x5))))) ^ 2) / (2.482586145401 * x5)))))))',7.96983219884674e-08,8.097287462760505e-08,113710505,409,17,58,12,2048,paper,6,0,3606691181
3600.0312894135714,'(0.381133913994 + (1.010012745857 * (((((-0.091982513666) - (0.444289594889 * x4)) / ((0.126586675644 * x4) + 3.696457147598)) / sqrt(((0.897184789181 * x4) + ((-0.003290116787) * x5)))) - (((((-0.003290116787) * x5) - (0.150311142206 * x4)) - ((0.419437408447 * x4) + (0.419437408447 * x4))) - (((0.990077078342 * x6) - ((-0.986815869808) * x5)) + (log(cos(exp(((-0.158494114876) * x4)))) * (1.166828513145 * x5)))))))',3.8889379337552436e-07,3.8679993963341985e-07,143665909,409,7,58,12,2048,paper,6,0,865305066
3600.0212217122316,'((-0.372042506933) + (0.362796157598 * ((((2.302585124969 * x4) - ((sqrt(0.683613419533) ^ (sin(log((0.577142596245 * x4))) * 3.896501302719)) / ((-0.905699372292) * x4))) - (((0.046606309712 * x5) / ((-2.579334497452) * x5)) / ((0.046606309712 * x5) ^ (-0.246520221233)))) + ((((2.756376981735 * x6) - (0.693147182465 - ((log(cos((exp((0.172954007983 * x0)) / ((-1.712266683578) * x5)))) - 0.666142284870) / ((-0.400213360786) - (((((-0.979462862015) * x11) ^ 2) ^ 2) ^ (-0.246520221233)))))) - ((-1.712266683578) * x5)) - ((((-0.905699372292) * x4) / 0.666142284870) - (((-0.905699372292) * x4) - ((-1.044044017792) * x5)))))))',4.0371751227472924e-08,3.8991103679109074e-08,128095996,409,0,58,12,2048,paper,6,0,3324115916
3600.025963816792,'((-0.000026695054) + (0.895643532276 * ((1.116515755653 * x6) + ((1.116515755653 * x5) + (1.116515755653 * x4)))))',1.739594929925937e-10,2.4888793803690135e-10,405430485,409,12,58,12,4096,paper,4,0,3269070126
3600.017275568098,'((-0.031416166574) + (0.626844763756 * (((((1.217723250389 * x5) - ((-0.988209545612) * x6)) - (0.024930804968 * x6)) + (((((0.024930804968 * x6) ^ 2) / ((-0.619387388229) * x6)) - ((-1.596184492111) * x4)) - ((-0.799548447132) * x5))) + (((((-0.851026117802) * x4) / exp(((exp(1.310425639153) ^ 1.867327094078) - log((0.756635069847 * x6))))) - (0.421985715628 * x5)) - ((-0.633376061916) * x6)))))',5.56507141921913e-06,5.580637207458494e-06,173303575,409,28,58,12,2048,paper,6,0,1904449481
3600.02282531932,'((-0.000005285216) + (0.806340277195 * (((1.240171194077 * x4) + (1.240171194077 * x6)) + (1.240171194077 * x5))))',1.023786446828017e-10,4.0946079860049167e-10,393824823,409,3,58,12,4096,paper,4,0,1859786275
3600.0241221897304,'((-0.000014531397) + (1.293665885925 * ((0.772997140884 * x6) + ((0.772997140884 * x5) + (0.772997140884 * x4)))))',3.4309933873761346e-11,4.134751152573557e-10,408811407,409,13,58,12,4096,paper,4,0,3081541439
3600.0250064209104,'(0.000027444281 + (1.678868174553 * (((0.595639348030 * x5) + (0.595639348030 * x4)) + (0.595639348030 * x6))))',1.4202799086092342e-10,4.0946079860049167e-10,406372103,409,1,58,12,4096,paper,4,0,2811363264
3600.0243682190776,'((-0.000073679643) + (0.931255638599 * (((0.118395112455 * x5) - ((-1.073819518089) * x4)) + ((0.955422878265 * x5) + (1.073820114136 * x6)))))',1.863578869669465e-09,1.874688182468276e-09,365985780,409,21,58,12,4096,paper,4,0,784044718
3600.022117599845,'(0.000004729953 + ((-0.692937314510) * (((-1.443131208420) * x4) + (((-1.443131685257) * x5) - (1.443132281303 * x6)))))',5.171578701327061e-10,6.182054868020259e-10,408177428,409,5,58,12,4096,paper,4,0,369133708
3600.027160741389,'((-0.000016667142) + ((-1.321775317192) * (((-0.756558358669) * x5) + (((-0.756558358669) * x4) + ((-0.756558358669) * x6)))))',1.3027654608309208e-09,1.051752240854853e-09,409145558,409,9,58,12,4096,paper,4,0,2261209995
3600.0183711983263,'(118.723945617676 + (0.564189612865 * (((1.772453904152 * x5) + ((0.914170682430 / (-0.004302024841)) + (1.772453904152 * x4))) + ((1.772453904152 * x6) + exp(sqrt(sin(exp(exp(exp((((((-0.633411884308) / ((-1.812749385834) * x2)) / (0.534162223339 * x11)) * (-0.633411884308)) * 0.914170682430)))))))))))',1.8119033488771937e-10,3.0910274340101296e-10,199987346,409,4,58,12,2048,paper,6,0,3687649985
3600.026596996933,'(0.000014840801 + ((-1.235011219978) * ((((-0.809709429741) * x5) - (0.809709072113 * x6)) - (0.809709072113 * x4))))',9.491554368606662e-11,4.174894319142197e-10,396051917,409,8,58,12,4096,paper,4,0,404488628
3600.0342155881226,'(0.000028725461 + (0.672251701355 * ((1.487537860870 * x4) + ((1.487538099289 * x5) + (1.487537860870 * x6)))))',5.295558896477145e-11,3.3720298775463675e-10,402587261,409,10,58,12,4096,paper,4,0,4190266092
3600.0149516016245,'(0.044887598604 + (1.554064273834 * (((((0.643452107906 * x5) + (0.643502116203 * x6)) + sqrt(((0.794378757477 * x5) * (0.327206701040 ^ (0.693147182465 * x4))))) + ((-0.063661411405) * x4)) + ((((0.029141776264 * x4) + ((-0.230545312166) * x6)) / ((0.766865789890 * x5) + (6.974662780762 * x6))) + (0.707106769085 * x4)))))',2.7007422234020337e-07,2.6298221200704575e-07,178783567,409,29,58,12,2048,paper,6,0,1934709049
3600.023385196924,'((-0.000008382546) + ((-1.068228960037) * ((((-0.936128199100) * x4) - (0.451140731573 * x6)) - ((0.484988301992 * x6) - ((-0.936129093170) * x5)))))',2.668705992861555e-10,5.620049980947783e-10,367301259,409,16,58,12,4096,paper,4,0,550243861
3600.0298697799444,'(0.000017135171 + (0.483858138323 * (((2.066721916199 * x5) - ((-1.041134357452) * x6)) + ((2.066721916199 * x4) - ((-1.025586247444) * x6)))))',2.7658561205951657e-10,6.824346643341528e-10,368469445,409,11,58,12,4096,paper,4,0,3160032368
3600.02135822922,'((-0.058375593275) + ((-0.517511367798) * (((((-0.972103357315) * x6) - ((1.933124065399 * x4) - ((-1.927766680717) * x5))) - ((((-1.061742782593) * x6) - ((-1.284395694733) * x5)) / (2.382881402969 * x3))) + (((-0.964344918728) * x6) - (((sqrt(((2.215431690216 * x8) / ((log((((0.693147182465 * 1.414213538170) + (0.590121865273 ^ (0.492945015430 * x1))) ^ (((0.009510798380 * x4) - (-0.995732009411)) ^ (0.308068543673 * (0.693147182465 * x4))))) ^ 0.590121865273) + (0.513946473598 * x0)))) + (((0.082252189517 * x5) / cos(((-0.259467661381) * x5))) + ((-0.410628110170) * x3))) / (0.134937301278 * x5)) / ((3.641881942749 * x3) - (3.197911500931 * x4)))))))',0.00014595917206570956,0.00010062961518997326,145434810,409,11,58,12,2048,paper,6,0,3160032368
3600.024744875729,'((-0.000031431719) + ((-0.581180989742) * ((((-1.720634937286) * x6) - (1.720634102821 * x4)) - (1.720634102821 * x5))))',3.5923347845187234e-10,5.419333870548826e-10,403144562,409,20,58,12,4096,paper,4,0,1592565386
3600.02380175516,'(0.000012203643 + (1.055535912514 * ((0.947386264801 * x5) + ((0.947385251522 * x4) + (0.947386264801 * x6)))))',9.586429672247357e-10,6.503200755680894e-10,410128632,409,15,58,12,4096,paper,4,0,2204291346
3600.025137398392,'((-0.000027087537) + (1.773878812790 * (((0.563736438751 * x5) + (0.563736438751 * x4)) + (0.563736438751 * x6))))',2.19296237373922e-10,4.2551806522794777e-10,402668872,409,19,58,12,4096,paper,4,0,2148995112
3600.0247617065907,'((-0.000082621365) + ((-1.218995451927) * ((((-0.820349931717) * x4) - ((-0.087608270347) * (0.081013500690 * x6))) - ((0.820346772671 * x5) - ((-0.827445387840) * x6)))))',3.017019249965108e-09,5.178474538070077e-09,326376772,409,28,58,12,4096,paper,4,0,1904449481
3600.022615902126,'((-0.000000591183) + (0.379195302725 * ((2.637163400650 * x6) - (((-2.637164831161) * x4) - (2.637163400650 * x5)))))',4.836408522442801e-10,4.897472427600746e-10,404454139,409,26,58,12,4096,paper,4,0,3533734220
3600.024958860129,'(0.000005899589 + ((-0.732808589935) * ((((-1.364612817764) * x5) + ((-1.364612817764) * x6)) - ((0.682305216789 * x4) + (0.682307541370 * x4)))))',5.406366517422183e-12,4.295323818848118e-10,363413911,409,6,58,12,4096,paper,4,0,2995172877
3600.022173460573,'(0.000012167271 + (2.302584886551 * (((0.434294492006 * x6) + (0.434294492006 * x5)) + (0.434294492006 * x4))))',9.352063389108528e-11,5.700336314085064e-10,397894731,409,24,58,12,4096,paper,4,0,2765379632
3600.0322961732745,'(0.000037640668 + ((-0.707121849060) * ((((-0.759052753448) * x4) - (1.414183497429 * x6)) - ((1.414183497429 * x5) + (0.655129611492 * x4)))))',2.878461044918483e-10,4.174894319142197e-10,370325229,409,27,58,12,4096,paper,4,0,2342600226
3600.02597746253,'(0.830830097198 + ((-0.839932024479) * ((((-1.190572738647) * x6) - (1.190119624138 * x4)) + (((-1.190572738647) * x5) + sin(((sin(sqrt(log((0.677905738354 * x4)))) / 0.686599135399) ^ 0.825998961926))))))',3.042658616657941e-08,2.9400890610986607e-08,226856775,409,17,58,12,4096,paper,4,0,3606691181
3600.0311882421374,'(0.014585691504 + (0.764856696129 * (((0.662812471390 * x6) - (((-1.307617068291) * x5) + ((-1.307084441185) * x4))) - (((0.212770447135 / (0.198763608932 * x4)) * ((0.048642404377 * x5) * 0.160184189677)) - (0.644603192806 * x6)))))',4.098657092112878e-06,4.10373650083784e-06,295785721,409,25,58,12,4096,paper,4,0,1728356533
3600.019416730851,'((-0.000046517009) + (0.433008670807 * (((2.309422969818 * x5) + (1.154712557793 * x6)) + ((2.309422969818 * x4) + (1.154710412025 * x6)))))',2.6001509303147177e-10,2.890311323611172e-10,365777687,409,29,58,12,4096,paper,4,0,1934709049
3600.0192828662694,'((-0.081316649914) + (0.611695468426 * ((((1.475256204605 * x5) - ((0.869054794312 * x6) - ((-0.466843038797) * x4))) / ((18.594545364380 * x1) - (((-3.259314060211) * x3) - (15.264929771423 * x1)))) + ((((0.636405527592 * x6) - ((-0.893499493599) * x4)) - ((-0.742101073265) * x4)) + (((1.632131338120 * x5) - ((-1.000159502029) * x6)) - log(sqrt(cos(cos(((4.831951141357 * x2) ^ ((1.332485675812 / ((-0.775361001492) * x5)) + (1.332485675812 ^ ((-0.595621705055) * x4)))))))))))))',4.309799318341863e-05,4.299046122469008e-05,136067746,409,24,58,12,2048,paper,6,0,2765379632
3600.023579619825,'((-0.000013645711) + ((-0.913509368896) * ((((-1.094679117203) * x4) + ((-0.483932733536) * x6)) + (((-1.094679117203) * x5) + ((-0.610747337341) * x6)))))',4.912885292600671e-10,1.4812846504952404e-09,365142962,409,22,58,12,4096,paper,4,0,3980425317
3600.042970120907,'((-0.000026479089) + (0.393383055925 * (((2.542050361633 * x5) - ((-1.502620816231) * x4)) - (((-1.039433598518) * x4) - (2.542051792145 * x6)))))',4.900956307011945e-10,7.627210529825845e-10,361885484,409,2,58,12,4096,paper,4,0,1884968544
3600.031778600067,'(0.038947716355 + (0.451059550047 * (((1.503775000572 * x5) + (1.961579799652 * x6)) - ((((-0.694421112537) * x4) - (((-0.184088528156) * x5) - ((-0.897344291210) * x5))) + ((((-0.255398243666) * x6) + ((-1.522393226624) * x4)) + ((0.819579124451 / (((-1.538290500641) * x4) - (((-1.656593322754) * x4) - 15.520384788513))) + (cos(exp((((-0.184088528156) * x5) / (2.535410881042 * x6)))) / 15.375503540039)))))))',5.1421985965243165e-08,4.7999240138096866e-08,162542298,409,3,58,12,4096,paper,6,0,1859786275
3600.0440945848823,'(0.164933681488 + (0.253134757280 * (((((1.091375470161 * x6) - ((-1.044234037399) * x5)) + (1.958621859550 * x4)) + (((1.429546713829 * x6) - ((-0.968502163887) * x5)) - ((-0.969096064568) * x5))) + ((((1.429546713829 * x6) - sin(log((((2.489185810089 * x4) ^ (-0.033325940371)) + 1.156255364418)))) - ((-0.968628048897) * x5)) + (1.991659998894 * x4)))))',4.963448320533502e-08,4.88743623350274e-08,151100643,409,0,58,12,4096,paper,6,0,3324115916
3600.0273456163704,'(0.475169450045 + (1.155541181564 * sqrt(((((exp(sin((((-2.282636642456) * x5) / (1.411069273949 * x6)))) * (((0.840658307076 * x4) - ((-0.724190950394) * x6)) ^ 2)) - ((-0.994746565819) * x7)) - ((1.383395552635 * x6) * ((-1.978460669518) * x5))) - ((((-0.737623691559) * x6) + ((-1.296274662018) * x5)) * (1.414213538170 * x4))))))',1.2743854857658738,1.2743806838989258,184426517,409,4,58,12,4096,paper,6,0,3687649985
3600.0326872505248,'(0.001798106940 + ((-2.804820775986) * (((0.311891525984 * x5) - (((0.356520920992 * x6) - ((-0.986815869808) * x5)) - ((-0.106259532273) * x4))) - (((((-0.046465575695) * x4) / ((2.760077953339 / ((-0.033257886767) * x1)) * (1.446684837341 * x1))) - ((-0.249877139926) * x4)) - (0.318388193846 * x5)))))',8.241918449648689e-07,8.242806757152721e-07,208760738,409,7,58,12,4096,paper,6,0,865305066
3600.017524935305,'(0.000922920590 + (0.515763938427 * (sqrt((((1.880296587944 * x5) - ((-2.176096439362) * x4)) * ((1.997662544250 * x5) - ((-1.907373785973) * x4)))) - (((((-1.938747286797) * x6) - ((-0.003793361597) * x0)) - ((-0.001085780561) * x4)) - ((-0.101235873997) * x4)))))',5.14820224467325e-05,5.1469534810166806e-05,164673559,409,18,58,12,2048,paper,6,0,1934392872
3600.033729583025,'(0.016182301566 + (0.745788514614 * ((((0.677942574024 * x6) + (1.372994184494 * (0.565050959587 * x5))) + ((1.372994184494 + sqrt(sqrt((0.963058233261 ^ (1.772453904152 / (0.434294492006 * x4)))))) * (0.565050959587 * x4))) + ((((0.007024288177 * x6) ^ 2) / ((0.643226087093 * x6) - (0.018275987357 * x6))) + ((0.662841141224 * x6) + (0.565050959587 * x5))))))',5.270546507054261e-11,1.0477378964424133e-09,167325634,409,5,58,12,4096,paper,6,0,369133708
3600.0299258455634,'((-0.647290527821) + (0.762010812759 * (((sqrt((0.022412430495 * x6)) + ((0.109662927687 * x6) + (1.312281727791 * x5))) + ((((-0.095470547676) * x6) + (1.312281727791 * x4)) + ((0.598890721798 * x6) + (0.693147182465 * x6)))) + ((cos(((-0.020980333909) * x6)) * sqrt(sqrt((0.707106769085 * x6)))) / (((1.207535624504 * x6) + (0.134365245700 * x2)) / (0.029294610023 * x6))))))',1.1620174719243085e-05,1.1604415703914128e-05,153666829,409,1,58,12,4096,paper,6,0,2811363264
3600.0301899574697,'((-1.960047006607) + (0.627170383930 * (((((0.001193851233 * x6) * (-0.551303863525)) - ((-1.793084144592) * x6)) - ((-1.594463109970) * x4)) - ((((0.318309873343 * x6) * 0.621959388256) + (-3.125264167786)) + (((0.001193851233 * x6) * (-0.010530983098)) + ((-1.594463109970) * x5))))))',7.82303933444163e-11,2.7698818239052514e-10,196623296,409,10,58,12,4096,paper,6,0,4190266092
3600.0405119769275,'(1.755680084229 + (0.427288025618 * (((exp(sqrt((((((1.772453904152 * x7) + (0.447609663010 * x7)) ^ sqrt(sin(sqrt((0.387686640024 * x1))))) / (((-2.337215423584) * x7) + (2.189101219177 * x6))) ^ 2))) ^ ((-0.107278630137) * x7)) * ((0.436856716871 * x7) * (0.399502813816 * x7))) - (((-2.327390193939) * x2) + ((-2.345348596573) * x3)))))',1.8323752568217937,1.832362413406372,211827100,409,23,58,12,4096,paper,4,0,3356806661
3600.029156051576,'((-1.076711297035) + (0.409416794777 * ((log((0.823383212090 ^ (0.011051058769 * x6))) - ((-1.222328543663) * x6)) + ((exp((0.823383212090 ^ (0.011051058769 * x4))) + ((1.442695021629 * x5) - ((-1.223262429237) * x4))) + (((0.999794721603 * x5) - ((-1.222328543663) * x6)) + ((((-0.378170937300) / (1.174077272415 * x4)) * 4.220516681671) - ((-1.223262429237) * x4)))))))',6.343022945434091e-07,6.353988624141493e-07,119683928,409,9,58,12,4096,paper,6,0,2261209995
3600.0255695320666,'(8.328198432922 + (1.868085861206 * sqrt(((((0.301073521376 * x5) ^ 2.284904718399) - ((0.044412903488 * x6) * ((-2.647670745850) * x2))) + ((((-0.770610034466) * x5) * ((-0.834015309811) * x6)) - (((-0.834015309811) * x6) * (1.504882812500 * x4)))))))',12.39841043246114,12.39838981628418,189495965,409,12,58,12,4096,paper,6,0,3269070126
3600.026845641434,'(0.000078620185 + ((-0.394439637661) * (((((-2.180262327194) * x6) - (((-0.006177026313) * x4) - ((-2.536053180695) * x5))) + ((((-0.005050166044) * x5) / (-1.310644149780)) + ((-1.586003780365) * x4))) + (((((-0.005050166044) * x5) + ((-1.585954785347) * x4)) * 0.602421760559) + ((-0.354979127645) * x6)))))',4.0777192179504924e-10,7.988499861610876e-10,189455612,409,11,58,12,4096,paper,6,0,3160032368
3600.0204929821193,'(1.498992204666 + ((-0.902462124825) * (((((1.772453904152 * x6) - sin((((0.581628620625 * x5) ^ 0.195238590240) / (3.486599922180 * x4)))) / (-2.502551078796)) - (((1.108093261719 * x5) - sqrt(exp(cos((0.001423835754 * x4))))) + (0.399813979864 * x6))) + ((-1.107886433601) * x4))))',9.868644201578143e-08,9.888076846209515e-08,171294765,409,16,58,12,4096,paper,6,0,550243861
3600.029605668038,'(62.348693847656 + (0.029450597242 * (((2.897479772568 * x6) + (2.718281745911 * x5)) * log((((((1.421128392220 ^ (0.025520132855 * x5)) - (0.313068568707 * x4)) ^ 2) + (1.249022960663 * x5)) ^ 2)))))',7.552040319731111,7.552016735076904,255344440,409,18,58,12,4096,paper,4,0,1934392872
3600.0486497096717,'((-0.083810597658) + (0.805219948292 * ((cos((-1.421696305275)) * (((1.772453904152 * x4) / ((-0.577158749104) * x6)) + (((-0.287461876869) * x6) + (1.932770133018 * x5)))) - ((((log((1.590722680092 * x2)) - sin((sin(((0.003381096991 * x3) - ((0.003381096991 * x1) + ((((-0.391546636820) + ((-0.902144908905) * x7)) * ((0.003381096991 * x3) + ((-0.918532431126) * x10))) * sin(exp((0.152951538563 * x5))))))) + (-1.421696305275)))) / ((-0.310432165861) * x6)) - (0.954656958580 * x5)) + (((-0.577158749104) * x6) - ((1.245408773422 * x4) + (0.707157611847 * x6)))))))',0.00013389343851301938,8.525611337972805e-05,160137906,409,8,58,12,4096,paper,6,0,404488628
3600.0349212251604,'(0.012553155422 + ((-0.870865404606) * (((((1.159741997719 * x6) - (3.488647460938 * x4)) / (log(((0.009606689215 / ((-1.048323392868) * x8)) * (-0.257234781981))) ^ 2)) - (((1.152414083481 * x6) - ((-0.001177967759) * x4)) - ((-1.134361147881) * x4))) - (1.148265004158 * x5))))',6.0782540636659134e-05,6.077751822886057e-05,227981290,409,19,58,12,4096,paper,6,0,2148995112
3600.035177681595,'((-7.271125793457) + (1.414213538170 * ((((0.707106769085 * x5) + (0.707106769085 * x6)) + (sin((cos(0.097640305758) * sqrt(sqrt((cos(6.551231861115) ^ sqrt(((sqrt((6.283185482025 - 6.283185482025)) - (((0.707106769085 * x6) / (((0.707106769085 * x4) ^ (1.754508256912 * x5)) - 0.097640305758)) ^ 0.097640305758)) ^ 2))))))) + cos(6.283185482025))) + ((cos(log((((((-1.380126714706) * x11) + (-1.081506729126)) ^ 2) ^ (0.819363415241 / (0.306859701872 * x8))))) + (0.707106769085 * x4)) + 2.302585124969))))',2.0484278029716397e-11,2.00716068765594e-10,105386408,409,2,58,12,4096,paper,6,0,1884968544
3600.0284368246794,'((-0.467050164938) + (0.980693519115 * (((((1.442723274231 * x5) - ((-1.020111203194) * x6)) - (1.176259756088 / (0.434294492006 * x5))) - (((0.424885272980 * x5) - cos(cos(exp(cos(log(((0.340378642082 * x5) + (0.456040948629 * x4)))))))) - ((0.276516228914 * x5) / (3.998973846436 * x6)))) - ((-1.018149137497) * x4))))',4.0445188494609105e-05,4.031125718029216e-05,179016822,409,15,58,12,4096,paper,6,0,2204291346
3600.0450417734683,'(0.012848007493 + (1.114500761032 * ((((((-3.628400087357) * x2) / (0.161982327700 * x11)) / (0.218484401703 * x5)) - ((((-2.903207778931) * x5) - (0.897345125675 * x4)) / (((-5.351687908173) * x7) - (0.875370919704 * x11)))) - ((((-0.897406756878) * x5) + ((-0.897034406662) * x6)) - ((0.897345125675 * x4) - (((-3.636999607086) * x6) / (0.875476658344 * x11)))))))',1.7148231942300536e-05,1.7141361240646802e-05,177135140,409,17,58,12,4096,paper,6,0,3606691181
3600.046450443566,'((-3.945210218430) + ((-0.689475178719) * ((((-1.451196312904) * x6) - (sqrt((1.089798808098 * x5)) + ((sin(log((0.458983540535 * x5))) - ((0.707445919514 * x4) / ((-2.199354171753) * x6))) + (1.414563536644 * x5)))) - ((1.447989821434 * x4) + sin(log((0.455702155828 * x5)))))))',0.00045505082882960833,0.0004547468270175159,187991288,409,14,58,12,4096,paper,6,0,3376120482
3600.036555826664,'(0.068022623658 + (0.281747937202 * ((((1.312591195107 * x5) + ((1.774642586708 * x4) + (1.131383419037 * x6))) + ((1.774642586708 * x4) + (1.139819383621 * x6))) + (((2.236675024033 * x5) - sin((((exp((-1.339077234268)) ^ 2) / (log(exp(cos(cos((((0.582848787308 * x4) * ((((1.774642586708 * x4) / ((0.434294492006 * x9) ^ 2)) - exp(((-1.285529017448) * x11))) ^ 2)) * ((((1.139819383621 * x6) * ((-1.963559389114) * x4)) * ((exp(((0.243813291192 / ((-0.928016483784) * x0)) * ((-0.303987473249) * x3))) / ((-1.285529017448) * x11)) ^ 2)) / exp(((-0.118557572365) * x6)))))))) ^ 2)) / (((0.583739638329 * x5) + ((-1.990151286125) * x4)) + ((-1.278077006340) * x6))))) - (0.243813291192 + ((-1.278077006340) * x6))))))',9.998497610553358e-10,9.995659855377426e-10,128261889,409,6,58,12,4096,paper,6,0,2995172877
3600.0296098329127,'((-0.111825764179) + (0.626853227615 * (((((1.595141530037 * x5) - ((-2.628205537796) * x4)) - (exp(cos(((-2.289252758026) * x2))) + (cos(((-0.841439962387) * x2)) + sin((2.310727596283 * x1))))) / (((9.480981826782 * x5) - ((-1.980843663216) * x6)) + ((0.629953563213 * x4) * (0.629953563213 * x4)))) + (((1.595141530037 * x5) - (((-2.276442766190) * x4) * 0.182366698980)) - (((2.078365564346 * x4) / (0.828766763210 * x8)) - ((1.181209087372 * x4) - ((-1.595336556435) * x6)))))))',1.7472919381128887e-06,1.7261581888305955e-06,130483423,409,13,58,12,4096,paper,6,0,3081541439
3600.033508554101,'((-0.000158691822) + ((-0.694311141968) * (((((1.398991346359 * x6) - (0.693147182465 * x6)) + ((0.707489728928 * x6) - ((-0.717783927917) * x4))) - (((0.760215044022 * x6) - ((-0.723755955696) * x4)) + ((0.693147182465 * x6) - ((-0.717110455036) * x4)))) + (((-1.440272927284) * x5) - (((0.707106769085 * x6) - ((-0.717190206051) * x4)) + (0.693147182465 * x6))))))',2.5109230689714412e-08,2.4840620227450927e-08,176662397,409,21,58,12,4096,paper,6,0,784044718
3600.0360839366913,'((-0.488899827003) + (0.552467048168 * ((((1.733806967735 * x5) / ((6.133029460907 * x4) + (1.800319671631 * x5))) + (((0.638693571091 * x6) + ((-0.748021066189) * x5)) + (1.813873648643 * x4))) + (((2.557586431503 * x5) + ((sqrt(((0.673725545406 ^ exp(((sin((2.995546340942 * x4)) * ((5.347771167755 * x4) / (1.102678894997 * x3))) - ((cos(log((0.318309873343 * x4))) / ((0.672268152237 / ((0.913112938404 * x0) ^ 2)) - cos((6.138150691986 * x4)))) ^ 2)))) + cos(cos(((-0.625047802925) * x5))))) / (0.101338766515 * x6)) + (1.170999407768 * x6))) + (((0.707106769085 * x0) + (1.170999407768 * x6)) / ((2.479797840118 * x5) + (1.696958184242 * x6)))))))',2.062831383352607e-05,2.0562823920045048e-05,94719555,409,20,58,12,4096,paper,6,0,1592565386
3600.027874354273,'(2.318997621536 + (0.410412639380 * (((((1.035065531731 * x5) - ((-1.473722457886) * x4)) - ((-0.932098150253) * x6)) - cos(sin(log((0.679655790329 * x6))))) - (log(((2.268130064011 * x6) - ((-1.389852404594) * x4))) - (((1.401511430740 * x5) - ((-0.966727197170) * x4)) - ((-1.509237289429) * x6))))))',2.871529257323805e-05,2.8657168513746e-05,166165243,409,18,58,12,4096,paper,6,0,1934392872
3600.02449221164,'((-0.002632319927) + ((-1.096624374390) * ((((((-0.911867201328) * x5) - (0.911907255650 * x6)) - ((0.003818690777 * x5) / (1.362824440002 * x6))) - (((-0.049968540668) ^ 2) * ((-0.049697041512) * x4))) - (0.912014722824 * x4))))',6.70279201586655e-08,6.781794326116142e-08,199013724,409,22,58,12,4096,paper,6,0,3980425317
3600.0270643420517,'(0.614608943462 + (0.360158771276 * ((((1.388277292252 * x6) - (((-0.818895578384) * x5) - (1.012290000916 * x5))) + ((1.388277292252 * x4) - (((-0.819607675076) * x5) - 3.296932220459))) + (((1.388277292252 * x6) - ((0.693147182465 * x5) + 5.003535747528)) + ((1.388277292252 * x4) - ((-0.818905472755) * x5))))))',7.570623196568681e-10,6.182054868020259e-10,189701500,409,26,58,12,4096,paper,6,0,3533734220
3600.0279143862426,'((-0.004092623945) + (0.343155056238 * ((((((-0.002210108796) * x4) + (0.257030785084 * x6)) + (2.201991558075 * x5)) - (sin((0.011144531891 * x4)) / ((-1.028138637543) * x4))) + (((2.546880483627 * x4) + ((0.011144531891 * x4) + (1.577094912529 * x6))) + (((0.358350157738 * x4) + (1.080012679100 * x6)) + (0.712139248848 * x5))))))',5.098304275586479e-09,5.1262882827529666e-09,124601530,409,25,58,12,4096,paper,6,0,1728356533
3600.029416255653,'((-7.990381240845) + (0.121088504791 * (((((1.281160354614 * x6) - (((-5.467329978943) * x5) / (1.282748341560 * x4))) + (67.431106567383 * 66.877799987793)) ^ sin(40.319694519043)) + ((((1.281160354614 * x6) - ((-1.282450675964) * x5)) + (1.282748341560 * x4)) / sin(sin(40.684131622314))))))',1.5004396995027263e-06,1.4702652606501943e-06,150694996,409,29,58,12,4096,paper,6,0,1934709049
3600.029857557267,'((-0.484822034836) + ((-0.360244035721) * ((((((-1.420324206352) * x4) - exp(sqrt(sin((((-0.544213116169) * ((-0.004468441010) * x5)) ^ 2))))) - (1.535384178162 * x5)) - (((1.097723007202 * x3) / (4.946959495544 * x6)) + (1.388718843460 * x6))) + ((((-1.355608582497) * x4) - (1.746609330177 * (0.707106769085 * x5))) - (((0.652518749237 * x5) / (2.741175174713 * x3)) + (1.388718843460 * x6))))))',2.9452301587493008e-05,2.9443513994920067e-05,162346664,409,27,58,12,4096,paper,6,0,2342600226
3600.043304897845,'((-0.000026047706) + ((-0.313287913799) * (((-3.191953182220) * x4) + (((-3.191952943802) * x6) - (3.191951274872 * x5)))))',1.6499225981372857e-10,4.0946079860049167e-10,378848545,409,0,58,12,8192,paper,4,0,3324115916
3600.041568327695,'(0.000014010465 + (1.406109809875 * ((0.711181700230 * x5) - (((-0.711182177067) * x4) + ((-0.711182177067) * x6)))))',4.377963961844159e-10,7.185635420015046e-10,376291181,409,3,58,12,8192,paper,4,0,1859786275
3600.0276191942394,'((-0.232354611158) + (0.237447887659 * ((((1.495066642761 * x6) - (((-2.954938411713) * x4) / ((-0.994368970394) * x8))) - ((-1.695531845093) * x4)) - (((((-0.870536506176) * x4) - exp(((0.146293282509 * x4) / ((-2.395236968994) * x6)))) + (((-1.357638239861) * x6) - (2.290422916412 * x5))) + (((-1.645921468735) * x4) + (((-1.358577013016) * x6) - (1.921039819717 * x5)))))))',3.4699615782720666e-07,3.4361789857939584e-07,196575176,409,24,58,12,4096,paper,6,0,2765379632
3600.0334033742547,'((-0.658566296101) + (0.519595086575 * (((((0.318309873343 * x6) / 0.312005400658) - (log(((0.033294193447 * x5) + exp((((-2.650223970413) - ((-0.451851993799) * x4)) ^ (0.707106769085 ^ (0.022066768259 * x5)))))) / ((-0.389978230000) * x4))) - (((log(0.288149446249) * log(0.324331671000)) / (1.114676356316 ^ 2)) * (((-2.572330951691) * x5) - (1.032855987549 * x4)))) + (sqrt((0.022066768259 * x5)) + ((0.761770069599 * x4) + ((0.904400229454 * x6) + ((-0.981301963329) * x5)))))))',3.533851088451624e-05,3.530365211190656e-05,106212786,409,28,58,12,4096,paper,6,0,1904449481
3600.0447597801685,'(54.257701873779 + ((-0.967221975327) * (((1.792744159698 / 0.031958263367) + ((-1.033888816833) * x6)) + (((-1.033888816833) * x5) + ((-1.033888816833) * x4)))))',5.067536959709693e-11,3.3720298775463675e-10,300891246,409,4,58,12,8192,paper,4,0,3687649985
3600.044361781329,'((-0.000210403668) + (1.322779893875 * (((0.755989551544 * x4) - ((-0.445501923561) * x6)) - (((-0.310481965542) * x6) + ((-0.755982100964) * x5)))))',1.8955103788830815e-08,1.9132256667830916e-08,332808517,409,9,58,12,8192,paper,4,0,2261209995
3600.0449579134583,'((-0.000030587453) + (0.982634484768 * (((1.017671942711 * x5) - ((-1.017672896385) * x6)) - ((-1.017672896385) * x4))))',5.082990132521706e-10,1.4009982063356574e-09,373294420,409,5,58,12,8192,paper,4,0,369133708
3600.0442027039826,'((-0.000015420759) + (0.367879450321 * (((2.718281745911 * x6) + (2.718281745911 * x5)) + (2.718281745911 * x4))))',2.920575943522138e-10,5.058045093875307e-10,375593919,409,14,58,12,8192,paper,4,0,3376120482
3600.045485109091,'((-0.000021319045) + (1.572365641594 * (((0.635984480381 * x5) + ((0.000016745180 * x6) * 0.163006737828)) - (((-0.635981678963) * x6) - (0.635984480381 * x4)))))',1.4113656187497882e-10,1.4812846504952404e-09,258903445,409,1,58,12,8192,paper,4,0,2811363264
3600.0436104275286,'(0.000010449439 + (0.830893993378 * ((1.203522920609 * x6) + ((1.203522920609 * x4) + (1.203522920609 * x5)))))',9.609841368768544e-12,3.693175765207002e-10,359472277,409,21,58,12,8192,paper,4,0,784044718
3600.0449514724314,'(0.000065267792 + ((-0.586160540581) * ((((-1.706017732620) * x4) - (1.482177853584 * x6)) + (((-1.706017732620) * x5) + ((-0.223837956786) * x6)))))',1.0186780867549486e-09,1.6137572389496313e-09,334255077,409,20,58,12,8192,paper,4,0,1592565386
3600.049233790487,'((-0.000028325556) + ((-0.693147242069) * ((((-0.933850347996) * x4) + ((-0.508844852448) * x4)) - ((1.442695021629 * x6) + (1.442695021629 * x5)))))',7.013374621100979e-11,3.8938918756059593e-10,325327303,409,8,58,12,8192,paper,4,0,404488628
3600.0452061742544,'(0.000069700145 + (0.707103252411 * (((1.414222002029 * x5) + (1.414220452309 * x6)) - ((-1.414216995239) * x4))))',3.1523747573944973e-09,3.2154714446619437e-09,377406750,409,7,58,12,8192,paper,4,0,865305066
3600.0434721186757,'(0.000025030482 + (0.817481219769 * ((1.223269581795 * x5) + ((1.223269581795 * x4) + (1.223269581795 * x6)))))',7.081316266945281e-11,1.2845828845087226e-09,368818239,409,22,58,12,8192,paper,4,0,3980425317
3600.0483941808343,'((-0.000010457968) + (0.811186730862 * ((1.232761502266 * x6) - (((-1.232761979103) * x5) + ((-1.232761979103) * x4)))))',3.4450607768859215e-10,5.74047975820946e-10,365546527,409,16,58,12,8192,paper,4,0,550243861
3600.0440731942654,'(0.000024584775 + (0.874200284481 * (((0.318247646093 * x6) + (1.143902420998 * x5)) + ((1.143902420998 * x4) - ((-0.825654983521) * x6)))))',1.3217879112965282e-10,2.689595490767971e-10,333501470,409,10,58,12,8192,paper,4,0,4190266092
3600.046187646687,'((-0.000029907931) + ((-0.926106393337) * ((((-1.079789876938) * x6) + ((-1.079789519310) * x5)) - (1.079789638519 * x4))))',3.952191983804337e-10,5.379190981535942e-10,371037497,409,12,58,12,8192,paper,4,0,3269070126
3600.048142079264,'(0.000021027779 + ((-4.012848377228) * (((-0.249199539423) * x5) + (((-0.249199539423) * x6) + ((-0.249199539423) * x4)))))',1.3591836592919854e-10,4.977758760738027e-10,352380009,409,17,58,12,8192,paper,4,0,3606691181
3600.044372510165,'(0.000020456684 + (0.746444046497 * (((1.339685082436 * x4) - ((-1.340878486633) * x6)) + ((1.339685082436 * x5) - (0.001193562988 * x6)))))',1.7300349805852837e-10,3.5326028213766847e-10,337102457,409,26,58,12,8192,paper,4,0,3533734220
3600.0494950041175,'(45.811824798584 + ((-0.800025701523) * ((((-1.102199196815) / (-0.019248036668)) - (1.249959826469 * x6)) - ((1.249959826469 * x5) + (1.249959826469 * x4)))))',1.7630336363030386e-11,2.2480199646235377e-10,296118701,409,15,58,12,8192,paper,4,0,2204291346
3600.048414643854,'((-0.000083638573) + (1.037153005600 * (((0.964177846909 * x5) - ((-0.964178323746) * x4)) - ((-0.964178323746) * x6))))',4.334082888819942e-10,5.459477314673222e-10,361608522,409,19,58,12,8192,paper,4,0,2148995112
3600.043933413923,'(0.000033941826 + ((-0.914608001709) * ((((-1.093364357948) * x5) - (1.093364477158 * x4)) - (1.093364477158 * x6))))',2.6958203418372476e-10,7.747640307087522e-10,377705582,409,28,58,12,8192,paper,4,0,1904449481
3600.0471462234855,'(0.000082875740 + (0.770200252533 * (((1.298364162445 * x5) - ((-1.298362731934) * x6)) - ((-1.298362731934) * x4))))',7.634273754160094e-10,9.032223302618547e-10,351260414,409,2,58,12,8192,paper,4,0,1884968544
3600.0511732064188,'((-0.000012248003) + (0.707106888294 * ((1.414213538170 * x5) + ((1.414212942123 * x4) + (1.414213538170 * x6)))))',1.4239445063852068e-10,3.8136052649129226e-10,364130852,409,29,58,12,8192,paper,4,0,1934709049
3600.058328561485,'((-0.000073021743) + ((-1.664747238159) * (((-0.600691437721) * x5) + (((-0.600691437721) * x6) - (0.600694060326 * x4)))))',5.262633277055803e-09,5.531735070007926e-09,371906144,409,25,58,12,8192,paper,4,0,1728356533
3600.0559001117945,'(0.000004999333 + (0.693147242069 * ((1.442695021629 * x5) + ((1.442695021629 * x6) + (1.442695021629 * x4)))))',8.10037059799273e-10,8.992079858494151e-10,370929047,409,13,58,12,8192,paper,4,0,3081541439
3600.0562135130167,'((-13.402575492859) + (0.707106769085 * ((((1.414213538170 * x4) + sqrt(((-0.508282959461) ^ 2))) + (1.414213538170 * x6)) + ((3.543865203857 ^ 2) + ((1.414213538170 * x5) + (2.426283836365 ^ 2))))))',1.187959694177453e-11,3.97417820874324e-10,206625406,409,10,58,12,8192,paper,6,0,4190266092
3600.0606096461415,'(0.000054816697 + (0.800601720810 * (((1.249060630798 * x5) - ((-0.649959743023) * x6)) + ((1.249060630798 * x4) - ((-0.599100291729) * x6)))))',4.3757583907372897e-10,5.258761204274265e-10,331639143,409,11,58,12,8192,paper,4,0,3160032368
3600.0557258948684,'((-0.000067166904) + ((-0.513351261616) * ((((-1.947986602783) * x4) - (1.630177140236 * x5)) - ((0.317806154490 * x5) + (1.947984457016 * x6)))))',7.249656575694384e-10,1.0156233631875011e-09,335867741,409,27,58,12,8192,paper,4,0,2342600226
3600.060302719474,'(2.809457778931 + (0.601591706276 * ((((0.506777286530 * x6) + (0.633946418762 + (1.662258863449 * x5))) + (0.531095147133 * x4)) + ((exp((((-3.499199390411) + log((0.531095147133 * x4))) + ((-3.516733169556) * 1.416118144989))) + (0.826220452785 * x6)) + ((0.329256832600 * x6) + ((-5.303812980652) - ((-1.131050109863) * x4)))))))',3.351878805276618e-09,3.917977942080597e-09,156396600,409,4,58,12,8192,paper,6,0,3687649985
3600.04972486943,'(122.111282348633 + (0.876054584980 * (((((-0.043204691261) * x4) / ((-14.758567810059) + (-14.176188468933))) - ((((-1.141481399536) * x5) + (0.760553359985 ^ (-18.038352966309))) + ((-1.141481399536) * x6))) - ((-1.139988183975) * x4))))',1.2394433158559785e-11,1.846587882603501e-10,191227088,409,16,58,12,8192,paper,6,0,550243861
3600.0469523631036,'((-0.000004058758) + (1.442694902420 * ((0.693147182465 * x5) + ((0.693147182465 * x4) + (0.693147182465 * x6)))))',1.0677973744815637e-09,8.430074971421675e-10,374019814,409,6,58,12,8192,paper,4,0,2995172877
3600.0498317964375,'(0.000086555854 + (2.356484889984 * (((0.424361079931 * x6) + (0.424361079931 * x5)) - ((0.736226677895 * x4) / ((-0.626881182194) - 1.108033537865)))))',5.368608655697838e-09,4.97374408325868e-09,299410218,409,24,58,12,8192,paper,4,0,2765379632
3600.0307245105505,'((-4.770811557770) + (1.351444125175 * (((((0.050779588521 * x5) - ((-0.754624426365) * x3)) - (((-0.708451688290) * x2) + cos(((-0.216714531183) * x7)))) - (((-1.068129777908) * x1) + cos((0.195934712887 * x7)))) + ((sin(((-2.004169225693) * x1)) + sin(exp((sqrt((cos(((0.030803374946 * x7) * (log((0.030240060762 * x11)) + (0.030803374946 * x7)))) ^ 2)) ^ 2)))) * (sqrt((3.152759075165 * x5)) ^ sin((0.030240060762 * x7)))))))',3.7788330252916404,3.778935194015503,111413510,409,23,58,12,4096,paper,6,0,3356806661
3600.069062385708,'(138.914398193359 + (1.357763767242 * ((((0.736504971981 * x6) + (0.736504971981 * x4)) + (((0.920563340187 * x5) / 1.256044745445) - (9.557402610779 * 10.647866249084))) + ((((0.920563340187 * x5) / 1.256044745445) - (10.427727699280 * 10.647866249084)) / ((9.558537483215 * 10.647866249084) + (9.567930221558 * 10.647866249084))))))',9.122342162009627e-11,2.3283064365386963e-10,146804010,409,9,58,12,8192,paper,6,0,2261209995
3600.0488463006914,'(90.693069458008 + (2.302585124969 * ((((0.434294492006 * x6) + (0.434294492006 * x5)) + (0.434294492006 * x4)) + log(sqrt((exp(((-1.369910359383) * x8)) ^ 0.887875974178))))))',inf,5.298904093287149e-10,204515000,409,19,58,12,8192,paper,6,0,2148995112
3600.06024331972,'((-0.034084867686) + ((-0.412734389305) * ((((((-1.384725451469) * x6) - ((0.318309873343 * x4) - ((-2.422055959702) * x5))) + (((-0.547931969166) * x5) / (16.114345550537 * x4))) - ((((-0.007821298204) * x4) - ((-1.038359403610) * x6)) + (((-0.007821298204) * x4) + (1.495847940445 * x4)))) + ((-0.422978520393) * ((1.495847940445 * x4) + (((-0.008379761130) * x4) + ((-0.008379761130) * x4)))))))',2.1581324163941043e-05,2.152730849047657e-05,160759588,409,11,58,12,8192,paper,6,0,3160032368
3600.065786000341,'((-0.016160430387) + (5.785333633423 * ((((((-0.078656300902) * x6) + ((-0.125331848860) * x5)) * 0.414061009884) * sin(0.124629229307)) + (((0.172851383686 * x4) + (0.017277520150 / ((((1.374873638153 * 1.231581807137) ^ 2) ^ 2) + (0.704537034035 + (log((0.432182490826 * x6)) * (-0.912557244301)))))) - (((-0.054013498127) * x5) + (((-0.176895439625) * x6) + ((-0.125288277864) * x5)))))))',2.0712580634102976e-08,2.2299555979543584e-08,180733172,409,12,58,12,8192,paper,6,0,3269070126
3600.065955929458,'((-1.576442599297) + (0.691261410713 * (((sqrt((0.226396039128 * x4)) + (1.442695021629 * x6)) + (((0.707930803299 * x4) - ((-0.766678214073) * x5)) + ((0.713443398476 * x4) - ((-0.682135641575) * x5)))) + (((((-0.697772860527) * x5) - (((2.650780677795 * x0) + ((0.636505723000 * x4) / (1.772453904152 * x0))) * log(0.013950199820))) + (1.447485923767 * x6)) / (sqrt((0.707106769085 * x7)) + ((2.843387603760 * x4) + (4.749579906464 * x4)))))))',0.00033043095236981896,0.00033049442572519183,137044650,409,0,58,12,8192,paper,6,0,3324115916
3600.0746619328856,'((-0.000209274236) + (0.763226687908 * ((((0.327557563782 * x6) + ((0.327557563782 * x4) + (0.318451553583 * x5))) + (((0.327557563782 * x6) + log(cos((((0.001351182349 * x7) / ((-0.306715607643) * x5)) / exp((0.001351182349 * x7)))))) + ((0.327557563782 * x6) + (0.354127466679 * x5)))) + (((0.327557563782 * x4) + ((0.327557563782 * x4) + (0.318822085857 * x5))) + ((0.327557563782 * x4) + ((0.327557563782 * x6) + (0.318822085857 * x5)))))))',1.2964393175802716e-08,1.3303461443570086e-08,141866409,409,3,58,12,8192,paper,6,0,1859786275
3600.038464039564,'((-56.031848907471) + (1.167902231216 * ((((-0.641970396042) / (-0.013380941004)) + (0.856236338615 * x6)) - (((-0.856235802174) * x5) - (0.856236338615 * x4)))))',4.3289381988629203e-10,1.9469459378029796e-09,280517179,409,18,58,12,8192,paper,4,0,1934392872
3600.0724266022444,'((-2.564735889435) + (0.563750088215 * (((((1.378400921822 * x5) + (1.772453904152 * x6)) + ((1.293031096458 * x4) ^ ((-0.000818786852) * x0))) + sqrt((4.757185935974 + (0.332945406437 * x4)))) + (((exp((((-0.000896869344) * x5) + 1.442695021629)) / (0.332945406437 * x4)) + ((0.395813196898 * x5) + (1.414213538170 * x4))) + (((0.180332928896 * x6) / (2.696500062943 * x4)) + ((((0.641764104366 * x3) / (0.434294492006 * x9)) * cos((0.153800964355 * x10))) + (0.332945406437 * x4)))))))',5.5281850068093805e-05,5.52790479559917e-05,145531046,409,8,58,12,8192,paper,6,0,404488628
3600.05803643167,'((-1.297062516212) + (0.854337096214 * (((0.083337850869 ^ 0.064439691603) ^ (((13.802507400513 * x4) ^ 0.420540690422) + exp(1.086536169052))) + (((0.583427608013 * x4) + ((1.170498251915 * x6) + (1.170498251915 * x5))) + (((16.808835983276 * x4) ^ 0.060445792973) + (0.586367905140 * x4))))))',1.5622095694116682e-07,1.5600456038100674e-07,100289027,409,2,58,12,8192,paper,6,0,1884968544
3600.0642376206815,'(2.134196281433 + ((-0.702896595001) * ((((-1.418510198593) * x3) - exp((cos(sqrt(sqrt((sqrt(((exp(cos((1.713986515999 * x1))) * 2.716344594955) ^ 2)) + (exp(((-0.114467479289) * x7)) * 4.066580772400))))) * (4.155805587769 + 4.155805587769)))) - ((1.414213538170 * x2) + cos((3.244721174240 - (6.283185482025 * x7)))))))',1.8066257245676927,1.8066153526306152,150863361,409,23,58,12,8192,paper,4,0,3356806661
3600.0589672140777,'(0.145796298981 + ((-1.337988257408) * (((((1.596704602242 * x2) * ((-0.009873149917) * x4)) / (0.021122032776 * x2)) - (((0.071493715048 * x5) / ((-1.395561099052) * x8)) + ((0.747388780117 * x6) + (0.820328533649 * x5)))) + (((0.071493715048 * x5) * ((0.707106769085 * x5) + 0.948954582214)) / (((0.693147182465 * x5) - 0.109553895891) - ((-0.009873149917) * x4))))))',1.4298738915793708e-08,1.4182597318779244e-08,157202961,409,17,58,12,8192,paper,6,0,3606691181
3600.0769584700465,'((-0.647927343845) + ((-0.663444101810) * (((((-0.754562318325) * x5) - cos((log((0.726795673370 ^ ((0.797323405743 * x2) ^ (((-0.510296046734) * x4) / (3.078286647797 * x5))))) - (((((-0.751138269901) * x5) - ((-0.752905070782) * x5)) ^ 2) ^ 2)))) + ((-0.741619050503) * x4)) + (((((-0.752905070782) * x5) - (1.522222518921 * x6)) + ((-0.765374124050) * x4)) + (0.014967560768 * x6)))))',7.5500643697158e-07,7.485585342692502e-07,133184996,409,7,58,12,8192,paper,6,0,865305066
3600.051849640906,'((-0.000051868905) + (0.558056175709 * ((1.791934013367 * x4) + ((((1.791934013367 * x5) + (0.853982686996 * x6)) + ((0.162594616413 * x6) - (0.162500366569 * x6))) + (((0.162594616413 * x6) - (0.318309873343 * x6)) + (1.093573331833 * x6))))))',6.805172610506548e-10,4.576326539940112e-10,212808411,409,28,58,12,8192,paper,6,0,1904449481
3600.071586713195,'(4.010292530060 + (0.520947217941 * (((((sin((57.672275543213 / (0.560577511787 * x4))) / ((0.327175199986 * x4) - ((1.839504003525 * x6) / ((-0.270906239748) * x5)))) + (0.693147182465 * x6)) + (0.560577511787 * x4)) - (((-1.919483780861) * x5) - ((1.219989895821 * x6) + (1.364799380302 * x4)))) - sqrt(((53.789459228516 + ((-0.091596901417) * x6)) + sqrt((1.849825382233 * x4)))))))',1.2207015962236455e-05,1.2170370609965175e-05,145892062,409,5,58,12,8192,paper,6,0,369133708
3600.054714590311,'((-0.198406726122) + (0.821820139885 * (((((0.922856032848 * x4) - (-0.241395637393)) - (((1.017104983330 * x4) * ((-0.010321542621) ^ 2)) / (-0.517802655697))) - ((-0.943362891674) * x5)) + ((0.318301260471 * ((0.922856032848 * x4) - ((-0.859086632729) * x5))) + (1.216811418533 * x6)))))',9.049647860688915e-11,4.4960399292470754e-10,173057577,409,26,58,12,8192,paper,6,0,3533734220
3600.068150602281,'((-0.156175822020) + (0.884282588959 * (((((1.123705029488 * x5) + (1.135065674782 * x4)) + (1.131383419037 * x6)) - ((-1.055229902267) * x5)) - (((((-0.916093051434) * x5) + (1.438469767570 * x4)) / ((2.347151994705 * x3) - ((-0.489558577538) * x5))) - (((1.008470296860 * x5) * (-1.041473269463)) - ((sin(((0.886540591717 * x2) / (1.362595438957 * x4))) / ((-0.363080173731) * x5)) - (((0.895072162151 * x2) ^ (-0.331920981407)) ^ 2)))))))',0.0001073714559615653,0.00010725099855335429,124793411,409,6,58,12,8192,paper,6,0,2995172877
3600.065014410764,'((-16.993612289429) + (1.605008721352 * (((((((0.914421558380 * x4) ^ 2) ^ (0.002562463284 * x6)) - ((-6.465408802032) * x4)) / (((-0.246538102627) * x4) * ((-0.126627445221) * x6))) - ((-0.311694443226) * x4)) + (sqrt((1.647629022598 * x6)) + (((0.579030394554 * x6) - ((-0.623078525066) * x5)) - ((-0.311694443226) * x4))))))',0.0005788145711561289,0.0005787701811641455,160778919,409,22,58,12,8192,paper,6,0,3980425317
3600.0599806644022,'(0.343914270401 + (0.344297677279 * (((((1.442708492279 * x5) / 0.986972332001) + (1.423678636551 * x6)) + (1.490262150764 * x4)) + ((((1.442708492279 * x5) - sqrt((sqrt((cos((((1.372476577759 * x4) ^ (-0.435907304287)) ^ 2)) ^ 2)) ^ 2))) + (1.480787873268 * x6)) + (1.414213538170 * x4)))))',4.019603855058359e-09,4.9898014609084385e-09,183213799,409,1,58,12,8192,paper,6,0,2811363264
3600.0693445652723,'(0.000531396770 + (0.212989389896 * (((((0.648223876953 * x6) - ((-0.717021346092) * x4)) + (((-0.340755939484) * x5) / (-0.523781597614))) / 0.152719974518) + ((((2.479000329971 * x5) / ((-0.834894895554) * x10)) + (((-3.193585634232) * x4) / ((-0.810705363750) * x10))) + ((((7.582069873810 ^ 2) - ((0.434294492006 * x5) - (8.418045043945 - (0.450526773930 * x6)))) / ((-0.545505702496) * x10)) + ((0.435221195221 * x5) + (0.450526773930 * x6)))))))',1.2581562362266854e-08,1.2251708980670628e-08,144586491,409,21,58,12,8192,paper,6,0,784044718
3600.077321346849,'(0.002226301469 + ((-0.784274697304) * (((((-1.256735086441) * x4) - ((-5.811977863312) / ((-0.125951677561) * x8))) - ((0.434294492006 / ((-1.523931741714) * x6)) - (((-0.979713559151) * x4) / (0.636715233326 / ((2.738877534866 * (0.035858377814 ^ 2)) / 0.295098215342))))) - (((1.679517507553 * x5) - ((-1.275045394897) * x6)) + (((-0.404450178146) * x5) - (((-0.979713559151) * x4) / ((-0.843480408192) * x8)))))))',5.437090679368421e-08,5.273614078760147e-08,100710308,409,14,58,12,8192,paper,6,0,3376120482
3600.0630740635097,'((-0.215445712209) + ((-0.910093367100) * ((((((-0.465493172407) * x2) / (1.614834070206 * x0)) - ((1.772453904152 * x4) + ((-7.413962841034) * x1))) / ((((-1.373456120491) * x6) + ((-0.841521084309) * x5)) + (0.891868472099 * x4))) + ((((4.141167163849 * x0) + ((-0.679268777370) * x5)) / ((2.120206356049 * x4) + (5.530420303345 * x1))) + ((((-0.818915069103) * x5) - (1.116523265839 * x4)) + (((-1.098012804985) * x6) + ((-0.273553639650) * x5)))))))',0.0022672880487648794,0.0022669592872262,144240877,409,23,58,12,8192,paper,6,0,3356806661
3600.047178246081,'((-0.006881830283) + ((-0.731079041958) * ((((((-1.368004798889) * x4) - (0.129359960556 * x6)) - (((-0.021146178246) * x5) / ((-5.126046657562) * x4))) - (1.238494515419 * x6)) - (1.367750406265 * x5))))',8.418485922754366e-07,8.275483764919045e-07,250773408,409,27,58,12,8192,paper,6,0,2342600226
3600.071217376739,'((-0.092704154551) + (1.107013225555 * (((((0.380828171968 * x10) ^ (-0.009822586551)) + (log(sqrt(((cos(sin((sin((0.409001499414 * x0)) ^ (0.002622812986 * x5)))) * ((0.853151261806 * x6) + (0.918559193611 * x4))) ^ (-0.470350712538)))) + (0.908234417439 * x4))) + (0.318309873343 * x5)) + (((0.904894113541 * x6) + (0.583023071289 * x5)) + (((0.551024973392 * x5) + ((-0.962830662727) * x4)) / (2.389484167099 * x3))))))',0.00014838314736020843,0.00014813871530350298,105257268,409,20,58,12,8192,paper,6,0,1592565386
3600.079101178795,'((-0.000011008950) + (0.961026489735 * (((1.040554165840 * x5) - (0.131378352642 * x4)) + ((1.171931862831 * x4) - ((-1.040554285049) * x6)))))',2.49106371276613e-10,5.379190981535942e-10,300071030,409,0,58,12,16384,paper,4,0,3324115916
3600.0776704996824,'((-0.741559982300) + (0.881500899792 * (((0.863901495934 * x4) + (sin(sqrt(exp(((((exp(((2.731041669846 * x4) ^ (-0.638533234596))) + (((0.057775251567 * x5) ^ 2) / ((-0.928168416023) * x5))) - 0.109817922115) / 2.446341991425) - 0.377884864807)))) + (1.134411811829 * x6))) - ((((1.298354864120 / (3.516558647156 * x6)) + ((-1.134839653969) * x5)) + ((-0.094459034503) * x4)) + ((((-0.094183862209) * x4) - (0.871189773083 * x4)) * 0.182444497943)))))',1.8342571735645483e-07,1.8371943610873132e-07,140096221,409,13,58,12,8192,paper,6,0,3081541439
3600.0649821832776,'(0.440602868795 + (0.276304960251 * (((((1.895695924759 * x6) + (2.050209045410 * x4)) - ((-1.510521650314) * x5)) + (((0.856798887253 * x6) + (0.784826517105 * x4)) - ((-1.054326653481) * x5))) + (((0.866706192493 * x6) + (0.784242272377 * x4)) - (1.464648485184 + (((0.318309873343 + ((0.000117555261 * x4) + (((-0.008044719696) * x5) / (3.277209758759 * x6)))) ^ 1.772453904152) + ((-1.054326653481) * x5)))))))',2.172847594397759e-09,2.059346915217475e-09,133439454,409,29,58,12,8192,paper,6,0,1934709049
3600.0711047649384,'((-0.324467569590) + ((-0.616628527641) * (((((sin(((0.854493498802 * x4) / (0.608093202114 * x3))) ^ (0.527215957642 * x5)) + (0.621780812740 ^ (((0.313537478447 * x5) / (1.110537290573 * x6)) ^ 0.621780812740))) - (0.854493498802 * x4)) - ((0.854493498802 * x4) - ((0.933297276497 * x4) + (cos(log((0.318309873343 * x6))) * 0.403583467007)))) - ((((0.149995863438 * x4) ^ (-0.187663823366)) + (0.608093202114 * x6)) + (((1.620836496353 * x5) - ((-1.015989065170) * x6)) + (0.848346352577 * x4))))))',3.611820047449745e-05,3.605272650020197e-05,84272573,409,15,58,12,8192,paper,6,0,2204291346
3600.0688192658126,'((-0.000009382643) + ((-0.381595343351) * (((-2.620576858521) * x4) - ((2.620577812195 * x6) - ((-2.620576858521) * x5)))))',4.770712444469692e-10,7.185635420015046e-10,326251064,409,7,58,12,16384,paper,4,0,865305066
3600.074762377888,'((-0.033444497734) + (0.405336350203 * (((1.210821986198 * x6) + (((6.288730621338 * x1) / (0.103693857789 * x10)) + (2.467030525208 * x4))) + ((((0.107615470886 * x5) + (cos(sin(((1.455272793770 * x6) ^ 2))) * log(((2.467030525208 * x4) / (5.795553207397 * x0))))) / ((1.210821986198 * x6) + (4.674375057220 * x1))) + ((1.256773114204 * x6) + ((2.466528415680 * x5) + (((-1.312177300453) * (0.015085706487 ^ 2)) / (((-0.458629459143) * x0) * cos(((0.103693857789 * x10) * sin(1.591620802879)))))))))))',1.6746555839823509e-06,1.68734379712987e-06,130788832,409,25,58,12,8192,paper,6,0,1728356533
3600.082585029304,'(0.000001349936 + (1.056919455528 * (((0.946145832539 * x5) - ((-0.946145892143) * x4)) - ((-0.946145892143) * x6))))',3.730687923211712e-11,5.379190981535942e-10,311943800,409,3,58,12,16384,paper,4,0,1859786275
3600.0840369984508,'((-0.000036707501) + ((-1.884043931961) * ((((-0.530773520470) * x6) - (0.530772984028 * x4)) - (0.530772984028 * x5))))',7.269368598462492e-10,1.6458717722045435e-09,310970391,409,1,58,12,16384,paper,4,0,2811363264
3600.0666890069842,'((-0.250346422195) + (0.393887817860 * ((((1.571275711060 * x5) + ((2.541103839874 * x4) - ((-2.412398338318) * x6))) - ((((-1.360402822495) * x5) * 0.711204767227) + ((0.037030875683 * x6) * (-0.555347025394)))) - ((((0.904023349285 * x4) - 28.696102142334) / (sqrt((((((-0.845342814922) * x8) + (14.231152534485 * x7)) / (-0.031535282731)) + ((1.075941085815 * x10) - (sin((18.996150970459 * x7)) * ((((-1.829509019852) * x8) + ((-2.194243669510) * x11)) + ((-3.007084846497) * x8)))))) - (2.833744525909 * x4))) - ((0.105771943927 * x6) + ((8.324834823608 * x4) ^ (-0.100999906659)))))))',2.1789404981729825e-06,2.1642370029439917e-06,118708106,409,24,58,12,8192,paper,6,0,2765379632
3600.0546566322446,'((-0.001797413453) + (0.648882627487 * ((((((1.018086552620 * x4) / ((-1.434368491173) * x8)) - ((-1.639466762543) * x5)) - ((-1.481098055840) * x6)) - ((0.098369479179 * x5) - (1.541151165962 * x4))) + ((sqrt(((0.098369479179 * x5) * (1.825808405876 / (1.018037557602 * x4)))) / sqrt((1.414213538170 * x8))) - ((-0.060016971081) * x6)))))',1.8650342848801454e-08,1.6972551364347055e-08,167764999,409,18,58,12,8192,paper,6,0,1934392872
3600.0668408088386,'(0.000009632798 + ((-0.483045727015) * ((((-2.070196628571) * x5) + ((-1.125071287155) * x6)) - ((2.070198774338 * x4) + (0.945126175880 * x6)))))',3.8335199927409513e-10,5.780622647222344e-10,297941240,409,9,58,12,16384,paper,4,0,2261209995
3600.098421882838,'((-0.000161257500) + (2.695703744888 * (((0.370965421200 * x5) - ((((-0.352361977100) * x6) - ((-0.582598209381) * x5)) / (2.817837953568 * x8))) + ((0.370965421200 * x4) - ((-0.370956391096) * x6)))))',6.449583229465508e-08,6.338613900425116e-08,259007979,409,4,58,12,16384,paper,4,0,3687649985
3600.0890935473144,'(3.699100017548 + (0.868945837021 * (((1.149388551712 * x5) - ((-1.150819540024) * x6)) - ((4.256978034973 - ((0.308293640614 * x5) / exp(exp(1.681282162666)))) + ((-1.150819540024) * x4)))))',6.419117733851021e-11,1.846587882603501e-10,239390970,409,5,58,12,16384,paper,4,0,369133708
3600.0891965180635,'(3.376148939133 + (1.367911934853 * (((-2.468097448349) - ((-0.731041193008) * x5)) - (((-0.731041193008) * x6) + ((-0.731041193008) * x4)))))',6.587557902572774e-12,3.010741100872849e-10,289485464,409,8,58,12,16384,paper,4,0,404488628
3600.0913786664605,'((-1.485850572586) + (1.765686392784 * (((0.566352009773 * x4) + sin((cos(0.110488630831) ^ (0.020410338417 * x6)))) + ((0.566352009773 * x5) - ((-0.566420078278) * x6)))))',1.6929929976185838e-10,7.787783751211919e-10,185546580,409,2,58,12,16384,paper,4,0,1884968544
3600.0854798667133,'((-0.000012766763) + (0.949075698853 * ((1.053656816483 * x6) + ((1.053656816483 * x5) + (1.053656816483 * x4)))))',1.5719915752139146e-10,2.8300966015137874e-09,315493684,409,6,58,12,16384,paper,4,0,2995172877
3600.0869883410633,'(0.000214698186 + ((-1.815893411636) * ((((-0.365633428097) * x6) + ((-0.550688207150) * x4)) - ((0.550694048405 * x5) - ((-0.185060009360) * x6)))))',2.4445370768677887e-08,2.4242487128844914e-08,290748641,409,10,58,12,16384,paper,4,0,4190266092
3600.08434298262,'(0.000041968589 + ((-0.877138614655) * (((-1.140071272850) * x4) + (((-1.140071272850) * x5) - (1.140069603920 * x6)))))',1.2985416018991881e-09,2.035261070787442e-09,316854559,409,13,58,12,16384,paper,4,0,3081541439
3600.093661110848,'((-0.000049738985) + (1.415409326553 * (((0.706509470940 * x5) + (0.706509470940 * x6)) - ((-0.706509828568) * x4))))',2.8152270537274323e-10,4.85732898347635e-10,320910206,409,14,58,12,16384,paper,4,0,3376120482
3600.0831481032073,'((-0.000016150276) + (0.801224887371 * ((1.248089075089 * x6) + ((1.248089075089 * x4) + (1.248089075089 * x5)))))',6.245057407847273e-11,7.747640307087522e-10,315879355,409,15,58,12,16384,paper,4,0,2204291346
3600.0993374176323,'(112.546981811523 + ((-0.607310712337) * ((((-1.646603584290) * x5) + ((((((-0.653391242027) ^ 2) * (0.988616406918 * 2.317002534866)) / exp((-1.196344256401))) / sin((0.177679136395 ^ 0.826159596443))) ^ 2)) + (((-1.646603584290) * x4) + ((-1.646603584290) * x6)))))',3.833673002265201e-11,2.448736213800373e-10,248779204,409,12,58,12,16384,paper,4,0,3269070126
3600.0881445631385,'(119.119010925293 + ((-0.862185716629) * ((((-1.159842967987) * x4) + ((-1.159842967987) * x6)) + ((((-2.780669450760) * x4) / ((-0.020126536489) * x4)) + ((-1.159842967987) * x5)))))',4.8385117600227106e-11,8.791363748095193e-10,272565118,409,17,58,12,16384,paper,4,0,3606691181
3600.07776453346,'((-0.000017097294) + (0.795601963997 * (((1.256910204887 * x4) - ((-1.026721596718) * x6)) + ((1.256910204887 * x5) - ((-0.230188235641) * x6)))))',2.6912264644727097e-10,7.105349086877766e-10,304344855,409,11,58,12,16384,paper,4,0,3160032368
3600.0800518877804,'(0.000027010097 + ((-0.693843305111) * ((((-1.441246986389) * x4) + ((-1.441246986389) * x6)) - (1.441248059273 * x5))))',6.766041328181414e-10,1.148095951641892e-09,309171137,409,16,58,12,16384,paper,4,0,550243861
3600.0759522877634,'(0.000023949726 + (0.955590486526 * ((1.046473860741 * x4) - (((-1.046473264694) * x5) + ((-1.046473264694) * x6)))))',5.995620603855415e-10,1.376912250883322e-09,314355491,409,19,58,12,16384,paper,4,0,2148995112
3600.071391619742,'(0.000043405282 + ((-0.892065405846) * ((((-1.120993733406) * x6) - (1.120993494987 * x4)) - (1.120994329453 * x5))))',2.5217210320707076e-10,1.5736140168698398e-09,328569633,409,18,58,12,16384,paper,4,0,1934392872
3600.095038190484,'((-0.000040305589) + (1.442695379257 * (((0.693147182465 * x6) + (0.693147182465 * x5)) - ((0.573778986931 * 1.231553912163) * ((-0.980905175209) * x4)))))',5.047388002020059e-10,9.43365496830495e-10,265513623,409,20,58,12,16384,paper,4,0,1592565386
3600.091348890215,'(0.483532905579 + (1.029559612274 * (((0.971289098263 * x4) + (0.971289098263 * x6)) + ((0.971289098263 * x5) + (-0.469659805298)))))',8.65005230153984e-12,3.5326028213766847e-10,275022931,409,21,58,12,16384,paper,4,0,784044718
3600.088737025857,'(0.000024615245 + (0.857435166836 * (((1.166268944740 * x4) - ((-1.166268706322) * x5)) + (1.166268944740 * x6))))',1.1796019423850075e-10,1.7301725607765661e-09,312263128,409,22,58,12,16384,paper,4,0,3980425317
3600.0965980254114,'((-0.000034756999) + (0.463055253029 * (((2.159568309784 * x5) + (1.317455172539 * x6)) + ((2.159568309784 * x4) + (0.842115938663 * x6)))))',1.2879150801994161e-09,1.1079527295621006e-09,276851529,409,23,58,12,16384,paper,4,0,3356806661
3600.0994885601103,'((-0.000005259471) + ((-1.099551200867) * ((((-0.909461975098) * x6) + ((-0.909461975098) * x5)) + ((-0.909462273121) * x4))))',2.3768717147555444e-10,5.218617760149868e-10,306027012,409,26,58,12,16384,paper,4,0,3533734220
3600.0977608561516,'(0.000033289911 + (0.675407052040 * ((1.480588436127 * x6) + ((1.480588436127 * x4) + (1.480588436127 * x5)))))',1.673965464784112e-10,3.291743544409087e-10,311904825,409,29,58,12,16384,paper,4,0,1934709049
3600.1119381822646,'(0.000048731861 + ((-0.584960937500) * ((((-1.709515094757) * x6) - (1.709516644478 * x5)) + ((-1.709515094757) * x4))))',5.796673985303954e-10,1.039709207617534e-09,299265003,409,27,58,12,16384,paper,4,0,2342600226
3600.106642957777,'(0.000088824614 + (1.471953511238 * (((0.679368555546 * x4) + (0.436704218388 * x5)) + ((0.679368555546 * x6) - ((-0.242665678263) * x5)))))',2.158564598346118e-09,2.5209938581127744e-09,272737220,409,24,58,12,16384,paper,4,0,2765379632
3600.1183992885053,'(0.000006786296 + (0.843049705029 * ((1.186169743538 * x4) + ((1.186169743538 * x6) - ((-1.186169743538) * x5)))))',5.303327980647324e-10,6.904632976478808e-10,310597924,409,28,58,12,16384,paper,4,0,1904449481
3600.1165397949517,'(0.000024585668 + (0.771048486233 * (((1.296935200691 * x5) + (1.296935200691 * x6)) - (((-0.368131875992) * x4) + ((-0.928803384304) * x4)))))',5.6708261627260566e-11,5.74047975820946e-10,286300160,409,25,58,12,16384,paper,4,0,1728356533
3600.1459048353136,'((-2.780112266541) + ((-0.455786585808) * ((((((-2.174314737320) * x6) + ((-1.294048190117) * x5)) + (((-1.551139235497) * x4) + ((-0.899963736534) * x5))) - sqrt((((-0.490865111351) * x6) * (-0.890705108643)))) - ((16.180189132690 / (((-0.125151231885) * x6) * (-0.896456658840))) + (0.642897427082 * x4)))))',0.00011859095179950817,0.000118539814138785,167683597,409,14,58,12,16384,paper,6,0,3376120482
3600.1476517021656,'(0.009982009418 + (0.572501718998 * (((((1.983575105667 * x4) + ((-0.244872182608) * x5)) + (2.302454710007 * x5)) - ((-2.093954324722) * x6)) - (((((-0.309830188751) * x5) + (0.608878076077 * x4)) / ((-2.593758106232) * x3)) - ((((-0.309830188751) * x5) + ((-0.238870441914) * x4)) + ((-0.347377717495) * x6))))))',2.2373602221433614e-05,2.2376325432560407e-05,177705678,409,10,58,12,16384,paper,6,0,4190266092
3600.1575810946524,'((-0.276913046837) + (0.396478414536 * (((((1.113456845284 * x6) + (1.128851294518 * x4)) - ((-0.659922778606) * x5)) + (((0.203106150031 * x6) + (1.366929650307 * x4)) ^ (-0.096410878003))) + ((((1.408882021904 * x6) + (1.394111990929 * x4)) - ((-1.862255334854) * x5)) - (((((-0.780079543591) * x0) - (-3.151993036270)) / (1.018116235733 * x9)) * (((-0.871105849743) * x1) ^ 2))))))',1.0318170092874914e-06,1.0222308901575161e-06,131310033,409,11,58,12,16384,paper,6,0,3160032368
3600.1574797667563,'((-3.110055923462) + ((-2.181111812592) * ((((0.009026463144 * (1.805609107018 * x4)) - (1.442285418510 * (0.318309873343 * x5))) + (((0.358286172152 * x5) + (-31.746683120728)) / ((75.724121093750 * x3) ^ 0.702929615974))) - ((0.458036720753 * x6) + ((0.474757730961 * x4) + ((90.097656250000 * x6) ^ 0.038238916546))))))',5.200645450439769e-05,5.198164581088349e-05,139978373,409,0,58,12,16384,paper,6,0,3324115916
3600.161866761744,'(0.000044013705 + (0.310484170914 * (((((0.498069286346 * x6) - ((-0.986815869808) * x5)) + ((-0.562633812428) * x5)) - ((-0.597067654133) * x4)) + ((((2.623691558838 * x4) + (2.811727523804 * x5)) - ((-3.156959533691) * x6)) - (((-0.014241417870) * ((-1.062585473061) * x5)) + (0.434247493744 * x6))))))',1.191042613471466e-08,1.2299881113619904e-08,173617775,409,7,58,12,16384,paper,6,0,865305066
3600.159857481718,'((-9.750454902649) + ((-0.707106828690) * ((((((-1.420692205429) * x6) - (1.414213538170 * x5)) + (((-1.069479227066) * x6) / (0.077559113503 * x6))) + ((((-0.012829917483) * x6) / 1.772453904152) / ((1.462080001831 * x6) / ((-0.012829917483) * x6)))) - ((((-0.012829917483) * x6) / 1.999899983406) + (1.414213538170 * x4)))))',3.462837086310379e-11,9.955517521476054e-10,163293989,409,5,58,12,16384,paper,6,0,369133708
3600.172564342618,'((-3.543023109436) + (0.574887871742 * (((((0.728688478470 * x4) * 1.386779069901) + ((0.756792783737 * x6) + (1.032379746437 * x5))) + (((1.407626152039 * x4) - (0.801106750965 * x5)) / (1.269247412682 * x8))) + (((1.235089778900 + (0.728911697865 * x4)) + ((0.327557563782 * x6) + (0.707106769085 * x5))) + (((0.327557563782 * x6) + 1.587947607040) + ((0.327557563782 * x6) + 3.340376377106))))))',1.808528353060804e-08,1.6663447510723017e-08,137756096,409,3,58,12,16384,paper,6,0,1859786275
3600.1583245918155,'((-0.457280218601) + (0.475499242544 * (((((1.051294565201 * x4) + (0.977870821953 * x6)) + (2.102360010147 * x5)) + (((0.018017852679 * x5) ^ 0.025310862809) ^ ((0.039763528854 * x5) ^ 0.522219598293))) + (((1.051649332047 * x4) + ((((-0.009883284569) * x4) ^ 2) / (0.902260124683 * x4))) + (1.125181078911 * x6)))))',1.4057918515140484e-08,1.3251274744163766e-08,111439032,409,13,58,12,16384,paper,6,0,3081541439
3600.176771555096,'(7.704404354095 + (1.169523477554 * ((((1.237933754921 / (-0.039499897510)) / (0.304076343775 * x6)) - ((((-0.854975104332) * x5) + ((-0.865108668804) * x6)) + ((0.434294492006 ^ exp((2.424961328506 - (2.666227340698 * x1)))) * 0.694572329521))) - (((-0.855052649975) * x4) + ((1.758552193642 * x6) ^ (1.036339044571 - 0.694572329521))))))',0.00022646977823073593,0.00022627523867413402,119727897,409,8,58,12,16384,paper,6,0,404488628
3600.1793336197734,'((-0.523561358452) + ((-0.522407948971) * ((((((-0.398221433163) * x6) - (0.557040095329 * x5)) - ((0.113530687988 * x6) + (0.287834644318 * x4))) - (((0.113530687988 * x6) + (0.805218338966 * x5)) + (0.287834644318 * x4))) + (((((-1.288940429688) * x6) - ((0.377367377281 * x4) ^ (0.008739658631 / (0.134330108762 * x6)))) - ((0.557040095329 * x5) + (1.353239774704 * x4))) + (((0.582033395767 * x5) + (1.682737588882 * x4)) * 0.008739658631)))))',8.2831510186803e-09,7.71954056233426e-09,118414189,409,1,58,12,16384,paper,6,0,2811363264
3600.1634737960994,'(0.000815316453 + ((-0.330776810646) * ((((((-1.005529761314) * x5) + ((-1.007742881775) * x4)) - (((-0.004090785980) * x4) / (0.692789554596 * x6))) - (1.005324840546 * x6)) + (((((-1.005894064903) * x5) + ((-1.007742881775) * x4)) - (1.008920431137 * x6)) + ((((-1.011768579483) * x5) + ((-1.007742881775) * x4)) - (1.008920431137 * x6))))))',1.5345449316980108e-08,1.8060431372646235e-08,167706270,409,22,58,12,16384,paper,6,0,3980425317
3600.1751715168357,'((-0.025235071778) + ((-0.614362180233) * ((((-0.973236024380) * x4) / (((0.077681891620 * x6) - (-36.842319488525)) - ((-37.449710845947) + (-30.026327133179)))) - (((0.742292523384 * x6) - (((-0.672469317913) * x4) - (0.715581119061 * x5))) - (((-0.946713507175) * x4) - ((0.885730266571 * x6) - ((-0.912130117416) * x5)))))))',2.8322684840415258e-06,2.8181059406051645e-06,167239581,409,17,58,12,16384,paper,6,0,3606691181
3600.1710177622736,'(0.000222617833 + (0.598928093910 * ((((((-0.115979000926) * x5) / (-1.196684241295)) + (1.669651985168 * x6)) - ((((-1.659951448441) * x4) - (1.563314557076 * x5)) - ((-0.669463753700) / ((-12.475275039673) * x2)))) - (((((-1.617874383926) * x4) - (1.565630078316 * x5)) - (((-1.075103759766) * x4) / (2.730878114700 * x5))) / ((((-8.250796318054) * x2) / ((-0.088636137545) * x2)) + (((-6.499419212341) * x2) / ((-0.088636137545) * x2)))))))',1.372199042124958e-08,1.2323966736005332e-08,138066675,409,25,58,12,16384,paper,6,0,1728356533
3600.1753315851092,'(3.461684942245 + (0.738966047764 * (((((0.492344141006 * x5) * 0.873101055622) - (4.685983181000 - ((0.004927158356 * x4) / (0.985381305218 * x6)))) - ((-0.539382159710) * x4)) + (((0.367453336716 * x6) + ((0.985800981522 * x6) + (0.923377573490 * x5))) - ((-0.813814878464) * x4)))))',3.513965242985271e-08,3.354768551844245e-08,178643570,409,19,58,12,16384,paper,6,0,2148995112
3600.1802625358105,'((-0.009179518558) + ((-1.260748982430) * ((((log(((sqrt(cos(((0.445081710815 * 0.410135895014) * log((3.068324327469 / (exp(log(sqrt((2.794183731079 * x5)))) - ((-0.214350849390) * x4))))))) ^ 2) ^ 2)) ^ 2) - (((-0.821132481098) * x5) / 2.848541975021)) - (0.793614864349 * x4)) - ((0.793173670769 * x6) + (((0.874802768230 * x4) * ((((0.793173670769 * x1) / ((-0.854360580444) * x10)) / 1.630177021027) * (1.442695021629 ^ ((-0.609919190407) * x1)))) - ((-1.081581473351) * x5))))))',4.929772212714492e-07,4.896107270724315e-07,113606091,409,12,58,12,16384,paper,6,0,3269070126
3600.1757939197123,'((-0.069772705436) + (1.487938523293 * (log(sin(((1.369655132294 * x6) ^ 0.162091657519))) + (((sin(exp(((((((0.602089405060 * x6) / (1.610543370247 * x5)) * (0.090180583298 * x6)) / 1.414213538170) ^ (-0.678657650948)) - (exp((exp(1.294460415840) / (0.089955583215 * x6))) ^ 2)))) / (0.559677839279 * x4)) - (((-0.672046482563) * x5) - (0.674699962139 * x6))) + ((0.366876810789 * x4) + (0.305329859257 * x4))))))',1.751703709711016e-06,1.7548886717122514e-06,113588823,409,9,58,12,16384,paper,6,0,2261209995
3600.1652016192675,'((-54990.738281250000) + (1.390804409981 * (exp((((0.283236294985 * x6) - ((-0.917471647263) * x4)) / (((-0.774261534214) * x4) + 15.327105522156))) - ((((0.745168089867 * x6) - (((14.100953102112 ^ 2) ^ 2) + 2.718281745911)) - ((-1.206478238106) * x5)) - (((1.925512671471 * x5) - ((-0.816245794296) * x6)) + ((0.648203074932 * x6) - ((-0.717131793499) * x4)))))))',6.454082194810667e-05,4.026011083624326e-05,163432136,409,21,58,12,16384,paper,6,0,784044718
3600.1753841415048,'(0.277215719223 + (1.442694783211 * ((((0.693147182465 * x6) + ((0.693147182465 * x4) + (0.693147182465 * x5))) + ((0.270615309477 * ((-0.984195709229) * x4)) / ((0.693147182465 * x4) + (0.693147182465 * x4)))) + ((((0.857475936413 * x5) + (0.857475936413 * x5)) - ((0.649411618710 * x6) + (0.770180344582 * x5))) / ((1.093451142311 * x9) * (6.283185482025 * x6))))))',3.5832937304589856e-10,1.0878811185222048e-09,137215952,409,27,58,12,16384,paper,6,0,2342600226
3600.192531451583,'(0.002986119827 + ((-0.385223716497) * (((((-0.510617792606) * (2.081373453140 * x6)) - ((0.900489032269 * x4) - ((-1.317550778389) * x5))) + ((((-1.533087372780) * x6) - sin(log(exp(log(cos(sqrt((((-0.510617792606) / (0.913890123367 * x4)) / ((2.103170871735 * x3) / ((-1.813642859459) * x5)))))))))) - ((0.913890123367 * x4) - ((-1.278388977051) * x5)))) - (0.781412601471 * x4))))',1.1775990369513787e-07,1.1774406516451563e-07,143139660,409,26,58,12,16384,paper,6,0,3533734220
3600.2048176303506,'((-0.136778816581) + (0.498639315367 * (((((2.004918098450 * x5) + (1.978070735931 * x6)) + ((1.043650150299 * x4) + (0.028523886576 * x6))) + (exp(((-0.093463338912) * x4)) - ((-0.958209156990) * x4))) + ((((1.414213538170 * x1) - ((-0.988525509834) * x4)) + (-9.994264602661)) / ((sqrt(((((0.509482264519 * x6) ^ 2) + sqrt(exp(((5.202538013458 * x1) - (0.642413139343 * x4))))) - (((-1.381090402603) * x7) - (18.420803070068 * x3)))) + ((-0.187983840704) * x5)) + ((5.202538013458 * x1) - ((-0.918161749840) * x4)))))))',1.7998430079146974e-05,1.7993008441408165e-05,115986495,409,2,58,12,16384,paper,6,0,1884968544
3600.182742781937,'((-0.183740988374) + ((-0.731923282146) * ((((((-0.071599826217) * x4) + (0.693147182465 * x5)) - ((0.706886053085 * x6) + (1.440428614616 * x4))) / ((11.944893836975 ^ 2) + (11.942477226257 ^ 2))) - (((2.075799703598 * x5) + (1.420563101768 * x4)) - (((-0.251042127609) + (0.707106769085 * x5)) - ((1.363785982132 * x6) + ((-0.059599835426) * x4)))))))',2.0240814442837618e-10,2.729738657336611e-10,143206960,409,24,58,12,16384,paper,6,0,2765379632
3600.2097375653684,'((-2.235939502716) + (1.045617938042 * (((((-3.078308105469) / (0.353857010603 * x6)) - ((-0.478176921606) * x4)) + ((exp((exp(log(cos((0.988028824329 ^ (0.068621836603 * (1.352061510086 * x5)))))) ^ 2)) + (0.318309873343 * x5)) - ((-0.603889286518) * x6))) + ((((0.353857010603 * x6) + (0.318309873343 * x5)) + (0.318309873343 * x5)) - (((-0.478176921606) * x4) - (0.988028824329 ^ (0.234477549791 * x6)))))))',6.527209451422266e-06,6.469974323408678e-06,104948364,409,23,58,12,16384,paper,6,0,3356806661
3600.1934314519167,'(1.390338540077 + (0.841362535954 * (((0.440065085888 * x6) - (((-0.387521803379) * x5) + (sin(cos(((0.045413568616 * x3) / ((0.625711500645 * x6) ^ ((0.219641566277 * x1) - ((0.045119833201 * x3) / ((-0.344506055117) * x4))))))) + ((-0.337251096964) * x4)))) - (((log(log(((((((0.748972177505 * x6) / ((-2.012840032578) * x0)) + (((-1.348044872284) * x1) ^ 2)) ^ 2) * ((-0.050414409488) * x0)) * (((((-1.998142361641) * x10) + ((-1.979527473450) * x9)) / ((-0.849086403847) * x4)) + (((0.384108722210 * x9) * ((-2.012840032578) * x0)) - (0.045413568616 * x3)))))) + (0.645211815834 * x6)) / ((0.748972177505 * x6) - ((-0.311935216188) * x4))) + (((-0.849086403847) * x4) - ((0.801010906696 * x5) + (0.748972177505 * x6)))))))',2.028911863730387e-05,2.0253894035704434e-05,117817542,409,4,58,12,16384,paper,6,0,3687649985
3600.1942003779113,'((-18.603912353516) + ((-0.863140404224) * ((((((-0.741946518421) * x5) - (log((((sin(cos(exp((0.264237552881 ^ (((-0.665473222733) * x6) / (-7.559272289276)))))) ^ 2) ^ 2) ^ 2)) ^ 2)) + (((-0.665924966335) * x6) - (-7.551411628723))) - ((((-1.342842936516) * x5) + ((-0.665924966335) * x6)) * 0.264237552881)) + ((((-1.158553361893) * x4) + ((-5.337436676025) / ((-0.550350964069) * x6))) + ((((-0.771452963352) * x5) - (cos(0.078384727240) ^ ((-0.549084186554) * x6))) + ((-0.665924966335) * x6))))))',1.5415602399507986e-06,1.5290349892893573e-06,98076020,409,6,58,12,16384,paper,6,0,2995172877
3600.2079086713493,'(0.253282517195 + (0.729245901108 * ((((((-3.031682968140) * x4) + ((-1.060234665871) * x3)) + ((1.168061375618 * x0) + (0.544805288315 * x5))) / ((78.683448791504 - ((-1.507775068283) * x3)) + (76.762954711914 - (((((-6.239341259003) * x0) - (((0.947655797005 * x5) - (((-1.313329696655) * x6) - ((-1.610987544060) * x3))) + ((0.978742718697 * x5) - (2.302585124969 * x4)))) ^ 2) / (((-0.463305503130) * x5) ^ 2))))) + (((1.380120038986 * x4) + sin((log(cos(75.526268005371)) * cos(((0.555137276649 * x5) + (((-1.345317602158) * x3) / (2.344805717468 * x4))))))) + (((0.947655797005 * x5) - ((-1.371495962143) * x6)) + (0.422032505274 * x5))))))',2.8823647252374627e-05,2.880785905290395e-05,100789450,409,15,58,12,16384,paper,6,0,2204291346
3600.215705882758,'((-1.861501216888) + ((-1.554282426834) * (((0.036400172859 * x5) - (((sqrt((exp(((-0.177863404155) * x5)) - (((-1.277092456818) * x5) / (1.232791423798 * x8)))) ^ 2) - ((-0.321791708469) * x6)) + (cos(exp(((-0.225056618452) * (0.166894033551 * x4)))) ^ 2))) - ((((0.679539799690 * x5) - ((-0.321791708469) * x6)) + (((-0.795229017735) * x4) * (-0.810589015484))) + (((0.140338569880 * x5) - ((-0.777967274189) * x6)) / (((-0.366440057755) * x4) * ((-0.312017560005) * x6)))))))',3.418847459561948e-05,3.415855098864995e-05,134238458,409,20,58,12,16384,paper,6,0,1592565386
3600.20930840075,'((-0.390499949455) + (0.397497773170 * (((((((-0.073021478951) * x5) / (0.841005682945 * x0)) - ((-1.070225596428) * x5)) - ((0.355620443821 * x6) - ((-1.209037542343) * x4))) / (sqrt((14.737125396729 * x1)) + ((0.693147182465 * x3) + exp((sqrt(sqrt((12.354373931885 * x1))) + cos(cos((1.350663781166 * x3)))))))) + (((sin(sqrt(log(((0.008694894612 * x3) * (1.761343836784 * x2))))) - ((-1.073641777039) * x4)) + ((0.899958372116 * x6) - ((-1.054310083389) * x5))) + (((1.620227813721 * x6) + (1.453357458115 * x5)) + (1.452668786049 * x4))))))',9.112891620690779e-05,9.100564784603193e-05,110780002,409,29,58,12,16384,paper,6,0,1934709049
3600.2409262284636,'((-63992.316406250000) + ((-1.872313857079) * ((((((-0.530616879463) * x5) + (0.707106769085 * x4)) + ((0.390889972448 * x3) + (0.707106769085 * x4))) / ((19.947380065918 + (0.815695643425 * x3)) + (19.947380065918 + 21.049049377441))) - ((((0.534857809544 * x6) + (0.543324410915 * x4)) + ((14.692070007324 - (1.953157544136 ^ ((0.534857809544 * x6) - (0.680598795414 + (0.534857809544 * x6))))) ^ sqrt(15.597929000854))) - ((((-0.530616879463) * x5) - cos((((16.170511245728 ^ (-1.397932887077)) * cos(cos(((-0.530616879463) * x11)))) ^ sin(((0.534857809544 * x4) ^ ((-0.767610549927) / (2.373949766159 * x0))))))) - ((((0.680598795414 / (0.534857809544 * x6)) * 0.680598795414) + 2.836301326752) ^ 2))))))',0.002066439682747831,0.0005215698038227856,65332945,409,16,58,12,16384,paper,6,0,550243861
3600.183887630701,'(2.628776788712 + ((-1.072260618210) * (((sqrt(((cos((((-0.862689197063) * x6) / (6.104143619537 * x2))) ^ (0.434294492006 * x5)) / (log((0.092730499804 * x8)) ^ 2))) + (2.008513450623 + (0.427786856890 * x5))) - (((1.359951138496 * x5) - ((-0.936746299267) * x4)) - ((-0.932434022427) * x6))) + (((10.636266708374 + (0.434294492006 * x5)) - ((-0.848977923393) * x4)) / (((1.142291903496 * x5) - log(exp(((-1.676767706871) * x2)))) - sin(((-0.846398830414) * x6)))))))',0.059734873212941526,6.340897380141541e-05,101759182,409,18,58,12,16384,paper,6,0,1934392872
3600.220905058086,'(0.272403627634 + (0.440881580114 * (((((-2.041342973709) * x4) / (((-2.217665672302) * x5) - (2.673716783524 * x6))) - ((((-1.863623380661) * x5) - log(cos(exp((((((((1.414213538170 * x3) ^ exp(cos((0.381926983595 * ((-4.342429161072) * x2))))) + (5.749959468842 * x6)) ^ (-0.405961245298)) ^ 2) / ((cos((0.100378870964 * x7)) - (-0.405961245298)) / cos(((-4.347827911377) * x1)))) * cos((2.718281745911 * x6))))))) - (2.268544435501 * x6))) - (((-2.262249708176) * x4) - ((0.406484335661 * x5) + ((0.146418139338 * x5) / ((-2.336728811264) * x4)))))))',6.966673248642227e-05,6.961730832699686e-05,98812194,409,28,58,12,16384,paper,6,0,1904449481
3600.222645845264,'(0.000019308703 + ((-1.286414265633) * (((-0.777354598045) * x6) + (((-0.777354598045) * x4) - (0.777354419231 * x5)))))',1.2146599576801912e-10,1.9509602822154193e-09,268689402,409,12,58,12,32768,paper,4,0,3269070126
3600.229621961713,'((-0.000037537782) + (1.246715903282 * ((0.802107155323 * x5) - (((-0.802108705044) * x4) - (0.802107155323 * x6)))))',1.067205159112187e-09,1.9148314045480674e-09,267935761,409,28,58,12,32768,paper,4,0,1904449481
3600.336751911789,'((-0.000001447975) + (1.120214343071 * (((0.892686307430 * x6) - ((-0.892686188221) * x4)) - ((-0.892686188221) * x5))))',5.235375859618938e-10,8.149072527885437e-10,270131150,409,14,58,12,32768,paper,4,0,3376120482
3600.322733465582,'(0.000022876296 + (0.693147122860 * (((1.442695021629 * x4) + (1.442695021629 * x6)) + (1.442695021629 * x5))))',9.074795022954786e-11,3.412173321670764e-10,273710096,409,6,58,12,32768,paper,4,0,2995172877
3600.3220862448215,'((-0.000054710337) + ((-0.704820394516) * ((((-0.731034517288) * x6) + ((-1.418800115585) * x5)) + (((-0.687768161297) * x6) + ((-1.418800115585) * x4)))))',2.6769362603690946e-09,2.9184117344982496e-09,257057117,409,8,58,12,32768,paper,4,0,404488628
3600.3349106498063,'(0.000006594114 + ((-1.294570207596) * (((-0.772457301617) * x5) - ((0.772457122803 * x4) + (0.772457122803 * x6)))))',7.320836537669372e-10,7.265921753152327e-10,288765464,409,13,58,12,32768,paper,4,0,3081541439
3600.3362731412053,'((-0.000006616138) + (2.302585124969 * ((0.434294492006 * x5) + ((0.434294492006 * x4) + (0.434294492006 * x6)))))',3.2698383514632936e-11,4.0544645418805203e-10,270934043,409,11,58,12,32768,paper,4,0,3160032368
3600.333413437009,'(0.000027499171 + (0.497256636620 * (((2.011034250259 * x5) - ((-2.011033535004) * x4)) - ((-2.011033535004) * x6))))',8.274776353736755e-11,3.97417820874324e-10,274336348,409,16,58,12,32768,paper,4,0,550243861
3600.3493605591357,'(0.000008384964 + (0.672856211662 * (((1.486201643944 * x6) + (1.486201643944 * x5)) + (1.486201643944 * x4))))',1.1616213041072771e-10,4.3756104295411546e-10,268337904,409,4,58,12,32768,paper,4,0,3687649985
3600.346950713545,'((-0.000020270858) + (1.419484615326 * ((0.704481124878 * x4) + ((0.704481124878 * x6) + (0.704481124878 * x5)))))',3.2289178191589136e-10,4.415753596109795e-10,261981956,409,5,58,12,32768,paper,4,0,369133708
3600.361216496676,'(0.000016524720 + (0.830278038979 * ((1.204415798187 * x5) + ((1.204415798187 * x6) + (1.204415798187 * x4)))))',1.6126790819077306e-10,6.944775865491692e-10,266351566,409,7,58,12,32768,paper,4,0,865305066
3600.3435831703246,'(0.000017543905 + (1.200158119202 * (((0.833223462105 * x5) + (0.833223521709 * x4)) + (0.833223521709 * x6))))',3.792393111067948e-11,4.897472427600746e-10,262070468,409,9,58,12,32768,paper,4,0,2261209995
3600.3726885430515,'((-0.000048785911) + ((-1.056926488876) * (((-0.946140289307) * x4) - ((0.946138918400 * x5) - ((-0.946140289307) * x6)))))',1.2207855619880014e-09,1.360854984255866e-09,278015664,409,3,58,12,32768,paper,4,0,1859786275
3600.355809804052,'((-0.000012931450) + (0.861196160316 * (((1.161175370216 * x6) - ((-1.161175966263) * x4)) - ((-1.161175966263) * x5))))',2.305964952404905e-10,6.984919309616089e-10,280183206,409,2,58,12,32768,paper,4,0,1884968544
3600.3632724024355,'((-1.122294783592) + (0.524580717087 * ((2.139401435852 + (1.906284213066 * x5)) - (((-1.906284451485) * x6) - (1.906284213066 * x4)))))',5.6719309478545615e-11,7.426494419426888e-10,239219641,409,19,58,12,32768,paper,4,0,2148995112
3600.362583462149,'(46.022140502930 + ((-0.887871801853) * (((cos((-0.055464610457)) / sin(0.019263798371)) - (1.126288771629 * x5)) - ((1.126288771629 * x6) + (1.126288771629 * x4)))))',1.0227835630264635e-10,2.850168157042532e-10,223307107,409,15,58,12,32768,paper,4,0,2204291346
3600.346212361008,'(0.000053926356 + (0.724619448185 * ((((0.691848576069 * x5) * (-0.090567603707)) + (1.380033493042 * x6)) + ((1.442695021629 * x5) + (1.380033493042 * x4)))))',1.9351027835455526e-09,1.6579148054418624e-09,243046161,409,21,58,12,32768,paper,4,0,784044718
3600.3244463317096,'((-0.000035346031) + (0.660279691219 * (((1.514509320259 * x5) + (1.514509320259 * x6)) - ((-1.514512658119) * x4))))',1.1858841721558368e-09,1.6137572389496313e-09,275696803,409,26,58,12,32768,paper,4,0,3533734220
3600.373686019331,'(0.000011625523 + (1.740539669991 * (((0.287120461464 * x6) - ((-0.574534058571) * x5)) + ((0.287414491177 * x6) - ((-0.574534058571) * x4)))))',2.1301832376107684e-09,1.9589889710402986e-09,251945014,409,1,58,12,32768,paper,4,0,2811363264
3600.2540542408824,'((-7.809924602509) + (0.000343847118 * (((47.601497650146 + (-2.389835834503)) ^ 2) * (((6.782504558563 + (1.422070980072 * x6)) - (((-1.422766566277) * x5) - 6.719027042389)) - ((((-1.422766566277) * x4) - (-2.389835834503)) - ((1.422070980072 * x6) / ((47.601497650146 + (-2.389835834503)) ^ 2)))))))',3.8160674158464394e-11,5.579906536823387e-10,141389607,409,10,58,12,32768,paper,6,0,4190266092
3600.200394719839,'((-0.000336663681) + ((-4.972561836243) * ((((-0.201106324792) * x4) - (0.201103329659 * x5)) - (0.201103329659 * x6))))',4.7856621118393016e-08,4.8906478866683756e-08,267411489,409,18,58,12,32768,paper,4,0,1934392872
3600.339475631714,'((-0.000101564881) + (0.489468902349 * (((2.043033123016 * x4) + (1.452072978020 * x5)) - (((-0.590955555439) * x5) - (2.043032884598 * x6)))))',2.3432591198271547e-09,2.4768362916205433e-09,255448671,409,25,58,12,32768,paper,4,0,1728356533
3600.3856578581035,'(1.081796288490 + (0.563941180706 * (((1.773234724998 * x5) - ((-1.773215770721) * x4)) + ((1.773234724998 * x6) - exp((0.852402389050 / (((1.773234724998 * x4) - (-1.308508157730)) + ((-1.773215770721) * x4))))))))',7.789292733173424e-11,3.733318931775642e-10,213305520,409,0,58,12,32768,paper,4,0,3324115916
3600.3652634471655,'(0.000022751441 + ((-3.664407491684) * ((((-0.136443108320) * x6) + ((-0.272895663977) * x4)) + (((-0.136451974511) * x6) + ((-0.272895663977) * x5)))))',2.5972771191351714e-09,3.853748431481563e-09,258400564,409,23,58,12,32768,paper,4,0,3356806661
3600.3350558914244,'(0.000012167271 + (2.302584886551 * (((0.434294492006 * x6) + (0.434294492006 * x5)) + (0.434294492006 * x4))))',9.352063389108528e-11,5.700336314085064e-10,262069190,409,24,58,12,32768,paper,4,0,2765379632
3600.3859667405486,'(3.316605567932 + ((-3.221778869629) * ((((-0.310387611389) * x4) - (0.310500323772 * x5)) + (sqrt(((-2.100217342377) - ((-2.451628684998) - (sin((exp((0.211321473122 * x5)) ^ cos(1.569566369057))) ^ 2)))) + ((-0.310387611389) * x6)))))',1.110215072947099e-08,9.449713012088523e-09,178154731,409,10,58,12,32768,paper,4,0,4190266092
3600.3293492011726,'(0.000038195791 + (0.744222581387 * ((1.343684554100 * x5) + ((1.343682765961 * x4) - ((-1.343683838844) * x6)))))',4.847352586225269e-10,9.313225746154785e-10,271835034,409,29,58,12,32768,paper,4,0,1934709049
3600.395440723747,'((-0.155186623335) + (0.707106709480 * (((sin(sin(1.068929195404)) - (0.741024851799 ^ 2)) + (1.414213538170 * x6)) + ((1.414213538170 * x5) + (1.414213538170 * x4)))))',1.8153351715777509e-10,2.7698818239052514e-10,219205016,409,17,58,12,32768,paper,4,0,3606691181
3600.370002385229,'(1.268545746803 + (1.269397974014 * (((0.787777662277 * x4) - ((0.693147182465 * x6) ^ ((sin(sin((sqrt(sqrt((1.169202804565 * x4))) + log((2.436184167862 * x6))))) / (2.449357271194 * x6)) * (-0.025760740042)))) + ((0.787777662277 * x6) - ((-0.787774443626) * x5)))))',2.3676067972155993e-09,2.2721058368091462e-09,168324081,409,20,58,12,32768,paper,4,0,1592565386
3600.3629536293447,'(0.936183154583 + ((-0.936742484570) * ((((((-1.067536115646) * x6) - (1.067530870438 * x5)) + ((-0.529776155949) * x4)) + ((-0.537728667259) * x4)) + (((((-1.067536115646) * x6) - (1.067530870438 * x5)) + ((-0.529776155949) * x4)) / ((((-1.066035389900) * x6) - (1.067641973495 * x5)) + ((-0.537640452385) * x4))))))',1.5626622782569912e-08,1.6141585845730333e-08,157267874,409,0,58,12,32768,paper,6,0,3324115916
3600.3377625867724,'((-0.000018423334) + (1.840019702911 * (((0.543472349644 * x6) + (0.543472349644 * x5)) - ((-0.543472945690) * x4))))',4.438162472332069e-10,1.0918954629346445e-09,273374731,409,27,58,12,32768,paper,4,0,2342600226
3600.3899300657213,'(1.890706539154 + (0.814995944500 * (((1.226998686790 * x4) - ((-1.227000474930) * x5)) + ((1.226998686790 * x6) - exp(sin((cos((log(((cos(((3.111980676651 ^ (-1.205365419388)) / 3.141592741013)) ^ 2) ^ sqrt((1.244269132614 * x6)))) ^ 2)) ^ 2)))))))',5.851764339229809e-10,1.9469459378029796e-09,164018417,409,22,58,12,32768,paper,4,0,3980425317
3600.3166922554374,'(0.049662750214 + (1.013235211372 * (((((0.498074591160 * x6) - (0.875347852707 / (0.507017076015 * x6))) - ((-0.986815869808) * x4)) + (exp(((-0.257066696882) * x4)) + ((0.489047557116 * x6) - ((-0.986815869808) * x5)))) - ((((0.677520334721 * x5) + (0.708234727383 * x6)) - ((0.693147182465 * x5) + (0.657937049866 * x6))) / (((0.349474281073 * x6) - ((-0.419869810343) * x4)) - ((16.988105773926 * x6) / ((-0.313141852617) * x6)))))))',6.707537888016894e-07,6.525881417474011e-07,131657808,409,7,58,12,32768,paper,6,0,865305066
3600.3731361068785,'((-0.000833229686) + (0.530674755573 * ((((0.050364833325 * x5) / ((0.032896533608 * x6) - (0.733197450638 * x5))) * (((-1.918811678886) * x4) - (((-1.880238890648) * x4) - (0.050364833325 * x5)))) - (((((-1.881593346596) * x4) - (0.050556261092 * x5)) + ((-1.884513974190) * x6)) - (1.837357401848 * x5)))))',5.712690810385558e-07,5.699051826013601e-07,154768299,409,3,58,12,32768,paper,6,0,1859786275
3600.354496534914,'(0.007341699675 + ((-0.594490230083) * (((((-0.786451041698) * x5) - (0.464773148298 * ((-0.309003442526) * x6))) + (0.023463308811 * x6)) + (log(sin((((1.557890892029 * x6) - ((-1.792198896408) * x4)) ^ (((0.023463308811 * x6) / ((-1.927775025368) * x6)) / (-0.129833847284))))) + ((((-1.681984663010) * x4) + ((-1.849081277847) * x6)) + ((-0.895659863949) * x5))))))',2.4949019898186938e-08,2.359216644265416e-08,134551663,409,4,58,12,32768,paper,6,0,3687649985
3600.3178565837443,'((-1.939356565475) + (0.694203913212 * ((((1.440502524376 * x4) - ((-2.424271345139) / (0.434341043234 * x6))) + ((53.765895843506 * x6) ^ cos((-1.487365126610)))) + (((1.440502524376 * x5) - ((-2.424271345139) / (0.434294492006 * x6))) - (((2.251868486404 * x6) - (-1.091656446457)) / (-1.563943147659))))))',9.833037831893301e-07,9.660946034273366e-07,129030125,409,14,58,12,32768,paper,6,0,3376120482
3600.301015123725,'(0.000036493493 + ((-0.434760957956) * (((((2.196491241455 * x5) - ((-1.623363971710) * x6)) + ((2.198966741562 * x4) - ((-1.623342156410) * x6))) * (-0.047177053988)) - ((((2.196491241455 * x5) - ((-1.623342156410) * x6)) + ((2.196372032166 * x4) - ((-1.623342156410) * x6))) - (1.099740386009 * x6)))))',2.7650766836175677e-10,6.54334419980529e-10,155614303,409,15,58,12,32768,paper,6,0,2204291346
3600.4003975577652,'(0.000569337280 + ((-0.837599992752) * ((((0.141140833497 * x5) + (((-0.736745893955) * x5) + ((-0.597038984299) * x6))) + ((-0.590780258179) * x4)) + (((0.138458013535 * x5) + (((-0.736745893955) * x5) + ((-0.596843838692) * x6))) + ((-0.603094637394) * x4)))))',5.334992220180039e-08,5.249126644457647e-08,177540694,409,1,58,12,32768,paper,6,0,2811363264
3600.369587149471,'((-0.399626195431) + ((-0.407780647278) * ((((((-0.756288170815) * x6) - (1.577023386955 * x4)) + ((-0.691517412663) * x5)) - ((((-1.170307874680) * x6) - (0.781819820404 * x4)) + ((-0.758486986160) * x5))) - ((((2.519256830215 * x5) + (2.110042333603 * x6)) + ((3.524093151093 * x4) ^ (-0.005020230543))) - ((((-0.756288170815) * x6) - (0.950086951256 * x4)) - (0.707106769085 * x4))))))',6.429196775880265e-08,6.318541778682629e-08,125429807,409,2,58,12,32768,paper,6,0,1884968544
3600.3539614863694,'((-0.708761692047) + (0.676552116871 * (((log((1.457660198212 * x4)) / sqrt((0.779208958149 * x4))) - ((((-0.637890636921) * x5) - (0.674699962139 * x6)) - ((0.128757551312 * x6) - ((-0.202284619212) * x5)))) + ((log((0.076965332031 * x4)) / sqrt((0.573238968849 * x4))) - ((((-0.637890636921) * x5) - (0.674641907215 * x6)) - (1.480237245560 * x4))))))',5.604823200953565e-06,5.610572316072648e-06,138864324,409,9,58,12,32768,paper,6,0,2261209995
3600.368406549096,'(0.050784084946 + ((-0.407151013613) * ((((((-0.270546823740) * x5) + ((-0.865108668804) * x6)) + (((-0.602996945381) * x5) + ((-1.130466818810) * x4))) + ((((-0.267382740974) * x5) + ((-0.865108668804) * x6)) + (((-0.602996945381) * x5) + ((-1.130466818810) * x4)))) - ((cos(sin(((0.195284187794 * x4) ^ 0.434294492006))) / (2.005193710327 * x4)) + (((0.195248365402 * x4) - 0.138343751431) - (((-0.712171316147) * x5) - (0.725870847702 * x6)))))))',1.2300243232055094e-08,1.2384181680147321e-08,127870865,409,8,58,12,32768,paper,6,0,404488628
3600.356656152755,'((-0.011895994656) + (1.594466567039 * (((0.628332495689 * x6) + (((-0.005816616584) * x5) + ((0.632965743542 * x5) + (0.623810529709 * x4)))) - ((((0.490634799004 * x6) + ((-0.005192489829) * x7)) - (((-0.025409065187) * x2) + (sin((sin((0.139046683908 * x4)) + (log((0.131066292524 * x4)) ^ 2))) - ((-1.579357504845) * x4)))) / (((14.305302619934 * x1) + ((4.203426361084 * x5) / (0.135284811258 * x4))) + ((14.305302619934 * x1) + (2.242985010147 * x3)))))))',4.6148814529976005e-05,4.6130815462674946e-05,124584449,409,5,58,12,32768,paper,6,0,369133708
3600.3753306791186,'((-0.000379532314) + ((-0.365357786417) * (((((-0.002083152533) * ((-1.195121645927) * x5)) / (((-1.277548909187) * x4) + ((-1.849846839905) * x6))) + ((((-1.070240020752) * x5) + ((-1.368471860886) * x4)) + (((-1.070621848106) * x5) + ((-1.368577361107) * x4)))) + (((((-1.070240020752) * x5) + ((-1.368577361107) * x6)) + (((-1.070240020752) * x5) + ((-1.368471860886) * x6))) - ((0.403829604387 * ((-1.916349411011) * x5)) + (0.403829604387 * ((-1.907807350159) * x5)))))))',1.231726376079936e-09,1.376912250883322e-09,126503489,409,11,58,12,32768,paper,6,0,3160032368
3600.3656554818153,'((-1.539008259773) + (0.302935570478 * ((((1.240849018097 * x6) + ((1.633948087692 * x4) - ((-1.081388711929) * x5))) + (((0.619900643826 * x5) + (0.525792777538 * x6)) + sqrt((0.418403953314 * x4)))) + ((((0.619900643826 * x5) + (0.525792777538 * x6)) + exp((sin((0.967898547649 ^ (1.227394104004 * x4))) - (-0.634518802166)))) + ((1.008586406708 * x6) + ((1.633948087692 * x4) - ((-0.979884922504) * x5)))))))',1.7288638379063642e-05,1.7250598830287345e-05,126007463,409,12,58,12,32768,paper,6,0,3269070126
3600.285028465092,'(0.368592441082 + ((-0.927572846413) * ((((-1.078082799911) * x5) - (0.492229104042 * x6)) + (((((-0.585848391056) * x6) + ((-1.078082799911) * x4)) + sin(2.755211114883)) + ((0.492229104042 * x6) * ((0.594620704651 / ((6.842792510986 * x6) ^ 0.517972707748)) ^ 2))))))',1.8426740498696232e-09,1.9509602822154193e-09,145993606,409,17,58,12,32768,paper,6,0,3606691181
3600.380057711154,'((-0.005997472443) + (0.308504641056 * (((((0.007235407829 * x4) / (0.136629104614 * x2)) + ((1.069887161255 * x6) + (1.032132863998 * x5))) + (((1.075081944466 * x4) + (1.075081944466 * x4)) + ((1.086004137993 * x6) + (1.095047116280 * x5)))) + ((((1.086004137993 * x6) + (1.113897323608 * x5)) / ((1.072081685066 * x6) + (1.095047116280 * x5))) * (((1.072058558464 * x6) + (1.095047116280 * x5)) + ((((3.532507658005 * x4) / ((-0.599725544453) * x8)) * (0.007235407829 * x5)) + (1.075081944466 * x4)))))))',2.9302094353943247e-06,2.9321365673240507e-06,126395067,409,13,58,12,32768,paper,6,0,3081541439
3600.3362181186676,'(0.006750397850 + (0.913106143475 * (((((0.002662506187 * x4) / 7.480149745941) + ((0.002662506187 * x4) + (0.543411850929 * x4))) - ((((-0.221099525690) * x5) * (-1.749161720276)) - ((0.002662506187 * x4) + (((0.170016139746 * x8) / ((0.103013649583 * x8) ^ 2)) ^ sin(cos((0.002662506187 * x6))))))) - (((((-1.481918573380) * x5) + ((-1.095121860504) * x6)) + (((-0.239964768291) * x5) / ((-0.388967275620) * x8))) + (((-1.602081656456) / ((-3.041545867920) * x6)) - ((0.002662506187 * x4) + (0.543411850929 * x4)))))))',6.028209178201411e-08,6.107388372811329e-08,126145619,409,16,58,12,32768,paper,6,0,550243861
3600.4270512610674,'((-0.006958192214) + ((-0.641918540001) * ((((((-1.755089521408) * x6) + ((-1.654620766640) * x5)) + ((-0.689237594604) * x4)) - (((0.280021786690 * x4) * cos(((0.266533404589 / (0.164443209767 * x2)) * sqrt(cos(sqrt((((0.034558389336 * x4) ^ (((-1.361442685127) * x1) + 3.138910770416)) / ((((((-1.131703853607) * exp(((-1.361442685127) * x1))) * 1.414213538170) * (((-0.136966422200) * x7) ^ 2)) ^ 2) + (cos(((-0.053386423737) * x7)) ^ 2))))))))) / exp((-1.131703853607)))) - ((((0.280021786690 * x4) * (-0.428844392300)) / (((-1.425696492195) * x6) + ((-1.925198793411) * x5))) - (((0.611582815647 * x6) + (0.299978196621 * x5)) * exp((-1.131703853607)))))))',2.96172726258233e-07,2.925998785485717e-07,115363635,409,6,58,12,32768,paper,6,0,2995172877
3600.194953944534,'((-0.219032213092) + ((-0.670668363571) * ((((((-1.492798805237) * x6) - (1.488814353943 * x5)) + ((1.509552478790 * x5) / ((-3.550478696823) * x6))) + ((log(exp(((0.113282583654 * x6) - (0.145224943757 * x5)))) * (0.113809034228 * x6)) / (((-4.767742156982) * x6) - sqrt(exp((0.113282583654 * x6)))))) - (1.490945577621 * x4))))',4.1721313315233596e-05,4.16514121752698e-05,239330143,409,20,58,12,32768,paper,6,0,1592565386
3600.2446295544505,'((-0.005079197697) + (0.789895594120 * (((((0.763254940510 * x4) + (0.462906986475 * x5)) + ((0.002302376553 * x6) + (0.797989428043 * x6))) + ((0.002302376553 * x4) / ((0.259082317352 * x4) + (0.049983590841 * x5)))) + ((((0.051870249212 * x6) * (-0.062419906259)) + ((-0.673617064953) * x6)) - (((-0.502705454826) * x4) - ((0.803098499775 * x5) - ((-1.142552733421) * x6)))))))',2.7572365019863817e-08,2.7526201762384517e-08,135294945,409,22,58,12,32768,paper,6,0,3980425317
3600.2890248931944,'(0.003255105577 + (0.482441872358 * (((((0.693147182465 * x6) * 1.726179957390) + (2.072788238525 * x5)) - (0.007447792217 * ((0.693147182465 * x6) * 1.685381650925))) - (((0.007447792217 * (0.693147182465 * x6)) / ((0.721789419651 * x6) + 2.863534688950)) - (((0.512689411640 * x6) * 1.726179957390) + (2.072788238525 * x4))))))',2.1361896294994938e-10,3.13117060057877e-10,142401252,409,21,58,12,32768,paper,6,0,784044718
3600.229302868247,'((-0.762312531471) + (0.476029157639 * (((1.316419839859 * x4) + ((1.601356506348 - ((-1.222004413605) * x6)) + (1.452787160873 * x5))) + ((((0.866706192493 * x6) + (0.784292221069 * x4)) - ((-0.627965688705) * x5)) + (((0.737834632397 * x6) - ((-1.226981997490) * x5)) / exp(4.118673324585))))))',1.7004488337278026e-10,3.8938918756059593e-10,167596133,409,29,58,12,32768,paper,6,0,1934709049
3600.3058120049536,'(0.974563717842 + (1.414200663567 * (((((0.493656128645 * x6) + (0.707106769085 * x5)) - (((-0.200835973024) * x4) - (0.212420761585 * x6))) + (0.508130133152 * x4)) - ((log((282.222229003906 * x6)) - ((-0.183831587434) * x4)) / (exp((exp((0.992952406406 ^ (0.282386571169 * x6))) / 0.991396784782)) - (((-0.183831587434) * x4) - (0.094235315919 * x6)))))))',6.153064212088083e-05,6.150068657007068e-05,133636052,409,19,58,12,32768,paper,6,0,2148995112
3600.2846288345754,'((-0.002593991812) + (0.248664274812 * (((((2.391992092133 * x4) - ((-1.795286297798) * x5)) - ((-1.482319116592) * x6)) - ((((-2.226172447205) * x5) - ((-2.204456090927) * x5)) / ((4.690738677979 * x4) - ((-1.795286297798) * x5)))) + ((((1.629564762115 * x4) - ((-2.226172447205) * x5)) - ((-2.539180278778) * x6)) + ((((-2.539180278778) * x6) / ((-2.546712398529) * x6)) / ((3.470362424850 * x4) - ((-1.482319116592) * x6)))))))',8.647710419358114e-09,7.916241884231567e-09,155464565,409,23,58,12,32768,paper,6,0,3356806661
3600.307839717716,'(0.000141928103 + ((-0.392594367266) * ((((-1.251479029655) * x4) - ((1.295777440071 * x5) - ((0.000674366951 * x5) / log(((6.683040142059 * x10) ^ 2))))) + (((((-1.432533025742) * x6) - (0.182325109839 * x5)) - (1.295677423477 * x4)) + (((-1.114624023438) * x6) - (1.069080829620 * x5))))))',1.078371837282683e-09,1.148095951641892e-09,159305757,409,27,58,12,32768,paper,6,0,2342600226
3600.2505112811923,'((-4.094174385071) + ((-0.721875548363) * ((((-1.384788393974) * x6) + (log((exp(((0.685991883278 ^ 2) / ((-0.252519458532) * x4))) ^ (sin(((-0.019112467766) * x4)) ^ 2))) + (((-1.386148095131) * x4) - (1.385278463364 * x5)))) + (((((-4.642395019531) * x4) + ((-3.284570693970) * x6)) + (((-4.642395019531) * x4) + ((-3.284610033035) * x6))) / (((1.677846431732 * x4) + ((-0.895278275013) * x6)) + ((sqrt((1.755014181137 * x6)) + (-6.637220382690)) + (1.974013328552 * x6)))))))',1.1184163401063038e-06,1.0990007694999804e-06,156538331,409,28,58,12,32768,paper,6,0,1904449481
3600.3436058163643,'((-0.006611948833) + (0.370824754238 * (((((-0.566650509834) * x5) / (((-0.422551006079) * x4) + ((log(0.014768758789) ^ 2) ^ 2))) + (((1.120993494987 * x5) - ((-1.182695508003) * x4)) - ((-1.209027767181) * x6))) + ((1.487669467926 * x6) + (((1.034429907799 * x5) - ((-0.100154086947) * x4)) + ((1.414213538170 * x4) - ((-0.543185472488) * x5)))))))',5.32614886288935e-07,5.248043066785613e-07,150629288,409,18,58,12,32768,paper,6,0,1934392872
3600.352659832686,'((-0.143321096897) + (1.414213657379 * ((((0.031685292721 ^ 2) / ((0.707106769085 * x5) + (0.591432988644 * x5))) + ((0.318309873343 ^ 2) + (0.707106769085 * x4))) + ((0.707106769085 * x6) + (0.707106769085 * x5)))))',3.473839239713483e-11,2.00716068765594e-10,168641542,409,26,58,12,32768,paper,6,0,3533734220
3600.374198399484,'(0.599316358566 + ((-0.654303967953) * (((((-0.868378162384) * x6) + (((0.147306606174 * x4) ^ ((log(3.694556474686) ^ ((((-1.701545238495) * x8) / ((1.846572399139 * x1) ^ (((-0.503617227077) * x5) - ((-0.675642251968) * x6)))) - (0.140093177557 * x4))) * ((0.147306606174 * x4) / ((-0.675642251968) * x5)))) + ((-0.906133532524) * x5))) - ((1.381373167038 * x4) + ((0.662116527557 * x6) - ((-0.619287252426) * x5)))) - ((0.147306606174 * x4) - ((((-0.568309605122) * x5) + (0.376807004213 * x6)) / ((0.750959396362 * x3) - log(exp(((-3.071541786194) * x5)))))))))',0.005381137750369879,2.7156032956554554e-05,93154013,409,25,58,12,32768,paper,6,0,1728356533
3600.5034246891737,'(0.659238815308 + ((-0.287993252277) * (((((-1.556469440460) * x4) + ((0.733193874359 * x6) - (1.285122871399 * x6))) + ((((-1.357615590096) * x6) - (1.920662164688 * x5)) - (sin(((exp((-0.043495986611)) ^ ((-1.556469440460) * x4)) ^ ((-0.282583415508) / (1.957599282265 * x6)))) - 3.128801345825))) - (((((-1.286379694939) * x6) - (1.913548231125 * x5)) * sin(0.038139250129)) - ((((-1.915874600410) * x4) + ((-1.611793875694) * x6)) + ((-1.624607086182) * x5))))))',4.734626579344267e-09,5.154388915684649e-09,109164237,409,24,58,12,32768,paper,6,0,2765379632
3600.5077846720815,'(0.000003859664 + (1.739414453506 * (((0.287492185831 * x6) - ((-0.574905574322) * x4)) + ((0.287414491177 * x6) - ((-0.574905574322) * x5)))))',2.7450021909243023e-09,2.8662254791811392e-09,197850167,409,1,58,12,65536,paper,4,0,2811363264
3600.481566503644,'(0.000004177161 + (0.707106888294 * (((1.414213538170 * x5) + (1.414213538170 * x6)) + (1.414211988449 * x4))))',4.565460932882097e-10,7.426494419426888e-10,202109942,409,6,58,12,65536,paper,4,0,2995172877
3600.5492569059134,'(3.238255500793 + (0.989332258701 * (((1.010782837868 * x5) + ((4.225636959076 * x6) / ((-1.290985941887) * x6))) + ((1.010782837868 * x6) + (1.010782837868 * x4)))))',8.659708859869105e-11,2.1677336314862572e-10,196080722,409,5,58,12,65536,paper,4,0,369133708
3600.639278706163,'((-0.000004721804) + (1.442695021629 * (((0.693147182465 * x4) + (0.693147182465 * x6)) + (0.693147182465 * x5))))',6.368898217666681e-11,1.3648693286683056e-10,276688772,409,2,58,12,65536,paper,4,0,1884968544
3600.678310342133,'(0.000004554416 + (1.805585622787 * (((0.553836941719 * x4) + (0.553836941719 * x5)) + (0.553836941719 * x6))))',1.1166422021123755e-10,3.13117060057877e-10,337219181,409,11,58,12,65536,paper,4,0,3160032368
3600.720506556332,'((-0.000024728461) + ((-1.057122230530) * (((-0.945964574814) * x4) - ((0.945964336395 * x5) - ((-0.945964574814) * x6)))))',5.958112131434131e-11,3.7734620983442824e-10,353786503,409,3,58,12,65536,paper,4,0,1859786275
3600.7320516332984,'(0.000081949780 + (0.823993563652 * (((1.650862216949 * x5) - ((-1.213601231575) * x4)) - ((0.437260419130 * x5) + ((-1.213601231575) * x6)))))',4.979826521201503e-10,7.466637863551284e-10,323349692,409,9,58,12,65536,paper,4,0,2261209995
3600.7978008575737,'((-1.515037775040) + (0.516003966331 * (((1.937969326973 * x4) - ((-1.937970399857) * x6)) + ((1.937969326973 * x5) - (-2.936051845551)))))',3.5568739863215205e-10,4.3756104295411546e-10,206360700,409,0,58,12,65536,paper,4,0,3324115916
3600.661851890385,'(9.080870628357 + ((-5.499437332153) * ((((-0.181836798787) * x6) + ((-0.181836798787) * x5)) + (((-0.181836798787) * x4) - (-1.651238560677)))))',1.8576201629647734e-10,6.984919309616089e-10,203748317,409,20,58,12,65536,paper,4,0,1592565386
3600.8180441334844,'(0.000120854245 + (1.588661670685 * ((0.629459738731 * x4) - (((-0.629461526871) * x5) - (0.629459738731 * x6)))))',3.931090044154756e-09,5.31094723754677e-09,210423757,409,4,58,12,65536,paper,4,0,3687649985
3600.6961541101336,'((-0.000038731847) + (0.983729004860 * (((1.016540169716 * x6) + (1.016540169716 * x4)) + (1.016540169716 * x5))))',5.926887722500468e-10,4.4960399292470754e-10,204191269,409,24,58,12,65536,paper,4,0,2765379632
3600.722827319056,'((-0.000069527821) + ((-0.900116264820) * (((-1.110968708992) * x6) - ((1.110966563225 * x5) - ((-1.110968708992) * x4)))))',2.3169625478114842e-09,2.5972659578599178e-09,349068094,409,27,58,12,65536,paper,4,0,2342600226
3600.714824218303,'((-0.000002570096) + (1.097004771233 * ((0.911573052406 * x4) + ((0.911573052406 * x6) + (0.911573052406 * x5)))))',4.029744878208424e-11,3.291743544409087e-10,329362009,409,14,58,12,65536,paper,4,0,3376120482
3600.814280871302,'(0.000109419794 + ((-1.274109840393) * ((((-0.784862458706) * x6) - ((-0.000311245240) * x4)) + (((-0.784862458706) * x5) - (0.785168051720 * x4)))))',1.3691535140651904e-08,1.3668764786700649e-08,189985967,409,7,58,12,65536,paper,4,0,865305066
3600.609191838652,'(1.278974175453 + (1.342392921448 * (((((0.745127558708 * x6) - (0.543488621712 * x5)) - ((-1.288619875908) * x5)) - ((-0.743674933910) * x4)) - ((((1.194610476494 * x5) - ((-0.769638419151) * x3)) + ((1.751379489899 * x6) - ((-0.575777232647) * x1))) / (((1.165399909019 * x5) - ((-0.769638419151) * x3)) + ((1.751379489899 * x6) - ((-0.728206038475) * x4)))))))',3.9726689607123025e-05,3.975522849941626e-05,134805497,409,21,58,12,65536,paper,6,0,784044718
3600.8336554840207,'(0.000077480006 + (1.175911188126 * (((0.850403130054 * x6) - ((-0.850405037403) * x4)) - ((-0.850405037403) * x5))))',3.117238131748883e-09,4.042421508643201e-09,204554182,409,17,58,12,65536,paper,4,0,3606691181
3600.859923571348,'(0.000001590658 + (3.577778577805 * (((0.279503047466 * x6) + (0.279503047466 * x5)) + (0.279503047466 * x4))))',4.207556058720342e-11,3.3720298775463675e-10,220704409,409,16,58,12,65536,paper,4,0,550243861
3600.749721825123,'(0.000009331699 + ((-1.634623408318) * (((-0.611761689186) * x5) + (((-0.611761689186) * x6) + ((-0.611761689186) * x4)))))',1.0587706426760714e-11,1.2364109736040518e-09,219043417,409,22,58,12,65536,paper,4,0,3980425317
3600.8669164441526,'(0.000029199384 + (0.784532308578 * (((1.274645209312 * x5) + (1.274645209312 * x6)) - ((-1.274641990662) * x4))))',1.6004256595254534e-09,1.846587882603501e-09,227255482,409,10,58,12,65536,paper,4,0,4190266092
3600.809500526637,'(0.000006200160 + (0.796985924244 * (((1.254727244377 * x6) + (1.254727244377 * x5)) + (1.254727244377 * x4))))',8.173195743145229e-11,8.149072527885437e-10,197547803,409,23,58,12,65536,paper,4,0,3356806661
3600.803944963962,'((-3.663899660110) + (0.931246876717 * ((exp(1.369752883911) + (1.073829174042 * x4)) + ((1.073829174042 * x6) + (1.073829174042 * x5)))))',4.102144105708086e-11,4.3756104295411546e-10,196187666,409,21,58,12,65536,paper,4,0,784044718
3600.891737215221,'((-0.000026267624) + (1.325542092323 * ((0.754408419132 * x6) + ((0.754408419132 * x5) + (0.754408419132 * x4)))))',1.7533890354030383e-10,1.2002820959367e-09,227122183,409,15,58,12,65536,paper,4,0,2204291346
3600.736829224974,'((-0.000019689014) + ((-0.254960000515) * ((((1.972319364548 * x6) - (((-1.984978675842) * x4) - (1.952832937241 * x5))) / (-1.090337872505)) + (((((-1.050947785378) * x4) - (0.875908672810 * x5)) - (0.879086136818 * x6)) - ((1.234191894531 * x6) - (((-1.050718426704) * x4) - (1.255240917206 * x5)))))))',2.238022099074436e-10,4.2150374857108375e-10,135446549,409,20,58,12,65536,paper,6,0,1592565386
3600.724054031074,'((-0.280495822430) + (0.271735757589 * (((((1.502043366432 * x5) - ((-1.588340044022) * x6)) - ((-1.512339472771) * x4)) + (((1.351749420166 * x5) - ((-1.252110242844) * x6)) + (1.287238717079 * x4))) + ((((1.175043463707 * x4) - ((-1.252110242844) * x6)) / ((1.029860734940 * x4) - ((-1.248987913132) * x6))) + (((0.826259136200 * x5) - ((-0.839743316174) * x6)) + (0.879997074604 * x4))))))',4.109564200110143e-07,4.0387286048826354e-07,135937806,409,10,58,12,65536,paper,6,0,4190266092
3600.810924567282,'(0.000041607946 + ((-0.388759762049) * ((((-1.737973213196) * x5) * 1.480047821999) - ((2.572283029556 * x4) + (2.572281837463 * x6)))))',1.5109042959288684e-09,1.6137572389496313e-09,323647011,409,18,58,12,65536,paper,4,0,1934392872
3600.895182915032,'(42.866729736328 + ((-0.956806600094) * (((log((((-0.097198605537) ^ 2) ^ 1.435740590096)) ^ 2) - (1.045143246651 * x6)) - ((1.045143246651 * x4) + (1.045143246651 * x5)))))',2.5391975440320084e-11,2.6494520466435745e-10,187934227,409,13,58,12,65536,paper,4,0,3081541439
3600.833779424429,'((-0.000022346079) + (1.312313079834 * ((0.762013375759 * x6) + ((0.762013375759 * x5) + (0.762013375759 * x4)))))',3.051559506691533e-10,4.295323818848118e-10,206757634,409,25,58,12,65536,paper,4,0,1728356533
3600.8235709927976,'(0.751083135605 + ((-1.099883317947) * ((((-0.909187436104) * x6) - cos(((-1.987341403961) / cos((((exp((-1.704532742500)) / ((-0.303957611322) * x5)) - ((-0.010431812145) ^ 2)) * (0.909290909767 * x5)))))) + (((-0.909187436104) * x4) - (0.909290909767 * x5)))))',9.842006476514165e-10,8.470218415546071e-10,153494653,409,26,58,12,65536,paper,4,0,3533734220
3600.6528335548937,'((-4.164854526520) + (0.657173275948 * (((((1.840068817139 * x5) + (1.521679997444 * x6)) + (1.607497811317 * x4)) - ((-0.014435291290) * x4)) - ((((0.318413197994 * x5) - ((-0.100271768868) * x4)) - ((0.543548464775 * x5) / (0.085647560656 * x5))) + (((-0.014435291290) * x6) / (((-0.369690895081) * x5) + ((-1.394570589066) * x6)))))))',1.1590357396878933e-08,1.0694152230428244e-08,205190087,409,18,58,12,65536,paper,6,0,1934392872
3600.874153178185,'((-0.000017534157) + (0.837110161781 * (((1.194586038589 * x5) + (1.194586038589 * x6)) - ((-1.194585561752) * x4))))',9.162668848547023e-11,4.736899206214673e-10,201208706,409,19,58,12,65536,paper,4,0,2148995112
3600.9128127619624,'((-0.000010927642) + ((-0.639581382275) * (((-1.563522815704) * x5) - ((1.563522815704 * x6) + (1.563522100449 * x4)))))',1.5123048462905806e-10,1.0918954629346445e-09,273648047,409,12,58,12,65536,paper,4,0,3269070126
3600.862357158214,'((-0.000001953285) + (0.844474017620 * (((1.184168696404 * x6) - ((-1.184169411659) * x4)) - ((-1.184169411659) * x5))))',2.8726628593804207e-10,8.108929083761041e-10,225280917,409,28,58,12,65536,paper,4,0,1904449481
3600.753267504275,'(0.000071496092 + (0.549633085728 * ((((0.088683247566 ^ 2) * ((-0.090828314424) ^ 2)) / (sin((-0.867489397526)) / (2.010114669800 - (1.819240808487 * x4)))) - ((((1.442695021629 * x6) - ((-1.561457037926) * x5)) * (0.088683247566 ^ 2)) - ((1.819240808487 * x4) - (((-1.831675529480) * x5) - (1.830742716789 * x6)))))))',2.9947526468551765e-10,1.7101009497366704e-09,125761667,409,0,58,12,65536,paper,6,0,3324115916
3600.9177386313677,'((-0.000005186409) + ((-0.705001056194) * ((((-0.695668101311) * x6) + ((-1.418437361717) * x4)) + (((-0.722769677639) * x6) + ((-1.418437361717) * x5)))))',2.4052901634476903e-10,4.93761531661363e-10,205665621,409,8,58,12,65536,paper,4,0,404488628
3600.7817677929997,'(0.000047835285 + (1.188564181328 * (((0.841351389885 * x5) + (0.841351389885 * x6)) - ((-0.841350376606) * x4))))',8.945977616641033e-10,1.6137572389496313e-09,213338461,409,29,58,12,65536,paper,4,0,1934709049
3600.751183655113,'(2.497019290924 + (1.840520977974 * ((((((-0.115567967296) * x5) + 0.057039685547) + (0.543324410915 * x4)) + ((0.658391714096 * x5) + ((-1.413823127747) + (0.543324410915 * x6)))) - (((((-0.115567967296) * x5) + (-0.021086096764)) * (((-0.115567967296) * x5) * (-0.044605083764))) / ((1.226592063904 * x5) + (((-0.115567967296) * x5) * 0.318116843700))))))',4.176160843487144e-12,4.3756104295411546e-10,120768283,409,16,58,12,65536,paper,6,0,550243861
3600.793724447489,'((-0.000364302978) + (0.503050923347 * ((((0.581486463547 * x4) - (((-0.298255920410) * x5) + ((-0.285341322422) * x6))) - (((0.193971216679 * x4) / 12.992083549500) / ((-3.083838224411) + (-1.576228499413)))) - (((((-0.298255920410) * x5) + ((-0.285240739584) * x6)) + (((-1.391351461411) * x5) - (1.417297363281 * x6))) + ((-1.403184771538) * x4)))))',3.15549728803643e-08,3.147629357158621e-08,132315167,409,6,58,12,65536,paper,6,0,2995172877
3600.84865347296,'((-0.000450646388) + ((-0.261532634497) * ((((((-0.693967103958) * x5) - (1.511521935463 * x4)) + ((-0.677081108093) * x6)) + ((((-1.499118804932) * x5) - (0.693147182465 * x4)) + ((-1.513870120049) * x6))) + ((((-0.067250192165) * x4) - (0.485275387764 * x5)) - (((1.551661252975 * x4) - ((0.007994174957 * x4) / ((-1.843237400055) * x6))) - (((-1.145249605179) * x5) + ((-1.632678508759) * x6)))))))',5.513207556781753e-09,4.2351091522618844e-09,126532757,409,14,58,12,65536,paper,6,0,3376120482
3600.7818268984556,'(45.063381195068 + ((-0.962445378304) * (((((-1.039020061493) * x6) + ((-0.656375050545) * x6)) + ((((-1.039020061493) * x4) + ((-0.656375050545) * x6)) + ((-1.039020061493) * x5))) - ((((-0.656375050545) * x6) + ((-0.656375050545) * x6)) - ((((-2.670436143875) * x11) ^ 2) / ((0.390263855457 * x11) ^ 2))))))',1.5801297197964527e-10,4.01432137531188e-10,212265128,409,17,58,12,65536,paper,6,0,3606691181
3600.8263520896435,'((-0.010041795671) + ((-0.358862191439) * (((((-0.575374066830) * x5) - ((1.586800813675 * x4) + (1.153546333313 * x6))) + ((((-0.736984550953) * x5) + ((-0.550569236279) * x6)) + ((-0.611911714077) * x4))) + (((((-0.736984550953) * x5) + ((-0.550569236279) * x6)) + (((-0.399899214506) * x5) / (12.343012809753 * x6))) + (((-0.587913036346) * x4) + (((-0.736984550953) * x5) + ((-0.532102823257) * x6)))))))',9.765740977191145e-07,9.67074129221146e-07,130713447,409,1,58,12,65536,paper,6,0,2811363264
3600.821884918958,'(0.092823140323 + (0.034548591822 * (((((0.674087762833 * x5) - ((-0.352673053741) * x4)) - exp(cos((log(log((6.087532997131 * x4))) / exp(2.320176124573))))) + ((2.084164381027 * x4) - (((-1.914724707603) * x6) + ((-1.744337797165) * x5)))) + (((2.394701480865 * x4) - (((-2.441881179810) * x6) + ((-2.396377563477) * x5))) / sin(sin(3.051005840302))))))',9.587769251102705e-10,1.6779864164817582e-09,124387351,409,4,58,12,65536,paper,6,0,3687649985
3600.810107141733,'((-0.661455273628) + ((-0.384937971830) * ((((((-1.160982012749) * x6) - (1.250127196312 * x4)) - cos((-0.761906981468))) - (((0.743489146233 * x4) + (0.832235217094 * x6)) - ((-1.997896790504) * x5))) - ((cos(0.041157986969) ^ (((-0.599459588528) * x5) + ((1.346493721008 * x4) + (0.826529622078 * x6)))) + (((0.605235457420 * x6) + (0.605235457420 * x4)) - ((-0.599459588528) * x5))))))',7.856009722003258e-08,7.412444347210112e-08,115144997,409,26,58,12,65536,paper,6,0,3533734220
3600.82123298198,'((-0.000012564800) + ((-0.303892970085) * ((((((-1.146361827850) * x5) + ((-1.071966409683) * x6)) - (1.106489777565 * x4)) + ((((-1.146361827850) * x5) + ((-1.146699190140) * x6)) - (1.106551051140 * x4))) + (((((-1.146361827850) * x5) + ((-1.071966409683) * x6)) - (1.106551051140 * x4)) + (((0.374434441328 * x4) + (1.919391870499 * x5)) * 0.077343173325)))))',7.02229768500698e-10,1.308668839961058e-09,205640185,409,23,58,12,65536,paper,6,0,3356806661
3600.795154199004,'((-0.000321583619) + ((-0.811633586884) * (((((0.060637623072 * x5) ^ 2) / (((-0.285271316767) * x4) - (1.146560907364 * x5))) + ((((-0.304076910019) * x4) - (0.316511124372 * x5)) + ((-0.237680032849) * x6))) + (((((-0.756725132465) * x6) - (0.928681015968 * x4)) - (0.912385106087 * x5)) + (((0.318309873343 * x4) * (((((0.318688660860 * x4) / (2.977249383926 * x5)) - (((-0.756725132465) * x6) / (0.627627491951 * x11))) ^ 2) ^ 2)) + ((-0.237680032849) * x6))))))',5.417139153916976e-08,5.4578713104547205e-08,200619093,409,27,58,12,65536,paper,6,0,2342600226
3600.872695390135,'(0.585315346718 + (0.749584257603 * ((((0.696312487125 * x5) - ((0.272766172886 * x6) ^ (-0.086337476969))) - ((-0.659006416798) * x6)) + ((((sin((exp((0.592182934284 * x6)) ^ (-0.086706571281))) - (((0.690062761307 * x5) + ((-1.054735064507) * x4)) / (((-0.915780603886) * x3) ^ 2))) - ((-0.659552991390) * x4)) - (((-0.637826502323) * x5) - (0.674699962139 * x6))) + (0.674427747726 * x4)))))',2.1261721814469326e-06,2.0098664208489936e-06,109923380,409,9,58,12,65536,paper,6,0,2261209995
3600.8535720407963,'(0.295063793659 + (0.296486616135 * (((0.077789001167 * x5) + (((1.647479891777 * x5) + (1.123357653618 * x6)) + ((1.107012987137 * x4) + (0.369892686605 * x6)))) - (((((-0.756288170815) * x6) - (0.693147182465 * x4)) - ((1.647479891777 * x5) + (1.123357653618 * x6))) - (((1.286259174347 * x4) / 0.817878484726) - cos(log(cos((sin(((1.668648481369 * x5) / ((1.632926344872 * x5) - (((-1.439832687378) * x1) - (0.489978164434 * x6))))) ^ 2)))))))))',6.309697937623446e-08,6.100965777022793e-08,104108020,409,2,58,12,65536,paper,6,0,1884968544
3600.8284936733544,'((-0.000044007655) + (0.677776038647 * (((-0.014711608179) * ((0.672331988811 * x4) + ((0.713634848595 * x6) + (1.464322566986 * x5)))) - (((((-1.127704858780) * x5) - (1.485912442207 * x6)) - (0.707106769085 * x4)) + ((((-0.320464491844) * x4) * 2.428346157074) - (0.369251310825 * x5))))))',1.5632480496657574e-10,1.2725398512714037e-09,147023686,409,22,58,12,65536,paper,6,0,3980425317
3600.8715452961624,'(144.140502929688 + (0.707106828690 * (((((1.414213538170 * x6) + (1.414213538170 * x4)) + (1.414213538170 * x5)) + ((0.003943797667 ^ 2) - (8.740214347839 ^ 2))) + ((1.063282608986 ^ 2) * ((0.810923039913 ^ 2) - (10.648568153381 ^ 2))))))',1.9168366140691034e-11,1.1400672628170128e-09,143896372,409,5,58,12,65536,paper,6,0,369133708
3600.869984354824,'((-0.861604809761) + (0.709299027920 * (((((0.716709852219 * x4) - ((-0.734614133835) * x6)) + ((1.409734606743 * x5) - (-0.119130872190))) + ((((-0.282461762428) * x4) / (0.690985679626 * x8)) + ((0.693147182465 * x4) - ((-0.675228238106) * x6)))) + ((((1.409734606743 * x5) ^ 0.055535517633) ^ ((1.387380957603 * x5) ^ 0.055535517633)) / ((0.235669583082 * x5) ^ 0.082416415215)))))',5.541450772226206e-08,5.043994733000545e-08,109261111,409,19,58,12,65536,paper,6,0,2148995112
3600.887318778783,'((-0.007783236913) + (0.542656898499 * (((((1.316990733147 * x6) + log(((4.275508880615 * x9) ^ 2))) + ((0.590660274029 * x5) + (0.525792777538 * x6))) * ((0.063881032169 ^ 2) / ((0.525792777538 * x6) - ((-0.646857678890) * x4)))) + ((((1.316990733147 * x6) + (1.221091151237 * x5)) - ((-1.132735133171) * x4)) + (((0.621670305729 * x5) + (0.525792777538 * x6)) - ((-0.710126280785) * x4))))))',2.8499406444207804e-08,2.991873770952225e-08,147969257,409,12,58,12,65536,paper,6,0,3269070126
3600.862508777529,'((-5.585167407990) + (2.302584886551 * ((1.767913818359 ^ 2) + ((((0.434294492006 * x5) + (0.434294492006 * x6)) + (0.434294492006 * x4)) - cos((0.249640956521 + (-1.045173883438)))))))',4.2179562443324654e-11,6.904632976478808e-10,158048334,409,13,58,12,65536,paper,6,0,3081541439
3600.866608481854,'((-0.334918469191) + (0.368433296680 * ((1.010436415672 ^ ((1.010436415672 ^ ((-0.653916418552) * x6)) + (exp(sin(log((2.263245105743 * x9)))) + ((-0.340870231390) * x5)))) + (((sqrt((0.964458167553 ^ ((-0.696011781693) * x5))) / ((-0.566867351532) * x5)) + ((2.302585124969 * x6) - ((-0.562405943871) * x5))) - ((((-2.154424190521) * x5) + ((-1.678468465805) * x4)) + (((-0.411631613970) * x6) - (1.035641431808 * x4)))))))',4.2082778815317904e-07,4.2085343920916785e-07,103340058,409,15,58,12,65536,paper,6,0,2204291346
3600.9482940882444,'(0.559407114983 + ((-0.750196278095) * (((((0.041525848210 * x6) + ((-0.086211495101) * x4)) / ((0.290135711432 * x8) / (0.914651572704 * x6))) + (((cos((0.162328854203 - sqrt((1.510066032410 / (0.147762283683 * x2))))) ^ 2) + ((-0.904903173447) * x5)) + (((-1.332334518433) * x4) - (1.016711473465 * x6)))) - (log((1.423525214195 + 0.047748122364)) * (((0.782585322857 * x5) / (1.253848791122 * x6)) + ((1.103946447372 * x5) + (0.824610412121 * x6)))))))',0.00015223129892674752,0.00015220275963656604,110838438,409,7,58,12,65536,paper,6,0,865305066
3600.888044267893,'((-0.968102455139) + (0.741052269936 * (((((1.438696861267 * x5) - ((-1.350379467010) * x6)) - ((0.089259795845 * x5) + (-1.306837320328))) - ((((-1.115807771683) * x4) - ((-0.337152063847) * x6)) / ((((exp((exp(cos((-1.103944540024))) ^ 2)) / 0.609156370163) - 0.392481505871) ^ 2) - (-0.047733075917)))) - ((-1.346277952194) * x4))))',2.3767864041387675e-08,2.3206792931773634e-08,131916436,409,29,58,12,65536,paper,6,0,1934709049
3600.8514581657946,'((-0.000120706180) + (0.168519496918 * (((((1.835592627525 * x4) - ((-0.508902192116) * x5)) + ((1.937139272690 * x6) - ((-1.354639887810) * x5))) + (((1.103566646576 * x5) + (1.026950597763 * x6)) - ((-1.131359815598) * x4))) + ((((1.835592627525 * x4) - ((-0.508902192116) * x5)) + ((1.942997217178 * x6) - ((-1.354639887810) * x5))) + (((1.103371858597 * x5) + (1.026950597763 * x6)) - ((-1.131501078606) * x4))))))',4.250626830597418e-09,5.1262882827529666e-09,190651976,409,25,58,12,65536,paper,6,0,1728356533
3600.8653180748224,'(1.817846894264 + ((-0.564189493656) * ((sqrt((sin(cos(0.544125795364)) / sqrt(((0.047082670033 + (sin((-0.123288035393)) / cos((1.137994647026 * x0)))) ^ 2)))) / (((log(exp((0.707106769085 * x6))) / (log((1.137994647026 * x0)) - ((((((-0.736008226871) * x2) / (1.772453904152 * x10)) / cos((0.707106769085 * x6))) + cos(cos(((-1.043599486351) * x3)))) ^ 2))) + (1.772453904152 * x4)) + ((1.772453904152 * x5) + (1.772453904152 * x10)))) - ((((1.772453904152 * x6) + (1.772453904152 * x4)) + (0.186084255576 * 1.890436649323)) - ((1.890436649323 ^ 2) - (1.772453904152 * x5))))))',1.1256679782908155e-10,2.850168157042532e-10,80872558,409,8,58,12,65536,paper,6,0,404488628
3600.925437513739,'((-1.015633821487) + ((-0.350261121988) * ((((((-3.069527626038) * x5) + ((-2.855012416840) * x6)) + log(((((((-0.409844458103) * (0.024464394897 * x5)) - 6.837643146515) * 0.002391151618) ^ 2) + cos((-1.515986084938))))) + ((-2.855012416840) * x4)) - ((-0.214497447014) * x5))))',3.117428363634214e-10,4.696756317201789e-10,145353471,409,11,58,12,65536,paper,6,0,3160032368
3600.8854141570628,'((-0.378808408976) + (0.712736248970 * (((((0.861144304276 * x6) + (0.828232288361 * x5)) + (0.883973956108 * (0.915922164917 * x4))) + (((0.592798054218 * x4) + (0.542217135429 * x6)) + (0.574599564075 * x5))) + ((((0.592798054218 * x4) + (0.722523331642 * x1)) + ((3.141592741013 * x6) + (0.545965731144 * x5))) / (((0.512071728706 * x5) + (6.588540554047 * x6)) + ((0.592798054218 * x1) * ((sin(log((1.259684085846 * x5))) * ((0.602981388569 * x5) / (0.234547480941 * x6))) ^ 2)))))))',3.2561306548563356e-06,3.243511400796706e-06,160262696,409,24,58,12,65536,paper,6,0,2765379632
3600.8789125606418,'((-0.529873192310) + (0.488287538290 * (((((1.552339076996 * x5) - ((-1.734980463982) * x4)) - (sin(((((3.642009258270 * x5) * sqrt((3.834154367447 * x6))) * (cos(log((0.318309873343 * x6))) ^ 2)) / ((1.624634742737 * x6) ^ 2))) - (1.624634742737 * x6))) + (log((1.624634742737 * x6)) / sqrt((0.318309873343 * x6)))) + ((((0.615104556084 * x5) - ((-0.389974743128) * x4)) - (((-0.976011157036) / ((3.220840930939 * x6) / (1.756701588631 * x5))) - (0.529843568802 * x6))) / 1.245988726616))))',1.0592969689999599e-05,1.054899075825233e-05,100596227,409,28,58,12,65536,paper,6,0,1904449481
3601.0867440775037,'((-0.400202900171) + ((-0.459934800863) * (((sqrt((36.645423889160 * x6)) + (0.352753043175 * x5)) / ((((-1.543907642365) * x6) - (cos((((-1.543907642365) * x6) + ((2.302585124969 / (0.161695718765 ^ (0.223828420043 * x1))) / sin((1.243688821793 * x5))))) + ((-1.748842358589) / (-0.034400120378)))) - ((0.318309873343 * x4) / cos(cos((cos(sin(((-0.324883192778) * x0))) - ((0.515627563000 ^ ((((-0.107949793339) - (cos((0.327557563782 * x6)) * sin((15.179464340210 * x6)))) ^ 2) + cos((((0.325045019388 * x3) ^ 2) / (-0.034400120378))))) - (sin((sin(((1.307281613350 * x5) ^ ((-0.308454245329) * x0))) * (0.214212447405 * x4))) ^ 2)))))))) + ((((-2.172994375229) * x5) + (((-1.847784399986) * x6) - (1.692259788513 * x4))) - ((0.443980276585 + (0.327557563782 * x6)) + ((0.214212447405 * x4) / 0.443980276585))))))',1.0822998036815363e-05,1.0801386451930739e-05,63542190,409,3,58,12,65536,paper,6,0,1859786275
