total_time_seconds,expression,mse,old_mse,evaluations,dataset,fold,num_observations,num_features,population_size,operator_set,template_depth,iteration,seed
3600.0277278348804,'((-0.418487191200) + (0.152285665274 * (((0.749684870243 * x5) - ((-0.398961842060) * x2)) / ((0.693147182465 - ((0.434294492006 * x3) - (0.341945797205 * x2))) / (((0.056248426437 * x1) + (2.060849428177 * x0)) / (0.434294492006 * x5))))))',0.5210336272497254,0.5210334658622742,8681191,california_housing,7,19952,8,256,paper,4,0,865305066
3600.023569189012,'((-35.487110137939) + (0.875756561756 * (((((2.302585124969 * x0) / (2.685383796692 * x5)) - (0.504790008068 * x7)) - (sin(((0.198020517826 * x2) * ((2.542416095734 * x0) / (2.688457727432 * x5)))) / ((2.706454753876 * x0) / (2.657430887222 * x5)))) + ((-0.507982492447) * x6))))',0.43442080446503245,0.43442073464393616,4369320,california_housing,18,19952,8,128,paper,6,0,1934392872
3600.024585649371,'(3.112245559692 + (0.793296694756 * (cos((0.780006885529 * x5)) - (sin(log(((64.404991149902 * x5) + ((((-0.625177145004) * x6) ^ 2) - (8.819500923157 * x1))))) + (log((2.307762384415 * x2)) * cos((0.280206233263 * x0)))))))',0.4972867868173009,0.49728694558143616,6575186,california_housing,13,19952,8,128,paper,4,0,3081541439
3600.034945257008,'(2.588704347610 + ((-2.200067520142) * sin((cos(((((-0.828219652176) * x0) / (1.244619965553 * x5)) - (sin((exp(sin(0.080477744341)) * (((-2.654705047607) * x2) - ((-2.306377410889) * x2)))) / (0.318309873343 * x1)))) - exp((((0.561078906059 * x2) + cos((1.564450263977 * x7))) / ((-0.690183639526) * x0)))))))',0.44811264656106875,0.44811272621154785,6539913,california_housing,2,19952,8,256,paper,4,0,1884968544
3600.028861425817,'(0.685225903988 + ((-0.712820351124) * ((((0.094783708453 * x0) + (((-0.005098700523) * x1) - cos(((((0.707106769085 - (0.094783708453 * x0)) * (0.340970307589 * x0)) + ((0.805952727795 * x7) + (0.805952727795 * x6))) - (0.059463478625 * x0))))) - (0.489381968975 * x0)) / (0.318309873343 * x5))))',0.41332132388893966,0.41332125663757324,5509533,california_housing,18,19952,8,256,paper,4,0,1934392872
3600.0494772568345,'(0.325952917337 + (7.505658149719 * ((((-0.780316472054) * x0) / ((-5.758430957794) * x5)) ^ sqrt((((((29.979013442993 * x4) ^ ((-0.007296744734) * x0)) / (0.108229227364 * x1)) ^ cos(((-1.672947645187) * x6))) ^ 0.319868445396)))))',0.4964065948650085,0.49640652537345886,4791799,california_housing,9,19952,8,128,paper,4,0,2261209995
3600.0841494090855,'(0.104407079518 + (1.262941360474 * ((((exp((((0.434294492006 * x5) ^ 2) ^ 1.970845580101)) ^ (-1.130273938179)) - (-0.919423818588)) / (((1.045065522194 * x1) ^ ((-0.205600082874) * x0)) - (-0.313495159149))) / (((0.272513896227 * x0) ^ ((-0.239916980267) * x0)) - (-0.824648678303)))))',0.5227770221349777,0.5227770805358887,1538420,california_housing,28,19952,8,128,paper,6,0,1904449481
3600.057760063559,'(3.749019622803 + (0.320400923491 * (((((-0.265264332294) * x6) + cos((1.800036072731 * x7))) + (0.006043072790 * x1)) - (((((0.006043072790 * x1) + cos(log(cos(cos(((-0.595512449741) * x2)))))) / (0.227009460330 * x5)) * ((-0.588135480881) * x0)) + cos((0.367458611727 * x0))))))',0.4689588533401234,0.4689590036869049,5523700,california_housing,10,19952,8,128,paper,4,0,4190266092
3600.0517365187407,'(0.044054150581 + (1.294071555138 * (((2.048533916473 * x0) / (2.465410709381 * x5)) + cos(sqrt((cos(((-1.459875464439) * x7)) + 1.810164928436))))))',0.5011843663684638,0.5011844038963318,9638472,california_housing,6,19952,8,256,paper,4,0,2995172877
3600.0870089270175,'(0.335642486811 + ((-0.413148373365) * (cos((1.512292504311 * x7)) + (log((((1.403304219246 * x4) * (1.512292504311 * x1)) ^ 2)) / (((-1.826942086220) * x5) / (0.224320515990 * x0))))))',0.48703016040231384,0.4870299994945526,9731955,california_housing,15,19952,8,128,paper,4,0,2204291346
3600.054525207728,'(8.523988723755 + ((-9.605324745178) * ((sqrt(exp(((-0.160742044449) * x0))) / exp((0.353292614222 ^ (0.608074963093 * x2)))) - (0.353292614222 ^ (1.371636867523 ^ (1.454254746437 ^ (1.314028382301 * x5)))))))',0.5415696471035021,0.5415695905685425,3732461,california_housing,20,19952,8,128,paper,6,0,1592565386
3600.0871693380177,'(0.354904443026 + (0.478971898556 * (sin((1.473112344742 * x7)) - (((-0.758603632450) * x0) / (0.338959246874 * x5)))))',0.5054353551152363,0.5054352879524231,10417592,california_housing,11,19952,8,128,paper,4,0,3160032368
3600.064224023372,'((-0.474112242460) + ((-1.300542473793) * ((((((-0.219092190266) * x0) - (1.107431411743 * x5)) + ((-0.308429479599) * x0)) + ((-0.033804960549) * x1)) / ((0.707106769085 * x5) * sqrt(sqrt(((0.769325792789 * x2) ^ exp(cos(((-0.317149430513) * x0))))))))))',0.4977195739538567,0.4977196156978607,4724157,california_housing,19,19952,8,128,paper,4,0,2148995112
3600.0623624809086,'(7.768201351166 + (2.463337182999 * (((0.147498130798 * x0) / (0.514665186405 * x5)) + (sin((cos(((0.330363512039 ^ exp((0.147498130798 * x0))) * ((0.835141420364 * x0) + (1.025371074677 * x2)))) - 1.442695021629)) - (sqrt((0.114036798477 * x6)) - cos((((0.318309873343 * (0.078451342881 * x7)) ^ 2) - (0.114036798477 * x6))))))))',0.4417451461484791,0.441744863986969,5330993,california_housing,4,19952,8,128,paper,4,0,3687649985
3600.0448009744287,'(0.360068500042 + ((-0.474459320307) * (sin((1.499535202980 * x7)) - ((1.392205953598 * x0) / (0.618620634079 * x5)))))',0.5054710605305699,0.505470871925354,11416745,california_housing,4,19952,8,256,paper,4,0,3687649985
3600.0629751309752,'((-33.065269470215) + ((-0.229857549071) * ((log(((0.434294492006 * x5) ^ 2)) + (cos((2.031707286835 * x5)) + (1.772453904152 * x7))) + (((((-1.621133804321) * x0) + (1.830252528191 * x6)) + cos(((-2.950486660004) * x7))) + cos((1.432775974274 * x5))))))',0.43349034419038834,0.43349021673202515,5371865,california_housing,19,19952,8,128,paper,6,0,2148995112
3600.051755681634,'(2.185951471329 + (1.209772109985 * (sin(sin(cos(((-0.780520975590) * x5)))) - (sqrt((0.689112544060 * x0)) * cos(sqrt((0.812996923923 * x0)))))))',0.576237857108661,0.576237678527832,6223822,california_housing,22,19952,8,128,paper,6,0,3980425317
3600.0387217998505,'(3.006920337677 + ((-2.141289234161) * cos(((3.657267332077 * x0) / ((0.601452469826 * x2) - ((-3.510390043259) * x5))))))',0.5385915559241464,0.5385915637016296,14289710,california_housing,21,19952,8,256,paper,4,0,784044718
3600.0475196242332,'((-1.141966223717) + (1.685385465622 * (((0.693147182465 * x0) / (1.124045848846 * x5)) + ((exp((((-2.640096664429) * x2) / (0.260173290968 * x1))) + log(sqrt((exp(cos(cos((sin((-2.588501930237)) + log((1.016602039337 * x0)))))) ^ 2)))) + exp(((-0.441726386547) * x2))))))',0.5148939816612976,0.5148939490318298,3846151,california_housing,14,19952,8,128,paper,4,0,3376120482
3600.057469047606,'(0.147566512227 + ((-0.432938337326) * ((cos(cos((0.677212953568 * x7))) / (((0.019603721797 * x5) - ((-0.001944363117) * x0)) * ((cos(((-0.669577419758) * x7)) - (0.162277355790 * x7)) - (0.605950713158 * x6)))) * ((((0.019603721797 * x5) - (0.318309873343 * x0)) - ((-0.001944363117) * x1)) - ((-0.471495598555) * x0)))))',0.4094667332480418,0.40946686267852783,4570062,california_housing,21,19952,8,128,paper,6,0,784044718
3600.0554013624787,'(0.497454732656 + ((-0.233833789825) * (((1.131580233574 * x7) - ((-2.960994482040) * x6)) * (sin(((log(cos((-0.185904398561))) * ((0.434294492006 * x1) + (1.411097049713 * x6))) / ((-2.934312343597) * x5))) * (0.434294492006 * x0)))))',0.5234591476747339,0.5234590768814087,6120925,california_housing,18,19952,8,128,paper,4,0,1934392872
3600.06081321463,'((-35.029621124268) + ((-0.535489976406) * (((exp((cos(log((exp(((-0.213614672422) * x0)) ^ (cos(((0.318309873343 * x5) / ((-0.213614672422) * x0))) ^ 2)))) ^ 2)) - ((0.051070407033 * x1) ^ exp(((-0.356462001801) * x5)))) - ((-2.217447757721) * x7)) + (((((-0.842359602451) * x0) - (1.414213538170 * x7)) - ((-0.826214909554) * x6)) + ((0.318309873343 * x0) + (1.640051960945 / ((-0.312014698982) * x5)))))))',0.41791140078868116,0.41791146993637085,2209679,california_housing,10,19952,8,128,paper,6,0,4190266092
3600.0694301500916,'(3.187074661255 + (1.462947487831 * ((((1.825520277023 * x0) / log((2.761944770813 * x2))) / (log((2.108653068542 * x5)) - (((-7.047639369965) * x0) / (0.917745411396 * x4)))) - (exp(exp(((-1.010333299637) * x3))) + sin(((0.525129914284 * x1) ^ 0.287170201540))))))',0.5134036025559071,0.5134035348892212,3902656,california_housing,7,19952,8,128,paper,6,0,865305066
3600.0507433861494,'(0.323761403561 + (46.405189514160 * ((cos(cos(exp(sin(sqrt(((((-0.533527076244) * x7) ^ 2) + (4.554498672485 * x0))))))) / (1.772453904152 * x5)) / ((((1.414213538170 * x6) + ((1.414213538170 * x6) - ((4.255117416382 * x5) - (2.384008407593 * x0)))) + ((-0.449036061764) * x1)) / (4.554498672485 * x0)))))',0.4792787711763676,0.4792785942554474,4433359,california_housing,16,19952,8,256,paper,4,0,550243861
3600.036027535796,'(0.429980576038 + ((-14.815424919128) * ((0.318309873343 * x0) / (((log(sqrt((0.177015691996 * x1))) + (0.485056370497 * x5)) ^ 2) + ((-5.694741249084) * x5)))))',0.553455731598438,0.5534554123878479,10535371,california_housing,2,19952,8,128,paper,4,0,1884968544
3600.0631416775286,'(18.399320602417 + ((-9.977955818176) * log((log((3.834760189056 * x6)) + sin((sin((((-0.181573137641) * x0) + (0.321612238884 * x5))) / (0.242432504892 * x5)))))))',0.530876630829929,0.5308763980865479,8573141,california_housing,15,19952,8,256,paper,4,0,2204291346
3600.0954675599933,'(0.307898581028 + (38.804206848145 * ((((-0.856144130230) * x0) + cos((1.564504265785 * x7))) / (((-0.745764374733) * x6) * sqrt((sqrt(sqrt(((6.283185482025 + sqrt((((0.202632814646 * x2) ^ ((-0.856144130230) * x0)) / ((0.202632814646 * x0) ^ ((-0.856144130230) * x0))))) * 2.757449626923))) * exp(log(((0.384095519781 - ((-0.625150620937) * x5)) ^ 2)))))))))',0.4836240950204916,0.48362407088279724,11724233,california_housing,7,19952,8,128,paper,4,0,865305066
3600.086640868336,'(0.722614169121 + (1.260227203369 * (((-0.166361927986) * x0) / (((-0.173838436604) * x5) - (sin((((-0.429493278265) * x7) ^ exp((1.428462743759 / (0.492252528667 * x6))))) ^ 2)))))',0.44914586026974485,0.44914600253105164,7382079,california_housing,12,19952,8,256,paper,4,0,3269070126
3600.034240152687,'((-41.644210815430) + ((-0.133066609502) * (((3.632594347000 * x6) - ((-3.740563869476) * x7)) + ((-2.760489225388) * x0))))',0.5542387540604206,0.5542382597923279,12400517,california_housing,5,19952,8,128,paper,4,0,369133708
3600.050417739898,'((-42.211837768555) + ((-1.539872288704) * (sin(cos(log(((0.078305780888 * (2.148075819016 * x5)) * 0.693147182465)))) - ((0.229523152113 * x0) + (((-0.338110417128) * x7) - (0.341019958258 * x6))))))',0.4640145495002195,0.46401432156562805,7829209,california_housing,12,19952,8,128,paper,4,0,3269070126
3600.0741742774844,'(3.035709619522 + ((-1.966819763184) * sin((((((-1.360157966614) * x0) + ((-3.291503429413) * x5)) * sin((((((-3.062088012695) * x5) - ((-0.194755762815) * x1)) * exp(((-1.549836277962) * x5))) + exp((0.492498517036 / (exp((0.431780546904 * x0)) / ((-0.204687163234) * x2))))))) / ((-1.549836277962) * x5)))))',0.4911949228324974,0.49119487404823303,10003608,california_housing,3,19952,8,256,paper,4,0,1859786275
3600.079048689455,'((-0.533198952675) + (6.362099170685 * (((0.344071090221 * x0) + (0.009239743464 * x1)) / (((0.413741797209 * x5) - ((sin((0.414031565189 * x5)) / ((-0.556255161762) * x3)) + ((-0.055966861546) * x0))) - ((-0.176830902696) * x2)))))',0.5180940801972144,0.518094003200531,8577675,california_housing,8,19952,8,256,paper,4,0,404488628
3600.065498329699,'((-1.084018230438) + (2.497609138489 * ((sqrt((0.533011257648 * x2)) ^ (cos((0.824432611465 * x5)) + ((-0.293404549360) * x5))) + (0.197284907103 * x0))))',0.5517847976076227,0.5517843961715698,3922875,california_housing,15,19952,8,128,paper,6,0,2204291346
3600.096819791943,'(5.513036251068 + ((-4.733201503754) * (((((0.155887573957 * x5) * 0.317275553942) ^ (0.155887573957 * x0)) ^ (0.047896087170 * x0)) ^ (2.053530454636 / (((0.579604864120 * x5) * 0.317275553942) * ((0.971881926060 * x2) ^ 0.640745937824))))))',0.5428751621287948,0.5428747534751892,1474569,california_housing,23,19952,8,128,paper,6,0,3356806661
3600.0580663233995,'(0.869328558445 + (0.893640458584 * (((0.500085413456 * x0) + cos((0.707106769085 * x5))) + (log((exp(((-2.310209989548) / ((-3.845739364624) * x2))) ^ (0.146809697151 * x1))) - (sqrt(sqrt(((((((-1.201442718506) * x0) * ((-0.229246512055) * x0)) / (0.366396725178 * x6)) + sin((0.579016089439 * x0))) / exp(cos((0.366396725178 * x6)))))) ^ 2)))))',0.5029850867252388,0.5029851198196411,3782838,california_housing,10,19952,8,256,paper,4,0,4190266092
3600.0616073422134,'(4.310597419739 + ((-0.851978778839) * (((((0.776276051998 * x1) + (7.227385520935 * x0)) / ((0.807360053062 * x7) + (2.302585124969 * x0))) + exp(sqrt(sin(exp((sin(((0.802625834942 * x7) + 2.381984233856)) ^ 2)))))) + (cos(((1.006357789040 * x0) / (1.080277562141 * x5))) + cos(((0.997939229012 * x0) / (1.772453904152 * x5)))))))',0.4502631828238046,0.450263112783432,3031932,california_housing,25,19952,8,128,paper,6,0,1728356533
3600.05605635792,'((-2.211183309555) + (0.000591345597 * (((((0.366860210896 * x7) - ((-0.704600095749) * x6)) * sin((0.088471770287 * x7))) * (((0.318309873343 * x7) - ((-0.718350052834) * x6)) * ((0.318309873343 * x7) / (6.283185482025 * x5)))) * ((sin((1.498984813690 * x7)) - (1.277090191841 * x0)) - (3.727927207947 * x5)))))',0.4220562926270935,0.42205625772476196,3455787,california_housing,11,19952,8,128,paper,6,0,3160032368
3600.093602858484,'((-2.264559745789) + (3.148878812790 * ((((0.607290029526 * x0) - (((-0.012135028839) * x7) ^ (((3.616808891296 * x1) / ((0.590248644352 ^ ((-1.939399480820) * x2)) / (1.770040869713 * x1))) * ((-0.012135028839) * x0)))) / (1.542098522186 * x5)) + sin(sqrt((1.772453904152 * x6))))))',0.5098163264632934,0.5098163485527039,3303731,california_housing,3,19952,8,128,paper,6,0,1859786275
3600.080135848373,'(9.312184333801 + ((-5.170916557312) * (log((log(((0.256018519402 * x6) - (sin((exp((cos(sin(((1.149237990379 * x7) / 0.693147182465))) - ((0.434294492006 * x3) ^ 2))) ^ 2)) + ((((-0.500868856907) * x5) * (0.670706450939 * x0)) - ((-0.887233555317) * x0))))) ^ 2)) ^ cos((0.185019925237 * x0)))))',0.5360118179748035,0.5360115170478821,3261056,california_housing,26,19952,8,128,paper,4,0,3533734220
3600.061891064048,'((-28.523031234741) + (0.582626044750 * (((cos(((-0.855372726917) * x5)) - ((0.693147182465 * x6) + ((-0.008915428072) * x1))) - (cos((2.115018844604 * x6)) / (0.527908205986 * x2))) + ((cos(((-0.476906031370) * x5)) - ((0.693147182465 * x7) + ((-0.012799389660) * x2))) - (exp(cos((0.131320342422 * x0))) ^ 2)))))',0.4101605661342756,0.4101603627204895,4336832,california_housing,16,19952,8,128,paper,6,0,550243861
3600.0610765628517,'(0.578366041183 + ((-0.081851027906) * (((0.357621282339 * x0) / ((-0.238103628159) * x5)) * log(((0.100148245692 * x4) * ((((cos(((-0.357544034719) * x0)) + (-0.111107960343)) * (0.681210994720 * x2)) - (0.268159896135 * x1)) ^ 2))))))',0.5272408530911273,0.5272407531738281,7101847,california_housing,23,19952,8,256,paper,4,0,3356806661
3600.067103140056,'(0.176273375750 + ((-5.460237503052) * (((2.302585124969 * x0) / ((((-0.404243767262) * x6) - ((-0.111799158156) * x1)) - (0.909031271935 * x2))) / log((1.801653981209 * x5)))))',0.5263530982755337,0.5263528227806091,6611368,california_housing,6,19952,8,128,paper,6,0,2995172877
3600.0885084308684,'(0.073046624660 + (24.877014160156 * (((0.434294492006 * x0) / (10.650275230408 * x5)) - (sin(((cos((0.715838372707 * x7)) ^ 2) * (cos(sqrt((0.731339812279 * x6))) + (((-0.026530753821) * x1) - (((-0.275603085756) * x0) * (-0.537157475948)))))) / (0.693147182465 * x6)))))',0.4892019070360959,0.4892016649246216,8800582,california_housing,14,19952,8,256,paper,4,0,3376120482
3600.077332690358,'(4.791573524475 + ((-5.115231513977) * (cos(0.459048718214) ^ (exp((1.857229232788 * (((-0.241564214230) * x0) / ((-0.443639487028) * x5)))) - ((0.927197098732 + cos(((-1.381015419960) * x7))) / ((-0.208686962724) * x2))))))',0.484217854381313,0.48421794176101685,4893299,california_housing,1,19952,8,256,paper,4,0,2811363264
3600.049349837005,'((-3.430467605591) + (8.341337203979 * cos((cos(((cos(((-0.032914549112) * x1)) - (0.707106769085 * x0)) * ((-0.332245707512) / (0.707106769085 * x5)))) ^ 2))))',0.5047284864326446,0.5047285556793213,11021065,california_housing,3,19952,8,128,paper,4,0,1859786275
3600.046680022031,'(3.071309089661 + ((-2.127077102661) * cos((((log((2.302585124969 * x6)) + log(((0.936770200729 * x5) + (0.146654367447 * x2)))) + 0.693147182465) - (0.278580904007 * x0)))))',0.5410808395020547,0.541080892086029,11051816,california_housing,0,19952,8,128,paper,4,0,3324115916
3600.039403706789,'(4.805678367615 + (13.865221977234 * log(cos((sin(cos((log(sin(((0.318309873343 * x2) ^ (0.318309873343 / (1.133574724197 * x0))))) * ((2.302585124969 * x0) / ((-1.091866612434) * x5))))) ^ 2)))))',0.5296875272910184,0.5296874642372131,8380388,california_housing,5,19952,8,256,paper,4,0,369133708
3600.061154808849,'(0.215488716960 + (0.053078521043 * (((sqrt((((((-0.643825292587) * x7) ^ 2) + (0.693147182465 * x4)) * cos((0.883137166500 + ((-0.146270453930) * x7))))) + (0.693147182465 * x1)) / (1.414213538170 * x5)) * ((((1.617043137550 * x0) * ((-0.054640442133) / (1.414213538170 * x5))) - sin(((-0.242482870817) + ((-0.216025948524) * x6)))) * (0.466792345047 * x0)))))',0.5007202520774046,0.5007203817367554,5618771,california_housing,20,19952,8,256,paper,4,0,1592565386
3600.091672528535,'((-57.779388427734) + ((-2.950642824173) * (log((sqrt(((1.489325284958 * x6) - ((-1.498351812363) * x0))) ^ sqrt(((1.414213538170 * x6) ^ (-1.062371730804))))) * (log(((1.934977293015 * x5) - 1.302734136581)) + (0.679561495781 * x7)))))',0.4700083344310358,0.4700082838535309,2632120,california_housing,25,19952,8,256,paper,4,0,1728356533
3600.0475022681057,'(0.751194119453 + ((-0.152910754085) * (((1.442695021629 * x0) * log((10.778895378113 * x1))) / (((-0.841733455658) * x5) * log(((((log((0.132671281695 * x0)) ^ 2) * (0.141205847263 * x2)) + 1.893526077271) ^ 2))))))',0.5306211677503776,0.5306210517883301,6143877,california_housing,22,19952,8,256,paper,4,0,3980425317
3600.0523580797017,'(11.299633979797 + ((-10.158221244812) * (cos(exp((((-1.517414569855) * x5) / (0.885720491409 * x0)))) ^ 2)))',0.5570633546842522,0.5570632219314575,10260366,california_housing,0,19952,8,128,paper,6,0,3324115916
3600.0678098872304,'(0.564358115196 + ((-221.465728759766) * (((1.414213538170 * x0) * (((cos(((6.254361152649 * x0) / (6.283185482025 * x5))) - log(((1.673994541168 * x5) + (0.344150483608 * x1)))) / (5.914872646332 * x6)) * log((3.141592741013 * x3)))) / ((1.903055071831 * x5) + (1.197476983070 * x2)))))',0.48400953159359594,0.4840095639228821,5727161,california_housing,20,19952,8,128,paper,4,0,1592565386
3600.0638010166585,'(1.274832010269 + (3.663433551788 * (exp((0.434294492006 * (exp((((0.505308330059 * x0) / (-1.001780629158)) + (0.908961832523 * x5))) * (-1.190815448761)))) ^ 2)))',0.5587605056671596,0.5587604641914368,8727634,california_housing,29,19952,8,128,paper,6,0,1934709049
3600.0451691038907,'(1.254885435104 + (1.779427289963 * ((cos(sqrt(exp((cos((1.595988750458 * x6)) / 3.255492925644)))) / cos(cos((0.768960177898 * x7)))) - cos(((2.316553592682 * x0) / (3.111805200577 * x5))))))',0.44861981139716645,0.44861990213394165,5066493,california_housing,1,19952,8,128,paper,6,0,2811363264
3600.050172287971,'(0.347575396299 + ((-9.734644889832) * ((sin((0.101155295968 * x0)) / (log((2.292507886887 * x6)) + sin((1.804509758949 * x6)))) / ((sin(((-0.064342752099) * x1)) / (0.492550104856 * x1)) + ((-0.181060880423) * x5)))))',0.4947761539990601,0.49477604031562805,5125053,california_housing,5,19952,8,128,paper,6,0,369133708
3600.050676636398,'(0.484635204077 + (0.817101716995 * ((0.325427532196 * x0) * (log((1.002085804939 * x1)) ^ sin(log((5.695146560669 * x5)))))))',0.5635599881443288,0.5635597705841064,3857858,california_housing,12,19952,8,128,paper,6,0,3269070126
3600.060682654381,'(2.039661407471 + ((-5.901653289795) * (((0.361734867096 * x0) ^ ((-0.096993818879) * x0)) - ((0.568969547749 * x5) ^ ((-0.071719318628) * x0)))))',0.5845539628782304,0.5845537781715393,2770646,california_housing,23,19952,8,128,paper,4,0,3356806661
3600.064460232854,'((-38.392074584961) + ((-63.980747222900) * ((((-0.016269631684) * x0) * exp(((-0.373558312654) * x5))) + ((0.007272298448 * x6) + (0.007272298448 * x7)))))',0.4621935685067631,0.4621935486793518,8347615,california_housing,9,19952,8,256,paper,4,0,2261209995
3600.081219099462,'(8.907426834106 + ((-8.675375938416) * ((sin(cos((cos(((-0.717445135117) * x7)) / 1.442695021629))) ^ (((-0.323000699282) ^ 2) + exp(((-1.137038707733) * x5)))) ^ (1.341370701790 * x0))))',0.4923410173331735,0.49234071373939514,2346696,california_housing,13,19952,8,128,paper,6,0,3081541439
3600.029061678797,'(0.354487955570 + ((-0.476875007153) * ((((-2.439064502716) * x0) / (1.083752274513 * x5)) - cos(((-1.486303925514) * x7)))))',0.5034139524785035,0.5034136772155762,11593745,california_housing,6,19952,8,128,paper,4,0,2995172877
3600.0550761930645,'(0.347249001265 + (0.205137208104 * (((1.863727450371 * x0) + (sin((1.256596684456 * x5)) + sin((3.328647136688 * x7)))) + ((sqrt((0.456888437271 * x1)) ^ sin((1.011212825775 * x5))) * (sin((1.364682555199 * x7)) + sin((1.366662621498 * x6)))))))',0.4587292786071361,0.4587293565273285,2426055,california_housing,17,19952,8,128,paper,6,0,3606691181
3600.0291019938886,'(0.026991415769 + (0.124204829335 * ((((0.179127678275 * x1) - (((-0.125727251172) * x7) * ((-0.464481115341) * x0))) * cos(((-0.179338976741) * x6))) / ((0.072556994855 * x2) + (0.507298409939 * x5)))))',0.5149168730493943,0.5149166584014893,8051082,california_housing,27,19952,8,128,paper,4,0,2342600226
3600.0628644637764,'((-0.658336222172) + ((-0.413191705942) * (cos((1.407577753067 * x7)) - (((1.370851635933 * x1) ^ log(exp((1.864626407623 ^ ((-0.843525290489) * x5))))) + (0.977356255054 * x0)))))',0.4924096955836278,0.4924094080924988,3449130,california_housing,0,19952,8,256,paper,4,0,3324115916
3600.0591498464346,'(2.675762891769 + ((-0.017303906381) * (((-0.908944189548) * x1) - ((0.550206720829 * x7) * (cos((0.253344774246 * x0)) + (cos((((-0.223603680730) * x0) * (log((0.119361713529 * x5)) ^ 2))) * ((-0.007957935333) * x7)))))))',0.5086379038985108,0.5086377263069153,7072003,california_housing,16,19952,8,128,paper,4,0,550243861
3600.0544241443276,'((-20.009101867676) + ((-0.002797391033) * (((2.114429712296 * x0) - (1.000136256218 * x7)) * ((0.924771010876 * x7) + (1.369560241699 * x6)))))',0.5519545929318106,0.5519542098045349,10032255,california_housing,13,19952,8,256,paper,4,0,3081541439
3600.0497170202434,'((-41.164661407471) + ((-0.189659208059) * (((2.557036876678 * x6) - ((-2.631329059601) * x7)) - (log((((-0.738461971283) * x0) ^ 2)) ^ 2))))',0.5477629526182969,0.5477626323699951,11898966,california_housing,29,19952,8,128,paper,4,0,1934709049
3600.036058180034,'(23.383470535278 + ((-4.780302047729) * (((((0.314837247133 * x6) / (3.687293291092 * x1)) ^ cos(sin(((1.456044197083 * x6) / 1.444358468056)))) + (3.671365499496 * x5)) / ((((0.314837247133 * x6) / (2.718281745911 * x0)) / (3.687293291092 * x1)) + (((2.687921762466 * x0) / (1.456044197083 * x6)) + (0.762061715126 * x5))))))',0.5081579486072977,0.5081578493118286,7906959,california_housing,26,19952,8,128,paper,6,0,3533734220
3600.055174957961,'(0.302856832743 + ((-0.727762699127) * (((cos((1.839688777924 * x5)) - cos(((-1.672077894211) * x6))) * cos(((-0.318340986967) * x5))) - (0.556685388088 * x0))))',0.5227750925797723,0.522774875164032,6365412,california_housing,2,19952,8,128,paper,6,0,1884968544
3600.055210854858,'(4.250250339508 + ((-16.178232192993) * ((((-0.197582244873) * x0) / (3.239485502243 * x5)) + ((1.859875202179 * x6) / (((1.202402830124 * x1) - ((-6.233328342438) * x0)) + ((-2.027946472168) * x7))))))',0.5230674058314091,0.5230671763420105,9031692,california_housing,17,19952,8,256,paper,4,0,3606691181
3600.0740535333753,'((-0.001125482959) + (8.595687866211 * (((1.772453904152 * x0) / exp(sin((log((exp(sqrt(((7.468362331390 * x1) * exp(((-6.162621498108) * x3))))) ^ 2)) / (0.163979083300 * x1))))) / ((4.100525856018 * x5) - ((-1.839977502823) * x2)))))',0.5334890696526423,0.5334891080856323,6361551,california_housing,27,19952,8,256,paper,4,0,2342600226
3600.04780529812,'((-0.766576051712) + ((-0.540562212467) * ((((2.099157094955 * x5) + ((0.882563292980 * x0) + (0.050867319107 * x1))) / (((0.202649578452 * x0) + (0.046519976109 * x2)) + (0.050060488284 * x2))) / ((2.936502933502 * x5) / ((((-1.475403785706) * x3) + (0.044990845025 * x6)) + ((-1.361316323280) * x0))))))',0.5085309104117633,0.5085309147834778,4085435,california_housing,4,19952,8,128,paper,6,0,3687649985
3600.0647378601134,'((-17.418798446655) + (0.000507849851 * (((((0.675802230835 * x6) + ((-1.161004900932) * x0)) + ((0.693147182465 * x6) + ((-1.151917695999) * x0))) + (sin((2.881986379623 * x7)) + ((((-0.732842624187) * x6) / (1.234978199005 * x5)) + (1.291921615601 * x7)))) * ((4.374808311462 * x6) + (3.922869682312 * x7)))))',0.43818798689288146,0.4381880760192871,6010910,california_housing,24,19952,8,128,paper,6,0,2765379632
3600.1048406511545,'((-0.498178124428) + (4285.827636718750 * ((((((0.041730977595 * x0) / (3.141592741013 * x5)) ^ 2) ^ (exp((-0.864342570305)) + (-0.016368329525))) - (-0.016368329525)) / ((2.897996664047 * x6) + ((2.788396358490 * x6) * ((-0.205301940441) * sin((1.630593657494 * x7))))))))',0.48448124861431724,0.48448121547698975,4856695,california_housing,8,19952,8,128,paper,4,0,404488628
3600.0737054124475,'(0.482775330544 + (474.086090087891 * (((((-0.183496117592) * x0) / (2.929165363312 * x6)) / (log((((((((-0.309740900993) * x1) * log((cos(sin(cos((exp(1.496240973473) * ((-0.183496117592) * x7))))) ^ 2))) + (1.772453904152 * x5)) / (2.889292478561 * x6)) * (-0.805703639984)) ^ 2)) / ((-0.183496117592) * x7))) / (3.134940862656 * x5))))',0.5022477407181216,0.5022478699684143,4278817,california_housing,28,19952,8,128,paper,4,0,1904449481
3600.090130440891,'(0.693951487541 + (4.670651435852 * (((0.508904337883 * x0) - (cos(((-0.879765450954) * x6)) ^ 2)) / (2.150434494019 * x5))))',0.5272351000067188,0.5272347927093506,12582269,california_housing,26,19952,8,256,paper,4,0,3533734220
3600.0680924355984,'(0.802794039249 + (0.981804549694 * (((exp(((((-0.661919653416) * x3) + (0.178307861090 * x1)) / ((0.032287999988 * x1) + (1.833254218102 * x5)))) - log((8.511303901672 * x2))) - ((-2.334143400192) * x0)) * (sin(exp(cos((0.707106769085 * x6)))) / (1.833254218102 * x5)))))',0.4939370432030155,0.49393701553344727,5836968,california_housing,25,19952,8,128,paper,4,0,1728356533
3600.0581872314215,'(0.524191915989 + (0.425496309996 * (sqrt(((2.612340927124 * x5) * (((((-1.256324529648) * x0) + cos((1.772453904152 * x6))) * sin((sin((1.442695021629 * x6)) + 1.935202360153))) ^ 2))) / ((1.442695021629 * x5) + cos((1.407585740089 * x7))))))',0.4586013536921008,0.45860132575035095,7585247,california_housing,17,19952,8,128,paper,4,0,3606691181
3600.098794735968,'(3.239115476608 + (2.241616010666 * sin(((2.302585124969 + ((0.318309873343 ^ (0.751195788383 * x5)) / ((-0.002185030375) * x7))) - log((log((log(sin((0.434294492006 ^ ((-0.002185030375) * x1)))) / ((-0.002185030375) * x0))) ^ 3.141592741013))))))',0.5024799545724355,0.5024798512458801,2795820,california_housing,11,19952,8,256,paper,4,0,3160032368
3600.100123308599,'((-1.724224925041) + (0.845601797104 * ((((0.140035271645 * x5) ^ sin(((-0.169903665781) * x0))) ^ (sqrt((0.112521968782 * x0)) ^ sin((1.551258921623 * x7)))) + ((sqrt((0.176225244999 * x0)) ^ sin(((-0.624835312366) * x2))) + (0.364858567715 * x0)))))',0.4573852088767556,0.4573853611946106,1837765,california_housing,27,19952,8,128,paper,6,0,2342600226
3600.0652943365276,'((-28.700725555420) + ((-0.520164489746) * ((((-4.592522621155) * x0) / (2.406853437424 * x5)) - (((-0.655720889568) * x7) - ((cos(sqrt(exp((exp((0.125676944852 ^ 2)) / ((0.335699081421 * x5) / (-1.165208697319)))))) * (cos(((2.718281745911 * x6) / (3.524628639221 * 0.414978057146))) * sin((1.710455775261 * x7)))) + (0.623573899269 * x6))))))',0.4224052057632344,0.42240509390830994,7810654,california_housing,22,19952,8,128,paper,4,0,3980425317
3600.056484337896,'((-31.954166412354) + (0.146990209818 * ((((((-0.335066914558) * x0) + (sin((1.737536668777 * x7)) / (0.052799835801 * x7))) + ((-0.050449166447) * x3)) / ((-0.050449166447) * x5)) - ((2.803665399551 * x6) + ((2.684926986694 * x7) + sin((2.932671070099 * x7)))))))',0.42445658555037935,0.4244566857814789,5806250,california_housing,9,19952,8,128,paper,6,0,2261209995
3600.0339665152133,'(2.348780870438 + ((-1.676153659821) * (cos(((((-1.140674591064) * x0) / (1.466536641121 * x5)) - ((sin(((0.243276596069 * x1) * 0.068062283099)) * (sin(((-1.524817228317) * x7)) ^ 2)) - 0.387160152197))) + (((-1.140674591064) * x0) / (2.403513669968 * x2)))))',0.4613849416650738,0.4613848030567169,5633250,california_housing,24,19952,8,128,paper,4,0,2765379632
3600.0607517026365,'((-2.705731391907) + (3.392453670502 * (((((-5.170382976532) * x5) - (1.709103584290 * x0)) / ((-5.170382976532) * x5)) * cos(((0.098100662231 * x7) * (((-0.233265936375) * x7) / ((-1.518421292305) * x6)))))))',0.5187069454770101,0.5187067985534668,12803539,california_housing,21,19952,8,128,paper,4,0,784044718
3600.0723175369203,'((-0.717576026917) + ((-6.105002880096) * sin(((((-1.654422521591) * x0) * ((0.251642376184 + exp(((-0.759536504745) * x5))) * 0.170878037810)) - ((sin(cos((exp(cos(((-0.055187046528) * x1))) / 3.867216110229))) ^ (1.315301656723 * x2)) ^ 2)))))',0.4984025142292341,0.4984024167060852,3596780,california_housing,1,19952,8,128,paper,4,0,2811363264
3600.1264993287623,'(5.127606868744 + ((-5.109850883484) * ((0.540115058422 ^ (0.510455250740 ^ ((-0.448443561792) * x0))) ^ (cos((((0.540115058422 ^ ((-0.044631868601) * x1)) - ((-0.010141700506) * x5)) ^ ((-0.010141700506) * x1))) * (((0.318309873343 * x7) / ((-0.763683199883) * x5)) / (1.414213538170 * x6))))))',0.5042763666732375,0.5042763948440552,1704500,california_housing,8,19952,8,128,paper,6,0,404488628
3600.0617679059505,'((-55.358955383301) + ((-0.080748803914) * (((3.119210958481 * x0) / ((-0.247341513634) * x5)) + ((3.161228418350 * x7) * exp(sqrt(exp(((0.258642137051 * x6) * (-0.108464643359)))))))))',0.45652772909128003,0.4565277099609375,5722624,california_housing,19,19952,8,256,paper,4,0,2148995112
3600.0575395673513,'(0.769969642162 + ((-0.396418184042) * (((3.431017398834 * x0) / exp(sin(sqrt(((1.994601845741 * x0) - ((((-1.006407141685) * x1) / (3.708924770355 * x2)) * (2.718281745911 * x3))))))) / (((-2.175574064255) * x5) - ((0.434294492006 * x0) - 1.627223968506)))))',0.4860669553421627,0.4860672354698181,6557962,california_housing,24,19952,8,256,paper,4,0,2765379632
3600.0789858289063,'((-63.679355621338) + ((-70.017395019531) * ((((0.075942575932 / (1.442695021629 * x5)) / ((-1.931342244148) / (0.765358448029 * x0))) - (((0.491595447063 * x6) + ((-0.061463978142) * x1)) ^ (-0.032064318657))) - (((0.075942575932 / (1.410335659981 * x5)) / ((-1.886796593666) / (0.786321759224 * x0))) / ((1.177528500557 * x5) - ((-0.088797830045) * x1))))))',0.5321012242553812,0.5321012139320374,2629742,california_housing,14,19952,8,128,paper,6,0,3376120482
3600.018139783293,'(1.551033616066 + (7.719058990479 * ((exp(((-0.649449467659) * x3)) * (((-0.077066183090) * x2) + exp(((-0.670634865761) * x5)))) + (sin(sin(((-0.118929728866) * x0))) * sin(sin(((-0.118929728866) * x0)))))))',0.5352395739540299,0.5352397561073303,4287281,california_housing,2,19952,8,256,paper,6,0,1884968544
3600.021945349872,'(2.913609981537 + ((-2.231419086456) * cos((((0.914509236813 * x0) / (((-0.247593015432) * x5) + (1.604975461960 * x5))) - (cos((sin(exp(cos(((-0.572320342064) * x7)))) * ((((-0.247593015432) * x5) - (0.981799721718 * x3)) - (0.952884793282 * x3)))) / (0.511618018150 * x2))))))',0.4690130445442525,0.46901294589042664,4735103,california_housing,1,19952,8,256,paper,6,0,2811363264
3600.031780257821,'(1.112912654877 + (2.138074636459 * (exp((((1.772453904152 * x5) / ((-1.147837877274) * x0)) - (((-0.027526732534) * x1) / (0.395045429468 * x0)))) / ((((4.374484539032 * x5) / (0.395045429468 * x0)) / (1.458085656166 * x0)) + exp(((5.475021362305 * x5) / ((-1.147837877274) * x0)))))))',0.5026313919655524,0.5026312470436096,4269499,california_housing,0,19952,8,256,paper,6,0,3324115916
3600.014975640923,'(0.358410567045 + (0.476412951946 * (sin((1.473221063614 * x7)) - ((1.330484867096 * x0) / ((-0.592336058617) * x5)))))',0.5079750823602571,0.5079748630523682,11395068,california_housing,28,19952,8,256,paper,4,0,1904449481
3600.0357457213104,'(1.114700317383 + (8.281946182251 * (exp(((-2.120887756348) / (1.612960577011 * x0))) ^ (2.376452445984 * x5))))',0.5584475864160753,0.5584474802017212,5737422,california_housing,29,19952,8,256,paper,4,0,1934709049
3600.043399181217,'((-4.370769500732) + (1.448673605919 * ((((cos(((0.003099229420 * x0) ^ ((0.301573604345 * (-0.713609457016)) + ((-2.393323421478) / ((-0.478557914495) * x0))))) + (sin((((0.003099229420 * x6) - 2.028940439224) ^ 2)) ^ 2)) + (0.003099229420 * x1)) * (0.301573604345 * (9.752595901489 - ((-0.808599054813) * x0)))) - (cos(((0.003099229420 * x6) - (exp((0.301573604345 / ((-0.808599054813) * x0))) + cos(((-0.719181835651) * x5))))) ^ 2))))',0.5149032920188518,0.5149031281471252,4068363,california_housing,3,19952,8,256,paper,6,0,1859786275
3600.056243557483,'(6.800806522369 + ((-5.651885509491) * ((((-0.941331505775) / ((-1.364304065704) * x1)) ^ ((((-3.331996202469) * x5) / ((-1.008060455322) * x4)) ^ (9.426464080811 / (0.318309873343 * x4)))) ^ (((-0.941331505775) / ((-1.212784290314) * x5)) ^ (3.352273702621 / (0.368759840727 * x0))))))',0.5055268978488655,0.5055269002914429,1360961,california_housing,4,19952,8,256,paper,6,0,3687649985
3600.032971959561,'(2.730143070221 + (1.474247097969 * (((sin((0.496132761240 * x5)) / (0.434294492006 * x2)) - (sqrt(exp(cos((0.350909382105 * x5)))) - (((-0.054735973477) * x0) ^ 2))) * (((1.455070972443 ^ 2) - (0.398738771677 * x0)) + (sin(((-1.141261935234) * x5)) / (0.298410415649 * x2))))))',0.5316012964846519,0.5316012501716614,3953882,california_housing,5,19952,8,256,paper,6,0,369133708
3600.028386436403,'(0.814013361931 + ((-0.460778892040) * ((cos((1.369596719742 * x5)) + (cos((1.460563540459 * x7)) - (0.672178268433 * x0))) + (sin(cos((2.169290781021 * x5))) - sin(((0.434294492006 * x0) + (((-0.560284435749) * x5) - (((-1.580892562866) + 0.880923390388) / (-0.903960525990)))))))))',0.4779349863730081,0.4779350459575653,4132099,california_housing,7,19952,8,256,paper,6,0,865305066
3600.041749175638,'(2.533481121063 + ((-2.027623891830) * ((cos(((0.835033297539 * x0) / ((-1.123757481575) * x5))) - ((1.414213538170 * x1) / ((-2.556676387787) * x7))) - (cos(exp((sin(cos((exp(cos((((-2.726356744766) * x7) * (-0.534841358662)))) + sqrt((1.599293351173 * x6))))) ^ 2))) / (0.548821270466 * x2)))))',0.4599789787389823,0.45997893810272217,4016098,california_housing,6,19952,8,256,paper,6,0,2995172877
3600.019651465118,'(0.613408446312 + ((-1.786812186241) * (log((sqrt((1.400319457054 - cos(sin(sin(cos((2.838045358658 - (0.732636988163 * x7)))))))) ^ 2)) - ((0.223315209150 * x0) - (sin(((-0.390288203955) * x5)) ^ 2)))))',0.501948020791129,0.5019479393959045,5828818,california_housing,9,19952,8,256,paper,6,0,2261209995
3600.0389947891235,'(0.931320607662 + (4.818181991577 * ((((((((-0.664241790771) * x0) ^ 2) - cos((1.058622717857 * x2))) + ((-0.473329067230) * x0)) / ((0.117126651108 * x0) + (1.132988452911 * x5))) * ((((-0.317838668823) * x0) + (2.617439031601 * x5)) / ((0.318309873343 * x0) + (1.442695021629 * x5)))) / (((0.145565763116 * x0) + ((0.139628708363 * x2) + (1.132988452911 * x5))) + ((((-0.376724362373) * x0) + (1.934085607529 * x5)) / (0.100492298603 * x1))))))',0.4853813621674462,0.4853811264038086,2724815,california_housing,8,19952,8,256,paper,6,0,404488628
3600.0320380479097,'((-0.663929641247) + ((-1.468400239944) * (((((6.283185482025 * x1) ^ (-0.326554417610)) ^ (-0.312939703465)) * (((-0.552856385708) * x0) - ((0.200831428170 * x2) ^ (-0.820146679878)))) * ((3.409605979919 * x5) ^ (-0.460479021072)))))',0.5353493063568339,0.5353490710258484,1445489,california_housing,12,19952,8,256,paper,6,0,3269070126
3600.0337206982076,'((-54.715896606445) + ((-0.517771244049) * (((cos((0.298751413822 * x7)) + ((0.434294492006 * x6) - ((-0.591480314732) * x7))) + (cos((0.298751413822 * x0)) + ((0.505956768990 * x6) - ((-0.591480314732) * x7)))) + (cos((1.323971986771 - ((-1.266940832138) * x5))) + ((-0.492620468140) * x0)))))',0.45270757978462733,0.4527076780796051,3902317,california_housing,10,19952,8,256,paper,6,0,4190266092
3600.029048155993,'(1.806475758553 + ((-3.087030887604) * ((log(sqrt((0.797112107277 * x5))) / (sqrt((0.814716100693 * x5)) / log((1.463409662247 * x2)))) + ((-0.158122003078) * x0))))',0.5664980018643151,0.5664979219436646,6314895,california_housing,11,19952,8,256,paper,6,0,3160032368
3600.0461162552238,'(10.639578819275 + (2.028647184372 * (cos(log((4.083286762238 * x5))) - (cos(((-0.272440582514) * x0)) - ((((3.793774604797 * ((-0.002661087783) * x1)) ^ 2) - ((-0.002661087783) * x1)) - ((((-0.662907302380) * x6) ^ 2) ^ 0.183727473021))))))',0.51718853575918,0.517188549041748,4141557,california_housing,18,19952,8,256,paper,6,0,1934392872
3600.0187524184585,'(14.675558090210 + ((-0.813762068748) * ((exp((((-0.036395262927) * x0) + 2.867202520370)) - cos((0.341073900461 * x5))) - cos((0.927618980408 * x5)))))',0.5872819234142488,0.5872820019721985,6798290,california_housing,14,19952,8,256,paper,6,0,3376120482
3600.0313689149916,'(2.963218688965 + ((-2.120626926422) * cos(((sqrt((0.902863025665 * x0)) / cos(cos((((-0.927357971668) / (0.997530996799 * x5)) - log((0.672256588936 + (0.197582393885 * x2))))))) * (sqrt((0.902863025665 * x0)) / (1.414213538170 * x5))))))',0.5405760819811005,0.5405759215354919,7337568,california_housing,17,19952,8,256,paper,6,0,3606691181
3600.0329393558204,'(0.147387489676 + ((-0.185501024127) * (((cos((0.827730178833 * x5)) - (-3.637322664261)) ^ cos(((0.272255957127 * x5) ^ (0.020158942789 * x1)))) * ((((-1.040219545364) * x0) - cos((1.496494531631 * x6))) - sin(cos(((-0.535719394684) * x6)))))))',0.48677620944670846,0.48677608370780945,2198279,california_housing,19,19952,8,256,paper,6,0,2148995112
3600.031517647207,'(5.761837482452 + ((-0.784867286682) * ((sqrt((exp(cos(((1.894811630249 * x0) * 0.125646188855))) ^ 2)) / sqrt((1.439710259438 * x3))) * sqrt((1.977906703949 * x2)))))',0.6054001512883981,0.6054000854492188,7536472,california_housing,22,19952,8,256,paper,6,0,3980425317
3600.080296687782,'((-0.051925089210) + (220.827407836914 * (((-0.136327981949) * (((0.024512585253 * x2) ^ (-0.221474692225)) * (((-2.256480455399) / (0.876391232014 * x6)) * (0.081388436258 * x0)))) ^ (cos(((0.876391232014 * x5) ^ (-0.431940078735))) ^ cos(((0.040253564715 * x1) ^ (-0.136327981949)))))))',0.5255222971731321,0.5255224108695984,1162612,california_housing,23,19952,8,256,paper,6,0,3356806661
3600.043072182685,'((-0.746222972870) + (0.350543528795 * (((((0.974567413330 * x2) / (1.442695021629 * x0)) ^ ((1.951373457909 * x2) / ((-1.287761211395) * x0))) + (((0.434294492006 * x3) / (0.069581680000 * x2)) + (1.002890348434 * x0))) + ((((5.854481220245 * x0) + (1.380340218544 * x1)) * ((-0.026625717059) / (-0.611730754375))) * ((0.462733447552 * x5) ^ ((1.370488047600 * x2) / ((-3.600862741470) * x3)))))))',0.5011183287068944,0.5011183619499207,1969377,california_housing,16,19952,8,256,paper,6,0,550243861
3600.043386414647,'(0.097188726068 + ((-2.185248136520) * (((cos(((-0.273458182812) * x0)) + ((-0.979448437691) / (0.697351455688 * x5))) + (((-1.174848079681) * x1) / ((-1.258438467979) * x7))) + sin(((((-0.197592109442) * x0) - (1.966279387474 * x3)) / (0.816418766975 * x2))))))',0.4889031527217653,0.4889031648635864,4862220,california_housing,25,19952,8,256,paper,6,0,1728356533
3600.0457102805376,'(0.534277021885 + ((-0.699632942677) * (exp(sin((0.138885855675 * x0))) / ((sin((1.576104402542 * x7)) - ((0.245284855366 * x0) - ((-0.965081214905) * x5))) / ((0.919756591320 * x0) - sin((1.637842178345 * x6)))))))',0.4476384185358533,0.44763848185539246,4692706,california_housing,24,19952,8,256,paper,6,0,2765379632
3600.0531275868416,'((-52.442588806152) + (2.802861452103 * ((((-0.178506344557) * x6) + ((((-1.028795719147) * x7) * 0.169799551368) + (0.172412648797 ^ (0.265924721956 * x5)))) + sqrt((((1.267761826515 * x0) - (-15.995336532593)) + ((0.295474737883 * x1) * 0.094745494425))))))',0.4602886576976615,0.46028852462768555,5199450,california_housing,20,19952,8,256,paper,6,0,1592565386
3600.044987935573,'((-0.013215468265) + ((-15.811952590942) * ((0.261986076832 ^ (cos((-0.320655941963)) ^ ((0.798378407955 * x0) ^ 2))) / ((((-0.584396839142) * x5) / 0.740807473660) - (1.840794563293 - cos((1.539123177528 * x7)))))))',0.4865733073831165,0.4865732789039612,1961156,california_housing,15,19952,8,256,paper,6,0,2204291346
3600.046558212489,'(0.553562581539 + (0.609453558922 * (((cos((1.675633668900 * x6)) + (0.873157262802 * x0)) + cos((((-0.845572352409) * x7) + ((-0.930249094963) * x6)))) / (sin(log(sqrt((((sin(2.008352756500) ^ (1.414213538170 * x0)) / exp(cos((((-0.947719454765) * x7) + ((-0.930249094963) * x6))))) ^ 2)))) - (sin(cos((exp(((-0.687814414501) * x3)) / ((-0.638042271137) * x3)))) - (1.903301477432 - ((-0.447582632303) * x5)))))))',0.38993837803979053,0.3899382948875427,2385597,california_housing,13,19952,8,256,paper,6,0,3081541439
3600.0278831534088,'((-56.154613494873) + ((-0.140314519405) * (((11.096660614014 * x7) / log((0.745779335499 * x6))) + ((2.302585124969 * x0) / ((-0.318566620350) * x5)))))',0.4567965973531626,0.45679640769958496,10320954,california_housing,0,19952,8,512,paper,4,0,3324115916
3600.059624750167,'(0.399839669466 + (0.551126241684 * ((((0.707106769085 * x0) + cos((sin((1.302658200264 * x5)) - ((0.674748241901 - sin(((-0.527418911457) * x0))) * 0.982391774654)))) ^ sin(sqrt((1.356462955475 * x5)))) - ((sin((1.468570590019 * x7)) + 0.982391774654) * (sin((1.630117654800 * x7)) * sin((1.630117654800 * x6)))))))',0.43564132896917557,0.43564122915267944,2291194,california_housing,27,19952,8,256,paper,6,0,2342600226
3600.0420491434634,'(0.431934922934 + ((-0.248270675540) * (((log((0.284845173359 * x5)) * (2.421390771866 * x0)) * (cos(exp(((-0.039784565568) * x1))) ^ (4.514174938202 * x5))) - (1.414213538170 * x0))))',0.5514353290508368,0.5514353513717651,3571584,california_housing,21,19952,8,256,paper,6,0,784044718
3600.0474958717823,'(0.266917705536 + ((-1.308922410011) * (log(((((0.434294492006 * x5) ^ (0.707106769085 ^ (0.631560981274 * x5))) ^ 2) * cos((cos((2.486038446426 - (0.748837530613 * x7))) ^ 2)))) + ((-0.307708919048) * x0))))',0.49681028600563987,0.49681007862091064,4483357,california_housing,1,19952,8,512,paper,4,0,2811363264
3600.072268296033,'(2.101459503174 + ((-11.192812919617) * (((14.592072486877 * x2) ^ ((-0.011639732867) * x0)) - (0.759220659733 ^ cos((log((sqrt((0.654779851437 * x2)) / ((sin(log(1.363183379173)) - ((-0.011639732867) * x1)) - ((-1.281388401985) / (0.434294492006 * x5))))) - cos(sin((1.565314888954 * x7)))))))))',0.47793194471368533,0.4779318869113922,2656598,california_housing,7,19952,8,512,paper,4,0,865305066
3600.0470057688653,'(0.729286551476 + (25.282684326172 * (((0.756990432739 * x2) / (exp(sqrt((1.691850781441 + cos(((0.753736972809 * x7) / ((-0.981162965298) * x6)))))) ^ 2)) / ((2.042723655701 * x5) / (((2.718281745911 * x1) ^ 0.187569335103) * sin(exp(((0.756990432739 * x2) / ((-0.686208605766) * x0)))))))))',0.5052660831575272,0.5052659511566162,3457951,california_housing,2,19952,8,512,paper,4,0,1884968544
3600.079372152686,'((-1.182631969452) + (1.261143565178 * (((((0.693147182465 * x1) ^ 0.405827850103) - ((-1.559687614441) * x0)) / ((1.414213538170 * x2) ^ 0.291585326195)) * ((((1.636783361435 * x3) ^ 0.434294492006) / ((1.414213538170 * x6) ^ 0.365038752556)) + (((((0.170095026493 * x4) ^ 0.291585326195) - 0.707106769085) ^ 0.330343991518) / (2.917920827866 * x5))))))',0.4986534296303853,0.49865326285362244,1065468,california_housing,29,19952,8,256,paper,6,0,1934709049
3600.0565220080316,'(1.228715538979 + (2.614683628082 * (((exp((exp(sin((((-1.271538376808) * x7) / (-0.769005477428)))) / ((cos(((0.693147182465 * x6) / (-0.357511669397))) + (-1.113802433014)) * 0.211918711662))) + ((-0.769005477428) / ((-0.438563883305) * x5))) ^ sin(((-1.113802433014) / ((-0.351217567921) * x5)))) + sin(sin(log((0.144128367305 * x0)))))))',0.4412320347732214,0.441231906414032,2261910,california_housing,26,19952,8,256,paper,6,0,3533734220
3600.053156275302,'(23.577592849731 + ((-42.873271942139) * (cos((exp(((-0.530121803284) * x2)) * ((-0.490712970495) * x2))) / (((0.020204782486 * x0) + ((0.020204782486 * x0) + 1.477611660957)) / sin(cos((exp(((-0.452333748341) * x5)) * (0.020753504708 * x1))))))))',0.5316933016591464,0.5316933393478394,4470476,california_housing,28,19952,8,256,paper,6,0,1904449481
3600.1082501262426,'(17.265518188477 + ((-16.576099395752) * ((((-0.505169510841) + ((((log(sqrt(exp(sin(((-1.889602899551) * x6))))) - sin((1.421181678772 * x7))) / (2.828421592712 * x5)) - (((-0.318124741316) * x3) / ((-0.690679371357) * x2))) * ((-0.036193169653) * x1))) - (3.141592741013 * x5)) / (((-0.292902469635) * x0) - (3.141592741013 * x5)))))',0.4710350095512792,0.4710351824760437,5728079,california_housing,10,19952,8,512,paper,4,0,4190266092
3600.034317251295,'((-1.424988865852) + (6.537156105042 * ((sqrt(((8.558853149414 * x5) + ((1.772453904152 * x0) ^ 2))) * (log((((1.772453904152 * x5) ^ 2) + ((6.543275833130 * x1) / (3.141592741013 * x2)))) + ((-0.097264952958) * x0))) / ((sqrt(cos(sin(((-0.970157444477) * x6)))) - ((-0.037239629775) * x6)) * (8.558853149414 * x5)))))',0.4685846292081547,0.46858465671539307,5310919,california_housing,6,19952,8,512,paper,4,0,2995172877
3600.024326648563,'(3.054244518280 + ((-2.060565948486) * sin((((1.656856417656 * x0) + (3.542284488678 * x5)) / (2.265532493591 * x5)))))',0.55313191270013,0.5531318783760071,13380049,california_housing,29,19952,8,512,paper,4,0,1934709049
3600.046723343432,'(1.051753997803 + (8.272958755493 * (cos(((exp(((0.045211859047 * x1) / ((6.034150600433 * x2) + (((-0.485505700111) * x6) + (((-0.485505700111) * x6) * (0.735381007195 * x2)))))) ^ 2) ^ 2)) ^ ((2.396682500839 * x5) / (0.386666297913 * x0)))))',0.5092208748334669,0.5092206597328186,4120035,california_housing,3,19952,8,512,paper,4,0,1859786275
3600.0272785015404,'((-8.986296653748) + (6.532004356384 * (((exp(((-0.528356015682) * x2)) - exp(((-1.340586662292) * x2))) - ((-0.002661087783) * x1)) + (log(((0.429969817400 * x0) + 3.147067546844)) - (exp(((-2.423019170761) * x3)) - exp(((-1.023769378662) * x5)))))))',0.49820081885714196,0.49820080399513245,4002727,california_housing,18,19952,8,512,paper,6,0,1934392872
3600.032069321722,'(0.340197265148 + (201.191497802734 * (((0.250105112791 * x0) / (exp((0.254631727934 * x0)) - ((0.720953583717 * x1) - (3.141592741013 * x6)))) / (0.434294492006 * x5))))',0.5354878333300754,0.535487949848175,9699267,california_housing,13,19952,8,512,paper,4,0,3081541439
3600.0421693772078,'(0.463066935539 + ((-3.956618547440) * ((((1.039619803429 * x0) + ((1.056499361992 * x0) ^ ((-0.710084736347) * x0))) + ((0.891471385956 * x2) / ((-2.275733232498) * x3))) / (((-0.346567839384) * x0) - (1.354108929634 * x5)))))',0.5298919757429034,0.5298917889595032,3215944,california_housing,16,19952,8,512,paper,6,0,550243861
3600.0302922017872,'(0.333513647318 + ((-0.423286497593) * (sin((1.499403834343 * x7)) + (((-1.488245368004) * x0) / ((0.498163521290 * x5) + (0.707106769085 ^ sqrt((0.936385929585 * x1))))))))',0.491219333138223,0.49121934175491333,8780401,california_housing,11,19952,8,512,paper,4,0,3160032368
3600.041435945779,'((-15.296489715576) + (0.470770537853 * (((exp(sqrt(((-0.355624675751) * x7))) * (((-0.693525612354) * x0) + ((-5.234558105469) * x5))) / (0.569681942463 * x6)) / (((-0.285372465849) * x0) + ((-5.234558105469) * x5)))))',0.4506056170884152,0.45060592889785767,7990636,california_housing,17,19952,8,512,paper,4,0,3606691181
3600.039098802954,'(0.010569931939 + ((-0.376971691847) * ((((-1.419244289398) * x1) / ((((-2.383873701096) * x5) ^ 2) - ((6.993077278137 * x5) + ((1.442695021629 * x6) / ((-2.111846446991) * x0))))) - (1.051778078079 * x0))))',0.5383784415909708,0.538378119468689,11410099,california_housing,12,19952,8,512,paper,4,0,3269070126
3600.0437684319913,'(0.800711095333 + (3.978151798248 * ((((0.078752994537 * x0) / sqrt((0.860272049904 * x5))) ^ (sqrt((0.851956427097 * x5)) - (0.154817759991 * x0))) ^ ((sqrt(((0.293063491583 * x2) ^ 1.111188054085)) - (0.078752994537 * x0)) - (0.180078878999 * x3)))))',0.5145586101412286,0.5143824815750122,1803387,california_housing,15,19952,8,512,paper,6,0,2204291346
3600.0625667087734,'(0.110218733549 + (2.585703134537 * (((5.604788780212 * x0) / (13.485778808594 * x5)) + (0.040748059750 ^ exp(sin(((-1.473266720772) * x7)))))))',0.49824805467057637,0.49824783205986023,4134734,california_housing,5,19952,8,512,paper,4,0,369133708
3600.0537796616554,'((-0.118959560990) + ((-1.882193803787) * (((sqrt((exp(sin(((-0.602018117905) * x0))) * (0.265753388405 * x1))) - sin(((-1.525619387627) * x7))) / ((-1.443476796150) * x2)) - (((-0.602018117905) * x0) / ((-1.038855075836) * x5)))))',0.4883091593378611,0.48830923438072205,6912581,california_housing,9,19952,8,512,paper,4,0,2261209995
3600.0273855291307,'(7.425183773041 + ((-8.590442657471) * sin(sin((cos(cos((((((cos((-0.459347724915)) ^ ((-0.435987710953) / (1.414213538170 * x5))) ^ ((-0.673038959503) * x0)) ^ 2) / (-0.459347724915)) ^ 2))) ^ 2)))))',0.5486776591462472,0.5486775040626526,4770707,california_housing,25,19952,8,512,paper,4,0,1728356533
3600.0461934022605,'((-34.976882934570) + (0.450365841389 * ((((-2.352840185165) * x0) / ((-1.019917011261) * x5)) + ((((((-1.661880135536) * x7) + ((-2.032922267914) * x6)) - ((-0.362930476665) * x6)) - ((0.489282637835 * x1) / ((-0.477027118206) * x6))) / 1.772453904152))))',0.44804847056866154,0.4480486214160919,10597184,california_housing,8,19952,8,512,paper,4,0,404488628
3600.0275964438915,'(2.689218282700 + (1.987044453621 * ((exp(((1.749414086342 + (sin((1.526681423187 * x7)) / ((-0.433924823999) * x5))) ^ 2)) ^ ((-0.433924823999) * x5)) - cos(((-0.252825081348) * x0)))))',0.4775966716157793,0.4775969088077545,4083506,california_housing,27,19952,8,512,paper,4,0,2342600226
3600.0612825490534,'(0.584577500820 + (1.190646529198 * (log(((exp((((-1.008791923523) * x2) / (2.123623371124 * x0))) + 0.982867538929) ^ log((((cos((2.123623371124 * x6)) - exp((0.076216109097 * x2))) ^ 2) * exp(((0.107337445021 * x1) + (2.108454942703 * x0))))))) / (1.442695021629 * x5))))',0.5076947873873797,0.507694661617279,3564726,california_housing,21,19952,8,512,paper,4,0,784044718
3600.06924873963,'((-21.274631500244) + (0.003837554483 * ((((0.429693818092 * x7) + cos((1.578563213348 * x3))) + (cos((1.668988823891 * x7)) + ((6.283185482025 * x7) / (0.693147182465 * x6)))) * (((((-3.388569831848) * x0) / (1.271332740784 * x5)) + cos((0.318309873343 * x0))) + ((0.429693818092 * x7) + ((3.928214073181 * x7) / (0.693147182465 * x6)))))))',0.4187233493101979,0.41872334480285645,2840149,california_housing,2,19952,8,512,paper,6,0,1884968544
3600.057295616716,'((-0.299357652664) + (0.397026002407 * ((((1.914971947670 * x0) / (0.693147182465 * x5)) + sqrt(((3.003737211227 * x1) * sqrt(((7.514689445496 * x6) ^ ((-0.036323130131) * x6)))))) - sin((1.628153443336 * x6)))))',0.5005280793795539,0.50052809715271,5743595,california_housing,4,19952,8,512,paper,4,0,3687649985
3600.039979659021,'((-0.689886391163) + (3.959608554840 * ((sin(((0.693147182465 * x0) / (1.849874615669 * x5))) ^ 2) + sin(sin((cos(cos(((0.133501052856 + ((0.063213050365 * x7) / 1.125539302826)) ^ 2))) * (sin((0.434294492006 + (0.003099229420 * x1))) * exp(exp((1.125539302826 - (0.899030387402 * x2)))))))))))',0.45976771801201394,0.459767609834671,5710250,california_housing,3,19952,8,512,paper,6,0,1859786275
3600.034882634878,'((-36.225837707520) + (0.693806469440 * (((((-0.203490957618) * x0) + sin(sin(exp((sqrt((0.347041934729 * x0)) - exp((sqrt(((((-0.241466447711) * x1) * ((-0.270026832819) * x3)) / (0.318309873343 * x6))) + (0.688504576683 * x3)))))))) / ((-0.118865400553) * x5)) - ((0.318309873343 * x7) + ((0.318309873343 * x7) + ((0.318309873343 * x6) + (0.324114054441 * x6)))))))',0.4365804650790299,0.43658044934272766,3923790,california_housing,4,19952,8,512,paper,6,0,3687649985
3600.032815299928,'(0.205855101347 + ((-5.440578937531) * ((((-0.746350586414) * x0) / (3.890052080154 * x5)) + ((cos((exp(3.362894296646) + ((-1.480906248093) * x7))) - (0.143517777324 * x0)) / (2.643411397934 * x2)))))',0.5013042175322703,0.5013040900230408,8767581,california_housing,15,19952,8,512,paper,4,0,2204291346
3600.0637096241117,'(0.357773721218 + (17.298740386963 * (sin((0.114306263626 * x0)) / (exp(cos((((0.250022739172 ^ cos(((-1.565419912338) * x7))) - cos(((-1.144319653511) * x2))) * 0.596477508545))) - ((-1.059813380241) * x5)))))',0.47644885482966737,0.4764489531517029,5085608,california_housing,22,19952,8,512,paper,4,0,3980425317
3600.032787799835,'(0.863933026791 + ((-3.194603443146) * ((log((log(((1.442695021629 * x5) + (sqrt((1.292199611664 * x1)) * (0.826371073723 ^ (0.636769592762 * x0))))) / 0.826371073723)) / (2.302585124969 * x5)) * (log((((cos((1.510674834251 * x7)) * 0.843100190163) * (2.023710012436 * x5)) + (2.302585124969 * x5))) - (1.069449901581 * x0)))))',0.47090022126646075,0.4709000885486603,4360123,california_housing,16,19952,8,512,paper,4,0,550243861
3600.030591722578,'(0.523242115974 + ((-0.143019989133) * (exp((sin(cos((((-0.841826379299) * x7) - (0.918053627014 * x6)))) / (0.396038055420 * x5))) * ((((0.918053627014 * x6) + (sin((1.772453904152 * x6)) / (-0.324070900679))) / ((((0.434294492006 * x1) - ((-0.841826379299) * x7)) * 0.318309873343) - (1.026522994041 * x0))) * (1.732176303864 * x0)))))',0.40642256659543335,0.4064224362373352,5779709,california_housing,14,19952,8,512,paper,4,0,3376120482
3600.0499129146338,'(0.585590362549 + ((-2.967648029327) * (((((-0.867925763130) * x6) + sqrt(((((-0.796689569950) * x1) - (((-0.101153552532) * x0) * (1.772453904152 * x7))) ^ 2))) / (2.619871377945 * x5)) / ((-0.586586833000) * x6))))',0.5329541735530188,0.5329544544219971,9177958,california_housing,20,19952,8,512,paper,4,0,1592565386
3600.072814039886,'((-32.876884460449) + (0.064351901412 * ((((1.753666400909 * x7) / ((2.037837028503 * x5) / ((-0.136925324798) * x0))) + (((-5.342074871063) * x6) + (((-1.724041819572) * x7) - ((-0.917270123959) * x0)))) + (((-1.248993277550) * x6) + ((((-1.824925541878) * x7) - ((-0.129580050707) * x1)) - (2.729849100113 * x7))))))',0.444111861920041,0.44411176443099976,4008742,california_housing,11,19952,8,512,paper,6,0,3160032368
3600.028385590762,'(3.135935544968 + ((-2.121906280518) * cos((log((1.414085865021 * x5)) + ((((-0.274066448212) * x0) + sin(cos((cos(sqrt(log((1.061289548874 * x1)))) + (-0.930286645889))))) + log((2.822306394577 * x6)))))))',0.5043259755176177,0.5043259263038635,5250880,california_housing,25,19952,8,512,paper,6,0,1728356533
3600.030623845756,'(0.339567780495 + ((-5.049067974091) * sin((((0.329059153795 * x0) / ((-1.110883951187) * x5)) * cos(cos(((-0.729526221752) * x7)))))))',0.49113044319935045,0.49113038182258606,7434335,california_housing,7,19952,8,512,paper,6,0,865305066
3600.03568854928,'((-1.171906948090) + ((-0.000001035157) * ((((((-0.045465737581) * x7) ^ 8.961164474487) * (0.185722500086 - ((-0.035913176835) * x0))) * ((9.314183235168 + (0.857814490795 * x6)) - (((-1.254701375961) * x7) / 3.262138128281))) * ((3.386176824570 * x5) ^ log(0.671956658363)))))',0.4567956459200983,0.4567955732345581,2018780,california_housing,14,19952,8,512,paper,6,0,3376120482
3600.049209035933,'(0.355566591024 + ((-0.479747027159) * (((2.038452625275 * x0) / ((-0.910944163799) * x5)) + cos(((-1.459993243217) * x7)))))',0.5083172385319967,0.5083170533180237,10847176,california_housing,19,19952,8,512,paper,4,0,2148995112
3600.0543782413006,'((-31.849922180176) + (0.076575130224 * ((((((-2.601032257080) * x7) + (0.475885927677 * x0)) - (2.987582683563 * x6)) + ((((-2.601032257080) * x7) + (0.735512614250 * x0)) - (2.637648582458 * x6))) - (((((-0.001624213299) * x7) ^ 2) / (((-0.001624213299) * x5) / (0.451890110970 * x0))) + ((((-0.001624213299) * x1) ^ 2) / (((-0.001624213299) * x5) / (2.991856575012 * x3)))))))',0.4401799339204252,0.44017985463142395,3939678,california_housing,0,19952,8,512,paper,6,0,3324115916
3600.04069359228,'(0.317351430655 + ((-0.215568363667) * (exp((log((14.397396087646 * x1)) / (3.173634290695 * x5))) * (((-0.947667121887) * x0) - cos(((-1.433153629303) * x7))))))',0.4850217843212702,0.4850216209888458,7997812,california_housing,24,19952,8,512,paper,4,0,2765379632
3600.0675152353942,'(0.066990271211 + (0.227084144950 * ((((0.275982588530 * x0) / ((-2.384363889694) * ((-0.026769606397) * x5))) - (cos((1.463820695877 * x7)) - cos((2.709508895874 * x6)))) - ((cos((1.590768694878 * x6)) - exp((sin(((log((0.023224070668 * x2)) * 0.954191803932) + sqrt((1.320964574814 * x0)))) ^ 2))) - (cos((3.021554708481 * x7)) - cos((1.459701418877 * x7)))))))',0.4458567139405998,0.44585657119750977,2634907,california_housing,5,19952,8,512,paper,6,0,369133708
3600.0705573521554,'(0.353396326303 + (1410.813964843750 * (((0.707106769085 ^ (0.318309873343 * x6)) * (((-0.539204835892) / ((0.701871037483 ^ ((-0.223216801882) * x7)) * ((-2.546534538269) * x6))) - (1.658942103386 * x6))) / (((((-0.398660898209) * x6) / ((-1.025454163551) * x0)) ^ cos((-0.620920658112))) / ((((-0.788258433342) * x7) * (1.772453904152 * x5)) ^ (-0.744153201580))))))',0.4449002165991414,0.44490012526512146,1294347,california_housing,8,19952,8,512,paper,6,0,404488628
3600.0291570201516,'(0.811105072498 + (0.537466406822 * (((sqrt((0.318309873343 * x1)) + ((1.119319677353 * x0) - (0.072950258851 * x6))) / (0.707106769085 * x5)) - cos((sqrt(log(((((((-2.052338123322) * x2) ^ 2) - (2.118175745010 * x3)) / ((0.264679729939 * x0) ^ 2)) + ((-0.600539267063) * x2)))) ^ 2)))))',0.5050009877506637,0.5050007700920105,5471126,california_housing,12,19952,8,512,paper,6,0,3269070126
3600.048574734479,'(5.042201995850 + ((-4.033705711365) * (((((0.422548234463 * x1) ^ (0.693147182465 * x0)) / (1.442695021629 * x2)) - (((0.430712282658 * x0) ^ (1.120372176170 * x0)) / ((1.120372176170 * x0) / ((-1.196635842323) * x5)))) ^ (((0.718635797501 * x0) / ((-1.261611938477) * x5)) / (4.595963478088 * x5)))))',0.49482638967218023,0.4948265552520752,1566391,california_housing,1,19952,8,512,paper,6,0,2811363264
3600.0662584789097,'(4.785109996796 + ((-2.357079744339) * ((((((-3.957598209381) * x6) + (0.318309873343 * x1)) / (0.521989643574 * x7)) - (((-0.705596089363) * x0) / (((-0.839816868305) * x5) + ((-0.839816868305) * x5)))) - (((-0.705596089363) * x0) / ((((-0.883435368538) * x2) + ((-0.974077224731) * x0)) + (exp(sin((1.414213538170 * x7))) - ((cos((0.510096430779 * x7)) * exp(((-1.005377292633) * x3))) * ((-1.306771993637) * x0))))))))',0.47868903275355734,0.47868913412094116,3657704,california_housing,21,19952,8,512,paper,6,0,784044718
3600.0529672428966,'((-2.892550706863) + (10.005497932434 * ((((0.000784695148 * x6) * ((8.810662269592 * x3) + ((-18.343950271606) * x5))) - ((((-0.575968563557) * x0) * (1.009481787682 * x3)) - (((-0.176543921232) * x2) - ((-1.360746145248) * x5)))) / ((((-0.575968563557) * x0) - (((-0.575968563557) * x0) * (1.465507268906 * x3))) - ((-2.483598470688) * x5)))))',0.5353322966904175,0.5353322625160217,3860059,california_housing,6,19952,8,512,paper,6,0,2995172877
3600.05226374045,'(0.221517369151 + (0.066529080272 * (((((-1.184474349022) * x7) - ((3.409068346024 * x0) + ((-0.528255820274) * x1))) / ((((-0.827972471714) * x6) * (0.238324776292 * x5)) / ((-0.837886571884) * x0))) - (sin((1.714782476425 * x6)) * (0.268929183483 * (((-3.473136901855) * x0) + ((-0.393163681030) * x1)))))))',0.48692926557655614,0.4869290888309479,3941456,california_housing,22,19952,8,512,paper,6,0,3980425317
3600.0614457391202,'((-191.505401611328) + (25.785095214844 * (((log(((-3.103521823883) * x7)) / sqrt(cos(exp(((0.000895817298 * x1) ^ 2))))) - (((-0.354258000851) * x0) / (8.845764160156 * x5))) - ((6.283185482025 * x6) / ((-3.103521823883) * x7)))))',0.4501903798163274,0.45019036531448364,6081344,california_housing,23,19952,8,512,paper,4,0,3356806661
3600.043286047876,'(0.451518207788 + (0.001910782070 * ((log(exp(((0.584440708160 * x2) - (9.509501457214 * x0)))) / (sqrt(sqrt(((0.693147182465 * x6) - sqrt((7.865602970123 * x1))))) / (2.718281745911 * x7))) / (2.668858289719 * x5))))',0.5521611350221504,0.5254511833190918,7022290,california_housing,26,19952,8,512,paper,4,0,3533734220
3600.0273933298886,'(0.881514549255 + (9.219444274902 * exp(((((sin(((0.088021732867 * x6) + 0.848016202450)) * (((sqrt((2.380304336548 * x6)) + sin((1.972566008568 * x6))) - sqrt((0.959088563919 * x1))) ^ 2)) / ((-2.983236074448) * x0)) + (1.898030042648 * x5)) / (((1.898030042648 * x5) / ((-1.402206182480) * x2)) - (0.586058795452 * x0))))))',0.46097924244236166,0.4609791934490204,4240775,california_housing,13,19952,8,512,paper,6,0,3081541439
3600.0610041320324,'(0.310768753290 + (0.322755128145 * (((sin(((-1.391863226891) * x7)) / ((-0.269250303507) - (-0.477049559355))) + ((0.426966607571 * x0) * ((-0.113710165024) * x7))) * ((((sqrt((0.231903970242 * x1)) - sin((((-1.391895055771) * x5) + (0.318309873343 * x0)))) / (1.007791042328 * x6)) + (0.803846001625 ^ (3.993356466293 * x2))) + (0.633795142174 / (1.710818648338 * x5))))))',0.4682912819091333,0.46829158067703247,2484660,california_housing,9,19952,8,512,paper,6,0,2261209995
3600.0695405192673,'(0.938793718815 + (3.693349838257 * (((((1.607079982758 * x5) / ((-0.429573118687) * x0)) ^ 2) ^ (((-1.593836665154) * x2) / (3.402642250061 * x0))) ^ (cos(cos(((-1.566351890564) * x7))) / (0.687119901180 + exp(((-0.887493550777) * x0)))))))',0.48933622979894353,0.489336222410202,2519672,california_housing,10,19952,8,512,paper,6,0,4190266092
3600.0604785457253,'(0.485263347626 + (0.672886788845 * (cos(((0.466422408819 * x6) + ((0.726934611797 * x6) + (1.132503747940 * x7)))) - ((0.758980274200 * x0) / ((-0.513758182526) * x5)))))',0.43449461444842263,0.434494286775589,5345523,california_housing,17,19952,8,512,paper,6,0,3606691181
3600.070060610771,'(0.448411285877 + ((-0.484635919333) * (sin((cos((cos(0.708350539207) ^ (0.114018484950 * x7))) + log(((((-0.084703281522) * ((-0.036530215293) * x1)) ^ (-0.084703281522)) ^ 2)))) - ((((exp(((-0.935956299305) * x5)) * (1.772453904152 * x0)) + (1.414213538170 * x0)) / 0.434294492006) - (2.725786447525 * x0)))))',0.5007265375850904,0.5007264614105225,4031189,california_housing,18,19952,8,512,paper,4,0,1934392872
3600.040873914957,'((-0.234990566969) + ((-12.988726615906) * ((((64.688392639160 * x1) / sqrt((exp((0.226842015982 * x6)) + ((121.423248291016 * x1) + (17.533298492432 * x7))))) / (4.284292697906 * x7)) - ((0.433502465487 * x0) / (4.863591194153 * x5)))))',0.5399402128560322,0.5399398803710938,8050457,california_housing,28,19952,8,512,paper,4,0,1904449481
3600.0522376820445,'((-0.402053743601) + ((-0.557420432568) * (((((-1.128143072128) * x0) + log((0.075670912862 * x2))) + ((-0.025460803881) * x1)) - (log(log((1.611021399498 * x5))) * (log((0.075670912862 * x5)) + ((-0.652961373329) * x0))))))',0.5309357631607926,0.5309357643127441,4122210,california_housing,20,19952,8,512,paper,6,0,1592565386
3600.081363622099,'(11.137637138367 + ((-2.004683494568) * (cos((0.258089900017 * x0)) + (sin(sin(((sqrt(cos(0.254513382912)) ^ sin((1.638471484184 * x6))) - (0.132061943412 * log(sin(((3.099738121033 / sqrt((((-0.028113543987) * x1) + 3.577986240387))) + 0.254513382912))))))) ^ (sin(((-0.314571857452) * x5)) - log((1.888776063919 * x6)))))))',0.5144561542998802,0.5144559741020203,1776628,california_housing,19,19952,8,512,paper,6,0,2148995112
3600.077409096062,'(3.589932680130 + (0.912905693054 * log((exp(sin(((1.643548607826 - (((-0.094101428986) * x0) * 4.168283939362)) - sqrt(((2.387409925461 * x5) + (2.823473930359 * x5)))))) / (((((-0.094101428986) * x1) + (2.196498155594 * x5)) + (1.414213538170 * x2)) * (1.442695021629 ^ ((-0.841754436493) * x0)))))))',0.5031816876573069,0.5031818747520447,2685815,california_housing,24,19952,8,512,paper,6,0,2765379632
3600.1637215800583,'(16.324321746826 + ((-16.556325912476) * ((((((-2.584583520889) * x5) / (0.774866223335 * x7)) ^ (0.047896087170 * x0)) ^ (((1.776427268982 * x3) ^ 0.434294492006) / ((2.948557853699 * x2) ^ 0.463121265173))) ^ ((((-1.569632172585) * x6) / ((-0.935070157051) * x1)) ^ (((-2.380728244781) * x5) / (1.395252346992 * x6))))))',0.5437626244121081,0.5437625050544739,1022290,california_housing,23,19952,8,512,paper,6,0,3356806661
3600.022895246744,'(10.972784996033 + ((-2.198719024658) * ((exp(cos((0.190460652113 * x0))) + ((-0.113415971398) * x3)) + log(sqrt((((-2.491670370102) * x2) * ((-1.780128836632) * x5)))))))',0.5538133104977675,0.5538131594657898,5744518,california_housing,26,19952,8,512,paper,6,0,3533734220
3600.0266041755676,'(2.196910619736 + (2.786856889725 * sin((exp(cos(((-0.141879171133) * x0))) - sin(((-0.388378441334) * x5))))))',0.5937283219927926,0.5937284231185913,8004794,california_housing,28,19952,8,512,paper,6,0,1904449481
3600.071843188256,'(26.423723220825 + ((-13.007572174072) * (cos(sin(sin((0.111374273896 * x0)))) + (sin((((sin((0.168343245983 * x5)) + 1.115399479866) ^ 2) ^ ((((-0.382811903954) * x1) - ((-1.553497314453) * x6)) / (((-1.552271842957) * x7) + ((-1.654666185379) * x6))))) ^ 2))))',0.5139547196199646,0.513954758644104,4791699,california_housing,27,19952,8,512,paper,6,0,2342600226
3600.019984792918,'((-37.738765716553) + ((-0.237374350429) * (((1.937049865723 * x7) + (1.962542414665 * x6)) - ((1.651742219925 * x0) / (0.386813372374 * x5)))))',0.4589053842344242,0.45890533924102783,11266257,california_housing,1,19952,8,1024,paper,4,0,2811363264
3600.0256266258657,'(3.129942178726 + (1.547910809517 * ((cos(sqrt((1.853206276894 * x5))) - (cos((0.282716542482 * x0)) + ((-0.095599122345) * x0))) - log(log(sqrt((1.407832026482 * x2)))))))',0.5479164546329205,0.5479163527488708,4942254,california_housing,29,19952,8,512,paper,6,0,1934709049
3600.090260192752,'(0.296474188566 + ((-450.865814208984) * (((0.055325955153 * x0) / ((-1.703884720802) * x6)) * ((cos(sin(cos((0.845599234104 * x7)))) ^ (sin((((exp(((-0.125276267529) * x6)) + ((-0.309200227261) * x6)) / exp((-0.738774955273))) * cos((0.266987085342 - (-0.224997580051))))) + cos(((-1.580630540848) * x6)))) / ((0.055325955153 * x0) + (0.355828523636 * x5))))))',0.447457706909602,0.4474577009677887,2520452,california_housing,0,19952,8,1024,paper,4,0,3324115916
3600.0208341144025,'(0.357360899448 + (4.957159042358 * sin((((-0.267080634832) * x0) / ((((-1.015259027481) * x5) - cos(((-0.023529261351) * x1))) + cos((1.675978899002 * x6)))))))',0.48492210412338677,0.48492181301116943,10897586,california_housing,3,19952,8,1024,paper,4,0,1859786275
3600.0335063114762,'(0.739878773689 + ((-0.021666524932) * ((exp(((sin((-0.902832984924)) * sin((((-0.736954510212) * x6) + 1.231864452362))) ^ 2)) / (((-3.184536457062) * x5) / (0.271820962429 * x0))) * ((((2.608842134476 * x6) - ((0.085718430579 * x7) ^ 2)) ^ 2) / cos(((-0.061001591384) * x7))))))',0.43095167364350506,0.4309515655040741,6613582,california_housing,2,19952,8,1024,paper,4,0,1884968544
3600.0269241072237,'((-2.289654016495) + ((-0.041102029383) * (((exp(((-0.048242341727) * x1)) + (cos((((-0.855655908585) * x3) / (0.207867279649 * x2))) + (((-0.697040498257) * x0) - (1.910840153694 * x5)))) * ((-1.290894508362) * x7)) / ((3.911802768707 * x5) - sin(((-1.290894508362) * x7))))))',0.48233405055576045,0.482334166765213,6127668,california_housing,6,19952,8,1024,paper,4,0,2995172877
3600.0322891697288,'(0.356854707003 + (0.476176798344 * ((((-2.177264213562) * x0) / ((-0.967960119247) * x5)) + cos((1.486298918724 * x7)))))',0.5069427227370695,0.5069426894187927,11415636,california_housing,8,19952,8,1024,paper,4,0,404488628
3600.028753247112,'(0.755315840244 + (0.365530163050 * ((sqrt(((((1.503195047379 * x0) * ((-0.797721505165) * x7)) - (5.678349494934 * x6)) ^ 2)) / (0.318309873343 * x5)) / (((2.599447488785 * x2) + (((1.928708195686 * x0) + ((-1.045562028885) * x1)) + (3.010269641876 * x0))) + (2.943629741669 * x6)))))',0.5211188841549772,0.5211186408996582,5285915,california_housing,4,19952,8,1024,paper,4,0,3687649985
3600.0564526058733,'((-25.137290954590) + (0.257642805576 * ((((-2.420229911804) * x0) / ((-0.764713764191) * x5)) + (((-1.320480346680) * x6) + (((-1.257572293282) * x7) + ((((sin(((-0.520733833313) * x0)) - exp(sin(sin(((-1.359172940254) * x6))))) / (0.707106769085 * x3)) - sqrt(exp((((-0.520733833313) * x1) / ((((-0.797446012497) * x5) * ((-0.797446012497) * x5)) ^ 2))))) - cos((1.668095231056 * x7))))))))',0.4039309205927143,0.4039311408996582,3940839,california_housing,5,19952,8,1024,paper,4,0,369133708
3600.0215356871486,'(0.714912891388 + ((-0.080972239375) * ((((log((4.287372589111 * x2)) * cos((3.165165901184 * x1))) ^ 2) - (6.768656253815 * x0)) / (0.442950785160 * x5))))',0.5435222500149897,0.543522298336029,9654653,california_housing,9,19952,8,1024,paper,4,0,2261209995
3600.0239652730525,'(3.140738487244 + ((-2.014155626297) * cos(((sin(sin((0.797706186771 * x6))) / (((1.061278581619 * x5) * ((-0.879269301891) * x6)) / sqrt(exp((sin(((-0.781777262688) * x7)) ^ 2))))) * ((0.120287135243 * x0) * (1.414213538170 * x7))))))',0.46376673294405363,0.46376681327819824,5449433,california_housing,10,19952,8,1024,paper,4,0,4190266092
3600.0380212143064,'(1.065313220024 + (6.452207088470 * (((((-0.425943791866) - (sqrt((0.822469413280 ^ (0.569421589375 * x0))) - ((-0.040375206620) * x6))) - ((0.822469413280 ^ ((-0.080367423594) * x1)) * (-0.425943791866))) ^ 2) ^ (((-1.174064993858) * x5) / (0.602273643017 * x0)))))',0.5097271704229237,0.5097270011901855,3903986,california_housing,7,19952,8,1024,paper,4,0,865305066
3600.021112769842,'(7.709527015686 + ((-2.347523689270) * (log(((cos(((-1.643395304680) * x7)) / ((-0.105278775096) * x5)) - (((-0.685042321682) * x6) + (0.072798468173 * x1)))) - ((0.451523035765 * x0) / (1.008027672768 * x5)))))',0.481732321492846,0.48173218965530396,6871366,california_housing,13,19952,8,1024,paper,4,0,3081541439
3600.051692828536,'((-0.539579153061) + ((-1.547292351723) * ((((-0.460175782442) * x0) - ((0.022526238114 * x1) + (exp(sin(((-0.573618888855) * x0))) ^ cos(sqrt((0.737845480442 * x6)))))) / log((2.488937139511 * x5)))))',0.5222456648613512,0.522245466709137,4010367,california_housing,14,19952,8,1024,paper,4,0,3376120482
3600.0194327794015,'(0.478359967470 + (1.194442033768 * ((cos(((-1.432107090950) * x7)) + (0.853775739670 * x0)) / (exp(sin(((-1.546247124672) * x6))) - ((-0.782219886780) * x5)))))',0.4770273978674017,0.47702738642692566,8221259,california_housing,12,19952,8,1024,paper,4,0,3269070126
3600.0295994393528,'(2.289340734482 + ((-1.367917776108) * ((((-0.569460570812) * x0) + ((cos(((1.176274538040 * x7) - ((-1.257513880730) * x6))) + (0.913930952549 * x5)) + (cos(((-0.787246465683) * x6)) ^ 2))) * exp(((-0.279985785484) * x5)))))',0.3984125445538257,0.3984124958515167,5495108,california_housing,11,19952,8,1024,paper,4,0,3160032368
3600.0214603468776,'((-37.509086608887) + (0.695275068283 * (((1.030490279198 * x0) / (0.705088555813 * x5)) - ((0.657313883305 * x7) - ((-0.665945053101) * x6)))))',0.45942487389622094,0.45942479372024536,10955353,california_housing,16,19952,8,1024,paper,4,0,550243861
3600.0416243188083,'((-18.038429260254) + (0.000410883105 * (((7.917052745819 * x5) + (0.420701116323 * x0)) / ((7.917052745819 * x5) / ((((1.158976793289 * x6) + ((1.385231137276 * x6) + exp((cos((2.551634311676 * x7)) * cos((4.715687751770 * x6)))))) + (2.550806522369 * x7)) ^ 2)))))',0.42909370604770636,0.42909350991249084,7168181,california_housing,17,19952,8,1024,paper,4,0,3606691181
3600.0252477042377,'(0.395537763834 + ((-2.652740001678) * (((cos(cos((0.704304456711 * x7))) * log((((0.707106769085 * x1) ^ 2) * ((2.741170406342 * x5) * (3.141592741013 * x4))))) / (2.741170406342 * x5)) * sin(((-0.090744651854) * x0)))))',0.4834775721613304,0.4834774434566498,4990661,california_housing,15,19952,8,1024,paper,4,0,2204291346
3600.026277150959,'((-0.999262332916) + (1.072027087212 * (sqrt(exp(((cos((0.769400835037 * x7)) ^ 2) ^ 2))) + ((0.849364697933 * x0) / exp(sqrt(exp((((-1.735554456711) * x1) / exp((1.787806749344 * x5))))))))))',0.47714304563217436,0.47714298963546753,5791085,california_housing,19,19952,8,1024,paper,4,0,2148995112
3600.038736872375,'((-0.378203004599) + ((-0.329125434160) * (((((-0.392129033804) * x1) * exp(((-0.308934897184) * x2))) - (2.944393396378 * x0)) / (log((2.263831377029 * x5)) - (((0.429703235626 * x0) ^ 2) / ((-0.185019612312) * x4))))))',0.5085467110256022,0.5085467100143433,7967529,california_housing,18,19952,8,1024,paper,4,0,1934392872
3600.022838920355,'((-37.460681915283) + (0.513209164143 * ((((-0.808091402054) * x0) / ((-0.407422035933) * x5)) + (((-0.903748333454) * x6) + ((-0.890158236027) * x7)))))',0.4600461230981455,0.4600459933280945,10529203,california_housing,20,19952,8,1024,paper,4,0,1592565386
3600.0239241942763,'(3.067725419998 + ((-2.090768098831) * cos((((sin(((-1.391368508339) * x7)) + sin(log(((((-1.391368508339) * x7) * ((1.422575235367 * x1) - ((-4.138607978821) * x5))) * ((-0.230600833893) * x7))))) + (1.237668514252 * x0)) / ((-1.727746367455) * x5)))))',0.4615673655461451,0.461567223072052,13487460,california_housing,21,19952,8,1024,paper,4,0,784044718
3600.0199988000095,'(0.886749565601 + ((-5.715451717377) * (((sin((((-0.674642324448) * x6) - (0.668425559998 * x7))) ^ 2) - (0.356375604868 * x0)) / ((1.663980364799 * x5) - ((-0.076846547425) * x0)))))',0.4381595873856261,0.4381594955921173,8184171,california_housing,23,19952,8,1024,paper,4,0,3356806661
3600.031666725874,'(3.008850336075 + ((-2.165715694427) * cos((((0.037205055356 * x1) + (1.561896562576 * x0)) / (2.385276556015 * x5)))))',0.5243961514090071,0.5243964195251465,14316089,california_housing,26,19952,8,1024,paper,4,0,3533734220
3600.023919954896,'((-36.004970550537) + (0.301651716232 * ((((0.515064895153 * x0) * (0.150223374367 * x7)) / ((-2.735699415207) * x5)) + (((-1.474257349968) * x7) - (1.538602709770 * x6)))))',0.45445456664491607,0.45445436239242554,9545089,california_housing,25,19952,8,1024,paper,4,0,1728356533
3600.0446004495025,'(0.869219362736 + ((-5.031120777130) * (((0.216411933303 * x0) ^ 0.693147182465) / (((-0.796509027481) * x5) - (sqrt(((((0.216411933303 * x0) ^ ((-1.084150314331) * x5)) * exp(((-0.047125831246) * x1))) * (0.572984397411 * x2))) ^ 2)))))',0.5192403757360857,0.5192405581474304,5030601,california_housing,22,19952,8,1024,paper,4,0,3980425317
3600.0495578832924,'(0.316732913256 + (2.519991636276 * (((0.843569219112 * x0) + cos(((-1.671269893646) * x6))) / (sqrt((sqrt(sqrt(sqrt(sqrt((0.230164632201 * x5))))) ^ ((1.874835133553 * x1) - (1.442695021629 * x6)))) + (1.628933668137 * x5)))))',0.49241170513139493,0.4924113154411316,6951746,california_housing,24,19952,8,1024,paper,4,0,2765379632
3600.0205951184034,'((-37.413845062256) + (0.174317047000 * ((((-2.615921974182) * x7) - (2.652233600616 * x6)) - ((1.828244328499 * x0) / ((-0.313197553158) * x5)))))',0.45751639535064886,0.4575161933898926,10532087,california_housing,28,19952,8,1024,paper,4,0,1904449481
3600.035094741732,'((-2.664297819138) + (3.505193710327 * (((((18.839662551880 * x4) ^ 0.114979662001) / (0.286296248436 * x6)) + (((0.226865351200 * x0) / (1.176569700241 * x2)) + ((102.115036010742 * x1) ^ 0.061750076711))) - (cos(((0.226865351200 * x0) / ((-0.599631845951) * x5))) ^ 2))))',0.49161916842782916,0.49161890149116516,2051812,california_housing,1,19952,8,1024,paper,6,0,2811363264
3600.037377592176,'(0.579013943672 + ((-2.077581167221) * (cos((0.265798956156 * x0)) - exp(((cos((sin(((2.131594657898 * x3) ^ ((-0.074089743197) * x1))) + (0.480722218752 / sqrt((0.417712301016 * x0))))) ^ ((0.228945225477 * x2) ^ 2)) ^ (2.705275774002 * x5))))))',0.48927369966792245,0.4892734885215759,2374700,california_housing,27,19952,8,1024,paper,4,0,2342600226
3600.028168439865,'(3.132049083710 + ((-2.164379596710) * cos(((((1.263420939445 / (2.787525653839 * x5)) - exp(exp((-1.682072639465)))) + ((0.825454115868 * x1) * (-0.012018836103))) / ((5.150784969330 * x5) / (2.830368995667 * x0))))))',0.5121745737915371,0.5121745467185974,7528002,california_housing,0,19952,8,1024,paper,6,0,3324115916
3600.0252358727157,'(0.227750018239 + (1.884664058685 * ((((-0.493635565042) * x0) - ((sin(((-0.783870100975) * x7)) ^ 2) ^ 2)) / ((((-0.908162355423) * x6) + (cos((((-0.834747970104) * x7) + ((-0.908162355423) * x6))) - ((-0.876126945019) * x6))) - (0.590188741684 * x5)))))',0.405010683020341,0.40501049160957336,6521221,california_housing,29,19952,8,1024,paper,4,0,1934709049
3600.0351181700826,'((-29.656068801880) + ((-0.209201663733) * ((1.813601136208 * x6) - (exp(sin(((-1.552384614944) * x7))) - ((((-0.642161309719) * x0) / (0.134320423007 * x5)) - ((-1.737240672112) * x7))))))',0.4278823231598037,0.42788225412368774,6409234,california_housing,2,19952,8,1024,paper,6,0,1884968544
3600.026736356318,'(2.970322847366 + ((-0.892507612705) * ((cos((((-0.399646103382) * x0) / ((-0.577632188797) * x5))) + cos((((-0.432734638453) * x0) / ((-0.577632188797) * x5)))) + sin(((2.552043437958 * x7) / log((0.718879103661 * x6)))))))',0.40875288502094087,0.408752977848053,5178397,california_housing,4,19952,8,1024,paper,6,0,3687649985
3600.043272253126,'((-1.127349138260) + (0.490709275007 * ((sqrt((((-1.082641601562) * x1) / ((-1.906252861023) * x2))) + ((((-2.130240917206) * x0) + ((-1.658502936363) * x5)) / ((-1.658502936363) * x5))) + (sqrt((1.689311623573 * x0)) - sin((((-2.744665622711) * x0) / ((-1.721764922142) * x5)))))))',0.5005030880999256,0.5005026459693909,4836578,california_housing,10,19952,8,1024,paper,6,0,4190266092
3600.059993688017,'(5.187188148499 + (3.520191431046 * ((((1.411430954933 * x6) / (0.286655128002 * x7)) - ((((cos(((-0.925559759140) * x7)) ^ 2) + (0.085056982934 * x2)) / ((-1.105700373650) * x2)) * ((0.249684050679 * x0) + (0.003099229420 * x6)))) - ((1.442695021629 / ((-1.690620422363) * x5)) * (((0.249684050679 * x0) + (0.003099229420 * x1)) + ((0.003099229420 * x1) + (0.003099229420 * x1)))))))',0.467594574917237,0.4675947427749634,3176623,california_housing,3,19952,8,1024,paper,6,0,1859786275
3600.042347639799,'(1.115771770477 + (1.319321274757 * exp((exp((cos((cos(sin((exp(((exp(((-0.257399201393) * x1)) ^ (0.126374989748 * x0)) ^ 0.318309873343)) / (-0.625905930996)))) ^ 2)) - 0.318309873343)) + (((((-0.385453224182) * x0) / exp(sqrt(((0.318309873343 * x5) - ((-0.012267947197) * x4))))) - (0.671519160271 * x5)) / (0.236347615719 * x0))))))',0.5079075750822596,0.5079076290130615,2424473,california_housing,6,19952,8,1024,paper,6,0,2995172877
3600.102814693004,'(7.183925151825 + (2.134446382523 * ((((0.318309873343 ^ (0.434294492006 * x2)) / 0.618994295597) - (cos(((-0.261688590050) * x0)) - ((0.151611208916 * x1) ^ 0.131997197866))) - ((((7.773916244507 * x6) ^ 0.318309873343) ^ 0.707106769085) - (((7.384472846985 * x0) ^ 0.318309873343) / (0.618994295597 ^ ((-1.694949150085) * x5)))))))',0.4871012670372262,0.4871010184288025,911952,california_housing,5,19952,8,1024,paper,6,0,369133708
3600.036418057978,'((-3.887488126755) + ((-2.205627918243) * (((sin((1.803721547127 * x6)) + (1.706516265869 * x5)) / (((0.913675963879 * x5) * (0.878818988800 * x5)) + (0.120801657438 * x1))) + ((sin(((-0.844140231609) * x2)) / ((2.718281745911 * x3) * (0.855006694794 * x0))) + ((((-0.661642313004) * x0) - (3.275585412979 * x5)) / (1.312918305397 * x5))))))',0.48184375293053294,0.48184359073638916,3369803,california_housing,22,19952,8,1024,paper,6,0,3980425317
3600.042789377272,'(0.249570965767 + (5.099388599396 * sin((((1.074132204056 * x0) - sin(((-1.525387167931) * x7))) / ((((-1.189489841461) * x6) * ((-0.107362627983) * x5)) + sin((3.299875497818 * x7)))))))',0.4723453774554517,0.4723452627658844,5808609,california_housing,18,19952,8,1024,paper,6,0,1934392872
3600.026647411287,'(0.647219836712 + ((-0.311491698027) * ((sqrt(sin((0.084353901446 * x0))) / (((0.085286617279 * x0) - ((-0.122430332005) * x5)) - sin((0.085286617279 * x0)))) * (((-0.573246538639) * x0) + ((((-0.514615118504) * x1) / (0.434294492006 * x6)) * sin(((-1.394948482513) * x7)))))))',0.4610538258725329,0.46105360984802246,3992974,california_housing,11,19952,8,1024,paper,6,0,3160032368
3600.041275046766,'(0.168329849839 + ((-2.049595594406) * (((sin((1.607276797295 * x7)) + sin((3.195032835007 * x7))) - (sin((0.248501956463 * x6)) + (1.414213538170 * x0))) / log((((0.434294492006 * x0) - ((-0.137373819947) * x6)) / (0.060375116765 ^ (0.661946952343 * x5)))))))',0.4672665752641772,0.46731624007225037,3965856,california_housing,8,19952,8,1024,paper,6,0,404488628
3600.0760378576815,'(4.647791862488 + (5.644277095795 * (sin(((0.248268947005 * x0) / (((-1.124996662140) * x5) * (-0.734597086906)))) - exp((sqrt(((0.042323309928 * x1) * (0.317227572203 * x5))) / ((-1.300415158272) * x2))))))',0.5046676767846129,0.5046675205230713,5819562,california_housing,9,19952,8,1024,paper,6,0,2261209995
3600.0459360070527,'((-34.109001159668) + (0.087101280689 * ((((-0.145222350955) * x1) - (((-2.250174760818) * x0) + ((1.590495586395 * x7) - ((-1.651679635048) * x6)))) + ((((0.181854575872 * x1) + (1.607804656029 * x0)) / (0.276570290327 * x5)) - (((1.590495586395 * x7) - ((-1.651679635048) * x6)) + ((1.606564760208 * x7) - ((-1.655925035477) * x6)))))))',0.43761795001013803,0.43761786818504333,3794343,california_housing,12,19952,8,1024,paper,6,0,3269070126
3600.0359539985657,'((-37.466648101807) + ((-0.365462929010) * (((((0.622987747192 * x0) / ((-0.547750949860) * x5)) - cos((0.764809429646 * x5))) - sin(((0.819523572922 * x0) / ((-0.547750949860) * x5)))) + ((((-0.895266830921) * ((-0.860699594021) * x6)) - (((-0.501357138157) * x6) - (1.265358805656 * x7))) - (0.434294492006 * x0)))))',0.42496928656693167,0.42496925592422485,3779295,california_housing,17,19952,8,1024,paper,6,0,3606691181
3600.104488454759,'(3.161288261414 + (0.950685739517 * ((sin(cos(((-0.710073173046) * x5))) - (sin((0.836979746819 * x6)) ^ 2)) - ((sin((0.313257396221 * x6)) * (0.018511025235 * x1)) + (cos(((-0.282670229673) * x0)) + cos((0.242309957743 * x0)))))))',0.48342264849495314,0.48342230916023254,3816712,california_housing,13,19952,8,1024,paper,6,0,3081541439
3600.027910578996,'((-0.224113360047) + (5.585810184479 * (sin(((0.078136712313 * x0) / (((-0.456223011017) * x5) / (-1.584393501282)))) + sin(sin(exp(((-0.627845883369) * x2)))))))',0.5442139755953451,0.5442137122154236,6479466,california_housing,20,19952,8,1024,paper,6,0,1592565386
3600.0510841198266,'((-1.819572091103) + ((-29.733644485474) * ((((0.435210466385 * x5) + ((0.435210466385 * x5) + (0.522727489471 * x0))) / (((-3.536772966385) - (sin((0.350169301033 * x6)) + cos(3.141592741013))) - cos(((-0.381955146790) * x7)))) / (((4.618867874146 * x5) + sin((1.396098256111 * x7))) + (sin((1.442695021629 * x6)) + (sin((0.492589741945 * x0)) + (0.522727489471 * x0)))))))',0.3980394116937892,0.3980393707752228,2835682,california_housing,23,19952,8,1024,paper,6,0,3356806661
3600.0322078578174,'(3.038871288300 + (1.333487987518 * (exp(((1.194404602051 ^ ((-0.191572681069) * x1)) * (((-1.086750984192) * x2) + (((1.442695021629 * x3) - exp(((-0.711928844452) * x2))) - (cos((1.562718987465 * x7)) + ((-0.248937308788) * x2)))))) - (cos(((1.750890254974 * x0) / (1.952773332596 * x5))) + (cos(((-0.174457207322) * x0)) * (0.031778682023 * x6))))))',0.4457944231224168,0.44579431414604187,2704350,california_housing,7,19952,8,1024,paper,6,0,865305066
3600.0612024739385,'(0.809025764465 + (1.136815071106 * ((sin(((2.571376800537 * x0) / (1.880451560020 * x2))) + (((3.781485319138 * x3) / (1.880451560020 * x2)) + (((-0.555347621441) * x0) / ((-1.465751528740) * x5)))) - sin(((((-1.302098155022) * x0) / ((-1.295628190041) * x5)) + cos(sqrt(sin(((0.316760480404 * x1) ^ ((-0.612972259521) * x3))))))))))',0.4962247613843898,0.49622464179992676,3321348,california_housing,27,19952,8,1024,paper,6,0,2342600226
3600.059716694057,'(0.966508150101 + (4.849934101105 * sin((sin(((0.259029060602 * x0) / ((-0.759854972363) * x5))) ^ 2))))',0.5536109216083559,0.5536106824874878,9885342,california_housing,14,19952,8,1024,paper,6,0,3376120482
3600.0541437529027,'(2.389603614807 + (1.926270961761 * (((0.790470242500 * x0) / ((((1.442695021629 * x2) / (0.434294492006 * x1)) * (2.302585124969 * x2)) + (0.707106769085 * x0))) - cos(((0.790470242500 * x0) / (1.052168369293 * x5))))))',0.48710543598322864,0.4871053695678711,6947263,california_housing,15,19952,8,2048,paper,4,0,2204291346
3600.0357291400433,'((-37.597248077393) + (0.895083367825 * (((((-0.529523849487) * x6) - ((5.608618259430 * x0) / (0.707106769085 * x5))) + (((5.990040779114 * x0) + (0.101615414023 * x3)) / (0.707106769085 * x5))) + (((-0.524930536747) * x7) - cos(((0.711543381214 * x0) / (0.891870200634 * x5)))))))',0.4291115109919987,0.429111510515213,4360104,california_housing,15,19952,8,1024,paper,6,0,2204291346
3600.058768298477,'(1.054328918457 + (7.352869987488 * (((((-2.868918657303) * x7) - ((sin(((-1.652290940285) * x7)) + ((-0.631146609783) * x6)) ^ 2)) / ((-0.084715753794) * x1)) ^ (((-0.980668485165) * x5) / (1.455336928368 * x0)))))',0.4940550394078597,0.4940551519393921,4259404,california_housing,12,19952,8,2048,paper,4,0,3269070126
3600.0469344705343,'(0.647520661354 + ((-1.014508962631) * ((sin(((0.629870593548 * x6) - ((-0.633529901505) * x7))) + (0.400415211916 * x0)) / ((((-0.109827488661) * x6) / sqrt(((16.387151718140 * x5) + (((-0.173536270857) * x1) * ((-0.090533286333) * x4))))) - (0.318309873343 * x5)))))',0.41758721736391563,0.4175870716571808,4874935,california_housing,16,19952,8,1024,paper,6,0,550243861
3600.1005942560732,'(1.819791078568 + ((-4.795051097870) * ((((0.194169566035 ^ (0.693147182465 * x5)) + exp(0.062433540821)) ^ (((-0.559139072895) * x0) * (0.382128328085 * x0))) - ((((0.100163049996 * x6) ^ (-0.564799726009)) + (0.087776377797 / (0.534868657589 * x5))) + (((2.108546495438 * x2) ^ (-1.392440915108)) ^ ((1.575465321541 * x1) ^ (-0.205058082938)))))))',0.47537645776700393,0.4753762483596802,921863,california_housing,21,19952,8,1024,paper,6,0,784044718
3600.081602793187,'(1.717692613602 + (0.029876627028 * (((0.370073795319 * x0) / (0.011443206109 * x5)) - (((((-1.661669731140) * x1) / (0.687443256378 * x2)) + ((-3.824790954590) * x0)) + (1.761324167252 * x6)))))',0.5228820730297745,0.522881805896759,8590701,california_housing,14,19952,8,2048,paper,4,0,3376120482
3600.0331399030983,'(3.209326505661 + (0.061996560544 * (exp(exp(cos((1.591889023781 * x7)))) + ((((0.127689316869 * x7) * ((-0.229271814227) * x0)) * cos((0.714800238609 * x5))) + ((0.335113137960 * x7) * cos(((-0.251276612282) * x0)))))))',0.47590818945939173,0.4759080111980438,4167359,california_housing,25,19952,8,1024,paper,6,0,1728356533
3600.0380222573876,'((-36.641384124756) + (0.129865214229 * (((cos((2.924538135529 * x7)) - (3.489908695221 * x6)) + (cos((((0.028955195099 * x2) / cos(cos((1.123125791550 * x2)))) + ((0.028955195099 * x2) + ((3.141592741013 - (1.235529184341 * x2)) - 0.387858003378)))) - (3.446512460709 * x7))) - ((cos((7.563202381134 * x7)) - ((1.048752188683 * x0) + (1.290169835091 * x0))) / (0.310807824135 * x5)))))',0.4120269489093563,0.4120267629623413,3679625,california_housing,19,19952,8,1024,paper,6,0,2148995112
3600.0633706636727,'(1.060605287552 + (7.166176795959 * exp((((cos((1.432143449783 * x7)) - sin(sqrt(sqrt((1.477802157402 * x1))))) - (1.482259750366 * x5)) / (0.546354353428 * x0)))))',0.46678938448747653,0.46678924560546875,8547409,california_housing,8,19952,8,2048,paper,4,0,404488628
3600.0442217849195,'(0.464432358742 + (4.942446231842 * sin((((0.434294492006 * x7) / (((2.043735742569 * x5) * ((-0.185175508261) * x6)) / ((-1.444652199745) - (-1.604087948799)))) * ((0.077508389950 * x0) * (log((2.079311847687 * x1)) + (0.253395169973 * x0)))))))',0.5114410584292327,0.5114409327507019,6327473,california_housing,10,19952,8,2048,paper,4,0,4190266092
3600.119104344398,'(3.168754577637 + ((-0.712474286556) * (((((0.080975726247 * x5) ^ (-0.528318881989)) + sin((0.153068244457 * x7))) + (sin((0.189578652382 * x6)) + sin(((-0.686844408512) * x2)))) * (exp(cos((0.094212003052 * x0))) - (sin((0.188084661961 * x0)) + ((0.189578652382 * x5) ^ (-0.528318881989)))))))',0.5113902390564119,0.5113903284072876,1618212,california_housing,26,19952,8,1024,paper,6,0,3533734220
3600.0783964656293,'(1.796874761581 + (0.362813562155 * (cos((1.674779415131 * x6)) + ((log(((1.160877346992 * x3) / (1.674779415131 * x6))) + ((0.035577997565 * x1) + (cos(((0.434294492006 * x2) / (0.519664883614 * x0))) - (sin((0.519664883614 * x0)) + (((-0.003233715193) * x4) / ((1.674779415131 * x5) ^ (0.434294492006 * x2))))))) - (((-1.192687869072) * x0) / (0.515588045120 * x5))))))',0.46196294623616235,0.46196281909942627,3206120,california_housing,17,19952,8,2048,paper,4,0,3606691181
3600.126465536654,'(0.609084010124 + (6.462439537048 * (((0.318309873343 * x0) / (sin((cos(sin((0.703566908836 * x7))) - (((-0.127726554871) * x0) * (0.020492265001 * x0)))) / (cos((0.938329756260 ^ (0.249839261174 * x1))) ^ exp(cos((0.318309873343 * x0)))))) / (2.302585124969 * x5))))',0.48159544590502235,0.48159536719322205,2947598,california_housing,1,19952,8,2048,paper,4,0,2811363264
3600.0593497492373,'((-41.566310882568) + ((-0.704528510571) * ((((0.723328471184 * x7) - ((-0.734295845032) * x6)) + ((-0.516422569752) * x0)) - cos(((-0.704929709435) * x5)))))',0.4621285738498107,0.4621284306049347,9699874,california_housing,6,19952,8,2048,paper,4,0,2995172877
3600.0360665097833,'(0.374042958021 + (2078.563720703125 * (((cos(((-1.460328340530) * x7)) + ((-0.847791850567) * x0)) / (cos(((-0.332598149776) * x7)) + (0.160893842578 * x6))) / ((cos(((-0.332598149776) * x7)) + (0.172562196851 * x6)) * ((3.107799291611 * x6) * ((-0.242610320449) - (0.399084895849 * x5)))))))',0.45893445567652436,0.4589344561100006,3796399,california_housing,24,19952,8,1024,paper,6,0,2765379632
3600.0576367489994,'(0.373181939125 + ((-3.888279199600) * ((cos((1.512181758881 * x7)) - (0.934215426445 * x0)) / ((exp(1.531360745430) - log((0.815396308899 * x1))) + (2.762248754501 * x5)))))',0.48916848152203285,0.48916834592819214,7637784,california_housing,2,19952,8,2048,paper,4,0,1884968544
3600.093976788223,'(0.880817770958 + (9.344278335571 * (((log((exp(cos(cos(((-1.645283102989) * x7)))) ^ ((0.821832060814 * x3) ^ ((-0.984404206276) * x0)))) + ((sqrt(((-4.647626876831) * x7)) ^ ((1.220464587212 * x1) ^ ((-0.202514022589) * x5))) * (1.254107832909 * x2))) - cos(((-1.645283102989) * x7))) ^ ((0.271399497986 * x5) / ((-0.232961013913) * x0)))))',0.487550093781326,0.4899079203605652,1692638,california_housing,7,19952,8,2048,paper,4,0,865305066
3600.0309987291694,'(3.041798114777 + ((-2.053657054901) * cos(((1.777379155159 * x0) / ((-2.427848339081) * x5)))))',0.555844971929782,0.5558446049690247,14980022,california_housing,19,19952,8,2048,paper,4,0,2148995112
3600.040469571948,'(0.545184314251 + ((-98.991699218750) * (((1.926771759987 * x0) / (cos((2.012072563171 * x6)) - (2.489502906799 * x5))) / ((2.510847091675 * x6) - (0.434294492006 * x1)))))',0.5221440975497,0.5221439003944397,8942391,california_housing,5,19952,8,2048,paper,4,0,369133708
3600.0925712808967,'((-32.359043121338) + ((-0.932221651077) * (((((-0.455434262753) ^ 2) * (((-1.921453714371) * x0) - ((-0.134559631348) * x7))) + (log((3.141511440277 * x5)) - (((-0.472899377346) * x6) + (((-0.088595360518) * x7) / ((-0.455434262753) ^ 2))))) + sin(cos(((0.281486868858 * x3) + (exp((0.026941103861 / ((2.005323886871 * x5) / (0.860242009163 * x1)))) ^ 2)))))))',0.4534084888069027,0.45340830087661743,4542984,california_housing,29,19952,8,1024,paper,6,0,1934709049
3600.0617344379425,'((-37.581893920898) + ((-0.919543504715) * (((0.498407572508 * x7) + (0.506013929844 * x6)) + ((0.652668952942 * x0) / ((-0.590798139572) * x5)))))',0.45795690874068645,0.4579567015171051,10084355,california_housing,3,19952,8,2048,paper,4,0,1859786275
3600.0604206360877,'(2.988026380539 + ((-2.050944566727) * cos(((log(exp(sin((1.079416275024 * ((-1.363758444786) * x7))))) + ((-1.137811183929) * x0)) / (1.645798683167 * x5)))))',0.4829494918006957,0.48294907808303833,11064670,california_housing,18,19952,8,2048,paper,4,0,1934392872
3600.0554126240313,'((-0.317066133022) + ((-0.100103490055) * (((1.268125534058 * x0) / ((-0.108513444662) * x5)) + (((0.271696060896 * x1) + (log(sqrt(((((-0.094709448516) * x0) * (1.073310852051 * x4)) * ((-0.094709448516) * x0)))) ^ 2)) / ((-0.378351598978) * x2)))))',0.5224147781321422,0.5224146246910095,8644189,california_housing,4,19952,8,2048,paper,4,0,3687649985
3600.058401826769,'((-0.362312227488) + ((-0.421022862196) * ((((-0.755900919437) * x0) / (0.318309873343 * x5)) + (((((2.813904762268 * x1) / (((-0.737907767296) * x6) * (0.020011425018 * x6))) + ((-2.054611444473) * x0)) * (0.434294492006 * x3)) / (0.446787625551 * x2)))))',0.5214481094867665,0.5214478373527527,7402968,california_housing,22,19952,8,2048,paper,4,0,3980425317
3600.0649781934917,'((-9.297022819519) + (12.319959640503 * ((sin(((0.707106769085 * x7) + (0.701882839203 * x6))) + ((0.607321500778 * x0) + ((3.802319526672 * x5) + (0.062130436301 * x1)))) * ((((5.237872123718 * x5) + (0.135371327400 * x0)) + ((0.435080587864 * x5) + (0.062130436301 * x1))) ^ (-0.954279780388)))))',0.4299398855023377,0.4299396276473999,2737457,california_housing,28,19952,8,1024,paper,6,0,1904449481
3600.0731585249305,'(0.361965298653 + (0.472935497761 * (sin(((-1.499391674995) * x7)) - ((2.314169883728 * x0) / ((-1.021997451782) * x5)))))',0.5081658034782978,0.5081654191017151,11228160,california_housing,9,19952,8,2048,paper,4,0,2261209995
3600.107540242374,'((-2.675789833069) + (4.420674324036 * (((1.887002348900 * x2) ^ log(cos((cos((sin((sqrt(sqrt(sqrt((((-0.149672031403) * x1) - ((1.092594504356 * x0) + ((-0.724562764168) * x6)))))) ^ 2)) ^ 2)) ^ 2)))) - ((1.092594504356 * x0) / ((-4.747491836548) * x5)))))',0.5159760412131713,0.5159757733345032,3281222,california_housing,20,19952,8,2048,paper,4,0,1592565386
3600.1130371317267,'(0.275157958269 + ((-0.374621033669) * ((((2.132776975632 * x0) / ((0.847126007080 * x5) / (-1.103495836258))) - sin((1.471418619156 * x7))) - sin((1.547397375107 * x6)))))',0.4825446208824945,0.4825446307659149,8191057,california_housing,11,19952,8,2048,paper,4,0,3160032368
3600.076707698405,'(0.555424571037 + (0.000012751081 * (((((((-0.138739868999) * x7) ^ 2) + (0.201738417149 * x1)) - (6.918817520142 * x6)) * ((6.918817520142 * x6) * (3.141592741013 * x0))) / (0.318309873343 * x5))))',0.4818129066134267,0.48181283473968506,9656691,california_housing,16,19952,8,2048,paper,4,0,550243861
3600.1189737543464,'(0.607105016708 + (0.037909466773 * (log((((-0.403714388609) + sin(sin(exp((cos(((-1.383033752441) * x7)) * (-0.396785110235)))))) ^ (4.037775993347 * x0))) / ((-0.210438877344) * x5))))',0.5188700047698831,0.5137421488761902,4103908,california_housing,21,19952,8,2048,paper,4,0,784044718
3600.073367200792,'(16.464179992676 + ((-15.439485549927) * cos((sqrt((((0.140149518847 * x6) + (0.135770708323 * x6)) + (exp(cos(((cos((1.093131184578 * x2)) - sin(((-1.642505049706) * x6))) + (-1.116552352905)))) - (0.126673609018 * x1)))) ^ ((1.924926519394 * x5) * ((-1.116552352905) / (1.527627468109 * x0)))))))',0.49040989001115703,0.4904100298881531,3985398,california_housing,0,19952,8,2048,paper,4,0,3324115916
3600.0989855267107,'((-1.213733792305) + ((-1.538534641266) * (sin(log(((1.840304613113 * x5) * exp(((-0.288150608540) * x0))))) + (((0.434294492006 * x0) / (((-1.468806862831) * x2) / (2.203511714935 * x3))) - (((0.434294492006 * x7) - (0.318309873343 * x1)) / ((0.880243659019 * x6) / (-1.071896672249)))))))',0.4756255583068516,0.4756254255771637,4142518,california_housing,23,19952,8,2048,paper,4,0,3356806661
3600.1021433211863,'(10.748804092407 + ((-10.573590278625) * (sqrt((sqrt(((0.276646822691 * x1) ^ ((0.553371727467 ^ (0.280600637197 * x2)) ^ 2))) + sin(exp(cos(((-0.703142523766) * x6)))))) ^ ((0.707106769085 * x0) / ((-1.737199306488) * x5)))))',0.4963775450368514,0.49637722969055176,5853324,california_housing,13,19952,8,2048,paper,4,0,3081541439
3600.0331529043615,'((-34.451099395752) + (0.610953092575 * ((((-1.584601640701) * x0) / (((-0.814460694790) * x5) - exp(((-0.047954775393) * x1)))) + (((-0.691550254822) * x7) + ((-0.710644543171) * x6)))))',0.44131150684778353,0.44131138920783997,8403753,california_housing,24,19952,8,2048,paper,4,0,2765379632
3600.0417307913303,'(0.357406705618 + ((-0.477174401283) * ((((-1.420829534531) * x0) / (0.632825136185 * x5)) - cos((1.486317753792 * x7)))))',0.5055127727707376,0.5055126547813416,10988640,california_housing,25,19952,8,2048,paper,4,0,1728356533
3600.0438490472734,'(0.356365591288 + (0.479250520468 * (((1.896184325218 * x0) / (0.848274409771 * x5)) - sin(((-1.473144650459) * x7)))))',0.5072491568334523,0.507249116897583,10959827,california_housing,26,19952,8,2048,paper,4,0,3533734220
3600.028518266976,'((-12.585743904114) + (15.307497024536 * (((0.434140622616 * x0) + (5.937579631805 * x5)) / ((6.871728897095 * x5) + sin((((0.645272672176 * x6) - ((-0.600875496864) * x7)) / 0.707106769085))))))',0.4351399949057562,0.4351399838924408,8086679,california_housing,27,19952,8,2048,paper,4,0,2342600226
3600.02087058872,'(3.036657333374 + ((-2.082134246826) * cos((((-0.335198521614) * x0) / log((1.282248616219 * x5))))))',0.5495978798515083,0.5495976209640503,14881472,california_housing,28,19952,8,2048,paper,4,0,1904449481
3600.047985661775,'(0.667486429214 + (0.143048360944 * (((((-0.688163995743) * x7) / (2.332323551178 * x6)) + cos(sqrt(((-0.806897997856) * x7)))) * (cos(cos(((-0.756610631943) * x7))) * ((((-0.807497382164) * x7) - (1.772453904152 * x0)) / ((2.718281745911 * x5) / (3.141592741013 * x0)))))))',0.4250024130925086,0.4250023663043976,3999923,california_housing,0,19952,8,2048,paper,6,0,3324115916
3600.091119553894,'(0.510792255402 + ((-1.624103069305) * (sin((((3.460344791412 * x0) + log(((0.084323704243 + ((((0.924122869968 ^ (0.219786927104 * x6)) / (0.155359908938 * x2)) ^ 2) ^ 2)) ^ 2))) / ((1.216098189354 * x5) * (0.219786927104 * x6)))) * (((0.918495476246 ^ (2.302585124969 * x0)) - ((1.101981997490 * x1) ^ 0.193323254585)) * ((0.318309873343 * x4) ^ 0.084323704243)))))',0.4724210879141351,0.47242119908332825,1254314,california_housing,1,19952,8,2048,paper,6,0,2811363264
3600.0285542421043,'(0.279616087675 + (3.429795742035 * ((sin(((-1.499916434288) * x7)) / (1.548089027405 * x2)) - (((-1.099358916283) * x0) / (3.366789102554 * x5)))))',0.5054322063982907,0.5054320693016052,9365464,california_housing,29,19952,8,2048,paper,4,0,1934709049
3600.0505737885833,'(5.604612350464 + ((-4.957336902618) * exp((((0.215926721692 * x0) * ((0.657384097576 * x0) / ((-0.176232472062) * x2))) / ((((-2.238521099091) * x5) / ((-0.208124116063) * x1)) - ((-1.915605425835) * x5))))))',0.5234684310517937,0.5234681367874146,6145393,california_housing,2,19952,8,2048,paper,6,0,1884968544
3600.0285175330937,'(5.377744674683 + ((-5.709806442261) * exp(((exp(((-0.333884745836) * x2)) + (0.155521556735 * x0)) / (log(((((1.465737581253 * x0) * ((0.326227068901 * x0) / (0.062937863171 * x5))) * (0.000023366854 * x1)) + sqrt((0.000023366854 * x5)))) * sqrt((0.062937863171 * x5)))))))',0.488258549313463,0.4882584512233734,4682667,california_housing,6,19952,8,2048,paper,6,0,2995172877
3600.025168735534,'(3.900397777557 + ((-1.689860224724) * ((cos(sin(((-0.880298137665) * x6))) + cos(((1.451915264130 * x0) / (1.861690640450 * x5)))) + ((sin((1.551786065102 * x7)) + sin(((-0.891506373882) * x2))) / (2.444762229919 * x5)))))',0.4585862713685151,0.4585862457752228,4326505,california_housing,5,19952,8,2048,paper,6,0,369133708
3600.0432522408664,'((-25.844341278076) + ((-0.256020992994) * (((cos((3.000607490540 * x7)) + (1.294936537743 * x6)) + (cos((1.165762901306 * x2)) + (1.260526776314 * x7))) + (cos((0.382798701525 * x0)) - (((-0.611721694469) * x0) / (((-0.764520525932) * x5) * 0.235575690866))))))',0.4165763738423098,0.41657623648643494,4104288,california_housing,3,19952,8,2048,paper,6,0,1859786275
3600.0568258576095,'(1.550347208977 + ((-0.660943090916) * (((cos(((-0.539624154568) * x2)) * cos(((-0.550809323788) * x2))) + (cos((0.257199406624 * x5)) + cos(((-0.363238304853) * x0)))) - ((cos(((-1.855592250824) * x6)) - (((-0.053624480963) * x1) - (1.000612735748 * x0))) / (cos(((-0.053624480963) * x7)) + (((-0.438481062651) * x5) ^ 2))))))',0.45640591761568106,0.456405907869339,3112925,california_housing,7,19952,8,2048,paper,6,0,865305066
3600.056790448725,'((-34.631317138672) + ((-1.106456041336) * (((cos(((-0.283009797335) * x0)) + (0.268030077219 * x7)) - (cos((0.377850145102 * x6)) + ((0.693147182465 * x0) / (1.414213538170 * x5)))) + ((((0.693147182465 * x0) / ((-0.550380349159) * x5)) / (2.720034599304 * x0)) / ((0.256263315678 * x2) / sqrt((0.318309873343 * x1)))))))',0.42966293368814723,0.42966294288635254,3552873,california_housing,4,19952,8,2048,paper,6,0,3687649985
3600.0552651807666,'(0.398125320673 + (2.334480047226 * (((log((6.283185482025 * x4)) + sin((1.782978177071 * x7))) + sqrt((0.434294492006 * x1))) / ((((1.772453904152 * x6) + (0.442643404007 * x7)) / sin((0.138525724411 * x7))) / (sin((0.077240869403 * x0)) / sin((0.138525724411 * x5)))))))',0.44130613523674006,0.4413062036037445,4423446,california_housing,8,19952,8,2048,paper,6,0,404488628
3600.036340985447,'(1.785109519958 + (1.027419328690 * ((cos(((0.318309873343 * x2) / (-0.715469956398))) / exp(((0.201513707638 * x0) ^ 2))) - ((((-2.119388818741) * x0) / ((1.772453904152 * x5) + (0.191229432821 * x0))) + (((0.201513707638 * x0) * (0.064380750060 * x1)) ^ ((0.366906374693 * x0) * ((-0.012105166912) * x1)))))))',0.4910173948478033,0.4910174012184143,2662405,california_housing,9,19952,8,2048,paper,6,0,2261209995
3600.0351160280406,'(0.585318505764 + ((-0.075790323317) * ((log(((2.302585124969 * x4) + (60.167411804199 * x5))) / log(((0.770620107651 * x5) + 0.392030715942))) * ((cos(((-0.315357416868) * x0)) - (0.448767751455 * x0)) - (((-0.064808711410) * x1) * (-0.448499530554))))))',0.5100849634334111,0.5100849270820618,4183875,california_housing,11,19952,8,2048,paper,6,0,3160032368
3600.034885097295,'((-14.730817794800) + (0.006251884624 * ((((((-0.625956594944) * x7) - (0.318309873343 * x6)) - ((-0.087681740522) * x2)) - (cos((3.051510810852 * x7)) - (((-1.158663749695) * x0) / ((-0.378883630037) * x5)))) * (((((-0.561303615570) * x7) - (0.378230810165 * x6)) - (0.388021945953 * x6)) - sin((((-0.638028025627) * x0) / ((-0.414673835039) * x5)))))))',0.4096828375880072,0.40968286991119385,3388744,california_housing,13,19952,8,2048,paper,6,0,3081541439
3600.0630051530898,'((-16.307546615601) + ((-0.001377579290) * (((((-0.922931492329) * x7) + (((((0.748783469200 * x0) / ((2.031170129776 * x0) + 3.316362380981)) / ((-0.018052982166) - (((0.089379280806 * x1) - ((-0.651332437992) * x2)) + (0.427963942289 * x5)))) * ((-1.165624499321) * x7)) + ((-1.048903942108) * x7))) + (((0.748783469200 * x0) / (0.075792253017 * x5)) + ((-1.985633015633) * x6))) * (sin((((-0.806684792042) * x7) - ((-1.018528819084) * x6))) - (((-0.940055251122) * x7) + ((-1.018528819084) * x6))))))',0.4206531476840749,0.42065316438674927,3077215,california_housing,12,19952,8,2048,paper,6,0,3269070126
3600.0347393378615,'(0.382679849863 + (0.793320894241 * ((((((-0.768170952797) * x1) + (1.311729907990 * x7)) / ((-1.163141846657) * x6)) + sin(((-1.640319466591) * x6))) * (sin(((0.216170191765 * x0) / (0.705544471741 * x5))) * (cos((-0.648567914963)) ^ sin(((-1.574901819229) * x7)))))))',0.44293573830112537,0.4429355561733246,2554874,california_housing,15,19952,8,2048,paper,6,0,2204291346
3600.0521716810763,'(1.943264842033 + (1.685603737831 * (((exp(((-0.486292064190) * x2)) + (((-1.916679382324) * x0) / ((-1.312472820282) * x2))) + ((((-1.916679382324) * x0) / ((-0.486292064190) * x2)) / ((-1.867740273476) * x1))) - (cos(((0.719558477402 * x0) / ((-0.940870404243) * x5))) + (((1.961616873741 * x0) / ((-1.694006919861) * x3)) / ((-1.448604226112) * x2))))))',0.4948944731496092,0.4948943853378296,3419940,california_housing,14,19952,8,2048,paper,6,0,3376120482
3600.031283542514,'(0.607713758945 + (1.771103143692 * (((log((0.836402058601 * x0)) ^ 2) / (0.730887949467 * x5)) + exp(((((-1.344343185425) * x2) * (0.687434077263 * x5)) / ((2.109875679016 * x1) / (1.958140134811 * x2)))))))',0.5108640059337014,0.5108639597892761,5630388,california_housing,16,19952,8,2048,paper,6,0,550243861
3600.0354864150286,'(5.178102016449 + ((-7.780466079712) * ((cos(cos((0.089634709060 * x6))) - sin(exp(((-0.868798732758) * x2)))) - exp(((1.414213538170 * x5) / ((-0.509221374989) * x0))))))',0.5186501405322765,0.5186502933502197,5209004,california_housing,10,19952,8,2048,paper,6,0,4190266092
3600.053990919143,'(1.071394205093 + ((-4.279778957367) * (exp(((-0.062058202922) * ((3.327807664871 * x5) + (0.128363862634 * x1)))) - ((exp(((-0.425767362118) * x2)) - ((-0.231717348099) * x0)) / (exp(((-1.364160537720) * x2)) + ((0.064493112266 * x0) + (0.439598321915 * x5)))))))',0.4999949351377317,0.4999947249889374,4624045,california_housing,18,19952,8,2048,paper,6,0,1934392872
3600.035231783986,'((-0.349183470011) + (0.627498984337 * (cos(((((-0.554801702499) * x0) - ((-1.059069991112) * x0)) - ((-0.150304019451) / (0.027547249570 * x5)))) + (((((-0.543184280396) * x0) - ((-1.103567123413) * x0)) - ((-0.952617883682) / (0.198101148009 * x2))) + (sqrt((0.712936222553 * x1)) * ((1.414213538170 * x5) ^ (-0.952617883682)))))))',0.4848523262165285,0.484852135181427,2547637,california_housing,19,19952,8,2048,paper,6,0,2148995112
3600.029051654041,'(2.735815763474 + ((-2.443773269653) * cos((((((-0.300051480532) * x0) * (-1.821894407272)) / ((-0.853250443935) * x5)) - sqrt((((((-0.329237341881) * x1) / ((-0.833552122116) * x6)) * ((-0.853250443935) * x5)) / ((-0.990316689014) * x2)))))))',0.49415802361855676,0.4941578507423401,6481175,california_housing,17,19952,8,2048,paper,6,0,3606691181
3600.0333166867495,'((-0.658831775188) + (0.329764097929 * (((sin((1.717589735985 * x6)) + cos((0.622352898121 * x2))) + (((1.275003790855 * x0) / (0.762229919434 * x5)) + sqrt((1.842994451523 * x0)))) + ((sqrt((1.648650288582 * x1)) + ((3.275693178177 * x0) / (0.762229919434 * x5))) / sqrt((2.538319826126 * x2))))))',0.484149851493839,0.48414966464042664,3052285,california_housing,24,19952,8,2048,paper,6,0,2765379632
3600.030567947775,'(1.905492067337 + (0.579453229904 * (((((-4.288780212402) * x1) / ((-0.934419929981) * x6)) * exp(((-0.563287138939) * x5))) - ((log((4.336964607239 * x2)) + ((-0.824366211891) * x0)) - sin(cos(((-0.851961612701) * x5)))))))',0.5209406974682038,0.5209409594535828,4213767,california_housing,22,19952,8,2048,paper,6,0,3980425317
3600.0321227014065,'(3.847613096237 + (0.893816232681 * ((((0.204089552164 * x5) ^ (-0.507714807987)) * ((0.434294492006 * x0) - log((1.729734182358 * x5)))) - ((log((3.072999954224 * x2)) - ((-0.218879505992) * ((-0.070748239756) * x1))) - log(log((3.078870058060 * x3)))))))',0.5139364052878039,0.5139366984367371,2468431,california_housing,25,19952,8,2048,paper,6,0,1728356533
3600.0570033304393,'(0.286526858807 + ((-0.417684227228) * ((((-0.438463151455) * x0) - cos((((-0.290133118629) * x2) ^ 2))) - ((sqrt((3.525062561035 * x1)) + (0.973686337471 * x0)) / (((-1.056662440300) * x5) / sin(((-0.184499487281) * x0)))))))',0.4835522119932054,0.48355191946029663,4989520,california_housing,23,19952,8,2048,paper,6,0,3356806661
3600.053426116705,'((-2.175556182861) + ((-5.195292472839) * (((((-0.870547175407) + (0.129061952233 * x0)) / (0.614032566547 * x2)) - sin((0.111947022378 + (0.084004394710 * x0)))) + (sin(sin((0.084004394710 * x0))) / ((-0.415919452906) * x5)))))',0.5331653999702037,0.5331655144691467,5109675,california_housing,20,19952,8,2048,paper,6,0,1592565386
3600.091172836721,'((-0.611074209213) + (0.323328018188 * (((log((((((-0.614663183689) * x4) / (2.787343025208 * x2)) ^ 2) ^ 1.464773654938)) / (1.966118335724 * x2)) + ((1.442695021629 * x0) * (1.237069249153 / (0.803180754185 * x5)))) + ((((0.085269927979 * x1) / (0.772869765759 * x5)) + sin((1.716776728630 * x6))) + (3.310359716415 * (0.176907047629 * x0))))))',0.47955350021340865,0.4795535206794739,2495873,california_housing,21,19952,8,2048,paper,6,0,784044718
3600.0443481877446,'(0.664568543434 + (9.893421173096 * exp(((((-1.252464056015) * x5) / sqrt((3.306794643402 * x5))) / (exp(((-0.444038599730) * x2)) + (0.124532818794 * x0))))))',0.526977268489443,0.5269769430160522,6910603,california_housing,26,19952,8,2048,paper,6,0,3533734220
3600.0241397731006,'((-50.936546325684) + ((-3.168870687485) * (((((0.086559198797 * x1) - (4.563900470734 * x7)) * (-0.096049197018)) / log((0.719230353832 * x6))) - (sin(((-0.096049197018) * ((-0.704765200615) * x0))) / (0.192401573062 * x5)))))',0.44525291189136557,0.445252925157547,5184304,california_housing,28,19952,8,2048,paper,6,0,1904449481
3600.058686621487,'((-37.553081512451) + ((-4.958214282990) * (((0.092340908945 * x7) + (0.093689881265 * x6)) + ((0.318309873343 * x0) / ((-1.555225014687) * x5)))))',0.45723541926737876,0.4572352170944214,10351586,california_housing,0,19952,8,4096,paper,4,0,3324115916
3600.0828707292676,'(0.312257170677 + (0.806576251984 * ((((0.532411634922 - ((-0.498978942633) * x0)) + cos((sin(sin((1.379530072212 * x5))) - ((1.277534365654 - sin(((-0.585116982460) * x0))) * cos((sin((1.551500439644 * x7)) * (((0.318309873343 - (0.311586737633 * x2)) ^ 2) ^ (-0.308079570532)))))))) ^ sin(sqrt((1.379530072212 * x5)))) - (sin((1.524004459381 * x7)) * (-0.308079570532)))))',0.46472186566366364,0.46472176909446716,1632740,california_housing,27,19952,8,2048,paper,6,0,2342600226
3600.02564605698,'((-0.509234666824) + ((-2.960804224014) * (((sin(((-0.113954924047) * x0)) / (0.388240039349 * x5)) - sin(exp(((-0.610791623592) * x2)))) * log((((0.190106749535 * x1) - (0.115363933146 * x1)) - ((-1.898171544075) * x5))))))',0.49505769042944797,0.4950576722621918,4647084,california_housing,29,19952,8,2048,paper,6,0,1934709049
3600.050398096442,'(2.998822212219 + ((-2.051458597183) * cos(((sin((1.497654318810 * x7)) - (1.185423135757 * x0)) / (1.706761479378 * x5)))))',0.48509897876883673,0.48509880900382996,12821825,california_housing,1,19952,8,4096,paper,4,0,2811363264
3600.082107204944,'(9.698942184448 + (4.738661766052 * (exp(((-0.516348719597) * x2)) - ((1.457989811897 ^ ((1.518336415291 - cos(cos(((0.699630320072 * x0) * exp(((-0.615931570530) * x5)))))) - (0.047751758248 * x0))) ^ 2))))',0.5087330326207009,0.5087329149246216,3983607,california_housing,2,19952,8,4096,paper,4,0,1884968544
3600.0545089393854,'((-0.014270286076) + ((-0.413085520267) * (((1.235104322433 * x0) / ((-0.465654164553) * x5)) + (((-0.025816768408) * x1) - cos(((-1.673262476921) * x6))))))',0.5091801490559333,0.5091800689697266,10051613,california_housing,3,19952,8,4096,paper,4,0,1859786275
3600.063509132713,'(9.222167015076 + ((-8.903887748718) * (sqrt(sqrt(log(log(exp((1.652974605560 + exp(cos(sin(((-0.768805563450) * x7)))))))))) ^ ((4.616682529449 * x0) / ((-2.359096288681) * x5)))))',0.49903170603162034,0.49903157353401184,3704947,california_housing,4,19952,8,4096,paper,4,0,3687649985
3600.0709740407765,'(3.031611680984 + ((-2.156263351440) * cos(((0.663274765015 * x0) / ((((((-1.038399457932) * x5) ^ 2) + cos(((1.931780219078 * x1) / (1.414213538170 * x6)))) / ((-1.089616179466) * x5)) / exp(exp(((-0.325018763542) * x2))))))))',0.5014107753910404,0.5014107823371887,12628435,california_housing,5,19952,8,4096,paper,4,0,369133708
3600.052140612155,'(2.645279645920 + (0.006070086733 * (((2.024373769760 * x0) / (0.011443206109 * x5)) + (((-10.595793724060) * x6) - (cos((1.590967535973 * x7)) * ((-2.365359544754) * x1))))))',0.4864872289066389,0.48648709058761597,8527756,california_housing,14,19952,8,4096,paper,4,0,3376120482
3600.0549747161567,'(0.360414415598 + (0.474797427654 * (((2.308897256851 * x0) / (1.025248646736 * x5)) + cos(((-1.486307978630) * x7)))))',0.5047527800276251,0.504752516746521,11012683,california_housing,15,19952,8,4096,paper,4,0,2204291346
3600.063461959362,'(3.024432659149 + ((-2.138053655624) * cos(((2.632130384445 * x0) / (((-2.665419340134) * x5) + ((-0.383363217115) * x2))))))',0.539897372978636,0.5398974418640137,14504651,california_housing,8,19952,8,4096,paper,4,0,404488628
3600.0695927478373,'(0.569921314716 + ((-0.328454136848) * (((0.598570227623 * x0) / ((-0.303556293249) * x5)) - (exp(cos((((-1.518171310425) * x7) + 2.469972848892))) / exp(cos(((0.299049377441 * x0) / ((-0.303556293249) * x5))))))))',0.47686128953226214,0.47686126828193665,6642178,california_housing,9,19952,8,4096,paper,4,0,2261209995
3600.0717802532017,'(0.354955136776 + (0.478662073612 * (((1.042099595070 * x0) / (0.463914424181 * x5)) - cos((1.459844708443 * x7)))))',0.5036049146147242,0.5036048293113708,11204219,california_housing,6,19952,8,4096,paper,4,0,2995172877
3600.064877279103,'((-0.001801916631) + ((-0.642970442772) * log((sin(exp(((2.231869935989 * x0) / ((-1.305356860161) * x5)))) / (exp(sin(((-1.630671381950) * x6))) + (0.142945140600 * x5))))))',0.5254795573583714,0.5254796147346497,6680486,california_housing,16,19952,8,4096,paper,4,0,550243861
3600.065288040787,'((-37.344635009766) + ((-1.669903159142) * (((0.166674986482 * x0) / ((-0.274145722389) * x5)) - (((-0.272617518902) * x7) - (0.276485860348 * x6)))))',0.4572004996096677,0.4572004973888397,10069305,california_housing,17,19952,8,4096,paper,4,0,3606691181
3600.0421689525247,'(0.357486158609 + ((-0.480248689651) * (sin(((-1.473209977150) * x7)) - (((-0.320507586002) * x0) / ((-0.143938377500) * x5)))))',0.508778228878495,0.5087780952453613,11309081,california_housing,13,19952,8,4096,paper,4,0,3081541439
3600.081635374576,'((-2.783113002777) + (2.952991485596 * exp((cos((cos((sqrt((sqrt(((0.033400055021 * x2) / (0.033400055021 * x1))) / 0.086578838527)) ^ (((2.180890560150 * x5) / ((-0.952913463116) * x0)) - (-0.649771392345)))) ^ 2)) ^ 2))))',0.5105834157253106,0.5105832815170288,5366471,california_housing,7,19952,8,4096,paper,4,0,865305066
3600.083279374987,'(0.189202994108 + ((-0.000068184258) * (((((2.924489498138 * x0) - ((-1.498402357101) * x7)) ^ 2) / (((-0.141647353768) * x6) + log(((0.968328714371 * x5) / exp(cos(((-1.565671324730) * x7))))))) / ((0.580034196377 * x5) / (1.442695021629 * x0)))))',0.4824003753280402,0.48240047693252563,5668110,california_housing,12,19952,8,4096,paper,4,0,3269070126
3600.062025256455,'((-3.566356420517) + (0.304379165173 * ((exp(cos(((-1.538695573807) * x7))) - ((((-2.692454099655) * x7) / ((-0.843567132950) * x6)) + ((-1.208376884460) * x0))) - ((exp(((-1.148239254951) * x5)) / (-0.069879770279)) * (sin(((4.244512557983 + ((-1.696731328964) * x0)) / ((-1.939216852188) * x5))) - ((-0.056177765131) * x1))))))',0.4451219939816121,0.445121705532074,3665643,california_housing,5,19952,8,4096,paper,6,0,369133708
3600.0954475179315,'(0.028758587316 + (9.891372680664 * (((16.385086059570 * x5) ^ log((cos(((1.042393684387 ^ sin(((-1.524188160896) * x7))) / (((5.974767684937 * x5) ^ ((0.008144297637 * x7) * (0.269730687141 * x2))) + 1.406219482422))) ^ 2))) * ((0.008144297637 * x1) + (0.318309873343 * x0)))))',0.49268409594193435,0.49268394708633423,2702724,california_housing,10,19952,8,4096,paper,4,0,4190266092
3600.0657125264406,'(5.797931671143 + ((-4.694563388824) * (((5.095436573029 * x5) / (((1.138982295990 * x0) ^ 2) - ((0.451401561499 * x0) - (0.522789061069 * x1)))) ^ ((0.747694075108 * x0) / (4.093773841858 * x5)))))',0.522302221360071,0.5223020911216736,4268330,california_housing,19,19952,8,4096,paper,4,0,2148995112
3600.0738879069686,'(0.619053542614 + (2.767706632614 * ((((((-1.223788738251) * x0) + (2.718281745911 * x0)) - sin((1.444881796837 * x7))) + (log((0.012621711008 * x1)) - sin((1.634079217911 * x6)))) / (3.819932460785 * x5))))',0.4798163327819827,0.4798162579536438,4938155,california_housing,12,19952,8,4096,paper,6,0,3269070126
3600.050354786217,'(3.055394649506 + ((-2.065700292587) * cos((((-3.458916187286) * x0) / ((-4.748490333557) * x5)))))',0.5563710880617709,0.5563706159591675,15018420,california_housing,20,19952,8,4096,paper,4,0,1592565386
3600.0628666467965,'((-0.644490897655) + ((-0.785109221935) * ((sin((((-1.472024917603) * x7) / log(sqrt((0.693147182465 * x6))))) - (cos(cos((0.790496051311 * x6))) + cos(sqrt(((cos((3.141592741013 * x7)) ^ 2) * ((0.707106769085 * x0) * ((0.641446292400 * x5) ^ ((-0.514494121075) * x0)))))))) + (((-0.810088515282) * x0) / (0.641446292400 * x5)))))',0.4021616667410935,0.4021616280078888,3309710,california_housing,27,19952,8,4096,paper,4,0,2342600226
3600.070933289826,'(0.268675595522 + (0.456065088511 * (((1.411628484726 * x0) - (0.061895906925 * x2)) / exp(sin((exp(((0.058671742678 * x0) ^ (1.682174444199 * x5))) - (log((1.772453904152 * x1)) / (1.894782304764 * x5))))))))',0.5133550222658598,0.5133547782897949,5269649,california_housing,11,19952,8,4096,paper,4,0,3160032368
3600.0347792953253,'(2.611869335175 + (0.085443384945 * ((exp(cos((1.538704633713 * x7))) ^ sqrt(sqrt((0.707106769085 * x1)))) - ((0.644903838634 * x6) * cos(((1.429727554321 * x0) / ((-1.954837918282) * x5)))))))',0.4439081747535592,0.44390785694122314,3433540,california_housing,4,19952,8,4096,paper,6,0,3687649985
3600.0613283477724,'((-1.246448397636) + (5.667326927185 * ((exp(((2.152276992798 * x0) * ((-2.714165449142) * x4))) ^ (((0.293653309345 * x5) * 0.302885591984) / (3.141592741013 * x0))) + ((((0.041805390269 * x1) - log(0.257596164942)) / (0.434294492006 * x6)) + (((0.736585021019 * x0) / (0.717123448849 * x6)) + ((0.467520594597 * x3) / (0.693147182465 * x2)))))))',1.863968736358689,0.4793296754360199,1933979,california_housing,7,19952,8,4096,paper,6,0,865305066
3600.0787200443447,'((-0.319407314062) + (0.315595179796 * (((cos(((-1.325479745865) * x6)) + cos(((-1.379329085350) * x7))) - (((-0.605411529541) * x0) - cos(((-2.365302562714) * x6)))) + ((((-1.452402591705) * x0) - (2.471628665924 + (0.060774017125 * x1))) * (1.176040649414 / ((-0.975189626217) * x5))))))',0.45834698917659034,0.4583468735218048,3964859,california_housing,2,19952,8,4096,paper,6,0,1884968544
3600.050279453397,'(0.222991600633 + ((-2.107292175293) * (((((-2.156137466431) * x0) / ((sin(cos(((-0.177841931581) * x6))) ^ (0.318309873343 / (-0.413342297077))) ^ 2)) / sqrt(((3.147606372833 * x2) * (1.414213538170 * x5)))) * ((((3.226492881775 * x2) / (0.585679888725 * x6)) - ((-0.034597717226) * x1)) ^ exp(((-0.411560773849) * x5))))))',0.5080721844265462,0.5080721974372864,2027829,california_housing,11,19952,8,4096,paper,6,0,3160032368
3600.081011440605,'(1.005322098732 + (2.454681634903 * sqrt((((0.136160194874 * x1) + (0.430654048920 * x0)) * ((0.097110718489 * x6) ^ (((-1.751697659492) * x5) / (0.460039675236 * x0)))))))',0.5153424001944634,0.5153424739837646,5688302,california_housing,24,19952,8,4096,paper,4,0,2765379632
3600.0516363978386,'(0.361832946539 + (2.604660034180 * (((log((1.035144567490 * x2)) + (((1.040970563889 * x1) / ((-0.705003142357) * x6)) + sin(((-0.896436691284) * x2)))) + (sin((3.144288063049 * x7)) + ((-1.869834423065) * x0))) / ((((-0.512854337692) * x0) / log((2.112062931061 * x5))) - (((-0.119633704424) * x5) * ((-0.705003142357) * x6))))))',0.45655378703090926,0.4565538465976715,3259634,california_housing,16,19952,8,4096,paper,6,0,550243861
3600.0702729187906,'((-37.619125366211) + (0.574432551861 * ((((exp(((-0.859339773655) * x2)) - (0.206147029996 * x7)) / ((-1.088843464851) * (-0.189437493682))) + ((0.206147029996 * x7) + ((0.183966636658 * x3) - (0.803070247173 * x6)))) - ((3.517197608948 * x0) / ((-1.930256962776) * x5)))))',0.4521851997221172,0.45218515396118164,8617930,california_housing,22,19952,8,4096,paper,4,0,3980425317
3600.100231796503,'((-2.190718650818) + (0.765680789948 * (sin(sin((((-0.781542718410) * x7) + ((-0.859594225883) * x6)))) + ((((0.638855159283 * x0) / (1.120286464691 * x5)) / log(exp(sin(sin((((((1.631427645683 * x5) - (0.583631515503 * x0)) ^ 2) / ((-0.588211178780) * x7)) + (sqrt(sin(cos(0.949800848961))) * cos(sin((0.756236612797 * x7)))))))))) + log(((5.546809196472 * x5) - ((-0.859594225883) * x6)))))))',0.3876592742629304,0.38765934109687805,2854665,california_housing,0,19952,8,4096,paper,6,0,3324115916
3600.0835785865784,'(0.774379551411 + ((-0.803802311420) * ((cos(((log((0.078338101506 * x6)) ^ 2) + log(sqrt((1.312471270561 ^ ((0.059463478625 * x6) / (((-0.882384598255) * x5) / (1.062106132507 * x0)))))))) / ((-0.882384598255) * x5)) * ((1.328575611115 * x0) + ((0.059463478625 * x1) - (0.065499812365 * x6))))))',0.4947293174512147,0.49472910165786743,3515673,california_housing,18,19952,8,4096,paper,4,0,1934392872
3600.051021873951,'(3.053801536560 + ((-2.066014766693) * cos(((2.576192855835 * x0) / (3.539319276810 * x5)))))',0.553126240642806,0.5531260371208191,14560098,california_housing,29,19952,8,4096,paper,4,0,1934709049
3600.0634645223618,'(0.354374021292 + ((-0.478575736284) * (sin(((-1.473273992538) * x7)) + (((-1.638620734215) * x0) / (0.731703639030 * x5)))))',0.5055219865225142,0.5055215954780579,11127344,california_housing,25,19952,8,4096,paper,4,0,1728356533
3600.078973069787,'((-1.875803232193) + (92.946884155273 * (((0.538381159306 * x0) - ((-1.437121868134) * x5)) / (((2.206669330597 * x5) - (cos((1.772453904152 * x7)) / (sin((1.720921516418 * x6)) - exp(0.722962737083)))) * (0.693147182465 * x6)))))',0.473528025665951,0.47352805733680725,7787793,california_housing,23,19952,8,4096,paper,4,0,3356806661
3600.061770133674,'(3.051007032394 + ((-2.063757419586) * cos(((0.912066221237 * x0) / (1.249855518341 * x5)))))',0.5523431104623662,0.5523427128791809,14829581,california_housing,28,19952,8,4096,paper,4,0,1904449481
3600.071729477495,'((-0.116072200239) + ((-0.497374922037) * ((((((-1.948994159698) * x5) / ((-0.730160474777) * x2)) - cos((1.406415224075 * x7))) / ((-0.532884061337) * x5)) - ((sqrt((0.132100924850 * x1)) + sqrt((4.989335060120 * x0))) * sin((((-0.406327784061) * x0) / ((-1.080505847931) * x5)))))))',0.45231027891012626,0.45231014490127563,4065833,california_housing,1,19952,8,4096,paper,6,0,2811363264
3600.0904525518417,'((-31.963592529297) + (1.339460372925 * (((((0.784401059151 * x0) / (3.282286167145 * x5)) + sqrt((1.993664503098 * x0))) + (((1.156722068787 * x3) / (0.523812770844 * x2)) + ((0.083645448089 * x6) / (2.718281745911 * x0)))) + ((sqrt((0.693147182465 * x1)) * (1.090985059738 / (3.891339540482 * x5))) + (((0.080663233995 * x7) / (-0.315847307444)) + ((0.083645448089 * x6) / (-0.315847307444)))))))',0.4276488382905903,0.4276489019393921,3354609,california_housing,19,19952,8,4096,paper,6,0,2148995112
3600.057404574007,'((-0.547622025013) + (1.023171782494 * (((((0.318309873343 * x5) / (0.434294492006 * x3)) + (((-1.237269878387) * x5) + ((-0.583097100258) * x0))) / (0.285541057587 * x5)) / ((exp(((-0.915693104267) * x0)) - ((0.770684361458 * x2) ^ exp(((-0.245942369103) * x0)))) - (((0.059085030109 * x0) / (0.285541057587 * x5)) ^ (0.059085030109 * x1))))))',0.47385425481458954,0.47385409474372864,1870071,california_housing,9,19952,8,4096,paper,6,0,2261209995
3600.089488632977,'((-1.435974955559) + (1.654383063316 * ((((((-0.176174893975) * x0) ^ 2) + ((-0.395295560360) * x0)) * ((((-0.963734507561) * x0) - (0.064240947366 * x1)) / ((0.235651046038 * x5) * (0.837556242943 * x6)))) + (((((-0.349029719830) * x0) - (0.044315509498 * x1)) / ((0.341892778873 * x5) * ((-0.176174893975) * x6))) + (((0.693147182465 * x3) / (0.245067477226 * x2)) - (((-0.176174893975) * x0) + ((-0.026380095631) * x0)))))))',0.46508370570871077,0.4650837182998657,2879388,california_housing,6,19952,8,4096,paper,6,0,2995172877
3600.0986275188625,'(0.395416438580 + (1.933736085892 * (((((-1.034232974052) * x0) - sin(((-1.449390888214) * x7))) / ((((-0.286397129297) * x0) - (2.126677989960 * x5)) - sin((3.141592741013 * x7)))) * exp(((0.065465576947 * x0) - ((0.062254447490 * x0) ^ (1.670358896255 * x5)))))))',0.46054511575775237,0.46054500341415405,2480513,california_housing,8,19952,8,4096,paper,6,0,404488628
3600.0547231286764,'(0.103210195899 + (0.707465827465 * (log(((exp((((-1.094043493271) * x2) / (2.302585124969 * x0))) + ((sin(1.323327779770) ^ (1.260131716728 * x0)) + (0.130049705505 * x5))) ^ log((exp((1.260131716728 * x0)) * (0.137344136834 * x1))))) / (0.434294492006 * x5))))',0.5234834965223468,0.5234835147857666,4085336,california_housing,21,19952,8,4096,paper,4,0,784044718
3600.123346094042,'((-14.796227455139) + ((-0.001994434278) * ((sin((((-0.267157465219) * x0) / (0.943510890007 * x5))) - exp((((-0.267157465219) * x0) / (0.943510890007 * x5)))) * (((((-2.349704504013) * x7) - (1.178161263466 * x6)) * (((-0.452228724957) * x7) - (0.607430160046 * x6))) - ((((-2.200988292694) * x1) - (12.222774505615 * x2)) - ((((-1.894229054451) * x7) ^ sin(((-1.445947289467) * x7))) - ((-0.773338139057) * x5)))))))',0.3948849525548776,0.3948848247528076,2468679,california_housing,14,19952,8,4096,paper,6,0,3376120482
3600.077366027981,'((-0.143512770534) + (0.410218536854 * (((exp(((sin(((-0.780431509018) * x7)) ^ 2) ^ 2)) ^ 2) ^ sin(cos((1.682397842407 * x6)))) + ((0.992701351643 * x0) / (0.393073529005 * x5)))))',0.4598293363152611,0.45982927083969116,7080346,california_housing,26,19952,8,4096,paper,4,0,3533734220
3600.1096393205225,'((-0.499769032001) + ((-5.128564834595) * (sin(sin((1.538301467896 / ((-1.649410009384) * x2)))) + sin((((0.249034330249 * x0) ^ 1.382320165634) / ((-1.077097415924) * x5))))))',0.5226879696680888,0.5226876735687256,3331256,california_housing,10,19952,8,4096,paper,6,0,4190266092
3600.1269550025463,'(2.767241001129 + ((-1.853700995445) * (((log((0.875782847404 * x1)) / (0.785943567753 * x1)) + cos((((-0.924505650997) * x0) / ((-1.199712038040) * x5)))) + ((exp(((-0.053031358868) * x0)) ^ sin((1.716108441353 * x6))) - exp(exp(((-0.466987222433) * x2)))))))',0.46328758866733954,0.46328768134117126,2417052,california_housing,21,19952,8,4096,paper,6,0,784044718
3600.1085874177516,'((-29.880746841431) + ((-1.072385072708) * ((((0.350953370333 * x6) - cos(((-1.595943450928) * x7))) - (((-0.341890335083) * x7) - cos(((-1.594059824944) * x7)))) - ((((0.795687675476 * x0) / ((-0.345026135445) * x5)) - cos(((-1.587062478065) * x7))) * (-0.403486460447)))))',0.4350773835428998,0.4350771903991699,4068270,california_housing,18,19952,8,4096,paper,6,0,1934392872
3600.1322372816503,'(0.155560418963 + ((-0.013569026254) * ((((((-0.381673932076) * x0) / (-0.325440347195)) - cos((1.614713430405 * x7))) - (cos(((-0.298146247864) * x6)) + cos((1.415895938873 * x6)))) * (((0.434294492006 * x1) + ((0.573201239109 * x7) / (-0.734033405781))) / (((-1.132633090019) * x5) - ((0.255827456713 * x0) ^ (0.033881552517 * x0)))))))',0.4544596636822613,0.454459547996521,3553069,california_housing,13,19952,8,4096,paper,6,0,3081541439
3600.0912747196853,'((-12.692402839661) + (0.000939403428 * ((cos(sin((0.848784804344 * x7))) + ((0.970937252045 * x5) / sin((0.079421609640 * x0)))) * ((((0.742003440857 * x7) / (0.582588553429 * x6)) / (1.442695021629 * x5)) * (sin((0.072616204619 * x0)) * (((-1.189144015312) * x7) * (0.318309873343 * x7)))))))',0.42379297272614574,0.42379283905029297,3423138,california_housing,15,19952,8,4096,paper,6,0,2204291346
3600.0877460874617,'(3.014886856079 + (0.309117257595 * (((((1.324116826057 * x0) / (0.655446588993 * x5)) - ((0.230772346258 * x6) - (0.032955609262 * x1))) + exp(cos((1.590318560600 * x7)))) - ((((1.635803937912 * x0) / 6.199784755707) - ((-1.285521984100) * (0.032955609262 * x1))) * cos(((2.302585124969 * x0) / (2.406757831573 * x5)))))))',0.43920584364585985,0.4392058551311493,3266978,california_housing,20,19952,8,4096,paper,6,0,1592565386
3600.085516180843,'(3.077188253403 + ((-2.204916238785) * cos((((((-0.468488574028) * x0) / ((-1.312033772469) * x5)) + ((0.318309873343 * x5) / (0.805417954922 * x1))) * ((1.617955207825 / (0.830394625664 * x1)) ^ (-0.252946913242))))))',0.5107886432540978,0.5107883214950562,3650019,california_housing,17,19952,8,4096,paper,6,0,3606691181
3600.1569617278874,'(1.363844633102 + ((-1.229536533356) * ((cos((0.307889789343 * x0)) - (((1.081756114960 * x2) - (4.380506038666 * x3)) / (((-1.822487473488) * x3) - ((exp(((0.300408542156 * x2) + ((0.370205581188 * cos((((-1.822487473488) * x3) - (0.831948578358 * x7)))) - sqrt(exp((-0.080197542906)))))) + sqrt(((1.442695021629 * x0) / ((0.903432726860 * x2) ^ (0.903432726860 * x2))))) ^ 2)))) + ((cos((0.180526092649 * x6)) / (0.799484372139 * x5)) * ((((-0.031989242882) * x1) - (1.108510136604 * x0)) - ((-0.699421048164) * x0))))))',0.4502886315703646,0.45028844475746155,3116618,california_housing,3,19952,8,4096,paper,6,0,1859786275
3600.048206027597,'(9.847683906555 + ((-8.790706634521) * cos(cos((((0.821556448936 * x0) / (2.131346940994 * x5)) - (((3.339316368103 * x1) ^ 0.921295821667) / (1.442695021629 * x1)))))))',0.5214161940266837,0.5214160680770874,4899470,california_housing,22,19952,8,4096,paper,6,0,3980425317
3600.037095513195,'((-0.025487955660) + (4.954933643341 * (((sin((0.049515422434 * x1)) / ((-0.286934077740) * x1)) + (((-0.756587982178) * x3) / ((-0.806953847408) * x2))) - ((sqrt((0.049515422434 * x0)) / ((-1.754262804985) * 0.399797499180)) * sin((((-0.333240568638) * x0) / ((-0.817951023579) * x5)))))))',0.4821303500581053,0.48213034868240356,4280964,california_housing,23,19952,8,4096,paper,6,0,3356806661
3600.0428781472147,'(2.014325141907 + ((-1.694596290588) * (cos((((0.013823504560 * x1) - ((-0.716303110123) * x0)) / (0.990298449993 * x5))) - ((((0.013823504560 * x1) - 0.816118359566) / (1.123079538345 * x5)) + (((0.535331428051 * x2) ^ ((-0.446692645550) * x2)) + sin((0.110521681607 * x0)))))))',0.47089817629502734,0.47089818120002747,2605465,california_housing,24,19952,8,4096,paper,6,0,2765379632
3600.089077375829,'(0.078947201371 + (0.206590533257 * (((cos(((-1.479897856712) * x7)) * cos(((-1.479897856712) * x6))) * (((-0.132625326514) / ((-0.112658679485) * x5)) * ((0.103131145239 * x1) + (0.103131145239 * x6)))) + ((((-0.132625326514) / ((-0.117734536529) * x5)) * ((2.718281745911 * x0) + (0.103131145239 * x1))) + (cos(((-1.666516423225) * x6)) - ((-0.807800769806) * x0))))))',0.4324618224397495,0.4324619174003601,3140961,california_housing,25,19952,8,4096,paper,6,0,1728356533
3600.083407469094,'((-0.049568314105) + (0.533624172211 * ((sin(((0.746050238609 * x0) / ((-0.485141634941) * x5))) - (sin(((-0.141842678189) * x6)) / ((-0.272938787937) * x5))) + (((0.605274617672 * x0) - ((0.039840634912 * x1) / ((-0.606160700321) * x5))) + (sin(((-1.801731705666) * x6)) / (0.365389436483 * x2))))))',0.4477014724364272,0.44770148396492004,3679525,california_housing,26,19952,8,4096,paper,6,0,3533734220
3600.0354283750057,'((-26.695970535278) + ((-0.330997943878) * (((0.108420155942 * x6) * cos((((-0.972426772118) * x0) / ((-1.256511330605) * x5)))) + (((((-0.434824168682) * x3) + (1.000150322914 * x7)) + (((-0.039848592132) * x1) / (0.454798698425 * x5))) + ((((-0.479529082775) * x0) + (0.990849912167 * x6)) + ((-4.825401306152) / (0.937968611717 * x2)))))))',0.4073629952834485,0.4073628783226013,3683839,california_housing,28,19952,8,4096,paper,6,0,1904449481
3600.0430060848594,'(3.579578399658 + (2.009002685547 * (cos(sin(cos((0.808714151382 * x7)))) + (((-0.032225087285) * x6) - cos(((0.693147182465 * x0) / (0.965196311474 * x5)))))))',0.460055313043464,0.4600552022457123,5751873,california_housing,27,19952,8,4096,paper,6,0,2342600226
3600.109721183777,'((-8.974350929260) + ((-33.287994384766) * ((cos((((-0.073987029493) * x7) + ((exp(((-0.112343944609) * x5)) + 0.693147182465) / (log((0.035083126277 * x0)) + (0.674979448318 * x6))))) / (sin(((-0.112343944609) * x5)) * cos(exp(exp(sin(sin(sqrt(((((-0.110659837723) * sqrt((((0.621362984180 ^ (0.035083126277 * x0)) ^ ((0.035083126277 * x0) * (2.302585124969 * x1))) / 0.091310054064))) ^ 2) ^ 2))))))))) * ((((0.035083126277 * x0) / ((-0.110904574394) * x6)) + sin(((-0.112343944609) * x5))) / (((-0.110904574394) * x6) + cos((0.035083126277 * x0)))))))',0.4351023152674169,0.4351021647453308,1756711,california_housing,29,19952,8,4096,paper,6,0,1934709049
3600.0499797686934,'(1.958355188370 + ((-2.085593938828) * (((1.211315751076 * x0) / ((-2.364382028580) * x5)) + cos(cos((0.743117034435 * x7))))))',0.5095276774866045,0.5095274448394775,10304121,california_housing,0,19952,8,8192,paper,4,0,3324115916
3600.0776419192553,'((-37.646999359131) + (1.890278816223 * ((((-0.188386350870) * x0) / ((-0.351101219654) * x5)) + (((-0.242706656456) * x7) + ((-0.246009021997) * x6)))))',0.45890522963618013,0.4589051306247711,10383646,california_housing,1,19952,8,8192,paper,4,0,2811363264
3600.0877703242004,'(3.825150251389 + ((-1.632436513901) * ((((-0.008322891779) * x1) - ((0.087097711861 * x0) + ((-0.036928962916) * x6))) + sin(sin((((-0.260378837585) * x0) - ((-0.503595650196) * x5)))))))',0.5038421735825038,0.5038420557975769,7406087,california_housing,2,19952,8,8192,paper,4,0,1884968544
3600.088902115822,'((-4.168321609497) + ((-213.748123168945) * ((((((-0.549043178558) * x0) - (2.655112504959 * x5)) / (1.772453904152 * x5)) / (0.318309873343 * x6)) * (((-0.014073704369) * x7) - sqrt(log((0.276846438646 * x6)))))))',0.45261925968506367,0.45261913537979126,6648011,california_housing,3,19952,8,8192,paper,4,0,1859786275
3600.085616994649,'(0.352745592594 + ((-0.479590803385) * ((((-1.211593389511) * x0) / (0.540736496449 * x5)) + cos((1.459974169731 * x7)))))',0.5035596459904065,0.5035593509674072,11284635,california_housing,6,19952,8,8192,paper,4,0,2995172877
3600.1123187951744,'((-0.671481430531) + ((-0.810210883617) * (((((-2.248959541321) * x0) / (((((0.988257706165 * x3) ^ ((-1.363753557205) * x0)) + (0.434294492006 * x0)) + sin((3.091275215149 * x7))) + (0.547370612621 * x2))) + ((-0.013045526110) * x1)) - ((0.434294492006 * x0) / (0.434294492006 * x5)))))',0.48053537764177723,0.4805353581905365,5946362,california_housing,7,19952,8,8192,paper,4,0,865305066
3600.076193843037,'(0.358067959547 + ((-0.477824151516) * (sin(((-1.473206639290) * x7)) + ((1.147559165955 * x0) / ((-0.512994408607) * x5)))))',0.5053102671379504,0.5053101778030396,11245348,california_housing,4,19952,8,8192,paper,4,0,3687649985
3600.0597105175257,'((-0.523893535137) + ((-0.522164762020) * (((1.414213538170 * x0) / ((-0.660040557384) * x5)) - log((sqrt((1.414213538170 * x1)) / (exp(cos((2.236694574356 * (0.519788742065 * x7)))) ^ sin((1.248482942581 * x6))))))))',0.4702527364549651,0.47025272250175476,3582164,california_housing,5,19952,8,8192,paper,4,0,369133708
3600.0755040869117,'(3.048590660095 + ((-2.060209035873) * cos(((2.032135725021 * x0) / (2.787583827972 * x5)))))',0.5527311703170987,0.5527308583259583,14764482,california_housing,8,19952,8,8192,paper,4,0,404488628
3600.102946102619,'((-36.080886840820) + ((-1.385781645775) * (((0.320435822010 * x6) + (0.316859692335 * x7)) - ((0.839651882648 * x0) / ((1.036132931709 * x5) + (((0.342764526606 * x6) / (2.635021686554 * x1)) / (0.434294492006 * x5)))))))',0.44762853950414305,0.4476282596588135,9238346,california_housing,10,19952,8,8192,paper,4,0,4190266092
3600.099218197167,'(3.054353237152 + ((-2.208526134491) * cos(((0.856139659882 * x0) / (((0.365459442139 * x2) + (1.722088813782 * x5)) / exp(cos((exp(((((-1.658540010452) / (0.318309873343 * x1)) + (exp(((0.318309873343 * x2) * ((-0.093515776098) * x6))) * (0.693147182465 * x2))) * (1.407644271851 * x2))) - sin((0.318309873343 * x2))))))))))',0.4814807478007332,0.48148080706596375,5405333,california_housing,9,19952,8,8192,paper,4,0,2261209995
3600.056976880878,'(0.353502988815 + (0.479654043913 * (((0.711233377457 * x0) / (0.318379700184 * x5)) + sin((1.473196864128 * x7)))))',0.5054328487622377,0.505432665348053,10908253,california_housing,11,19952,8,8192,paper,4,0,3160032368
3600.0895599350333,'((-29.647884368896) + (0.396304130554 * (((2.643167972565 * x0) / (1.079426050186 * x5)) - ((cos(sin((0.877430021763 * x6))) * (cos(((-1.206873297691) * x2)) - (-2.413930177689))) - (((-0.926043808460) * x7) - (0.908126115799 * x6))))))',0.42942908787241,0.42942917346954346,6374819,california_housing,13,19952,8,8192,paper,4,0,3081541439
3600.1025061421096,'(5.679006576538 + ((-5.060511589050) * (exp(((exp((cos((1.538136601448 * x7)) + ((-0.110538482666) * x2))) ^ 2) + (0.502870202065 * x0))) ^ (((-0.110538482666) * x0) / (1.442695021629 * x5)))))',0.46023291319249976,0.4602328836917877,3502231,california_housing,12,19952,8,8192,paper,4,0,3269070126
3600.0740900076926,'((-33.365009307861) + (0.240493014455 * (((cos((-0.376532673836)) * ((((-1.763655781746) ^ 2) ^ sin((1.681779384613 * x7))) - (1.838088870049 * x6))) - (1.681779384613 * x7)) + (((-1.680249810219) * x0) / ((-0.432485520840) * x5)))))',0.44164714856871506,0.44164717197418213,8300157,california_housing,16,19952,8,8192,paper,4,0,550243861
3600.091747634113,'(0.011794311926 + (0.007666943595 * (((1.969872713089 * x0) / (0.011443206109 * x5)) + ((1.592855334282 * x1) - (((cos((1.768988132477 * x6)) - ((-0.263911843300) * x0)) / (0.073132403195 * x5)) ^ 2)))))',0.5099599988625119,0.5099601149559021,8288675,california_housing,14,19952,8,8192,paper,4,0,3376120482
3600.0828951857984,'(0.357668012381 + (0.477884650230 * (((1.635424375534 * x0) / (0.730260372162 * x5)) - cos((1.460044384003 * x7)))))',0.504901046344371,0.5049007534980774,11238854,california_housing,15,19952,8,8192,paper,4,0,2204291346
3600.069443948567,'((-37.379146575928) + (0.308200269938 * ((((-1.499234080315) * x6) - (1.478401422501 * x7)) + (((-2.708385944366) * x0) / ((-0.822385847569) * x5)))))',0.457200514912694,0.4572003483772278,10508988,california_housing,17,19952,8,8192,paper,4,0,3606691181
3600.103146404028,'(0.634629309177 + ((-0.455532878637) * ((((sin((((-1.318934082985) * x7) + sin((1.414213538170 * x6)))) - cos((0.568814694881 * x5))) + ((-0.342337161303) * x0)) + ((-0.342337161303) * x0)) + (sin(((0.764386117458 * x5) + ((-0.342337161303) * x0))) + (((-0.086838275194) * x1) / (1.414213538170 * x5))))))',0.43500129117027025,0.4350011944770813,4112189,california_housing,20,19952,8,8192,paper,4,0,1592565386
3600.090943157673,'(0.354364901781 + ((-0.479904562235) * ((((-0.208294108510) * x0) / (0.093423008919 * x5)) + cos(((-1.460151195526) * x7)))))',0.5072004973732418,0.5072001814842224,11305872,california_housing,21,19952,8,8192,paper,4,0,784044718
3600.1104349829257,'((-37.518718719482) + ((-0.574594795704) * (((0.795843482018 * x7) - ((-0.806933820248) * x6)) - ((1.048961758614 * x0) / (0.593346953392 * x5)))))',0.4583491065465906,0.4583490490913391,10274621,california_housing,18,19952,8,8192,paper,4,0,1934392872
3600.0736292228103,'(0.338168740273 + ((-0.682455480099) * log((((exp(exp(((-0.945392787457) * x5))) ^ sin((0.222283795476 * x0))) ^ (((-1.152469873428) * x0) - (0.354211509228 * x1))) / (sin(cos(((-0.248849451542) * (0.709138333797 * x6)))) / sin(exp(((-0.503425359726) * x0))))))))',0.5057322207683388,0.5057322978973389,2465688,california_housing,24,19952,8,8192,paper,4,0,2765379632
3600.0986292399466,'(3.030787467957 + ((-2.048684597015) * cos((((0.061308406293 * x1) + ((2.264503240585 * x0) + ((-0.498135775328) * x2))) / (2.770128726959 * x5)))))',0.5078897612891392,0.5078898668289185,11590813,california_housing,19,19952,8,8192,paper,4,0,2148995112
3600.0602637454867,'(0.359138995409 + (0.476338595152 * (cos((1.486213564873 * x7)) + (((-1.993630170822) * x0) / ((-0.885944426060) * x5)))))',0.5055198033107786,0.5055195689201355,11304990,california_housing,25,19952,8,8192,paper,4,0,1728356533
3600.122013848275,'(0.942961990833 + ((-7.149556636810) * ((((-0.027001382783) * x1) - (0.353585153818 * x0)) / (((0.398396909237 * x2) ^ (((exp(((sqrt((2.718281745911 * x5)) + sin((0.406412571669 * x0))) * (exp((-0.952519893646)) ^ 2))) ^ 2) / ((-0.509214341640) * x0)) ^ 2)) + (2.718281745911 * x5)))))',0.4898382860092394,0.48983821272850037,3804077,california_housing,22,19952,8,8192,paper,4,0,3980425317
3600.0588516779244,'(0.350109428167 + (0.480534315109 * ((((-0.782481670380) * x0) / ((-0.350996762514) * x5)) - cos(((-1.460297942162) * x7)))))',0.5074405819752477,0.5074405074119568,11218698,california_housing,26,19952,8,8192,paper,4,0,3533734220
3600.100489806384,'(0.353826642036 + (0.479289501905 * (cos(((-1.486561894417) * x7)) + (((-3.312994718552) * x0) / ((-1.485116243362) * x5)))))',0.5094281044251511,0.5094277262687683,11272509,california_housing,23,19952,8,8192,paper,4,0,3356806661
3600.098076738417,'(0.216822549701 + (1.006070971489 * ((1.625317335129 - ((-0.002964394400) * x1)) * (((sin(((0.103554382920 * x0) + (0.357254117727 - ((-0.002964394400) * x1)))) ^ (0.693147182465 * x2)) / (0.197551399469 * x5)) + (0.103554382920 * x0)))))',0.4918543162318138,0.491854190826416,3929481,california_housing,27,19952,8,8192,paper,4,0,2342600226
3600.087248045951,'(0.358319342136 + (0.474292367697 * (cos(((-1.486435770988) * x7)) - ((3.365337133408 * x0) / ((-1.492157578468) * x5)))))',0.5080001055984753,0.507999837398529,11245186,california_housing,28,19952,8,8192,paper,4,0,1904449481
3600.0917109958827,'(3.009707450867 + ((-2.108945846558) * cos((((-0.504128456116) * x0) / (exp(((-0.385557144880) * x2)) + ((((-1.762680172920) * x5) * 0.354751408100) - ((sqrt(((cos(sin(((-0.030443536118) * x1))) ^ 2) * cos(sin(((-0.237903952599) * x5))))) ^ 2) ^ 2)))))))',0.4946117704765356,0.4946117699146271,8075740,california_housing,29,19952,8,8192,paper,4,0,1934709049
3600.1174266561866,'(2.678419828415 + (1.305954575539 * (sin((sin((exp(sin((((0.419013857841 * x0) / exp(sin(((-0.507321655750) * x7)))) / (0.434294492006 * x0)))) * ((exp((((0.472552120686 * x0) / ((-0.504105687141) * x6)) ^ 2)) + (0.472552120686 * x0)) - (0.434294492006 * x0)))) - (((-0.504105687141) * x6) - (0.485220015049 * x7)))) - (cos(((0.472552120686 * x0) / (0.590661883354 * x5))) + cos((((-0.504105687141) * x6) - (0.485220015049 * x7)))))))',0.3783746552066628,0.3783746659755707,3277198,california_housing,0,19952,8,8192,paper,6,0,3324115916
3600.104662898928,'(0.561428666115 + (0.442592859268 * (((((0.061200562865 * x1) / (1.057242512703 * x5)) + (0.341208726168 * x0)) + (sin((1.519112586975 * x7)) * sin((1.530506253242 * x6)))) - (sin(((1.636344432831 * x0) / (1.057242512703 * x5))) - (((1.017697691917 * x0) / (1.033909201622 * x5)) + sin((1.545044779778 * x6)))))))',0.4170379785320055,0.4170379042625427,3174508,california_housing,2,19952,8,8192,paper,6,0,1884968544
3600.1178725250065,'((-33.643058776855) + ((-0.375811159611) * (((((1.169012904167 * x6) - ((-1.131378412247) * x7)) + cos(((-0.373695611954) * x0))) + (log((3.758086442947 * x0)) - (0.024632420391 * x1))) - ((sqrt((1.167203903198 * x0)) - log((0.478955775499 * x5))) ^ 2))))',0.43143910880345976,0.4314391016960144,3891894,california_housing,1,19952,8,8192,paper,6,0,2811363264
3600.070138055831,'((-15.004016876221) + (0.000888445298 * (((((0.920138716698 * x6) + (1.201970934868 * x7)) - (((-1.432822346687) * x0) / ((-0.149252653122) * x5))) + (sin((1.505597114563 * x2)) + ((1.695545554161 * x6) + ((7.590521335602 - (0.300560444593 * x2)) + ((0.953119099140 * x7) - sin((1.686099410057 * x7))))))) * (sin((3.141592741013 * x7)) + (((0.920138716698 * x6) + (1.201970934868 * x7)) - sin((1.898920178413 * x6)))))))',0.40508752519925284,0.40508732199668884,2543078,california_housing,4,19952,8,8192,paper,6,0,3687649985
3600.057652655989,'((-28.536777496338) + (3.339106559753 * ((((((-0.729608058929) * x0) / (3.486635208130 * x5)) / ((-1.532531261444) + ((-0.026772987098) * x6))) - (((-0.494266986847) + 2.729540824890) + ((0.025765592232 * x7) * 1.516525983810))) * (7.013724327087 + (((-0.026308760047) * x6) + ((-1.532531261444) + ((-0.026772987098) * x6)))))))',0.45625860093898996,0.45625853538513184,4566373,california_housing,3,19952,8,8192,paper,6,0,1859786275
3600.106896609068,'((-2.919571638107) + ((-0.069306403399) * (((((0.710679709911 * x7) / (0.588851451874 * x6)) ^ 2) - sin(((-1.579064488411) * x7))) * (sin(sin((0.113922931254 * x7))) * ((((-0.846802175045) * x0) / ((-0.747120499611) * x5)) - ((0.710679709911 * x7) / (0.581339657307 * x6)))))))',0.43282876482585897,0.4328286349773407,3906815,california_housing,5,19952,8,8192,paper,6,0,369133708
3600.127950966358,'(1.162939310074 + ((-1.075299263000) * (((sin((0.835172832012 * x2)) * (-0.321286320686)) + cos(((0.262966960669 * x0) / ((-0.315526753664) * x5)))) - (sqrt((0.279934346676 * x0)) - (((0.253278076649 * x0) / ((-1.027592897415) * x2)) / (((-0.331632137299) * x5) / ((-0.066236898303) * x1)))))))',0.46885010342523953,0.46885013580322266,4027107,california_housing,6,19952,8,8192,paper,6,0,2995172877
3600.0568352527916,'(0.628963947296 + ((-0.375579178333) * (((sin((3.195273637772 * x7)) - sin(((-1.606137275696) * x7))) - (sin(((-0.330395191908) * x6)) - (((-0.854968547821) * x0) / (0.319597005844 * x5)))) * cos(cos((((-0.861359059811) * x0) / (1.688267111778 * x5)))))))',0.44470512276980334,0.4447050988674164,3705149,california_housing,8,19952,8,8192,paper,6,0,404488628
3600.1029920876026,'(0.693325459957 + ((-0.276942193508) * (((cos(((-0.323528498411) * x0)) + ((1.688303947449 * x0) / ((-0.621027648449) * x5))) + (sin((3.141592741013 * x7)) + cos(((-0.283184736967) * x6)))) - (((((-0.055472828448) * x1) / ((-0.805194973946) * x5)) - sin(((-1.527893900871) * x7))) - sin(((2.143437385559 * x0) / (1.362313151360 * x5)))))))',0.4386877252198131,0.438687801361084,3099696,california_housing,11,19952,8,8192,paper,6,0,3160032368
3600.0806869976223,'(4.808918476105 + ((-4.694473266602) * ((cos((0.108082912862 * x0)) - sqrt(exp(((-0.853800237179) * x2)))) * (cos(((0.396890163422 * x0) / ((-1.075834393501) * x5))) ^ 2))))',0.5081111676336186,0.5081108808517456,5844621,california_housing,7,19952,8,8192,paper,6,0,865305066
3600.131296020001,'((-32.733329772949) + (0.847770750523 * (sin((((-1.173465490341) * x0) + ((0.766219854355 * x0) - (0.020827576518 * x1)))) + (((0.434294492006 * x0) / (1.127934455872 * (0.556259095669 * x5))) - ((0.495551526546 * x6) - (((-0.488137930632) * x7) + (((cos(((-0.566928207874) * x5)) * sin((0.418917506933 * x0))) * (0.021962195635 * x1)) * ((0.500708580017 * x0) / ((0.556259095669 * x5) ^ 2)))))))))',0.4000489801132019,0.4000488519668579,3179600,california_housing,12,19952,8,8192,paper,6,0,3269070126
3600.06973432377,'((-20.956338882446) + (0.227168902755 * (((((1.772453904152 * x0) / (0.434294492006 * x5)) - cos((1.614902377129 * x7))) - cos(((-1.251371860504) * x2))) + ((cos((1.668899536133 * x6)) - ((1.114043951035 * x6) + (1.126025557518 * x7))) - cos(((1.857170343399 * x6) + (1.614902377129 * x7)))))))',0.39057969381676055,0.3905796408653259,3281046,california_housing,13,19952,8,8192,paper,6,0,3081541439
3600.1368962042034,'(4.385447978973 + ((-0.048432648182) * ((((1.218141913414 ^ ((-0.204926580191) * x0)) ^ ((1.092602252960 * x0) / (1.414213538170 * x5))) * cos(((0.705048382282 * x0) / (1.449643135071 * x5)))) * ((((1.517125248909 * x6) - (0.318309873343 * x1)) + ((1.324491977692 * x6) - (2.654423236847 * x3))) + (((1.517125248909 * x6) / (0.125484287739 * x2)) * (-0.166392400861))))))',0.49931408204927114,0.4993138909339905,1719292,california_housing,10,19952,8,8192,paper,6,0,4190266092
3600.0811015814543,'(0.413022667170 + (2.240909099579 * ((sin((((-0.265563309193) * x0) / (0.871963500977 * x5))) * cos(cos((0.757026314735 * x7)))) / (sin(sqrt((0.319723248482 * x6))) / cos(((-0.095921099186) * x7))))))',0.42360515882904387,0.42360493540763855,4539858,california_housing,14,19952,8,8192,paper,6,0,3376120482
3600.107686329633,'(2.810433864594 + ((-1.851991653442) * ((sin(((1.372238159180 * x7) - ((-1.425636649132) * x6))) / log((0.586039423943 * x6))) + cos((((-0.126733422279) * x0) / ((0.318356066942 * x5) / 1.792595386505))))))',0.4123111062086574,0.412310928106308,5229424,california_housing,9,19952,8,8192,paper,6,0,2261209995
3600.0869822725654,'(3.021207332611 + ((-2.068200349808) * cos(((sin((1.446000576019 * x7)) - (0.838603675365 * x0)) / (1.273581266403 * x5)))))',0.4754222826292624,0.4754219651222229,8571458,california_housing,15,19952,8,8192,paper,6,0,2204291346
3600.129464916885,'((-20.398387908936) + (0.696748137474 * (((((0.469081521034 * x0) + (0.032955609262 * x1)) / (0.693147182465 * x5)) + (sin(((-0.521792054176) * x0)) + log((1.514775633812 * x0)))) - (((2.302585124969 - ((-0.198188051581) * x6)) - ((-0.385951459408) * x7)) + (((1.903378248215 * x3) / ((-0.419923663139) * x2)) + (sin((0.411338597536 * x5)) - ((-0.198188051581) * x6)))))))',0.41975776121950764,0.41975799202919006,3108229,california_housing,20,19952,8,8192,paper,6,0,1592565386
3600.1172379739583,'(0.410727053881 + ((-2.106486320496) * (((sin((1.527271986008 * x6)) - ((-0.919761538506) * x0)) + cos(((1.442695021629 * x7) + (1.535325527191 * x6)))) / (((((-1.424551010132) * x5) - ((-0.025097347796) * x1)) - 2.754534959793) + cos(((1.442695021629 * x7) + (1.535325527191 * x6)))))))',0.38876916660674776,0.388769268989563,4216526,california_housing,16,19952,8,8192,paper,6,0,550243861
3600.0684841759503,'(1.752772331238 + ((-0.920845687389) * ((cos((((-0.288836687803) * x0) / (0.434294492006 * x5))) + ((((-0.292617827654) * x0) / (0.434294492006 * x2)) + cos((0.267784774303 * x6)))) + cos(((((-0.282212972641) * x0) / (1.172093510628 * x5)) / ((1.433790683746 * x1) ^ (-0.323803395033)))))))',0.48048492177828195,0.4804846942424774,2546696,california_housing,22,19952,8,8192,paper,6,0,3980425317
3600.1451816409826,'((-27.731061935425) + (0.261489301920 * ((sin(((0.434294492006 * x6) - ((-1.276640176773) * x6))) + sin((((-1.451677918434) * x6) - (1.269570589066 * x7)))) + (((((-0.827424824238) * x0) / ((-0.290924131870) * x5)) - (((-5.635807991028) * x0) / (0.434294492006 * x6))) + ((((-1.190126776695) * x6) - (1.251236081123 * x7)) + ((0.025039743632 * x1) / (0.318309873343 * x5)))))))',0.3969943801713406,0.39699435234069824,3054225,california_housing,18,19952,8,8192,paper,6,0,1934392872
3600.1096339933574,'(3.146646976471 + ((-2.033159971237) * cos(((((0.484864115715 * x0) * sqrt(sin(cos(cos((0.886810183525 * x6)))))) - (1.976020336151 ^ ((-0.070103839040) * x1))) / ((((-1.015972614288) * x5) * 0.446198225021) / sin((1.042337417603 * x3)))))))',0.4737945199109384,0.47379449009895325,2411908,california_housing,21,19952,8,8192,paper,6,0,784044718
3600.137625195086,'(5.349742412567 + ((-3.316408395767) * (((0.295137166977 * x0) / (0.423554062843 * x5)) ^ ((0.293673217297 * x0) / ((-0.656003057957) * x5)))))',0.549568538817929,0.5495684742927551,4702414,california_housing,6,19952,8,16384,paper,4,0,2995172877
3600.1299706324935,'((-54.470741271973) + ((-1.492085218430) * ((cos(((0.963584423065 * x0) / (1.242570042610 * x5))) - ((-0.148677155375) * x6)) - (((((-0.226104184985) * x7) ^ 0.738439619541) + ((-0.148677155375) * x6)) + (((0.013823504560 * x1) * (0.110521681607 * x0)) + (((-1.398651838303) * x7) ^ 0.707106769085))))))',0.41799753951732943,0.41799747943878174,1801478,california_housing,24,19952,8,8192,paper,6,0,2765379632
3600.1424437500536,'(0.473656415939 + (0.442962855101 * ((((-3.265139818192) * x0) / ((-1.355668067932) * x5)) - cos(exp(cos(((-1.486910820007) * x7)))))))',0.49971070431368203,0.4997106194496155,9142721,california_housing,5,19952,8,16384,paper,4,0,369133708
3600.0917856246233,'(0.372358560562 + ((-1.121634364128) * (((((1.414213538170 * x0) / ((-1.658076643944) * x5)) * ((1.414213538170 * x0) / (log((0.653074026108 * x4)) + (0.929312229156 * x5)))) - (cos((0.042090624571 * x1)) + ((-2.155259847641) * x0))) / (cos(cos(((-0.743457913399) * x7))) * ((-2.720493555069) * x5)))))',0.4722095141347959,0.47220948338508606,3689878,california_housing,29,19952,8,8192,paper,6,0,1934709049
3600.0971048027277,'((-0.049048684537) + (0.304916590452 * (((cos((0.043553877622 * x1)) + cos(((-2.372320413589) * x6))) + ((((-0.390930116177) * x0) + ((-0.039848592132) * x1)) / ((-0.209481537342) * x5))) + (cos((((-0.611809670925) * x0) + ((-0.039848592132) * x1))) + (cos(((-1.496212840080) * x6)) - ((-0.496083468199) * x0))))))',0.46935633369051527,0.4693561792373657,3429845,california_housing,28,19952,8,8192,paper,6,0,1904449481
3600.099209289998,'(0.371204763651 + (1.829199075699 * (((((0.434294492006 * x3) / (2.040867328644 * x2)) + ((0.301948547363 * x0) / (2.040867328644 * x2))) * log((4.056025981903 * x1))) - (cos(((2.158559799194 * x0) / (2.794111251831 * x5))) - ((((-0.775150060654) * x0) / (2.040867328644 * x2)) + cos((0.177944898605 * x6)))))))',0.475016769430978,0.475016713142395,3270924,california_housing,27,19952,8,8192,paper,6,0,2342600226
3600.0557471103966,'(4.263760566711 + ((-2.122705698013) * (cos(cos(cos((0.879603266716 * x6)))) + cos(((((-0.353620290756) * x1) * (-0.018597578630)) + (((-0.619941234589) * x0) / ((-0.941556155682) * x5)))))))',0.4735175619231657,0.473517507314682,5456456,california_housing,23,19952,8,8192,paper,6,0,3356806661
3600.1124808862805,'(0.904671609402 + (0.571183443069 * (((sqrt((0.318309873343 * x1)) * (1.772453904152 / (0.961959064007 * x5))) + (log((0.907020986080 * x0)) ^ 2)) * (sin(((0.397155404091 * x0) / (0.961959064007 * x5))) ^ (log((0.591891944408 * x2)) * ((0.707106769085 * x2) / (1.118319392204 * x0)))))))',0.47437608384316376,0.47437599301338196,2469338,california_housing,19,19952,8,8192,paper,6,0,2148995112
3600.1687486320734,'(0.680044174194 + (0.879171967506 * ((((-0.551894009113) * x0) / ((-0.483066141605) * x5)) - sin((((-0.724861919880) * x7) - (0.759748935699 * x6))))))',0.43676818723775446,0.4367683231830597,10784051,california_housing,1,19952,8,16384,paper,4,0,2811363264
3600.1608178839087,'((-31.254020690918) + ((-1.981293439865) * (cos((((-0.005340667441) * x1) - ((1.224377989769 * x0) / (1.858279943466 * x5)))) - (((-0.208274647593) * x7) + ((-0.214513421059) * x6)))))',0.41802622852119653,0.4180264174938202,8110592,california_housing,0,19952,8,16384,paper,4,0,3324115916
3600.1682738251984,'((-31.837442398071) + (2.732135534286 * (((cos(((-3.079395532608) * x7)) - cos(((-0.391992181540) * x0))) / (((0.701376855373 * x6) * ((-0.095929168165) * x5)) / ((-0.138723447919) * x0))) + ((((-0.186485975981) * (0.795797348022 * x6)) - (0.144215121865 * x7)) - ((((-0.138723447919) * x0) * 1.281328082085) * ((-0.152040645480) / ((-0.089033499360) * x5)))))))',0.41700083229238116,0.41700080037117004,3469962,california_housing,25,19952,8,8192,paper,6,0,1728356533
3600.093354012817,'(0.358887910843 + (0.475929349661 * ((((-2.029108285904) * x0) / ((-0.903593480587) * x5)) + sin(((-1.499575734138) * x7)))))',0.5073778178203243,0.507377564907074,11198293,california_housing,2,19952,8,16384,paper,4,0,1884968544
3600.1426090076566,'(2.057854175568 + (0.682394504547 * (((exp(((-0.950594842434) * x5)) * (0.434294492006 * x1)) * sin((0.257951378822 * x0))) + (((((-4.474637508392) * x3) / ((-0.766246616840) * x2)) + (0.728799760342 * x0)) - (sqrt((0.665953278542 * x6)) - ((1.246663808823 * x0) ^ (-1.746222376823)))))))',0.46246745891644947,0.4624674320220947,2662265,california_housing,26,19952,8,8192,paper,6,0,3533734220
3600.1520090065897,'((-12.771894454956) + (0.048339094967 * (((((-2.921802282333) - (0.240432515740 * x7)) - (0.247682332993 * x6)) ^ 2) - ((((-1.728025555611) * ((-0.550636172295) * x0)) - cos(((-2.946330547333) * x7))) / (exp((((3.539725780487 * x5) - (2.302585124969 * x0)) / (1.157449126244 * x0))) * (0.086933411658 * ((-0.550636172295) * x0)))))))',0.40829823027621853,0.408298134803772,3939740,california_housing,17,19952,8,8192,paper,6,0,3606691181
3600.091727402061,'(0.353375941515 + ((-0.480464458466) * (cos(((-1.460169672966) * x7)) - ((2.144149780273 * x0) / (0.961174786091 * x5)))))',0.506840842430664,0.5068406462669373,11175721,california_housing,7,19952,8,16384,paper,4,0,865305066
3600.1166822351515,'(3.051118373871 + ((-2.061361074448) * cos(((3.275511264801 * x0) / ((-4.489771842957) * x5)))))',0.5571036516815154,0.5571032762527466,14262358,california_housing,10,19952,8,16384,paper,4,0,4190266092
3600.1765540502965,'((-37.489852905273) + (1.433321118355 * ((((-0.323057144880) * x6) - (0.318733811378 * x7)) - ((1.089877724648 * x0) / ((-1.534199953079) * x5)))))',0.45758569810676714,0.45758530497550964,10142161,california_housing,9,19952,8,16384,paper,4,0,2261209995
3600.173070270568,'(0.417526364326 + ((-0.108079060912) * (((0.559282898903 * x0) / ((-0.060562252998) * x5)) + (((0.840582251549 * x1) * (cos((1.381908178329 * x7)) * sin((0.236018151045 * x0)))) / ((-1.505691885948) * x5)))))',0.48659496787987166,0.48659488558769226,9270169,california_housing,17,19952,8,16384,paper,4,0,3606691181
3600.1360489986837,'(3.066714286804 + ((-2.083822488785) * cos(((1.004834055901 * x0) / ((0.228361904621 * x3) + (1.288092970848 * x5))))))',0.5480793449967938,0.5480794310569763,14172901,california_housing,4,19952,8,16384,paper,4,0,3687649985
3600.2042115181684,'((-37.539848327637) + ((-0.760891795158) * (((0.608510077000 * x6) - ((-0.600800871849) * x7)) + (((-1.953006267548) * x0) / ((((-2.053972244263) * x5) + (-0.381836056709)) * (-0.657822728157))))))',0.45879538948272525,0.45879533886909485,9399507,california_housing,16,19952,8,16384,paper,4,0,550243861
3600.1933568790555,'(0.383674085140 + ((-0.423479825258) * (sin(((-1.472943782806) * x7)) - (sqrt((((2.302585124969 * x0) + sin(((-3.140274524689) * x7))) ^ 2)) / (0.918503820896 * x5)))))',0.490353812273211,0.4903537929058075,10199648,california_housing,11,19952,8,16384,paper,4,0,3160032368
3600.1873778924346,'(0.480306357145 + ((-0.615241348743) * (sin(exp(log((((-1.419067502022) * x7) + ((-1.494710683823) * x6))))) + ((0.424219012260 * x0) / ((-0.261147052050) * x5)))))',0.4384270143626932,0.4384271800518036,7768052,california_housing,15,19952,8,16384,paper,4,0,2204291346
3600.2991159409285,'(0.776194214821 + ((-1.490473389626) * (((exp(((0.573945283890 * x1) / ((-1.847281694412) * x7))) ^ (((-0.335434764624) * x0) * (0.834591388702 * x0))) - cos(sin(((-0.716997385025) * x7)))) + ((0.834591388702 * x0) / ((-1.578145623207) * x5)))))',0.4917905128371054,0.4917903542518616,3509199,california_housing,13,19952,8,16384,paper,4,0,3081541439
3600.250999171287,'(3.000763654709 + ((-2.196836709976) * cos(((0.459690153599 * x0) / log(((((0.434294492006 * x2) * (0.507453918457 * x5)) + sin(log((((0.437560021877 * x1) * (0.434294492006 * x2)) - (-0.230729281902))))) - ((-0.707477331161) * x5)))))))',0.4924379159765591,0.4924379587173462,9093556,california_housing,3,19952,8,16384,paper,4,0,1859786275
3600.30843693763,'(2.064069509506 + ((-1.712530374527) * (sin(((((0.016801979393 * x6) * (0.080139093101 * x1)) + (((exp((0.016801979393 * x6)) ^ (0.245230585337 * x0)) + cos(((-0.359838873148) * x7))) ^ sqrt((cos((-0.801803588867)) / cos(0.427096813917))))) * cos((sqrt((0.825543344021 * x6)) + (0.059759829193 * x7))))) + cos((((-1.393438577652) * x0) / ((-1.907622694969) * x5))))))',0.4159829788100499,0.4159828722476959,4170929,california_housing,8,19952,8,16384,paper,4,0,404488628
3600.2467709183693,'((-7.156834602356) + (70.014747619629 * ((((-0.006238475442) * x7) ^ (0.210842892528 * x6)) - (((-0.039721220732) * x0) / (2.739005565643 * x5)))))',0.4598181216665222,0.45981812477111816,6400342,california_housing,19,19952,8,16384,paper,4,0,2148995112
3600.2185821458697,'((-37.599952697754) + ((-0.615348577499) * (((0.744547188282 * x7) - ((-0.754493176937) * x6)) + (((-3.593289613724) * x0) / (2.177736043930 * x5)))))',0.4583491582488434,0.4583487808704376,10097918,california_housing,18,19952,8,16384,paper,4,0,1934392872
3600.2700006365776,'(2.943538904190 + ((-1.920725941658) * cos(((exp(sin((exp((0.163320988417 * x2)) * sin(((-0.242885559797) * x6))))) + ((-1.508874177933) * x0)) / ((-1.816135287285) * x5)))))',0.5404642424863555,0.540376603603363,13635118,california_housing,14,19952,8,16384,paper,4,0,3376120482
3600.337711174041,'((-0.788357317448) + (1.106901407242 * ((1.509943723679 ^ cos((1.486261487007 * x7))) - ((0.954503476620 * x0) / ((-0.992364108562) * x5)))))',0.504756968499389,0.5047567486763,5271264,california_housing,12,19952,8,16384,paper,4,0,3269070126
3600.086062874645,'(0.355627000332 + ((-0.479443669319) * (cos((1.460074782372 * x7)) - ((1.331660747528 * x0) / (0.596501290798 * x5)))))',0.5071926844463943,0.5071925520896912,10875471,california_housing,21,19952,8,16384,paper,4,0,784044718
3600.114076986909,'(0.977338731289 + (0.431262224913 * ((((-1.261748909950) * x0) / log(exp((1.414213538170 * (((-0.376810878515) * x5) / sin(((sin(((((-0.223656564951) ^ 2) * ((-0.794176220894) * x5)) * sqrt((0.907608687878 * x6)))) + sqrt((0.330998927355 * x0))) / cos(((-0.016014534980) * x1))))))))) - sin(((-1.473207235336) * x7)))))',0.4793470563364426,0.47930052876472473,6579276,california_housing,20,19952,8,16384,paper,4,0,1592565386
3600.1262524090707,'(0.355994403362 + (0.478700578213 * ((((-1.215378880501) * x0) / ((-0.544090986252) * x5)) - cos((1.460185647011 * x7)))))',0.5095086885341601,0.509508490562439,10957374,california_housing,22,19952,8,16384,paper,4,0,3980425317
3600.186532728374,'(0.406461089849 + ((-0.589738965034) * (cos((((sin(((-1.570180654526) * x6)) - ((-1.465492248535) * x7)) - ((-0.535910725594) - (cos((1.784503936768 * x6)) * 0.693147182465))) + 0.749652028084)) - ((1.772453904152 * x0) / (1.029359817505 * x5)))))',0.4481154766065309,0.4481153190135956,6700059,california_housing,24,19952,8,16384,paper,4,0,2765379632
3600.0949918068945,'(0.350049465895 + (1.250681757927 * ((((-0.448314547539) * x0) / (sin(((-1.446197390556) * x7)) + ((-3.418228626251) * x5))) * log(((((-0.448314547539) * x0) - ((-3.418228626251) * x5)) * (6.678953170776 * x1))))))',0.506333445019655,0.5063333511352539,7563696,california_housing,23,19952,8,16384,paper,4,0,3356806661
3600.1292115822434,'((-0.013373293914) + ((-0.393544524908) * ((sin(((-1.717708230019) * x6)) - (0.027639986947 * x1)) + (((-0.984730780125) * x0) / (0.351517766714 * x5)))))',0.5065136411348333,0.5065135955810547,9677893,california_housing,25,19952,8,16384,paper,4,0,1728356533
3600.0916565172374,'((-36.181098937988) + (0.372456908226 * ((((-1.161237001419) * x7) - sqrt(((((1.150844454765 * x6) ^ 2) - (4.006582260132 * x2)) - ((1.839210748672 * x1) + (9.286142349243 * x0))))) + ((2.219521284103 * x0) / (0.898990213871 * x5)))))',0.44331179666411685,0.44331175088882446,9278816,california_housing,26,19952,8,16384,paper,4,0,3533734220
3600.167764786631,'(3.007769346237 + ((-2.063189506531) * cos((((0.855580389500 * x0) - cos(((-1.459843158722) * x7))) / ((-1.300256371498) * x5)))))',0.47779952305751755,0.47779956459999084,12441734,california_housing,27,19952,8,16384,paper,4,0,2342600226
3600.093813404441,'(0.543221235275 + (0.961502373219 * (((0.988320469856 * x0) - cos((1.564074993134 * x7))) / ((0.834559619427 * x5) - ((((-0.594451487064) * x6) + (sin(1.335938096046) * (1.426475763321 ^ ((-0.072059601545) * x7)))) * 1.426475763321)))))',0.41532268665082245,0.41532260179519653,8119617,california_housing,29,19952,8,16384,paper,4,0,1934709049
3600.1033146567643,'(0.627320230007 + (0.038308978081 * ((cos((1.485414743423 * x7)) + (0.693147182465 * x0)) * (((1.485414743423 * x7) / (((-0.219905614853) * x6) + ((0.435016810894 * x5) / (((0.645507931709 * x5) ^ cos(((-0.219905614853) * x6))) / sin(((-0.579198658466) * x0)))))) / (0.645507931709 * x5)))))',0.47702493804715607,0.4770250916481018,7004134,california_housing,28,19952,8,16384,paper,4,0,1904449481
3600.212211597711,'(6.650202274323 + ((-1.223113894463) * (((sqrt((0.265686482191 * x6)) + ((1.043932080269 * x0) / ((-0.615051031113) * x6))) + sin((((-0.504105687141) * x6) - (0.538625538349 * x7)))) + ((((0.462219417095 * x0) / (2.730566501617 * x5)) * sin(((-1.579996466637) * x7))) + cos((((-0.985744655132) * x0) / (1.256033182144 * x5)))))))',0.3880521906561762,0.3880523443222046,3345257,california_housing,0,19952,8,16384,paper,6,0,3324115916
3600.1833448782563,'((-35.880111694336) + (2.050387144089 * (((((-0.534918844700) * x7) + ((0.970947384834 * x0) / (0.645907342434 * x5))) + (cos((1.111515879631 * x6)) * cos(((-0.895023882389) * x7)))) / log((((1.049715757370 * x6) + (-2.113807678223)) + sin((0.515389263630 * x0)))))))',0.3991068745685327,0.39910688996315,3841712,california_housing,1,19952,8,16384,paper,6,0,2811363264
3600.111569110304,'((-26.442302703857) + ((-0.233672752976) * ((cos(((1.398873686790 * x7) - ((-1.500131487846) * x6))) + (((1.398873686790 * x7) - ((-1.418236136436) * x6)) - cos(((-1.669371485710) * x6)))) - ((((0.517656266689 * x0) / (0.318309873343 * x5)) - sin((0.519597530365 * x0))) + (((0.686641156673 * x0) / (0.325591295958 * x5)) - sin((1.498961448669 * x7)))))))',0.3908144268560996,0.3908144235610962,2993450,california_housing,3,19952,8,16384,paper,6,0,1859786275
3600.112076405436,'((-7.556656837463) + ((-37.629787445068) * (((((-1.173225402832) / 0.434294492006) / 0.464001417160) + cos(((1.302075386047 * x0) / ((-1.785968899727) * x5)))) / ((sin(((-1.473334550858) * x7)) + sin((0.315335512161 * x7))) + ((0.608016967773 * x6) + sin((0.424342900515 * x7)))))))',0.40783464620736065,0.40783464908599854,4104471,california_housing,4,19952,8,16384,paper,6,0,3687649985
3600.0923203639686,'((-48.163646697998) + (6.652198791504 * ((sin(((2.718281745911 * x7) / (-0.902319312096))) + ((((-1.776464939117) * x7) * ((-0.343984782696) * x5)) - (1.494787216187 * x0))) / (log((((-0.774922490120) * x6) ^ 2)) * ((-1.501981616020) * x5)))))',0.4282851719168707,0.4282852113246918,4559773,california_housing,5,19952,8,16384,paper,6,0,369133708
3600.140252672136,'((-33.271137237549) + ((-0.433345198631) * (sin(((0.016686255112 * x1) - ((2.183756113052 * x0) / ((-1.647711873055) * x5)))) - ((cos((0.619286954403 * x2)) + ((0.016466634348 * x1) - (0.190072223544 * x6))) + (((1.760486245155 * x0) / (1.060423851013 * x5)) + (((-0.961539268494) * x7) - (0.790409803391 * x6)))))))',0.40422866103864824,0.40422841906547546,3499712,california_housing,2,19952,8,16384,paper,6,0,1884968544
3600.1297362297773,'((-25.077814102173) + (3.889107942581 * ((sin((((-0.288869917393) * x0) / ((-0.877081334591) * x5))) * (((0.021708352491 * x1) - ((-0.133352622390) * x0)) ^ (((-0.288869917393) * x5) / ((-0.824018657207) * x5)))) - (((0.050383992493 * x6) + cos(((-0.014201360755) * x7))) - (sqrt(((-0.554228305817) * x7)) + exp(((-0.612021386623) * x2)))))))',0.4313178936043393,0.4313177764415741,2593157,california_housing,7,19952,8,16384,paper,6,0,865305066
3600.1171065829694,'((-29.590532302856) + ((-0.863476455212) * (((cos((1.772453904152 * x7)) - ((0.843239307404 * x0) - ((-0.306258946657) * x3))) * ((1.442695021629 * x5) ^ (-0.962488412857))) - (((((-0.306258946657) * x6) + ((-0.246002823114) * x7)) + (((-0.175498500466) * x6) + ((-0.198271974921) * x7))) - (cos(((-0.265985667706) * x0)) - ((0.858658611774 * x5) ^ ((-0.816742599010) * x5)))))))',0.4159669186826849,0.41596686840057373,1921101,california_housing,9,19952,8,16384,paper,6,0,2261209995
3600.1121074706316,'(0.694919407368 + ((-2.258329391479) * (exp(sin((((-0.770849585533) * x7) - (0.811065971851 * x6)))) * (cos(sin((0.831097722054 * x6))) * sin(((0.243289873004 * x0) / ((-0.852700114250) * x5)))))))',0.39090911109220206,0.3909088969230652,4661670,california_housing,6,19952,8,16384,paper,6,0,2995172877
3600.2264374792576,'(18.638704299927 + ((-1.451187968254) * (((cos((0.011656614952 * x1)) ^ ((0.011656614952 * x4) / (2.603514671326 * x5))) + ((0.318309873343 * x0) * (-0.269411295652))) + (cos(((0.305678039789 * x0) / ((-0.384759187698) * x5))) - (exp(((-0.304269641638) * x2)) - sqrt(exp((((-4.545066833496) + ((-0.057677194476) * x6)) / (0.011656614952 * x7)))))))))',0.41228619550773044,0.41228610277175903,2401138,california_housing,8,19952,8,16384,paper,6,0,404488628
3600.1047082580626,'((-17.134937286377) + (1.986789703369 * (((cos((0.095732390881 * x7)) - (((-1.681746482849) * x7) / ((-0.719399094582) * x6))) + (sin((0.088855229318 * x7)) + sin((0.088855229318 * x7)))) - cos(((((-1.340867996216) * x0) - (0.027186390013 * x1)) / (2.064255237579 * x5))))))',0.4176602264401419,0.41766029596328735,3814534,california_housing,10,19952,8,16384,paper,6,0,4190266092
3600.162631575018,'((-31.624341964722) + ((-0.230899855494) * (((((1.630624055862 * x7) - ((-1.513145208359) * x6)) + ((1.175791144371 * x0) / ((-0.322843223810) * x5))) + cos((((-1.697073459625) * x6) + ((-1.412044644356) * x7)))) + ((sin(((-1.708624005318) * x6)) + sin(((-0.937391638756) * x2))) - cos(((0.567723989487 * x0) - ((-0.048252902925) * x1)))))))',0.3767434717038816,0.37674346566200256,3174921,california_housing,12,19952,8,16384,paper,6,0,3269070126
3600.242364820093,'(0.208375886083 + (0.832705795765 * ((cos((((-0.356404244900) * x0) + (0.123299814761 * x5))) + (((-0.959500372410) / (1.996535539627 * x6)) * ((1.262310147285 * x1) + ((-1.862746596336) * x7)))) / (((((-0.452477335930) * x0) - (-0.959500372410)) + (((-0.494596272707) * x6) * (0.123299814761 * x5))) / (((1.005049586296 * x0) + (0.253400087357 * x5)) - cos((1.668899536133 * x7)))))))',0.4475343576883296,0.4475345313549042,3176862,california_housing,13,19952,8,16384,paper,6,0,3081541439
3600.2259215153754,'(46.671661376953 + (243.040252685547 * (((((-0.266794949770) ^ 2) * ((-0.609772205353) ^ 2)) ^ exp((((-1.074561834335) * x5) / ((-1.579665660858) * x0)))) - (((((-0.381793111563) * x7) - (-2.357264757156)) ^ (-1.899045228958)) * ((((-1.569971442223) * x7) - (-1.768360257149)) - ((-2.850431680679) * x6))))))',0.4352971575987056,0.4352969527244568,2024752,california_housing,11,19952,8,16384,paper,6,0,3160032368
3600.1890694983304,'(11.785155296326 + ((-1.824118971825) * ((cos((((-0.695023417473) * x0) / (0.943510890007 * x5))) + (((3.475395202637 * x6) / ((-0.207615107298) * x7)) + ((0.693147182465 * x1) / (3.141592741013 * x7)))) + ((cos((1.615584850311 * x7)) + cos((0.434294492006 * x7))) / (((3.141592741013 * x6) / ((-0.201417088509) * x7)) + cos((6.283185482025 * x7)))))))',0.41322659063082545,0.4132266044616699,3007623,california_housing,14,19952,8,16384,paper,6,0,3376120482
3600.1139382831752,'((-0.231342002749) + (0.082419969141 * (sin(((0.552582561970 ^ (0.693147182465 * x2)) + ((0.134449645877 * x0) / (0.340429842472 * x5)))) * (((9.967701911926 / ((-0.533139467239) * x3)) - (cos((3.429087162018 * x6)) + (0.902468919754 * x7))) - (((1.858996629715 * x6) + ((-0.346571683884) * x1)) + (((-1.677477598190) * x0) + ((-1.080013394356) * x0)))))))',0.4454782974146962,0.44547832012176514,2048530,california_housing,15,19952,8,16384,paper,6,0,2204291346
3600.136162020266,'(3.941737890244 + (1.850870370865 * (((sin((1.603645920753 * x7)) / (((-0.249670580029) * x5) * (0.274249941111 * x6))) - cos((((-0.249670580029) * x7) - (0.282258391380 * x6)))) - cos((((-0.228549659252) * x0) / (0.323699444532 * x5))))))',0.3976036189003206,0.3976036608219147,4256237,california_housing,16,19952,8,16384,paper,6,0,550243861
3600.172484342009,'((-21.542793273926) + ((-0.346070766449) * (((sin(((-1.631350636482) * x7)) + (((-0.072792880237) * x0) / (0.027665769681 * x5))) + ((((-0.627026081085) * x6) - (0.580887854099 * x7)) / (-0.729307413101))) + sin((cos((0.664755403996 * x2)) + (((-0.627026081085) * x6) - (0.580887854099 * x7)))))))',0.4085475579526719,0.40854746103286743,3771197,california_housing,17,19952,8,16384,paper,6,0,3606691181
3600.104445837438,'(5.080392360687 + ((-1.716308712959) * (((cos((1.615954637527 * x7)) * (((-0.730969429016) * x0) / ((-2.013216257095) * x2))) - ((((-1.537863492966) * x5) * (0.022395648062 * x6)) / (0.861350059509 * x5))) + cos(((0.715317308903 * x0) / (0.932739496231 * x5))))))',0.45871324346273784,0.4587133526802063,4265101,california_housing,19,19952,8,16384,paper,6,0,2148995112
3600.214387651533,'((-21.512594223022) + ((-0.310654729605) * ((sin(((1.082476735115 * x6) - ((-0.895717024803) * x7))) + sin(((1.070138216019 * x6) - (0.534412980080 * x7)))) - ((cos(((-1.638512492180) * x7)) + ((0.325844734907 * x0) / (0.212509796023 * x5))) - (((0.852934956551 * x6) - ((-0.849016249180) * x7)) - ((0.318309873343 * x0) / (0.203848406672 * x5)))))))',0.40003414136948656,0.400034099817276,3095124,california_housing,18,19952,8,16384,paper,6,0,1934392872
3600.23110101372,'(1.453458786011 + (0.751843452454 * (((cos(((-1.486707806587) * x7)) - ((-0.587583959103) * x0)) / (0.809807062149 * x5)) - ((cos((0.268129646778 * x6)) + cos(((((2.728699445724 * x5) + ((-0.130763009191) * x0)) / (0.745524644852 * x5)) ^ 2))) + cos(cos(((-1.695317864418) * x7)))))))',0.4496471937417044,0.44964706897735596,3765129,california_housing,21,19952,8,16384,paper,6,0,784044718
3600.19974238798,'(4.472270488739 + (4.010404109955 * (((sin((0.967034459114 * x6)) ^ 2) / ((((-1.718882203102) * x7) / (0.995272755623 * x1)) + sin(((-1.676523327827) * x7)))) - (exp(1.109148263931) ^ ((((-0.469499647617) * x0) / (1.307509899139 * x5)) * (((-0.349216550589) * x0) / ((-0.834085404873) * x5)))))))',0.46781258021322164,0.46781250834465027,2528337,california_housing,22,19952,8,16384,paper,6,0,3980425317
3600.202352385968,'(24.009988784790 + (4.553764820099 * (sin((1.179325819016 + log(((-0.888113498688) * x7)))) * (((0.209250643849 * x6) - ((0.003893400310 * x1) - 3.521797895432)) + cos(((0.665246069431 * x0) / (0.929247915745 * x5)))))))',0.42424846151881845,0.4242483675479889,4483038,california_housing,23,19952,8,16384,paper,6,0,3356806661
3600.2003994621336,'((-3.247188329697) + ((-0.303641915321) * (((cos(((-0.317515015602) * x0)) + cos(((-1.577936172485) * x6))) - (cos((2.697283983231 * x6)) + cos((1.640670776367 * x7)))) - ((((1.635126113892 * x0) / (0.582410097122 * x5)) + ((5.776938438416 * x7) / ((-1.486291289330) * x6))) - (cos((1.597713589668 * x6)) * cos((1.430867195129 * x7)))))))',0.4304742065908663,0.43047425150871277,2918055,california_housing,20,19952,8,16384,paper,6,0,1592565386
3600.2080798335373,'(2.670192480087 + ((-1.193280100822) * (cos(((((-1.138463616371) * x3) / (0.222520276904 * x2)) + (((-0.876252353191) * x0) * 0.232434749603))) + (cos(((0.379020005465 * x0) / (0.486416727304 * x5))) - ((((-0.007718901150) * x1) / ((-0.330466240644) * x5)) - ((1.026821136475 * x1) ^ ((-0.042320702225) * x0)))))))',0.46073325290195455,0.4607333838939667,2571506,california_housing,24,19952,8,16384,paper,6,0,2765379632
3600.225036237389,'(2.478513479233 + ((-0.374949038029) * ((cos((((-1.272451281548) * x0) / ((-1.718494057655) * x5))) * (log((2.424658775330 * x6)) + cos((1.429938673973 * x7)))) - ((cos((1.840471386909 * x6)) * cos((1.639161348343 * x7))) + (cos((1.676573395729 * x6)) + cos((1.482815742493 * x7)))))))',0.4175003224104018,0.4175003468990326,3180535,california_housing,26,19952,8,16384,paper,6,0,3533734220
3600.1492577046156,'((-26.019569396973) + (1.105704784393 * ((((((-0.189520165324) * x7) + ((-0.130924701691) * x7)) - ((0.166253492236 * x6) + (0.166253492236 * x6))) - cos(((1.344368457794 * x0) / ((-1.593433618546) * x5)))) - cos(((((-0.472825497389) * x6) + ((-0.456043243408) * x7)) + ((1.344368457794 * x0) / (3.141592741013 * x5)))))))',0.4079308935393984,0.4079309403896332,3603670,california_housing,25,19952,8,16384,paper,6,0,1728356533
3600.1656408905983,'((-17.846240997314) + ((-18.187147140503) * (((((0.196652740240 * x0) / (2.443194150925 * x5)) ^ (((-1.263800501823) * x0) / (1.909509420395 * x5))) + (cos(((-3.182737827301) * x7)) + ((2.877571582794 * x6) - (0.411533862352 * x1)))) / ((cos(((-1.329535961151) * x6)) + cos((2.362053871155 * x6))) - (((2.877571582794 * x6) - (0.402513444424 * x1)) - cos(((-1.537454485893) * x7)))))))',0.42088138382770696,0.4208813011646271,2205462,california_housing,27,19952,8,16384,paper,6,0,2342600226
3600.1888472512364,'((-29.075120925903) + (0.257508337498 * ((cos((((-1.666743755341) * x6) + ((-1.377121210098) * x7))) - sin(((0.679339587688 * x0) / (0.443705439568 * x5)))) + (((((-1.218755364418) * x6) + ((-1.321988105774) * x7)) + ((1.414213538170 * x0) / (0.434294492006 * x5))) + (cos(((-1.666743755341) * x6)) + (0.707106769085 ^ ((-0.033848430961) * x1)))))))',0.3852852431918102,0.38528507947921753,2374187,california_housing,28,19952,8,16384,paper,6,0,1904449481
3600.1100385300815,'(0.666839897633 + ((-1.398408174515) * ((cos(((0.013093220070 * x1) - ((-0.173625767231) * x0))) + cos((((-0.467534571886) * x0) / (0.557204246521 * x5)))) - ((((0.796769320965 * x7) / ((-1.417027115822) * x6)) - ((-1.203309297562) / ((-1.461492061615) * x3))) + ((0.285136967897 * x2) ^ cos((exp((1.678617477417 + ((-1.417027115822) * x2))) - exp(sin(1.678617477417)))))))))',0.45039962051976973,0.4503995180130005,2217933,california_housing,29,19952,8,16384,paper,6,0,1934709049
3600.312047768384,'((-1.217565536499) + ((-2.060638904572) * ((((-0.732367038727) * x0) / (1.414213538170 * x5)) - cos(sin((0.743242263794 * x7))))))',0.5070392472271615,0.5070390701293945,10087878,california_housing,0,19952,8,32768,paper,4,0,3324115916
3600.156645614654,'(0.355491071939 + ((-0.480630815029) * (((2.698414802551 * x0) / ((-1.211567759514) * x5)) + cos(((-1.460113525391) * x7)))))',0.5073201637364058,0.507319986820221,11256913,california_housing,2,19952,8,32768,paper,4,0,1884968544
3600.2642439231277,'((-37.693225860596) + (0.460191339254 * ((((-0.998164176941) * x7) + ((-1.011758089066) * x6)) + (((-1.012515068054) * x0) / ((-0.459592342377) * x5)))))',0.45890517969541306,0.4589051306247711,10184954,california_housing,1,19952,8,32768,paper,4,0,2811363264
3600.154875393957,'((-37.486434936523) + (0.364699184895 * ((((-2.285722970963) * x0) / ((-0.818887710571) * x5)) + (((-1.269816637039) * x6) + ((-1.252616882324) * x7)))))',0.45855623159522624,0.45855599641799927,9964906,california_housing,5,19952,8,32768,paper,4,0,369133708
3600.226961866021,'((-27.305751800537) + ((-0.300925672054) * (((1.061356186867 * x7) + (0.946027457714 * x6)) - ((3.145015239716 * x0) / ((sin(((0.448277175426 * x1) ^ (-0.257340073586))) - cos((((1.108561038971 * x7) + (0.946027457714 * x6)) - sin(((-0.680988788605) * x6))))) - ((-0.962800860405) * x5))))))',0.4107732175799968,0.41077354550361633,7120122,california_housing,3,19952,8,32768,paper,4,0,1859786275
3600.2845243811607,'(0.397604346275 + (1.636650562286 * (((0.048446752131 * x1) - ((-1.122070193291) * x0)) / (((2.771378517151 * x5) + (cos((0.447773158550 * x0)) + exp(sin(sin(((-0.881970405579) * x2)))))) * cos(sin(((-0.881970405579) * x6)))))))',0.47817165245511734,0.47817158699035645,6137985,california_housing,4,19952,8,32768,paper,4,0,3687649985
3600.204845778644,'((-37.513385772705) + ((-0.363701343536) * (((1.256999254227 * x7) - ((-1.274713993073) * x6)) - (((-1.988334655762) * x0) / ((-0.708539545536) * x5)))))',0.45331152471178643,0.45331138372421265,10169114,california_housing,6,19952,8,32768,paper,4,0,2995172877
3600.1608244478703,'((-37.812927246094) + (1.074223399162 * ((((-0.428800284863) * x7) - (0.434294492006 * x6)) - ((0.433244496584 * x0) / ((-0.458506166935) * x5)))))',0.4604908539480849,0.46049052476882935,9946670,california_housing,10,19952,8,32768,paper,4,0,4190266092
3600.254675388336,'(0.804553508759 + (0.719171643257 * (((0.384324461222 * x0) / (0.279144823551 * x5)) + (cos(((cos((sin(((-0.808584570885) * x7)) ^ 2)) + ((0.693147182465 * x6) - ((-0.632667481899) * x7))) + 1.772453904152)) / (0.284390687943 * x5)))))',0.40749507785355604,0.4074949324131012,6917566,california_housing,7,19952,8,32768,paper,4,0,865305066
3600.339592590928,'((-32.340084075928) + (0.812596917152 * (((1.892738342285 * x0) / (exp(cos(((-1.407416701317) * x7))) - ((-1.279659390450) * x5))) + (((-0.480876088142) * x6) + ((-0.482986718416) * x7)))))',0.4397636903476609,0.4397635757923126,7826867,california_housing,12,19952,8,32768,paper,4,0,3269070126
3600.27410203591,'(0.353715598583 + ((-0.479490071535) * (cos(((-1.460059285164) * x7)) - (((-1.670823097229) * x0) / ((-0.747360467911) * x5)))))',0.5070436502389811,0.5070432424545288,11124362,california_housing,8,19952,8,32768,paper,4,0,404488628
3600.2027217261493,'((-37.474246978760) + (0.928863406181 * ((((-0.498601168394) * x6) + ((-0.491723448038) * x7)) - ((1.108365535736 * x0) / ((-1.011136770248) * x5)))))',0.4575858994837393,0.4575856626033783,10202592,california_housing,9,19952,8,32768,paper,4,0,2261209995
3600.438070066273,'((-36.721645355225) + (0.485339611769 * (((cos(((-1.485811114311) * x7)) + (1.414213538170 * x0)) / (((0.455942809582 * x5) / ((0.455942809582 * x5) + (0.036297515035 * x1))) + (0.455942809582 * x5))) + (((-1.485811114311) * x7) / (log(cos(1.072063446045)) + (((1.072063446045 - 1.072063446045) + log((1.645338892937 * x6))) * log(2.118030309677)))))))',0.41896187791453526,0.4189620614051819,5466017,california_housing,11,19952,8,32768,paper,4,0,3160032368
3600.1995759531856,'((-37.695175170898) + (0.684443056583 * ((((-0.679884850979) * x6) + ((-0.671031296253) * x7)) + ((1.821025013924 * x0) / (1.228840351105 * x5)))))',0.45906724899852047,0.4590669870376587,10403837,california_housing,14,19952,8,32768,paper,4,0,3376120482
3600.407290317118,'((-37.692378997803) + ((-0.704067528248) * (((1.440137505531 * x0) / ((-0.997717976570) * x5)) - (((-0.652361273766) * x7) - (0.661260664463 * x6)))))',0.4584691045662389,0.45846906304359436,10201112,california_housing,13,19952,8,32768,paper,4,0,3081541439
3600.174496434629,'(0.384422659874 + ((-0.452974766493) * (sin((1.604364633560 * x7)) + ((1.432837247849 * x0) / (((-0.074643313885) * x5) * (0.230108216405 * x6))))))',0.4963238323321005,0.4963237941265106,9626614,california_housing,15,19952,8,32768,paper,4,0,2204291346
3600.1732969880104,'(0.345119506121 + ((-14.446332931519) * (sin(((-0.100434407592) * x0)) / (((0.876577079296 * x5) - (cos((1.670736312866 * x6)) - log((0.069302886724 * (2.452587842941 * x6))))) - (0.014195042662 * x1)))))',0.493740196750959,0.49373990297317505,9013668,california_housing,18,19952,8,32768,paper,4,0,1934392872
3600.203810464591,'(0.647613644600 + (0.443679779768 * (cos((1.485769748688 * x7)) - (((-0.701006412506) * x0) / (sqrt((0.870506525040 * x5)) - (log(sqrt(0.585690498352)) + sin((log((((-0.803830623627) * x0) ^ 2)) / (0.870506525040 * x5)))))))))',0.4826580504723478,0.4826580286026001,8567884,california_housing,16,19952,8,32768,paper,4,0,550243861
3600.246187824756,'((-30.535989761353) + (0.437663525343 * (((3.635929822922 * x0) / (((((-0.973945558071) * x5) - 0.693147182465) * (-1.462655305862)) + sin((1.498419523239 * x7)))) - ((0.880424857140 * x6) - ((-0.858913898468) * x7)))))',0.4320339295792617,0.43203386664390564,8035620,california_housing,20,19952,8,32768,paper,4,0,1592565386
3600.2010066322982,'((-0.140930846334) + ((-0.098088882864) * (((1.631617069244 * x0) / ((-0.145811736584) * x5)) + (((-0.050299249589) * x1) + (0.384941458702 / (((cos((1.486747622490 * x7)) + sqrt(2.300136566162)) * 0.126298621297) - 0.358527928591))))))',0.4897335065787743,0.4897334575653076,8066113,california_housing,19,19952,8,32768,paper,4,0,2148995112
3600.1845599636436,'(5.293843269348 + ((-3.311130523682) * ((((-0.511556327343) * x0) / ((-0.721000552177) * x5)) ^ (((-0.511556327343) * x0) / exp((0.401841819286 * x5))))))',0.5475459831651115,0.5475457906723022,4733153,california_housing,21,19952,8,32768,paper,4,0,784044718
3600.3203432038426,'((-69.275154113770) + (17.192852020264 * (((((0.457448095083 * x0) - (0.537837266922 * x6)) + (((-0.902309656143) * x7) - sqrt((sin(((-1.485900282860) * x7)) ^ 2)))) - (3.192080974579 / ((-0.846654415131) * x5))) / sqrt(((-4.047000885010) * x7)))))',0.438324340872572,0.4383241832256317,7879402,california_housing,17,19952,8,32768,paper,4,0,3606691181
3600.359876293689,'(0.678028523922 + ((-0.583077490330) * (cos(((2.050666332245 * x0) / ((1.144660949707 * x2) - (0.041756510735 * x1)))) - (log(exp((cos((1.671984672546 * x6)) + (1.865333318710 * x0)))) / (1.212386608124 * x5)))))',0.4946561414383749,0.4946567118167877,6883598,california_housing,24,19952,8,32768,paper,4,0,2765379632
3600.3013254366815,'(0.576516449451 + (0.377772480249 * ((((0.318309873343 ^ (((-0.213220730424) * x1) / ((-1.667272210121) * x2))) - (0.608156383038 * x0)) / ((-0.196364775300) * x5)) - sin(((-1.473983883858) * x7)))))',0.49096991472506685,0.4909701347351074,5796137,california_housing,28,19952,8,32768,paper,4,0,1904449481
3600.204398199916,'(2.989319801331 + (2.408392906189 * cos((((((0.127221837640 * x0) ^ 2) / (((-0.155708521605) * x5) * ((-0.569495737553) * x0))) / 0.314877390862) - log(((0.242202073336 * x6) + (log((cos((1.772453904152 * x7)) - (((-0.776033401489) * x6) - ((-0.356130659580) * x1)))) ^ 2)))))))',0.49318153485567323,0.493181437253952,6278232,california_housing,22,19952,8,32768,paper,4,0,3980425317
3600.163617823273,'((-37.592685699463) + (0.616992413998 * (((1.411755204201 * x0) / (0.855525076389 * x5)) + (((-0.742394149303) * x7) - (0.752440392971 * x6)))))',0.45677412627789205,0.45677393674850464,10291471,california_housing,26,19952,8,32768,paper,4,0,3533734220
3600.1969185210764,'((-37.659229278564) + ((-0.471446335316) * ((((-0.711929559708) * x0) / (0.329917520285 * x5)) - (((-0.973259329796) * x7) - (0.986263990402 * x6)))))',0.4589294025659299,0.4589291512966156,10163844,california_housing,23,19952,8,32768,paper,4,0,3356806661
3600.2741291485727,'(0.853597342968 + (0.579255700111 * (((((0.085084758699 * x1) + (2.459128618240 * x0)) * ((-0.492141127586) / ((-1.085021734238) * x5))) - (cos(((-1.660145521164) * x6)) / ((-1.010407328606) * x5))) + (cos(((1.212594628334 * x7) - ((-1.284675002098) * x6))) - cos((0.296777635813 * x0))))))',0.3939192042028012,0.3939191401004791,3744649,california_housing,0,19952,8,32768,paper,6,0,3324115916
3600.490906778723,'((-31.894273757935) + ((-0.770243883133) * ((((((-0.818456828594) * x0) / (3.019705295563 * x5)) * cos((1.538141965866 * x7))) + cos((((-0.818456828594) * x0) / ((-0.980482101440) * x5)))) - (((((-0.578238785267) * x6) + (0.045763742179 * x2)) - ((0.180672347546 * x7) / ((-0.671539783478) * x6))) + (((-0.542558968067) * x7) + ((0.434294492006 * x0) / (0.916707098484 * x5)))))))',0.40230660168250415,0.4023064970970154,3175621,california_housing,4,19952,8,32768,paper,6,0,3687649985
3600.357455391437,'(0.355184584856 + ((-0.480316132307) * (cos(((-1.460094332695) * x7)) + (((-1.133194923401) * x0) / (0.508647978306 * x5)))))',0.5072095392953264,0.5072094202041626,11110104,california_housing,29,19952,8,32768,paper,4,0,1934709049
3600.351194676012,'((-37.629608154297) + ((-0.468841642141) * (((1.190458655357 * x0) / ((-0.547290980816) * x5)) + ((0.993893742561 * x6) + (0.978718698025 * x7)))))',0.4542289600030673,0.4542287290096283,9996980,california_housing,25,19952,8,32768,paper,4,0,1728356533
3600.256233036518,'((-26.793601989746) + ((-0.303258717060) * ((cos((((-1.529782533646) * x6) - (1.308728575706 * x7))) + (((0.954804658890 * x0) / ((-0.698170542717) * x5)) - (((-1.048684000969) * x7) + ((-0.958832323551) * x6)))) + ((((0.954804658890 * x0) / ((-0.720920383930) * x5)) - cos((1.661951661110 * x6))) - sin(((0.954804658890 * x0) / ((-0.637780249119) * x5)))))))',0.38298449622725916,0.38298454880714417,3108089,california_housing,7,19952,8,32768,paper,6,0,865305066
3600.4036235399544,'(16.729818344116 + ((-31595.041015625000) * ((cos((((-1.232031464577) * x0) / ((-1.733186006546) * x5))) + (0.203503340483 * x6)) / (((((-0.084459424019) * x7) ^ 2) * ((-1.363311052322) * x7)) - (sin(((-2.960234165192) * x7)) * ((0.458481758833 * x1) ^ 2))))))',0.4047646914001134,0.4047645628452301,4237455,california_housing,2,19952,8,32768,paper,6,0,1884968544
3600.352644469589,'((-44.994377136230) + (1.142802238464 * ((cos(cos((1.499594092369 * x7))) - cos((((-0.248254612088) * x0) / (0.316059291363 * x5)))) + ((((0.693147182465 * x0) / (0.686820864677 * x5)) - (1.105784893036 * x7)) / log(((1.236265540123 * x6) * 0.601720511913))))))',0.4066504783229683,0.40665072202682495,3756561,california_housing,5,19952,8,32768,paper,6,0,369133708
3600.2901145629585,'((-13.674348831177) + (0.416694223881 * ((cos((0.515437841415 + ((-1.679151296616) * x6))) - (((0.412273108959 * x7) - ((-0.399311006069) * x6)) + (((-1.757630467415) * x0) / (1.036179661751 * x5)))) - (sin(((1.467966914177 * x7) - ((-1.584009408951) * x6))) + cos((((-2.213476657867) * x0) / (2.514529466629 * x5)))))))',0.3887884362283285,0.3887884020805359,3536467,california_housing,3,19952,8,32768,paper,6,0,1859786275
3600.2987142279744,'((-45.362297058105) + ((-1.329391002655) * (cos(((((-0.902179718018) * x0) + ((-0.040757752955) * x1)) / (1.474420428276 * x5))) + (((0.487025588751 * x7) + cos((0.243226855993 * x0))) / log(sqrt((0.689252078533 * x6)))))))',0.4078011933161149,0.4078015387058258,4379088,california_housing,9,19952,8,32768,paper,6,0,2261209995
3600.2653263136744,'((-35.255065917969) + (1.700720429420 * ((((-0.582242488861) * x7) / (log((1.742151379585 * x6)) - (((-0.646588802338) * x5) / ((-0.582242488861) * x5)))) - (cos((((-0.640256226063) * x0) / (0.860338747501 * x5))) + cos(sin(((-0.834844291210) * x7)))))))',0.4146696577629205,0.41466933488845825,4018594,california_housing,8,19952,8,32768,paper,6,0,404488628
3600.439747121185,'(0.898559927940 + ((-0.816011965275) * ((cos((((-1.829428076744) * x0) / ((-2.225305318832) * x5))) - (cos((0.750613331795 * x6)) ^ 2)) - ((cos((1.483178615570 * x7)) + (0.521991670132 * x0)) / (0.802556335926 * x5)))))',0.45685107317378,0.45685097575187683,4462768,california_housing,6,19952,8,32768,paper,6,0,2995172877
3600.301572777331,'((-37.432479858398) + (1.715945959091 * ((((-0.270136326551) * x6) - (0.266047239304 * x7)) + ((1.313683986664 * x0) / (2.218786954880 * x5)))))',0.45722982714284005,0.45722952485084534,10208535,california_housing,27,19952,8,32768,paper,4,0,2342600226
3600.3803573176265,'((-28.090759277344) + ((-0.271929860115) * (((sin(((-1.125081777573) * x5)) + ((0.707106769085 * x7) + ((-0.630644381046) * x0))) - ((((-1.257503271103) * x6) + ((-0.547419488430) * x7)) + (((-1.974461078644) * x0) / ((-1.344752788544) * x5)))) - (exp(cos(((-1.434444665909) * x7))) - sin((((-2.100028276443) * x0) / ((-1.396661996841) * x5)))))))',0.40407800888684187,0.40407809615135193,3208451,california_housing,1,19952,8,32768,paper,6,0,2811363264
3600.4648691415787,'((-35.895706176758) + ((-0.276208817959) * (((((1.412116169930 * x6) + (1.528148651123 * x7)) + sin((0.489249140024 * x0))) + (sin((1.420588374138 * x7)) * cos(((-1.772149085999) * x6)))) + ((((7.095593929291 * x0) / (0.444987505674 * x5)) + (((-1.069818139076) * x1) + (1.714615464211 * x7))) * ((0.543715119362 * x0) / ((0.850405752659 * x5) * (0.965107202530 * x6)))))))',0.39590099967311976,0.39590105414390564,3055736,california_housing,10,19952,8,32768,paper,6,0,4190266092
3600.2553090155125,'(0.525524616241 + (0.003359277034 * (exp(cos(((0.626829624176 * x7) - ((-0.721081256866) * x6)))) * ((((0.996037840843 * x0) - (1.822147011757 * x6)) / (((-0.353654563427) * x5) + (-0.262735635042))) * (cos((1.660963296890 * x6)) + (1.182536125183 * x0))))))',0.39943591411898066,0.3994356095790863,3961725,california_housing,13,19952,8,32768,paper,6,0,3081541439
3600.249215569347,'((-24.999628067017) + ((-0.426522523165) * ((((((-1.763612270355) * x0) / (2.541819572449 * x5)) + ((0.707106769085 * x7) - ((-0.674084365368) * x6))) - (cos(((-1.847570776939) * x6)) * cos(((-1.535251617432) * x7)))) + (sin((((-1.182948708534) * x0) / (2.541819572449 * x5))) * (cos(((-1.847570776939) * x6)) - (((-1.182948708534) * x0) / (0.832134366035 * x5)))))))',0.38410075545314204,0.3841005861759186,3091342,california_housing,12,19952,8,32768,paper,6,0,3269070126
3600.181215737015,'((-33.092647552490) + ((-0.438376635313) * ((((((-0.798415422440) * x0) / (0.422515541315 * x5)) + (0.543243050575 * x7)) - ((((-0.935290992260) * x6) + ((-0.385034501553) * x7)) + log((0.935453712940 * x3)))) + (((((-0.022910192609) * x1) / (0.473909050226 * x5)) + sin((0.514524400234 * x0))) + (cos(((-2.894091129303) * x7)) / (0.935453712940 * x5))))))',0.39721018839266026,0.39721018075942993,3216597,california_housing,15,19952,8,32768,paper,6,0,2204291346
3600.2160607390106,'((-31.792438507080) + ((-0.477520883083) * ((sin(((2.718281745911 * x0) / (1.772453904152 * x5))) + ((((-0.366214007139) * x1) / ((-1.092624187469) * x5)) / ((-1.842349886894) * x5))) - (((-0.822458624840) * x7) - (((0.455144733191 * x0) - (1.081001400948 * x0)) - ((-0.842812418938) * x6))))))',0.4151796269257342,0.4151792824268341,4114145,california_housing,16,19952,8,32768,paper,6,0,550243861
3600.2358182631433,'((-28.104156494141) + (0.306134223938 * ((((((-1.124414205551) * x7) + ((-1.107222080231) * x6)) - ((1.648513197899 * x0) / ((-0.621027648449) * x5))) - sin(((0.434294492006 * x7) + ((-1.304762125015) * x6)))) - (sin((((-1.145745873451) * x7) + ((-1.302513957024) * x6))) + sin(((1.776697158813 * x0) / (1.182060599327 * x5)))))))',0.3824516075331803,0.3824516534805298,3294930,california_housing,11,19952,8,32768,paper,6,0,3160032368
3600.202364064753,'(3.589103698730 + ((-0.909163594246) * ((((((-1.030654668808) * x6) / ((-1.252183318138) * x1)) ^ ((0.021871855482 * x0) ^ (0.308073759079 * x5))) - (sin((0.804699003696 * x7)) * sin((0.893908083439 * x6)))) + (cos(((2.351311922073 * x0) / (3.263042449951 * x5))) + cos(((2.351311922073 * x0) / (3.187532186508 * x5)))))))',0.3982462315011101,0.398246169090271,2162802,california_housing,14,19952,8,32768,paper,6,0,3376120482
3600.2327132485807,'((-32.184391021729) + ((-0.265838086605) * (((((-0.221354350448) * ((-0.292161226273) * x1)) + (((-0.627292752266) * x7) / (0.434294492006 * x6))) * cos((((-0.911434769630) * x0) / ((-1.247975230217) * x5)))) - ((((-0.190507173538) * ((-0.284134984016) * x1)) + (((-1.494243979454) * x7) - (1.361936807632 * x6))) + cos((((-1.041591167450) * x7) - (1.414213538170 * x6)))))))',0.38698574376402745,0.38698580861091614,3179250,california_housing,17,19952,8,32768,paper,6,0,3606691181
3600.1805673465133,'((-40.675182342529) + ((-0.284252554178) * ((sin(cos(((-0.015834709629) * x6))) * (((1.544378280640 * x7) - (0.625499725342 * x0)) + sin(((-1.205777049065) * x5)))) - ((((0.944467067719 * x0) - (0.411201834679 * x5)) / (0.411201834679 * x5)) - (cos((1.563888430595 * x7)) - ((1.533876180649 * x7) / ((-0.636640071869) * x6)))))))',0.426312677462289,0.42631271481513977,4347992,california_housing,19,19952,8,32768,paper,6,0,2148995112
3600.1878703571856,'(55.284317016602 + (1777.153808593750 * (log(sqrt(sqrt((0.712634384632 * x6)))) / (cos(((1.434046745300 * x0) / ((-2.060096979141) * x5))) - ((-0.230066597462) * x7)))))',0.43156161717804403,0.4315614700317383,6286926,california_housing,18,19952,8,32768,paper,6,0,1934392872
3600.2165435925126,'((-28.446527481079) + (0.359482288361 * ((((-0.539896249771) * x6) - (((0.813766419888 * x7) / (0.201064705849 * x6)) + (0.730539858341 * x7))) - (cos(((1.960830211639 * x0) / (2.133720874786 * x5))) - (((2.106224536896 * x0) / (0.971050500870 * x5)) + cos((1.590533494949 * x7)))))))',0.4243263247683698,0.42432624101638794,3845982,california_housing,20,19952,8,32768,paper,6,0,1592565386
3600.176108237356,'((-22.884115219116) + (0.274462342262 * ((cos((((-0.669871687889) * x0) / ((-0.934209227562) * x5))) / sin(log(0.858216285706))) + (((((-1.164928674698) * x7) + ((-1.270621895790) * x6)) + sin(((-1.553496599197) * x7))) + cos((((-1.393068194389) * x7) + ((-1.393068194389) * x6)))))))',0.3896161736708676,0.38961607217788696,6230145,california_housing,23,19952,8,32768,paper,6,0,3356806661
3600.1944155432284,'((-14.637539863586) + (0.001697491272 * (((sin((3.734900474548 * x6)) - cos(((-1.670642495155) * x7))) - (((1.521465420723 * x7) - (0.036005962640 * x1)) - ((-2.361289501190) * x6))) * (((((-0.848650276661) * x0) / ((-0.150978803635) * x5)) + (((-0.756508946419) * x7) - ((-0.150978803635) * x2))) - cos(((-1.231323242188) * x2))))))',0.40355076962664194,0.4035507142543793,5073178,california_housing,21,19952,8,32768,paper,6,0,784044718
3600.2013284377754,'((-28.706140518188) + ((-0.420724362135) * (sin(((((-0.881441473961) * x6) - (0.847760438919 * x7)) + ((2.012064456940 * x0) / (1.964707136154 * x5)))) - (((((-0.817627906799) * x0) / ((-0.504564821720) * x5)) / cos((0.013823504560 * x1))) + (cos(((-1.488092660904) * x6)) + (((-0.870866358280) * x6) - (0.848477125168 * x7)))))))',0.38957729099507316,0.3895772099494934,3396529,california_housing,24,19952,8,32768,paper,6,0,2765379632
3600.259586431086,'(1.656323432922 + (0.908158123493 * ((((((-0.028892889619) * x1) + (exp(sin(cos((cos(((-0.654357790947) * x6)) / sin((((-0.677884578705) * x7) * (((0.619415819645 * x2) / (-1.343509435654)) / (((-1.703544855118) * x2) / 0.973918676376)))))))) * cos((sin(((-0.677884578705) * x7)) ^ 2)))) / ((-1.131521344185) * x5)) - cos((((-0.655703783035) * x0) / ((-0.804034650326) * x5)))) + ((((-0.655703783035) * x0) / ((-1.283250808716) * x5)) - cos((((-0.575045228004) * x6) + ((-0.553462862968) * x7)))))))',0.38534570548147945,0.3853492736816406,3108993,california_housing,22,19952,8,32768,paper,6,0,3980425317
3600.2027804143727,'((-46.618278503418) + ((-1.854501128197) * ((cos(((0.647179841995 * x0) / ((-0.913361430168) * x5))) - (((2.055625915527 * x6) ^ 0.707106769085) / (((-0.968990862370) * x6) / (0.369559019804 * x7)))) - (cos((1.668335795403 * x6)) / (((0.904236078262 * x6) ^ 0.707106769085) ^ (((-0.968990862370) * x6) / (0.369559019804 * x7)))))))',0.40474070340048474,0.4047406017780304,2740255,california_housing,25,19952,8,32768,paper,6,0,1728356533
3600.19553264603,'(4.283377647400 + (1.300719738007 * (((sin((1.604224920273 * x7)) / ((-1.812956929207) * x5)) - cos(((1.414213538170 * x0) / (0.324983268976 * x6)))) - (cos(((0.483987063169 * x6) + (0.467611432076 * x7))) + cos((((-1.623688220978) * x0) / ((-2.038792848587) * x5)))))))',0.38342289026732806,0.3834230899810791,3797477,california_housing,27,19952,8,32768,paper,6,0,2342600226
3600.201396320015,'(1.518339633942 + ((-1.562213540077) * (cos(((((-1.646331429482) * x0) / ((-2.222160816193) * x5)) + ((0.013375205919 * x1) ^ 2))) + (exp(exp(((-1.571477055550) * x3))) + ((1.589128255844 / ((-0.827787578106) * x2)) - (log(exp((((0.013375205919 * x1) + 1.589128255844) ^ (cos((1.858607769012 * x6)) / ((0.013375205919 * x1) - ((-0.827787578106) * x2)))))) - ((-0.110727518797) * x0)))))))',0.45004140294881495,0.4500413239002228,3281464,california_housing,26,19952,8,32768,paper,6,0,3533734220
3600.1820626184344,'((-31.459442138672) + ((-0.209923937917) * (((cos((1.952124834061 * x6)) - ((1.477862000465 * x0) / (0.270990222692 * x5))) + (1.782956004143 * x7)) + (((((-0.516799986362) * x0) / ((-0.888361930847) * x5)) ^ (((-0.515952169895) * x0) / ((-1.557637929916) * x5))) + (cos((2.996962547302 * x7)) + (1.699586510658 * x6))))))',0.4116272225542403,0.41162705421447754,4040495,california_housing,28,19952,8,32768,paper,6,0,1904449481
3600.186261162162,'((-2.161424636841) + ((-1.915290474892) * (cos((sin((0.860481977463 * x7)) * cos((0.838267982006 * x6)))) - (sqrt(((1.071626067162 * x7) / ((-0.303188204765) * x6))) - cos(((0.700680375099 * x0) / ((-0.978679060936) * x5)))))))',0.42412357544656665,0.42412346601486206,3780804,california_housing,29,19952,8,32768,paper,6,0,1934709049
3600.296314612031,'((-34.028984069824) + (1.172469615936 * ((((-0.354383111000) * x7) + ((-0.359669536352) * x6)) + ((((-1.846440672874) * x0) + sin((2.934498786926 * x7))) / ((-2.159255266190) * x5)))))',0.4295628790567819,0.42956268787384033,16947970,california_housing,0,19952,8,65536,paper,4,0,3324115916
3600.222535956651,'((-37.396030426025) + (0.321168482304 * ((((-2.829315423965) * x0) / ((-0.892635047436) * x5)) - ((1.420248866081 * x7) + (1.442653059959 * x6)))))',0.4566639478322464,0.4566636085510254,9584199,california_housing,2,19952,8,65536,paper,4,0,1884968544
3600.3428255207837,'((-30.955871582031) + (0.391587048769 * (((1.772453904152 * x0) / (0.692318260670 * x5)) + (exp(sin(exp(cos(((-0.965502738953) * x7))))) + (((-0.946778357029) * x7) + ((-0.973022818565) * x6))))))',0.4298404882684814,0.42984041571617126,6888804,california_housing,3,19952,8,65536,paper,4,0,1859786275
3600.3236975595355,'(1.085065960884 + (21.578077316284 * (exp(((((-2.023311376572) * x5) / (0.685132861137 * x0)) - (exp(((-0.066188864410) * ((-0.067367985845) * x7))) - ((-0.032990433276) * x6)))) / ((0.924231290817 * x1) ^ (-0.234157264233)))))',0.5198934130575972,0.5198933482170105,7297100,california_housing,4,19952,8,65536,paper,4,0,3687649985
3600.2613869532943,'((-0.122584566474) + (0.373859763145 * (exp(sin(((-1.500248908997) * x7))) + ((1.302241683006 * x0) / (0.455924421549 * x5)))))',0.4979423360327034,0.4979422688484192,17426007,california_housing,5,19952,8,65536,paper,4,0,369133708
3600.3453580103815,'((-37.652462005615) + (0.412732481956 * ((((-0.969850778580) * x0) / ((-0.394706368446) * x5)) - ((1.127075433731 * x6) - ((-1.111800789833) * x7)))))',0.45890520548160385,0.45890480279922485,10165928,california_housing,1,19952,8,65536,paper,4,0,2811363264
3600.2825790010393,'((-37.514038085938) + (0.403572976589 * ((((-1.132674694061) * x7) + ((-1.148010849953) * x6)) - ((4.016608238220 * x0) / ((-1.591229915619) * x5)))))',0.45653173885597376,0.45653170347213745,10146131,california_housing,7,19952,8,65536,paper,4,0,865305066
3600.3632503151894,'((-37.485633850098) + ((-0.363653510809) * (((1.256464600563 * x7) - ((-1.274683594704) * x6)) - ((3.076097965240 * x0) / (1.095928549767 * x5)))))',0.4533114963947524,0.45331114530563354,10197990,california_housing,6,19952,8,65536,paper,4,0,2995172877
3600.2697870209813,'((-37.368762969971) + (1.495127677917 * ((((-0.661072492599) * x0) / ((-0.970585167408) * x5)) + (((-0.304745256901) * x7) + ((-0.309305906296) * x6)))))',0.45684005477994377,0.45684006810188293,18013885,california_housing,8,19952,8,65536,paper,4,0,404488628
3600.385076928884,'(6.723256587982 + ((-6.181862831116) * (((0.061090297997 * x1) + (0.482814371586 * x0)) ^ ((0.481400460005 * x0) / (cos((((-2.938942909241) * x5) + (1.216787934303 * (-0.482767373323)))) + ((-2.938942909241) * x5))))))',0.5180455790811521,0.5180456638336182,5781839,california_housing,10,19952,8,65536,paper,4,0,4190266092
3600.3450053818524,'((-37.524707794189) + (0.394510090351 * ((((-1.158879637718) * x7) + ((-1.174134016037) * x6)) + ((1.443859577179 * x0) / (0.559508025646 * x5)))))',0.45758576169408316,0.4575856029987335,10157291,california_housing,9,19952,8,65536,paper,4,0,2261209995
3600.3723885938525,'((-37.678279876709) + ((-0.459135383368) * (((1.012691259384 * x6) + (0.999647438526 * x7)) - ((1.197428941727 * x0) / (0.539897263050 * x5)))))',0.4547786767558649,0.4547784924507141,10115182,california_housing,11,19952,8,65536,paper,4,0,3160032368
3600.294200863689,'((-37.480285644531) + ((-0.391193091869) * (((1.167937040329 * x7) - ((-1.184638023376) * x6)) - (((-1.149451375008) * x0) / ((-0.442344278097) * x5)))))',0.46007849678565477,0.4600784182548523,10350256,california_housing,12,19952,8,65536,paper,4,0,3269070126
3600.288493320346,'((-37.712779998779) + (0.591921448708 * ((((-0.776371836662) * x7) + ((-0.786952316761) * x6)) + ((1.612281322479 * x0) / (0.939221680164 * x5)))))',0.4584692093769343,0.45846882462501526,10139149,california_housing,13,19952,8,65536,paper,4,0,3081541439
3600.3517057411373,'((-37.538192749023) + (0.159057453275 * ((((-2.875434875488) * x7) - (2.913449048996 * x6)) + (((-2.120615959167) * x0) / ((-0.331787586212) * x5)))))',0.4539807585351729,0.45398077368736267,10333107,california_housing,15,19952,8,65536,paper,4,0,2204291346
3600.317308165133,'((-32.951698303223) + (0.316014856100 * ((((cos(((-1.275116086006) * x7)) + (1.075871944427 * x0)) / sqrt(0.202136933804)) / (0.807695269585 * x5)) - ((1.293056249619 * x6) - ((-1.274378538132) * x7)))))',0.4504100728014981,0.45040997862815857,17808401,california_housing,16,19952,8,65536,paper,4,0,550243861
3600.296132668853,'((-37.623027801514) + (0.777360260487 * (((0.477640807629 * x0) / (0.365914523602 * x5)) + (((-0.597888767719) * x6) + ((-0.589823305607) * x7)))))',0.45906702619903056,0.4590669870376587,10229281,california_housing,14,19952,8,65536,paper,4,0,3376120482
3600.246628165245,'((-37.634952545166) + ((-0.669681489468) * ((((-0.971356689930) * x0) / (0.638391315937 * x5)) + ((0.693621754646 * x6) + (0.684630870819 * x7)))))',0.45752357345151773,0.45752328634262085,10223131,california_housing,19,19952,8,65536,paper,4,0,2148995112
3600.3064103387296,'((-24.983310699463) + ((-0.331209868193) * (((0.946751475334 * x7) - ((-1.015814185143) * x6)) + (cos((1.617718219757 * x7)) - ((1.193036794662 * x0) / (0.395026594400 * x5))))))',0.43511448655542656,0.4351145923137665,8510421,california_housing,17,19952,8,65536,paper,4,0,3606691181
3600.2406624928117,'(0.364030241966 + ((-0.472448319197) * (sin((1.499372124672 * x7)) - (((-2.507828712463) * x0) / ((-1.108653664589) * x5)))))',0.5096005019345199,0.5096004009246826,10852314,california_housing,22,19952,8,65536,paper,4,0,3980425317
3600.2983466014266,'((-38.602603912354) + (0.836283326149 * ((((-0.562274217606) * x7) - (0.569415807724 * x6)) + ((2.211244344711 * x0) / (((0.938084483147 ^ (((-0.122360832989) * x1) * sin((1.442695021629 * x7)))) ^ 2) + (1.503726005554 * x5))))))',0.43879766740970855,0.4387977421283722,7557418,california_housing,18,19952,8,65536,paper,4,0,1934392872
3600.2530640922487,'((-33.455947875977) + ((-0.503162205219) * (((1.463154077530 * x0) / ((-0.737385809422) * x5)) - (((-0.821014642715) * x7) - (sqrt(sqrt(((sin(((-0.769970834255) * x7)) ^ 2) / (0.579104423523 * x3)))) + (0.833886384964 * x6))))))',0.42357725462899093,0.4235774278640747,9702767,california_housing,21,19952,8,65536,paper,4,0,784044718
3600.328742362559,'((-32.505249023438) + (0.273300498724 * (((4.291102886200 * x0) / (1.147778034210 * x5)) - (((1.442695021629 * x6) - exp((cos(((-1.460890293121) * x7)) ^ 2))) - ((-1.428037405014) * x7)))))',0.43496271699665245,0.434962660074234,8095068,california_housing,20,19952,8,65536,paper,4,0,1592565386
3600.25631538406,'(0.354164898396 + (0.482458859682 * (((1.641028523445 * x0) / (0.739361941814 * x5)) - sin(((-1.473215460777) * x7)))))',0.5075146969794438,0.5075144171714783,11150054,california_housing,24,19952,8,65536,paper,4,0,2765379632
3600.2553641721606,'((-37.666557312012) + ((-0.244487851858) * (((1.907305002213 * x6) + (1.878520965576 * x7)) + (((-1.262960553169) * x0) / (0.302851766348 * x5)))))',0.454229001214032,0.4542286694049835,10073358,california_housing,25,19952,8,65536,paper,4,0,1728356533
3600.3601728118956,'(2.253298759460 + ((-1.678571224213) * ((((-1.247962117195) * x0) / (1.899516463280 * x5)) + ((log((exp(sin(((-1.549482703209) * x7))) ^ (0.062254082412 * x1))) - (((-1.530151367188) * x2) / (exp(sin(log((((-0.276417195797) * x7) + (sin(((-1.532906532288) * x2)) + (-0.188606068492)))))) + (((-0.276417195797) * x7) / ((-0.581173360348) * x6))))) / ((-1.530151367188) * x2)))))',0.47117647636268895,0.47117653489112854,5766326,california_housing,26,19952,8,65536,paper,4,0,3533734220
3600.2419051863253,'((-37.474025726318) + ((-1.435416817665) * ((((-1.106227755547) * x0) / (1.563142418861 * x5)) - (((-0.323013484478) * x6) - (0.318309873343 * x7)))))',0.4572298953483937,0.45722973346710205,10133307,california_housing,27,19952,8,65536,paper,4,0,2342600226
3600.2745524793863,'((-37.513328552246) + ((-0.557532250881) * ((((-1.921895980835) * x0) / (1.054682731628 * x5)) + ((0.819657623768 * x7) - ((-0.830153167248) * x6)))))',0.45733447498989693,0.45733416080474854,10235581,california_housing,29,19952,8,65536,paper,4,0,1934709049
3600.2961068339646,'(0.360605567694 + (0.473988294601 * (((0.798743367195 * x0) / (0.353812724352 * x5)) + cos((1.486304759979 * x7)))))',0.507985779370443,0.5079857110977173,18829849,california_housing,28,19952,8,65536,paper,4,0,1904449481
3600.2358565852046,'((-37.645763397217) + ((-0.611605525017) * (((0.993655264378 * x0) / ((-0.597355008125) * x5)) + ((0.750032842159 * x7) + (0.760233283043 * x6)))))',0.4589293565190952,0.4589291512966156,14982396,california_housing,23,19952,8,65536,paper,4,0,3356806661
3600.3488927073777,'((-23.847988128662) + ((-0.264246404171) * ((cos((((-1.336575627327) * x6) + ((-1.092042207718) * x7))) - ((0.024632420391 * x1) + (((-0.565165996552) * x0) / ((-0.164234042168) * x5)))) - ((sin(((-0.525711774826) * x0)) - ((-0.270380973816) * x6)) + ((((-1.336575627327) * x6) + ((-1.092042207718) * x7)) + sin(((-1.616549134254) * x6)))))))',0.3935607492896324,0.3935607075691223,5076432,california_housing,1,19952,8,65536,paper,6,0,2811363264
3600.337203811854,'((-12.965101242065) + (0.407248407602 * (((exp((0.058354284614 * x0)) - sin((1.549687027931 * x7))) * cos(((1.263584494591 * x7) - ((-1.456121206284) * x6)))) + ((((-0.278194844723) * (1.263584494591 * x7)) + ((-0.265383392572) * x6)) - ((((-0.763397216797) * x0) / (0.317035257816 * x5)) - (1.167068839073 / (1.808996319771 * x0)))))))',0.39838378701158733,0.3983836770057678,3605656,california_housing,0,19952,8,65536,paper,6,0,3324115916
3600.3464689068496,'((-30.496093750000) + ((-0.180304691195) * ((sin(((1.414213538170 * x7) - ((-1.751857995987) * x6))) + (sin((0.562220871449 * x0)) + sin(((-1.532015085220) * x6)))) + ((((0.562220871449 * x0) / (2.200512409210 * x5)) * ((0.405270755291 * x7) - ((-0.828854799271) * x6))) + (((1.971545100212 * x7) - ((-1.751857995987) * x6)) + cos((1.772453904152 * x7)))))))',0.395174454304147,0.39517438411712646,3241882,california_housing,3,19952,8,65536,paper,6,0,1859786275
3600.272953223437,'(4.933977127075 + (1.536933779716 * (((sin(((-1.604506373405) * x7)) * (0.051015403122 * x0)) - cos((((-0.440382987261) * x0) / ((-0.585900187492) * x5)))) - (sin((((-0.279682219028) * x6) - (0.260976195335 * x7))) + sin((((-0.288120180368) * x6) - (0.260976195335 * x7)))))))',0.38678728155134445,0.3867872357368469,3029441,california_housing,4,19952,8,65536,paper,6,0,3687649985
3600.352042362094,'(2.776798725128 + (0.776349902153 * ((cos((((-0.879965960979) * x6) - (0.929501473904 * x7))) + (((0.007450408302 * x1) * ((-0.450612068176) * x0)) * cos((1.197028040886 * x7)))) - (cos(((0.659549653530 * x0) / (0.857364594936 * x5))) + cos((((-0.653076112270) * x0) / (0.857364594936 * x5)))))))',0.3921812214758057,0.3921811878681183,3434779,california_housing,5,19952,8,65536,paper,6,0,369133708
3600.2728629373014,'(2.191627264023 + ((-1.301369547844) * ((cos(((1.208328485489 * x0) / ((-1.578648805618) * x5))) - cos(cos(((-0.730089426041) * x7)))) + cos((((0.462278723717 * x6) - ((-0.458108544350) * x7)) + ((0.365625321865 * x0) / ((-1.528950929642) * x5)))))))',0.3874333965632767,0.3874332904815674,3873626,california_housing,6,19952,8,65536,paper,6,0,2995172877
3600.2930764481425,'((-24.599149703979) + (1.776176095009 * (cos(sin(((1.032453298569 * x6) - ((-0.880410909653) * x7)))) + ((((0.759025990963 * x6) - ((-0.846832334995) * x7)) * (-0.197249636054)) - cos((((-1.327399730682) * x0) / ((-1.842394232750) * x5)))))))',0.394103086668351,0.3941030204296112,3988532,california_housing,2,19952,8,65536,paper,6,0,1884968544
3600.336065605283,'((-39.554954528809) + ((-1.452597498894) * ((cos((((-1.573505759239) * x0) / (2.067553520203 * x5))) - cos(sin((0.768882453442 * x7)))) + ((((0.169193774462 * x7) + (0.008149870671 * x1)) / ((0.156057640910 * x6) ^ 0.365734040737)) - (((((((-0.070063248277) * x0) - (0.008149870671 * x1)) ^ 2) - sin(log((0.799819350243 * x2)))) + ((-0.241537123919) * x7)) * ((0.156057640910 * x6) ^ (-0.276335716248)))))))',0.4005672223312992,0.4005672335624695,3236658,california_housing,10,19952,8,65536,paper,6,0,4190266092
3600.303760882467,'((-10.273937225342) + ((-0.026757070795) * (((sin((1.681724071503 * x7)) - (0.399732440710 * x7)) - (((0.558057546616 * x5) ^ ((-0.043758511543) * x1)) * (((-0.346401333809) * x3) + ((-0.043758511543) * x1)))) * (cos(((1.917458653450 * x0) / ((-2.484764575958) * x5))) + (((0.161145716906 * x7) - ((-0.272885888815) * x6)) + ((1.917458653450 * x0) / ((-0.722747087479) * x6)))))))',0.39322233008992147,0.3932223916053772,2979331,california_housing,9,19952,8,65536,paper,6,0,2261209995
3600.313353139907,'((-7.886044025421) + ((-1.806257724762) * ((cos(((1.027245759964 * x0) / (1.414213538170 * x5))) + (sqrt((2.981516122818 * x6)) + (((-0.142140075564) * x7) * (-1.003839373589)))) + cos((sin((0.967449426651 * x6)) * sin((0.780622720718 * x7)))))))',0.39171742638308,0.39171740412712097,4141431,california_housing,8,19952,8,65536,paper,6,0,404488628
3600.2945218272507,'((-21.630018234253) + ((-0.365596383810) * (((sin((0.528933703899 * x0)) + ((0.693147182465 * x7) - ((-0.609175860882) * x6))) + cos((((-1.383581995964) * x7) - (1.604352951050 * x6)))) + (sin(cos(((-1.582937359810) * x6))) + (((3.141592741013 * x0) + (0.079131491482 * x1)) / ((-1.457413434982) * x5))))))',0.37878556995638724,0.3787856101989746,5990989,california_housing,12,19952,8,65536,paper,6,0,3269070126
3600.2854744568467,'((-21.709707260132) + ((-0.214359059930) * ((((((-1.405823588371) * x0) / (0.980610549450 * x5)) - sin(((-1.637437462807) * x6))) / cos(sin(((-0.808089911938) * x7)))) + (((((-1.551914334297) * x0) / (0.707106769085 * x5)) + ((1.268896341324 * x7) - ((-1.334026336670) * x6))) - sin(((1.268896341324 * x7) - ((-1.369202733040) * x6)))))))',0.40222124864418546,0.40222132205963135,3342588,california_housing,7,19952,8,65536,paper,6,0,865305066
3600.3595327958465,'((-17.828838348389) + (0.098088122904 * ((((((-0.116232074797) * x6) - (0.158039599657 * x7)) - sin(((-0.116232074797) * x6))) - cos(((2.050273418427 * x0) / ((-2.695024490356) * x5)))) * ((((0.047143414617 * x1) / ((-2.781491994858) * x5)) * cos((1.765891671181 * x6))) + ((((-0.116232074797) * x6) - (0.158039599657 * x7)) - ((0.809033870697 * x0) / ((-0.523150026798) * x6)))))))',0.39494187200158626,0.39494189620018005,3344207,california_housing,15,19952,8,65536,paper,6,0,2204291346
3600.283637523651,'((-31.434520721436) + ((-0.410319805145) * (((((0.112304195762 * x1) * 0.202074483037) * cos((1.512346982956 * x7))) + (((0.975411593914 * x7) + (1.058754801750 * x6)) - ((0.535420536995 * x0) / (0.271818101406 * x5)))) + sin((((0.975411593914 * x7) + (1.058754801750 * x6)) - ((0.535420536995 * x0) / (0.434294492006 * x5)))))))',0.39158342448766686,0.39158350229263306,3615523,california_housing,14,19952,8,65536,paper,6,0,3376120482
3600.366395533085,'((-60.571662902832) + ((-1.723658680916) * (((((0.446229785681 * x0) / ((-0.621027648449) * x6)) + ((0.447013705969 * x7) + (0.447013705969 * x6))) + (sin(((-1.421501159668) * x7)) / ((0.447013705969 * x7) + (1.684583783150 * x6)))) + (cos(((0.447013705969 * x7) + (0.453647226095 * x6))) + cos(((0.446229785681 * x0) / ((-0.621027648449) * x5)))))))',0.38316841051278827,0.3831682503223419,3707957,california_housing,11,19952,8,65536,paper,6,0,3160032368
3600.3080314025283,'((-24.741832733154) + ((-0.267682522535) * (((sin((0.493416905403 * x0)) - ((1.497351527214 * x0) / (0.502799272537 * x5))) + sin(((2.022449016571 * x6) - ((-1.964893341064) * x7)))) + (((((-0.016532223672) * x1) / (0.355737626553 * x5)) + sin(((-0.985277831554) * x2))) + (((1.155310511589 * x6) - ((-1.147237896919) * x7)) - cos((1.659733772278 * x6)))))))',0.3814691616139978,0.3814692795276642,3377588,california_housing,16,19952,8,65536,paper,6,0,550243861
3600.347717370838,'((-30.501039505005) + (0.589689373970 * (((cos(((-0.835845112801) * x6)) ^ 2) + ((((-0.627292752266) * x7) - (0.609996795654 * x6)) + ((1.620405554771 * x0) / (1.389523267746 * x5)))) - cos(((((-0.627292752266) * x7) - (0.709246695042 * x6)) + ((1.087062597275 * x0) / (1.202409148216 * x5)))))))',0.39293328598937005,0.39293336868286133,3648591,california_housing,17,19952,8,65536,paper,6,0,3606691181
3600.3413217663765,'((-24.869884490967) + ((-0.313734441996) * (sin((((0.698270559311 * x0) / (0.719519376755 * x5)) - ((1.130795717239 * x6) + (1.081663370132 * x7)))) - ((((1.772453904152 * x0) / (0.719519376755 * x5)) - cos((1.671317458153 * x7))) - (((1.130795717239 * x6) + (1.029026508331 * x7)) - sin((0.935664653778 * x2)))))))',0.38129763305452846,0.38129761815071106,3416930,california_housing,13,19952,8,65536,paper,6,0,3081541439
3600.3019726723433,'((-29.821832656860) + ((-0.324677884579) * ((sin(((0.330886691809 * x0) / (0.212509796023 * x5))) + sin(((1.284389138222 * x6) - ((-1.113962531090) * x7)))) - (((((-0.057562123984) * x1) / ((-0.659683108330) * x5)) - (cos((1.324200391769 * x3)) + ((-0.444567769766) * x0))) - (((1.086537003517 * x6) - ((-1.112898826599) * x7)) - ((0.318309873343 * x0) / (0.212509796023 * x5)))))))',0.3906574579087872,0.390657514333725,3372785,california_housing,18,19952,8,65536,paper,6,0,1934392872
3600.295565996319,'((-26.002050399780) + ((-0.382445544004) * (sin(((((-0.875996589661) * x6) - (0.848477125168 * x7)) + ((2.023069381714 * x0) / (2.190135478973 * x5)))) - (((((-0.875996589661) * x6) - (0.848477125168 * x7)) + sin((1.528475046158 * x6))) + ((((-2.186735153198) * x0) / ((-1.513181447983) * x5)) / ((0.697352051735 * x1) ^ (-0.126737043262)))))))',0.3917541641828993,0.39175426959991455,2733022,california_housing,24,19952,8,65536,paper,6,0,2765379632
3600.288644693792,'((-23.215955734253) + ((-0.370593577623) * ((sin((((-0.954633951187) * x6) - (0.831335604191 * x7))) + sin((((-2.155967473984) * x0) / ((-1.405831575394) * x5)))) + (cos((((-0.954633951187) * x6) + (0.707106769085 * x7))) - ((((-1.260610222816) * x0) / ((-0.604116380215) * x5)) + (((-0.772934675217) * x6) - (0.779169678688 * x7)))))))',0.3897442513452713,0.38974443078041077,3570886,california_housing,22,19952,8,65536,paper,6,0,3980425317
3600.2960470356047,'((-15.923284530640) + ((-0.288858503103) * (((((0.434294492006 * x6) + (0.613900840282 * x7)) + sin((1.616194248199 * x6))) - cos((((-0.795467674732) * x6) + ((-0.697722434998) * x7)))) - ((((2.070525646210 * x0) / (0.693147182465 * x5)) - sin((0.519344449043 * x0))) - sin((((-1.459131717682) * x6) + ((-1.247610569000) * x7)))))))',0.39019924226607,0.39019933342933655,3281799,california_housing,20,19952,8,65536,paper,6,0,1592565386
3600.382588163018,'((-36.886634826660) + ((-0.559748232365) * (cos(((((-0.234066918492) * x0) / ((-0.193274512887) * x5)) + (((-0.815607666969) * x6) + ((-0.810916244984) * x7)))) - (((((-1.717225790024) * x0) / ((-1.318470001221) * x5)) + (((-0.815607666969) * x6) + ((-0.810916244984) * x7))) - (cos((1.398175716400 * x6)) * ((0.038934379816 * x1) * 0.456205159426))))))',0.3947592996135287,0.39475929737091064,2739097,california_housing,19,19952,8,65536,paper,6,0,2148995112
3600.2548372782767,'(1.869178175926 + ((-0.861200034618) * (cos(((((-0.383842438459) * x0) / (0.371738582850 * x5)) + cos((0.026978317648 * x1)))) - ((((-0.252744793892) * ((-0.370501071215) * x0)) - ((0.433489501476 * x0) / ((-1.076619029045) * x5))) + sin((((-0.684593379498) * x7) - (0.714967668056 * x6)))))))',0.38731447390611695,0.3873142600059509,3879672,california_housing,25,19952,8,65536,paper,6,0,1728356533
3600.2653715908527,'((-35.048400878906) + ((-0.623112022877) * (((((0.693147182465 * x6) + ((-0.016990264878) * x2)) - ((0.965730369091 * x0) / (1.136680603027 * x5))) - ((((-0.693508327007) * x7) + (0.093635953963 * x0)) - ((0.476166009903 * x1) / ((-1.316019654274) * x6)))) + cos((((0.754403233528 * x0) / (0.707106769085 * x5)) - ((0.142348647118 * x1) ^ (-0.242107808590)))))))',0.4155734852338997,0.4155733585357666,4728718,california_housing,29,19952,8,65536,paper,6,0,1934709049
3600.240378756076,'((-27.607034683228) + ((-0.229208514094) * ((cos(((1.505997538567 * x7) - ((-1.838097453117) * x6))) + (((1.535382390022 * x7) - ((-1.428722620010) * x6)) + cos((1.752672553062 * x6)))) + (cos((((-1.746600866318) * x0) / ((-2.468508958817) * x5))) / 0.124358564615))))',0.38004619589460775,0.38004612922668457,3702982,california_housing,26,19952,8,65536,paper,6,0,3533734220
3600.314052518457,'(0.134220227599 + ((-0.000000000089) * ((0.434294492006 ^ (((0.224850282073 * x0) / (2.002354860306 * x5)) - (((-0.332223594189) * x6) + ((-0.318373382092) * x7)))) * (((((-1.025117635727) * x0) / (0.214002177119 * x5)) - cos(((-1.593117237091) * x7))) - (cos(sin((cos((((-1.593117237091) * x7) + ((-0.318501174450) * x6))) ^ 2))) - cos((1.203500509262 * x2)))))))',0.38161771446456527,0.38150086998939514,2752574,california_housing,21,19952,8,65536,paper,6,0,784044718
3600.2757101655006,'((-26.333965301514) + (1.404657244682 * ((((((-0.620606124401) * x0) / (-3.046183109283)) + (((-0.731760025024) * x6) + ((-0.749467372894) * x7))) * exp((-1.140334367752))) - (cos(((0.693147182465 * x0) / ((-0.931400358677) * x5))) - (cos((1.356072902679 * x7)) * ((0.026704575866 * x1) / ((-1.295177102089) * x5)))))))',0.39599984579954794,0.3959996700286865,6417268,california_housing,23,19952,8,65536,paper,6,0,3356806661
3600.240180388093,'(2.969837427139 + ((-2.215348243713) * cos(((((-0.117378920317) * (1.469962477684 * x6)) * (-1.871887326241)) - (((0.374277800322 * x0) / (0.663017153740 * x5)) + ((-0.308950364590) * x7))))))',0.4146581095917479,0.41465815901756287,8283414,california_housing,27,19952,8,65536,paper,6,0,2342600226
3600.2667028307915,'((-23.995851516724) + (0.561031758785 * ((((((-0.494698822498) * x6) - (0.534531533718 * x7)) + (((-1.515452146530) * x0) / ((-1.174664020538) * x5))) - (sin((0.382728546858 * x5)) - sin(((-0.515952169895) * x0)))) - sin(((((-0.673176288605) * x6) - (0.587592661381 * x7)) + sin(((-1.394976139069) * x7)))))))',0.3841409811840656,0.38414081931114197,3500640,california_housing,28,19952,8,65536,paper,6,0,1904449481
