total_time_seconds,expression,mse,dataset,fold,num_observations,num_features,population_size,operator_set,template_depth,iteration,seed
60.00031020306051,'x4 + x5 + x6 + 4.12382e-10',9.634371078703907e-11,409,0,58,12,128,paper,4,0,3324115916
60.00174328498542,'x4 + x4/(69150.7*5.48976e+9**(cos(x2**2)/2) + 138301.0*x4 + 138301.0*x5 + 69150.7*log(x10**2)) + x5 + x6',8.028643028179516e-11,409,1,58,12,128,paper,4,0,2811363264
60.003041860996746,'x4 + x5 + x6 + 6.04419e-6*cos(x10) + 5.56797e-6*cos(x6/((x10*cos(x10)/(x4*x5) + x5)*cos(x10)))',4.415753526720856e-11,409,2,58,12,128,paper,4,0,1884968544
60.000843077898026,'0.00323617*x0/(cos(sqrt(x2))*cos(x9)) + x1 + x2 + x3 + x4/((exp(x0) + log(x8)**2)*cos(sqrt(x9)))',43.78458786010742,409,3,58,12,128,paper,4,0,1859786275
60.001665772055276,'sqrt(-563.495*x0 - 2*sqrt(3)*x2**(3/2) + x5**2 + (x2 + x3)**2 + 2262.61)',199.80734252929688,409,4,58,12,128,paper,4,0,3687649985
60.00261635193601,'x2 + x3 + x5/(x2/x5 + exp(x2/x5) + exp(sqrt(x5) - x7 + cos(sqrt(x5))) + sin(sin(cos(sqrt(x5)))))',40.22304153442383,409,5,58,12,128,paper,4,0,369133708
60.001856232993305,'x4 + 1.22608e-5*x4/(x1*x7/(x0 + x5 - 115.339) + x4 + x5) + x5 + x6',7.627210668603723e-11,409,6,58,12,128,paper,4,0,2995172877
60.00021871202625,'x2 + x3 + sin(x3) + cos(x1) + cos(x7) + x5**2*exp(cos(x1**2))/(x4*log(x3 + log(x7)**2)**2)',54.111385345458984,409,7,58,12,128,paper,4,0,865305066
60.001725943991914,'x2 + x3 + 0.0269165*x5 + log(x7 + (x5**log(x5))**sin(x5**x0)) + cos(x1) + 2*x5/x4',371.296875,409,8,58,12,128,paper,4,0,404488628
60.000765727018006,'sqrt(6*x5 + (x2 + x3)**2 + 3859.49)',534.70361328125,409,9,58,12,128,paper,4,0,2261209995
60.00049880205188,'x5 + sqrt(x4**2 + x6*(x3 + x4 + log(x9)**2) - 4640.08)',56.47069549560547,409,10,58,12,128,paper,4,0,4190266092
60.00144918402657,'x1 + x2 + x3 + 0.387089*(x2 - 2*x5 + 41.0905)*cos(x0) + 2*sin(x5) + cos(x3)',148.72824096679688,409,11,58,12,128,paper,4,0,3160032368
60.002293532015756,'sqrt(x5**2 + (x2 + 112.412)**2 + (x3 - 56.8013)**2 + 2690.82 - 1.14466e+8/x3**2)',314.7455139160156,409,12,58,12,128,paper,4,0,3269070126
60.0013082009973,'x2 + x3 + sqrt(x5) + 3*cos(x1) + cos(x1**2) + cos(x11) + 3*cos(x3)',455.0597839355469,409,14,58,12,128,paper,4,0,3376120482
60.000695068971254,'x2 + x3 + exp(sqrt(exp(x3**(1/4))**sin(x9)))**sin(exp(sqrt(exp(x2**(1/4))**sin(x9)))**sin(x9) + 0.882271)',103.88760375976562,409,13,58,12,128,paper,4,0,3081541439
60.00126258400269,'145.768**(cos(x11)*cos(x2 + x3 + cos(x10))) + x1 + x2 + x3 + 2*cos(x1) + cos(x1**2) + cos(x5)',156.64356994628906,409,15,58,12,128,paper,4,0,2204291346
60.003312970045954,'sqrt(x10 + x9**cos(sin(log(sqrt(x6))) + 6.09411) + (2*x8 + sqrt(x2**(log(x11)/2)) - 516.595)**(x5/sqrt(x10)))',1113.1549072265625,409,16,58,12,128,paper,4,0,550243861
60.00230004603509,'x4 + x5 + x5/(605.796*x5 - 605.796*x5/sin(528.893*sin(x6)) + 605.796*x8 + 605.796*log(log(x0)) - 320401.601314396/sin(x5)) + x6',6.422914283765735e-11,409,17,58,12,128,paper,4,0,3606691181
60.00250110193156,'sqrt(545.075*x2 + x4**2 + 2*x5**2 - x5 - (0.00283596412394603*x2 + 0.00283596412394603*log(x10)**2)**2*(2*x3 - 435.308)**2)',170.65771484375,409,18,58,12,128,paper,4,0,1934392872
60.00282873294782,'x4 + x5 + x6 + 8.19837e-173*exp(sqrt(x2))',1.00358034382797e-10,409,19,58,12,128,paper,4,0,2148995112
60.00101416406687,'x1 + x2 + x3 + x7/(exp(14.0338184070491*sqrt(1/x10)) + sin(cos(sqrt(x2))) + 8.62024959253355e+83*exp(-x5)) + 2*exp(cos(x1))',37.036041259765625,409,20,58,12,128,paper,4,0,1592565386
60.00205060990993,'x2 + x3 - 13.6564*x3/x6 + 2*cos(x1) + 46.6241*x5**2/x2**2',73.21156311035156,409,21,58,12,128,paper,4,0,784044718
60.0008849799633,'x1 + x2 + x3 + exp(exp(cos(x3/x0))) + exp(cos(x3/x0))/cos(sqrt(x11)) + cos(x1) + cos(x1 + sin(x2))',154.2115020751953,409,22,58,12,128,paper,4,0,3980425317
60.002527339034714,'sqrt(3*x7 - (x4 + 2*x6)*(-x2 - x3 - x5 - sqrt(x6) + x6) + 2*exp(x1) + 581.723388671875)',35.87399673461914,409,23,58,12,128,paper,4,0,3356806661
60.00101650808938,'2*x1 + x2 + x3 + cos(x1**2) - 602.40380859375/x5 + 4*x5/x4',415.3364562988281,409,24,58,12,128,paper,4,0,2765379632
60.00194478989579,'40.0752**sin(2*x2 + 263.032) + x2 + x3 + x5**(sin(x9)/2) + log(cos(x3)**2) + 2*cos(x1)',318.7227783203125,409,25,58,12,128,paper,4,0,1728356533
60.002967638894916,'x2 + x3 + sqrt(-x0**2 + 0.00219845*x2*(-x2 + x5) + x5) - log(cos(log(x5) - 152.051452636719)**2)/sin(sin(sin(sqrt(x4))))',85.33863067626953,409,26,58,12,128,paper,4,0,3533734220
60.00058686803095,'250.153**cos(log(x5)) + x1 + x2 + x3 + sqrt(x5)*sin(x4) + sqrt(x5)*sin(x11 + x2) + 2*cos(x1)',270.9572448730469,409,27,58,12,128,paper,4,0,2342600226
60.00214763707481,'x4 + x5 + x6 + (x4 + x5 + x6)**2/(x11/x5**(3/2) + x4 + x5 + 246.961)**4',7.627210668603723e-11,409,28,58,12,128,paper,4,0,1904449481
60.00099689105991,'277.211**((cos(log(sqrt(142.978*x2 + 38993.7)))*cos(cos(cos(exp(exp(cos(x1)))))**x7))**(x2**2/x5**2)) + x2 + x3',30.96163558959961,409,29,58,12,128,paper,4,0,1934709049
60.000099536031485,'sqrt(x10 - x10*log(x10)/x6 - 3*x10*log(x10**2)/x6 - 8.439453125*x10/x5 - x10*log(x10)/x3 - x4**2 - 0.00903773*x5*(-x4**2 - 5982.80395507813)*log(x6) + 4*x5 + 82.6657*x6 + 4*x7 + 3*sqrt(x8) + 0.118491*x9 + 10102.9 + x5**2/x0)',167.6044921875,409,0,58,12,128,paper,6,0,3324115916
60.00036297098268,'x0**2*sin(sin(sin(sin(sin(sin(sin(x0**2)))))))/(sin(0.696098*sin(4*log(x3)**2)) - 0.978295)**2 + x2 + x3 + exp(cos(x7)) + log((x0**8*cos(x11)**32/(sin((x0**2*sin(x0**2)/(sin(0.691536*sin(log(x3**2)**2)) - 0.973397)**2 + x2)/(cos(sin(sin(x0**2))) - 0.714896)**2) + cos(x0**2))**8 + x7**2)*exp(8*cos(x1))/(sin(4*log(x3)**2) - 0.973397)**2 + exp(cos(x8)))',150.82254028320312,409,1,58,12,128,paper,6,0,2811363264
60.00258914893493,'x2 - (cos(cos(x2*sin(cos(x3) - 263.917)))/log(x10*x9**2))**cos(sqrt(x3)) + exp(x3/(25.7579*x1 - 0.991295)) + exp(sin(x6) + sin(x9) + cos(x7) + 2*cos(log(x5))) + exp(2*sin(x9) + sin(x2 - x7) + cos(x2 - x9) + cos(log(x5))) + log(cos(log(x3))**2) - sin(x8) - sin(x9) + cos(x1) + 3*cos(x1**2) + cos(sqrt(x3)) + cos(x3) + cos(x5) - cos(sqrt(x7)) - cos(sqrt(x9)) + 128.789',87.78905487060547,409,2,58,12,128,paper,6,0,1884968544
60.00250350206625,'(x10**2/cos(cos(log(sqrt(x9))))**2 - sqrt(7.87471e+6*x10**2 - 4.60543*x10**2/cos(sqrt(x8))**2 - (1.82779*x10 + 1101.35)**2/cos(log(x3))**2 - (x10 + 602.554)**2/(103.048**(2*cos(164.911163330078/cos(log(x3**4))))*cos(x10/cos(x4))**2))/cos(sqrt(1.51936*x10**2 - sqrt(3.93735e+6*x10**2 - 1.86284*x8**2/cos(0.0182823*x10)**2)/cos(103.048**cos(x10)))))**(1/4)',1346.11474609375,409,3,58,12,128,paper,6,0,1859786275
60.00056062696967,'0.147768*x1 + x4 + x5 + x6 + sin(x6) + sin(0.147768*x1 + 318.013) + sin(x6 + cos(x6) + 3.14412) + cos(sin(x6)) - 0.190185 + cos(0.350047*x1*sin(x6 + (4*x1 + exp(exp(cos(x6))) + 2*cos(x10) + 2*cos(x4) - 24.4893)*exp(-x1))*sin(x6 + cos(x6)))**2/(-sin(0.006034*exp(x1)*sin(2*x6 + exp(cos(x6)))) + cos(x1) + 2.36889)**2',0.007943028584122658,409,4,58,12,128,paper,6,0,3687649985
60.00216516992077,'x1 + x2 + x3 + log(cos(x0)**4) + log(cos(x10)**2) + log(cos(x11)**4) + log(cos(x2**2)**2) + 2*log(cos(x6)**2) + 3*sin(x6) + sin(x9) + 2*cos(x1) + 5*cos(x1**2) + 2*cos(x11) + cos(x9) + 2*cos(x5/x4) - 0.999782 + 6*x5/x4 + x5/sqrt(x2)',217.16668701171875,409,5,58,12,128,paper,6,0,369133708
60.0020337869646,'x2 + 0.00220881*x3**2 - log((-2*x4**2 + 2*x5**2 + x5 + 6431.32681274414)**(519.174560546875/(2*x1 - x2 + log((506.12*x1**2*(506.120025634766 + 530.58837890625/x4))**((x2 + 193.891)/(cos(428.536*x2 + 90623.5) + 89.2925))) + log(sin((x2 - x5 + 152.827)**(604.14453125/(x0 - x2 - 95.866))/x2))))) - sin(sqrt(x3) - 384.496) + 89.7915',249.36827087402344,409,6,58,12,128,paper,6,0,2995172877
60.0027598310262,'x2 + 1.02553*x3 + 504.244750976563*sqrt(x5)*x7**(1/4)*cos(x7**(1/4))/(sqrt(x7 + exp(x1)) - 478.81) - sqrt(x7)*cos(0.00579054*x10*x7**(1/4)/((sqrt(x7 + 167.14) - 478.81)*sin(x5))) - sqrt(x7)*cos(0.637170536715576*x7**(1/4)*exp(x1)/(sin(x5)*cos(sqrt(x5)))) + 504.244750976563*sqrt(x7)*cos(sqrt(x5))/(x5 + sqrt(x7 + 2*exp(x1)) - 377.42) + 475.968627929688*sqrt(x7)*cos((x6 + 89.7665)**2/(x10/x9)**(0.00579054094851017*cos(x7**(1/4))))/(x5 - 475.969)',27.729698181152344,409,7,58,12,128,paper,6,0,865305066
60.00246684299782,'sqrt(x10 + x3/cos(x4) + 2*x4**2 + x5**2 + x6*log(x11) + 18*x6 + x6/cos((x4 + x9 + 609.695)/(x11 - 554.224)) + 2*sqrt(exp(x9**(1/4))) - 9755.12 + 409.765258789063/cos((sqrt(x8) + 409.765)/log(x5*x8)))',966.61572265625,409,8,58,12,128,paper,6,0,404488628
60.002492288011126,'1.32168*x2 - exp(x2/x3) - exp(x2/x5) - 6*sin(sqrt(x2)) - 9*sin(x5**2) - 3*sin(sqrt(x8)) + 74.0947 + 1218.21594238281/x2',706.96875,409,9,58,12,128,paper,6,0,2261209995
60.001500454964116,'0.010141*x4*exp(exp(cos(x11**2))) + 0.845934*x4 + x5 + x6 + 0.0269203',9.59942044573836e-05,409,11,58,12,128,paper,6,0,3160032368
60.000370544963516,'sqrt(x3**(sqrt(log(4*sin(x1) + 587.978))))*exp(exp(cos(log(552.51**(x2**(1/8))))*cos(sqrt(log(x2))))*cos(log(-3*x2 + x5 - sqrt(4.07153**(sqrt(x4))) + sqrt(x3**(sqrt(log(x3**(sqrt(log(-3*x5 + cos(x11) + 867.623))))))) + sqrt((307.266357421875 - x5)**(sqrt(log(-8*x2 + x5 - 2*x6 + sqrt(388.225*x5 - 388.225*log(560.147**(x5**(1/4)))) + 3472.20654296875)))))))',200.70071411132812,409,10,58,12,128,paper,6,0,4190266092
60.00110643892549,'sqrt(sqrt(2)*x4*sqrt(x5*x6) + x4*sqrt(x4**2 + x4*sqrt(x5**2 + 2*x6**2) + x5*x6 + x7 - 1707.16) + x5**2 + 2*x5*x6 + 2*x6 + (sqrt(x4*sqrt(x5**2 + x5*x6 + x6**2) + x6**2) - log(x5))**2 + sqrt(x2**2 + x5**2 + 10*x6**2 + x6*x7) + 528.296)',0.09985887259244919,409,12,58,12,128,paper,6,0,3269070126
60.002334726043046,'x2 + x3 + (sqrt((13.3174/(((595.787*x7 + 595.787*log(x0))**sin(sqrt(x11)) + Abs(x8)**(8*sin(475.19873046875*sin(x2*sqrt(x5)/x3)/x2)))**sin(sqrt(x2)) + (Abs(x11)**(2*log(cos(sin(x5)))))**sin(log(x5**2)) + 20.5618))**sin(log(x2)))/(sin(x3/sqrt(x2)) + sin(sin(sin(sin(sin(sin(sin(sin(sin(sin(sin(sin(sin(sin(sin(sin(sin(Abs(x11)**(2*log(cos(sin(x5)))))))))))))))))))))**sin(log(x5**2)) + (x6/x2)**(-sin(0.00863587*x11))))**sin(log(x5**2)) + (x3/(x5*sqrt(x6)))**(-sin(356.149017333984/sqrt(x2)))',36.7320671081543,409,13,58,12,128,paper,6,0,3081541439
60.0017996809911,'x2 + x3 + exp((sin(sin(x6 + sin(x10) - 138.959)) + cos(cos(x2 - 222.733)))**2) + exp(sin(x5) + sin(x1 + x6) + sin(sin(x4) + sin(x10 + 461.383) + sin(x6 + sin(x8 - 550.069)) + cos(x3) + 513.625) + sin(sin(x2))) + exp(sin(x2) + sin(x6 + cos(x10)) + sin(x0 + x10 + x2) + sin(x6 + sin(x6 - 550.069) - 584.879) + sin(sin(x5))) + sin(x7) + sin(x2 + 361.17) + sin(x8 - 550.069) + sin(x2 + x7 - 550.069) + sin(x2 + x8 - 222.551) + sin(log(x2)**2) + 2*cos(x1) + cos(x3)',32.861026763916016,409,14,58,12,128,paper,6,0,3376120482
60.00154795695562,'x2 + x3 + exp(2*sin(x9) + 2*cos(x11)) + exp(2*sin(x3/cos(x2 + sin(x2))**2 + sin(x0))) + exp(2*sin(2*x2 + sin(exp(x1**2)) + sin(exp(2*sin(x2) + 2*cos(x1**2))))) + exp(2*sin(2*x2 + sin(sin(sin(sin(x4**2)))) - 0.421866)) + exp(2*sin(2*x2 + sin(sin(x1)) + sin(cos(x11)) - 453.295)) + sin(x2) + 2*sin(x4) + cos(x1) + 5*cos(x1**2) + cos(x2**2) + cos(x3) - 1.99992',191.57554626464844,409,15,58,12,128,paper,6,0,2204291346
60.001754545024596,'435.956*x6/(2.45794e-7*x6**4*sqrt(x10**3/(x5**2*(x10 + 7.6332788759419e-14*x2**2*sqrt(x10**3*x4*(x3/cos(x8**2*(-x3 + x5)**2) + x5**2/Abs(x2))**2*(log(0.00189879*x0**5*x2**2*x5**16*x9*(0.00162939*x9 - 1.0)*(x9 - 613.726)/(x4**6*(x11 - 450.735)*(-x3 + x5)**2)) - 157.207)**4))**2)) + 164.621)',729.8023681640625,409,16,58,12,128,paper,6,0,550243861
60.00050394190475,'x2 + x3 + exp(cos(x11)) + log(x5) + log(sin(sin(sin(sqrt(x4))**2)))**2 + 2*sin(x5) + 2*sin(x9) + cos(x1) + 3*cos(x1**2) + cos(x2**2) + 2*cos(x6**2) + cos(x11 + x3) + cos(2*x11 + x3) + 2*cos(x3 + sin(x2)) + cos(x1 + x11 + x2) + 2*cos(x1 + cos(x2) + cos(x3)) + 5*cos(log(x5))',154.17958068847656,409,17,58,12,128,paper,6,0,3606691181
60.00105353293475,'sqrt(4*x4**2 + 2*x5**2 + x6*(x5 + 522.732) - 30582.8)',99.81266784667969,409,18,58,12,128,paper,6,0,1934392872
60.00007115397602,'x2 + x3 + sqrt(x5*(3*x5 + 1163.5)*(x7 + sin(x0) - 194.376 + x5*(x5 + 501.748)/x2)/(x2**2*log(x11))) + cos(x11 + cos(sqrt(2)*sqrt(x3))) - 0.999999*(x3 + x7 + 341.196)/x2 + 501.748*cos(x2 + x3 + cos(x3) + exp(-cos(x9)**2)*cos(x2 + x3) + 1187.64174722253*cos(x3 + cos(x3))/x3)/x2 + 0.0187148610892177*x5**2*(2*x7 + 1066.33)*cos(x1 + cos(x3))/x2**2',17.5439395904541,409,19,58,12,128,paper,6,0,2148995112
60.000191889936104,'sqrt(x10 + x11**sin(x6 + 312.971) + x2*log(sin(sin(x0))**32) + x2*log(Abs(x5)**(2*log(sin(sin(x4**2))**4))) + x2*log(Abs(x5)**(2*log(sin(sin(sin(x4**2)))**4))) + x4**2 + x4**(sin(x2)**4)*(587.698**sin(x10 + x6) + sqrt(x11)) + x5**2 + x5**(2*sin(x2)) + x6**(2*sin(x2)) + (2*x6 + 345.574)*log(x9) + exp(sqrt(x4)) + 494.884*log(sin(x9)**16) + 345.574*log(sin(log(x11))**16) + Abs(x6)**(2*sin(log(x9))**2))',657.930908203125,409,20,58,12,128,paper,6,0,1592565386
60.002358528086916,'x2 + x3 + (0.00964077*x5 - 0.796601)/sin(x3 + log(x8)) + sin(x0) + sin(x5 + sin(exp(x1))) + 7*cos(x1) + cos(x2) + 2*cos(x5) + (sqrt(exp(sqrt(x5 + sqrt(x7)))) + 236.117)/x2 + (2*x5 + 2*sqrt(exp(sqrt(x5 + exp(x1/2)))) + 103.726)/x2 + (3*x5 - 165.257 + (x5 - 165.257)/x0)/(x2*sin(sin(sin(sin(sin(x3 + log(x3) + 372.715))))))',18.158493041992188,409,21,58,12,128,paper,6,0,784044718
60.00170697097201,'x2 + x3 + x7**(1/4) + sin(x5) + 5*cos(x1**2) + 2*cos(x11) + cos(0.0270742*x5) + 2*cos(0.155807*x5) + 6*cos(x5/x4) - 7.2832 + 9*x5/x4',245.71087646484375,409,22,58,12,128,paper,6,0,3980425317
60.000418226001784,'x2 + x3 + log(2114.4**sin(x2 + log(x3**2)) + (x1**(sqrt(x2)) + 2*x9**2)**sin(2*x2 + sin(x2 + x9**sin(x2 + x3) + (3*x2)**sin(2*x2 + x9**sin(2*x2)) + log(x9 + (x8**sin(x2 - 172.629))**sin(x2 - 172.629)) + sin(sin(x2 + x3)) + 0.797126)) + log(599.641**sin(x10 + x2 + x3 - 145.457) + x0 + (x1**24.4876)**sin(x2 + 2*x3)) + sin(x3 + log(x3**2) + sin(x10 + 2*x2)))',47.230464935302734,409,23,58,12,128,paper,6,0,3356806661
60.00221105199307,'sqrt(x10 + x9 - sqrt(Abs(1223.99*x10 - 1223.99*x5**2 - 611.996*x8 + 611.996*x9 + 749079.048841536) - 375149.0) - sqrt(5.1382**x0*(-x2**2 - x5**2 - x8 + 6*x9 - 27760.1326293945) - 2*x10 + Abs(1223.99*x10 - 1223.99*x5**2 - 611.996*x8 + 611.996*x9 + 749079.048841536) - 375759.144165039) - sqrt(Abs(-611.996*x10 + 611.996*x5**2 + 611.996*x6**2 + 611.996*x8 - 1835.99*x9 + 546572.0)))',1288.635009765625,409,24,58,12,128,paper,6,0,2765379632
60.00217154796701,'sqrt(x10 + sqrt(x11*cos(0.977415*x11) + (x5 + 0.803687)*sqrt(0.803687*x10 - 0.99998*x11 + x5*sqrt(0.803687*x10*x6 + 137641.0*x5**2*exp(2*cos(137641.0*exp(cos(cos(0.00269541*x10)))))*exp(2*cos(371.001*exp(cos(cos(x8))))) + (0.00703034*x10*x6**2 + x10)*cos(x5) + 1.49707e+6) - 1231.36) - 615.678)*Abs(x4) - 1847.03)',1520.3189697265625,409,25,58,12,128,paper,6,0,1728356533
60.00244588998612,'sqrt(x10 + x4*Abs(x5) + x5**2 + x6**2 + 0.182818*x9 - sqrt(-286571.0*x1**2 + 2425.93*x10 - 0.00290235*x11**2 - 614.987*x11 - 580.971*x9 - 1.20623e+7) - sqrt(8609.82*x10 - 614.987*x11 - 1844.96*x8 - 0.0035911*x9**2 - 1844.96*x9 - 1510216.12160008) + 512.163)',570.84326171875,409,26,58,12,128,paper,6,0,3533734220
60.000490093021654,'x2 + x3 + log(x7**x1/log(exp(cos(x5 + exp(cos(cos(exp(cos(x5))))) + cos(exp(cos((-223.335*x10 - 558.4928855896)/log(exp(cos(x5 + exp(exp(cos(log(cos(sin(484.756*x1)**2))))) + 0.760685)) + cos(cos(exp(exp(cos(x5/log(x5*exp(x5))))))))))))) + cos(cos(exp(cos(exp(cos(exp(cos(exp(cos(exp(cos(x5))))))))))))) + cos(cos(cos(exp(exp(cos(x5))))/log(exp(-x7 + exp(0.599806*exp(cos(exp(cos(exp(cos(x5)))))) + cos(x7**x1))) + 0.988775))) + 0.418635)',417.83624267578125,409,27,58,12,128,paper,6,0,2342600226
60.00233530404512,'x2 + x3 + sqrt(x5) + 2*x7**(1/4) + 5*cos(x1**2) + 2*cos(x1 + cos(x3 + 314.858)) + cos(x1 + cos(x3 + sqrt(x7))) + cos(x1 + cos(2*x3 + sqrt(x7))) + cos(x3 + cos(x1)) + cos(x2 + sqrt(x3) + x3 + sqrt(x7) + cos(cos(x0))) + cos(x2 + sqrt(x3) + x3 + cos(x9**2) + cos(x2 + sqrt(x3) + x3)) + 2*cos(log(x1*x5**2))',365.9073181152344,409,28,58,12,128,paper,6,0,1904449481
60.001724845031276,'2*x1 + x2 + 17*sqrt(x3) + 6*sqrt(x5) + sin(x0) + sin(sqrt(x5)) + sin(exp(x0)) - 124.155',380.9101257324219,409,29,58,12,128,paper,6,0,1934709049
60.00116449210327,'sqrt((x2 + x3)**2 + (x4 - 0.00026113*x7**2*exp(2*sin(sin(x8))))**2 + sqrt(x5**2 + x7**(2*exp(sin(x5)))) + 577.775)',100.66123962402344,409,0,58,12,256,paper,4,0,3324115916
60.00228640506975,'sqrt(x2*(x2 + 248.517) + x3**2*sin(x4)**2*cos(x7 + cos(x0)) + x5**2*cos(x2) + x5**2 + 2955.06)',353.2848815917969,409,2,58,12,256,paper,4,0,1884968544
60.00089167710394,'x2 - log(2.49942412258573e+136/x3**64) - log(1.58095671116755e+68/x5**32) - sin(sqrt(x2)) - cos(x10) + 147.24',466.4056396484375,409,1,58,12,256,paper,4,0,2811363264
60.00256174406968,'x2 + x3/log(sqrt(x2)) + x5/log(sqrt(x2)) + sqrt(x6) + exp(exp(cos(x1**2))) + 144.008697509766 - 144.008697509766/log(x3**(1/4))',263.5294189453125,409,3,58,12,256,paper,4,0,1859786275
60.000482496107,'sqrt(x10) + 0.00205700195480471*x4*(x5 + sqrt(x9)) + log(sqrt(x10))**2*cos(sqrt(x10))*cos(452.862*x10)*cos(x10**(3/2))',1554.1697998046875,409,4,58,12,256,paper,4,0,3687649985
60.001838420983404,'x1 + 1.0051*x2 + x3 + 0.00509638*exp(x1) - sin(sqrt(x3)) + cos(x8 + sin(x7)) + cos(exp(x1))/cos(x9)',85.37452697753906,409,5,58,12,256,paper,4,0,369133708
60.00064000603743,'x2 + x3 + 2*cos(x1) + 3*cos(x1**2) + 2*x5**2/x4**2',239.40597534179688,409,6,58,12,256,paper,4,0,2995172877
60.001871164073236,'x2 + x3 + 3*cos(x1**2) + 2*x5**2/x4**2 + x5**4/x3**4',207.6207275390625,409,7,58,12,256,paper,4,0,865305066
60.00028968392871,'0.456771*(sqrt(x4)*(x10 + 2*x5**2 + x6*sqrt(x9*log(x6)) + x6 + 1220.4)**2)**(1/4)',495.1684265136719,409,8,58,12,256,paper,4,0,404488628
60.00103447702713,'x4 + x5 + x6 - sin(sin(9.57672*x9))/(-9.57672*x5*x9/(190.835*cos(213.5029296875/x1) - 9.57672119140625) + 9.57672*x9)',8.028643028179516e-11,409,9,58,12,256,paper,4,0,2261209995
60.00010142009705,'sqrt(x2**2 + x3**2 + 320.072*x5 + x6**2 - 5402.28)',208.81655883789062,409,10,58,12,256,paper,4,0,4190266092
60.00235222897027,'x4 + x5 + x6 + 1/(3*(-x11*x4*sin(x5 + x6) + 2*x4 + 2*x5))',8.028643028179516e-11,409,11,58,12,256,paper,4,0,3160032368
60.00084602506831,'x2 + x3 + 4*x5**2*(6*x5 + exp(x1))**2/x10**2',96.85206604003906,409,12,58,12,256,paper,4,0,3269070126
60.002677178010345,'x2 + x3 - sin(sqrt(x2)) - 2*sin(sqrt(x8)) - cos(sqrt(x5)) - 2*cos(x6) + 8.60694',505.8995666503906,409,13,58,12,256,paper,4,0,3081541439
60.000466117984615,'x4 + x5 + x6 + 0.000659364*x5/(x4**2*x6*sin(x2 + 10.4999))',6.824346643341528e-11,409,14,58,12,256,paper,4,0,3376120482
60.001864172983915,'(x1 + x2 + x3)*exp((sqrt(x2) + x5)**4*exp(-4*x3**2/x6**2)/(x2 + log(x7) + cos(39.1183**sin(sqrt(x4))))**4)',43.91695022583008,409,15,58,12,256,paper,4,0,2204291346
60.002314059995115,'2*x1 + x2 + x3 + exp(exp(sqrt(x5/log(x2**2)**2))) + log(x1**4/x10**2) + sin(x0) + cos(x1)',79.30086517333984,409,16,58,12,256,paper,4,0,550243861
60.00164214998949,'x2 + x3 + exp(x5**2/x2**2) + exp(x5**2/x3**2) - sin(sqrt(x2)) - 2*cos(x0) - 2*cos(x6)',74.36016845703125,409,17,58,12,256,paper,4,0,3606691181
60.00224891502876,'2*x1 + x2 + x3 + sqrt(x5) + 2.49589e-10*x5**4/cos(x1)**4 + cos(x1) - 11.4084 + x5**4/x2**4',48.88331604003906,409,18,58,12,256,paper,4,0,1934392872
60.00358572998084,'x1**2*x5**2*sin(cos(x11))**2/x2**2 + x1**2*x5**2/x2**2 + x1*cos(log(x4)) + x2 + x3 + sin(x1)',24.485013961791992,409,19,58,12,256,paper,4,0,2148995112
60.00110583100468,'x2 + x3 + (x4 + 6.42731e-5*x5**4/log(0.000138297*x7)**2 + x5**2/log(x4)**2 + exp(x1) - 77.8353)/x2',68.09906005859375,409,20,58,12,256,paper,4,0,1592565386
60.0012237719493,'x1 + x2 + x3 + ((x1**2 + x7 + exp(2*sin(x3)) + 2*sin(x6) - 0.9998)**(cos(x0)**2))**cos(x11)',46.41641616821289,409,21,58,12,256,paper,4,0,784044718
60.00235327205155,'x4 + x5 + x6 + x7/(x4*(x8 + 542.86 + (x4 + x5 - 199.061*(x4 - 199.061)**2)/x0))',6.824346643341528e-11,409,22,58,12,256,paper,4,0,3980425317
60.000367255997844,'(x3*sqrt(x2**x1) + 3*x5**4 + (x2 + x3)**4 + 5.84693e+7)**(1/4)',66.74124145507812,409,23,58,12,256,paper,4,0,3356806661
60.002586926100776,'(log(x6) + sin(log(x2)))**2*log(x4**2 + 2*x5**2 - 0.0383484*x8)/cos(cos(315.851013183594/(x4 - cos(x5))**2))',319.89532470703125,409,24,58,12,256,paper,4,0,2765379632
60.002059743972495,'sqrt(x4**2/cos(sin(x2)) + (x2 + x3)*(x5 + x6) + (sqrt(x7)/cos(x1) + 97.2662)*(x4 + x5 - 611.959350585938/x4))',73.90373992919922,409,25,58,12,256,paper,4,0,1728356533
60.000799956033006,'x2 - exp(exp(cos(exp(-80.706*cos(x9))))) - exp(exp(cos(sin(x2)))) - cos(x10) + 35.4977*cos(sqrt(x3)) - cos(sqrt(x9)) + 158.4',638.5481567382812,409,26,58,12,256,paper,4,0,3533734220
60.00244338600896,'x2 + x3 - (-cos(x1) + cos(cos(x9)**2))**4 - log(cos(sqrt(x2))**8) - log(cos(x9)**8) + cos(x11)',278.83258056640625,409,27,58,12,256,paper,4,0,2342600226
60.0024884599261,'2*x1 + x2 + x3 + exp(2*cos(x11)) + sin(x4) + 2*sin(x5) + sin(exp(x0)) + 2*cos(x3)',468.8365783691406,409,28,58,12,256,paper,4,0,1904449481
60.002076857956126,'sqrt(x2**2 + 2*x4**2 + x5**2 + 508.739*x6 - 27920.8)',285.5032653808594,409,29,58,12,256,paper,4,0,1934709049
60.00100383302197,'6.06587**(cos(x1 + x11 + x2) + cos(log(x5))) + 6.40014**(cos(x2**2 + cos(log(x5))**2) + cos(log(x5))) + x1**(cos(x3) + cos(x11 + 2*x2 - 266.539)) + x2 + x3 + log(x5)**(cos(x11) + cos(x3 - sin(x10))) + log(x5)**(cos(x1 + x2) + cos(x3 + cos(x1))) + log(x5)**(cos(x1 + x2) + cos(x11 + x2 + 601.931)) + sin(x10) + 6*cos(x1) + cos(x1**2) + cos(x5) - 2.99995',32.499088287353516,409,0,58,12,256,paper,6,0,3324115916
60.000074148061685,'x2 + x3 + exp(x5**2/x3**2) + exp(exp(sin(cos(x2**2) + cos(x2/x5)))) + sin(x10) + cos(62.9424**x1) + 3*cos(x1) + 4*cos(x1**2) + cos(x11) + cos(0.0597189*x5) + 2*cos(x5) + cos(2*x6) + cos(x5/x4) + 2*cos(x0 + x10) + cos(2*x2 + 161.471) + 3*cos(x10 + x6 + 331.357) - 1.99037 + x5**2/x4**2',35.24763870239258,409,1,58,12,256,paper,6,0,2811363264
60.002773132990114,'x4 + x5 + x6 + sin(3.61839e-6*x6/log(x5**2/sin(log(x10) + log(x5**2*log(x5**2/sin(x4 + log(x10))**4)**2)**2)**4)**2) + sin(7.58028e-5*(x4 + log(x10))**4*(-114.857*x5**2/(sin(log(x10) + log(x5**2*log(x5**2/sin(x4 + log(x10))**4)**2)**2)**4*sin(x10 + x4 + x6)**4) + x6)/((-525.706*x4 - 525.706*sin(x10 + x4 + 3*x4/(x4 + sin(x5 + sin(9.92464e-16*x4)))**2))**4*log(x10)**4))',4.8171855393519536e-11,409,2,58,12,256,paper,6,0,1884968544
60.002803798997775,'x2 + x3 + 0.0409517*x5*sin(x11 + x2) + (0.0266907*x5*sin(x9) + sin(x4))**2 + (x7**(1/4) + sin(x5) + cos(x1**2))**2 + log(0.00167704*x5) + sin(x0) + sin(2*x2) + sin(x7**(1/4)) + sin(x2 + x5) + 6*cos(x1) + cos(x3) + cos(x8) + x5*sin(x5)/x4 + 3*x5*cos(x11)/x4 + x5*cos(x2**2)/x4 + x5**2*sin(x4)**2/x4**2',19.721168518066406,409,4,58,12,256,paper,6,0,3687649985
60.000473028980196,'1.51685*x2/(cos(223.731**(-0.00129748*x2**2*cos(sin(214.788**(0.00271358*x2*cos(x2)*cos(exp(sin(x1))/sqrt(x2/x3))*cos(5.00111073158986e-8*x1*x2*x8**sin(x2)/cos(0.004987*x2) - exp(sin(sin(x1))))*cos(sin(x2**2)**2))))/x6))*cos(x8**sin(x0**2)/x8)*cos((21.5532*x2/(sqrt(x4)*x5*cos(sin(x2**2/x5**2)**2)))**(-0.658795*x2**2*exp(sin(log(x2)))/(x3*x5))))',164.5455780029297,409,3,58,12,256,paper,6,0,1859786275
60.0028094049776,'x1 + x2 + x3 + (cos(x3)**2 + cos(x3))**2 + exp(sin(x2)**2 + sin(x1 + x2 + log(390.567*x2) + sin(cos(x11)**4)**2 + 2*cos(x11)) + cos(x11) + cos(x3) + cos(x1 + x2 + log(382.078*x2) + sin(x2)**2 + cos(x11) + cos(x3**2)**2) + cos(x1 + x2 + sin(x4) + cos(x11)**8 + cos(x11)**4 + 3*cos(x11))) + 3*cos(x1) + cos(x5) + 2*cos(360.649*x5) + cos(379.928*x5) + cos(x8)',18.415956497192383,409,5,58,12,256,paper,6,0,369133708
60.00031533790752,'x1 + x2 + x3 + exp(cos(363.219*x1) + cos(269.164*x1*x2) + cos(x2**2*exp(x1)) + cos(x3 + cos(401.367*cos(x1)))) + exp(cos(x1**2) + cos(x2**2) + cos(180.972*x4**2) + cos(x1 + x2)) + exp(cos(x11) + cos(180.972*x11) + cos(x2**2) + cos(log(x5))) + exp(cos(x11) + cos(328.299*x2) + cos(x3) + cos(x2 + x3)) + cos(x1) + cos(482.968*x2) + cos(231903.0*x2) + cos(x1*x2 + x3) - 4.0',14.338824272155762,409,7,58,12,256,paper,6,0,865305066
60.0026799159823,'x1 + x2 + x3 + sqrt(x5) + 2*x7**(1/4) + 4*sin(x5) + sin(x9) + sin(exp(x0)) + 4*cos(2*x0) + 6*cos(x1**2) + 5*cos(x11) + cos(x2**2) + 4*cos(x3) + cos(91.0167*x5) + 2*cos(log(x5)) - 3.99963',311.5028076171875,409,8,58,12,256,paper,6,0,404488628
60.00080087699462,'(x4 + x5 + x6 + x9 + sin(x11**2) - (-x2 - x3 + x4)**2/x5**(2*log(x11**(-(220.259*sqrt(x1*x6))**x8 - exp(2*x6))*x4 + exp(sin(x4 + x5 + cos(x5 - 514.511) + (x4 - 2*x6)**2/x5**(2*log(x4**(-5.24322) + exp(sin(2*x4 + x5 + cos(x5 - 514.511) - 54.0863) + cos(sin(x11**2)))))) + cos(sin((sqrt(x6) + (x7**2 - 99.0025)**2)**2))))))/x4**6.24322 + x4 + x5 + x6',6.021481924189942e-11,409,6,58,12,256,paper,6,0,2995172877
60.00086258596275,'sqrt(-2.53344**log(x10 - x4**2 - x6**2) + 3*x1**2*x5 + x10 + 3*sqrt(x11) + x3*x4 + 24.758*x3 + x4**2 + x4*x6 + x5**2 + 33.758*x5 + 2*sqrt(x6)*sqrt(x9) + 170.074*x6 + 2*sqrt(x9) - 24.758*sqrt(x10*log(x10)) + (x2 - 117.345)**2 - 13390.5)',205.98541259765625,409,9,58,12,256,paper,6,0,2261209995
60.00160294503439,'-x1 + x2 - exp(cos(x3 - x5)) + 150.029 - (-x2 + 2*x7 + 1832.02)/(x5 - 297.08) - (2*x2 - 4*x3 + 2229.56460571289 - (2*67.4952**exp(cos(x1 - 594.513)) + 83.2168**exp(cos(x2 - 58.9813)) - 3*x3 + x5 + 1627.63671875)/(x2 - 299.513))/x5',482.458984375,409,10,58,12,256,paper,6,0,4190266092
60.001428594929166,'sqrt(sqrt((4*x5 + x6 + sqrt((x6 + sqrt(x9) - 250.954)**2) - 518.703)**2*(x4**2 + 18*x5 + x7 + exp(x1) - 560.025)) + sqrt((x2 + 4*x5 + 4*x6 + exp(x1) + 23.8514*Abs(x3) - 740.97)**2 + 758132.0)*sqrt(x2 + 3*x5 + 2*x6 - 265.736) - 518.703)',74.03611755371094,409,11,58,12,256,paper,6,0,3160032368
60.00265165697783,'x2 + sqrt(x3) + x3 + sqrt(x5) + exp(sin(sin(2*x2) + sin(sin(x5))) + sin(exp(x0)) + cos(x11) + x5/x3) + sin(2*x4) + sin(x1*x9) + sin(x1 + x11) + sin(x1 + x4) + sin(x2 + x5) + sin(x2 + sqrt(x5) + sin(x2 + x5)) + sin(x1 + x3 + x5 + x8) + 6*cos(x1) + cos(x1**2) + cos(x3) + cos(x5) + cos(x1 + x5) + cos(x2 + x3/x5) + cos(x3 + x5) - 16.4388',12.320487976074219,409,13,58,12,256,paper,6,0,3081541439
60.00090252410155,'log(x2**4*log(x6)*log(0.36465*log(x3*log(0.39464*log(x3*cos(485.003*cos(217956.0*x2)**2)))))*log(0.36465*log(x5*cos(cos(log(x2**2*x5*cos(cos(x2))))**2)))*log(0.39464*log(x5*cos(217956.0*cos(4.06396e+7*cos(cos(x2)))**2)))*cos(cos(x2))*cos(cos(log(x3*x5)))*cos(cos(log(x3*log(0.356623*log(x3*cos(485.003*cos(217956.0*x2)**2))))))*cos(cos(log(x5*x6))))**2',237.60691833496094,409,12,58,12,256,paper,6,0,3269070126
60.00134069600608,'x5 - (exp(cos(0.00778334*x6)) + 137.520629882813/x4)**2 + exp(x2**(1/4)) + exp(exp(0.00727164*x3)) + exp(exp(sin(exp(0.00727164*x3) - 128.479553222656/x4))) - exp(exp(cos(exp(0.00901518*x3) - exp(cos(x3/x5))))) - exp(exp(cos(exp(x6/x3) + 475.016784667969))) - exp(exp(cos(exp(cos(exp(-sin(exp(cos(exp(cos(0.00810075*x6)) + 198.779479980469)) + 192.415435791016)))) + 136.015930175781))) - exp(exp(cos(exp(cos(exp(-sin(exp(cos(exp(cos(exp(-sin(exp(cos(exp(0.00727164*x6) + 198.779479980469)) + 198.779479980469)))) + 136.015930175781)) + 136.015930175781)))) + 198.779479980469))) + 189.500335693359',79.96405792236328,409,14,58,12,256,paper,6,0,3376120482
60.0007463269867,'x4 + x5*(x5 + x6)/(69.7195*x10*(x4 + x5*(x5 + x6)/(x2 + x4*sin((x10*x4 + x4*(x10*x4 + x10) + 2*x4 + x5)*sin(log(12.6058*x4))) - x5 + (x4 + x5 + 69.7195)*sin(x10*x4)) + x5) + 69.7195*x4*(x10*x4 + x10) + 69.7195*x4 + 69.7195*x5 + exp(x10*x4*sin(x10*x4) - x5) + 69.7195*sin(x4) + 9.25585e-56*sin(sin(log(12.6058*x4)))) + x5 + x6',6.021481924189942e-11,409,16,58,12,256,paper,6,0,550243861
60.000492142979056,'x2 + sqrt(2)*sqrt(x5) + sqrt(x5 + (0.226058*x2 + x3)*cos(sqrt(x3/log(x2))) - 0.99992) + sqrt(x3*cos(sqrt(x3 + 150.204)) + x3 + sqrt(exp(exp(exp(cos(sqrt(x3 + exp(exp(exp(cos(sqrt(x3 + exp(exp(cos(x3 + cos(x8)**2))))))))))))) - 0.543927) - 2.04163) + 2*exp(exp(cos(sqrt(x3/log(x2))))) + exp(exp(cos(sqrt(x5 + 399.159)))) + exp(exp(cos(sqrt(x3 + exp(exp(exp(cos(sqrt(x3 + exp(exp(cos(x3 + (x3 - 0.543927)/(x3 + 147.847))))))))) - 4.08325)))) + 83.4003',264.8904113769531,409,15,58,12,256,paper,6,0,2204291346
60.00155856797937,'-2*x0 - 2*sqrt(x2) + x2 + sqrt(x3) + 0.444993*x3 + 0.372498*x5 - 2*log(x2) - 2*log(x11/x5) - log(x9/x3) - log(x9/x5) - 2*sin(sqrt(x2)) - sin(sqrt(x8)) - 3*sin(0.00247239*x8) - sin(x8/x3) - sin(x6 - 173.501) - sin(x6 + 404.467) + 87.2482299804688',263.9894714355469,409,17,58,12,256,paper,6,0,3606691181
60.0014317301102,'sqrt(x5*(x1**2 + sqrt(x4) + 3*sqrt(x6) + 90.9984)*log(x6 + 225.288)**2/x1 - (3*x5 + sqrt(-x5*(43.944*x5 + 593.556)/cos(x0**2) + x5*(90.9984 + 60.2255249023438/(x6 - 94.107))*log(x6**3/(x11**2*x8*(x5 - 14.9521)**3))**2/x1))*log(x1**2/((2*x5 - 44.8563)*(2*x5 + 319.395*(x0**2 + 4*x0 + x1)/x1)))**2/x1)',423.4527893066406,409,18,58,12,256,paper,6,0,1934392872
60.00175242498517,'sqrt(x2*(x3**2 + x5**2)**(1/4)*(-453.103*x2 + x5**2 + x6*sqrt(x3*sqrt(-615.25*x10 + x5**4 + x6*sqrt(-105.236*x2 + 2*x4**2 + 2*x4*x6 + 10100.6)*(x2**2 + x2*x6 - 479.645*x2 - 479.645*x3 + x4**3 + x5**2 + x6**2 + 381.144*x6 + exp(sqrt(x3)) - 1335.74))))**(1/4) + 333.688*sqrt(x5*sqrt(-105.236*x2 + x4**2 + x5**2 + x6**2 + 2*x7)))',48.112247467041016,409,19,58,12,256,paper,6,0,2148995112
60.002333872020245,'x2 + x3 + sqrt(x5) + exp(sin(x9)) + 2*sin(2*x2) + 3*sin(x4) + 3*sin(x5) + 2*sin(x9) + 2*sin(x11 + x2) + sin(sqrt(x4) + x4) + 2*sin(sqrt(x5 + 459.394)) + 2*sin(exp(x0)) + 5*cos(x1) + cos(x1**2) + 4*cos(x11) + 4*cos(x3)',329.5963134765625,409,20,58,12,256,paper,6,0,1592565386
60.00022010994144,'x5 + x6 - 1/((x4**4*(x4 + x7 + (x4**3)**(-274.202) + 274.202178955078)*exp(sin(340.344**(-0.442623*x8**2))) + x4**2 - Abs(x3 + x5) - 274.202)**x4)**274.202 + Abs(x4)',4.8171855393519536e-11,409,22,58,12,256,paper,6,0,3980425317
60.000784539966844,'x4 + x5 + x6 + sin(sin(4.26635e-8*log(sqrt(x4 + x5**2 + x6*sqrt(cos(sin(sin(x6)))) + cos((0.1777*x10 + 0.1777*x4 + 0.1777*log(sqrt(cos(sin(x5)**2)))**2 - 0.146749*sin(sin((x5**2 + sqrt(cos(sin(sin(x6)))))**2)) - 0.1777)**2 - 1.0)))**4))*cos(cos(x10 + (x10 - x5**2 - (x10 - x4 + 0.825826*sin(sin((sin(x5)**2 - 1.0)**2)) - 282.713)*sin(sin(sin(sqrt(cos(sin(sin(x6))))))) - sin(sin((x5**2 - 1.0)**2)) + 256.997)**2*sin(x5**2)))**2',6.824346643341528e-11,409,21,58,12,256,paper,6,0,784044718
60.00228459504433,'1.02266*x2 + x3 + x5**(1/4) + 3*cos(x1) + cos(x3) + cos(x2 + x6) + cos(x3 + x5) + cos(x3 + cos(x0)) + 2*cos(x7**(1/4) - 172.384) + 2*cos(x7**(1/4) - 46.5978) + cos(x0 + 2*x2 + cos(log(x10))) + cos(x0 + 2*x2 + cos(log(x2))) + cos(2*x2 + cos(cos(x2**2)) + 254.809) + 2*cos(x2 + x3**(1/4) + log(x4) + cos(x9))',31.87519645690918,409,23,58,12,256,paper,6,0,3356806661
60.000866862013936,'x4 + x5 + x6 + 0.611374*cos(x5 + x6 + (-545.724*x4 - x6 - 171.164489746094)*cos(sin(sin(545.724*x4 - 374.559631347656)))/(x2 + x4 + x5 + 2*x6 + cos(log(x10)**(x1**2)) - 374.559631347656)**2 + log(x11) + 95.9076)/(3*x4 + x4*cos(cos(x5))/(x4 + x5 + 2*x6 + cos(x1**(-545.724*x4 + sin(545.724*x4 - 374.559631347656) + 374.559631347656)) - 373.94825732708)**2 + x6)**2',7.627210668603723e-11,409,24,58,12,256,paper,6,0,2765379632
60.00272279093042,'sqrt(x10 + 3*x10/(-x4 + 14.0204 + (-x10 + x5**2)/(1171.04 - 604.786193847656/(0.00181577*x4 + 1.07776951580169/x5))) - 0.00190230551207652*x4*x5*(-x4 - 2*x5 + x7 - 352.193054199219) + 0.0760166*x9 + (13.155*x10/x9 - 2*x4)**2 + (-x4 + 0.00398194*x6**2 + 0.00398194*(-x4 + x5)**2 + 34.9246221716267 - 2.4082226078458*(-x3**2 - 2*x9/(0.00181577*x10 + x4 - 604.786193847656/(0.00165348*x4**2 + 0.968536882376654)) - 604.786193847656)/(x6*(-3*x4 + x6)))**2 + 566.249)',382.0150146484375,409,26,58,12,256,paper,6,0,3533734220
60.00221248494927,'sqrt(x2*(sqrt(x3) + x3 + 3*sqrt(x4) + x6 + sqrt(x7) + sqrt(sqrt((x3 + x5)*(4*x3 + 2*x4 + exp(x1) + 0.000219003*log(cos(x9)**2)**8))*(sqrt(x4) + x5)) + log(log(x2/(2*x3))**4) + log(log(x2/(x3 + x5))**4) + log(log(170.087829589844/(x3 + 83.7206))**2) + 8*cos(sqrt(x3)) + 4566.15/Abs(x2)))',72.67759704589844,409,25,58,12,256,paper,6,0,1728356533
60.00072766805533,'sqrt(-sqrt(x10) + x10 + x5**2*cos(x0*sin(sin(log(4.11464*x8))) - cos(x10 + 281.810333251953)*cos(x4 + x5))**2 + x5**2*cos(0.167086*x5**2 - x5 + cos(cos(cos(0.89256654496265*x5**2) + 583.277587890625) + 538.598571777344) + 1254.27603149414)**2 + x6**2*cos(x8 - 27.840087890625)**2 + 2*sqrt(x9) - (2*x4**2 + 5378.75)*cos(x4 + x5 + x7) - 10391.4*cos(x1 + x11 + x5) - 8581.86181640625)',731.765869140625,409,28,58,12,256,paper,6,0,1904449481
60.001001814962365,'x4 + x5 + x6 + sin(sin(x6**4 + x6 + sqrt(exp(sqrt(x5 + x6))) + sin(x6**4 + (x4 + 457.01)**2 + sqrt(x6 + exp(-10.9615*exp(sqrt(x4)))) + sqrt(3*x4 + x5 + exp(2*cos(x5)**2) + 6.64085e-25 + exp(-10.9615*exp(sqrt(cos(sqrt(x4 + x6))**2)))) + exp(2*cos(cos(x5)**2)**2) + cos(sqrt(x6 + sqrt(cos(10.9615*exp(sqrt(x5)))**2)))) + cos(x5)**2)) + exp(-10.9615*exp(sqrt(cos(x6 + cos(sqrt(x4))**2)**2))) + exp(-10.9615*exp(sqrt(cos(sqrt(x4 + x6))**2)))',8.028643028179516e-11,409,27,58,12,256,paper,6,0,2342600226
60.00096096401103,'x2 + x3 + sqrt((-sqrt((-sqrt((-log(sin(sin(sin(x0)))**2)**2 + cos(x4**2*cos(cos(x4))))**2) + log((log(sin(x4)**4) - sin(sin(log((0.91679*x4)**(log(sin(x0)**8) - sin(x0))))))**8))**2) + log((x4*sin(x0)**4*cos(cos(x0))*cos(cos(log(sin(x0)**8) - log(cos(cos(44.3931*log(x10))))))*cos(cos(log(sin(x0)**8))))**sin(x1**4))**2 + log((log(sin(x4)**4) - sin(sin(log((0.91679*x4)**(log(sin(x0)**8) - sin(x0))))))**8))**2)',87.20761108398438,409,29,58,12,256,paper,6,0,1934709049
60.002198881004006,'sqrt(x7**(1/4)*sqrt(Abs(x5))*Abs(3*x5*cos(x1**2) + 4*x5) + (x2 + x3)**2)',51.411460876464844,409,0,58,12,512,paper,4,0,3324115916
60.00212234805804,'x4 + x5 + x6 + x4/(x3*(x6/(x5/sin(x6) + 55.0366) - 281.403)*(x5/sin(cos(x7)) + x6 + 575.369))',6.422914283765735e-11,409,1,58,12,512,paper,4,0,2811363264
60.00300222693477,'2*x1 + x2 + x3 - 11.8358 + 2*x5**2/x4**2 + x5**4/x3**4 + x5**4/x2**4',180.86886596679688,409,2,58,12,512,paper,4,0,1884968544
60.0019831409445,'x3 + sqrt(x2**2 + 0.851198*exp(sqrt(x5)*cos(x3))**(1/8)*Abs(x5)**(3/2)*Abs(x7)**(1/4))',68.64665985107422,409,3,58,12,512,paper,4,0,1859786275
60.0004703149898,'x2 + x3 + exp(x5**2/x3**2) + exp(exp(cos(x3))) + log(534.564**cos(x1)) + x5**2/x2**2 + x5**4/x2**4',93.72982025146484,409,4,58,12,512,paper,4,0,3687649985
60.00269248406403,'x1 + x2 + x3 + sin(exp(x0)) + 4*cos(x1) + 0.000674436*x5**4/x2**2',56.713497161865234,409,5,58,12,512,paper,4,0,369133708
60.00158973096404,'x2 + x3 + (x1**2 + (((x0**(sqrt(x6)))**sin(x9))**sin(x2))**sin(x5) + exp(x1/2))**0.537009',68.26347351074219,409,6,58,12,512,paper,4,0,2995172877
60.00158106000163,'x2 + x3 + x5**2*exp(exp(exp(cos(log(cos(log(sin(23.3833*sqrt(x1)))**2))**2))))/(-x10 + x7**2 - log(x7))**2',65.05682373046875,409,7,58,12,512,paper,4,0,865305066
60.00226175994612,'x2 + x3 + log(x5) + 3*cos(x1) + cos(x3) + exp(x5/x4)/(x0 + exp(-220.207916259766/cos(x11)))',61.88862991333008,409,8,58,12,512,paper,4,0,404488628
60.002016321057454,'x4 + x5 + x6',1.0437235797855493e-10,409,9,58,12,512,paper,4,0,2261209995
60.00010632397607,'x1 + x2 + x3 + x7**(1/4) - 263.056/(0.801184180751327*x7 - 137.258)',85.80702209472656,409,10,58,12,512,paper,4,0,4190266092
60.00186505692545,'x4 + x5 + x6 + sin(x4 + x6 + 1.92293e-123)**2/(x3 + 4*x4 + x6)**2',9.634371078703907e-11,409,11,58,12,512,paper,4,0,3160032368
60.00116460293066,'x1 + x2 + x3 + sqrt(x5)*cos(x1**2) + sqrt(x5) + sin(x9) + 2*cos(x11) + cos(x2**2) + cos(x3)',374.76739501953125,409,12,58,12,512,paper,4,0,3269070126
60.0014326950768,'sqrt(3*x1**4 - 0.295008*x2**2 + x5**2 + (x2 + x3)**2)',160.45909118652344,409,13,58,12,512,paper,4,0,3081541439
60.00084055692423,'x4 + x5 + x6 + 2.99328e-6 + 1/(x4**(428.431732177734/x6)*(x4 + x4/cos(x4) + 0.999506))',5.2186178989277465e-11,409,14,58,12,512,paper,4,0,3376120482
60.0023490319727,'sqrt(4*x4**2 - 80.9161*sqrt(x5) + x5**2 - 80.9161*x5 + 96.3617*x6 + (x5 + x6)**2)',37.34450912475586,409,15,58,12,512,paper,4,0,2204291346
60.00191155192442,'x2 + x3 + sqrt(x5) - 0.00276772*x5/cos(x9) + 4*cos(x1) - 1.99934',80.05323028564453,409,16,58,12,512,paper,4,0,550243861
60.002309311996214,'x0*cos(x1**2) + x1 + x3 + x5*cos(x2/x5) + 0.0146066*x6 - 44.8027*cos(x2/x5) + Abs(x2)',138.31761169433594,409,17,58,12,512,paper,4,0,3606691181
60.00207040307578,'x4 + x5 + x5/(-x3 - x4 + x5 + x6 - 561.82*x8 + (x3/x5)**(x4 + 157.240173339844/x5)) + x6',5.620049911558844e-11,409,18,58,12,512,paper,4,0,1934392872
60.00234169396572,'x2 + x3 + (x1*(x1*x5 + 2*x2 + sqrt(x5)*(-x2 + x5)) + x5*sqrt(x6) - 816.402)/x2',48.54240036010742,409,19,58,12,512,paper,4,0,2148995112
60.000783558003604,'x4 + x5 + x6 + 13875.9/((x3 + x5)*(-37550.1*x3**2 + (x4 + x5)**4))',7.22577830902793e-11,409,20,58,12,512,paper,4,0,1592565386
60.00004374003038,'x4 + x5 + x6 + x6/(x10*(x1 + 466.987)) + (536.27**sin(sin(x11)) - x5 - x7)/(x10*(x4 + 466.987))',4.8171855393519536e-11,409,21,58,12,512,paper,4,0,784044718
60.002606597030535,'0.992777*x4 + x5 + 0.996038*x6 + 1.0',0.05944100022315979,409,22,58,12,512,paper,4,0,3980425317
60.00148439698387,'x1 + x2 + x3 + 0.0095857*x5 + 0.0095857*x5/sin(x0) + 2*cos(x1) + cos(x3) + cos(x8) + cos(x2 + x3)',54.50902557373047,409,23,58,12,512,paper,4,0,3356806661
60.00249515695032,'x1**2*x5**2/x10 + x2 + x3 + cos(x1) + x7/(x11*sin(sqrt(x4))**2) + x5**2*log(x6)**2/x10',73.82487487792969,409,24,58,12,512,paper,4,0,2765379632
60.001079507987015,'x2 + x3 + exp(exp(cos(exp(exp(cos(x7)))))) + log(exp(sqrt(x7))**(exp(cos(x1**2)) + exp(cos(205.143*x6)) + cos(x1**2)))',155.2521514892578,409,25,58,12,512,paper,4,0,1728356533
60.00169295899104,'x2 + x3 + exp(2*x5/x2) + exp(2*x5/(x2 - log(x9**2))) + 3*cos(x1) + cos(x8)',75.22000885009766,409,26,58,12,512,paper,4,0,3533734220
60.00023315206636,'-2*x0 + x2 - x3*sin(log(x4)) - x4 - log(x11) - 2*sin(sqrt(x8)) - sin(log(x5**2)) + 117.394',613.7935180664062,409,27,58,12,512,paper,4,0,2342600226
60.00237985898275,'x1 + x1*x5**4*(x9 + 772.797)**2/x2**8 + x2 + x3 - log(log(x1 - cos(x10))**4)',44.968692779541016,409,28,58,12,512,paper,4,0,1904449481
60.0026761519257,'x2 + x3 + 3*sqrt(x5) + cos(x1) + 3*cos(x1**2) - 18.9377',431.2058410644531,409,29,58,12,512,paper,4,0,1934709049
60.00149600801524,'x2 + x3 + sqrt(x4)*cos(x1) + exp(sin(x7)) + sin(2*x2) + 2*sin(x3**2) + sin(x6) + sin(x3/sin(x1)) + sin(x3/sin(x2)) + sin(x3/sin(x4)) + sin(184.81 + x9/x4) + sin(580.721 + x5/x4) + sin(x1 + x4) + sin(x1 + x9) + sin(x6**2 + 580.721) + 2*sin(x2 + x3 + x4) + 2*sin(exp(x0)) + 2*cos(x11) + 2*cos(x9) + cos(x8 + 138.643707275391) - 0.624933/cos(x9) + x5/sqrt(x2)',36.02743148803711,409,0,58,12,512,paper,6,0,3324115916
60.002001740038395,'x2 + 0.082288*x3 + 0.148449*x5 + 0.0623934*x6 - sqrt((x1 + cos(cos(149.800720214844/x3))/log(-0.654811/log(0.653535/log(x3**(1/4) + 22440.2557768859/(x3**2*log(x2))))))**2) - exp(21678.554292921/x3**2) + 141.636 + 1.68538236618042/(x3*x6*sin(sqrt(x4))*sin(sin(sin(sqrt(x4))))*sin(sin(sin(sin(sin(sqrt(x4))))))) - 210079.451953836/x3**2 - 546865077.836307/x3**4',78.26554107666016,409,1,58,12,512,paper,6,0,2811363264
60.001732058939524,'sqrt(x10) + 0.0050414*sqrt((x9 + x8**2/x10)*(-0.00390254*x10 + 0.00390254*sqrt((-0.00860231*x10**2/cos(1.8507*x10) + x9*(x6**2 + 0.00999116*(-(4784.02 - x5**2)/cos(x9) - 612.38623046875)/cos(x9)))*(sqrt((sqrt(x8 + 13513.6) + 0.999959)/cos(sin(sqrt(x10) - x7)))/sin(-x4 + x9 + 100.088) + (sqrt(x9 + x8**2/x10) - log(x10))/cos(sin(x1 - x6 + sin(-x1 + x6 + sqrt(x9)))))) - 76.761 + (x8 + x8**2/x10)/sqrt(x10))) - 37.1443',488.2939147949219,409,2,58,12,512,paper,6,0,1884968544
60.00006069196388,'x2 + x3 + exp(exp(cos(x11)))*cos(x1 + x11 + x2) + exp(4*cos(x11))*cos(x1 + x2)**4 + 2*exp(4*cos(log(x5) + cos(x1)))*cos(x1**2)**4 + exp(4*cos(log(x5) + cos(x1)))*cos(x11)**4 + log((x7**(1/4) - cos(x11) + cos(exp(cos(x11))))**4) + 5*cos(x1) + cos(x1**2) + cos(x5) + cos(x6) + cos(x3 + sqrt(x7)) + cos(x3 + exp(cos(x11))) + cos(sqrt(x7) + sin(x3))',30.26551055908203,409,3,58,12,512,paper,6,0,1859786275
60.00176310504321,'x2 + x3 + (-x1 + cos(x11 - x2) + 2.4835)**2 + exp((-x1 + log(sqrt((-x0 + sqrt(x2) + sqrt(x4) + cos(x10 - x3))**2 + exp(2*log((2*x11 - 572.639)**2)/sqrt(x4)) - 331.593 - 419.832702636719/((-x11 + (-x10 - 2*x11 + (-2*x10 + x11 + x8 + log(x7))*cos(x10 - x3))*cos(sqrt(x2)))*cos(sqrt(x2))**4))) + cos(x11))/sqrt(sqrt(log(x9))/x2**(1/4))) - 419.832702636719/((-x11 + (-3*x11 - 414.513*x7 + 414.513*exp(x1))*cos(x2)**2)*cos(sqrt(x2))**2)',21.195581436157227,409,4,58,12,512,paper,6,0,3687649985
60.002599415020086,'x10**cos(log(x8)) + x2 + x3 + 0.0460971*x5 + x7**(1/4) + (616.373*x10)**cos(log(x8)) + (x5 - 66.489)/(-x2 + x6 - 0.2948) + 2*sin(x7**(1/4)) + 3*cos(x1) + cos(x1**2) + 2*cos(0.157027*x5) + 2*cos(x5) + 2*cos(x1 + cos(x3)) + cos(x3 + cos(x1**2)) + 2*cos((x5 - 0.79695)**2) + cos(x8 + cos(x1**2))',19.43277359008789,409,5,58,12,512,paper,6,0,369133708
60.002255328930914,'0.00342453*x2*(0.00342453*x2*x6 - 0.00342453*x8/((-8.83393e-6*x2*(0.00390724*x2*x6 - 256.424/(4.91916e-6*x2**2*(0.00342453*x2*x6 - 1.31773) - 0.508161*x2 - 4.91916e-6*x5*x6))/log(-x1 + x6) + 8.83393e-6*x2*(0.00339921*x5*x6 - 0.00339921*x5))*(-x1 + x6 - 8.96875))) + 273.405 - 0.00342453*x8/(x2*(1.12192e-5*x2*(57.1058 - 0.00240158*x7**2) + 0.00589923)) - 0.00342453*(65627.8 - x7**2)/x2',222.0502471923828,409,6,58,12,512,paper,6,0,2995172877
60.002140898955986,'-x0*cos(exp(sqrt(x5))) + x2 + x3 + exp(sqrt(x1)) + exp(sin(x3) - sin(x0*cos(exp(sqrt(x1))))) + 2*sin(x1) + sin(x7) - 2*sin(x7**2) - 5*cos(x7**(1/4)) + cos(x3/x0) - cos(exp(-sin(x4**4) + cos(x7))) - cos(exp(-sin(sin(sin(sin(x4**4)))) + cos(x8))) + cos(272.238**cos(exp(sqrt(x1))) - log(log(2*x7 + 442.909)))/cos(x9) + cos(x1 - 593.644)/cos(x9)',32.17695617675781,409,7,58,12,512,paper,6,0,865305066
60.00234128301963,'x1*log(exp(sqrt(x7)))/(x2*log(log(log(x7**2*log(70.3712*x3**2)**2/x1**2)**2)/x1)) + x2 + x3 + x7*log(x3*log(x7 + 129.715))/log(x3*log(x3/x1) + x4/log(sqrt(x7) + log(cos(sin(x5*x7)))) + (5.47402e-5*x1**4*log(x1**2)**4 + x7)**2*log(log(log(x7**4*(x1**3*x3**2*x7/log(0.00683394*x1**2*log(x1**2)**2) + x1*x3**2*log(x3)**2/log(log(x2)**2/log(x3)**2))**4)**2)/log(4.86534*x3))**2)',0.25645962357521057,409,8,58,12,512,paper,6,0,404488628
60.00236594793387,'sqrt(x10 + x6 - 4*x7 + sqrt(exp((x9/x0)**(1/4))) + (-5*x10 + 4*x2*x6 + 5*x6**2 - x7 + 2*x8 + x9 - (3*x10 - 2*x3**2 + x9 - 2*exp(sqrt(x3)) - exp(sqrt(x5)))/exp((x9/x0)**(1/4))**(1/8) + 1819.64)/sqrt(x5) + x9/x11**(1/4) + x9/x10**(1/8))',212.49853515625,409,9,58,12,512,paper,6,0,2261209995
60.00203136098571,'-0.0263233*x3 + 0.0923075*x4 + x5 + x6 - 3*sqrt(242.201232910156 - 2*x4) - 3*sin(sqrt(x4)) - cos(453.794677734375/x4) - 7*cos(sqrt(x4)) + 113.74603402656 - (266.912841796875 - x4)/x4 - (327.421264648438 - x4)/x4 - 654.842529296875/x4',3.0423948764801025,409,10,58,12,512,paper,6,0,4190266092
60.002453156979755,'sqrt(-602.88*x0**2 - 1808.64*x0 + x10 + 9*x3 + x4/sin(cos(x4)) + x9**0.951174 + (x2 - 127.559)**2 - 7234.56 - 602.880493164063/sin(sin(x3)) + 451.730590820313/sin(x9 - 602.88) + 536.312866210938/sin(x10 - 516.957) + 268.80126953125/sin(x10 - 602.88) + 914.20361328125/sin(sqrt(x4)) + 341.022033691406/sin(x11) + 604.696533203125/sin(x0))',490.8681945800781,409,11,58,12,512,paper,6,0,3160032368
60.00078906910494,'x2 + x3 + log(x7**5*(0.035084 + exp(2*sqrt(x7))/x3**2)*(7.85996e-5*exp(2*sqrt(x7)) - log(cos(sin(sin(x7)))))*sqrt(exp(sqrt(x7)))*exp(2*sqrt(x7))*sin(0.602144*x3 + 0.00881473455188717*x6*cos(0.451064*x6) + x7**3)**2*sin(1.55421*x3 + 0.00162812*x6 - 5.03392e+6)**2*cos(x6*x7**2)**2 + exp(-0.00465504*x7)) + log(log(2.65076e-6*exp(3*sqrt(x7)) + log(4.84595*x4**2*exp(-2*sqrt(x7)))))',109.96839904785156,409,12,58,12,512,paper,6,0,3269070126
60.001402989029884,'x2 + x3 + sin(x10) + cos(x5) + cos(x8) + (0.00846793*x1**2*x4**2 - 387.903*x1 - 5.01456*x2 + 0.00846793*x5*exp(x1) + (x1*x5)**exp(cos(2*x0 - 387.903*x1 + 563.421*x5)/4) + (2*x1*x5)**exp(cos(x3)/4) + 0.00846793*(x4**2*exp(exp(cos(x2**2))) + x5**2 + 41.8135*x5 - 2368.73)**exp(cos(x1 + x2)/4) + 3.18753*exp(x1) + 664.308*exp(cos(x8)))/(x2 + sqrt(x9))',25.320009231567383,409,13,58,12,512,paper,6,0,3081541439
60.001734055927955,'x4 + x5 + x6 + sin((x4 + x5)*(x4 + sin(x4*(x5 + x6)**2/(x6 + 0.984709)))*(x1 + x4 + x5)/(x4*x6**2*((-log(x7) + x8**4/x10**4)*(-x6 - x7 + sin(cos(log(x6)**2)**2) + 998.304931640625) - 247.95)*(sin(sqrt(x10)/(26384.9*x4*x5*x6*(x6 + 162.434)*(x1 + x6 + 328.215)*(2*x4 + x5 + x6 + sin(x4**2*x5/x6))*log(x8**4/x10**4) + 324.869*x5)) + 545.801)))',6.422914283765735e-11,409,14,58,12,512,paper,6,0,3376120482
60.001592244021595,'x2 + x3 + 3*exp(2*x5/x2) + 2*log(0.00182141*x5) + log(0.00167032*x6) + log(x7 + 0.017334) + sin(2*x2) + sin(x1 - x11**(1/4)) + 4*sin(x1 - log(x10)) + sin(x1 - log(0.00231269*x5)) - sin(x10 - x3) + sin(x3 - log(x2)) - sin(x10 - x3 + log(1.52217*x5)) + sin(2*x2 + exp(0.0120129*x5) + log(x0)) + sin(exp(x0))',31.069332122802734,409,15,58,12,512,paper,6,0,2204291346
60.00274106906727,'(x2*exp(411.3408203125/(x4*(x2 - x7*exp((592.937377929688 - x7**2)/x10) + (x10 + x8 + 72362.1492965557/x0**2)/(-x7*(-sqrt((-317.578*x4*cos(0.00217986*x10 - x4 + 0.891949) - 115.773681640625 + (x10 + x8)/x0)**2/(411.3408203125 - x7**2)**2) + exp(0.00243107*(61.8832397460938 - 20.2815*x7)/cos(sin(x2) + 0.999263 + (x10 + x8)/x0))) - 35.7537231445313)))) + x3)*exp(-605.7880859375/(-1227.53*x0 - 409.177*x4 + 409.177*x7 - 409.177*sqrt((-x3*x7 + sqrt(x8)/x1)**(-2))*Abs(x10) - 409.177*sin(sqrt(x7)) - 409.177*sin(sqrt(x10 + 361.501)) - 409.177*cos(x10)))',8.978841781616211,409,16,58,12,512,paper,6,0,550243861
60.001172918011434,'-2*x0 + x1*cos(x1) + x2 + x3 - sqrt(x5)*sin(x0 - sqrt(-x1 + x2 - sqrt(x6) + sqrt(x8))) + exp(exp(-sin(x0 + 375.509033203125/x5)))*sin(366.67*x9) + exp(exp(-sin(x0 - sqrt(x8)))) + exp(exp(sin(sqrt(x2) - 34.4321)))*sin(x1*cos(x1)) + exp(exp(sin(2*x2 + 338.371)))*sin(366.67*x8) + 2*exp(exp(sin(2*x2 + 338.371))) + exp(exp(sin(x2 + (x0 + log(x8))**2 - 0.658625))) + sin(sqrt(x2)*x9) + exp(-sin(x0 + 491.845611572266)) - 451.293579101563/x5',91.75873565673828,409,17,58,12,512,paper,6,0,3606691181
60.00271047197748,'x4 + x5 + x6 + (-2*x5 - 2*x7**2 + sin(-sqrt(x4) + x4 + x5 - x6/(x3 + 3*x4 + 6*x5 + 3*x6 + exp(x5/2) - sin(x6 + x8 - sin(x9))) + (x4 + x6)/(x4 + 2*x6 + x7**2)))/(x8**2*log(x7)**2)',6.021481924189942e-11,409,18,58,12,512,paper,6,0,1934392872
60.00088186596986,'0.0137295*x1*x5*cos(x11) + 0.0137295*x1*x5*cos(x5 + log(x2)) + 0.0261031*x1*x5 + x2 + 0.0261031*x6 + 0.0137295*(x7 + 366.338)*cos(0.161565*x2 + 0.161565*x4*cos(x2 - 195.385) + 596.325*cos(log(x3))) + 0.0137295*(x5*log(x5)*cos(x4 - x8) + x5*log(x5*exp(sin(x9))) + x5 + (x1*x5*cos(sqrt(x7)) + x5*exp(sin(x9))*log(x5))*cos(1.16156*x2 + 334.274*x4))*cos(x3) + 99.2404*cos(log(x3)) + 106.441',32.31980895996094,409,19,58,12,512,paper,6,0,2148995112
60.000831988989376,'x2 + x3 + x7**(1/8) + log(x5) + sin(x0) + 2*sin(x1) + sin(x3) + sin(x7) + 4*cos(x1) + 2*cos(x3) + cos(x1 + x5) + cos(x11 + sqrt(x7)) + cos(x2 + x4) + 4*cos(x7**(1/4) - 517.99) + cos(x7**(1/4) + log(x11)) + cos(exp(sin(x7**2))) + 2*cos(log(x5)) + x8**(-130.704345703125*x5*sin(sqrt(x2))*cos(x0 - 568.714)/x10)',26.23674964904785,409,20,58,12,512,paper,6,0,1592565386
60.002189385006204,'(-x0 + x5 + 2*exp(exp(sin(374.281 + (x4 - x6 - 287.052)/x6))) + exp(exp(cos(-sin(374.281 + (2*x4 - x5 - 413.878)/x6) + cos(sin(log(x4))) + 169.823))) + exp(exp(cos(-sin(374.281 + (3*x4 - x5 - x6 - 339.281)/x6) + cos(sin(sin(sin(sqrt(x4))))) + 169.823))) - 25.432373046875 + (x7 - 2428.78)/x6)/sin(cos(sin(cos(-sin(374.281 + (x4 - x5 - 536.255)/x6) + cos(sin(sin(cos(x6)))) + 169.823)))) + 174.346',96.90573120117188,409,21,58,12,512,paper,6,0,784044718
60.00213977298699,'1.73557*x5 - 0.0264426*(5*x5 - 439.064 + x5**2/x4)*exp(-cos(344.773*x1*sin(log(x0)))) + sqrt(sqrt(exp(sqrt(x6)) - 1759.42) + sqrt(-x11/x4 + exp(sqrt(x6)) - 2806.18)*exp(cos(sin(cos(x5) - 270.929)**2)) - 191.413) + log(-x6**2 + exp(sqrt(x6))) + 99.3498 - 0.0264426*x5**2/x4 - 554.37/x4',189.4236602783203,409,22,58,12,512,paper,6,0,3980425317
60.0029240710428,'x2 + x3 + x5*sqrt(log(((x11/sqrt(log(x2 + x3)) + sqrt(x11**2 + 2*x8 + (x11 + 479.696)**2)/(log(log((-x11 + x3**2)**4))*sin(x0)) + 4.06417)/(log(log(exp((6.98431e-6*sqrt(x7))**cos(x1) + x7/x4))**16)*sin(exp(cos(x11**2)/2)/cos(sqrt(x3)))*sin(exp(cos((-x11 + x3**2)**2)/2)/cos(sqrt(x3)))) + 0.0217205 + sqrt(x11 + 3*cos(x2) - 153.037*cos(sqrt(x7)))/sqrt(x11 + x2))**4))/log((-x11 + x6**2 - x6)**4)',6.541472434997559,409,23,58,12,512,paper,6,0,3356806661
60.00093369092792,'sqrt(x10) + 244.926*x5*sqrt(x6**8.3914)/(sqrt(x10)*x6*(458.641*x10 + x4*(-2*x9 + (-x10*cos((253.914978027344 - sin(-0.999491*x9 + 0.999491*log(x10) + 47.5559))*cos(3.86241*x4)*cos(0.0905076*x9 + sin(x5) - 22.4189150870807))**2 + x10)*sin(sqrt(x5/x6)/cos(x7))))*cos(exp(exp(0.0627378*exp(exp(cos(0.751264*x10*sin(x5) - 0.751264*cos(x9))))))/x10**(1/4))*cos(exp(x5/(x6*cos(sqrt(x5/x6))))/x4)*cos(0.0206490499303304*exp(x5/(x6*cos(x7)))))',617.470703125,409,24,58,12,512,paper,6,0,2765379632
60.00010054395534,'15.5244**(sin(x5) + cos(x1**2) + cos(x3) - 234.277496337891/x5) + 2*x1 + x2 + x3 + x5**(cos(x11)/2) + x5**(cos(x2**2)/2) + sin(x3) + cos(25674.419240118/x0**2) + cos(x0**4) + 2*cos(x1) + 3*cos(x3) + 2*cos(x8) + cos(x9) + cos(x10/cos(x1)) + cos((x0 - x4)**2) + cos(exp(cos(x7**(1/4)))) + 2*cos(593.714721679688/cos(x7**(1/4))) + cos(593.714721679688/cos((x0 - x4)**2)) - 3.41902 - 234.277496337891/x5',22.49002456665039,409,25,58,12,512,paper,6,0,1728356533
60.00017196906265,'sqrt(0.609006*x10 + 124.726*sqrt(-x10 + x11 + x2**2 + 7.95429*x6**2 - 11.9314*x7 + 3.97714*x9 - 3.97714*(-x1**2 + sqrt(x10) - x6 - sqrt(-(-x10 + (-x6 - 193.587341308594)/sin(x10 - sin(sin(x0 + 522.452 - (584.852172851563 - sqrt(x10))/sqrt(x10))))**4)/sin(-x10 + 4.10853*sin(x0) + 488.654663085938/x2**2)**2 - 599.436096191406) - cos(x7) + 105.021)/sin(-x0 + sqrt(x10) + (584.852172851563 - sqrt(x10))/sqrt(x10))**2 - 32019.1) - 23160.81431565)',505.0914001464844,409,26,58,12,512,paper,6,0,3533734220
60.00100096792448,'1.71438*x2*exp(0.602488*cos(x2/x3)*cos(exp(-0.261359*cos(x2*exp(-cos(cos(0.668749*x2*sin(sin(409.004**(-0.00120225*(344.802**cos(1.49519*exp(cos(x2))) - x2/x3)*cos(0.668749*x2) - cos(x2*sin(x3**(-exp(2*cos(x2)) - 6.48422*cos(1.65689e-352/(x1*x6/x10)**134.693 - 5.16993*x3**2/x2**2)**2 + 0.374839)))))))))))))',497.212158203125,409,27,58,12,512,paper,6,0,2342600226
60.00191290501971,'0.11186*x2 + x5 + 0.0447441*x6 - 3*exp(2*sin(log(62064.5885003963/x6**2))) - exp(2*cos(331.381103515625/x4)) - exp(2*cos(sqrt(x4))) - log(14671622512.4037/x6**4)**2 - log(cos(sqrt(x4))**8) - log(cos(0.00550895*x6)**16) - sin(x8) + 240.611 - 2420807850.58682/x6**4 - 1652.12280273438/x4',94.16764068603516,409,28,58,12,512,paper,6,0,1904449481
60.001481982995756,'x2 + x3 + x7**(1/8) + x7*sin(x10*x8*exp(-x1))**2 + log(x5) + log(x5**cos(x2**2)) + log(sin(x3)**2) + sin(x6) + 2*sin(x10 + x6) + sin(x10 + x7) - sin(x3 - x7**(1/4)) - sin(x3**2 - sqrt(log(x2))) + sin(x7**(1/4) - x7) + sin(x7**(1/4) - sin(x1)) + 2*sin(x7**(1/4) - sin(x7)) + sin(x9**(1/4) - sin(x7)) + sin(x1 + x2 + x7) + 2*cos(x8) + cos(x7**(1/4) + 192.014)',27.96927261352539,409,29,58,12,512,paper,6,0,1934709049
60.000597742036916,'-x10**(1/8) + x2 + x3 + x5/(x0*(x2 - log(x7))/x5 + 2*x2/x5 - cos(x1**2))',58.314857482910156,409,0,58,12,1024,paper,4,0,3324115916
60.00120209495071,'x4 + x4/(352.117*x10 + 352.117*x10/(x6 + x6/sin(x2)) + 352.117*x7**2/sin(sin(x2))) + x5 + x6',5.620049911558844e-11,409,1,58,12,1024,paper,4,0,2811363264
60.0021790380124,'296.068**sin(exp(sin(sin(log(x10 + x9)))) - log(x5**2)) + x2 + x3 + x3**sin(sin(sin(sin(sin(3.54345*x7**(1/4))))))',27.08864402770996,409,2,58,12,1024,paper,4,0,1884968544
60.00066379096825,'0.013525*x1**2*x5**2/x2 - 2*x1 + x2 + x3 + sin(x0) + sin(x1) + sin(exp(x0)) + cos(x11)',89.57886505126953,409,3,58,12,1024,paper,4,0,1859786275
60.0022704169387,'x4 + x5 + x6 + 518.792114257813/(((-x4**2 - 25717.6)**2 - 213.772796630859/(x4**2 + x6))*cos(x4**2 + x6))',7.627210668603723e-11,409,4,58,12,1024,paper,4,0,3687649985
60.002653799019754,'x1 + x2 + x3 + sqrt(x5) - sqrt(2*x2 - 2*x5 + 240.635) - log(cos(x9)**2) + 15.5375',367.7291259765625,409,5,58,12,1024,paper,4,0,369133708
60.00286423403304,'x4 + x5 + x6 + (x7 + 320.806)*(-11.1788*x5 - 11.1788*x7 + 124.966 - 537.495539605618/log(x7)**2)/(x10**2*(392.036071777344 - x3))',6.824346643341528e-11,409,6,58,12,1024,paper,4,0,2995172877
60.00102108391002,'-x0 + x2 + x3 - log(14.8371/x9) - log(sin(x10)**4) + cos(91460.5571710691/cos(5.38185*x1))/cos(x9)',75.46180725097656,409,7,58,12,1024,paper,4,0,865305066
60.00203968305141,'-x0 + x2 + x3 + exp(sqrt(exp(sqrt(x5/x4)))) + log(x0)/sin(sqrt(x4)) - sin(sqrt(x2)) - cos(x0) - cos(sqrt(x7))',101.5042495727539,409,8,58,12,1024,paper,4,0,404488628
60.00010274897795,'x2 + x3 + sqrt(x5) - log(cos(x9)**8) - cos(x6)/sin(sin(x0)) - cos(sqrt(x5))/sin(x0) - 588.718139648438/x5',313.0026550292969,409,9,58,12,1024,paper,4,0,2261209995
60.00171737000346,'x4 + x5 + x6 + sin(x11)/((x4 + 87.7573*(x4 + x6)*cos(log(x11)) + log(x4) + 87.7573)*log(x4)**2)',8.028643028179516e-11,409,10,58,12,1024,paper,4,0,4190266092
60.00247065804433,'2*x1 + x2 + x3 + exp(x5**2/x2**2) + exp(x5**2/x3**2) + cos(x1) + cos(x3) - 605.199035644531/x3',70.81816864013672,409,11,58,12,1024,paper,4,0,3160032368
60.00091358704958,'x2 + x3 + (x0 + x7)**cos(x1) + ((0.0463768176823174*x5/sqrt(1/x5))**cos(x11))**cos(474.910400390625*exp(-sin(x3))) + cos(x1**2)',27.699508666992188,409,12,58,12,1024,paper,4,0,3269070126
60.00126246304717,'x1 + x2 + x3 - 2*sin(sqrt(x3)) - sin(log(x9))/cos(sqrt(x2)) - cos(x3)/cos(x9) - cos(sqrt(x7))',58.752845764160156,409,13,58,12,1024,paper,4,0,3081541439
60.00207686703652,'x2 + x3 + sqrt(x7)*sin(2*x1 - 8.87669) - 575.266845703125/(x7**2 + 39.4095) + 39.4095*x5**2/x2**2',42.30366897583008,409,14,58,12,1024,paper,4,0,3376120482
60.00066997704562,'x4 + x5 + x6 + 5.92053e-6*cos(x10) - 13.2998630751317/sqrt(x1**x4*x4)',6.021481924189942e-11,409,15,58,12,1024,paper,4,0,2204291346
60.00116332003381,'x5 + x6 + Abs(x4)',6.021481924189942e-11,409,16,58,12,1024,paper,4,0,550243861
60.00248092098627,'x4 + x5 + x6 + (277.017456054688 - x5**2)/(x10**2 + x4 + x6) - sin(sin(1.69813e-10*x7**4))/x10',5.2186178989277465e-11,409,17,58,12,1024,paper,4,0,3606691181
60.00023396092001,'x1 + x2 + x3 + exp(-sqrt(x3) + sqrt(x5)) + exp(-sqrt(x2 + 119.865) + sqrt(x3 + x5)) + 2*cos(x1)',51.3375358581543,409,18,58,12,1024,paper,4,0,1934392872
60.002960069919936,'-x1/(19.2447*sqrt(x4) - x6 + 0.950267) + x2 + x3 - 2*log(cos(x1**(1/4)))',37.12775802612305,409,19,58,12,1024,paper,4,0,2148995112
60.00169210904278,'x2 + x3 + x5**2*(4.6537 + cos(x1 + cos(x1**2))/(0.798016 - 0.96883/(x1 + cos(x5))))**2/x2**2',32.25905990600586,409,20,58,12,1024,paper,4,0,1592565386
60.00102034199517,'x2 + x3 - 0.00291394*x5/cos(x9) + x7**(1/4) + 4*cos(x1) + cos(x8) + 5.32452',78.31078338623047,409,21,58,12,1024,paper,4,0,784044718
60.002446571947075,'x1**2*(x5 - 31.2698)**2/x2**2 + x2 + x3 + (-x0 + x5)**2*sin(sin(x1/x2))**2 + exp(exp(sin(x1))) - 6.27932',69.98338317871094,409,22,58,12,1024,paper,4,0,3980425317
60.00145172094926,'x1 + x2 + x3 + 0.0436817*x5 + log(cos(x10)**2) + 3*cos(x1) + cos(x3) + cos(x2 + 365.496)',62.522377014160156,409,23,58,12,1024,paper,4,0,3356806661
60.00206006702501,'x2 + x3 + (x5/x1)**cos(x1) + (x2*cos(499.524*sin(x8 + 11.8323974609375)) + x2)**cos(x5/x4) + exp(cos(x3))',59.73040008544922,409,24,58,12,1024,paper,4,0,2765379632
60.00168665999081,'-x4*x7*cos(2*x5 + 486.0)/(x5 + (-x5 + x8)**2) + x4 + x5 + x6',8.028643028179516e-11,409,25,58,12,1024,paper,4,0,1728356533
60.00131007807795,'x2 + x3 - (-x2 + x7 - 912.865997314453)/(x3 + (x7**2 + log(x7**8)/cos(x4))/(x2 + x7 - 555.039))',78.94152069091797,409,26,58,12,1024,paper,4,0,3533734220
60.002524546929635,'x2 + x3 + log(sqrt(exp(sqrt(x5)))) + cos(log(x1) + cos(log(x6) + log(log(x1)) + cos(x3) + 106.242))/cos(x9)',87.27582550048828,409,27,58,12,1024,paper,4,0,2342600226
60.00128674204461,'x4 + x5 + x6 + 2.88357e-6*cos(x1)**2',7.22577830902793e-11,409,28,58,12,1024,paper,4,0,1904449481
60.00272076006513,'x1 + x2 + x3 + exp(cos(x1)) + ((171.595336914063 - x2)/sin(x10) + (-x4 + x5)**2/(-x2 + x6)**2)/x6',44.82963943481445,409,29,58,12,1024,paper,4,0,1934709049
60.0006290449528,'-x0 - x10*exp(cos(log(x4**2)))*log(x10)/x8 - 2*x10/x6**2 - 2*x10/x3**2 + sqrt(x10 + x4**2 + 2*x5**2 + 140.906*x5 + 211.126*x6 - 3*x7 + 70.6854*sqrt(x9) - 7482.43) - exp(cos(log(x10)))*exp(cos(log(x6**4)))*log(x10) - 2*log(x10) - 2*sin(sqrt(x4)) - 3*sin(sqrt(x6))',117.77407836914062,409,0,58,12,1024,paper,6,0,3324115916
60.002808667952195,'sqrt(549.455*x2 + x5**2 - sqrt(1225.06*x10 - 3675.18*x5**2 + 3062.65*x8 + 612.53*(-x5 + sqrt(2*x10 + 549.455*x2))**2 + 612.53*(-x5 + sqrt(x0*x8 + x10 - 2*x5**2 + x8 + (-x5 + sqrt(3*x10 + x8))**2))**2 - 3*exp(sqrt(x5)) - 1089947.05026823) + exp(sqrt(x3**(-167.682734489441/(log(sqrt(x11)) - 188.149)))) - 2480.32)',267.2120361328125,409,1,58,12,1024,paper,6,0,2811363264
60.002442892990075,'log(x3)**4 + log(x7**2/log(14775.156262055/(x3 - x4)**4)**4 + x9/(exp(x3**4/(x5*log(x6)**8)) + 80.0972900390625/(96.8642 - x7) - 298.814453125/x5) + exp(x5/log(log(exp(log(x3**2)**2 + (x3 - x4)/x4))**2/log(x6)**4 + exp(2*x5/log(log(exp(log(log((0.002119*x3**2 - x5)**2)**4)**2)))**2)*log(x6)**8/(x2 - 22.4264)**4)**2))**2 - 276.343 + x5**2*log(log(x3**32/(x5**8*x8**2*log(x2)**64))**2)**2/x3**2',396.8968811035156,409,2,58,12,1024,paper,6,0,1884968544
60.003646852914244,'x4 + x6 + x5*Abs(x4)/x4 + x6*(3*x4 + x5)*(x5 + sqrt(x4**4/x6 + x5) + sqrt(x6)*x6**(-sqrt(x5 + x5/x4)/2 - Abs(x4)/(2*x4))*x6**(-x4 - x6 - 1)/x4**4)/(x4**2*x6**(sqrt(x6)/2))',4.8171855393519536e-11,409,3,58,12,1024,paper,6,0,1859786275
60.00253872200847,'x2 - sqrt(-x5 - sqrt(-3*x2 - x3 + 1751.66586303711) - sqrt(-x2 - sqrt(x9) + 2284.62174987793) + 321.622) - sqrt(-x2 - 4*x5 + sqrt(x9) - sqrt(350.799*x0 + 748.8) - sqrt(-x3 - x6 + 1219.81512451172) - exp(sqrt(x2 + 331.978)*cos(x5))**(1/4) - 291.221*cos(x2) + 1108.57) + 160.811',782.6666870117188,409,4,58,12,1024,paper,6,0,3687649985
60.00311484304257,'x5 + sqrt(x6*(x2 + 109.931)) + 2*exp(sin(x2/x4)) - sin(0.662238*x11) - sin(562.535*x11) + 7*sin(x2/x4) + 9*sin(x5/x4) + cos(x1**2) + x7/x5 - 667.384033203125/x4',52.190513610839844,409,5,58,12,1024,paper,6,0,369133708
60.00339735101443,'x2 + x3 + sqrt(sqrt(536.859**cos(x3*x5) + sqrt(exp(sqrt(x5)*sin(x2*x3)**8*sin(x3*(x2 - 398.114)**2)**4 + exp(sqrt(x1 + x5*sin(x3*(x0 - 398.114)**2)**64 + 2*x5 + exp(sqrt(2*x5 + x7 + 2*exp(x1) - 23.0717))**(1/8) - 100.647))**(1/8))) + exp(sqrt(536.859**cos(x3) + x1*x5 + sqrt(x11 - 449.968) + 2*exp(x1)))**(1/4) - 75.7632) + log(cos(log(x3))**2) + 5.11743*cos(x1))',26.829248428344727,409,6,58,12,1024,paper,6,0,2995172877
60.000281241955236,'x1 + x2 + x3 + x5**4/(log(x9) - sin(x1 - x10 + x11))**8 + x5**2/(log(x11) + sin(sqrt(x3)))**4 - sqrt(x6) + (cos(x10) - cos(x1 - sqrt(x2)))**4 + (cos(x10) - cos(x3) - cos(2*x1 - x10))**4 + sin(exp(x1)) + 2*cos(x1) + cos(x3) + 2*cos(x5) - cos(x7**2) + cos(0.00162866*x9) + cos(x9/x3) + cos(x1 - x2) + 2*cos(x1 - cos(0.00174162*x10)) + 2*cos(x10 - x3) + 5.91839',31.16451072692871,409,7,58,12,1024,paper,6,0,865305066
60.00289733102545,'x4**2/Abs(x4) - x4 + x5 + x6 + ((x1 + 3*x4 + x6)**(x0 + exp(2*x2) + 3.82611e-6*x6/x4**2))**(-8.55908*x4 - 4.27954*x6 - 4.27954*log(x4 + x6 + (sqrt(x1) + 587.172)/log(2*x4 + x9) + log(x4)/Abs(x6)**(2*cos(x6)) + log(x9) + sin(x6) - cos(511.236*x4 - x6))) + Abs(x4)',6.422914283765735e-11,409,8,58,12,1024,paper,6,0,404488628
60.00168578303419,'x2 + x3 - log(2*x3 - x5*cos(sin(x7))) + log((-2*x0 + x5*cos(x1) + x5 + (((x3 + (x1**x1 + exp(sqrt((x5*cos(x7) + x5*cos(301.397*x8) + 3*x5 + (x5*cos(x7) + 2*x5)*cos(x3))**cos(exp(sqrt((x5*cos(x3) + 2*x5)**cos(sin(x10))))))))*cos(x3))*cos(x10) - 231.237)*cos(x10)**2 + 111.615)*cos(x11) + cos(x5) + cos(x7))**2) - cos(x0) - 2*cos(x6)',131.94056701660156,409,9,58,12,1024,paper,6,0,2261209995
60.00064190803096,'1.03748*x2 + x3 + (x3/(-23.4092177360018*sqrt(1/x2) + 572.527709960938*(1.04477484790959*x2 + x3)/x10) + 455.019)/(x2/(-1.36487 + 572.527709960938/(x2 + x2/(-1.36487 + 572.527709960938/(x2/cos(cos(cos(18.1656*sqrt(x1)))**2) + x3)))) + x3 - x6/((-1.36091 + 575.866577148438/(x2/cos(x5/x0**386.904) + x3))*(-sqrt(x5/x6) + 572.527709960938/x5)) - sqrt(exp(634.44/x5) + 572.527709960938*(x1**2 + 1210.91)/x5))',85.80097961425781,409,10,58,12,1024,paper,6,0,4190266092
60.00102169404272,'x2 + x3 + sqrt(x5) + 2*exp(x5**2/x2**2) + exp(2*cos(x2**2) + 2*cos(x1 + x2)) + sin(x0) + 2*sin(x3**2) + 2*sin(x8) + 2*sin(x1 + x4) - 3*sin(sqrt(x7) - 508.589233398438) + 2*cos(x1) + 3*cos(x1**2) + cos(x8) + cos((x5 + 10.8778)**2) + 2*cos(285.554260253906/cos(x7)) + cos(467.397064208984/cos(x7)) - 7.34816',22.674907684326172,409,11,58,12,1024,paper,6,0,3160032368
60.002780166920274,'x1**2*cos(log(x5)) + 5*x1 + x2 + x3 + sqrt(x7)*cos(x3) + exp(exp(cos(x11))) + exp(exp(cos(2*x11 + x7))) - 2*log(x2) - log(x2**2) + log(sin(x1)**2) + log(cos(x6)**2) - 2*sin(0.00164435*x10) + 2*sin(534.874633789063/x5) + sin(x6) + 4*cos(x1**2) + 3*cos(x2**2) + 4*x5/x4',147.3570098876953,409,12,58,12,1024,paper,6,0,3269070126
60.000918322009966,'sqrt(x10 - 17.4256*x10/(x2*cos(cos(log(2*x10 + x8)))**2) + x2**2 + x3/cos(x4) + 2*x4**2 + sqrt(x8)/(cos(sqrt(sqrt(x10) + x10)/cos(cos(x8)))*cos(log(x10 + 2*x11 + x4**2))) + 2.15586*sqrt(x11 + 2*x8)/cos(x10 + x3/cos(x4) + cos(cos(sqrt(x10 + x8)/sqrt(x0))**8)/cos(x4)) + 2.30905*sqrt(x1*x4**2 + x8)/cos(2.18569*sqrt(x10 + x8)))',236.6843719482422,409,13,58,12,1024,paper,6,0,3081541439
60.00160621397663,'sqrt(-x0**2*sqrt(x10) - x0*sqrt(x9) + 615.951*x0*cos(x5) - x1*(-3*sqrt(x11) + x2 - 573.771728515625) + 416.157*x1 - 74.2835*sqrt(x10) + 515.243*x2 + 2*x3**2 + x5**2 - x5*(89.8882446289063 - x6) - x5*(sqrt(x11) - x5) - (-3*x0 - 79.9263916015625)**2 + 1231.9*sin(x6) + 1231.9*cos(x5) - 11832.1964111328 - 613.114624023438/cos(exp(x0)))',62.661529541015625,409,14,58,12,1024,paper,6,0,3376120482
60.00153219909407,'x2 + x3 + 3*exp(2*x5/x2) + log(x6) - sin(sqrt(x2)) + sin(0.0572831*x9) + sin(128.568*x9) - cos(165.034*x1) - cos(205.623*x1) - 3*cos(0.163545*x7) - cos(0.165985*x7) - cos(0.477799*x7) - cos(x7*log(x6)) - 2*cos(0.159042*x7*sin(x3)) - cos(x7*cos(x6)) - cos(0.165985*x7*cos(sin(sqrt(x10)))) - 5.44758',19.910598754882812,409,15,58,12,1024,paper,6,0,2204291346
60.003485801047646,'x4 + x5 + x6 + exp(-x6**(2*sin(log(x2)**2)**2) - sin(x4 + x6))*sin(sin(sin(log(x2)**2))**2)**4 + Abs(sin(sin(x5)))**(4*exp(exp(exp(sin(x8 + sin(x4 + x6)**2)**2))))',7.627210668603723e-11,409,16,58,12,1024,paper,6,0,550243861
60.00227710988838,'x3 + sqrt(x5) + sqrt(x2**2 - 1229.45446777344*x2**2/x6**2 - 347.007843017578*x2**2*x9/(x5**2*(5*x1 + 136.025)**2) + x3/sin(sin(x3)) - 614.727233886719*x5**2/(x6**2*sin(sin(sin(sin(sin(sin(sin(x1 + 318129.0)))))))) + 12.7744*x5*x7**(1/4)*sin(x5) + 2*x5*sqrt(x5*sqrt(x7)) + 9*x5 + 2*exp(x1) - 1342.71)',48.78752517700195,409,17,58,12,1024,paper,6,0,3606691181
60.00132743897848,'x2 + x3 + sin(x10) + sin(log(x10**2)) + 3*cos(x1) + 3*cos(x1**2) + cos(x5) + 8*cos(x5/x4) + cos(x3*x4/x5) + cos(x6 + x8) + cos(Abs(x2)**1.80763) - 0.999838 + x5**2*sin(2*x2 + log(2*x2))/x4**2 + 3*x5**2/x4**2',47.2953987121582,409,18,58,12,1024,paper,6,0,1934392872
60.003123385016806,'x4 + x5 + x6 + 3.74121e-6*sin(2*x4 + 2*x6)/((x4*sin(x4) + x5)*sin(sin(sin(x5 + exp(sin(sin(x5 + exp(sin(cos(x4*sin(x4) + x5)))))*sin(cos(x4 - sin(sin(x0 + x5)))))))*sin(cos(x4 - 0.407849)))*sin(x5 + exp(sin(cos(sin(0.00011433*x10**2)))))) + sin(cos(sqrt(4*x4**2 - x4 + x6 + sin(0.977553*x4/((-x4 + (x4*sin(x4) + x4)**2)*(x4 + x6))))))/(16*x4**4*sin(x4 + x5)*sin(x6 - 517.004))',2.810024955779422e-11,409,19,58,12,1024,paper,6,0,2148995112
60.000710376072675,'x2 + x3 + sin(x0) + 2*sin(x7**(1/4)) - sin(sqrt(x7)) + sin(0.00254579*x8) + sin(x1 + sin(0.00254579*x8)) + sin(x2/x3 + x5) + sin(x1 + x11 + cos(x2)) + sin(x1 + x11 + 2*cos(x2)) + 2*cos(x1**2) + (sqrt(x9)*cos(x2) + x5*(x1*x5 + (719.407531738281 - x7)/(x1**2 + x5/(-1.10934*x1 + 0.00145094*x2*(-x3 + sin(x2)))))*(x1*x5 + 484.399780273438/(x5 - 149.721))/(x2*x3))/(x2 + 37.6859)',7.892203330993652,409,20,58,12,1024,paper,6,0,1592565386
60.00152834493201,'sqrt(2*x2**2 + 434.463*x3 - 48.1847*sqrt(x0**2*(x1**2 - x5)**2 + 11*x2**2 - 1832.68*x3 - 1832.68*x6 + 5*x7 + 507789.0) + 5*exp(x1) + (x5**3 + 3*x9)/x2)',86.2275161743164,409,21,58,12,1024,paper,6,0,784044718
60.001298621995375,'x4 + x5 + x6 + sin(x5)*sin(cos(x6 + cos(x1 + x4)))/((x1 + x4 + (2*x4 + x5)*(2*x5 + x6 + x6/x10)/(x1 + 3*x4 + x5 + 2*x6) + (x4 + x6 + (x5/x6)**(2*cos(x4 + 3*x6)) + (x4 + x5)*(x4 + x5 + 3*x6)/(2*x4 + 2*x5 + x6) - 319.746)/sin(x4))*(x1 + 4*x4 + 2*x5 + x6 + sin(x4 + x5)))',6.824346643341528e-11,409,22,58,12,1024,paper,6,0,3980425317
60.00185332400724,'x1 + cos(0.00315495*x9) + cos(x3/x0) + cos(x11*cos(x5)) + 2*cos(x9/x5) + cos(x9*exp(-x7)) + cos(x1 + x2) + cos(x1 + cos(x0)) + cos(0.00193416*x11 - cos(x6)) + cos(x2 + exp(cos(x9))) + cos(x3 + cos(x5)) + cos(x1 + x9*exp(-x7) + cos(x5)) + cos(x1 + cos(x1**2) - 410.848541259766*exp(-x7)) + cos(x1 + cos(x1**2) + cos(x0 + x2**2)) + cos(134.886352539063*exp(-x7)) + cos(360.773193359375*exp(-x7)) + Abs(x2 + x3) + x5**4/x3**4',24.749940872192383,409,23,58,12,1024,paper,6,0,3356806661
60.00084672099911,'x2 + x3 + log(((-x7*exp(4*cos(x2/x5))*exp(4*cos(x2*(x1 + sin(x2 + x2/x5))/(x2 + cos(x3**2) + cos((x3 + x6)**2) + cos(exp(4*cos(exp(2*x0)))))))*exp(4*cos(x2 + 2*x3 + exp(16*cos(log(x5)))))*exp(8*cos(log(x5))) + 3.45534)**2 - 0.0111054*(x7 - (3*x3 + exp(2*exp(cos(exp(16*cos(x4))))))*exp(2*cos(cos(x11*x2))) + 141014.244182155/(x5 + exp(exp(x7))))*cos(x1))**2)',131.72726440429688,409,24,58,12,1024,paper,6,0,2765379632
60.001080792048015,'x1 + x2 + x3 + exp(-cos(x10) + 2*x5/x2) + exp(-cos(sqrt(x5)) + cos(exp(sin(x2)))) + exp(exp(cos(x11))) + log(log(sin(x0)**2)**4) + log(cos(x10)**2) + sin(x5) + sin(sqrt(x6)) + 3*cos(x1) + cos(x10) + 3*cos(x2**2) + cos(x5) + 2*cos(x8*cos(x5)) + cos(x1 + cos(x2)) + 2*cos(x3 + sin(x2)) + cos(exp(exp(cos(x7)))) + 2*cos(log(x5)) + cos(log(x9))',33.982784271240234,409,25,58,12,1024,paper,6,0,1728356533
60.00237122899853,'x4 + x5 + x6 + sin((-x5 + cos(x2))**2)**4/(sqrt(x3) + x4 + x5 + ((x9 + (x2**2 + x2 + x3 + x5)/(x2 + 6.20269065424668e-413/((x5 + x6)**2*sin(x2)**2)))/(x4*x5**(exp(x1)/2)))**cos(x5/(sqrt(x11)*sin(x2))) - 512.988 + (x3 + exp(x1))**2/x4**2)**2',4.8171855393519536e-11,409,26,58,12,1024,paper,6,0,3533734220
60.00153984397184,'log((0.0362597*x2**2 + x3 + 13*x4 + 0.164237*x6**2 + x6 - x7 + (-2*x1 + x5 - exp(exp(sin(x8))) - log((-x4**2 + (x5 - log(x4**4))**2)**2) - sin(x4) - 371.100341796875/x4)**2 - log((-x4**2 + x5**2)**4)**2 - log(((-x0**2 - x0 + x5 - log(x5**4) - 1.48401)**2 - log((-x9 + (x5 - 2*x7)**4)**2)**2)**4)**2 - 1163.65380859375)**2)**2',706.61962890625,409,27,58,12,1024,paper,6,0,2342600226
60.00196055602282,'x2 + x3 + 0.0548211*x5 + (x5/x1)**sin(2*x2 + cos(x6)) + ((x5/log(log(x11)))**cos(sqrt(x4)))**cos(x11) + log(sin(sin(sin(sin(cos(x10)/sin(sqrt(x4)))))**2)**2) + sin(x6) + sin(86.5278 + x5/x1) + 2*sin(x1 + x11) + sin(x7/cos(x5) - 33.2848) + sin(2*x2 + sqrt(x3) + x3) + sin(2*x2 + sqrt(x3) + x3 + sin(x2)) + 7*cos(x1) + cos(x2) + 2*cos(x5)',15.441317558288574,409,28,58,12,1024,paper,6,0,1904449481
60.00102093897294,'x2 + x3 + exp(exp(cos(x3 + cos(log(x8)/cos(x3))))) + log(0.588065 + exp(cos(404.911682128906/cos(sqrt(x2)))/cos(sqrt(x2)))*cos(x7)/sqrt(x5)) + log(x7**(1/4) + (sqrt(x9)*x9**(exp(cos(x1))/2)*exp(cos(459.693*x2)/cos(sqrt(x2)))/(sqrt(x11) - log(x7)) + exp(cos(x4**2)))*sin(x2)**2/sqrt(x11)) + cos(x1**11.4939) + cos(x1**(sqrt(x6))) + cos(x1**(2*exp(cos(x6/sqrt(x11))))) + cos(x1**(2*exp(cos(cos(log(x2)))))) + cos(x8) + cos(507.587*x9)',8.083751678466797,409,29,58,12,1024,paper,6,0,1934709049
60.001076044049114,'-x0 + x1 + x2 + x3 + exp(x5**2/x2**2) + exp(x5**2/x3**2) - cos(0.166276*x7) - cos(x7/x1)',65.57412719726562,409,0,58,12,2048,paper,4,0,3324115916
60.0024083040189,'x4 + x5 + x6 + 0.011768/(x4*x6*log(9.97331e-6*x6 + 9.97331e-6*x9 + 6.10414e-6))',5.620049911558844e-11,409,1,58,12,2048,paper,4,0,2811363264
60.003000424942,'8.36021310299494e-6*x10*sqrt(x5)/x3**3 + x4 + x5 + x6',8.028643028179516e-11,409,2,58,12,2048,paper,4,0,1884968544
60.0011808979325,'x4 + x5 + x6 + 177.632568359375/((x10 + x9)*(x3 + 514.065) - (9.95613e+8**cos(sin(x0)) - 9.95613e+8)**2/x9**2)',2.4085927696759768e-11,409,3,58,12,2048,paper,4,0,1859786275
60.00034364697058,'x1 + x2 + x3 + exp(5.59119*x5**2/x10) + 2*cos(x1) + cos(log(x2))/cos(x3 + 62.9585)',35.0011100769043,409,4,58,12,2048,paper,4,0,3687649985
60.0012727790745,'x2 + x3 + x5*log(exp(-2*x1)*log(cos(sin(x10)))**2*sin(x2 + 20.7576)**8)**2/(x3*(0.00203478*x11 + 0.00203478*x7))',34.33217239379883,409,5,58,12,2048,paper,4,0,369133708
60.002283003996126,'x2 + x3 + x7/exp(3.7635e-5*x4/exp(sqrt(x0*x7))**cos(221.385 + exp(x1)/x1))**(1/4)',0.02872529625892639,409,6,58,12,2048,paper,4,0,2995172877
60.00189790490549,'sqrt(x2*x4 + x6**2 + sqrt(2*x4**2 + (x3 + x5)*(x4 + x5))*(1.22908*x5 + 1.22908*x6))',10.08026123046875,409,7,58,12,2048,paper,4,0,865305066
60.001654600026086,'x4 + x5 + x6 - 7.31894e-6*sin(446.376*x6**2/cos(cos(x8))) + sin(4.35754e-6*sin(0.0334832*x6))',4.8171855393519536e-11,409,8,58,12,2048,paper,4,0,404488628
60.00015438697301,'x2 + x3 + 6.39487*cos(x1) + x5**2*log(3.6001*x5)*log(3*x7 + 3.6001)/x2**2',57.05130386352539,409,9,58,12,2048,paper,4,0,2261209995
60.000284062931314,'x4 + x5 + x6 + 2*x5/(x11*x4*(1.0*x3/sin(sqrt(x5)) + 2*x5 + 1.93303e-167))',7.22577830902793e-11,409,10,58,12,2048,paper,4,0,4190266092
60.000908950925805,'x2 + x3 + sqrt(x5)*cos(x1**2) + log(x1) + x5**2*cos(x11)/x4**2 + 2*x5**2/x4**2',93.33733367919922,409,11,58,12,2048,paper,4,0,3160032368
60.00181297108065,'(x4 + x5 + x6)*cos(5.9965e-5*exp(sin(sin(x10)))/x5)*cos(4.07973e-35*exp(-x4 + 0.68169*x5))',5.620049911558844e-11,409,12,58,12,2048,paper,4,0,3269070126
60.00043803395238,'x4 + x5 + x6 + x6/(257.353**exp(exp(sin(x4 + x6))/2)*x5*(x4 - x7 + 242.673) + x4)',6.422914283765735e-11,409,13,58,12,2048,paper,4,0,3081541439
60.00077396200504,'x2 + x3 + log(x7*(48.828857421875 - exp(x1))**4/(x5 - 240.28)**2 + 585.193176269531/x5**2) + x5**4/(x2**2*x4**2)',43.55110168457031,409,14,58,12,2048,paper,4,0,3376120482
60.00311828299891,'x4 + x5 + x6 + cos(sin(sin(x5**2)))**2/(421.360194921494 - exp(-152.401275634766/(2*x4 + cos(cos(x4)))))**2',8.430074693865919e-11,409,15,58,12,2048,paper,4,0,2204291346
60.00122735102195,'-x0 + x2 + x3 + sqrt(x5) - log(cos(x7/log(x7))**8) + cos(x1) - cos(sqrt(x5)) - cos(0.16369*x7)',230.30162048339844,409,16,58,12,2048,paper,4,0,550243861
60.00021381000988,'x2 + x3 + x5/log(x2 - x5/log(log(x2**2)) - log(x8)) - sqrt(x2 + x5) - sin(sqrt(x2)) - cos(sqrt(x7))',77.2159194946289,409,17,58,12,2048,paper,4,0,3606691181
60.00109892792534,'x4 + x5 + x6 + Abs(x9)**(2*sin(log(x6)) + 2*cos(2*x5 + 6927.43) - 2*cos(cos(sin(x6)**2)))',8.430074693865919e-11,409,18,58,12,2048,paper,4,0,1934392872
60.00189048296306,'x2 + x3 + sin(x7**(1/4)) + cos(2*x1) + Abs(x7)**(cos(exp(exp(4*cos(cos(exp(2*cos(x1)))))))**2)',1.3958553075790405,409,19,58,12,2048,paper,4,0,2148995112
60.00090423296206,'x4 + x5 + x6 + (x6 - 65.0477)/(x0*(x10 - x11)*(2*x6 - x7 + log(exp(x6/x0)) + x6/x0))',2.4085927696759768e-11,409,20,58,12,2048,paper,4,0,1592565386
60.001529661007226,'x4 + x5 + x6 + cos((x4 + 415.464 + 604.441162109375/x2**log(log(x5)))**2 + 415.464)/(x4 + 415.464 + 604.441162109375/x4)**2',5.620049911558844e-11,409,21,58,12,2048,paper,4,0,784044718
60.00142152199987,'x4 + x5 + x6 + 0.00170317*(x2/cos(0.00321264*x7) + 2*x5 - 192.647*cos(x5 + 95.5249))/(x4**2*x5)',6.422914283765735e-11,409,22,58,12,2048,paper,4,0,3980425317
60.001821500016376,'x1 + x2 + x3 + x7**(1/4) + 3*cos(x1) + cos(x3) + cos(x8) + sin(sin(x8))/sin(x10)',29.28822898864746,409,23,58,12,2048,paper,4,0,3356806661
60.00225262902677,'x2 + x3 + exp(x0**2/(x2 - 301.297)**2) + exp(2*cos(x1)) + exp(2*cos(x8)) + sin(sin(log(cos(x5)**2)))/cos(x9)',33.72621154785156,409,24,58,12,2048,paper,4,0,2765379632
60.00081390608102,'x4 + x5 + x6 + (384.549**x2 + x4)**(-471.419) - x7/(x2*(19.6099**exp(2*sin(x0)) + 351408.0))',6.824346643341528e-11,409,25,58,12,2048,paper,4,0,1728356533
60.00070144899655,'x2 + x3 + x5/sqrt(x2 + x3 - x5 + 9.73605) + log(x1)*log(x5)*cos(x1) - 6.41082*exp(-x7)',52.97858810424805,409,26,58,12,2048,paper,4,0,3533734220
60.00297972699627,'x4 + x6 + sqrt(x6**(-306.676)) + Abs(x5) + cos(x4)/(x6**x1*cos(x4)/x9 + 208505.0)',5.2186178989277465e-11,409,27,58,12,2048,paper,4,0,2342600226
60.003092076047324,'-x0 + x2 + x3 + 2*sqrt(x5) - sqrt(0.00206911*x10 - x4 + 33.8196) + sin(x5)**2/Abs(cos(x9))',77.33576965332031,409,28,58,12,2048,paper,4,0,1904449481
60.001403753994964,'x1 + x2 + x3 + exp(2*cos(90.7295532226563*exp(-x1))) - 7.39123*exp(-x7/2) - x7*log(log(x1))/(x3*cos(x9))',61.39738845825195,409,29,58,12,2048,paper,4,0,1934709049
60.0029795760056,'x2 + x3 - 0.0125003*x7 + exp(0.00972136*x5 + cos(x1**2)) + exp(cos(x11) + cos(x2**2) + x5/x3) + exp(cos(x3)) + log((-0.988613**x2 - x7 + (x7 + ((-2*x7 + sin(x4))**2*exp(cos(x3)) + exp(cos(sqrt(x6))))**sin(cos(x1**2))*(-x7 + (x7*(-sqrt(x4) - 2*x7 + 36.4091796875)**2 + exp(cos(x3)))**sin(x11 + x2) - exp(cos(x2**2)))**2)**sin(x2 + sin(x7**4 - exp(cos(x7)))))**2*sin(sin(sin(sin(exp(2*cos(cos(x1**2)))))))**2) + 2*cos(x1) + cos(x9)',16.69874382019043,409,0,58,12,2048,paper,6,0,3324115916
60.00197340908926,'x4 + x5 + x6 + sin(x7*sin(sin(2*x4) + sin(x5))/(x6*(2*x4 - 1.45336*x5 + (x1 + x5 - 2.45336*x5/(-x2 + x4 - 0.453364*x5 + (x1 + x5 + sin(2*x4) + sin(x5) - 109.976)/sin(x5) + cos(x5 + 513.377)) + sin(x5) + sin(x11 + x4) - 110.96)/sin(x5) + cos(0.984569*x5) + 513.377)**2))',4.415753526720856e-11,409,1,58,12,2048,paper,6,0,2811363264
60.003502713982016,'x2 + x3 + (3*x2 + 3*x5 + x6/log(x2 + x2/log(-x11 + (x3 + 2*x7 + 522.547)**2) + x3 - x5) - x7 + 18.6588745117188/cos(log(x5)**2) + 1.59771728515625/(cos(x4**2)*cos(x8)**2))**2/(x2 + log(x7) + log(-x5 + (x1**(log(x1)/cos(x7)) - x11**2 + x3**4 + exp(x3 - 2*x5 + x7/sin(sin(sin(sin(sin(log(sqrt(x2)))))))))**4)/(log(sqrt(x1))*log(sqrt(x7))**2*log(x7)*sin(sin(sqrt(x0)))*cos(cos(sqrt(x5)))))**2',2.2666542530059814,409,2,58,12,2048,paper,6,0,1884968544
60.00383129005786,'x1 + x2 + x3 + exp(exp(sin(x1 + x2 + cos(x6) - 305.455)) - cos(x6) - cos(exp(sin(-3*x1 + x3 + sin(3*x1 + 2*x2 + 2*x3 - cos(x6)) + cos(x10))) - sin(sin(sin(x1 - exp(sin(x6)))))) - cos(exp(-sin(2*x1 + x2 + x3 - cos(x6))))) + sin(x7**(1/4) + 306.916) + cos(x1 + x5) + cos(x1 + cos(x3 + sin(sin(x11)) + cos(x6))) + cos(x3 + sin(x3) - 514.749) + cos(x3 + sin(x3) + cos(x3 + x5))',17.80931854248047,409,3,58,12,2048,paper,6,0,1859786275
60.00179606303573,'x4 + x5 + x6 + sin(x5)/(1.93128e-169*x1 + x11 + x2**2*x8**2*sin(sin(sin(x5))**2/(2*x1 + x4 + 5*x5 + 4*x6 + x7 + sin(2*x6 + sin(x6)/(x1 + x6)) - 151.829)**2)*sin(x5 + x6)**2 + x2*(332.377075195313 - x3) + x5 - sin(x5) + cos(x6)) + sin(x1/(x6 - 151.829) + x5)**2/(2*x6 + 332.377075195313)**2',2.007160757044879e-11,409,4,58,12,2048,paper,6,0,3687649985
60.00295232096687,'x4 + x5 + x6 + sin(199364.695632696*cos(exp(cos(x1)))**2*cos(cos(x5))*cos(cos(log(x2)))/((4.57667e-6*x2 + 0.00245342)*(x0 + x1 + (x1 - 360.85)**2 + exp(x0) + log(log(x10*x6 + x4 + x6 + (x1*x3*cos(x2 + 536.071) + x4 + x5 + exp(x0)*cos(x0) + 467.439)**2)) + cos(x0))**2))**2',6.422914283765735e-11,409,5,58,12,2048,paper,6,0,369133708
60.000534781022,'-3*x0 + 2*x1 + x2 + x3 + 5*sqrt(x5) - 6*sqrt(x2 - x5 + 123.274) - sqrt(-x1 + sqrt(x10) - x5 - 6.41956) + 2*log(x8) - log(cos(x2)**2) - 2*sin(sqrt(x2)) - 2*sin(x10 + x2) - sin(x10 + x9) + sin(x3 - log(x2)) + 29.8629',85.79695129394531,409,7,58,12,2048,paper,6,0,865305066
60.00337217899505,'x4 + x5 + x6 + 1.71671e-29*(x6 + 442.843*(2*x4 + x5*(cos((2*x3 + x4)**2) + 0.541515) + x5 + 3*x6 + x7 + (x3 + x4 + 376.608)**4 + (x3 + x4 + 376.608)**2 + 851.994)/x5)**2*(-x0**2/cos(x9 + 376.608)**2 - x0**2/cos(x0 + x9)**2 + x5 + x6 + (111.440063476563 - x7)*(x0 + cos((x3 + x4 + 376.608)**2)) + 258.928466796875)/(sqrt(x4 + x6*(x6 + 442.843)) + 442.843)',3.2114571418828675e-11,409,6,58,12,2048,paper,6,0,2995172877
60.00164458504878,'3*sqrt(x4) + 0.0140541*x4 + x5 + x6 + log(sqrt(x4)) + 2*log(x4) - log(-45.6786*x5*(1608.48*sin(x4**2 - x9) - 537667.0/x2)/x4**2) + log(596.68*x11 + 352986.0*x9 + 4.79378e+8)*cos(log(x4)) + sin(0.357273*x9) + sin(sin(0.76537*x6**2)) + sin(sin(sqrt(x4) + x5 + sin(x3))) + cos(x2 - log(x8)) + 2*cos(log(x11)) + 25.7325*cos(log(x4)) + 61.6264 + x9/x11',0.8551985621452332,409,8,58,12,2048,paper,6,0,404488628
60.001903520082124,'x4 + x5 + x6 - (x4 + x5 + sin(2*x5 + x6))/((x4 + (x5 - x6 + (x10 + x5 + sin(x10 + x4 + log(x3**2 + 5.94272)) - 1/2)/((x5 + x6)**x4*(x5 + x6)**x5*log(x4)))/log(x4))**x4*log(x4))',6.824346643341528e-11,409,9,58,12,2048,paper,6,0,2261209995
60.00187508808449,'sqrt(x2*(x3 + x5 - log(7.86e+13*x0**8*x1**4*x2**16*x5**9*(x0 - (0.0103318*x5 - 2.19068)**2)**8*(x3 - 222.608)**8*(x5 - 230.648)**32*(x6 - 230.648)**16*(-x0 + sqrt(x1) + 251614.046967044*exp(-2*x1))**4*sin(sqrt(x10))**2*cos(x2)**4/(x3**40*x4**6*x6**40)) + 424.875 - 1.42495e+6/x3**2 - (-739.121*x1 + 2*x7/cos(x9))/x2))',29.01142692565918,409,10,58,12,2048,paper,6,0,4190266092
60.000925992033444,'x2 + x3 + (exp(x1) + exp(exp(exp(cos((x5 + exp((x0 + x1 + x2 + x7 + exp(exp(exp(cos(exp(19.0483**cos((x2 + exp(x0))/x5)))))))**(1/4)))/x5)))) + 2*cos(x1) - 16.0475)**(1/4) + exp((0.0453247*sqrt((x2 + cos(sqrt(x7)))**2))**cos((x2 + exp(x0))/x5)) + exp((0.0453247*Abs(x2))**cos((x2 + exp(x0))/x5)) + 3*cos(x1) + cos(x3) + cos(x5) + cos(x8) + cos(log(x9))',24.284099578857422,409,11,58,12,2048,paper,6,0,3160032368
60.00078276102431,'x2 + x2*x5*x6*sqrt(sqrt(x11) + x5 + x5/sqrt(x4))/(sqrt(x3)*(x2 + x3*exp(-x0))*(x3 + exp(0.0108229*x7)/cos(log(x3)) + exp(-2*x7)*exp(2*x5*sqrt(x3 + x5)/x3))*sqrt(x3 + x3*exp(-x0) + x5/(x6 - 111.136) + x7 + 273.023*(x6 - 110.023)*exp(x0)/x5**2 + 79.9105834960938/(x4*(x6 - 110.023)*sin(x2)))) + x3 + x5**2*sqrt(x5 + x6)*(x5 + x5/(x6 - 111.136))/(sqrt(x11)*x2*(x2 + exp(79.9105834960938*exp(-x7))))',4.348421573638916,409,12,58,12,2048,paper,6,0,3269070126
60.00228551705368,'x2 + x3 + 2*(x5**2/x4**2)**cos(x11) + (x5**2/x4**2)**cos(x3 + cos(x1)) + log(x7 + cos(x10)**2/x2) + sin(x5) + 2*sin(x1 + x10) + 6*cos(x1) + 2*cos(x1**2) + cos(x3) + cos(426.940734863281/x5) + cos(430.283233642578/x5) + cos(x5) + cos(98.2958*x5) + cos(x9) + cos(x5/x4) + cos((x2 + 328.925)**2) + cos(x2 + x3) + cos(log(x4)) + x5**2/x4**2',15.15260124206543,409,13,58,12,2048,paper,6,0,3081541439
60.00294591905549,'x2 + x3 + exp(exp(sin(2*x2 - exp(exp(sin(x8 + 100.003)*cos(x1)**2)*sin(x0)) + cos(2*x2 + exp(cos(x2 + exp(sin(x2 + x8)*cos(sin(cos(x3)))) + exp(sin(x9)))))**8))) + exp(exp(sin(2*x2 - exp(exp(sin(x5/cos(x7)))**cos(sin(x5**2))*sin(x0)) + cos(2*x2 + exp(sin(sin(cos(2*x2 + exp(sin(sin(x9))))))))**8))) + exp(exp(sin(2*x2 - exp(sin(x8)**2*sin(sin(x0**2 - 77.3032))) + cos(x2 + 280.912)**2))) + cos(x11)/sin(sqrt(x4))',40.496437072753906,409,14,58,12,2048,paper,6,0,3376120482
60.000647070934065,'x2 + 1.04836*x3 + exp(x0/(-x3*(-cos((53.1710321903229 - 2.05649*x3)*sin(cos(9458.4*x1*x7 + 4.79297)) - 253.891) - 0.0278542) + 25.4401 + x6/x1)) + 5.1366*cos(x1) + 1.02732*cos(x3) + 1.02732*cos(x3/x0) + 1.02732*cos(2*x2 - 354.171) + 1.02732*cos(exp(cos(x7**(1/4)))) + 1.02732*cos(exp(cos(4.97558*x7**(1/4)))) + 1.02732*cos(exp(cos((x1*x7)**(1/4)))) + 1.02732*cos(exp(cos(x7**(1/4)*sqrt(Abs(x2)))))',13.932360649108887,409,16,58,12,2048,paper,6,0,550243861
60.001401262008585,'x2 + x3 + sqrt(x5*exp(cos(x1 + exp(sqrt(x5))))*exp(cos(x1 + cos(sqrt((x1 + cos(x5*exp(cos(x9 + 0.690458))))*exp(cos(x5 - log(x0) + 440.386840820313)))*exp(cos(4.17661*x0)/2)*exp(cos(32133.2*x5*exp(x1))/2) + cos(x3))))*exp(cos(51.4501*x1 + 51.4501*x3 - 51.4501*x5 + 51.4501*exp(sqrt(x5)) + 51.4501*cos((-x5 + cos(1.31096e+15*sqrt(x5)*exp(x0/2 - x5/2)))**2/x3))))*exp(cos(399.984*x0**2)/2)*exp(cos(-x5 + exp(cos(x2)) + cos(x3 + 483.488))/2)',18.598169326782227,409,15,58,12,2048,paper,6,0,2204291346
60.002991067944095,'-x0 + x2 + x3 + sqrt(x5) - sqrt(x5*exp(-sqrt(x7))) + (-x1 + sqrt(x5))*(sqrt(x1) - sin((sqrt(x1) + sin(sin((sqrt(x1) + sin(sin(-x2**2 + x2 + x3 + sqrt(x5) - sin(7.53994*sqrt(x1))) - 134.002746582031))**2) - 134.002746582031))**2) - sin((sqrt(x1) + sin(sin(x2 + x3 + sqrt(x5) - sin(sqrt(x1)*Abs(x2)) - sin(sin(x2**2))) + 582.340209960938))**2))**2 - sin(sqrt(x2)) - 2*sin(sqrt(x1*sqrt(x7))) - sin(-x2 + x3 + sqrt(x7) - sin(x2 + x3 - sin(x5**2)) + 552.783) - cos(sqrt(x5))',27.574954986572266,409,17,58,12,2048,paper,6,0,3606691181
60.00028920196928,'x1 + x2 + x3 - sin(sqrt(x7) - 376.487548828125) - sin(sqrt(x7) - 5.79876708984375) - sin(sqrt(x7) + sin(x7 + 560.838928222656)) + sin(x1*cos(x1**2) - sqrt(x7)) + sin(x1*cos(cos(sqrt(exp(sqrt(x7)))/x1)) - 236.712) + sin(149.78*cos(x1) - 538.165) + 2*sin(6.42106*cos(cos(sqrt(exp(sqrt(x7)))/x1)) - 614.655) + sin(6.42106*cos(cos(sqrt(exp(sqrt(x7)))/x1)) - 331.947) + (3*x5 + sqrt(exp(sqrt(exp(sqrt(x5)))/x2)))/x2 + sqrt(exp(sqrt(x5)))/x2',7.028604984283447,409,19,58,12,2048,paper,6,0,2148995112
60.002638350008056,'x1 + x2 + x3 + sqrt(x5)*exp(-exp(-sin((exp(2*sin(x4)) + cos(x3))**2)**4)*sin(x1 + x3 + exp(2*sin(x1*exp(-cos(x1))))))*exp(-sin(x1*exp(-sin(x1*exp(-cos(exp(sin(x3*exp(-sin(x1**2)**2))))**4))**4)*exp(-sin((x2 + cos(x1 + 2*x2 + sqrt(x5)*exp(-sin(x3*exp(-sin(cos(cos(x3))**2)**2)/cos(cos(x3))**2)) + cos(sin(sin(sin(cos(2*x2)**2)**2)))))**2)**4)))*exp(sin(sin(380.228/cos(x1)**2))) + cos(x1) + cos(x5) - 335.869812011719/x5',21.727869033813477,409,18,58,12,2048,paper,6,0,1934392872
60.00050385296345,'x4 + x5 + x6 + (3*x4 + x5 + x6**4*cos(3*x4 + x5)/(x4 + x5 + x6**4 + 2*x6 + (x4 + x6**4 + sin(x1))*cos(2*x4 + x5 + (x0 + x4 + x5)*(x0 + 3*x4 - x5 + x6**4 + 385.483)/((x4 + x5 + x6)*(x4 + x6 + 1286.38)*(x5 + x6 + 260.873))) + 276.173) + x6)*cos(x4 + x5)/(2*x4 + x5 + x6**4 + 3*x6)',6.422914283765735e-11,409,20,58,12,2048,paper,6,0,1592565386
60.00237098301295,'x2 + x3 + sqrt(x5)*sqrt(x5 + sqrt(x7))*sin(x2)**8*sin(exp(sqrt(x5)*sin(x2)**8))**128*sin(exp(cos(16.5979*sin(sin(exp(sqrt(x5)))**2)**4)))**4 + sqrt(x5)*sin(exp(cos(sqrt(x5 + 19.6303*cos(x9)**2)*sin(exp(sqrt(x5)))**4)))**8 + sqrt(x5)*sin(sin(x2))**2 + sqrt(x5)*sin(sin(x2 + x3 + sin(5.13346*sin(x5))**2)**8)**2 + sqrt(x5)*cos(x1) + sin(x5 + log(x0)**2) + cos(346.906*x3)',12.815075874328613,409,22,58,12,2048,paper,6,0,3980425317
60.00148254504893,'1.00637*x2 + x3 + x5/(1.43065**(sqrt(x2) - x7) + sqrt((286.396**sin(x0**2) + 117.735)/sqrt(x2 + exp(x1) + exp(Abs(x1)**(2*sin(x10)))**(-x2 + x3)) + sqrt(x3 - x5 + (x5**2/sqrt(x4))**(x7**(x2 - x2**(x3 - 2*x7)) + cos(x10/log(log(x2**2)))) + 173.944) + (-x0*x4 + x3 + x6 + exp(x2**0.349962))**(cos(sqrt(x5 + 473.469))/2))) - 0.00637365*x6 + 474.528686523438/(-x2 + x2**(x2 - x5) + x3 + sqrt(x2 - 5.51273))',0.39255067706108093,409,21,58,12,2048,paper,6,0,784044718
60.00100973097142,'x2 + x3 + log(x2*exp(-exp(sin(x7 + 66.7581)))*exp(-exp(cos(x7**0.320765)))*exp(-exp(cos(x7**5.58775)))*exp(-2*sin(x1**2))*exp(-sin(sqrt(x7)))*exp(-sin(x1 + log(x3)))*exp(-sin(2*x2 + sin(x11)))*exp(-sin((log(x2) + 258.776)**2))*exp(-sin(x1**2 + x1 + sin(x4)))*exp(-cos(x7**0.320765))*exp(-cos(x7**0.386048))*exp(-2*cos(x7**0.392571))/(sin(sin(x2 - 16.8683))**4*cos(x0 + sqrt(x1**2 + x2 - 0.300544))**4))',4.901479721069336,409,23,58,12,2048,paper,6,0,3356806661
60.00109895004425,'x4 + x5 + x6 - sin((x4 + x5 + x6 + (-x5 - 392.825805664063)**2)/x1**x4) - sin((x4 + sin(sin((x6 + 99.183)/x2)) + sin(sin(x6 - sin(x9)**4 + sin(sin(sin((x6 + 99.183)/x2))) - 0.860628))**2/sin((x4 + sin((x6 + (-x5 - 392.825805664063)**2 + sin(sin((99.183 + (-x5 - 392.825805664063)/x2)/x5)))/x1**(log(545.824462890625/(2*x4 - x5 + sqrt(x9) - 392.825805664063)**4)*sin(x0))))/(sin(sin(x6)) + 0.294029))**2)/(x6 - sin(sin(log(x4)))**2 + 0.294029))**2/(x6 + 99.183)**2',4.415753526720856e-11,409,24,58,12,2048,paper,6,0,2765379632
60.0028946219245,'x4 + x5 + x6 + (-x8 + (((x4 + x5)**cos(x8) + (cos(cos(x4)) + Abs(x8)**(2*cos(x9 + cos(x6 + cos(x6)))))**2)**(-560.041))**x4 - cos(x8**2) + Abs(x8)**(2*cos(x10**2)) - Abs(x8)**(2*cos(x9 + cos(cos(cos(x5 + x6 + 542.578)) - 212.242))))**(-0.607883) - 1/((45046.5**cos(x9 + cos(cos(cos(x5 + 542.578)) - 212.242)) - x5 - x8 + cos(cos(x5 + cos(x10**2) + 542.578)) + Abs(x8)**(2*cos(x8 + 543.735)))**2)**0.607883 + Abs(x10)**(-1.21577)',1.2042963848379884e-11,409,25,58,12,2048,paper,6,0,1728356533
60.000901588005945,'x2 + x3 + log(x5) + log((x7 - cos(x6)/x1)**2) + sin(x1) + sin(7.52279638343802e-6*x2*(x2 + sin(x10))**2) + 2*sin(x2/(x1*log(x9) - cos(x11))) + 2*cos(x1) + cos(x3) + cos(x8) + cos(x2 + x3) + cos(x2 + sin(x2 + x3) + cos(log(x2)) + cos(log(x8)**2)/sin((x2 + cos(x3))**2))/sin(sin(sin(sin(sin(sin(sin((x2 + x3)**2))))))) + cos(x3)/sin((x2 + x3)**2) + cos(x2/cos(cos(sin(x10))))/sin((x2 + x3)**2)',43.53580856323242,409,26,58,12,2048,paper,6,0,3533734220
60.00211628503166,'x2 + x3 + (sqrt(x11) + 2*sqrt(x2) + x3)**(-6.90314e+46*exp(-x1 + x2 - 2*x5) + sin(x3 + x9)) + log(x1**(x1 - sin(sqrt(x7) - 99.4455) - sin(x1 + x2 - sin(x9 + log(x11)))) + x2 - sqrt(x7) - 127.888) + sin(276.245*x5) - sin(x5**2) - 2*sin(x1 + sqrt(x7)) - sin(x1 + log(x11)) - 3*sin(sqrt(x7) + 535.052) - sin(sqrt(x7) + cos(sqrt(x7))) - sin(-x1 + x11 + x2 - x3 + 376.162)',6.951989650726318,409,27,58,12,2048,paper,6,0,2342600226
60.00021252396982,'x5 - x5/(cos(x5) - 588.76416015625/x2) - exp(258.119567871094/x3) - exp(299.595764160156/x6) - exp(exp(cos(2*x1 - exp(exp(cos(x5)))))) - exp(exp(cos(-x1 + exp(exp(cos(-x5 + exp(-113.739288330078/x6) + 235.468200683594/x2))) + cos(sqrt(x2)) + 34.5638))) - exp(exp(cos(2*x1 - x5 + exp(exp(cos(x5))) - 568.699584960938/x3))) - exp(exp(cos(2*x1 - x5 + exp(sin(sin(x9))) + 242.744018554688/x2)**2)) - log(cos(x6)**8) - 2*cos(sqrt(x4)) - cos(x6**2) + 204.792 - 411.699340820313/x4',106.01679992675781,409,28,58,12,2048,paper,6,0,1904449481
60.003416023915634,'2*x1 + x2 + x3 + exp(cos(526.5*x3)) + sin(x1)/cos(sqrt(x2)) + sin(x3**2) + sin(x4) + sin(sin(x1))/cos(sqrt(x2)) + cos(x1) + cos(x1**2) + cos(sqrt(x3)) + cos(327.626*x3) + cos(76.6306*x6) + cos(341.068*x6) + cos(x8) + cos(488.033*x11 + 145541.0) + cos(488.033*x11 + 488.033*sin(x1)) + 2*cos(2*x2 - 202.947) + cos(2*x2 + log(x4)) + cos(x11 + x2 + 526.5) + 2*cos(488.033*sin(x10)) + cos(488.033*sin(sqrt(x3)))',10.087095260620117,409,29,58,12,2048,paper,6,0,1934709049
60.01709184399806,'x4 + x5 + x6 - x7/(-x5 + x6*(x10 - x5 + exp(0.926992/sin(x5)) + 287749.0) - x9)',6.824346643341528e-11,409,0,58,12,4096,paper,4,0,3324115916
60.00518559105694,'x4 + x5 + x6 - x7*log(x5)/x11**2',1.00358034382797e-10,409,1,58,12,4096,paper,4,0,2811363264
60.024563448969275,'x4 + x5 + x6 - 0.00221713*x1/(sqrt(x0)*((x0 - x6)*exp(-sin(x0 + x5)) - 229.411)*log(x6))',8.028643028179516e-11,409,2,58,12,4096,paper,4,0,1884968544
60.01075824396685,'x1 + x2 + x3 + x7**(1/4) - 0.00430605*x7/cos(x9) + sin(sin(sin(x7)))/(cos(x1)*cos(log(x9))) + cos(x1)',35.93844985961914,409,4,58,12,4096,paper,4,0,3687649985
60.0044809919782,'x2 + x3 + (0.0047532*x2**(x2/(x3 + (exp(x1) + 5.34894)**(2*sin(x2**2)))) + exp(x1))**(x5/(x2 + x3))',31.87473487854004,409,3,58,12,4096,paper,4,0,1859786275
60.01034666597843,'x4 + x5 + x6 + (sqrt(x4 + x6) + log(x3))**2*(log(x7 + 0.00533771) + sin(x6))**2/x10**2',8.430074693865919e-11,409,5,58,12,4096,paper,4,0,369133708
60.021313396980986,'sqrt(x1) + x2 + x3 + sqrt(x5) - exp(exp(cos(x7**(1/4)))) + cos(x1) + cos(exp(exp(cos(x7))))/(cos(x2) - 0.309575)',69.12800598144531,409,6,58,12,4096,paper,4,0,2995172877
60.00312799203675,'x4 + x5 + x6 + sqrt((x4**2 - x5 + (215843.0**(sin(x5)**2) + x2)**cos(x9))/510.992**log(sqrt(x10)))',8.028643028179516e-11,409,7,58,12,4096,paper,4,0,865305066
60.012660324107856,'x2 + x3 + cos(x1**2) + (x5*sin(x5)*sin(x5 - 372.538*sqrt(603.151123046875 - x1)) + x5)**2/(x2*sqrt(x3))',58.92955780029297,409,8,58,12,4096,paper,4,0,404488628
60.018256064038724,'x1 + x2 + x3 - x9**(1/4)*(0.00409507400139144*x2 - 0.00819014800278287*x5) - (-x2 - x3 + 3*x5)/(x5 - 244.196)',47.00362014770508,409,9,58,12,4096,paper,4,0,2261209995
60.012694637989625,'x2 + x3 + sqrt((x5**2/x2 + 0.00905222*x5**4/x2**2)**2/(x2 + x3)) + 3*cos(x1)',65.68022918701172,409,10,58,12,4096,paper,4,0,4190266092
60.00973425502889,'x2 + x3 + (2*x7 + cos(x7))**cos(x1 - 401.362) + (2*x7 + cos(x7))**cos(exp(exp(sin(x1)))) - 0.995964',12.650193214416504,409,11,58,12,4096,paper,4,0,3160032368
60.00625682005193,'x4 + x5 + x6',1.0437235797855493e-10,409,12,58,12,4096,paper,4,0,3269070126
60.01126886892598,'x4 + x4**((-2*x4 - 3*x5 - (-x0 + x4)*exp(-x0) - 94.4666137695313)/(x4 + x5)) + x5 + x6',8.028643028179516e-11,409,13,58,12,4096,paper,4,0,3081541439
60.01735002803616,'x4 + x5 + x6 - sin((x3**2 + x9)/(x3**2*(x3/(x6*sin(x5)) + x5 - sqrt(x9))))/x6**2',6.422914283765735e-11,409,14,58,12,4096,paper,4,0,3376120482
60.005357773043215,'x4 + x5 + x5*exp(-x6**2/(x5/log(x7**2) + x6))*sin(x6)/sin(x11) + x6',8.831507053441712e-11,409,15,58,12,4096,paper,4,0,2204291346
60.00458379101474,'x4 + x5 + sqrt((x0**8*x1**8/x2**8 + x6 + exp(4*cos(0.00293586*x8))/(2*x1 + x4)**4)**2)',7.627210668603723e-11,409,16,58,12,4096,paper,4,0,550243861
60.029110289993696,'-x0 + x1*x5**2/(x2*log((x2 - 296.097)**2*(x2 - x3)**2)) + x2 + x3 - log(x2) + cos(52.6646*x3)',68.88843536376953,409,17,58,12,4096,paper,4,0,3606691181
60.002704998943955,'x4 + x5 + x6 + cos(cos(cos(x1 + x3 + log(x4 + x6))))**(2*x4)',1.00358034382797e-10,409,18,58,12,4096,paper,4,0,1934392872
60.025823096046224,'x4 + x5 + x5**(-log(x4) + sin(x4 + x6)) + x6',8.028643028179516e-11,409,19,58,12,4096,paper,4,0,2148995112
60.02883062395267,'x1 + x2 + x3 + (x0 + ((x7*exp(2*x0))**(1.78388e-21*x5**8))**24.2266)**sin(exp(x0)) + cos(x1)',40.8133659362793,409,20,58,12,4096,paper,4,0,1592565386
60.00539967708755,'x4 + x5 + x6 + sin(sin(x5))**2/(-2*x4 - 2*x5 - 178.367431640625)**2',6.021481924189942e-11,409,21,58,12,4096,paper,4,0,784044718
60.0022648909362,'x2 + x3 + 3*sqrt(x5) + x7**(1/4) + cos(x1) + 2*cos(x1**2) - 21.4009',426.11236572265625,409,22,58,12,4096,paper,4,0,3980425317
60.009728572913446,'x2 + x3 + x5*cos(cos(3.48349*sqrt(x7)/sqrt(x6)))/sqrt(log(x7)**2 + 98.3226 + 1.2035126503531/sin(x10))',32.32941436767578,409,23,58,12,4096,paper,4,0,3356806661
60.020329604973085,'x2 + x3 + x5**4/((x2 + x3)**2*(x5 + x7 + exp(sqrt(x5) - x7 + cos(x6)))) + sin(x5) + sin(x7)',35.45877456665039,409,24,58,12,4096,paper,4,0,2765379632
60.00566854304634,'x1 + x2 + x3 + x5/((x2**2/x5**2)**(x1**2)*exp(-sin(x10))*exp(-cos(x8)) + (x1 + x7**(-106.624))**(1/4))',39.717716217041016,409,25,58,12,4096,paper,4,0,1728356533
60.00823187199421,'x1 + x2 + x3 + (x5**(cos(410.017*x7 + log(x3))**16))**(0.948079*cos(x11)) - log(cos(x1**2)**2)',40.50697326660156,409,26,58,12,4096,paper,4,0,3533734220
60.011777951032855,'x2 + x3 + 2*Abs(sin(x11))**(2*sin(sqrt(x8))) + Abs(sin(sin(x0)))**(2*sin(exp(sqrt(x3 + x7))))',93.3478775024414,409,27,58,12,4096,paper,4,0,2342600226
60.009004267980345,'x2 + x3 + sqrt(x5)*cos(x1) + 2*sqrt(x5) - log(x9) - log(cos(x9)**8) + cos(x11) - 5.52421',292.9521484375,409,28,58,12,4096,paper,4,0,1904449481
60.006620674044825,'x2 + x3 + exp(exp((x5 + log(x7))/(x3 + x4))) + 3*cos(x1) + cos(x3) + cos(x3 + 156.055)',49.58262634277344,409,29,58,12,4096,paper,4,0,1934709049
60.00616073794663,'x2 + x3 + (-(-sin(x1) + sin(x1 + x2 + x3 + exp(cos(2*x1 + 2*x2)) + sin(sin(x1))))**2 - (sin(4*x1 + 4*x3 + x5) - cos(x1 + x2 + x3 + (2*x1 + 2*x2)**2 - 508.843))**2 - exp(sin(x1 + exp(cos(2*x1 + 3*x2 + x3 + (2*x1 + 2*x2)**2 - 101.571)**8))) + sin(x1 + x3))**2 - exp(cos(x1 + x5 + 97258.3826036761/x5**2)) + sin(x5 + (x1 + x5)**2 + 613.75)',58.695274353027344,409,0,58,12,4096,paper,6,0,3324115916
60.00350143399555,'x4 + x5 + x6 - sin(exp(cos(cos(0.00779253*cos((x4 + x5)**2))))/(x8*(-x4 - 2*x5 + 2*x6 - cos(x5/(x4 + cos(x5))) - 137.258850097656/(-x4 - x5 + x6 + (sin(296.403991699219/(x5 - 51.3542)) + cos(0.0072855*sin(x8/(x5 + sin(x9*sin(x11))))))**2 - cos((sin(296.403991699219/(x5 - 51.3542)) + cos(0.0072855*sin(x8/(x5 + sin(x9*sin(x8))))))**2)))))',6.824346643341528e-11,409,1,58,12,4096,paper,6,0,2811363264
60.00495241896715,'x1 + x2 + x3 + sqrt((2*sin(x1) + Abs(-x2 + x3 + x5)**(2*sin(24.3172**sin(log(2*x5 + 179.894)))))**sin(x3) + ((((x2 - x3 - x5 + 16.4301 - 0.999976/cos(x3 + 212.609)**2)**2 + Abs(-x2 + x3 + x5)**(2*x5**(sin(log(3*x5))/2)) - 0.999988)**2)**sin(x5))**(1/4)) + 3*cos(x1) + cos(x3) + cos(x5) + cos(x8) + cos(x3 + x4**2 + x5) + 2*cos(exp(cos(x7**(1/4)))) + cos(log(x4))',13.52383041381836,409,2,58,12,4096,paper,6,0,1884968544
60.02247321594041,'x5 + x6 + 8.03377499376233e-11*sqrt((x5 + sqrt(x8*(x4 + x8)*exp(-exp(x4*(-exp(2*x4 + x5 + 2*x6 - x6**x5) - 46.4895629882813)) + cos(x7))))*(x6 + x8)*exp(-exp(x5*(-x4 - x5 + x6 - sqrt(exp(-exp(x4*(-exp(2*x4 + x5 + 2*x6 - x6**exp(x5*(-exp(x4 + 2*x6 - x8**x5 - 46.4895629882813/x4) - 46.4895629882813))) - 46.4895629882813)) + cos(x7)))*Abs(x5) - 46.4895629882813)))) + Abs(x4)',8.028643028179516e-11,409,3,58,12,4096,paper,6,0,1859786275
60.015100457007065,'-x4**2/Abs(x4) + 2*x4 + x5 + x6 - 8.86935e-346*exp(-397.256*x4*(x9 - 533.303)**(x4**2) - 397.256*x4 - 397.256*x4/log(x4)**(x4**2/2) - 397.256*x5 - 397.256*x5/(-x4 + x6) - 397.256*x6 - 397.256*x9)',4.415753526720856e-11,409,4,58,12,4096,paper,6,0,3687649985
60.0050122810062,'x4 + x5 + x6 + 8.48962e-6*cos(sqrt(x2/cos(x5 + sin(x3)**2*sin(x6)**4/cos(x6/(x4 + x5))**4) + x4 + 173670.0))**2',6.422914283765735e-11,409,5,58,12,4096,paper,6,0,369133708
60.01938098401297,'x2 + x3 + (((-637.996**(x5/(x2 + x3 + x5/sin(sqrt(x2)))) - x5 + 848.517211914063)**2)**(x5/(2*(x2 + x2**sin((x0**2 + x2 + 119.468)/x5)/sin(sqrt(x2)) + 131.897))) + ((-x3 + x5 + x5/cos((x2 - 511.49)**2) - 354.601)**2)**(x5/(2*(x2 - 0.00252342*x3))) + (exp(2*sqrt(x7))**sin(cos(x1)))**0.997207)**0.413803 + sin(x5) + 4*cos(x1**2) + cos(x3) + cos(x5) + cos((x0 + sin(x11))**2)',7.111573696136475,409,6,58,12,4096,paper,6,0,2995172877
60.004511949955486,'x1 + x2 + x3 + cos(x3) + cos(x1 + 292.949768066406*exp(-x7)) + cos(x1 + cos(x1 - 359.819580078125*exp(-x7))) + cos(cos(x3) + 185.871) + cos(367.875610351563*exp(-x7)) + 451.801025390625/(((x3**2 - 615.744)*exp(-x7)/2 - 0.187599)**2 + sqrt((x7 + (x5 + 10.6544)*(2.00002821134997e-5*x1 + 0.00221336372385478*(0.00314047*x3 + x7/(exp(exp(34.0055*cos(x3 + 521.42))) + cos(x11 + sqrt(x6) - sin(x7))**2))**2 + 0.00221336372385478*sqrt((2*x7 + log(x3) - 338.792)**2) - 0.00338796464731) - 168.255)**2))',4.74297571182251,409,7,58,12,4096,paper,6,0,865305066
60.029518889961764,'x1 + x2 + x3 + x5/log(x2**2*x3**2*(x2 - x3 + sin(x2) + sin(x3))**2/x5**4) + sin(x0) + sin(x0 - sin(x6)) + sin(x0 - sin(x1 + x11)) + sin(x2 + sqrt(x5)) + sin(2*x2 + sin(sqrt(x2))) + sin(2*x2 + sin(sqrt(x3))) + sin(x2 + x7 - 443.385) + sin(log(x2)**2) + sin(log((153.223*x7 + 208.909)*log(sqrt(x1)))) + sin(log((208.909*x7 + 208.909)*log(sqrt(x1)))) + cos(x1) + cos(x1**2) + cos(x2**2) + cos(x4**2) - 8.24344',31.276371002197266,409,8,58,12,4096,paper,6,0,404488628
60.005044970079325,'x4 + x5 + x6 - (x5 - sqrt(x2 + 210.489))**(-sqrt(x5 - (x5 - sqrt(x6))**(-(x5 + (x5 - 2.07762e-6)**x2)**(-x2 + x5 - x6 - 0.878197*x7 - sqrt((322.014**(cos(cos(x6))**((x5 - sqrt(cos(cos(x4/x11))))/x5**(1/4))))**(-x2 - sqrt(x5) + 322.013916015625)) - log(557.059*x6) + cos(x5) + cos(cos(x4/x5)) + 578.714) + cos(x4**(sqrt(x4)) - x6))) + (322.014**(cos(cos(x6))**((x5 - 17.9447)/x5**(1/4))))**(-x2 - sqrt(x5) + x5)) + 0.000669023/x2',7.22577830902793e-11,409,10,58,12,4096,paper,6,0,4190266092
60.01117259799503,'x4 + x5 + x6 + sqrt(sin((x4 + 369.949)**2*(x4 + x5 + 0.0519911*sqrt(sin(x10*(x4 + 2*x6)*sin((x4 + 369.949)**2*(x4 + x5 + sqrt(1/x6)*Abs(sin(268160.0*x10*(2*x4 + 2*x5 + x6)))))**2)**2)))**2/(268160.0*x10 + x6))',8.430074693865919e-11,409,9,58,12,4096,paper,6,0,2261209995
60.016207213979214,'x10**(613.357421875*x5**2/(x10*x4**2))*sin(x9) + x2 + x3 + sqrt(x5) + sin(x0) + 2*sin(x5) + sin(142.612*x5) + sin(x0 - 535.24) + sin(x1 + x11) + sin(x1 + x4) + sin(x4 + 2*x5) + sin(x8 + 549.358) + sin(x3 + x5 + x7) + 4*cos(x1) - 1.99976 + x5**2*sin(x9)*sin(x1**2 + x2)/x4**2 + x5**2*sin(2*x2 - 0.999881)/x4**2 + x5**2*sin(x2 + x3 + x4 - 509.526)/x4**2',12.649911880493164,409,11,58,12,4096,paper,6,0,3160032368
60.01497139991261,'x4 + x5 + x6 - exp(-x4 + exp(x2/(x4 + log(exp(x4)*log(x8))))) - exp(-x4 + exp(x2/(x5 + log(exp(-389.241*sin(x4))*log(sqrt(x10 + x2*(x2**2 + 0.0025691*x4 + x4/(x5 + x6 - 85.5047731399536 + 291.65673828125/(-3.5183*sqrt(x6) + cos(sin(x4)) + 85.789)) + 0.00643466*cos((x5 + 5.48615)**(x8*(-x5 - 238.868743896484)))**(1/4) - 681.572) + 0.999973*x4 - 389.241 + 382.615478515625*log(x5)/x1))))))',9.232939413017505e-11,409,12,58,12,4096,paper,6,0,3269070126
60.00706194899976,'x4**2/Abs(x4) + x4/((x4 - 226.9)*(x3 + 2*x4 + x6 - x7 + (x5 + x6)/(-x7 + exp((x5 + x6)/(-x5/(x3 + x6) - x6))))*(x3 - x4 + 2*x4/(-x4 - x5 + x6 + exp(6.31496e+2355*(1/x1)**426.981/sin(x2)) + (x4 + x7)/(-x4 + sin(x6))) - x5 + 2*x6 + Abs(sin(x6)) + x6**2/x4)) + x5 + x6',4.415753526720856e-11,409,13,58,12,4096,paper,6,0,3081541439
60.003678138018586,'x2 + x3 + sqrt(x5) + sin(2*x2) + sin(x3**2) + 2*sin(2*x4) + 2*sin(x1 + log(x1)) + sin(x10 + sin(x3**2)) + sin(x2 + sqrt(x5)) + sin(2*x2 - 0.758636) + sin(x1 + x2 + x3) + sin(x2 + cos(x10) - 600.632) + sin(x3 + x4 + x8) + sin(2*x2 + 2*x3 + x9 + sin(x2)**2) + 2*cos(x1) + cos(x1**2) + cos(x8) - 1.6154 + cos(exp(x1))/cos(x9) + cos(exp(x1))/cos(x11)',34.09670639038086,409,14,58,12,4096,paper,6,0,3376120482
60.013347155065276,'x4 + x5 + x6 + exp(-30.6673*exp(sin(x6 + 135.529))) - exp(-30.6673*exp(sin(x5 + x6))) + exp(-30.6673*exp(exp((exp(cos(x0)) - 107.115)*(x5 - x6 + exp(exp(x5)) - cos(x4))**2*cos(x8)))*exp(cos(x0)))',6.021481924189942e-11,409,15,58,12,4096,paper,6,0,2204291346
60.0234546859283,'x2 + x3 + x7**(x2/(109.270324707031 - 18.4339*sqrt((2*x4)**(exp(x7**(exp(x0)/x3))/sqrt(x3))))**2)*x7**((x5 - exp(x0)/(x7 - 0.965381))**4/(x2 + x7)**4)*sqrt(x5 - sqrt(x7)) - log(sqrt(x3/x5**2 + (x5 + x7)*((x7**(x5/x3))**(0.0144954*x5))**(exp(x0)/x3))) - log(sqrt(-x4 + x5 + sqrt(x7))) + sin(10.4532*x7**0.112705) + 2*sin(10.6784*x7**(log(x9)/x3)) + sin(sqrt(x7) - 166.205)',7.663164138793945,409,16,58,12,4096,paper,6,0,550243861
60.00058762903791,'x2 + x3 + log((2*x6**2 - (x2**2 + x3**2 + (2*x2 - x5)**2 - (x1**2*x5**2 - 0.181274*x2**2 - (2*x2 - x7)**2 - 612.019)**2/(x5 - 238.586)**4)**2/((x2 - x6)**2*(x5 - 238.586)**2))**2/((x5 - 238.586)**2*(x5 - 238.586 + (x0 + x6**2)**2/(x1**2*(log(x7**2 + 5198.12)**2 - 238.586)**2))**2)) + log(-x2 + x6 + (x5**4/((2*x2 - x5)**2*(x5 - 238.586)**2) + x5 + x6 + exp(x1))**4/((x2 - x6)**2*(x5 - 238.586)**2))',22.73825454711914,409,17,58,12,4096,paper,6,0,3606691181
60.01409261499066,'x4 + x5 + 2*x5/(x4 + log(x11**4*(2*x4 + (x4*(x4 + log(x4**4*(x1 + x5)))**8/x6 + 2*x5)**cos(x5)*log(log(x4 + x5 + 2*x5/(x4 + log(x11**4*log(499.716*(x4 + log(x4**2))**8)))**4)))))**4 + x6',8.028643028179516e-11,409,18,58,12,4096,paper,6,0,1934392872
60.01661099202465,'x2 + x3 - 0.00398752*x5*cos(x11)/cos(x2 + x5 + 214.922) + exp(2*cos(x1)) + exp(2*cos((x3 + exp(cos(2*x3*sin(x2))) + sin(sin(cos(x2))) + cos(x1**2))*sin(x2))) + exp(2*cos(sqrt(sqrt(sqrt(x7)*sqrt(x8)) + 7.65251/sqrt(cos(sin(x2)))))) + sin(x11 + x2) + sin(2*x11 + 2*x2*x3) + sin(2*x11 + x2*(x3 + x6)) + sin(x2 + sqrt(x4) + sin(x2 + log(x9) + 365.117)) + cos(x5) + 2*cos(x8) - 0.62701/cos(x2 + x5 + 214.922)',4.831300735473633,409,19,58,12,4096,paper,6,0,2148995112
60.02712424797937,'x2 + x3 + sqrt(exp(exp(log(log(x0*x2 + 4*x5 + (610.589*exp(sin(x3 + 310.067))*exp(cos(x3)))**(exp(sin(x9))/2)))*cos(x2 + exp(sin(cos(cos(x4 + log(cos(cos(x5)))))))))*cos(-x0 + x2 + x3)**2) + sin(sin(sin(cos(cos(x2 + x3 - 588.182)**2 + cos(x2 + exp(sin(cos(cos(x5)))) - 607.480712890625))**2)))**sin(19512.0**(exp(sin(sin(x3)))/2))) + sqrt(exp(log(sqrt(x3**exp(sin(x3))))*cos(x2 + exp(sin(cos(cos(x5 + 527.456)))))**8) + exp(exp(cos(x3))))',18.937280654907227,409,20,58,12,4096,paper,6,0,1592565386
60.011711122933775,'x2 + x3 + exp(exp(sin(cos(x10) + 16.1656) + cos(x11))) + exp(exp(sin(x11 + x2))) + exp(exp(sin(x3 + 0.463915*exp(exp(exp(sin(x3 - 167.87))))))) + exp(exp(sin(x3 + exp(exp(sin(x3 + exp(sin(x1 + x4 + 2.31605)))))))) + exp(exp(sin(x3 + exp(sin(sin(sin(sin(x2)))))))) + exp(exp(sin(602.421*x8 - 167.87))) - exp(exp(sin(x1 + exp(sin(sin(x2))) + 103.866))) + exp(exp(sin(exp(exp(sin(exp(sin(2*x2)))))))) - exp(exp(sin(exp(sin(x3 + exp(exp(sin(sin(x10))))))))) + sin(x10) + sin(x2) - 5.93855',75.62581634521484,409,21,58,12,4096,paper,6,0,784044718
60.0203516879119,'x2 + x3 + sqrt(6)*sqrt(x5)*exp(sin(exp(cos(x2))))*cos(cos((-39.6503*x2 - 39.6503*sin(x7))**2))*cos(cos(log(x2))) + sqrt(2*x5 + sqrt(x7))*cos(sqrt(x5 + 142.528)) + sqrt(5*x5 - 49.2597)*cos(cos(log(x10)))**2*cos(cos(cos(sqrt(x5 + 142.528)))) + log(x5)**2*cos(log(x5)**4)*cos(log(x5 + sqrt(x7))) + 3*sin(x5) + 2*cos(x1) - 22.2539',55.27637481689453,409,22,58,12,4096,paper,6,0,3980425317
60.02187267097179,'sqrt(275209.0**sin(sin(sin(cos(x3)))) + x1*x3 - 2*x7 + x9**sin(sin(x2 + Abs(x2)**(4*sin(sin(sin(sin(sqrt((x10 + x2 + x3)**2 + Abs(x10)**(2*sin(sin(cos(exp(cos(x0 - 0.00491224*x10 + x5)))))))))))) + 208.097)) + ((2*x0 + x1 + x2)**2*cos(x10)**2)**sin(Abs(x2)**(2*sin(sin(sqrt((x1 + x2 + x3)**2 + (x10 + x2**2 + x2*cos(x10) + x3)**sin(sin(x1 + (x1 + x2 + sin(x1 + x2**2 + x3))**2))))))) + (x1 + x2 + x3)**2 - 1735.35479736328)',10.787639617919922,409,23,58,12,4096,paper,6,0,3356806661
60.01376419502776,'x2 + x3 + (-7.39907e-8*x4**x0 - 7.39907e-8*(310.862487792969 - x5)**4 + 1.43156e-5*(-x3 + x5)**4 - 7.39907e-8*(x2 - x3 + 77.7342529296875)**4 - 7.39907e-8*(x2 - x5 + 77.7342529296875)**4 - 7.39907e-8*(x2 - x5 + exp(x0))**4)/log(x1 + exp(x4)) + log(0.000179389*(4017.97 - (-0.00497946*(x4**4 + (4.57309e-20*(-x3 + x5)**16)**sin(x9) + 2*(-x3 + x5)**4)/(x4**2 + x5 + 3*x7 + 91.4413) + 2*exp(x1))**2)**2 - 1.10457)',23.25963592529297,409,24,58,12,4096,paper,6,0,2765379632
60.028115049004555,'x4/cos(exp(-2*sqrt(x4))*exp(cos(2*x4 + 2*x5 + x6 + sin(1.25297e-11*x1)**(cos(cos(cos(0.005913*x3)/log(log(log(cos(x3/x5) + 422.831)))))**(sqrt(x1)))))) + x5 + x6',8.028643028179516e-11,409,25,58,12,4096,paper,6,0,1728356533
60.01508976391051,'x4 + x5 + x6 + (-2*x4 - x5 + sqrt(x11/(8.76059e-6*exp(exp(x10)*sin(x9)/2) + cos(log(x4 + x5 + 37.0285))) + sqrt(x5) + 2*x5 + (x7 + 0.783444)**2 + 596.316))/((1056.55 - 325.855*cos(sin(x9))/cos(sqrt(x3)))*(-x0 - x10 - 2*x4 + x6*exp(x0) - x6 + sqrt(x10 + 2*x6) - 674.942077636719))',2.810024955779422e-11,409,26,58,12,4096,paper,6,0,3533734220
60.024892826913856,'-x0 + x1 + x2 + x3 + 2*exp(x5**2/x2**2) + sqrt(exp(x5**2/x3**2)) + exp(exp(sin(2*x2 - 503.58))) + exp(exp(sin(x5 + sin(2*x3 + 67.9923)))) + exp(exp(sin(x3**4/x6**4 + x3))) + exp(exp(sin(2.27314*x10*x9/x2 + x5 - 503.58))) - cos(11.6224*x7) - 2*cos(227.549*x7) - cos(296.523*x7) - cos(x7*(2*x2 - 503.58)) - cos(x7*log(x6)) - 1227.59790039063/x5 + (x2 + x3 - 353.122)**2/x2**2',18.170541763305664,409,27,58,12,4096,paper,6,0,2342600226
60.00111770501826,'-x0 + x1 + 0.988925*x2 + x3 + sqrt(x5) + x5**cos(sqrt(x7 + log(x4))) - 0.00553755*x7 + exp(4*sin(2*x2 + cos(sqrt(x5)))) + log(x1/x3 + x7) + sin(x1/sin(x1 + x3)) + 2*sin(x1/sin(x1 + x7)) + sin(x1/sin(x3 - 346.632)) + sin(327.687*x5/x4) + sin(x3 + 171.585) + sin(exp(2*sin(2*x2 + cos(sqrt(x5))))) - sin(1.29161167144775/sin(x6)) + sin(120153.0/sin(x6)) + 2*cos(x3**2) - 10.2935',18.625383377075195,409,28,58,12,4096,paper,6,0,1904449481
60.01380270801019,'x2 + x3 + exp(exp(cos(433.59*x2*cos(x7)))) + exp(exp(cos(2*x2 + 317.991))) + exp(exp(cos(log(x5) + cos(433.59*exp(exp(cos(x2 + 130.975)))*sin(x4))))) + exp(exp(cos(-x7 + exp(exp(cos(x2 - log(cos(x11)**4) + 131.506094932556))) + 307.016))) + exp(exp(cos(-exp(exp(cos(x2 + 162.378))) + cos(x1) + cos(x7)))) + exp(exp(cos(9998.02*cos(x7)))) + log(cos(x3)**8) + log(cos(x3 - 77.3174)**8) + cos(x1) + cos(x11) + 3*cos(x3) - 5.24517822265625',161.5657958984375,409,29,58,12,4096,paper,6,0,1934709049
60.0090395930456,'x2 + x3 + ((Abs(x5)/Abs(cos(x1**2)) + cos(x10 - x2)**2/cos(x9)**2)/sin(sin(24.3138*sqrt(x2)))**2)**(1/4)',47.13922882080078,409,0,58,12,8192,paper,4,0,3324115916
60.01344091107603,'x4 + x5 + x6 - (exp(x6/x4)/x6)**x4',5.620049911558844e-11,409,1,58,12,8192,paper,4,0,2811363264
60.00115584698506,'x4 + x5 + x6 - sin(x11*x5*sin(x7 + 2.28233)*cos(x5**4))/(x11*x4*sin(x5**2))',6.021481924189942e-11,409,2,58,12,8192,paper,4,0,1884968544
60.01626171695534,'x2 + x3 - 0.00076798*x5**4/(-x8 + exp(x0**2 + cos(cos(x9)))) + x9**(sin(cos(x1))/4)',36.05794143676758,409,3,58,12,8192,paper,4,0,1859786275
60.010792223969474,'x4 + x5 + x6 - 4.34514e-6*exp(-sin(x3))*sin(sin(50324.1/log(x1)**2))',5.2186178989277465e-11,409,4,58,12,8192,paper,4,0,3687649985
60.027085572015494,'x4 - 5.76776*x4/x6**4 + x5 + x6 + 279.011108398438/x6**4',6.824346643341528e-11,409,5,58,12,8192,paper,4,0,369133708
60.00359565403778,'x4 + x5 + x6',5.2186178989277465e-11,409,7,58,12,8192,paper,4,0,865305066
60.02244803996291,'x2 + x3 + sqrt((-(x7 - 380.768)*exp(-x1**2)/sin(sin(sin(x10)))**2 + 2*exp(x1))**(x5/(x2 + sqrt(x7))))',36.96870803833008,409,6,58,12,8192,paper,4,0,2995172877
60.01478216506075,'x4 + x5 + x6 + (x5/(x6 + 1)**(sqrt(x5 + x6)))**(x4/(2*x4 + x5))',8.028643028179516e-11,409,8,58,12,8192,paper,4,0,404488628
60.00978098297492,'x4 + x5 + 1.0*x6',7.22577830902793e-11,409,9,58,12,8192,paper,4,0,2261209995
60.015550034004264,'sqrt(x1*x5) + sqrt(x2*(3*x3 + x5) + (x1*x5 + 3*x5 - 380.51)/cos(sqrt(x11)))',85.26013946533203,409,10,58,12,8192,paper,4,0,4190266092
60.03069068596233,'x4 + x5 + x6 + sin(sin(324.668**(-sqrt(x1) - exp(cos(x1)))))',8.430074693865919e-11,409,11,58,12,8192,paper,4,0,3160032368
60.00658734200988,'x4 + x5 + x6 + 5.72756e-6*cos(sqrt((x6 + x7)/x3)) + 4.36404e-6*cos(x4 + x5**2*log(x4)**2)',4.415753526720856e-11,409,12,58,12,8192,paper,4,0,3269070126
60.016170665971,'x4 + x5 + x6 + 9.1019e-6*x6/((x4 + log(x6))*log(x10)) - sin(sqrt(x3)/(x1*x11))/x4',6.021481924189942e-11,409,13,58,12,8192,paper,4,0,3081541439
60.01641030900646,'x2 + x2/(2*x3 + sqrt(x5) - x5 + sin(x10/cos(x7)))**2 + 0.976536*x3 + sqrt(x5)',91.1507797241211,409,14,58,12,8192,paper,4,0,3376120482
60.02396293496713,'x1 + x2 + x3 + exp((-x2 + 3*x5 - 1.43683/cos(0.6687/cos(x3)))/(x3 + log(x7)))',45.15061950683594,409,15,58,12,8192,paper,4,0,2204291346
60.017624704982154,'x4 + x5 + x6 + 5.43432e-5*(sqrt(x3) + x5 + log(x5)/cos(x10 + x3)**2)/x3**(3/2)',8.430074693865919e-11,409,16,58,12,8192,paper,4,0,550243861
60.015590615104884,'x0/(x2*(-x11 + x8)) + x4 + x5 + x6 + 0.0076992*(x5**(1/4) + sin(x5 + x6))**2/x3**2',7.627210668603723e-11,409,17,58,12,8192,paper,4,0,3606691181
60.016429917071946,'x2 + x3 + sqrt(x5) - (sqrt(x10) + 2*x7 + exp(x0))/(x2 + x3 - x5 + x7**(1/4)) - cos(x7/x1)',79.63697052001953,409,18,58,12,8192,paper,4,0,1934392872
60.01068901596591,'x2 + x3 + exp(exp(cos(x1 - 558.645))) + sin(x10 + x7) + sin(cos(exp(exp(cos(x1)))))/cos(x9) + cos(x3) + cos(x8)',26.033737182617188,409,19,58,12,8192,paper,4,0,2148995112
60.028082103002816,'x4 + x5**2*sin(x5)/(x10**2 + x2) + x5 + x5*sin(x5)/(x2 + x5**4) + x6',4.8171855393519536e-11,409,20,58,12,8192,paper,4,0,1592565386
60.009494017926045,'x1 + x2 + x3 + (x5**sin(x3 + x5**sin(x5) + sin(sin(cos(x3 + cos(cos(x5)))))))**(sin(x2 + 556.54)**4)',34.32536315917969,409,21,58,12,8192,paper,4,0,784044718
60.01108172396198,'x5 + sqrt((x3 + x9**(1/4))*(x2 + x6 + log(x5)**2*sin(exp(sqrt(x3))))) - exp(exp(sin((x2 + exp(x1))/x5)))',84.75093078613281,409,22,58,12,8192,paper,4,0,3980425317
60.01443888200447,'x4 + x5 + x6 - sin((x4 + x5)*sin(x5 + x6 + sin(x6 + sin(x7) + 2.75697))/(x10*(x7 - 382.445)))',4.415753526720856e-11,409,23,58,12,8192,paper,4,0,3356806661
60.01300229097251,'x4 + x5 - x5/(-85440.8*x4 + 85440.8*x6 + 292.303*exp(log(x1)**4) - 2.44709e+7 + 1.1406701639637e+37*exp(-x5)) + x6',6.422914283765735e-11,409,24,58,12,8192,paper,4,0,2765379632
60.020691963029094,'x1 + x2 + x3 - (x2 + x5 + x6 + (x2 + x5)*cos(x9))/(-2*x3 + x5 - exp(log(x1)**2) - 5.07843017578125)',64.36160278320312,409,25,58,12,8192,paper,4,0,1728356533
60.02386184898205,'-2.26699e-12**exp(sin(cos(x3**2))) - 1.78436e-7*x0**2 + 1.0*x4 + x5 + x6',5.620049911558844e-11,409,26,58,12,8192,paper,4,0,3533734220
60.01461188192479,'-sqrt(x0) - x0 + x1 + x2 + x3 + 2*cos(x1) + x5**2/(x2*(log(x9) - cos(x11) - x5/x4))',60.06945037841797,409,27,58,12,8192,paper,4,0,2342600226
60.021946394001134,'x4 + x5 + x6 + (x5 + x7*cos(x0*sin(x6)))/(x4 + 3.89164e+7)',4.8171855393519536e-11,409,28,58,12,8192,paper,4,0,1904449481
60.010374548030086,'x4 + x5 + x6 - sin(0.00235958*x7)/(sqrt(x8)*(2*x5 + x5/(x6*log(sin(log(x1)**cos(x3)))) + x6))',5.620049911558844e-11,409,29,58,12,8192,paper,4,0,1934709049
60.02260216395371,'x1 + x2 + x3 + (x5 + (x1 - exp(exp(cos(x10))) - exp(exp(cos(1.64118*x5 - 1.64118*exp(exp(cos(x10))) + 1.64118*sin(sqrt(x6 + sqrt(log(x10))))))))**2)/sqrt(2*x2 - x5 + (-x1 - x2 + x5 + x6 + sqrt(x7 + sqrt(427.316**(x10*x7**(-log(x3) + cos(sin(log(x6) - cos(sin(sin(sin(sin(x3))) + 164.345))))))) + 2.00272e+96*exp(x2 - 2.86609*x5 + 3*x7 - sqrt(x8) + 0.133913*exp(2.76315e-124*exp(x7 - x9/(-1.64118*x2 - 1.64118*x5))))) + log(x5**2))/sqrt(x9))',8.06170654296875,409,0,58,12,8192,paper,6,0,3324115916
60.005142566980794,'(x5*(x4 + x5 + x6))**(5.04571e-6*x5/((x5*(x5*(x5*(x4 + x5**2)*(x5 + 5.04571e-6*(x4 + x6)*exp((-sqrt(x9) + cos(sin(x0)) + 153.689)/(1.0919e-13*x5 + 1.0919e-13*x6)**2)/x5**2) + x6))**(1/(x4 + x6))*(x4 + x5))**(2*x3/((x5 + (x5*(2*x3*x5*(x4 + x6) + x6))**(x5/(445.183*x5 + 445.183*x6)**2) + 445.183)**2*sin(sin(x5*(x4 + x5)))**2))*(x3 + x4 + x5)**2))*(x4 + x5 + x6)',7.627210668603723e-11,409,1,58,12,8192,paper,6,0,2811363264
60.00430811999831,'x4 + x5 + x6 + sin(8.75382e-6*x4/(x5 + x6/(x4/(x5*sin(cos(x5)/sqrt(x4/(x5*sin(cos(x5)/sqrt(log(x5)))**2)))**2) + x5/(3*x4 + 2*x5 + x6 + (-x4 + x5 + 264.491271972656/(x1 + 3*x4 + sqrt(x5) + 6*x5 + 3*x6 - x8 + sqrt(x6/(x4/(x5*sin(cos(x5)/sqrt(log(x5)))**2) + (x4 + sqrt(x5)/x4)/x5**x4)) - 525.364440917969))/cos(x11) - 525.364))))',4.8171855393519536e-11,409,2,58,12,8192,paper,6,0,1884968544
60.008115314063616,'x4 + x5 + x6 + 0.0818559*exp(-(2*x4 + 3*x5 - 354.061 + exp(64.3089**(2*(x4 + x5)*(x4 + 2*x5)**2/(x4 + x5 + x6)**3))/x10)**2)/x4**2',8.028643028179516e-11,409,3,58,12,8192,paper,6,0,1859786275
60.012410955969244,'x4 + x5 + x6*exp(cos(x3*exp(exp(sin(x10))*sin(x5)))**2/(x10*(exp(529.462*cos(1808.31*sin(cos(2.10197*x2)))) - 185.084))) + exp(exp(sin(x10))*sin(x5))/(x10/sin(x10) + x4 + x7 + exp(sin(x10)) + log(0.909211*x10 - 0.909211*x10/(x10 + exp(2*cos(2.10197*x2))) - 0.909211*x4 - 0.909211*x7 - 0.909211*cos(x3*exp(exp(sin(x10))*sin(x5)))**2/(exp(529.462*cos(1808.31*sin(cos(2.10197*x2)))) - 185.084))**5.57871)',4.014321514089758e-11,409,4,58,12,8192,paper,6,0,3687649985
60.021484669996426,'sqrt(sqrt(x11 + (15128.4*x0**4*x6**(2*x1)*x7**2/x5**2 + exp((log(sqrt(x11) + 3*sqrt(x9) + 392.146) + cos(x5))**2))**(1/4)) + (-x0**2 - 2*x0 + x5)**2 + (x2 + x3 - sqrt(-x0**2 + x5 - sqrt(x7)) + 2*cos(x9) - (x2 + x5 - 32.4913)**2/(-x0**2 + x3)**2)**2 + ((log(2*x2 + 3*sqrt(x9)) + (x5**2 + (-x1**2 + x5)**2)/x11)**4.19832)**cos(0.000183483*x0*x4*x6**x1))',14.916110038757324,409,5,58,12,8192,paper,6,0,369133708
60.0159551310353,'x1 + x2 + x3 + 1.28681*sqrt((-535.244995117188/(x0 + x2 + x6/sin(x2**2)) + 0.00441004*(x5*(x5 - cos(exp((x7/x4)**(1/4))))**2/(x5 - cos(x1) - cos(x5))**2 - cos((x2 + 0.922398)**2))**16/(x5**2*(x5 - cos(x1))**4*(x5 - sin(x9) - cos(x0*log(x4)))**8*sqrt(cos(1.94484e-5*(x5 - cos(sqrt(exp(sin(sqrt(x11))/x3)) + 0.999677))**8/(x2**4*x3**2)))))**2/(x3 + (5.34598e-32*x0**(x2 - (x6/sin(x2**2) - 67.6384)/(-x3 + x5)))**sin(x5**2)))',15.370948791503906,409,6,58,12,8192,paper,6,0,2995172877
60.014896015054546,'x4 + x5*(x4**(2*cos(x0**(x3/(x6**2*((x4*Abs(x0)**(2*(1/(x3**2*x4))**(sqrt(x6))) + x6)**2)**(2*x7**(x5/2))))*x2*x5*(x5*(x6 + x6/x4)**((0.00516125617868581*x0**(3/2))**(sqrt(x7))) + x6 + log(x3 + x6))/x4 - 321.065)))**((0.00280095332251634*sqrt(x0)*log(x2))**log(x2)) + x6',3.2114571418828675e-11,409,7,58,12,8192,paper,6,0,865305066
60.01708245894406,'sqrt(((x2 + 140.877)*cos(x0)**2/(x2 + x3) + cos((x2 + x5 + 23.4567694224563/sqrt(Abs(x2)))**2/cos(sqrt(x2))**2))**2/cos(sqrt(x2))**2) + (x2 + x3)/cos(232.642272949219 - cos(sin(log(x3 + x7**2)))/sqrt(log(sqrt(((x2 + exp((x2 + x7**2)**(1/4)))/log(x7**2 + 0.999715) + 2*sin(x0) + cos(x0) + 2*cos(x10))**2) + sin(x0) + cos(x0) + 2*cos(x2**2) + 2*cos(x5**2) - 605.159851074219/x5))) + sin(sqrt(x7**2 + 140.877)) + sin(10.1078141907558*sqrt(1/log(x7)))',1.8808948993682861,409,8,58,12,8192,paper,6,0,404488628
60.027167862979695,'x2 + x3 + ((sin(x8) + sin(x0 + (exp(cos(x3)) + sin(x2 + 0.993766))**2))**2 + (sin(x0 + 2*x2 + x3 + ((sin(sin(x9) + cos(2*x3)) + 0.275048)**2 + cos(x3))**4) + cos(sqrt(x3 + sin(x10)) + sin(x0 + (exp(cos(x3)) + sin(x8))**2) + 32.6732) + cos(x2 + sqrt(x3) + x3 + 32.6732))**2)**2 + ((sin(x2) + cos(sin(x3) + cos(x3)))**2 + sin(x0) + cos(x3 + sin(x3) + cos(sqrt(x8))))**2 + 3*cos(x1**2) + cos(x5) + cos(x3 + sin(x3))',10.759552955627441,409,9,58,12,8192,paper,6,0,2261209995
60.01220681006089,'x4*cos(177.07763671875/(x4 + x6 + exp(exp(2.09699e+48*exp(x4)*cos(x3 + sqrt(x2 + x3 + x5 + x6))/sqrt(x4))))**(x3**(1/4))) + x5 + x6 + ((x3 + x4 + exp(0.0751481*exp(exp(exp(x3 + ((x2 + x6 + exp(exp(0.00898759*exp(2.09699e+48*exp(x4)*cos(x3 + sqrt(x2 + x3 + x5 + x6))/sqrt(x4))*cos(x4**(1/8) + 111.265))))**311.612)**(-0.754629))*cos(x4**(1/8) + x5)/x2))*cos(x5 + sqrt(2*x2 + x3 + x5))))**(x3**(1/4)))**(-0.754629)',7.627210668603723e-11,409,10,58,12,8192,paper,6,0,4190266092
60.00925143400673,'x2 + x3 + (-x0 - 3*x2 - x3 + sqrt(x4) + 3*x5 + x6 + 29.6393*cos(x1) + 2*Abs(x2 - x5) + 29.6393*x5/x2 + (-x0 - x2 + 2*x5 - 92.2008 + x6/(x5*cos(sqrt(x1))**2) + (-x2 - x3 + 2*x5 + x6 - Abs(x2 - x5))/x1)/x1)/log(Abs(x2 - x5)) + log(x4) + log((x5 + x6 - exp(sqrt(x4)))**2/x5) + log(x7 + sin(log(x1)**2)**4)',14.979887962341309,409,11,58,12,8192,paper,6,0,3160032368
60.01633271097671,'x2 + x3 + exp((x2 + 2*x5 + exp((x2 + 235.501)/(log(2*x5) + 104.911 - 0.326432/log(304.22705078125/(x2 + exp(1.03038467824015/cos((-log(x1) + sin(sin(sin(546.466*x1))) + 54.2861938476563)**2)))))))/(x2 + exp(x7*exp(-x1)/cos(log(x1**2)**2)) + exp(-333.733032226563*exp(-x7)/sin(546.466*x0)))) + sin((x10 + (x2 + x5)**2 + exp(x1)*cos(95518.5914067784/x2**2) + exp(x1) + 427.612)/(2*x2 + 1.03038*x2*exp(-exp(-291.013061523438*exp(-x7)/sin(sin(sin(sin(sin(sin(sin(x9))))))))) + 2*x3))',7.175686359405518,409,12,58,12,8192,paper,6,0,3269070126
60.021379607962444,'x2 + x3 + exp((x2 + 2*x5 + log(x1*exp((x5 + log(x7**8))/x1**2)))/x2) + sin(x0) + 2*cos(x1) + cos(x2**2) + 2*cos(x3) + cos(x4**2) + cos(x7) + cos(x7**8) + cos(x8) + cos(x9) + cos((x5 + 15.1964)/x1**2) + cos(x8**2/x11**2) + cos(x2 + x3) + cos((x3 - 106.042)**2) + cos(x3 + 137.198) + cos(1.02365*x5 + 15.5559) + 2*cos(sqrt(x4 + x5 + exp(x1**2))) - 199.358642578125/x5',24.36376190185547,409,13,58,12,8192,paper,6,0,3081541439
60.015134220942855,'x4 + x5 + x6 + (x3 + x5)/(x5 + x6**2 + (x4**2 + 5894.68)**2 - (x5 + sin(x6))/(x6**2 + (x3 + 5894.68)**2 - sin(Abs(cos(sin(x9)))**(2*cos(x4)))**exp(x5 + sin(x6)))**2 - 1/sin(Abs(cos(sin(x9)))**(2*cos(x4)))**299.612 + 76.7768 + 5.62129e+8/x5) + (x5 + x6)/(x4 + (x4**2 + 5894.68)**2 - (x2 + x6**2 - 299.612*(x4**2 + x6 + 76.7768)/x5)**2 + exp(2*x4*sin(x10))) + 9.94953e-6*cos(sin(x9))**4',3.2114571418828675e-11,409,14,58,12,8192,paper,6,0,3376120482
60.019845061935484,'x4 + x5 + x6 - sin(x5 + sin(0.00583912*x2 + 2*x5))/(x5 - x6 - x6/sin(x2 + x2/(x3 - x6 + (log(x3) + sin(x5 - x6 + 197.676 - 238.595092773438/x3)/(x5 + 62.5335))**2 + 0.00583912*log(x0))**2) + x6/sin(x2 + 1.75662e-5*x6) + x7**2 - (log(x5) - 560.876)**2/(x3 + x4 + sin(0.00583912*x2 + x5)**2 - 197.676) - (-0.968017*x3 + 2*x5 + x6 + 363.200103759766)**2 - log(log(x0)))',1.2042963848379884e-11,409,15,58,12,8192,paper,6,0,2204291346
60.01319864799734,'x2 + x3 + (-sqrt(x2)*(-exp(-cos(x2 + sqrt(x3)) - cos(x3**2 + 586.814))*sin(x3 + 2.70757*exp(x1) + log(x2 + x4)) + cos(sin(x3**2)))*exp(cos(x3))/(-x11/x2 + x3) + cos(sin(x2 + log(x5) + cos(sin(x7*log(log(x6)))) - 430.823)))*exp(cos(cos(sin(x2 + x3 + x6 + log(x11**2)/(-0.0143866*x11 + x5 + 105.699))) - (-sqrt(x3 + x6)/(x7**2 - x6/x2) + cos(x9**2))*exp(cos(x7**4))*log(x2)/(-x11/x2 + x3)))*log(x2)',15.3464937210083,409,16,58,12,8192,paper,6,0,550243861
60.010538007947616,'x1**2*x5*(x5 - sin(x4) - x3**2*cos(sin(x2))/(x2**2*sin(sin(sin(sin(sin(sin(sin(x2 + cos(cos(x3)))))))))))/((x2 - (0.0159013*x2 + 0.0159013*cos(x8))**4*sin(x1 - x5/(x1 - x5/x2))*sin(x2 + 0.968858)**2)*(-0.60374*x1**2*x5/(96.811767578125 - x1**2) + x2)) - x1 + x2 + x3 + sin(x0) + 2*sin(x1) + cos(x1**2) + cos(x3) + cos(x4**2) + cos(x5) + cos(x8) + cos((395.205139160156 - x5/x2)**2) + 3*cos(cos(x2))',10.21413803100586,409,17,58,12,8192,paper,6,0,3606691181
60.01186799502466,'144.637**(x0*(-x6 - x9**x5 + 4.97423)) + x4 + x5 + x6 + sin(cos(cos(144.637**sin(x7) + x5)))**72.3184',8.028643028179516e-11,409,18,58,12,8192,paper,6,0,1934392872
60.01471981196664,'x4 + x5 + x6 + sin(exp(-x4 + x5 - x6 - sqrt(x4 + 33.7443) - exp(-x1 - 6*x4 - 2*x5 - sin(-2*x5 + sqrt(x4 + 33.7443) + (x5 + x6)/x5) - (x4 + cos(sqrt(x4))**2)/(x1 + x4)) - (x5 + x6)/x5))',5.620049911558844e-11,409,19,58,12,8192,paper,6,0,2148995112
60.022008433006704,'(-0.00267001896586958*x2*sqrt(x7)*exp(-cos(log(x6))) + x2 + x3)*exp(log(sqrt(exp(x5/log(x2*log(exp(86.9217529296875/(log(x7) + log(sqrt((x3**2 + x5**2/log(0.05325*x7)**4)*exp(107.501892089844/log(sqrt(x7))**2)))**2 - 234.157)**2))**(1/4))**2)))/x2)*exp((sqrt(x11)/x4 + x3 + exp((x2 + 18.7793)/(x3*(-sqrt(x2) + log(x2**2*x5*sqrt(log(x4)/x2)) + 2.94255))))*exp((x5**2 - log(log(sin(x7)**2)**2)**4)/x2**2)/x3**2)',7.032958507537842,409,20,58,12,8192,paper,6,0,1592565386
60.01038031396456,'x2 + x3 + (sqrt((sqrt(exp(x5**2/(x3**2 - exp(8*x6**2*exp(-x7)) + 5.1687))) + cos(sqrt((sqrt(x3) + cos(x5**2/(x11 - 608.375)))**2) + cos(x1)))**2) + cos(x1))**2 + exp(x5**2/(x11 + x5**2/(x2 + x3 - 437.659) - x5**2/(exp(x5**2/(-x10*exp(-x7) + x11 + 765.556)) - 0.733468)**2 + 2*x7 - exp(x1) - 140.504)) + 2*cos(60.6867065429688/x1) + cos(x1) + cos(x5) + cos(x2/x5) + cos(2*x3 + x6**2) + cos(185.949401855469*exp(-x7))',7.06593132019043,409,21,58,12,8192,paper,6,0,784044718
60.020275444956496,'x1 + x2 + x3 + 0.00244244*x5/(log(sin(sin(538.492*x4))**2)*cos(x9)) - log(sin(2*x2 + x3 - 0.0018364011379769*x5*(x2 + x3)/((x2 + exp(426.956*log(sin(log(sqrt((x2 + exp(x0) - 1127.71484375/x5 + 533.486328125/(x5*log(sin(x1*x2)**2)*log(sin(cos(sin(x11))))))/x3)))**2)*cos(x9)/(x6 - 1354554.77283176/((x0 + x2)*(x2 + x3)))))*cos(x2 + x3 + 1/log(sin(log(22.2294*sqrt(x1)))**2))) + exp((x2 + 426.956)/x3))**4)',41.63002395629883,409,22,58,12,8192,paper,6,0,3980425317
60.01980103296228,'x2 + x3 + (x1 - log(sin(x3)**2))/cos(x2**(-x1 + log(sin(x3)**2))*x5*(2*x2 + x3 + (x1 - log(sin(x10)**4))/cos(2.22816*exp(-x7)*exp(cos(sin(x6))))**4))**2 + sin(x10) + 5*cos(x1) + cos(x5) + cos(sqrt(x8)) + 2*cos(x1 + x5) + 2*cos(x3 + cos(x6)) + 2*cos(60.1912*exp(-x7)) + cos(116.442*exp(-x7)) + cos(log(sin(sin(sqrt(x3)))**2))',9.110190391540527,409,23,58,12,8192,paper,6,0,3356806661
60.009587628999725,'x4 + x4*cos(x7)/(x6*(x4 + x6)*(3*x4 + 3*x5 + (x4 + (x6 + x7 + cos(x4) + cos(cos(x11)))*cos(x4))*cos(x7) + exp(2*x5 - 2*(x4 + exp(x11**2 - 0.0016228*x4*cos(x4) + x4 + (-0.00453307*x4 - 127.042*x6**2)*(x5 + cos(x2)))*cos(0.0289232*x4 + x5 + x6 + 159.345))*(x5*(x5 - 131.35)/(x6 - 221.219) + 2*x6 + cos(x11) - 220.601)))) + x5 + x6',4.014321514089758e-11,409,24,58,12,8192,paper,6,0,2765379632
60.029935510945506,'x4 + x5 + x6 + sin(x4 + x5 + x6)/((-x6**2/(x4 + x5) + 521.351)*(2*x4 + x6 + exp(-45.5428*x4 + (-x2 + x6**2/(259.505920410156 - x5) + log(x5 + x6**2 + exp(521.351**cos(x11) - x2 + x4/((-x10 + Abs(x4))*(sqrt(x2) + x5 - x6 + (x4 + (x4 + x5 + x6 + 1.39484e+118044*exp(-x4**2 - 1.5039e-84/x5**278.453 - sqrt(x0**(sqrt(x6)))))**0.548947 + 9067.92)**4)) + x5))**sin(x6))**2)))',4.014321514089758e-11,409,25,58,12,8192,paper,6,0,1728356533
60.01490346901119,'sqrt(x1) + x2 + x3 + exp((x2 + 2*x5 + exp(0.00554667*(x2 + x4 + x5 + 558.448486328125*exp(-(x2 + x5)/(x1 + x3)))/cos(sin(281.316*exp((x5 + 1)/x2)*log(cos(x7)**2)))) - exp(sqrt(log(cos(x7)**2)**2)*sin(x2 + 2*x3 + 487.378)**4))/x2) - (x2 + 2*x5 + Abs(x3)**1.4362 + 246.384)/(x6 + exp(x7) + log(sin(x0)**4)) - x7*(exp((x2 + x5 + 312.053)/x3) + 200.661)/x6**2',8.240079879760742,409,26,58,12,8192,paper,6,0,3533734220
60.020040720002726,'x1 + x2 + x3 + x5**4*(x5 + 0.000293046*x5*x8*(x2/(0.00914589*x5 - 1.65111) - 180.53)/x6**2)*exp(cos(x1 + x2 + x3 + x5 + cos(x0 + 2*x2 + x3) + (x5 - 181.478)/x2))/(x2**3*sqrt(x0 + x2)*(-181.478454589844*x2**(3/2)*exp(-cos(3*x3 + x5 + (2*x2 + 3*x3 + x5 + (x2 + sqrt(x5) - 214.796)/x4)/sqrt(x3 + x5) + (x5 - 180.53)/x5))/x5**2 + x3))',23.665279388427734,409,27,58,12,8192,paper,6,0,2342600226
60.01617375493515,'-2*x0 + x2 + x3 + sqrt(x5) - 2*exp(cos(x5)) - exp(cos(405.22*x9)) - 2*exp(cos(x11 + 66.7147)) - log(x8) - log(sin(x0)**4) - 2*log(sin(cos(x9)**2)**2) - log(cos(sqrt(x2))**8) - log(cos(x2)**4) - log(cos(0.362467*sqrt(x7))**4) - 2*cos(366.143*x1) - cos(99.5108*x2) - cos(0.688205*x7) - 2*cos(69059.5*x7) - cos(164204.0*x7) - cos(x4 + x5)',114.95770263671875,409,28,58,12,8192,paper,6,0,1904449481
60.00362073502038,'x4 + x5 + x6 + sin(sqrt(x3) + 195.902*sin(sqrt(x3)))/(Abs(x4 + x5 + x6)**(2*cos(x5)) + Abs(x4 + x6 + sin(x3))**(2*cos(x4**2)) + 471.74 - (sqrt(x3)/x6 + x4 + x4/(x5*Abs(x4 + x5 + x6)**(4*cos(x5))) + x5 + 1217.43 + sin(sqrt(x3) + 195.902*sin(sqrt(x3)))/(Abs(cos(x0))**(2*cos(x0)) + 667.642 - cos(x0)/x10)**2)/x10)**2',4.415753526720856e-11,409,29,58,12,8192,paper,6,0,1934709049
60.00818478898145,'x4 + x5 + x6 + x7/(x0 + 497.116*x11*sin(x7) - 993.231*x8 - log(exp(200.826293945313/x0)) - 497.115661621094)',5.2186178989277465e-11,409,0,58,12,16384,paper,4,0,3324115916
60.03826341801323,'x2 - 2*x2/(x1**2 + x1 + x2 + x3 - sqrt(x5*(x6 + x7))) + x3 + sqrt(x5) - sin(sqrt(x7))',85.38164520263672,409,1,58,12,16384,paper,4,0,2811363264
60.004383869003505,'-(-x2 + sqrt(x4 + (x4**2 + x7**2)**sin(247.711486816406*x4/x3)))/x3**3.6746 + x4 + x5 + x6',8.831507053441712e-11,409,2,58,12,16384,paper,4,0,1884968544
60.00912641501054,'x4 + x5 + x6 + sin(3.45708e-6*(0.00197690803932749*x10/x2 - 0.00197690803932749*x7)/(exp(sqrt(log(x0)**(-529.637))) + sin(sin(x5))))',6.824346643341528e-11,409,3,58,12,16384,paper,4,0,1859786275
60.013547729933634,'x4 + x5 + x6 + 0.96119/(x4*(2*x4 + x5 + exp(-x2 + 2*x3) + sin(x8) + 577.978))',8.831507053441712e-11,409,4,58,12,16384,paper,4,0,3687649985
60.01222284894902,'x4 + x5 + x6 + x6*sin(sin(x4 + x5 + x6 + Abs(sin(x5))**(2*exp(exp(sin(x4)))))/x1)/(x10*x4)',3.2114571418828675e-11,409,5,58,12,16384,paper,4,0,369133708
60.02536192606203,'x4 + x5 + x6 + sqrt((453.312 + cos(x5)/(x1 + x4 + x5 - 334.71))**(-4))*cos(x1)**2',8.028643028179516e-11,409,6,58,12,16384,paper,4,0,2995172877
60.00808657205198,'x2 + x3 + x5**2*cos(x1 + 0.891119)**2/((x2 + sqrt(exp(x5/(x7 + exp(sin(sqrt(x7)))))))*log(sqrt(x2)))',11.083372116088867,409,7,58,12,16384,paper,4,0,865305066
60.02181705692783,'x4 + x5 + x6 + cos(x3 + x5)/(x6*(-354.58*x4 + x5**2 + exp(exp(-358.011322021484/log(x10)**2)/x2)**x11))',5.620049911558844e-11,409,8,58,12,16384,paper,4,0,404488628
60.02152901201043,'x4 + x5 + x6 + (0.879692*cos(cos(x5)))**x3 + cos(sin(x10/x4 + x5))**(x5**2)',8.430074693865919e-11,409,9,58,12,16384,paper,4,0,2261209995
60.01860150496941,'x4 + x5 + x6 - 1.64121e-5*x6*sin(sin(0.768749*x4))**2*cos(x6)/(170.304**sin(x7) - 224.136)',4.014321514089758e-11,409,10,58,12,16384,paper,4,0,4190266092
60.01202975807246,'x4 + x5 + x6 - 3.53237e-8*x7*sin(749.646*x4 - 374.823*x5 + 374.823*exp(0.00176791*x6) - 139629.0)',6.422914283765735e-11,409,11,58,12,16384,paper,4,0,3160032368
60.02307145600207,'x4**2/Abs(x4) + 2.80048e-57*x5**2 + x5 + 1.0*x6',8.430074693865919e-11,409,12,58,12,16384,paper,4,0,3269070126
60.0002670250833,'x5 + x6 - sin(x3*x5*x7/x10**(5/2)) - 6.95695e-6*cos(sqrt(x10)) + Abs(x4)',5.620049911558844e-11,409,13,58,12,16384,paper,4,0,3081541439
60.01323893200606,'-x1**2/((x2**2/(x2 + sqrt(2)*sqrt(1/x3)*Abs(x2)/2) - x3)**2*sin(sqrt(x6))) + x2 + x3 + sqrt(x4) + cos(x1)',87.40447998046875,409,14,58,12,16384,paper,4,0,3376120482
60.01864859205671,'x5 + x6 + ((279.982**(cos(x5)**2) + x4 + sqrt(x6))*(x3 + 279.982*sqrt(x5) + 4684.83))**(-0.907996) + Abs(x4)',8.028643028179516e-11,409,15,58,12,16384,paper,4,0,2204291346
60.02407393103931,'x2*exp(-sqrt(x3 + 190.11)) + x4 + x5 + x6 - exp((x7 + 1)/(-x7 + (x10 - x8)**2)) + 1',6.824346643341528e-11,409,16,58,12,16384,paper,4,0,550243861
60.007189483963884,'x4 + x5 + x6 + sin((-5.98996025630287e-6*x5 - 0.00254004669985451)**2*cos(log((x2 + 386.412)*(x7 + x8))**2)**2)',5.2186178989277465e-11,409,17,58,12,16384,paper,4,0,3606691181
60.0083737350069,'x4 + x5 + x6 + 27.6046142578125/((sqrt(x8) - 457.44)**2*(x5 + (1.52603738923709 - 0.00465915166130151*x9)*log(log(x0)) + 27.6046))',3.612889154513965e-11,409,18,58,12,16384,paper,4,0,1934392872
60.02342511701863,'x3**(-276.973) + x5 + x6 + Abs(x4) - 2.10837e-6*(x11 + x6*x7)**2/x8**2',5.2186178989277465e-11,409,19,58,12,16384,paper,4,0,2148995112
60.00357818894554,'2*x1 + x2 + x3 + x7/(x2 - 297.491) - 289.147766113281/x4 + x5**2/x4**2 + exp(2*x5/x4)/x4**2',50.28571319580078,409,20,58,12,16384,paper,4,0,1592565386
60.02438398601953,'x4 + x5 + x6 + (x0 - x7/(x7 - 565.289))/(x4*(x5 + 134.043)*(x6 - x7) + 134.043*x8**cos(x5))',2.810024955779422e-11,409,21,58,12,16384,paper,4,0,784044718
60.02822522399947,'-x10/(x4*(-18568.3*x3/sin(x10) - 18568.3*(x3 + exp(x2*cos(x4 - x5 + 231.859)))**2)) + x4 + x5 + x6',6.021481924189942e-11,409,22,58,12,16384,paper,4,0,3980425317
60.00782963400707,'x4 + x5 + x6 - sin(sin((-x5 + x6)/x3))/(x6 - 491.417)**2',6.422914283765735e-11,409,23,58,12,16384,paper,4,0,3356806661
60.03017131600063,'0.843396**(457.494*x3) + x4 + x5 + x6 + sin(sin(x8/sqrt(x11)))/(x5 + 233.011 + 4.38069e+10/x9**2)**2',6.824346643341528e-11,409,24,58,12,16384,paper,4,0,2765379632
60.021078943042085,'x4 + x5 + x6 + (x2/x6**2 + sin(log(sqrt(x11))**2)/(x2 + x5) + cos(x2 + x5)/x6)/x4**2',6.021481924189942e-11,409,25,58,12,16384,paper,4,0,1728356533
60.029360068030655,'x4 + x5 - x5/(2*x2 + x9**2*log(x7**2)**2) + x6 - (x0*x7 - 118.285)/(61.8159*x4 + 61.8159*x6)**2',6.824346643341528e-11,409,26,58,12,16384,paper,4,0,3533734220
60.007063353899866,'x4 + x5 + x6 + sin(x5)/(x0*x10 + x10 + x5 + (x0*x7**2 + x10)*cos(x3)**2/sin(x5))',6.021481924189942e-11,409,27,58,12,16384,paper,4,0,2342600226
60.0231114490889,'x4 + x5 + x6 + sin(x4 + x5 + x6)/((403.677*sin(x0**2)**2/cos(x6**2) - 189.864)**2 + 115701.0)',4.415753526720856e-11,409,28,58,12,16384,paper,4,0,1904449481
60.01099864800926,'x4 + x5 + x6 + 547.458129882813/(x1 + x3 + cos(x5 + 160.36) + (-x10 + x6**(-sqrt(x10) + sqrt(x8)))/x9)**4',9.232939413017505e-11,409,29,58,12,16384,paper,4,0,1934709049
60.01665571401827,'x4 + x5 + x6 + (0.935069 - cos(0.00277421*(x10 - (x6 - 329.942)/sin(x2))/(152.416*log(log(x3)**2) + 152.416*sin(sin(x2)))))**2/(x3 + log(x2) - log(x3)**2 + 0.573764)**2 + 0.14039525069596/(x3 - exp(x2 - x2/cos(x2 + x5 + 10.0764 + (1.36769*x6 - 451.259)**2/(x2 - exp(log((x2 + x5)**2)*log(log(log(x3)**2))/log(sqrt(x7))))**2) + 2*x5 + x6) + log(x2) + 0.534595)**2',5.2186178989277465e-11,409,0,58,12,16384,paper,6,0,3324115916
60.01359530701302,'196.995**(2*sin(x3))*cos(2*x5 + x6 - cos(x6)/(x11**(-306.56) - 176.058))**2/(x0 + x10 + 2*x4 + x5 + x6)**2 - 0.00169459*x11**sin(sqrt(sqrt(2*x4 + x7 - (x5 + x9**2)/(2*x5 + x6 + (x2**(((x4 + x5)**(-306.56))**x5) + x6)**4 - 493.728 - (2*x5 + x9**2 + sin(x2 + x5) - 176.058)/(196.995**(2*sin(x3)) + x4))) + sin(x5) - (x4 + 2*x5 + x6 - 700.616)/(x5 + sin(x4 + x5))))/x2 + x4 + x5 + x6',6.021481924189942e-11,409,1,58,12,16384,paper,6,0,2811363264
60.023638452054,'x2**2/(x3 + x4 + 123.503 - 602.419128417969/(x2**2/x4 + x4 + x5 + x6 + cos(2.00775*(x6 + 1.03043812402558e-209*exp(-4*x2 - 8*x3))**2) - 957.832 + x2**(-2))**2 - 602.419128417969/(x2 + x4 + x5 + x6 - 479.872 + x2**(-2))**2 - 602.419128417969/(x2**2/x4 + x2 + x4 + cos(2.00775*(x2 + x6 + sin(x6) + cos(x4) + 2.84489)**2) - 478.916)**2)**4 + x4 + x5 + x6',4.8171855393519536e-11,409,2,58,12,16384,paper,6,0,1884968544
60.01212382898666,'x4 + x5 + x6 + exp(-sin(log(x0)) + cos(546.478393554688*sqrt(x10)/((x5 - 248.23)*(x5 + x6))))/(x10 + x3 + 0.0017508291432692*(x5 + cos(cos(x5**2/((x11**2 - cos(x10**2) - cos(x4))*sin((590.653930664063/x8)**(-0.00390582*x5 - 0.00390582*log(log(x11**2))))))) + 550.348)**2*(sqrt(x10)*x3**2*log(log(x11**2))/x6**2 + cos(x11) - 529.412)**2/log(exp(x5) + 4636.54) + 68.0922*log(log(x10**2))/cos(x4) + log(log(sqrt(x8)))**2 + 546.478393554688/log(log(log(log(x11**2))**2/sqrt(log(x4)**1.63407))))',7.627210668603723e-11,409,3,58,12,16384,paper,6,0,1859786275
60.009746819967404,'x4 + x5 + x6 + 5.06814e-6*cos(x1)**4 + 3.25169e-6*cos(x5**2)**4/sin(cos(0.204052*exp(exp(cos(sin(x9)))/4)))**4',8.028643028179516e-11,409,4,58,12,16384,paper,6,0,3687649985
60.00170615396928,'x6 + sqrt(x4**2 + 5.07411e-20) + (x5**2 + x5 + Abs(x4))**(-44.4276) + (x5**4 + (x5 - x6)/((-x4 + x5)/(-x4 + sqrt(x4**2 + 5.07411e-20) + exp((x5 - x6)/((-x4 + x5)/(-x4 + sqrt(x4**2 + 5.07411e-20) + 2*exp(x5 - x6) + cos(x6 + 1973.81)) + exp(x1))) + exp(x5 - x6) + cos(x6 + 1973.81)) + exp(x1)) + (-x4 + x5)/(x1 + exp(x5 - x6)))**(1/4)',3.612889154513965e-11,409,5,58,12,16384,paper,6,0,369133708
60.027833680971526,'x1 + x2 + x3 + sqrt(x5) + 2*x7**(1/4) + 2*exp(2*x5/x2) + 2*exp(x5/x2) + exp(exp(cos(exp(0.00760082*x5)))) + 2*sin(x0) + sin(0.00415717*x11) + sin(0.00865646*x11) + 2*sin(x5) + sin(exp(x0)) + sin(log(x2)**2) + 3*cos(x1) + 2*cos(x1**2) + cos(x11) + 2*cos(x3) + 2*cos(x8) + 2*cos(x9) + cos(exp(0.00760082*x5)) - 16.2954 - 525.335510253906/x5',23.10022735595703,409,6,58,12,16384,paper,6,0,2995172877
60.02905139804352,'x5 + x6 + Abs(x4) + (x3 + 2*sqrt(x5) - x6)/(x4*(x4 + x5 + sqrt(x6) + 124478.0)) + (x3 - x6 + sqrt(x4 + x6))/(x4*((x4 + x6)**2 + 510.974 + ((sqrt(x10) + (-x4 + x5)/cos((x2 + x3)**2))**4*sin(cos(x2 + x3 - x4))**2 + sqrt(x4 + x6))/x4))',4.014321427353584e-12,409,7,58,12,16384,paper,6,0,865305066
60.007057618000545,'x4 + x5 + x6 + sqrt((1.77415e-15*(x2 + sqrt(x5) + x6)**2*exp(-exp(cos(sqrt(x9))) + sin(33.9655*x0 + sin(x2 + x5)**2 - cos(x3))))**(((x4 + x5 + x6)/(x4 + x5 + x6 + ((33.9655*x4 + 33.9655/((x0**37.0394/sin(x2 + x5 + x6)**2)**33.9655*Abs(sin(x5 + sin(x2 + x4)))**67.9309) + exp(x0) + sin(33.9655*x2 - x4 + 32.9655*x6 + 33.9655*sqrt(x5 + x6) - 1153.65) + cos(33.9654541015625/x5) + 33.9655*cos(x6))/x4)**cos(sqrt(x9))))**cos(67.9309*x5 + 67.9309*x6 - 0.253125)))',3.2114571418828675e-11,409,8,58,12,16384,paper,6,0,404488628
60.012962672975846,'x2 + x3 + x3/(x1 + x2 + x5*log(sqrt(log(x2 + x3)))/(cos(exp(sqrt(x7))) + 137.913940429688*exp(-2*sqrt(x7))))**2 + x5*(x1 + x5)*sqrt(x2**2*exp(-sqrt(x7))/((2*x2*exp(-2*sqrt(x7)) + cos(sin(x2)))*(x5*exp(-2*sqrt(x7)) + cos(sin(sqrt(x7))))*((x2 + sqrt(2)*sqrt(x7))*exp(-2*sqrt(x7)) + cos(cos(exp(x1**2))))) + x5/log(sqrt(log(x2**2/(x5**(3/2) + 90.8187)))))/(x2 + 0.00657516*exp(x5**(3/2)*exp(-2*sqrt(x7))) + cos(sqrt(x0**2 + x5)))**2',6.935055732727051,409,9,58,12,16384,paper,6,0,2261209995
60.01575444696937,'x2 + x3 + sqrt(((x0**2 + x7**2)**sin(x11 + log(x3)))**cos(x0)) + sqrt((sqrt(Abs(x4 + 519.655)**(2*sin((x0**2 + x0 + log(x1 + (x0**2 + x7**2)**2))**sin(x0 + log(x2)) + log(x5 + x7)))) + Abs(x7)**(2*sin(x0**2 + x1)*cos(x11)))**sin(x0**2 + x5 + log(x2) + log(x0**2 + x1 + x5))) + sqrt((x7**2 + exp(8*sin(x1)) + sin(sqrt(x6))**4)**cos(x1)) + 2*cos(x3) + cos(2*x3) + cos(x2 + x3**2) + cos(exp(cos(sin(x1))**x7))',3.954885482788086,409,10,58,12,16384,paper,6,0,4190266092
60.01447347202338,'x4 + x5 + x6 - cos(0.0403226*sqrt(x0) + cos(log(x5)))**(0.0571258*sqrt(x1)/(-x0 + x6 - sqrt(x0 + x5 + 53.7031))**2 + sqrt(x10) + x4 + 2*x5 + 349.25 + cos(log(sqrt(sin(x5/x8)**2/sin(x3)**4)))/x8)/(x6*(x0 + sqrt(x10))) + (-x2 + x4)*cos(sqrt(x1/(x0 + sqrt(x10))) + cos(log(276.094177246094/sin(x3)**2)))**(x6**x1/(x6*(x0 + sqrt(x10))))/(sqrt(x10)*x6**2)',2.810024955779422e-11,409,11,58,12,16384,paper,6,0,3160032368
60.00665505800862,'x2 + x3 + sqrt(sqrt((sqrt(x9 + exp(sqrt(x1)*exp(sqrt(log(sqrt(x5) + exp(exp(x1/4))))) + sqrt(x5))/(Abs(sin(x3))*Abs(cos(x2)))) + exp(sqrt(x5 + sqrt(exp(sqrt(x5) - sin(434.925994873047/(log(x5) + sin(sqrt(x5)) - sin(434.925994873047/sqrt(x2 + x5)))))/x2)) - sin(434.925994873047/log(log(x5)))) - 606.013)/x2) - 0.00233393904065761*sqrt(x2 + x5)*sqrt(x11 + x7 + exp(sqrt(x5) + sin(x2)) + exp(sqrt(x5) + Abs(sin(99.0275*x0))))) + sin(x0) + sin(x10 + x7) - sin(sqrt(x7) - 118.726867675781) + cos(x1**2) + cos(x3)',16.021808624267578,409,12,58,12,16384,paper,6,0,3269070126
60.012432159041055,'x2 + x3 + 3.7483e-5*(sqrt(2*x2*sin(2*x2) + x5 + 562.531) + (-532.799*x7 + 0.00351164*(x9 + 832.661/sin(x6 + 326.946)**2)*(x9 + 614.876831054688/sin(x9 + 589.256469726563/x9)**2)/(x0**2*(x6 - 317.086)*sin(sin(x2))))/x8)**2*(x1**2 + x2 + x3 + (x2*sin(sin(2*x2)) + x5 + 372.243 + cos(cos(x1))**2/cos(x9)**2)*sin(x2 + sqrt(x5 + cos(x1*(x5 + 543.033) + sqrt(x10))**2/cos(x9)**2)) + cos(x2)**2/cos(x9)**2 + 243.405)*cos(sin(x0))**2',18.195938110351562,409,13,58,12,16384,paper,6,0,3081541439
60.01012600492686,'-x1*x4/(-x4 + 2*x5 + x6**2 + x6 - 138.109 - exp(x11/((2*x5 + 2*x6)**2/x4 - (x4 + x6)*(-x6**2 + x7**2 - 418.484)/x4**2))/x5 + (x6 + (x6 - 138.109)**2)**4/(x4**2*(28.6838*x1**2*x6**(2*x7)/x10**2 - x11 + x5)))**2 - x1*x4/(x5 + (x4 + x5 - x6 + 138.109)**2)**2 + x4 + x5 + x6',2.810024955779422e-11,409,14,58,12,16384,paper,6,0,3376120482
60.019169394043274,'x4 + x5 + x6 + (x2 + x4 + x6 - 0.00263481*x7**2)/(-x3**2 + x4/x6**cos(-437.897*x2*x4*exp(2*cos(x6))/(x6**2*(-x2 + x6)**2) + x3**2 + 2*x4 + x5 + x6) + x5 + (x3 + x4 + 2*x5 + x6 + (x2 + x6 + x4/x3**cos(x3**2 + 2*x4 + x5 + x6 + (x11 + x3**2 - x4)/(x11 - x2)**2))/(x4 - x6**cos(exp(-sin(305.226*x11**2) - sin(74.3074*x7**2))))**2)/cos(x4*sin(x7**2)))**2',4.014321514089758e-11,409,15,58,12,16384,paper,6,0,2204291346
60.02599769795779,'2*x4**2/Abs(x4) - x4 + x5 + x6 + exp(x0/2 - x5/2) + 2.92981e-33*sqrt(exp(sqrt(x4 - sqrt(sin(4.21912866406247e+150*exp(-x4**2 - x6 - exp(Abs(x4)/2))))))) - sqrt(sin(exp(-x5 - x6**2 - sqrt(x5 - sqrt(sin(exp(2.92981e-33*sqrt(x6)*exp(-x5/2))))))))',2.4085927696759768e-11,409,17,58,12,16384,paper,6,0,3606691181
60.01258664496709,'x4 + x5 + x6 - 0.00353547*sin(sin((-sin(0.0626562*x4*x6*exp(-(x4 + x5 - x6 + sin(x10*x4))**4/2)/log(x5**(1/8) + 282.848) - x5) - 346.328)**2))/(x3*log(x2 + x3 + (exp(x10*(-0.0626562*x4*x6/(sqrt(exp((x4 + x5 - x6 + sin(x4 + x5 - 282.848*x6/x10))**4))*log((2*x5 - 0.00353547*sin(sin((x4 - 346.328)**2))/(x3*x5) - 282.848*x6/x10)**(1/4) + 282.848)) + x4 + x5)/(x11 - x9))**(2*x2))**(1/8)))',6.021481924189942e-11,409,16,58,12,16384,paper,6,0,550243861
60.014887328026816,'x4 + x5 + x6 + sqrt(exp(16.1847*(-0.963009*68.0071**(16.1847*(x2 + 158.385*x2/x9 - 91.379*x2/(sqrt(x4)*(x2 + x4 + sqrt(x5)/(-0.963009*x6 - 0.963009*cos(158.385*x2/x9 - 4.95052)) + x5 - 220.851)) + 261.945)/(x2 + x3 + 1.00024*x9**exp(cos(x4)/2)*(-0.0109434*x1 + 158.385*x2/x9))) - 0.963009*x2 - 0.963009*x3 - 0.963009*(2*x2 + x5 + 261.945)/(-1.92602*x2 - 0.963009*x4 + 0.963009*sqrt(2*x2 + 261.945) + 212.681))/(x2 + x5)))/x4',5.620049911558844e-11,409,18,58,12,16384,paper,6,0,1934392872
60.013752722064964,'sqrt(x10)/(-2*x3 + x5) + sqrt(x2**2 + (x3 + x5)**2) + exp(2*(x3 + x6)/(x3 + x5)) + exp(2*sin(x0)) + exp(2*sin((x3 + x6)**2/(x3 + x5)**2)**4) + exp(sin(log(x9)**2)) + exp(2*sin(sin(x5))) + sin(x10) + sin(x6) - sin(0.898631*x7) + 5*cos(x1) + cos(x1**2) + 2*cos(x5) + cos((x2**2 + (x2 - cos(x5 + log(x3) + 287.949))**2)/x2) + cos((x6 - 365.746)*exp(-x7**2)) + 287.948669433594/(-x2 + x5)',15.994576454162598,409,19,58,12,16384,paper,6,0,2148995112
60.01464991399553,'x2**4*sqrt(x6 + (exp(x0) + 358.43)/sqrt((sqrt(x2) - x7)**2))/(x5*(x3 + sqrt(x5) + x7**2/x6**2)*(x5 + log((-x7 + log(x6**(1/4)))**4) + 103.628 + 13.3389/(-x7 + log(x11**2)))*(2*x1 + x3 + x5 + sqrt(x7) + x9/(x3 - x7)**2)) + x3 + x5 + (x2 + x6)/log(2*x3/(4.77115 - x7)**2 + 2*x5 + 3*x5/((-x7 + log(x1))**2*(-x7 + log(sqrt(x6)))**2) + (x5 + 50.0353)/(-x7 + log(x1)))',20.42498207092285,409,20,58,12,16384,paper,6,0,1592565386
60.02792948798742,'sqrt(x3)/sqrt((4.06191e+7*cos(x8 - exp(4*cos(sqrt(x6)))) - 145.295)**2 + sqrt(x4 + (4.06191e+7*cos(x8 - exp(4*cos(sqrt(x6)))) - 196.227)**2 + 12.053841917848*sqrt((x3 + x6)**(-x3**(x5/2)/2)) + (x4*x5 + (x4*x5 + x4)/cos(x8 - exp(4*cos(sqrt(x6)))))/x3**(sqrt(x3)/2))) + x4 + x5 + x6 + (x4*x5 + (sqrt(x10)*sqrt(x3) + x6*x7)/cos(x8 - exp(4*cos(sqrt(x6)))))/x3**(sqrt(x3)/2)',3.612889154513965e-11,409,21,58,12,16384,paper,6,0,784044718
60.01052783802152,'x4 + x5 + x6 + sin(x4 + x5 + x8)**2/(x4 + x4/(x4 + x5 + 3*x6 - 695.152 + 63.1575927734375/x4) + x5 + x6 + 0.0026743*x8 + sin(x4/(x4 + x5 + x6 + 0.0026743*x8 + 0.102406)))**2 + 20398.7*x5**2/(x3**2*(x4 + sqrt(exp((x4 - 276.915)*cos(x4)/2) + 180.771) + 180.771)**4)',3.2114571418828675e-11,409,22,58,12,16384,paper,6,0,3980425317
60.02491950604599,'x4 + x5 + x6 - cos(log(x4 + x6 - 0.224241/cos(log(x2)) - 0.451222896575928/cos(x4)))/(x10**2/(x9**2*sin(1.27669*x10)**2) + (-x10 + 438.246 + (x10/sin(367.777 - 266891.300388336/x6**2) + x5)/x4 + (-6.07595*x10 + x5)/x10)/(x2 + x4 + x5 - 243.233) + 74737.6/sin(x4 - (x2**2 - 438.246 - (-x10/sin(cos(x0)) + x4)/x10)**2/(x2 + x4 + x5 + x6)**2))',5.2186178989277465e-11,409,23,58,12,16384,paper,6,0,3356806661
60.02682967600413,'x4 + x5 + x6 + sqrt(x6/(x4*(3*x4 + (-x1 - 3*x10 - x2 - x5)/(x4 - x6))))/((x4 + exp(exp(2*exp(cos(sqrt(-x3 + 126518.0 + (-x10 + x3 - 2*x4 + x6)/(x4 - x6))))))/(sqrt(x10 - x3 + exp(8*exp(cos(126518.0/x4))))*sin(240.075*sqrt(x2 + x3 + x4)/x6)))*sqrt(x10 - 2*x4 + x6 - sqrt(x6/x4**2)/(sqrt(126518.0 - x5)*(x4 + 126518.0/x4)) + 126518.0))',4.8171855393519536e-11,409,24,58,12,16384,paper,6,0,2765379632
60.007721169968136,'5.33866e-6*x2*cos(-6.14302e-6*x5 + sin(x2 - sqrt(x8)) + 240.069)/(x3 + 5.65513 - 89.379150390625/(-x2 + sqrt(x8) - exp(x1) + log(x2) + 0.97908)) + x4 + x5 + x6 + sqrt(x8)*cos(x0)/(sin(x2 - sqrt(x8)) + cos(x11/sin(cos(log(175778.0 - cos(x3)))) + x3 + x6 + 5.65513) + 65.3767)**4 + cos(cos(1.16884e-6*x4*x5))*cos(cos(0.360397*cos(x5**2)/x5**2)**2)/((-x2 + sqrt(x8))*(x5**2 + x5))',4.415753526720856e-11,409,25,58,12,16384,paper,6,0,1728356533
60.01554649404716,'x3/((x2 - 250.754*cos(x5))*(x2 + x3 + x4 + x5 + x6 - 201.243896484375/(x3*(-250.754*(1.59039e-5*x0**2)**((-1/x8**201.244 + sin(x3))**2) - 1/(x5/x6)**201.244)**2))**2) + x4 + x5 + x5/((x5 + x6)*(-x2/(-x2 - x4 + x5 + x5/x6 + x6) + x3 + x4 + x6 + 527.731750488281/(2*x2 - 250.754*(91.9181518554687/x4)**((-1/x5**201.244 + sin(x5))**2) + 527.731750488281/((-1/x5**201.244 + sin(x5))**4*(x2 + x5 + x6 + exp(-1.47287*x5)/x4**2)**2)))**2) + x6',1.2042963848379884e-11,409,26,58,12,16384,paper,6,0,3533734220
60.023400204023346,'x5 + x6 + 3.98947e-6*exp(sin(x4 + 2*x5 - 2*x6 - exp(cos(x2 + sin(x3 - x6 + 297.64))) + sin(x5 + x6) - cos(x4**2/(-2.27306e+178*exp(7.37692e-195*exp(sin(sin(x5) + sin(x5 + 2.4161e-262)))) + sin(x4))**2) + cos((x2 + x5 + x6 + 133.192)**2) + 186.787)) + Abs(x4)',8.028643028179516e-11,409,27,58,12,16384,paper,6,0,2342600226
60.0026320819743,'x2 + x3 + x8**(cos(log(x8))/cos(cos(x2**2))) + exp(cos(x2**2)) + sin(x3) + sin(173.666*x9/x2) + sin(208.644*x5*(x3 + 112.962)) + sin(x9*(x3 + 112.962)/x2) + sin(x10 + sqrt(x5)) + sin(2*x2 - 214.738) + sin(x5 + cos(x1)) + 586.957*sin(sin(sin(609.41748046875/(208.644*x2 - 208.644*x5 + 208.644*log(x7) + 23568.9599071741 + 74767345.9649755/(x5*x6))))) + 5*cos(x1) + cos(160559.228032265/x2**2) + cos(x3) + cos(x8) + cos(x3 - 226.423) - 0.999823',8.647928237915039,409,28,58,12,16384,paper,6,0,1904449481
60.022913818014786,'x2 + x3 + exp(exp(0.0020913*x1**2 - sin(sqrt(x7)))) + sin(x0) + cos(x1) + cos(x8) + cos(x2 + x7**2) + cos(x6*cos(sqrt(x0)))/sin(x2 + x3 + exp(exp(cos(cos(x2)))) + log(x1 + x2 + x3) - 0.965264*sin(x2*(x2 + x3))/sin(exp(cos(x2 + x3 + log(x2 + x3))) + log(x2 + x3) + 120.87)) + sin(599.471*sin(x5))*cos(sin(x0))/sin(x2 + exp(cos(sin(sin(sin(sin(x2 + exp(cos(x2 + x3 + log(x2 + x6))) + log(x2 + x3))))))) + log(x2 + x3))',13.196817398071289,409,29,58,12,16384,paper,6,0,1934709049
60.01312221295666,'x4 + x5 + x6 - 0.3322*cos(1.01615*x5 + 1.01615*(x5 - 283.26)**2)/(x4 + x5 + 80236.5)',6.422914283765735e-11,409,0,58,12,32768,paper,4,0,3324115916
60.01378875202499,'x4 + x5 + x6 + sin(sin(sin(x5)))/(x4 - 113.338*x7 + (3*x4 + 2*x5)**2 + log(x7))',6.422914283765735e-11,409,1,58,12,32768,paper,4,0,2811363264
60.00525133102201,'x4 + x5 + x6 - 0.0052145*cos(x4 + x5 + x6 + 603.541*x9 + 364262.0)/(x5*(-x4 - x5 - x6 + 311.325134277344))',3.612889154513965e-11,409,2,58,12,32768,paper,4,0,1884968544
60.01328189193737,'x0*x7/(x11*(x5**2 - log(x5) - log(x6) - x10/x1)) + x4 + x5 + x6',4.415753526720856e-11,409,3,58,12,32768,paper,4,0,1859786275
60.00796996301506,'0.213598*x2*(sqrt(x11) + 2*x4)/((x3 + x4)**2*(x4 + 61435.2)) + x4 + x5 + x6',7.627210668603723e-11,409,4,58,12,32768,paper,4,0,3687649985
60.013592588948086,'x4 + x5 + x6 + 5.4288e-6*sin(x4*(2*x4 + x5 + 722.574) - x5)**2',5.620049911558844e-11,409,5,58,12,32768,paper,4,0,369133708
60.00970726797823,'2.75935e-10*x1**2/(0.71845**x4 + cos(x4 + x5 + x6) - 0.828401)**2 + x4 + x5 + x6',8.430074693865919e-11,409,6,58,12,32768,paper,4,0,2995172877
60.01871924090665,'x4 + x5 + x6 + (x5 + x6)/(x10**2*cos(log(x5 + log(x8 + 158.697)))) + x2/(x1*x9*(x5 - 513.327))',5.2186178989277465e-11,409,7,58,12,32768,paper,4,0,865305066
60.00818250305019,'x2 + x3 + exp(exp(x5/(x3 + x4 - log(x7)))) - log(x1)**(sqrt(x3))/(x7 + log(0.84145**x2) - 56.4754)',41.855472564697266,409,8,58,12,32768,paper,4,0,404488628
60.009860043996014,'x4 + x5 + x6 - 1.54885127276266e-6/cos(x2 + x3 + log(sin(x10)**2) + cos(cos(x6))**2)',4.8171855393519536e-11,409,9,58,12,32768,paper,4,0,2261209995
60.02300138003193,'-x1/(3*x1 + x1**(x4/2) + 2*x4) + x4**2/Abs(x4) + x5 + x6',7.627210668603723e-11,409,10,58,12,32768,paper,4,0,4190266092
60.00264658604283,'x1**(sqrt(x4) - x4)*(x1 - x11) + x4 + x5 + x6 + exp((sqrt(x4) - x4)*exp(sin(x5)))',8.028643028179516e-11,409,11,58,12,32768,paper,4,0,3160032368
60.0084675779799,'x4 + x5 + x6 + sin(sqrt(x5) - log(x5))/(x10**(sqrt(sin((x4 + 0.832764)/x2)))*(x7 - 331.431))',5.2186178989277465e-11,409,12,58,12,32768,paper,4,0,3269070126
60.0106332229916,'x4 + x5 + x6 + 9.01143e-5*(sqrt(x11) - 2*x7 + 105.342 - 237.661376953125/log(x7))*log(x9)/x10',5.620049911558844e-11,409,13,58,12,32768,paper,4,0,3081541439
60.01806986099109,'x4 + x5 + x5/((186.513**cos(x6**2 - 165.515) + 165.515)*(-x0**8 - x4 - x5 + 226399.0)) + x6',4.8171855393519536e-11,409,14,58,12,32768,paper,4,0,3376120482
60.02181811595801,'x4 + x5 + x6 - 0.00276111*(x4 + exp(x7**(1/4)))/(-0.00335158*x6*exp((x4 + x5)*cos(sqrt(log(x0**2)))) + x8)',3.2114571418828675e-11,409,15,58,12,32768,paper,4,0,2204291346
60.007175981998444,'x5 + x6 + Abs(x4) + (x2 + x5 + 22.8531)/(612.468**exp(sin(x0 + x1)) + 235185.0*x3)',6.422914283765735e-11,409,16,58,12,32768,paper,4,0,550243861
60.012559877941385,'x4 + x5 + x6 + 3.95603e-6*exp(x1 - (x3 + x4 + exp(x9*cos(x10 - x5)))**(1/4) - cos(sqrt(x7 + 154.76)))',7.627210668603723e-11,409,17,58,12,32768,paper,4,0,3606691181
60.01168000895996,'2.75971e-6*x0**8/((x3 + x6)*(x3 + 2*x6 + log(x11))*cos(log(x11))) + x4 + x5 + x6',5.2186178989277465e-11,409,18,58,12,32768,paper,4,0,1934392872
60.016509572044015,'x4 + x5 + x6 + cos(sqrt(x0) - x5 + 107.283)/((1.45153**(133.908752441406 - x6) + 545.303)*(x2 + log(x7)))',4.014321514089758e-11,409,19,58,12,32768,paper,4,0,2148995112
60.00304366496857,'x4 + x5 + x6 - 148.447326660156/(x6*(x10 + x6*(x10 + 118.144*x6)*sin(exp(sqrt(x7)) + 49897.6)))',3.612889154513965e-11,409,20,58,12,32768,paper,4,0,1592565386
60.01240064203739,'x4 + x5 + x6 + sin(sin(x6)**2)/(x4*(3.00442*x5 - 1824.62) + exp(exp(x1)/x0))',3.2114571418828675e-11,409,21,58,12,32768,paper,4,0,784044718
60.008169114007615,'-sin(305548.0*x4**2/(x8**2*(x3 + log(x8)**2 + 518.93 - 413.8212890625/sin(x3 + 517.112))**2)) + Abs(x4 + x5 + x6)',5.620049911558844e-11,409,22,58,12,32768,paper,4,0,3980425317
60.00673640402965,'x5 + x6 + Abs(x4) - x5/(x3*((-0.876384*sqrt(x11) + log(x11) - 366.690551757813/(x6*sin(x4)))**2 - 115877.0))',6.824346643341528e-11,409,23,58,12,32768,paper,4,0,3356806661
60.01208636292722,'x4 + x5 + x6 + log(x0)/((x5 + x6 + 488.013)*(-log(x4) - 134.974 + 3.94483261229885e+46*exp(-x7/2)))',6.824346643341528e-11,409,24,58,12,32768,paper,4,0,2765379632
60.00849203101825,'x4 + x5 + x6 - sqrt(x7/x5)/(x6 + sqrt(sqrt(x3) + x10**2*x7/x0**2) + exp(exp(42204.7043343717/x2**2)))',4.8171855393519536e-11,409,25,58,12,32768,paper,4,0,1728356533
60.00721889000852,'x4 + x5 + x6 + sin(x3)**4/((x3 + x4 + log(log(x0)) + 179.21)*(x3 + x4 - x5 + x6 + log(x7)))',5.2186178989277465e-11,409,26,58,12,32768,paper,4,0,3533734220
60.01626932108775,'x4 + x5 + x6 - sin(sin(sin(x4 + cos(x1)))**2/(x4 - x6 + x7 - 568.234802246094)**2)',6.422914283765735e-11,409,27,58,12,32768,paper,4,0,2342600226
60.02064163098112,'x4 + x5 + x6 + 2.01365202948346e-8*x7*sin(x5) - 3.01268700678131e-6*sin(x5)*sin(x6 + 242.824)',4.014321514089758e-11,409,28,58,12,32768,paper,4,0,1904449481
60.0076221160125,'x4 + x5 + x6 + sin(1/(x6*(x11 + x3)*cos(x5 + 419.281*sin(cos(x5 + log(x5))) + 135628.0)))',6.824346643341528e-11,409,29,58,12,32768,paper,4,0,1934709049
60.012960142921656,'x4 + x5 - 1.05792e-5*x6**4/(219.71*x2 + sin(x5))**2 + x6 - sin(125917.599264085/((x0 + x10)**2*sin(x4 + x5 + x6 + sin(sqrt(sqrt(x4) - 520.273071289063/x10)) + 368.182)))**2 - sin(125917.599264085/((x10 - 520.273)**2*sin(x3**2 + x4 + 2*x5 - 1.11919e-10*x6**2 + x6)))**2 - sin(125917.599264085/((x0 + x10)**2*sin(x3**2 + sin(x5) + sin(sqrt(521.104 + x3/x10)) + 368.182)*sin(x3**2 + sin(x5) + sin(sqrt(sqrt(x4) - 520.273071289063/x10)) + 368.182)))**2',2.810024955779422e-11,409,0,58,12,32768,paper,6,0,3324115916
60.00143503106665,'104.23**(x4*(-exp(2*sqrt((0.23899**x3 + x3 + (x1 + (x6 + log(log(log(x3)))**2 + sin(x4 + 0.990182*cos(0.00340209*x2 + 602.754))/2)**2 + log(sqrt(x6 + sqrt((x6 + sqrt(x1 + sqrt(x5)))**2)*Abs(x2))*cos(sin(x6)))**(sqrt(x1) - x1 - sqrt(x5) - x5))**(-39.5764))**(-39.5764))) + sin(exp((log(log(log(x3)))**2 + log(cos(sin(sin(sqrt(x5 + x6 + cos(1.43125*log(x3))))))))*cos(x6))))) + x4 + x5 + x6',8.430074693865919e-11,409,1,58,12,32768,paper,6,0,2811363264
60.016782482969575,'x4 + x5 + x6 + (x5 + sin(x3))/(((x5 + (x2 + x4/(sin(x10)*sin(x3)) + 2*x5 + x6)**2)**2 - cos(x5))*sin(x2)) + sin(log(x6)**(sqrt(x0))/(x10*(x4 + x5/(sin(x2)*sin(sqrt(x2) + sin(x10)))))) + sin(log(x6)**(sqrt(x0))/(x10*(x5/(sin(x2 + 2*x5 + log(x5) + sin(x3))*sin(sin(x2 + x5))) + (x5 + (x2 + x5)**2 + (x2 + 2*x5 + (x5 + x6)/sin(x10) + sin(x10))**2)/(2*x2))))',2.007160757044879e-11,409,2,58,12,32768,paper,6,0,1884968544
60.02255384705495,'x4 + x5 + x6 + sqrt(2*x2 + cos(x3))/((x4 + x6)*(18353.7*x10*sin(x11 + x5)/x2 - 135.476*x11 - 135.476*sqrt(x2) - 135.476*x2 - 135.476*x3 - 135.476*x5 - 68056.8)*log(x1 + x5)**sin(log(x2))*sin(x11 + x5)) + log(cos(cos(sqrt(x2) + 2*x3 + log(x2) + log(x3 + x4 + (x3 + sqrt(2*x2 + x3 + log(log(x10))))**2) + 190.07)/sqrt(x10))) - 0.00383549*(x2 - 260.723*sin(409.808*sin(x8)))/(502.355**x1*sin(409.808*sin(x8)))',5.2186178989277465e-11,409,3,58,12,32768,paper,6,0,1859786275
60.01250072894618,'x4 + x5 + x6 + 1/((x2 + x3/sin(x2))*(x5 + 2*x6 - 356.347)*(x2 + x4/sin(x4) + x5 + x6 + log(x2 + x4 + 2*x5 + 2*x6 + 22.9881))) + x5/(x3*(x4 + x5)*(x5 + 3*x6 - 356.347)*(x3 - 2.27886*sqrt(x5) + x5 + x6 + log(3*x5 + x6) - 356.347)) + x5/(x2*(x2 - 356.347)*(x5 + 2*x6 - 632.864)*(x4 + sqrt(x5)/x6 + x5 + x6 - 356.786))',4.014321514089758e-11,409,4,58,12,32768,paper,6,0,3687649985
60.03296479093842,'x4 + x5 + x6 + sin(1.50832e+22*sin(x2**4*x3**8/x3**(2*cos(cos(x1))))**2/x3 - sin(Abs(x1))**2/(x3**2*x6**cos(cos(533.298828125/x2)))) - sin(sin(sqrt(x3))**2/(x3**2*x3**cos(cos(547.384/x2))) + sin(0.697515/(x3*(-1.43366*x1 - 307.605)))/(x2*cos(((x4 + x5 + x6)**2 + Abs(x1 - 199.137)**(2*sin(x6**2/cos(547.384/x2)**2)))/x2))) + 0.486527/(x3**2*x3**cos(cos(x1)))',1.2042963848379884e-11,409,5,58,12,32768,paper,6,0,369133708
60.00499010004569,'x4 + x5 + x6 + 5.95528e-6*(-x6*(x4*exp(-x4) + 2*x5 - log(x4 + x5 + 2*x6 + (2*x5 + x6 + log(x6))**2) - 204.889 + 257.139*x10/x1)**cos((x4 + (2*x4 + 2*x6)**cos(x4 + 2*x5 + x6 - 257.139*x10/x1))/x4) + x6 + log(x6) + log((x5 + 2*x6)**cos(5.14597e-6*(x6 + 489.483)/(x4**4*x5**4))) + 204.889 - 257.139*x10/x1)/x5**4',5.2186178989277465e-11,409,6,58,12,32768,paper,6,0,2995172877
60.00146402302198,'x2 + x3 + exp(cos(x1 + cos(x3 + cos(log(x1)))) + cos(sqrt(x7) + 517.277)) + exp(exp((x2*(-0.000494856*x2 - 0.000494856*exp(exp((-x2 + x5 + exp(x5/(x7 - 0.434491)))/(-log(x7) + log(log(x2))))) - 0.0114499*cos(x4)/(cos(x3) + cos(exp(x0))) - 0.0114499*cos(x7)/(x0 - 0.96711))/log(x7) + x5 - log(log(613.247924804688 - log(x7))))/(x3 + exp(x0) + exp(exp(cos(x7)))))) + exp(cos(x1 + cos(x7**(1/4) - 392.643))) + sin(sin(x5)) + cos(sqrt(x7) + exp(cos(x7))) + cos(sqrt(x7) + exp(cos(sqrt(x7))) + cos(x1))',1.434694528579712,409,7,58,12,32768,paper,6,0,865305066
60.01849182799924,'x4 + x5 + x6 + (-8.37204e-6*x3 - 1.67441e-5*x4 - 1.67441e-5*x5 - 1.67441e-5*x6 + 8.37204e-6*sin(x2 + x3 - x5) + 0.0025306 - 8.37204e-6*(sin(exp(-x3)*cos(cos(log((x4 + x5 + x6 + exp(sin(x2)) + cos(sin(255.404510498047/(x2*x3*(x4 + x5)))))/x5) - 255.405))**(x11**2)) - 382.853)*cos(cos(x4 + 2*x5 + x6))**(x5**2)/((x2 + x5)*sin(255.404510498047/(x2*x3*(x4 + x5)))**2))*cos(cos((x4 + x5 + x6)/x2))**(x5**2)/(x4 + x5)',3.612889154513965e-11,409,8,58,12,32768,paper,6,0,404488628
60.01853671402205,'x4 + x5 + x6 - sin(log((x3 + x5 + x6)**2*(x5 - exp(exp(0.00285123*log(x10*(x6 + x5*log(x6**2*(x5/sqrt(log(x9)) - exp(exp(sin(x6))) - 540.63)**2)/(x3*x4)))/sin((x2 + x3 - 2*x5 - x6)**2) + cos(312555.0*x6**2)**2)) - exp(sin(350.725*x3**2 + x4 - x6 - cos(sqrt(x3)*cos(x4)**2)))*log(x6**2*(-x3/(x6*(x5 + x6 + 118.945)) + x5)**2))**2)/(x3**2*(x2 + x5/sqrt(log(x9)) - 540.63)))',6.021481924189942e-11,409,9,58,12,32768,paper,6,0,2261209995
60.013450429891236,'x2 + x3 - sqrt((x1 + x3 + sqrt(x9) - (sqrt(x2) - exp(exp(cos(exp(x0)))))**2 - (x2 + exp(exp(sin(x4))))*exp(-x7) + sqrt(exp(x5/x9**(1/4))))*exp(-sqrt(x7) - x7/x0)) + (x5*(x3 - sqrt(exp(x5/x9**(1/4))))*exp(cos(x1))*exp(cos(x3 + cos(x1)))*exp(cos(exp(x0))) + ((sqrt(x7) + 0.259415*x7)**2)**exp(cos(x1)) + exp(x5/x9**(1/4))*exp(cos(x1))*exp(cos(x3))*exp(cos(x11 + x2 + x3 + x4 - 0.489102)) - 149.683)**(1/4) + (-x7 - 49.096435546875)/x3',7.140708923339844,409,10,58,12,32768,paper,6,0,4190266092
60.01034442905802,'x4 + x5 + x6 + 8.59981e-6*sin((-x2 - x5 - x6 - 5.24670973071289/sqrt(x5))/(sin(x4) + sin(341.000915527344/(-x2 + x3 - log((x2 + x5**2)**4) + 429.658)) + sin(0.00293254*x5 + 0.00293254*x6 + 0.00293254*sin(x3) - 0.00293254*sin(341.000915527344/sin(log(x10/(x5 + x6)))**2) - 0.00185453 + 0.00293254*x4/x2) + 0.118256))**2 - sin((-x2 - x5 + 341.000915527344/(-x2 + x5 + cos(x3**2) + 63.2103) - (cos(x6) - 429.658)/x2)/x4**4)/(x3 - 165.618)',5.2186178989277465e-11,409,11,58,12,32768,paper,6,0,3160032368
60.013180281966925,'x4 + x5 + x6 - x7/((x4 + x6 - log(x2)/sin((x3 + x6 - 0.648051/x4)/log(2*x4 + x5 + x6 - 0.998051 - 1.27548/128.815**sin(log(Abs(x9)**(2*cos(x2)))))))*(-(x0 - 130.731)**2 - (-x9 + (2*x4 + 97.3227*x5 + x6 - 0.998051 - x9/128.815**sin(log(Abs(x9)**(2*cos(x2)))))**2)**sin(x3) + 339090.0)) - log(x5 + 128.815)/(-612.373*(x2 - 338.248)**2 + 612.373*x3/128.815**sin(log(Abs(x9)**(2*cos(sin(x6))))))',1.2042963848379884e-11,409,12,58,12,32768,paper,6,0,3269070126
60.020569651038386,'8.42581e-33**x3 + 2*x1*x5/(x6*(229.137*x9 - (x3 + exp(sqrt(x4)) + 0.00172997)**2 + sin(x5/x4))) + x4 + x5 + x6 + 1.02484e-5*sin(sin(sin(x5) - 480.39013671875) - 241.744262695313)**2 + (2.99278e-6*x1*x9/(0.00394254*x4**2*x9 + x6**2 - (-0.00414921309882108*x1 - x7 + exp(sqrt(x4)) + 0.0454784)**2) + 2.99278e-6*x6 - 2.99278e-6*x7 - 9.35605e-9*x9)/x6',8.028642854707169e-12,409,13,58,12,32768,paper,6,0,3081541439
60.00552248803433,'x4 + x5 + x6 + (x4 + x6 + (2*x4 + x5 + x6 + x7 + cos(x4 + 2*x6 + 452.652) - 275.861)*cos(x10))/452.652**(2.97205*cos(0.259627**((3*x4 + x6 + 2.97205*cos(0.259627**(0.00345492*cos(x10))) + cos(x10) + 4.61644)**2)))',4.415753526720856e-11,409,14,58,12,32768,paper,6,0,3376120482
60.01530820503831,'x4 + x5 + x6 + sin(sin(cos(x2)/x9)*sin((exp(cos(0.015965*x6)/sqrt(x2)) + sqrt(log(x5)) + cos(0.015965*x2 + 0.015965*x5 + 0.015965*cos(x4 + 2*x5)))**2*(exp(-x3 - x5 + x6) - exp(x3 - x5 - x7) + 0.258333)*exp(-2*sqrt(x3)))) - sin(sin(exp(-x2 + x6 - x7))*sin(sin(779.854*x1 + 779.854*x10))) + sin((sqrt(x2) + x4 + x7)*(exp(sin(x3 + x5)) + sqrt(log(x5)) + cos(x6/(exp(sin(x5 + x7)) + sqrt(log(x5)) + cos(0.015965*x6))))**2*exp(-2*sqrt(x3)))',6.021481924189942e-11,409,15,58,12,32768,paper,6,0,2204291346
60.020679814973846,'x4 + x5 + x6 + (sin(x0) - sin(0.148386*x5))/((x10**2/x6**2 - x8)*(-x2 - 0.148386*x4 + x5 + 0.554843*x6 - 0.148386*(x4 + x5 - 358.641)/log(x2) - 0.148386*log(x2 + x5) - 0.148386*(x2 + 2*x6 - cos(cos(x5 + x5/(sqrt(x5 + 2*x6 + 45.8765) - 154.314))))/x5)) + (sin(x5) + sin(x4 + x5))/((x10**2/x6**2 - x8)*(-x2 - 0.148386*x5 + x6 + 8.96603))',3.612889154513965e-11,409,16,58,12,32768,paper,6,0,550243861
60.019448636099696,'x4 + x5 + x6 + 1.76594e-6*exp(cos(x7 + sin((x8 - 173.321)**2))) + sin((-(x6 + sin(x8))**2 + cos(sqrt(x4) + x5 + x6))/((x4 + 2*x6 + (-x3 - x4 + x8 - ((x3 - x5**2)**2 + x6/x1)**cos(x6))**2/x4)*(x5 + (7.90073e-129/(x6 + x7 + sin((x8 - 173.321)**2)))**cos(x4 + cos(x6 + sin((x8 - 173.321)/(x6*(x11**154.06 + x5)))) - 13.2468) + cos(sqrt(x6)))))',4.014321514089758e-11,409,17,58,12,32768,paper,6,0,3606691181
60.00943188206293,'x4 - x5*(x4 + x6 - x7**2 - sin((x9 + sin(sin(sin(x10))))*sin(x10) + sin(x3*sqrt(x4) - (2*x5 + ((x7**2 + sin(x5))*sin(sin(x5**log(x10))))**log(sqrt(x3)) - (x4 + sin(sin(sin(sqrt(x4)))))**log(x10) - log(x10) + sin(x6))*sin(x6) + log(x10)) + 184.184) + sin(sin(sin(sqrt(x4)))))*exp(-0.25585*x6)*sin(sin(sqrt(x3))) + x5 + x6 + sin(4.00964e-6*sin(x3)**2) + sin(sin(x4**log(x10))) + sin(4.00964e-6*sin(x9 - exp(x1))**2)',6.021481924189942e-11,409,18,58,12,32768,paper,6,0,1934392872
60.01370218896773,'x4 + x5 + x6 + exp(cos(x9 + sqrt(x2 - sin(x4**2 - 41.1893310546875))))/(x3**2*(log(6.03089*x4 + 6.03089*x6 + 6.03089*exp((-x4 + exp(-x4**2)*exp(cos(2*x4 + x5 + x6 + x9))/x3**2)/sin(x5 + 0.00810914*Abs(x4)/x6**2)) + 6.03089*exp(exp(log(x6)*sin(x9)/sin(x4))) + 36.3716 + 20.6552*(x5 + x6 + sqrt(x2 - sin(x5 - 41.1893310546875)) + 416.083)**2/x4)*cos(x6**2/(log(x6)*log(x2 + 2.82269e+9)) + 6.03089) + 36.0062))',2.4085927696759768e-11,409,19,58,12,32768,paper,6,0,2148995112
60.02106067491695,'x4 + x5 + x6 + exp(x4*log(exp(-486.995758056641/(x4 + x5 + 2*x6 + (x4 + x5 + x6 + log(x6/sin(x5**cos(log((sin(2*x3 + x5 + 2*x6 + 5.65586) + 5.65586)/x10**2)**2))**4)**2)**log(exp(sin(x5**cos(log((x5 + sin(-x10 + x3 + x5 + x6 + 135.243894577026))/x10**2)**2))**2)) + log(x5/sin(x5**cos(log((x5 + sin(-x10 + x3 + x5 + 2*x6 + 241.714092254639))/x10**2)**2))**4)**2)))/2)',4.8171855393519536e-11,409,20,58,12,32768,paper,6,0,1592565386
60.00036172696855,'x5 + x6 + sqrt((x4 + exp(-62.8840942382813/log(x6 + sqrt(x8/(x5 + sqrt(x6)*sqrt(x3 + log(x2 + x3 + 5.85197)) + 0.497894*exp(sqrt(x2)*sqrt(x3 + log(x3)) + x5 - x8 + exp(sqrt(x2))))))))**2)',6.021481924189942e-11,409,21,58,12,32768,paper,6,0,784044718
60.020159766077995,'x4 + x5 + x6 - (0.979755 - exp((x4 + x7)*exp(-sin(x6 + exp(sin(sin((x4 + x6)*log(x10))/(-log(sin(sqrt(log(x10) - cos(x4)))**2)**2 + cos(x10)))**2)**0.985744))/(-x4 + x6**2/(log(x4) - cos(sqrt(x4)))**exp(2*exp(sin(x6 + exp(sin((x4 + x6)*log(x10))**2/(-log(sin(sqrt(log(x10) - cos(x4)))**2)**2 + cos(x10))**2)**0.985744))) - x6)))**2/x10',1.2444396901845067e-10,409,22,58,12,32768,paper,6,0,3980425317
60.01190217596013,'0.759873**(x2*exp(cos(2*x4 + x5*(x6 + cos(x4 + x5 + x6 + cos(x4 + 9.26001) - 505.241))/x4))) + x4 + x5 + x6 + sin(sin(exp(cos((x4 + 2*x5 + log(x4) + cos(x4) + 300.901)*cos(x5 + cos(x3))))))**(x2*exp(cos(2*x4 + 2*x6 + cos(2*x4 + x5*(x6 + cos(x5*(x6 + cos(x4 + x5 + 2*x6 + cos(x4 + 9.26001) - 585.701))))/x4) - 585.701)))',6.422914283765735e-11,409,23,58,12,32768,paper,6,0,3356806661
60.01877659908496,'x4 + x5 + x6 - 0.28512/(-0.208535*x2*x5 - sqrt(exp(sqrt(x7))) + 0.0594576*exp((283.538330078125 - x2)*(x2 + (x4 + sqrt(exp(sqrt(x7)))/((x2/(0.874388**log(x11) + sqrt(exp(sqrt(x7)))) + x4)*cos(x4)))*cos(x2))/x2) + 283.538330078125 + x5/x2) + cos(2.52566*x5**4)/(x2**2*(-2*x2 + x5 - (x2/(sqrt(exp(sqrt(x7))) + 1/(0.874388**log(x11) + sqrt(x0*x7))) + x4)*cos(269.306*x2) + 283.538330078125))',4.415753526720856e-11,409,24,58,12,32768,paper,6,0,2765379632
60.01174106297549,'x5 + x6 + Abs(x4) + 323.438659667969/(x6*(exp(sqrt(x3 + x4)) + (x4 + x5 - 303.579 + (2*x4 + x5 - 303.579)**2/(x4 + exp(cos((x4 - 253.344)**2 + 309.517)/cos(x4 + log(x5))) + log(x8)))**4/(sqrt(x4 + 309.517) + sqrt(x4 + x7) + exp(log(x4)**2/x3**2))**2)) + cos(x5 + 309.517)**2/x4**3 + (x3 + x4)**4/(x3*x4**2*(x4 + sqrt(x3 + x4) + exp(sqrt((x4 + x5 - 303.579 + cos(x4 + x5 + log(x5))**4/x4**6)**2)) + 10.7632)**2)',4.415753526720856e-11,409,25,58,12,32768,paper,6,0,1728356533
60.015474874991924,'x4 + x5 + x6 + log(exp(2*sin(0.000307414*log((x2 + x5)**2)*sin(x2)**2*sin(0.0175332*log((x4 + x5 + x6)**2/(x4 + 0.00382444*log(sin(x5)**2)**8*sin(x6)*sin(x2 + x5)**4*sin(sin(x10))/sin(x4 + x5 + x6)**8)**2)*sin(x4 + x5 + x6))**2*sin(x3 + (x2 + x3 - log(x5 + x6 + sin((x4 + x5 + log(x5 + x6 + sin((x4 + x5 + x6 + sin(x3 + x4))**2)) + sin(x3 + x4))**2)))/x5)*sin(x4 + x5 + x6))))',3.612889154513965e-11,409,26,58,12,32768,paper,6,0,3533734220
60.02391389105469,'x4 + x5 + x6 + sin(sin(x7/(-256286.0*x2 + x5))) + sin(sin(sin(((x5 + x6)/(x5 + x6 + log((cos(x8*sin(x7/(x11 - 256285.0*x2 - 256286.0*x4))) - 280.87)**2/cos(1.48714e-34659*x2**12609.2)**2) + sin(x6*log(x11)**2)))**(x4 + x5 + x6))))',4.415753526720856e-11,409,27,58,12,32768,paper,6,0,2342600226
60.029910997953266,'x4 + x5 + x6 + sin(506.1591796875/sin(cos(x9 + 227.587)))/(-x5 - x6 + Abs(x10) + (-x10 + x3 + exp(sqrt(x5) - sqrt(x11 - x6**(1/4) - (x2 + x4)/x5)/x5) + (x2 + sqrt((-0.00321658*sqrt(x2) - 0.00321658*x3 + 0.00321658*x3**(sqrt(x11 - sqrt(x2) - (x4 + x6 + 539.768)/cos(x6))/x5))**2*(x10**2 + x10 + x4 + cos(x6))))/x5)**2/x5**2)',4.415753526720856e-11,409,28,58,12,32768,paper,6,0,1904449481
60.01894506800454,'x4 + x5 + x6',1.2042963848379884e-11,409,29,58,12,32768,paper,6,0,1934709049
60.06776867690496,'x4 + x5 + x6 + sin(x5)/(x5**2*(x0**2*x5/(x3*sin(x5)) + x4))',4.415753526720856e-11,409,0,58,12,65536,paper,4,0,3324115916
60.27180556708481,'x4 + x5 + x6 + 456.998046875/((x2 + 266.999)**0.99463*(x5/cos(x10 + x8) - x6)*(-190.496*x4 - 190.496*x5 + 38203.7))',6.824346643341528e-11,409,1,58,12,65536,paper,4,0,2811363264
60.11191105400212,'x0/(x5 + (x10*x5 + x4)*sin(x0 + x5 - 337.405)) + x4 + x5 + x6 + 1.08029e-7',6.824346643341528e-11,409,2,58,12,65536,paper,4,0,1884968544
60.108205657918006,'-x1/(x4 + x7**(321.962524414063 - x7) + 321.962*exp(2*x1 + x4) + 321.963)**(1/4) + x4 + x5 + x6',8.430074693865919e-11,409,3,58,12,65536,paper,4,0,1859786275
60.25044404901564,'x4 + x5 + x6 + (x4 + 212.158)/(Abs(sin(x8))**(-18.6416) - 9.32080078125 - 361891.0*x6**2/x4) + 3.2667e-6',6.021481924189942e-11,409,4,58,12,65536,paper,4,0,3687649985
60.071779901045375,'x4 + x5 + x6 + 0.159441903475113/x10 - 26864.2488059253*(-0.00185108*x10 + x7)/(x10*(3.95637e+7 - 83347.0*x2))',6.422914283765735e-11,409,5,58,12,65536,paper,4,0,369133708
60.05287622194737,'x4 + x5 + x6 + 0.0177253*cos(sqrt(x2) + x9)/((sqrt(x2) + 2*x4)*(-x4 - x5 - x6 + 300.261596679688))',5.620049911558844e-11,409,6,58,12,65536,paper,4,0,2995172877
60.14749953895807,'x0/((124.730590820313 - (-x2 - x3 + x7 - sin(x5))**2)*(x5 + x6 + 439.178*sin(cos(x11)))) + Abs(x4 + x5 + x6)',7.22577830902793e-11,409,7,58,12,65536,paper,4,0,865305066
60.27539326099213,'x4 + x5 + x6 + sin(x9)/(-0.00477004*218883.0**(1.27623*sin(x3)/cos(x4)) - 0.00477004*x5 + log(log(x0)) + 262665.0)',5.620049911558844e-11,409,8,58,12,65536,paper,4,0,404488628
60.21238510205876,'x4 + x5 + x6 + 4.44365e-6*cos(x0) + 4.44365e-6*cos(x1) + cos(x2)/(2*x4 + x5 - 598.468)**2',8.831507053441712e-11,409,9,58,12,65536,paper,4,0,2261209995
60.236056088935584,'x4 + x5 + x6 - 0.00200813*(x5 + x6 + cos(x5))/(-1.50254*x5*cos(x7) + x5 - 448.695)**2',8.028643028179516e-11,409,10,58,12,65536,paper,4,0,4190266092
60.04019316693302,'x4 + x5 + x6 - sin(x4*x9**4/(x2**8*x8**2)) - 567.323*sin(342.547*x9)/x9**2',6.824346643341528e-11,409,11,58,12,65536,paper,4,0,3160032368
60.13925531692803,'-x2/(-317977.0*x3 + x6*(x11 + x2 + x4 + 587.452)) + x4 + x5 + x6',7.627210668603723e-11,409,12,58,12,65536,paper,4,0,3269070126
60.23725241597276,'x4 + x5 + x6 - (x4/(x4 + x5 - x6) + x5)/(sqrt(x4)*(100024.0 - x9)*(x4 + x5 + 294.4267578125/x4))',5.2186178989277465e-11,409,13,58,12,65536,paper,4,0,3081541439
60.21997705404647,'x4 + x5 + x6 + sin(cos(x2 + 2*sin(x6))/(x5 - 171.153))/(x6 + log(0.968237*exp(-x4)))**2',6.824346643341528e-11,409,14,58,12,65536,paper,4,0,3376120482
60.27137982309796,'x4 + x5 + x6 + (0.00678054*x9 + 238.105)/(x3**2 + x4)**2 + cos(sqrt(x1 + x2 + x4))/(x2 + 505.092)**2',6.824346643341528e-11,409,15,58,12,65536,paper,4,0,2204291346
60.2050270580221,'x6 + Abs(x4) + Abs(x5) + (0.00233569*x5 + 0.00233569*x6 + 0.00233569*sin(cos(x5 + x6)))**2/(4*x3**2)',8.831507053441712e-11,409,16,58,12,65536,paper,4,0,550243861
60.13777552393731,'x4 + x5 + x6 + cos(x5*log(x6)**2)/((x2*(x6 - 162.088) + x5 + x6)**2*cos(sqrt(x6 + 292.446)))',5.2186178989277465e-11,409,17,58,12,65536,paper,4,0,3606691181
60.21602299192455,'x4 + x5 + x6 + 5.47385e-6*sin(x4 + 4.4365) + (-0.000112024*sqrt(x2 + x7) + 0.000112024*sqrt(x4 + x6))/x6',6.021481924189942e-11,409,18,58,12,65536,paper,4,0,1934392872
60.06877413392067,'0.565981**(x5 + x6 + 168.706*sin(x2)) + x4 + x5 + x6 + exp(-sqrt(x7 + 166.978) - sin(x4) + sin(x4**2))',7.627210668603723e-11,409,19,58,12,65536,paper,4,0,2148995112
60.08737986302003,'x4 + x5 + x6 - 0.400687/(x9*(-2*x2 + 2*x4 + x6 + cos(x9) + 57.7031 - 1.94885188251623e+128*exp(-x9)))',5.2186178989277465e-11,409,20,58,12,65536,paper,4,0,1592565386
60.31833050795831,'x4 + x5 + x6 - 8.75243e-6*cos((x2 - x7)**2)',4.8171855393519536e-11,409,21,58,12,65536,paper,4,0,784044718
60.04744378605392,'x4 + x5 + x6 + 0.00315482*(sqrt((x11 + sin(sqrt(x6)))/(x4 - x6**2 + x9) + 460.948) + sin(x4))/(x9 - 100473.0)',5.2186178989277465e-11,409,22,58,12,65536,paper,4,0,3980425317
60.127529920078814,'x4 + x5 - 5.79489e-6*x5/x6 + x6 - log(cos(cos(x4)/(-x10 + x11/sin(x2) + x2 + x6 + sin(x2))))',8.430074693865919e-11,409,23,58,12,65536,paper,4,0,3356806661
60.11046484403778,'x4 + x5 + x6 - 481.566101074219/(x11 + (-x4 - 481.566101074219)**4*cos(x6*sin(x11)**2)**2 + cos(311.229736328125/(x5 - 493.816)))',7.22577830902793e-11,409,24,58,12,65536,paper,4,0,2765379632
60.158338846988045,'-x2*(x4 + x5)/((x4 - 128035.0)*(x3 + x4 - exp(exp(sin(x4))))**2) + x4 + x5 + x6',6.422914283765735e-11,409,25,58,12,65536,paper,4,0,1728356533
60.18458711402491,'x4 + x5 + x6 - (cos(cos(x8)) - cos(cos(log(x5))))/((x4 + x6)*(2*x3 + x4 + log(x6) + 146.507))',9.232939413017505e-11,409,26,58,12,65536,paper,4,0,3533734220
60.14688400400337,'1.0*x4 + 1.0*x5 + 1.0*x6 - (x4 + 2*x6)/(x1**4*x4**4)',8.028643028179516e-11,409,27,58,12,65536,paper,4,0,2342600226
60.16859744593967,'x4 + x5 + x6 - sin((-x6 + x9**sin(x10) + x9**sin(3*x5 + 26.6183))/(x3 + 144.631)**4)',4.8171855393519536e-11,409,28,58,12,65536,paper,4,0,1904449481
60.22323971404694,'x4 + x5 + x6 - cos(x2 + x4 + x5 + x6)/((151.243*x2 - 302.487*x3)*(x4 + x5)*sin(x3 - x6))',6.422914283765735e-11,409,29,58,12,65536,paper,4,0,1934709049
60.233722987934016,'-1.06344826355771e-12*22.613**x0 + x4 + x5 + x6 + sin(sin(5702.9*sin(sqrt(x4 + log(x0 + x4)) - (x4**2 - sqrt((x4**2*sin(x2 + log(x6) + log(x10*(x0 + log(x6))))**2)**x1))**2)**2*sin(sin(0.521049**(2*x4)*(-9.36649462070525e-6*x1**2 + 9.36649462070525e-6*x2**(2*x0)*x6 + 6.34228522251666e-5) - x2*x6 - x6 + (sin(1.14079e-5*x6**2) + sin(sqrt(x4 + 64498.3)))/x9**x1))/x3**4))',3.2114571418828675e-11,409,0,58,12,65536,paper,6,0,3324115916
60.259228462935425,'x4 + x5 + x6 + sqrt(x7)/(-(-0.0075097*sqrt(x10) - x10 + x5 + x9 - (0.908186*x10 - 0.908186*x6 + 0.908186*log(x10) + 46.6937)*sin(log(x4 + x5*(x10 + 69.6206) + 132.751)**(sqrt(x7))) + 3719.68)**2 - 343.548950195313) + sqrt(x7)/(69.62060546875 - (x5 - x6 + x9 - log(x10 + 296.449*x9 - 132.751) - sin(sqrt(x5)) - 95443.6381835938)**2) + sqrt(x2 + x3 + 1.74768)/(x6*(x10 + 69.6206) + sin((-331.472*x10 + 332.472*x6 - 17621.7)**2))',3.2114571418828675e-11,409,1,58,12,65536,paper,6,0,2811363264
60.00749398896005,'x4 + x5 + x6 + (x4 + x5)/(x2 + (x1/cos(cos(cos(x2 - x6))) + x3 + 0.600078)**2 + cos(cos(1.0*x1)) + 309.135 + (x1/cos(x1/cos(x1/x3 + 0.600078) + x1/(cos(x2 + 154.475)*cos(cos(1.66645*x1))) + x3) + 2*x3 + (2.55224*x1 + 1.66645*cos(x2)/cos(x2 + 154.475) + 1.66645*cos(x2 + 154.475))/cos(x2 + 154.475) + 1.0/cos(sqrt(x1/(x5 + x6) + x10 + x5)))**4/x5)',3.2114571418828675e-11,409,2,58,12,65536,paper,6,0,1884968544
60.20248412399087,'(x4 + x5 + x6)/(x0**(log(cos(cos(sqrt(x2 + x3 + x4))))/(x2 + (x10 + x4 + x6)*(x0**(sin((-17825.1*x2**2*sin(x6)**2 + x8/cos(x5) + 416.371)*cos(x4 + sin(x6)))/(x5 + (x3 + 133.511)/x9**2)))**(-sqrt(x2) - x2 - sin(x4) - sin((x4 + x5 + x6)*(x0**(sin(x2 + sqrt(x2 + x3 + x4))/(x10 - sin(x6) - cos(cos(x4)))))**sin(x2 - log(x2)))))))**(sin(x10**sin(x2 - log(x2))*(x4 + x5 + x6))/x3)',2.4085927696759768e-11,409,3,58,12,65536,paper,6,0,1859786275
60.170110621955246,'x4 + x5 + x6 + sin(sqrt(x7)/(-x11*(x5 + x6 + sin(x6) + cos(x1 + x2 + 89969.7169033028*(cos(x5) + 299.95)**2/(x2**2*sin(x4)**2))) + (299.95 + sin(x4)**2/(7.45673*x2**2*sin(x1)**2*cos(sin(x10))**2/x5**2 + cos(x5))**2)**2/sin(x4)**2)) + sin(sqrt(x7)/(x6 - (-76.926*x2/(sin(x6 + sin(cos(x10 + x2)))*cos(x5)) + x5**2)**2 + sin(175.185974121094/x2) + sin(x5))) + sin(x6 + sin(175.185974121094/x2) + sin(x5))*cos(x3)/(x7 + 299.95)**2',8.028642854707169e-12,409,4,58,12,65536,paper,6,0,3687649985
60.25714142806828,'x4 + x5 + x6 + (x8*sin(cos(x4 + x5 + x6 - 0.907736)) + cos(553.585042425751/cos(x9)))/(-x10 + x2 + x8*sin(x4 + x5 + cos(x6) - 534.449) + cos((x11 + x4)/(0.257564 - sin(x1))) - 65276.4)**2 + ((x2 + x4 + x5)**2*sin(cos(0.00537166*x10) - 65276.4) + cos(x4 + x5 + sin(x10 - x11 + 65183.899230957)**2))/(-x10 - 65183.899230957)**2',2.4085927696759768e-11,409,5,58,12,65536,paper,6,0,369133708
60.18860745197162,'x4 + x5 + x6 + 9.91111e-6*sin(x5*cos((x2 + x3)**cos(-0.799162**(x6 + sin(Abs(x3))**2/(x5*(x2 + 283.959) + cos(x4**(x2 - x9)) - 317.692)**2) + x4 + x5*cos(x10**(log(x3 + x4*x5 + x5*cos(x10**(-x9 + log(sqrt(x3) + x3**2 + 2*x3))) + x6 + cos(288.639*x4) - 832.038) - 6.57618)) + x6)) + x6)**2',4.8171855393519536e-11,409,6,58,12,65536,paper,6,0,2995172877
60.04428113007452,'x4 + x5 + x6 + (x1 + (-x2 + cos(x5))**2)/(-x4 - x6 + (x2 - x4 - log(cos((-sqrt(x7) + x9/x1)**2)**2) - cos(-x11 + x6 + 197.388427734375) + cos(x5 + x6)/(-sin(0.684726*x10) + cos(x10**cos(-x11 + x6 + 197.388427734375) - x2 + (-x3 - (sqrt(x4) + x6 - log(x3 + (-x2 - x3 + x5 + x6)**2 + sin(x6)))**2 + cos(x3**2/sqrt(log(2*x3**2 - x5 + 38962.2))))**2 - cos(x4) + cos(x5))/x2)**2 + (-x2 - x3 + x5 + x6)**2/sqrt(x4))**4)',5.620049911558844e-11,409,7,58,12,65536,paper,6,0,865305066
60.254278676002286,'0.0180115*x0*exp(2*cos(x3 + (sqrt(x0) + x4 + cos(2*sqrt(x0) + x3 + x6 + x8)**2 + 300.432)**2 + exp(sin(2.4374*x5**(1/4)))))/(x5 - x8) + x4 + x5 + x6 + (x1 + x4 + sqrt(x3 + log(sqrt(x0) + x7) + log(x0 + (sqrt(x0) + x6 + x7 + cos(x0 + x5 + x6 + sqrt(568.154*exp(2*cos(x4)) - 270490.0)*exp(-x5/2 - x6/2 - (exp(cos(x4)) - sin(sin(x11)))**2/2))**2)**2)))**2/x10**2',2.810024955779422e-11,409,8,58,12,65536,paper,6,0,404488628
60.0670465050498,'x4 + x5 + x6 - sin(sin(x6)**2*sin(sin(x2/(x4 + x5 + log(exp(-x5**2*sin(sin(x5/sin(sin(x4 + x5 + x6 + sin(sqrt(x0 + 152.853))))))*sin(sin(206.045*(x2 + x4 - x5 + x6)/sin(sin(0.780657/x6)))))) + sin(x1**2))))**2/(x4 + x6 + sin(x0*log(log(x2))*sin(exp(-506.967*x6))) - 5.44805 + exp(-506.967*x6) + exp(-506.967*x5**2))**2)',2.810024955779422e-11,409,9,58,12,65536,paper,6,0,2261209995
60.19825223099906,'x4 + x5 + x6 + x7*sin(x4 + x6 + 167.148)/(x10 - x3 - (x3 + x5 + exp(sin(log(x10 + 434.893*(x4 + x6)/x6)))**(x7 - log(x3 + x5)))**2 + sin(sqrt(x4)) - 327.091)**2 + x7*sin(x5 + 163.214)/(x11 - (x5 + (x5 + exp(sin(x7)) + 9.63928 + sin(x2)/(x10 + sqrt(x3) - x3 - (x2 + x3 + 0.357464)**2 - 327.091))**sin(x5*x6))**2 - cos(cos(sin(log(x8) + 282.79)))**(x2 - 159.586))**2',2.810024955779422e-11,409,10,58,12,65536,paper,6,0,4190266092
60.121316564967856,'x4 + x5 + x6 + 1.54434970231048e-6*exp(cos(sqrt(x10) + (x10 + sqrt(x10 - (4.80435e-56*x5*exp(-x5 - x6 + x6/(x2 + x6)) + x6**2)/x3))*exp(-x3)*Abs(x4 + x6)**(4*sin(cos(cos(x0))))/x3) + cos(sqrt(x10) + (x10 + sqrt(x10 - (4.80435e-56*x5*exp(-x5 - x6 + x6/(x2 + x6)) + cos(cos(x0)))/x3))*exp(-x3)*Abs(x4 + x6)**(4*sin(cos(cos(x0))))/x3))',8.430074693865919e-11,409,11,58,12,65536,paper,6,0,3160032368
60.07979223295115,'x4 + x5/cos(log(cos(6.00722/(x5*cos(sin(37781.9*(280.992309570313/sqrt(x6))**(2*cos(sin(37781.9*(x6 + log(x2))**log(x4)))))) + sqrt(x3 + x4 + x7) + 381.169 + 280.992309570313/x2)))/x4) + x6',6.021481924189942e-11,409,12,58,12,65536,paper,6,0,3269070126
60.28695148706902,'x4 + x5 + x6 + sin(x5 + sin(x11)/(x4 + 0.00507879*x5*(x4 + x5 + cos(sin(x5 + sin(x11)/(332.216*x11 + x4 + 0.00507879*x5*(0.577233**(x10**2) + x4 + x5 + 100.339) - x5 - x6)))**10067.9 + 100.339) - x6))/(x10*log(x6) - 332.216*x10/(sin(sin(x6 + exp(sin(sin(cos(exp(x0)))))))*Abs(100.339*x2*exp(-x0) + x4 - 2*x5 - x6 + 596.734741210938)) - x4 - sin(x4 + 2*x5 + sin(x10) - 114.968)*Abs(x1))',2.810024955779422e-11,409,13,58,12,65536,paper,6,0,3081541439
60.15215632901527,'x4 + x5 + x6 - 4.41226*x6/(x3**2*sqrt(2*x9 - exp(x1))*(x4 + 3*x5 + 2*x6 - Abs(x5 + 362.799)**(2*sin(x3)) - 637.726 + 1/(sin(sin(x4**2))*cos(x6*(x5 + x6)**2/x3)*Abs(x5 + 362.799)**(2*sin(x3 - sqrt(x5)/(0.226641*x2 + x6 + 0.226641*log(277.977*x2 + x6) - 13.3632) + 2*x5 + 2*x6)))))',1.6057285709414337e-11,409,14,58,12,65536,paper,6,0,3376120482
60.23447358200792,'x4 + x5 + x6 + ((x3 + x6)/sqrt(log(log(x3 + x6))) + exp(x1))/((x2 + x3 - 1.61292*x5*exp(cos(x9)/(x3 + x4 - 1.61292*x5*exp((x3 - 1.61292*x5*exp(sin(x5)/(x3 + 2*x6)))/(x4 + x5 + x6)) - 1.61292*x5*exp(cos(x4 - 310.349)/(x4 + x5 + x6)) + x6)))**2 - 1.61292*exp((x3 + x5*exp(-0.804779/(x4 + x5 + x6))/sin(x5)**2)/(x4 + x5 + x6)) + cos((x5 + x6)*exp(-x10)) - 310.349)**2',3.612889154513965e-11,409,15,58,12,65536,paper,6,0,2204291346
60.29395555192605,'x4 + x5 + x6 + ((x5 + 1.92647*exp(-x5**2 + cos(x3)) + 315.964)/(x11 + x5 - sin(x6 + 481.6) + 5189.27))**(2*x8 - 285.59) + 4.31149e-6*sin(x5)**2',7.627210668603723e-11,409,16,58,12,65536,paper,6,0,550243861
60.1044159369776,'x4 + x5 + x6 - (3.58663e-5*Abs(x4) - 4.60294e-5 + 3.58663e-5*exp(-0.622178*sin(x4**2))/sin(19.1042*sqrt(x6)) + 3.58663e-5*exp(-0.00180343*sqrt(x10))/cos(sqrt(x10)))**2 + 5.89982/(x9**2*sin(x2 + 291.611)**2 - 0.935601) - 134.232635498047/(x9**2*(-x2/(1364.44*exp(-2*x2 + 2*sqrt(x3) + 2*x3 + 2*sin(log(log(x3 + 217.605) + 291.611) + cos(x3 - x5) - 554.5) + 2*Abs(x4)) - log(x2**2)) - x4 - x5 + x6)**2 - exp(-0.00180343*sin(x2)))',4.014321427353584e-12,409,17,58,12,65536,paper,6,0,3606691181
60.08390726195648,'x4 + x5 + x6 + (107.12**(-x1 - 560.922119140625) + x6)/((x4 + 614.016)**2*(x4 + x5 + exp(x6 - Abs(x1)**(2*x0))**cos(Abs(x0 - 342.438)**(2*x1)) + x6*(x0 - 342.438)*(x4 + x6)**2/(x5**(exp(sin(x5**2 + (107.12**x1 + x6)/(x10**2*(x5 - 590.61))))**sin(x3 + x5**2))*(2*x4 + 614.016)**2))) + cos(x10)/(x6 + 614.016)**2',3.612889154513965e-11,409,18,58,12,65536,paper,6,0,1934392872
60.18980772304349,'x4 + x5 + x6*exp(-97.0082**(-0.00954071*cos(x2) - 4.22225)*sqrt(x7))*exp(-sqrt(-x3*exp(-x11) + x4)/x3**4.22225)*exp(-sqrt(x7)/((x6 - 14.4762)**exp(10.9717/(61.5648**((exp((x3 + 61.5648)/x10**104.814) + exp(sqrt(x7)/x3**4.22225))**(-104.814))*(x2 + exp(x6*(x3 + 61.5648)*exp(-sqrt(x5)/x3**4.22225))))**104.814))**4.22225)',6.021481924189942e-11,409,19,58,12,65536,paper,6,0,2148995112
60.08278301800601,'x4 + x5 + x6 + cos(x9)**8/(x4 + x5 + x6 + 278.822448730469*(x2 + x3 + log(x2 + x3 + log(x6**2)))/((x3 + 170.653)*(exp((x3 + cos(x9)**8/(x4 + x5 + x6 - 0.00334576*exp(x4 + 1.03478*(x5 + x6)/x5))**2)*sin(x8)) - cos(cos(x9))**2)))**2',6.422914283765735e-11,409,20,58,12,65536,paper,6,0,1592565386
60.183810236048885,'x5 + x6 - 5.98283e-6*cos(1.38416*x2 + x3 + x4 + x5 + cos(x3 + 2*x5 - (x2 + x3)**(1/8) + cos(sqrt(x6)) + cos((-x2/(1.46152e-136*exp(x5) - 533.533) + sqrt(x3) + 2*x4 + 2*x5 + cos((x2 + x3 + x6)/(x5 + x6 + sin(147.48*x10))))/(x5 + x6 - sin(473.686*x5 - 195531.0))) + Abs(x4) + 0.490311)) + Abs(x4) - exp(-241.343*sqrt(x5))',3.2114571418828675e-11,409,21,58,12,65536,paper,6,0,784044718
60.17281839007046,'x4 + x5 + x6 + 6.47714e-238*exp(x5) + 2.43522e-173 + sin(sqrt(23054.9*x4 + 23054.9*x5 + 23054.9*x6 + 23054.9*(x10 + x4 + x6)*sin(sin((x10**2 - 4.71633)/sin(x10 + x5)))))/(sqrt(x10)*(x3 + x4 + x5 + x6 - sqrt((x5 - 546.147)**2 + 23.3698*Abs(x5)) + 24.5742 - cos(x8)/(cos(x3) + 0.945121))**2 + (x10**2 + x3 - sqrt(x5 + x6) + 24.5742)/((x5 - 546.147)**2*(x5 + 1.0) + 0.882263))',4.014321514089758e-11,409,22,58,12,65536,paper,6,0,3980425317
60.227330117020756,'x2 + x3 + log(-x2 + sqrt((x1 + x2 - 0.00309149*x7*(sqrt(x7 + log(x5) - sin(x8) - sin(exp(x1)) - cos(x1)) - cos(x1))**x7/sin(x7 - cos(x10)) + x7)**2 + 164.42) - sin(x8))**sin(x1 + 65.1107) - sin((x2 + x7)**x1) + sin(sqrt(log(x3) - sin(x4)) - sin(x8)) + sin((x7 - cos(x8) + 2.19339)**x1)**2 - sin(log(x5)) - 3*cos(sqrt(x7)) - cos(x3 - sqrt(x7)) - (249.886 - x3)/(234.260040283203 - x5)',1.0370577573776245,409,23,58,12,65536,paper,6,0,3356806661
60.25306402298156,'x4 + x5 + x6 + 295.976257324219/(x2 - x3**2 + x3 + 3340.28826985136/((x2 + 83.199)**2*sin(x2 + (x2 + x3)*sin(x2 + sin(x4) + 9.12135) + sin(x2 + sqrt(x5 + 57.7952) + sin(x4)))**2) + (x2 + x5**2 + x7 + sin(cos(sqrt(x0))))/(11.4816**(x0*cos(sqrt(x1))) - 482.378143310547/(x2 + sqrt(x5 + 57.7952) + 3340.28826985136/((x2 + x3)**2*sin(x2 + sin(x4) + 9.12135)**2) + 3340.28826985136/((x2 + x3)**2*sin(x2 + sqrt(x5 + 57.7952) + sin(x4))**2)))**2)**2',4.014321514089758e-11,409,24,58,12,65536,paper,6,0,2765379632
60.31293006497435,'x4 + x5 + x6 - 5.22571e-6*cos(x1 + x2 + x4 + sin(sin(cos(x6 + sin(cos(x6 + cos(x6**2 + cos(x1/sqrt(log(x5)) + x6))))))) - cos(sin(x6**2 + sin(x6)) + 191361.0 - cos(x4 + log(log(x3)) + 2*cos(x11))/x4)/x4) - cos(x0 + x4 + x6 + x9)/((x5 - 143.523)*(x11 + x5 + x6 + (x5 - 143.523)**2*cos(x1 + x2 + x4 + 2*x5 + x6 - 1/(x5 + 2*x6)**155.24 + log(x5)**(1/4) - 5.78983)/cos(sqrt(x6))**2))',2.007160757044879e-11,409,25,58,12,65536,paper,6,0,1728356533
60.056520615005866,'x5 + x6 + sqrt(x4**2 + (x6 - x7)/(sin(sin(x2 + x5 + cos((x4**2 + sin(x2))**2 + Abs(x5)))) + 608.494 + (x5 + x6 + (x4 + log(x7**2)**2)**2 + 0.861586)/((-sqrt(x10) + x5**2 + x7)/Abs(x4) + sqrt(x3/sqrt(x6) + sin(sin(x2 + x7 + 0.561406)) + 608.494 + x6/x3)))**2)',4.415753526720856e-11,409,26,58,12,65536,paper,6,0,3533734220
60.26983809797093,'x4 + 2.82378e-8*x4/log(log(x0)) + x5 + x6 + log(cos(0.00279746*(-17.8362*x5 + 17.8362*(-x2 - 26.447509765625)*exp(cos(sin(x4))))*(x4/log(log(x0)) + x7)/(x5*(x10 - x4)))**2) + sin(x0 + x7)/((exp(x0) - 282.155)*(-x4*(-x2 + x6*exp(cos(x3))) + x6*exp(cos(x3)) - 591.692810058594)) + cos(x3)/((-x6 - 9.71433)*((-x0 - 591.692810058594)*(x0 - sin(x4 + x7 + cos(x6))) - 222.236))',3.612889154513965e-11,409,27,58,12,65536,paper,6,0,2342600226
60.130191105999984,'x4 + x5 + x6 + 6.20602e-6*exp(x5*sin(sin(sqrt(x2 + x3 + x5)))/(x3 + sqrt(x4) + (sqrt(x1) + x2 + x3 + 2*x4 + 2*x6 - 266.475)/(x1 + x2/(sqrt(x2 + log(x6**(1/4) + x6 + sin(x3))/x2)*(x5*sin(x4 + x5 + x6 + 4.57902e-120) + x6 - 266.475)*sin(x2)) + x5*sin(sin(sqrt(x2 + x3 + x5)))))) + 5.64904e-123*exp(sqrt(log(x5)))',5.2186178989277465e-11,409,28,58,12,65536,paper,6,0,1904449481
60.05007928109262,'x4 + x5 + x6 - Abs(sin(x3*(x2 + x3) + 100.301*x5 + 46287.8))/((x2 + x3*(x11*x3/((x0 + x5*(-x4 + (-x4 + x5/(101.001*x2 + 101.001*x3 + 3.62661e+6 + 10060.3*x3*(x5 - 568.92)/(x10*sin(x11 + x3 + log(x2 + x3)))))/cos(x0))*sin(x5) + x5)*sin(x3 + x5 + cos(x8) - 568.92)) - sqrt(101.001**log(x3 + x4 + 131.838 - 360.488*x3/(x11*sin(x11 + x3 + cos(x8))))) + 398.067199707031)/x10)*Abs(x5 + cos(x8) - 568.92))',3.2114571418828675e-11,409,29,58,12,65536,paper,6,0,1934709049
